batter,name,side,year,team,contact_vs_body_in,depth_in,off_plate_in,width_in,stance_angle,contact_vs_plate_in,front_turn0,front_turn2,back_turn0,back_turn2,stride_len_in,stride_dir,landed_angle,width_land_in,width_change_in,back_foot_move_in,swings,bat_speed,swing_len,attack_angle,attack_dir,path_tilt,chase,whiff,zone_contact,ev,sweet,xwoba_con,PA,K,BB,xwoba,xw_opp,xw_same,height_in,platoon_gap,PC1,PC2,PC3,PC4,arch,conf,chase_same,chase_opp,whiff_away,whiff_in,same_share,width_exp,off_exp,width_rel,off_rel,chase_2025,gap_away_in,n_recs,archetype,A,B,C,D,recs
691718,"Crow-Armstrong, Pete",L,2026,Cubs,38.1527406453956,32.54721801949397,25.159702614263477,23.028852614066267,1.1400675168245205,5.605522625901641,6.837076657111271,42.0507467628306,-0.09511909469343964,-9.301474236386836,24.46433330601141,-4.134505078616146,2.3978696778049895,42.2691204033949,18.513462331268656,5.958533483695308,1316,74.21755319148936,7.465653495440729,15.495674600098301,-6.781288870817798,34.72311462449876,0.34236615994712494,0.2455132806891601,0.8548571428571429,89.79745370370371,0.4050925925925926,0.4708329466357309,707,0.25742574257425743,0.11315417256011315,0.375781459688826,0.3976382194616977,0.32865282142857144,72,0.06898539803312626,-1.2927959099955333,1.9749335375764034,-0.3294824747776089,0.05200024000084668,3,0.8713389634215994,0.29411764705882354,0.3633776091081594,0.32222222222222224,0.21889400921658986,0.31950354609929077,29.70336523135245,27.549695322538916,-6.674512617286183,-2.3899927082754395,0.42045454545454547,0.10332821300563239,0,Square,False,False,False,False,
687263,"Neto, Zach",R,2026,Angels,38.84104080372396,16.446518476630374,20.76217821704525,39.29188753521349,-6.279369126530518,22.3945223270936,5.4895216295211045,36.94818700063962,-13.001324282701106,-17.889027006517594,5.403883437130448,-25.38871210221634,-2.606641568284962,37.53337051955213,-1.5495608987309595,8.471332434825456,1278,70.75500782472614,7.087480438184663,19.904321511841566,-7.223291674668144,39.61937542881642,0.37225806451612903,0.3118201595358956,0.8423028785982478,89.50330788804072,0.39185750636132316,0.401470737913486,680,0.3073529411764706,0.09264705882352942,0.3126490588235294,0.3397751016042781,0.3023598701825558,71,0.03741523142172232,2.1011105105369765,-1.835203284873555,-1.3856917740758372,-2.29338286063853,3,0.9221393707445322,0.37873462214411246,0.35436893203883496,0.3608815426997245,0.29310344827586204,0.7321559970566593,29.03220375891182,27.213725304233947,10.25968377630167,-6.451547087188697,0.2995670995670996,0.06777809442386246,0,Square,False,False,False,False,
518692,"Freeman, Freddie",L,2026,Dodgers,25.7922326683419,29.766414996404013,31.051181280932486,33.558727027103814,2.57658445043803,-3.9741823280621174,6.258596165689313,30.654825691617788,-14.09103711537061,-1.7803812271192792,11.521200222780331,-29.699732158653543,9.445804768245091,41.549725908213894,8.295763935884999,4.446634506257504,1279,69.37372947615324,6.644800625488664,6.764485919930199,3.9002758995423665,42.31432188178695,0.2908054169636493,0.21239606953892667,0.848087431693989,89.40087719298246,0.41885964912280704,0.40557017543859647,641,0.1747269890795632,0.1029641185647426,0.36614341965678626,0.381062911627907,0.3357387677725118,76,0.04532414385539518,1.9323443798457514,-0.19912878002853862,0.6881072188210605,-0.855265444533657,3,0.3165617902782921,0.29571106094808125,0.28854166666666664,0.2538293216630197,0.20575221238938052,0.32381667918858004,32.38801112111498,28.893575395758802,1.1707159059888355,2.157605885173684,0.28394039735099336,0.048077109273639174,0,Square,False,False,False,False,
666176,"Adell, Jo",R,2026,zMLB,27.128619282834425,25.578407034410994,27.513306273162982,39.605286358294784,-10.010460987420075,1.5502122484234249,7.177916687002048,47.048406697506714,0.3533448917316519,-6.177452014193871,10.093190419318859,-20.587087850080735,-3.8430167355413096,42.802977854212216,2.4693170487633225,6.623159399042496,1271,76.51172305271439,7.708339889850511,9.940065323984104,-4.845249587624667,35.394964104322895,0.3551542513167795,0.25862068965517243,0.8488372093023255,90.10997679814383,0.3433874709976798,0.3980232558139535,640,0.2421875,0.046875,0.32302965625,0.396075217877095,0.29466706290672456,74,0.10140815497037042,0.9528712201269686,-1.3357429781690604,0.21490382867337465,0.14878303390150843,1,0.9810840027217039,0.3507692307692308,0.3672316384180791,0.34582623509369675,0.1897018970189702,0.7204,31.045688176233718,28.22163535914886,8.559598182061066,-0.7083290859858771,0.32469775474956825,0.15612433807472656,0,Balanced,False,False,False,False,
621566,"Olson, Matt",L,2026,Braves,35.91138694146292,30.230117148317525,30.05788816405179,25.62859731953672,-16.723239772631125,5.681269793145383,-21.305484034273423,39.56154116400985,7.354780310538081,38.75647581511701,26.80583483379123,-17.0174127373859,1.033287734549925,43.90381050886789,15.014347514869694,10.369635279772133,1264,73.93386075949367,7.5540348101265815,9.737377453750328,-1.9303036762654493,33.65340934824649,0.27815934065934067,0.22338830584707647,0.8428417653390743,92.40812641083522,0.3340857787810384,0.43682618510158017,679,0.24889543446244478,0.09278350515463918,0.3508375905743741,0.36549658415841585,0.3293021963636364,76,0.03619438779477946,-1.5360184814712492,1.6455014415686313,2.0308260333692765,-1.1614567845460233,2,0.8587160921743203,0.2994652406417112,0.264804469273743,0.2857142857142857,0.19642857142857142,0.39372822299651566,32.38801112111498,28.893575395758802,-6.759413801578258,1.1643127682929872,0.24812967581047382,0.08928571428571427,0,Open-and-stride,False,False,False,False,
666182,"Bichette, Bo",R,2026,Mets,25.691689024565612,27.534006737451442,25.419961428011852,33.068789003463536,0.3723721206853331,-1.8423177128858341,-9.528993767128455,52.78978055704196,-9.143128976369148,15.657848324537682,6.184685924305374,14.202363018924034,-0.2526936327876211,33.836127772324524,-0.43114311014274165,7.364615886721662,1269,68.78045705279747,7.056501182033098,1.64425589842546,3.961679632207674,38.05581615333354,0.40955882352941175,0.1696562032884903,0.9167733674775929,89.5939879759519,0.39478957915831664,0.37375350701402804,672,0.18452380952380953,0.06845238095238096,0.32752315476190474,0.36039703783783783,0.3150351293634497,71,0.045361908474388146,1.506208897497802,1.0900533516830377,-2.7900347460342236,-1.03189589148321,3,0.9999999999948876,0.41331923890063427,0.40096618357487923,0.25,0.12698412698412698,0.7076556921856406,29.03220375891182,27.213725304233947,4.036585244551716,-1.7937638762220942,0.34962089300758215,0.12301587301587302,0,Square,False,False,False,False,
547180,"Harper, Bryce",L,2026,Phillies,32.233664257167234,24.57571546132966,29.404631909782296,31.96333040033458,-14.86966197997899,7.6579487958375605,13.48710714072577,37.23054148087722,-16.692249551951964,1.727935082517736,16.974983291685447,-24.671512199736238,-1.4181181880291802,38.93820196621389,8.062146073869382,6.428597463903236,1271,73.14461054287962,7.281982690794649,11.255133381623992,0.2362648493022714,37.19176786721983,0.32319894249834763,0.2862595419847328,0.8331303288672351,89.87862232779096,0.39429928741092635,0.43279334916864604,671,0.21460506706408347,0.15648286140089418,0.3806083517138599,0.4235174146341464,0.3132033103448276,73,0.11031410428931876,0.6638817052122169,-0.7160809252572211,0.6102873228459941,-1.1731301977089132,4,0.8469034979569835,0.33828382838283827,0.3131201764057332,0.3456561922365989,0.2692307692307692,0.4003015454202789,30.37452670379308,27.88566534084389,1.5888036965415004,1.5189665689384064,0.35714285714285715,0.07642542300582966,0,Wide-and-quiet,False,False,False,False,
683002,"Henderson, Gunnar",L,2026,Orioles,33.35174566798573,27.658228258441856,24.104434888393907,31.981348675482206,-5.951759140408105,5.693517409543878,-0.5242594523289933,38.2715449412485,-8.99910299624323,-15.675219458398082,19.055192560150832,-9.347067880905001,-0.09254907223151292,43.80792815079477,11.218927173748277,7.804176857625,1253,73.22913008778931,7.29608938547486,9.71562730143309,0.04125528331013452,31.877085166525085,0.3037974683544304,0.20740169622205087,0.8797687861271677,89.21724137931035,0.34698275862068967,0.3691400862068965,691,0.21852387843704776,0.09406657018813314,0.3228457192474674,0.3423153333333333,0.2819857219730942,75,0.06032961136023912,0.2188890478364319,0.7901930277282764,0.22042338493581684,-0.6059596174635735,1,0.8663293477878019,0.2997601918465228,0.3054726368159204,0.2297029702970297,0.2261904761904762,0.3081416575392479,31.716849648674348,28.55760537745383,0.264499026807858,-4.4531704890599215,0.2754777070063694,0.003512494106553521,0,Balanced,False,False,False,False,
664040,"Lowe, Brandon",L,2026,Pirates,34.92419123529814,27.390724938469873,24.808666848109056,20.71071323040458,-2.3309158940250523,7.5334662968282515,6.550585257136255,33.41503577872182,-10.12842530014196,5.88658959289518,27.0273572389648,-1.6446934388888934,-0.05795580070337975,43.78145008501591,23.07539758807606,4.662456955691475,1211,72.82204789430223,7.070189925681255,15.910239143112431,-3.0705533066937254,33.56454513531092,0.3371757925072046,0.3276661514683153,0.8135593220338984,91.01326530612243,0.3596938775510204,0.4253316326530612,639,0.2863849765258216,0.09389671361502347,0.32947305164319246,0.36289934862385326,0.25768061083743843,69,0.10521873778641483,-0.6388344121891574,2.2919607858672317,0.4850473948819493,-0.20726999648533037,3,0.8879565298918227,0.407673860911271,0.30690010298661174,0.3783783783783784,0.312807881773399,0.30558812035951544,27.689880814030552,26.541785267624004,-6.979167583625973,-1.7331184195149483,0.3239299610894942,0.06557049660497938,1,Square,True,False,False,False,"A: stand ~3 in DEEPER vs same-hand pitchers (chases 41% vs same-hand, 31% vs opposite) [moderate]"
701398,"Stewart, Sal",R,2026,Reds,28.46451276985387,21.28750570366412,29.780784068964945,33.8381598502769,-11.363033921905986,7.177007066189758,8.597868581862965,55.875427082215715,-9.499816015952016,0.9123281074039453,14.36047161561583,-22.69068875195656,-1.2749569524024682,42.11841528871148,8.559644190522157,4.253946125563418,1230,71.20626016260162,7.540487804878048,11.38541615714904,6.61357653539215,33.174348101129965,0.315450643776824,0.2381679389312977,0.8202764976958525,90.4083885209713,0.3708609271523179,0.41326710816777035,679,0.21796759941089838,0.09131075110456553,0.34159891016200294,0.35614575280898875,0.33643057085828343,73,0.01971518195070532,1.3457273721471783,-0.9773009550046784,0.5639365095195806,0.9930815116494158,4,0.9775705126708154,0.325,0.2914572864321608,0.27593360995850624,0.20843091334894615,0.7221807318894697,30.37452670379308,27.88566534084389,3.463633146483822,1.895118728121055,,0.0675026966095601,0,Wide-and-quiet,False,False,False,False,
676475,"Burleson, Alec",L,2026,Cardinals,32.43762476888659,31.961023482560773,21.564043376229503,21.11587706707751,-27.22918123815289,0.4766012863258093,31.02803122895777,54.75732627386211,0.2891837563736562,9.699659276576769,25.45099782838424,-4.37047879767248,-8.839745374207673,41.44200852093441,21.763447315706657,2.266071091251077,1233,72.77072181670722,7.643146796431468,13.632469433451837,1.323598310292676,36.39832326374655,0.37915407854984895,0.20625,0.8496143958868895,91.76569037656904,0.3598326359832636,0.421449790794979,656,0.17530487804878048,0.08384146341463415,0.37051266463414634,0.39963079028697573,0.30553477832512316,72,0.09409601196185258,-3.327589810648172,0.4463031823091791,-1.5455875243218244,1.978202456505141,1,0.996023932920241,0.3707865168539326,0.3822314049586777,0.22285714285714286,0.18042813455657492,0.2865400495458299,29.70336523135245,27.549695322538916,-8.58748816427494,-5.985651946309414,0.2906610703043022,0.04242900830056795,0,Balanced,False,False,False,False,
701538,"Merrill, Jackson",L,2026,Padres,30.158923632317567,26.799561043237013,27.774342954373445,24.243192365335542,0.8934750629507637,3.3593625890805536,4.780718956219712,26.08136191061432,-4.712257156279363,19.1346760846669,18.701853880597824,-9.3040158324588,4.471927497598264,34.57519311055449,9.769865097726225,9.752448331818414,1241,72.60225624496374,7.4683319903303795,9.2942292711582,1.2130349219984655,38.11894404466018,0.3731454005934718,0.24892703862660945,0.8402234636871508,90.77260579064588,0.40311804008908686,0.43635955056179776,651,0.23963133640552994,0.06144393241167435,0.344416356374808,0.35593115565031985,0.3147436043956044,74,0.04118755125471546,-0.3458904479642103,1.2128732870421577,-0.39965243088589913,-3.3892004529793778,3,0.985878521424089,0.3663663663663664,0.3753694581280788,0.26037735849056604,0.25054945054945055,0.27261857313670784,31.045688176233718,28.22163535914886,-6.802495810898176,-0.4472924047754141,0.3811188811188811,0.009827907941115488,0,Square,False,False,False,False,
656941,"Schwarber, Kyle",L,2026,Phillies,34.83156879247754,19.994364599379143,25.189000843866488,29.994049715358003,-7.883321425962224,14.837204193098398,12.372070637903112,44.76803231323409,-5.30630561302906,5.939484684408975,14.403300469730196,-21.610773054132913,1.5811358057695202,41.11593362429747,11.208064130466447,1.9709055371935305,1198,76.20826377295492,7.489816360601001,14.63550933088399,-9.163676369836402,29.340607428929584,0.2569620253164557,0.3005464480874317,0.8,92.29401709401708,0.39886039886039887,0.4922991452991453,679,0.31958762886597936,0.1487481590574374,0.36431179381443296,0.3529374579439252,0.38370707569721113,71,-0.030769617753285905,0.8631752834219028,-0.6978598802155668,-0.5754537815606497,0.48049109491593883,4,0.9749709050511899,0.2204585537918871,0.2773938795656466,0.35876288659793815,0.30788804071246817,0.3722677595628415,29.03220375891182,27.213725304233947,0.961845956446183,-2.024724460367459,0.21594475831763968,0.05087484588546998,0,Wide-and-quiet,False,False,False,False,
521692,"Perez, Salvador",R,2026,Royals,29.438298116025123,29.261308568677734,27.450034189111356,34.426552642286026,-23.85630049537173,0.17698954734739472,26.833496475550803,55.76680615852697,-6.741921406890072,12.520722237873319,15.421160828592747,-40.43887802225924,-5.04674741458056,41.4704657520626,8.583358200439875,0.6329570183446163,1228,70.74495114006515,7.684527687296417,11.311410046522942,-3.4205680465005392,34.5731383440048,0.44912012241775057,0.23854660347551343,0.8762886597938144,89.10884955752212,0.36504424778761063,0.3608893805309734,610,0.1918032786885246,0.03770491803278689,0.31012543606557375,0.33547527906976743,0.30017070319634703,74,0.035304575873420396,-0.4220337575831772,-2.257160903694556,-0.5757827849913575,2.0335456480435363,2,0.9995348146940333,0.4405888538380652,0.47191011235955055,0.31601731601731603,0.1543859649122807,0.7226406734603456,31.045688176233718,28.22163535914886,3.3808644660523086,-0.7716011700375027,0.421875,0.16163135110503532,0,Open-and-stride,False,False,False,False,
677800,"Abreu, Wilyer",L,2026,Red Sox,27.446932583504026,30.072247139889313,27.239826391385563,33.29698362092702,-27.257684660107458,-2.6253145563852813,2.6673439185288883,38.64646604495118,-0.43898677737986036,24.064872362960056,12.77712525306147,-47.56964546679032,-8.246120230471579,39.680242490478456,5.467415858186193,2.20734856296641,1238,72.98231017770598,7.126090468497577,7.449919948118596,1.6735810868307242,32.98774568522059,0.296373779637378,0.21670606776989756,0.8542654028436019,89.81314031180402,0.38530066815144765,0.4008281249999999,663,0.20512820512820512,0.10558069381598793,0.34896339064856713,0.34866560348583875,0.34963341176470586,70,-0.0009678082788671105,-0.4436116782767092,-1.8096602511567292,-0.5999261522902023,-0.15553328677030862,2,0.6820161859910137,0.26914660831509846,0.3091095189355169,0.2883435582822086,0.17994100294985252,0.3180462341536167,28.361042286471182,26.877755285928973,4.9359413344558405,0.3620711054565895,0.2879177377892031,0.10840255533235607,0,Open-and-stride,False,False,False,False,
695734,"Lile, Daylen",L,2026,Nationals,29.82695747030969,30.18133062416422,25.175072228269702,24.793121883323742,-13.19309940001497,-0.3543731538545334,4.578681998286886,45.259593307613606,-8.14062322514823,13.47645181081646,18.85471613780922,-16.043481486510277,-0.45443502853384404,40.75247177501568,15.719966451048503,2.872923994532386,1241,70.6989524576954,7.422884770346494,12.083641318504254,-0.8895835340642817,38.57195743582389,0.38102766798418974,0.21445042275172943,0.8789731051344744,88.44285714285715,0.39872068230277186,0.3795756929637526,645,0.19534883720930232,0.06201550387596899,0.32472019224806203,0.35004273773987205,0.25724136363636363,71,0.09280137410350842,-0.5979542062640673,0.7580816423131019,-1.0003217656851051,0.484360603993791,1,0.9926188143693367,0.4094955489614243,0.3706896551724138,0.2729044834307992,0.15594059405940594,0.27268871925360477,29.03220375891182,27.213725304233947,-4.239081875588077,-2.0386530759642447,0.2689210950080515,0.11696388937139326,0,Balanced,False,False,False,False,
607208,"Turner, Trea",R,2026,Phillies,30.223172332894688,26.78756912239184,30.54339503673125,41.58961344328977,2.423159531530917,3.4356032105028445,6.269737195229335,48.516529596623805,-33.368926471200396,-16.09173751067486,6.995907672750613,23.534357169846444,-1.8002308331941133,43.79606953465408,4.087628541021175,2.5961225585176773,1213,70.74798021434461,7.546496290189612,8.329929884725365,-3.274343740011219,25.302754264040953,0.3445501097293343,0.25698757763975155,0.8653610771113831,88.22753623188406,0.33126293995859213,0.33886956521739126,677,0.20974889217134415,0.07090103397341212,0.29516115214180205,0.3263895895196507,0.27919840178571426,73,0.047191187733936435,3.785950534956555,0.6294009498596749,0.11523943072029187,1.499063134266241,3,1.0,0.36860068259385664,0.3012295081967213,0.350104821802935,0.19782608695652174,0.648046875,30.37452670379308,27.88566534084389,11.21508673949669,2.6577296958873617,0.3104575163398693,0.15227873484641327,2,Square,True,False,True,False,"A: stand ~4 in DEEPER vs same-hand pitchers (chases 37% vs same-hand, 30% vs opposite) [moderate] | C: move ~2-3 in CLOSER to the plate (whiffs 35% outside vs 20% inside; 3 in farther off than typical for his height; watch inside pitches) [moderate]"
682928,"Abrams, CJ",L,2026,Nationals,33.330751833553435,28.76429129678359,29.18949679611912,30.31429240006685,-8.735697955831588,4.566460536769855,6.371219001949456,45.95982276268277,-6.390377989070502,7.6730085580443745,22.134685875923186,-20.23111892703447,3.5030927725270415,46.86112373979386,16.24705442560729,4.505900668999264,1195,72.26117154811716,7.651882845188284,13.69078310901058,-6.137772078037873,28.895483293042336,0.36696562032884905,0.27344992050874406,0.8396349413298566,89.63990384615384,0.3485576923076923,0.3982163461538462,640,0.2421875,0.084375,0.3295932875,0.35654468934240363,0.2698668140703518,72,0.08667787527205184,0.12419024934019603,0.41306043280322,1.6081078481415132,1.234104693313895,1,0.9940618109688301,0.4267352185089974,0.3424657534246575,0.3347457627118644,0.2494172494172494,0.30731904569348967,29.70336523135245,27.549695322538916,0.6109271687144009,1.639801473580203,0.3231871083258729,0.085328513294615,1,Balanced,True,False,False,False,"A: stand ~2 in DEEPER vs same-hand pitchers (chases 43% vs same-hand, 34% vs opposite) [moderate]"
624413,"Alonso, Pete",R,2026,Orioles,27.63776723958606,23.97085524943755,26.104805508267944,33.95625757073168,0.006668332057532686,3.66691199014851,-0.37030065404875095,40.3683896381433,-9.588416135706726,-6.308238719085369,12.82349275030133,9.426496171989,-2.483395254376374,43.54530219865717,9.059504942856215,3.6382893333957007,1191,73.82963895885811,7.1342569269521405,10.057121180521293,2.769388235019329,34.18471306632273,0.26746506986027946,0.2454328832406672,0.8422897196261683,93.92546728971962,0.3855140186915888,0.4882546728971963,683,0.24011713030746706,0.11420204978038068,0.3966207906295754,0.38110146666666667,0.40351097674418607,75,-0.0224095100775194,1.9311449282311621,0.9974077860936814,-0.14440206986959614,0.39688591997413775,3,0.9999998138839135,0.26666666666666666,0.2694063926940639,0.31462925851703405,0.21568627450980393,0.6976579134137686,31.716849648674348,28.55760537745383,2.2394079220573317,-2.4527998691858848,0.2742616033755274,0.09894298400723012,0,Square,False,False,False,False,
695657,"Montgomery, Colson",L,2026,White Sox,33.70363421488872,28.807572647750234,27.265209989763825,25.991980943850322,-11.295557266628256,4.896061567138489,-5.987830802074296,64.7159723357261,-8.240838779515071,-2.120535250068674,17.345644884932398,-23.18265678958041,2.6323618358579397,41.2264554035636,14.180767077538015,3.4474610626597784,1174,75.92538330494037,7.909454855195912,12.78680121031122,-8.51994132209652,32.8343011901895,0.3241542092840283,0.34120521172638435,0.8171779141104294,88.66626506024096,0.35843373493975905,0.4198825301204819,622,0.3520900321543408,0.08681672025723473,0.29974547909967847,0.2900208703703704,0.32185616842105264,75,-0.03183529805068225,0.032809329072614066,0.5242941818674867,-0.9647344569017159,1.5791729821793576,2,0.7454005395206467,0.31412103746397696,0.32792207792207795,0.367983367983368,0.3521505376344086,0.28375,31.716849648674348,28.55760537745383,-5.724868704824026,-1.2923953876900036,0.3087121212121212,0.01583283034895938,1,Open-and-stride,False,True,False,False,"B: go ~6 in WIDER, full-time (whiff 34%, 97th pct; width 26 in = 6 in narrower than typical for his 75-in height) [strong]"
672960,"Okamoto, Kazuma",R,2026,Blue Jays,30.114557050539062,27.13792185716864,27.865223266988114,23.34007572119048,3.816322971009675,2.9766351933704223,-5.476369236531636,35.806501505172605,-19.839723164165402,-17.453004404790615,23.18160699606623,11.699369886455827,-3.8309839136829518,43.35979451303375,19.914227751934718,3.1357304002913167,1162,72.14242685025818,7.9063683304647165,15.523927261668607,-3.9797118463094137,31.764680745790194,0.27554882664647995,0.3015484922575387,0.8041714947856315,90.56111111111113,0.3544973544973545,0.4214153439153439,617,0.2884927066450567,0.08914100486223663,0.3275405705024311,0.3668642944785276,0.313422140969163,73,0.0534421535093646,1.2743538573420858,3.0248502403904287,0.5125268151121999,0.11322323130112423,3,0.9999927500384035,0.2923387096774194,0.22492401215805471,0.38934426229508196,0.2506527415143603,0.738728323699422,30.37452670379308,27.88566534084389,-7.0344509826026,-0.02044207385577579,,0.13869152078072167,1,Square,False,True,False,False,"B: go ~6 in WIDER, full-time (whiff 30%, 90th pct; width 23 in = 7 in narrower than typical for his 73-in height) [strong]"
677594,"Rodríguez, Julio",R,2026,Mariners,33.385857203215835,20.960207906098834,29.546729168117345,33.365731417000084,-1.565320542777809,12.425649297117019,4.1870032094697,36.13344153132248,-15.705179235970716,-16.830659427723244,17.574081798622053,-0.4793833288915857,-0.8739234828992183,46.7183909805061,13.620138391825712,3.9583107004377456,1172,75.6509385665529,7.683788395904436,7.423154714911102,-3.7986286067284234,30.96876221727761,0.3817903596021423,0.25184577522559476,0.8680555555555556,90.40226757369614,0.3287981859410431,0.4000861678004535,636,0.22169811320754718,0.07232704402515723,0.33341644654088054,0.35414544723618085,0.32397692448512583,76,0.030168522751055027,2.324779436643404,0.7744214200114323,1.9677752101665356,0.4755683491096816,3,0.9984056603766901,0.3889541715628672,0.3684210526315789,0.33771106941838647,0.17015706806282724,0.6628643852978454,32.38801112111498,28.893575395758802,0.9777202958851063,0.653153772358543,0.3568596352101507,0.16755400135555923,2,Square,False,False,True,True,"C: move ~2-3 in CLOSER to the plate (whiffs 34% outside vs 17% inside; 1 in farther off than typical for his height; watch inside pitches) [moderate] | D: stand ~3-4 in DEEPER, full-time, for deeper contact (sweet-spot 33%, contact 12 in out front) [moderate]"
607043,"Nimmo, Brandon",L,2026,Rangers,29.70569437737962,26.636627589314426,29.485961637229263,26.617654137498796,-12.990073787879545,3.0690667880651965,11.415841062436856,33.8018329435112,-5.824447150736652,-0.5878602527367771,24.769697715004426,-16.5742421921392,1.2744691875613663,46.75869823608635,20.242163372498005,2.9290210841606314,1166,71.45188679245283,6.950943396226415,6.8562312754911074,3.428063938766243,29.309532705232076,0.29187396351575456,0.2062992125984252,0.8572984749455338,91.99516129032257,0.3709677419354839,0.4100046082949309,636,0.2248427672955975,0.07861635220125786,0.3432061823899371,0.35089048401826484,0.32620757575757575,73,0.024682908260689085,-0.2237879834466317,0.6779237132431164,2.124299650962354,0.7342432939446277,1,0.9887860044403738,0.2857142857142857,0.29439252336448596,0.2255125284738041,0.2413793103448276,0.2965489566613162,30.37452670379308,27.88566534084389,-3.756872566294284,1.6002962963853733,0.23874256584536957,-0.0158667818710235,0,Balanced,False,False,False,False,
572233,"Walker, Christian",R,2026,Astros,31.131819624577943,29.13514621723158,26.86428784647773,24.105326770915738,-15.703319592154488,1.9966734073463668,10.420195458825095,51.25461156215108,5.086336796007039,-2.9291665463282572,20.309636979770033,-19.94991068508149,0.5665248019294301,39.45556974780071,14.509447855863684,4.013070853557686,1142,73.6338003502627,7.39877408056042,7.5671353622627615,-5.0020189254993115,28.614247905998912,0.31619339984650807,0.26611570247933886,0.8533834586466166,88.8628640776699,0.3276699029126214,0.3485412621359223,613,0.233278955954323,0.07830342577487764,0.29988172267536706,0.3085569645390071,0.2972901779661017,71,0.011266786572905418,-1.6338171042771892,0.1623089726495382,-0.7545496131116348,0.5585222846685368,1,0.9744607200637917,0.32732732732732733,0.27960526315789475,0.34743875278396436,0.21715817694369974,0.7694548481065335,29.03220375891182,27.213725304233947,-4.926876987996081,-0.34943745775621693,0.2851373182552504,0.13028057584026462,1,Balanced,False,True,False,False,"B: go ~6 in WIDER, full-time (whiff 27%, 73th pct; width 24 in = 5 in narrower than typical for his 71-in height) [strong]"
592518,"Machado, Manny",R,2026,Padres,31.778855814516746,28.47591595437495,31.011158615713864,27.91926726338924,-44.28518215400044,3.302939860141787,41.871737743285344,40.611754456767464,3.102820748079978,36.48626373834285,29.65569980754082,-28.95691640985236,-5.14916945263796,39.67443475321164,13.77032802957001,6.191669971575651,1146,74.03123909249564,7.851657940663176,7.0998667387165755,-1.55413441688984,26.248531793143282,0.30267921795800146,0.23083131557707828,0.853836784409257,89.81753986332572,0.3462414578587699,0.37143378995433785,658,0.21124620060790272,0.11550151975683891,0.32798188449848026,0.32292316981132074,0.3295937795591182,74,-0.006670609747797485,-3.529406764911027,-1.7250753612009966,1.8488193961653723,-0.07699804885536977,2,0.9999999983616839,0.2962962962962963,0.3211267605633803,0.3248407643312102,0.178743961352657,0.751531393568147,31.045688176233718,28.22163535914886,-3.126420912844477,2.7895232565650048,0.29808429118773944,0.14609680297855318,1,Open-and-stride,False,False,True,False,C: move ~2-3 in CLOSER to the plate (whiffs 32% outside vs 18% inside; 3 in farther off than typical for his height; watch inside pitches) [moderate]
671056,"Herrera, Iván",R,2026,Cardinals,33.80958817110785,30.77407791909912,27.17836600964315,35.66194735208628,-42.13382504946803,3.0355102520087422,-0.8160041540359114,38.20844783812947,4.6110644369451945,-4.566285776160451,30.373638985303714,-45.73077397078573,-0.31027469576871636,43.05106971373268,7.624078075029566,7.066806127661458,1146,72.76204188481675,7.611867364746947,6.708575557551439,-1.7739027872191113,30.642153516673467,0.282863041982106,0.19286871961102106,0.8879415347137637,89.40984682713349,0.31947483588621445,0.34717543859649125,696,0.1882183908045977,0.10632183908045977,0.33103035057471264,0.3732343396226415,0.312544305785124,71,0.06069003383751753,-2.693045432340918,-1.5005672514285506,1.720881037029152,-0.4360425200028353,2,1.0,0.29547844374342797,0.2589641434262948,0.23032629558541268,0.1790633608815427,0.6712913553895411,29.03220375891182,27.213725304233947,6.62974359317446,-0.035359294590797674,0.2494331065759637,0.05126293470386997,0,Open-and-stride,False,False,False,False,
646240,"Devers, Rafael",L,2026,Giants,29.443963207378854,25.40208603237506,25.549368747522763,34.999098393799194,-65.96859791984309,4.0418771750038,14.207419111315259,38.18957938419034,2.1431050858369503,-0.8435880008434997,40.647128982486215,-40.20125495493254,-6.297367833032968,43.84744681357667,9.291617820974054,2.3854426686428676,1187,70.92839090143218,7.471777590564448,9.096258228849855,5.950773667273903,30.598237253665616,0.2994849153789551,0.26612244897959186,0.7775061124694377,92.84725000000002,0.32,0.4215925,633,0.25434439178515006,0.10900473933649289,0.3415583823064771,0.3771310702179177,0.27477874545454545,72,0.10235232476337225,-2.654549019112577,-1.9197510903529,1.6540227443904931,0.7937716985092997,2,1.0,0.32894736842105265,0.28460686600221485,0.3103448275862069,0.21119592875318066,0.35042081101759753,29.70336523135245,27.549695322538916,5.295733162446744,-2.000326575016153,0.2585987261146497,0.09914889883302624,0,Open-and-stride,False,False,False,False,
678246,"Vargas, Miguel",R,2026,White Sox,35.51086575457455,31.839172505910227,26.87279212742619,22.892773600583904,-6.80399095196652,3.671693248664315,11.225171904356616,46.84651304051878,-9.499185113903495,-20.86116047179514,25.87323615738753,-4.918208379986867,-0.6258492173256829,43.770291973440564,21.209629252695077,4.483069340546648,1148,73.03588850174216,7.75287456445993,12.549929720608072,-3.3497209412822,34.12597341555381,0.20985010706638116,0.1751886001676446,0.8641425389755011,90.21312910284465,0.3982494529540481,0.413218818380744,685,0.1781021897810219,0.1416058394160584,0.3808993284671533,0.41351531372549016,0.36706635343035343,74,0.04644896029513673,-1.0027225687730525,1.7604289351712232,0.3090869887699189,0.9918552215032426,1,0.9394868719572529,0.21063189568706117,0.2079207920792079,0.23155737704918034,0.12923076923076923,0.6991929567131328,31.045688176233718,28.22163535914886,-8.152914575649813,-1.3488432317226682,0.21524663677130046,0.1023266078184111,0,Balanced,False,False,False,False,
666018,"Aranda, Jonathan",L,2026,Rays,26.426257550325875,26.431610758091754,29.750318352561237,32.11224321357279,-14.893528445706684,-0.0053532077658709765,9.12357997344055,30.252959343339114,-12.199871643785844,0.8026023715039081,17.142374301961823,-44.2935348840122,5.0035168738491125,42.49133387239314,10.783697504710055,0.6421077032354295,1155,69.44147186147185,7.0648484848484845,7.677432897606283,6.275463241394899,34.69901552665517,0.28910303928836173,0.19474116680361545,0.8526187576126675,91.08325358851675,0.39952153110047844,0.4095635491606715,653,0.23889739663093415,0.10107197549770292,0.3444432465543645,0.35768339445629,0.31069526086956517,72,0.04698813358672482,0.9723749649868887,-1.1364383181638955,0.9790006884972622,-0.007739062595293305,2,0.6033828523450084,0.24641833810888253,0.304,0.18888888888888888,0.22135416666666666,0.28445297504798467,29.70336523135245,27.549695322538916,2.408877982220339,2.200623030022321,0.28038507821901326,-0.03246527777777777,0,Open-and-stride,False,False,False,False,
683737,"Busch, Michael",L,2026,Cubs,33.31719758474635,29.799483302117423,27.42225582609291,30.242217695809277,0.09080524299672543,3.5177142826289374,19.545295018581495,38.28502346465676,-8.21332820031818,-10.535581879910321,15.97704184575893,-12.525532489419792,4.584906592018791,41.12573155978948,11.795233442558903,3.964366134915342,1112,67.89406474820143,6.977787769784173,14.671587047614643,-1.8900310935608402,34.012094143114396,0.24878387769284224,0.2380151387720774,0.8628158844765343,88.24131455399062,0.36384976525821594,0.36859389671361503,693,0.23088023088023088,0.13131313131313133,0.33070320923520924,0.3272046072874494,0.3393881809045226,71,-0.012183573617073229,0.41027741670656376,0.23733718648610516,-0.26743351496253626,0.04639449552354323,3,0.574790185433947,0.22727272727272727,0.2563380281690141,0.2765957446808511,0.22493224932249323,0.27312454479242537,29.03220375891182,27.213725304233947,1.2100139368974574,0.2085305218589646,0.22965641952983726,0.05166349535835785,0,Square,False,False,False,False,
691023,"Walker, Jordan",R,2026,Cardinals,31.55008457553349,26.42970345272905,32.29715581553948,22.48660038808266,-0.8439670741433528,5.120381122804441,15.978290637577887,44.61928874425149,-19.946917004869878,-11.455732431637797,26.936209188974495,-2.599560367024816,1.181516187220632,44.86887144906754,24.031953169217317,3.6892118127691735,1143,78.25494313210848,8.347594050743657,6.364437145560689,-5.652312429277347,28.972692705469424,0.3575418994413408,0.29528535980148884,0.8147174770039421,92.65878220140516,0.3372365339578454,0.4326627634660422,647,0.2581143740340031,0.07573415765069552,0.34249714992272023,0.4088921871345029,0.3186451512605042,78,0.09024703587399874,0.6241064665827433,1.884127940153632,2.0738982643583452,1.0885080205865374,3,0.997529514001673,0.3704545454545455,0.32707774798927614,0.3958333333333333,0.21841541755888652,0.7199312714776632,33.730334065996246,29.565515432368745,-11.243733677913585,2.7316403831707383,0.3447015834348356,0.1774179157744468,2,Square,True,False,True,False,"A: stand ~4 in DEEPER vs same-hand pitchers (chases 37% vs same-hand, 33% vs opposite) [moderate] | C: move ~2-3 in CLOSER to the plate (whiffs 40% outside vs 22% inside; 3 in farther off than typical for his height; watch inside pitches) [moderate]"
678882,"Rafaela, Ceddanne",R,2026,Red Sox,30.19182646269939,29.784919186369024,25.541690323652173,22.66666633614539,-10.989962035723376,0.40690727633036966,-1.1843622009327375,37.1718987847661,1.1093644321619356,17.040874481748872,16.684729793994862,-17.433552755243277,1.1034647140883347,37.658164215136736,13.52926216940861,3.802689237447196,1139,68.58656716417912,7.216242317822651,7.947806945388533,1.0390350628139593,31.93571179849784,0.45185185185185184,0.22953586497890296,0.860832137733142,85.89572446555819,0.36104513064133015,0.33082577565632454,569,0.20210896309314588,0.03690685413005272,0.2829930685413005,0.2791028187919463,0.28437318095238096,70,-0.0052703621604346385,-0.9231334795700081,0.8801272827720824,-1.4044405354074114,-0.8905423074670339,1,0.6392281698494671,0.45569620253164556,0.4413793103448276,0.30632411067193677,0.17548746518105848,0.7285506543868153,28.361042286471182,26.877755285928973,-5.694375950325792,-1.3360649622768008,0.4184938036224976,0.13083664549087828,0,Balanced,False,False,False,False,
668227,"Arozarena, Randy",R,2026,Mariners,29.598023922973475,21.612293598906348,24.29493948116957,19.186164642264927,4.92169315385881,7.985730324067124,-1.3079392584255203,32.50966450825983,-8.389728873717912,-2.570676827794504,28.95032625302661,-2.3888514482872565,3.4654402591715896,44.7136608774625,24.764157621947703,5.282462472491577,1111,70.11170117011702,7.16993699369937,7.428278131666453,4.342873174226858,26.66407671900056,0.303202846975089,0.2413223140495868,0.7905491698595146,90.8748201438849,0.3645083932853717,0.38796875,648,0.21296296296296297,0.10185185185185185,0.3523741358024691,0.3545936559139785,0.3514805627705628,70,0.003113093143415735,-0.06847962765825216,2.663249884427617,0.9828348282808109,-0.5566547491686442,3,0.9999904388181121,0.3027698185291309,0.30446927374301674,0.26825127334465193,0.2648221343873518,0.726006774557772,28.361042286471182,26.877755285928973,-9.174877644206255,-2.5828158047594023,0.25226480836236936,0.0034291389573001263,0,Square,False,False,False,False,
671739,"Harris II, Michael",L,2026,Braves,31.26156778832949,29.81565768574007,28.409569996921334,21.69560504564437,-27.457878273694323,1.4459101025894292,-17.718214948868024,38.948104854102084,-4.814446058241433,10.952551788992638,25.556855133157647,-25.246486329439843,2.355557483128582,41.31496720923579,18.147417617084386,3.2556846037332683,1144,74.05463286713287,8.095017482517482,6.991823872537699,-0.7282034906153749,31.13823418195578,0.448334756618275,0.21916666666666668,0.9155555555555556,89.75075921908893,0.3275488069414317,0.40908714596949897,609,0.1921182266009852,0.03776683087027915,0.3372712906403941,0.3515094639175258,0.31227395475113123,71,0.03923550916639457,-1.265171674900922,1.2749108648329581,0.5114805551592903,-0.22496775991586826,2,0.9892746203382211,0.4396984924623116,0.45278137128072443,0.2576419213973799,0.20649651972157773,0.35557629491367243,29.03220375891182,27.213725304233947,-7.336598713267449,1.1958446926873876,0.4324817518248175,0.05114540167580217,0,Open-and-stride,False,False,False,False,
650490,"Díaz, Yandy",R,2026,Rays,28.625373016756576,28.4156670071411,30.271190532060796,28.74810703376345,-29.063636142365027,0.20970600961548236,28.93123057141304,33.73620713623106,8.317509611053008,-10.021597204858198,27.201861298585214,-25.515365742239695,-2.5108089595982968,44.14214658826053,15.736526821865993,5.450273251682855,1157,72.53880726015556,7.549783923941227,1.4758025525160432,8.250938181738412,23.61850245673076,0.292415949960907,0.12521008403361344,0.9102091020910209,90.91456692913385,0.31496062992125984,0.37164624505928845,673,0.14561664190193166,0.08172362555720654,0.34870521248142644,0.357178404040404,0.3451732294736842,72,0.012005174566719845,-2.4861415380050826,-0.9276301031470515,2.356600147110099,0.16112373701953253,2,0.9997498523647876,0.28125,0.3185378590078329,0.14285714285714285,0.11845102505694761,0.7033663366336633,29.70336523135245,27.549695322538916,-0.955258197589,2.72149520952188,0.23832923832923833,0.024406117800195234,0,Open-and-stride,False,False,False,False,
663586,"Riley, Austin",R,2026,Braves,35.30430129998632,28.9719390537913,29.002169453058652,29.611270777543083,-8.439707707499217,6.332362246195016,9.431893264247,36.456822939204855,-0.11945100680541938,3.128398835442059,20.1143486474164,-5.4714921967665635,-2.8554864629726655,43.06119900165314,12.942545548344512,9.478086196748743,1137,74.92163588390501,7.501055408970977,10.605600062456006,-3.421961122688812,31.32842715781821,0.3253909158600149,0.2891666666666667,0.8217562254259502,91.16305555555554,0.35,0.39402499999999996,610,0.3163934426229508,0.07540983606557378,0.29788267540983604,0.30409122222222223,0.29528374883720926,73,0.008807473385012976,-0.6255525621885105,0.7498504626732324,1.3723763176773376,-0.933467363678505,2,0.6009265912633278,0.3303370786516854,0.31567328918322296,0.40976645435244163,0.1958762886597938,0.6857490864799025,30.37452670379308,27.88566534084389,-0.7632559262499967,1.1165041122147628,0.2842227378190255,0.21389016569264782,2,Open-and-stride,False,True,True,False,"B: go ~4 in WIDER, full-time (whiff 29%, 84th pct; width 30 in = 1 in narrower than typical for his 73-in height) [strong] | C: move ~2-3 in CLOSER to the plate (whiffs 41% outside vs 20% inside; 1 in farther off than typical for his height; watch inside pitches) [moderate]"
686948,"Baldwin, Drake",L,2026,Braves,29.584484640529173,27.614478039557834,28.827675334324997,31.174780902206535,-17.949701185281832,1.970006600971346,25.418175028174012,44.75530432725312,4.0168719101367625,-9.567051382586106,26.126417346740773,-29.756096156114655,3.864077302271687,45.40003152434082,14.721701380653595,6.5839986276661016,1130,74.32044247787611,7.279115044247788,11.62206680052016,5.088049436656911,34.20079667012187,0.342443729903537,0.23200677392040644,0.8516556291390729,91.36138613861387,0.38613861386138615,0.4338787128712871,596,0.21644295302013422,0.09228187919463088,0.36735973825503354,0.38298803174603174,0.3402611376146789,72,0.04272689413135283,-1.6557526398103997,-0.9424389310514824,2.005064806778746,0.7396162565476652,2,0.9684091368322104,0.3357664233576642,0.3457382953181273,0.26894865525672373,0.23058252427184467,0.33763440860215055,29.70336523135245,27.549695322538916,1.4714156708540855,1.277980011786081,0.2893226176808266,0.038366130984879065,0,Open-and-stride,False,False,False,False,
643289,"Dubón, Mauricio",R,2026,Braves,27.646754493832425,31.227635281788725,27.828751334890143,29.974341389819752,-39.91122454817313,-3.5808807879563065,18.077109235317526,52.96349288390684,-10.015253910927285,16.918059053381313,22.649485755942315,-36.3287840948473,-4.226295461520802,37.54711534368985,10.304656672357751,14.167810762703288,1133,68.25172109443953,7.601235657546338,3.5412770233172357,1.8657033734357733,30.24148889389926,0.37761069340016706,0.13984835720303285,0.9129251700680272,86.26008230452675,0.38271604938271603,0.31866597938144336,602,0.1212624584717608,0.05647840531561462,0.3048536079734219,0.2963577391304348,0.30930587341772153,71,-0.01294813428728675,-2.6021670227817575,-1.5005098377331285,0.1812725138173371,-0.8866475686203106,2,0.9889356258228341,0.38922888616891066,0.3526315789473684,0.2,0.12195121951219512,0.6711772665764547,29.03220375891182,27.213725304233947,0.9421376309079328,0.6150260306561961,0.3504531722054381,0.07804878048780489,0,Open-and-stride,False,False,False,False,
805808,"McGonigle, Kevin",L,2026,Tigers,34.91702035678176,29.127745956102757,28.248136472336697,35.811730995430096,3.054118648376587,5.789274400678995,6.300377180249476,59.60764947340742,-15.770584293270801,-17.84333252781982,16.529621219412334,-17.542176088428448,7.631961410113226,44.987991634210154,9.636686907240907,7.145125399792535,1129,70.39282550930027,6.8914083259521695,14.803441450715237,2.077331651706835,36.26039327194523,0.1934566145092461,0.14067796610169492,0.9085903083700441,87.8798387096774,0.375,0.3591592741935484,692,0.13728323699421965,0.13583815028901733,0.3550537341040462,0.37700093877551016,0.30181546534653464,69,0.07518547342897552,1.4181583461644558,0.12421298310617215,0.5022831979002224,1.2869905114427425,1,0.9446183465224302,0.20654911838790932,0.18830525272547077,0.20202020202020202,0.09948979591836735,0.2833935018050541,27.689880814030552,26.541785267624004,8.121850181399545,1.7063512047126927,,0.10253040610183467,0,Balanced,False,False,False,False,
701807,"Benge, Carson",L,2026,Mets,34.243706245189216,28.16827600887811,25.927405417392396,33.850662070422715,-7.970398911787951,6.075430236311091,2.0477576347845545,54.33973416640081,-9.060117519381578,-16.643886221952148,20.845790735144924,-34.78574409598092,8.027787829070725,43.89969637962721,9.85133793862289,7.712641512854361,1102,70.22767695099817,6.531397459165155,6.181643724812657,3.5385883735628045,34.027267018221536,0.2795031055900621,0.19982920580700256,0.8779284833538841,88.60414746543778,0.4055299539170507,0.4008571428571428,631,0.21711568938193343,0.07606973058637084,0.33904923613312205,0.3378801842105263,0.3420954514285714,73,-0.0042152672180451045,0.012822579737133244,-0.46546233992021907,0.42644627653245076,0.4573069269776476,2,0.5572956595776963,0.24930747922437674,0.2912621359223301,0.2816326530612245,0.15476190476190477,0.2920388349514563,30.37452670379308,27.88566534084389,3.4761353666296344,-1.958259923451493,,0.1268707482993197,0,Open-and-stride,False,False,False,False,
677649,"Duran, Ezequiel",R,2026,Rangers,28.870649319064228,28.359428191457173,26.599108262729228,27.033041907221175,-10.746263814721832,0.511221127607056,5.585884480017349,31.160089558372707,-11.767030854130436,23.492037121569183,20.704920234859507,-14.90254439683633,0.3660194746153109,42.944914478520204,15.999708266514745,7.712768803897205,1101,71.78555858310627,7.137783832879201,6.701451469180901,3.303408664751135,28.951849646200127,0.35357737104825293,0.24054982817869416,0.8619756427604871,87.68431876606682,0.37017994858611825,0.3573350515463918,579,0.23488773747841105,0.07772020725388601,0.3019490155440414,0.3396907826086957,0.2874121148325359,70,0.05227866777615975,-0.26417298707011727,0.8838483588783703,0.8949066028335088,-1.1851249440535687,2,0.9710269957750415,0.37648456057007124,0.3,0.3326530612244898,0.1694915254237288,0.6997342781222321,28.361042286471182,26.877755285928973,-1.3280003792500068,-0.27864702319974555,0.3677581863979849,0.16316153580076098,1,Open-and-stride,True,False,False,False,"A: stand ~2 in DEEPER vs same-hand pitchers (chases 38% vs same-hand, 30% vs opposite) [moderate]"
668930,"Turang, Brice",L,2026,Brewers,31.29665000843021,31.396021060136125,25.159209248610495,25.296042933043264,0.4918317681794554,-0.0993710517059161,-3.348184129933424,40.194857335754065,-5.482117417337761,17.205403861905257,17.681483375040973,-10.864534585123051,4.873194939831256,37.99037475952535,11.566671448223396,6.7861595763635645,1100,69.28509090909091,6.712909090909091,8.01697800773589,10.430268037838902,35.41448790644694,0.24788732394366197,0.20819397993311037,0.8527315914489311,88.78424999999999,0.3875,0.40671139240506327,663,0.248868778280543,0.13423831070889894,0.33945144494720964,0.3603213134328358,0.28899800000000003,72,0.07132331343283577,-0.3230756302359229,1.4750836971220853,-1.3528759960718166,-1.2242973830485693,3,0.5071519238406029,0.22055137844611528,0.25857002938295787,0.2699530516431925,0.1595744680851064,0.2958199356913183,29.70336523135245,27.549695322538916,-4.407322298309186,-2.3904860739284217,0.2357032457496136,0.11037858355808611,0,Square,False,False,False,False,
663656,"Tucker, Kyle",L,2026,Dodgers,28.336358100488457,29.836647610084018,27.03599267683334,34.86381896410649,-0.7340646894014158,-1.5002895095955602,6.901718988501837,37.631094947373526,-10.103877997159124,-3.880626598045438,10.484018622264031,-16.931226335782238,3.3408040349136323,40.60012232651891,5.800898982976555,4.30248568452252,1082,70.81146025878003,7.2775415896487985,9.639424359408752,-5.973274163073616,36.335999468884616,0.23510204081632652,0.18739205526770294,0.8816091954022989,88.70284360189574,0.36492890995260663,0.3457180094786729,607,0.16803953871499178,0.12685337726523888,0.3320786359143328,0.33136237176470584,0.3337512307692308,75,-0.002388859004524957,1.3553448632527565,-0.1554112906094384,-0.6949486820336371,-0.3655276185708025,1,0.497043848649946,0.22714681440443213,0.23842592592592593,0.22528735632183908,0.17888563049853373,0.29658901830282863,31.716849648674348,28.55760537745383,3.1469693154321448,-1.5216127006204871,0.17636526410026857,0.046401725823305345,0,Balanced,False,False,False,False,
691406,"Caminero, Junior",R,2026,Rays,37.69290937102241,27.814842518303962,29.187264367145985,28.21904746204985,-31.184724307855056,9.878066852718456,7.182455900747475,38.74905581703478,9.375477271764952,8.719249717570104,31.39634089970317,-27.434875550881557,-0.007054065293314565,44.667615662236514,15.352200606877137,10.167986147296574,1118,78.4345259391771,8.708318425760286,8.366715767050435,-6.674448808782633,24.70230568407248,0.30564784053156147,0.2126387702818104,0.8771186440677966,92.61446540880505,0.2851153039832285,0.40628781512605044,689,0.18287373004354138,0.11320754716981132,0.3596785950653121,0.4002516230366492,0.344117453815261,73,0.0561341692213882,-2.9254032658496674,-0.20466182014589807,2.7678709673729585,-0.6973754559007902,2,0.9999711950488244,0.3238007380073801,0.2589073634204275,0.27155172413793105,0.1650485436893204,0.7114741923505384,30.37452670379308,27.88566534084389,-2.1554792417432296,1.301599026302096,0.3173605655930872,0.10650318044861065,1,Open-and-stride,False,False,False,True,"D: stand ~3-4 in DEEPER, full-time, for deeper contact (sweet-spot 29%, contact 10 in out front) [moderate]"
670623,"Paredes, Isaac",R,2026,Astros,35.98172557795769,30.852972427994867,24.697137770031564,29.86884239080419,-38.426566521606695,5.128753149962839,22.84599190058486,33.89169384253293,8.473000930021273,20.609879576089032,25.593624505639657,-42.29126764950209,-1.6736648476464016,36.99747597048308,7.018856407570254,8.782595058856936,1099,66.40891719745223,7.705732484076433,14.38530876116206,-11.500625105991727,34.240594615240674,0.2712659075686537,0.14157851912123678,0.9089805825242718,85.99222462203022,0.39956803455723544,0.31086393088552916,638,0.13322884012539185,0.10658307210031348,0.32177680250783697,0.332929385620915,0.3182585649484536,71,0.014670820672461393,-3.844987846524203,-1.8742037040046327,-0.06872407485779565,-1.8501278602930078,2,0.9999987830241073,0.258008658008658,0.3165680473372781,0.19180633147113593,0.08361204013377926,0.7734845799361928,29.03220375891182,27.213725304233947,0.8366386318923702,-2.516587534202383,0.21443298969072164,0.10819429133735667,0,Open-and-stride,False,False,False,False,
682998,"Carroll, Corbin",L,2026,Diamondbacks,34.42483797905088,29.99586634850714,30.920672729956436,25.00452196655005,-5.741569820720391,4.42897163054374,15.643432828019375,35.538879662304936,2.7466693029070344,-36.925457287062756,29.580899110843195,-11.335093927435413,3.5317350059051975,46.547923358158926,21.322688742875794,7.663306801122032,1106,74.75714285714285,7.460759493670887,10.535428208077397,1.288735071416458,25.929548239413137,0.2959479015918958,0.2504317789291883,0.8117489986648865,91.84401913875597,0.30861244019138756,0.4019641148325359,650,0.22615384615384615,0.11076923076923077,0.3443980676923077,0.338954927927928,0.3561298834951456,70,-0.017174955567217653,-1.433064949129559,1.3108555752857893,2.8026783235846127,0.05862724708881147,1,0.9976028421080055,0.26987951807228916,0.30713547052740436,0.3183098591549296,0.2292576419213974,0.30511119781506046,28.361042286471182,26.877755285928973,-3.356520319921131,4.042917444027463,0.31796875,0.08905221723353221,0,Balanced,False,False,False,False,
650333,"Arraez, Luis",L,2026,zMLB,33.23346304057965,34.96648951121344,26.095178942819267,27.072024105214275,-28.364108296356882,-1.7330264706337979,35.12802536337905,46.028172560066054,15.743738272541165,-10.824582141619272,25.208642746116848,-21.7722089220119,-4.094909008124615,41.087560104156815,14.292638255611763,6.8526819586766115,1105,62.33963800904978,5.798280542986426,8.058480982948566,3.775357031000083,36.483387846673075,0.33105218135158254,0.06153846153846154,0.9501915708812261,85.55559380378656,0.40619621342512907,0.29891304347826086,649,0.04314329738058552,0.05238828967642527,0.30813426810477657,0.32088787358916476,0.2807078252427184,70,0.04018004834644634,-4.1265116823497765,-0.8776539800218724,0.05351601302817636,0.5017586105790479,2,0.9568144311724899,0.33633633633633636,0.32894736842105265,0.09929078014184398,0.02824858757062147,0.2967848309975268,28.361042286471182,26.877755285928973,-1.2890181812569068,-0.7825763431097066,0.3404255319148936,0.0710421925712225,0,Open-and-stride,False,False,False,False,
702284,"Young, Cole",L,2026,Mariners,29.60342793991354,30.053967579798737,22.116022992317117,21.980752076286436,-30.062579345711914,-0.45053963988519125,17.606931567071136,38.36005932281324,-2.472792179506087,-8.027037223015778,29.52682854230982,-21.19966344349554,0.6243630764082285,42.36024875924839,21.090986443176835,3.8494219568394454,1077,70.71374187558031,6.8749303621169915,5.404907869144105,-0.4671761775242361,28.238429419492995,0.305324459234609,0.1714031971580817,0.8761528326745718,88.08126361655773,0.3355119825708061,0.34246943231441046,621,0.1706924315619968,0.06280193236714976,0.31204199677938804,0.3231205108433735,0.2897236310679612,70,0.033396879775412336,-3.108168534191631,0.3734256914249517,-0.21306634165017957,0.3020347963140721,2,0.9470577262421552,0.2982005141388175,0.3087330873308733,0.212253829321663,0.16265060240963855,0.33219470538001705,28.361042286471182,26.877755285928973,-6.3802902101847465,-4.761732293611857,0.23030303030303031,0.049603226912024456,0,Open-and-stride,False,False,False,False,
700250,"Rice, Ben",L,2026,Yankees,27.503881310843425,32.54713483214411,27.98254958834568,35.127399380574616,-29.58604747983533,-5.043253521300685,10.244433940827093,48.63102181110067,-19.79930485225868,11.521550988015923,20.233903497143636,-70.71880709033056,3.316797100233034,35.94706424782473,1.9540979522345054,1.472557337114777,1090,71.77752293577981,7.6805504587155955,13.05742018471352,-4.121366562952795,34.32456838825255,0.24575645756457565,0.23674911660777384,0.8506900878293601,91.86460396039605,0.39603960396039606,0.45183910891089113,651,0.2411674347158218,0.1259600614439324,0.373283133640553,0.3870743540229885,0.34550914814814815,74,0.04156520587484036,-0.4620077887535538,-2.5682783349586944,-1.047025778093952,0.11312918790067913,2,0.999999999999865,0.2840095465393795,0.22863247863247863,0.24898785425101214,0.2568493150684932,0.31665393430099315,31.045688176233718,28.22163535914886,4.081711204340898,-0.23908577080317883,0.2145631067961165,-0.007861460817481042,0,Open-and-stride,False,False,False,False,
608324,"Bregman, Alex",R,2026,Cubs,32.287410928461725,30.268856360314015,24.895166539753742,29.199802272652875,3.79155276251565,2.018554568147714,6.011242952767451,30.48689248389967,-7.851919153879607,-22.180585727369596,16.00649781519504,-5.946181625096714,4.536372630525249,43.47074321010766,14.100898701207015,3.731223181902662,1096,69.05456204379563,6.941058394160583,13.519090998616349,-4.546562639767028,28.23003315238673,0.2338884866039102,0.14210526315789473,0.9167686658506732,88.13253968253969,0.3472222222222222,0.3241408730158731,694,0.14553314121037464,0.10806916426512968,0.3239416311239193,0.3447590289017341,0.31702913627639157,70,0.027729892625342534,0.7002885968477106,1.2495446775343222,-0.3269843697480181,-0.2356644178674262,1,0.8909753950845399,0.24463937621832357,0.2028169014084507,0.19078947368421054,0.10803324099722991,0.7431793379410695,28.361042286471182,26.877755285928973,0.8387599861816923,-1.9825887461752316,0.2,0.08275623268698062,0,Balanced,False,False,False,False,
669394,"Burger, Jake",R,2026,Rangers,32.09645880108611,22.200685489087522,31.764199276745533,25.638187412451703,4.420481966111704,9.895773311998589,-17.212573075363597,21.573936120282315,-7.981094181848333,-13.916358154015164,18.30141982034572,22.056336936804225,-5.575670856260097,43.743398971822955,16.08577092944349,2.474023651343413,1086,74.77863720073665,7.45902394106814,8.766955645493509,-6.137777743235161,25.79494977029152,0.3532258064516129,0.3288888888888889,0.8107714701601164,90.20558510638297,0.3058510638297872,0.395406914893617,600,0.27166666666666667,0.09166666666666666,0.31668591333333335,0.36935173493975904,0.29654184331797234,72,0.0728098916217867,2.3641896491489067,3.0657360652952876,1.71857397482672,-0.8476139486652311,3,0.9999983826510827,0.37831858407079644,0.2857142857142857,0.45605700712589076,0.24146341463414633,0.7169394073418841,29.70336523135245,27.549695322538916,-4.065177818900747,4.2145039542066165,0.3931240657698057,0.21459359249174442,3,Square,True,False,True,True,"A: stand ~6 in DEEPER vs same-hand pitchers (chases 38% vs same-hand, 29% vs opposite) [moderate] | C: move ~2-3 in CLOSER to the plate (whiffs 46% outside vs 24% inside; 4 in farther off than typical for his height; watch inside pitches) [moderate] | D: stand ~3-4 in DEEPER, full-time, for deeper contact (sweet-spot 31%, contact 10 in out front) [moderate]"
663538,"Hoerner, Nico",R,2026,Cubs,25.5878926611682,28.31746898556382,28.968528350094548,32.537864273228834,-11.36273532191728,-2.7295763243956235,25.014479156649866,36.95360532318192,-5.920731487741586,-22.070816851573685,16.849088974695263,-14.133331965885278,-2.557519128799739,41.41685515422839,10.053409170848752,10.0969422644874,1086,67.54917127071823,7.249447513812155,5.172064529855673,-0.6292295559749976,32.42184679833714,0.3316540722082284,0.10923623445825932,0.957592339261286,85.91594982078853,0.3817204301075269,0.3197562724014337,672,0.08482142857142858,0.06398809523809523,0.32451984523809524,0.31068998830409356,0.32924021556886224,71,-0.01855022726476868,-0.4659778911756139,-0.5232602952388227,1.121215850045741,-1.1827345615682263,2,0.8450605760785515,0.3201320132013201,0.36879432624113473,0.16441441441441443,0.0700280112044818,0.7587221521647751,29.03220375891182,27.213725304233947,3.5056605143170145,1.7548030458606014,0.32570905763952424,0.09438640320993263,0,Open-and-stride,False,False,False,False,
693304,"Gonzales, Nick",R,2026,Pirates,26.367545913706365,32.20004630883114,27.186514313296563,26.57567145129411,-21.62325146842188,-5.832500395124774,17.488627459002966,44.61252409958265,4.9792636563373565,7.369226732782938,19.35608510563716,-41.06712383008201,4.7617342286035695,37.00083735556046,10.16426379185513,2.9442819838414565,1063,70.07582314205081,7.3535277516462845,8.549292593262694,2.689076669586719,36.35761599323425,0.31255565449688333,0.20456540825285338,0.8807106598984772,86.12164009111616,0.357630979498861,0.3485854214123007,593,0.163575042158516,0.06913996627318718,0.32234939629005055,0.28881089947089944,0.33803943564356437,68,-0.04922853617266493,-2.071115732926203,-1.1349150063647173,-1.1106131952032994,-0.026802700980191923,2,0.944183598768503,0.31208499335989376,0.31351351351351353,0.2447058823529412,0.1937984496124031,0.675913083680074,27.01871934158992,26.205815249319034,-0.44304789029581215,0.9806990639775286,0.312210200927357,0.05090743274053808,0,Open-and-stride,False,False,False,False,
701358,"Smith, Cam",R,2026,Astros,33.66328083775331,29.658076222599426,31.13371345409174,34.10433556682267,-2.1113255769825092,4.005204615153888,3.364263362810076,31.53620110082733,-5.451044384200961,17.519635950313774,14.5121219663558,-4.6345817350489105,-0.12062273171072485,46.46275953130693,11.7669668822248,2.8000831343223407,1056,76.99469696969696,7.638352272727273,9.448416347996549,-6.296860198999143,32.34826663792064,0.2970212765957447,0.2668488160291439,0.8251001335113485,88.64747191011236,0.33146067415730335,0.3935168539325843,548,0.2572992700729927,0.07116788321167883,0.31595278832116785,0.32086180555555555,0.3142030396039604,75,0.006658765951595147,1.580346660613007,0.7451063920476495,1.5909986437758357,0.6027323957706137,3,0.9938895210189241,0.2938388625592417,0.30513595166163143,0.4315245478036176,0.15119363395225463,0.720620842572062,31.716849648674348,28.55760537745383,2.3874859181483217,2.5761080766379116,0.2953846153846154,0.280330913851363,1,Square,False,False,True,False,C: move ~2-3 in CLOSER to the plate (whiffs 43% outside vs 15% inside; 3 in farther off than typical for his height; watch inside pitches) [moderate]
670541,"Alvarez, Yordan",L,2026,Astros,35.60936513238684,27.634396201680573,28.41284595377428,38.72621887075213,-9.051589214850846,7.974968930706264,11.09851335312794,41.02489158561423,-4.92754614558529,2.1028059001578674,11.485566762465707,-34.81592268192953,0.5438258182980651,43.17923826927343,4.425197608592946,5.537450679097463,1077,75.32488393686165,7.637511606313835,8.199224024690757,-4.7408428545343915,36.61531853286122,0.2904128761371588,0.17150635208711434,0.9184861717612809,94.27264367816093,0.4206896551724138,0.512632183908046,667,0.17091454272863568,0.15892053973013492,0.44150600899550224,0.45249698977505115,0.41131168539325846,76,0.04118530438179269,1.0226950192008801,-1.5863490911712708,0.5863279607778659,-0.009005502443968527,1,0.659916514447019,0.3362573099415205,0.27598896044158233,0.24509803921568626,0.1407185628742515,0.2507518796992481,32.38801112111498,28.893575395758802,6.338207749637149,-0.48072944198452205,0.2693208430913349,0.10437947634143477,0,Balanced,False,False,False,False,
693307,"Dingler, Dillon",R,2026,Tigers,30.962410095260374,27.554915423826923,27.90073139933023,37.39981806934,-22.552719345494012,3.4074946714334593,2.4826480241291224,43.418800329927855,-5.480402789702819,-13.619165898721583,17.71025680716778,-49.327033019109855,-0.3169266470979965,41.295576497824584,3.5750482233361467,6.2230785866562695,1070,70.95074766355141,7.501308411214953,12.455650668686024,-2.6512889915322804,39.55917529915061,0.33742833742833744,0.20417422867513613,0.9057971014492754,88.63349753694581,0.4039408866995074,0.4108768472906404,594,0.23063973063973064,0.05555555555555555,0.340422101010101,0.2906005405405405,0.3629575256723716,73,-0.07235698513183109,-0.09655794375301154,-1.9345171075841188,0.6148502204108736,-0.4484178706548327,2,0.9979221038530672,0.32521315468940315,0.3625,0.2733644859813084,0.1875,0.6772786742259049,30.37452670379308,27.88566534084389,7.02529136554692,0.01506605848634024,0.2980535279805353,0.08586448598130841,0,Open-and-stride,False,False,False,False,
680776,"Duran, Jarren",L,2026,Red Sox,33.46956996123047,29.049594509433298,29.53173816053073,25.411213696132336,0.15742872176874506,4.419975451797182,5.926512273395335,45.87294317208047,-10.69536478180458,-22.961095610853747,31.154683342898657,-7.956121471884369,4.366353335552878,48.18591411535768,22.797650398865464,9.175930644718672,1055,74.33317535545024,7.533649289099526,5.417200574887782,-0.9656631589207951,27.87648905722003,0.34385964912280703,0.30783078307830786,0.8400556328233658,88.70575916230366,0.32722513089005234,0.3830131926121371,598,0.2725752508361204,0.06521739130434782,0.29780429431438127,0.29152561555075596,0.31933783703703705,72,-0.027812221486281097,-0.5030468773879107,2.0480825254930473,2.732688560581733,0.5186613193984475,1,0.8077054694913496,0.31140350877192985,0.3519736842105263,0.3424317617866005,0.31216931216931215,0.21321184510250568,29.70336523135245,27.549695322538916,-4.292151535220114,1.9820428379918127,0.30884557721139433,0.030262449617288356,0,Balanced,False,False,False,False,
672640,"Lopez, Otto",R,2026,Marlins,32.071158996456724,27.967338039183716,27.806548479427114,31.653432669164275,-3.761919254616672,4.103820957273012,-4.348315078507518,52.00628168201212,-10.105610205426025,-5.9298226350774925,15.72532918773203,18.606554654003382,-8.252142019729737,44.117925504423205,11.637559793752892,3.8607561971823188,1042,71.04107485604607,6.713339731285989,4.755689125996468,-2.330177476131577,29.39394347526673,0.30843373493975906,0.1730257320319432,0.9219380888290714,88.53515037593985,0.3233082706766917,0.34859022556390973,672,0.13095238095238096,0.05654761904761905,0.3274732142857143,0.3216296484848485,0.32937496646942804,70,-0.007745317984579558,1.3169163963466353,1.796987150410043,-0.08863463443447517,1.4241243083971546,3,0.9999990824592544,0.3071965628356606,0.31210191082802546,0.2556237218813906,0.1162079510703364,0.7479541734860884,28.361042286471182,26.877755285928973,3.2923903826930925,0.9287931934981408,0.2929389312977099,0.13941577081105422,1,Square,False,False,True,False,C: move ~2-3 in CLOSER to the plate (whiffs 26% outside vs 12% inside; 1 in farther off than typical for his height; watch inside pitches) [moderate]
681198,"Rumfield, TJ",L,2026,Rockies,31.612794997476374,29.138722210148032,24.404497111619776,33.530481262988445,-32.31241280940759,2.47407278732834,-2.2261615001037907,49.00723834801365,13.293262884952094,1.6764961323659737,25.413586739288128,-38.40549865389851,-1.5105215400393284,46.55070005773307,11.391534296143917,4.185943609591261,1036,67.52432432432433,6.406660231660232,8.179674101789733,-0.9628402594476437,36.3187665352511,0.30340557275541796,0.16858917480035493,0.9306122448979592,84.25279642058166,0.38478747203579416,0.33087695749440715,619,0.13893376413570274,0.1147011308562197,0.33407818416801294,0.3383522723004695,0.3246441865284974,77,0.013708085771972078,-2.2618493318747865,-1.1032108300478458,0.8247061753611163,1.410560810465261,2,0.9999999361988865,0.29085872576177285,0.3082706766917293,0.18627450980392157,0.17902813299232737,0.2923801369863014,33.059172593555616,29.22954541406377,0.4713086694328297,-4.825048302443996,,0.007246376811594207,0,Open-and-stride,False,False,False,False,
696100,"Goodman, Hunter",R,2026,Rockies,38.845172065562004,28.35352633966477,30.072000748387477,18.995786842384256,-19.99488170693463,10.491645725897243,-1.1662267200185559,57.96765803679783,-17.989903596127466,-18.70256352410016,36.55578975161068,-12.781074730894282,1.8884282319483705,46.81830583875831,27.951937662302754,7.7640567797239095,1047,74.1981852913085,7.272492836676218,13.871867823421082,-5.631234010067916,24.248222279543587,0.4005037783375315,0.3220338983050847,0.8012422360248448,89.89266055045871,0.327217125382263,0.43221712538226303,553,0.3128390596745027,0.081374321880651,0.32101593490054253,0.30795852747252744,0.3274214555256065,71,-0.01946292805307903,-1.3746225865367645,2.156403902458218,2.420289967781411,1.3019748263759017,2,0.9999999350060186,0.4,0.4013921113689095,0.3792372881355932,0.27514792899408286,0.6556354916067146,29.03220375891182,27.213725304233947,-10.036416916527564,2.8582754441535307,0.3666077738515901,0.10408935914151035,1,Open-and-stride,False,False,False,True,"D: stand ~3-4 in DEEPER, full-time, for deeper contact (sweet-spot 33%, contact 10 in out front) [moderate]"
665487,"Tatis Jr., Fernando",R,2026,Padres,30.58010320965244,26.839295641731177,29.517186065263953,24.792466368868084,-29.551294434167147,3.7408075679212685,14.490204279944635,42.252865128573305,-6.21267730766883,-0.671786469241226,28.317449848259763,-31.95425330615497,5.374663392896188,40.27768977019065,16.84618542373531,6.693443388063979,1031,75.48428709990301,7.292725509214355,6.904123056993238,3.4472710407603846,29.249144163693426,0.2643856920684292,0.23353819139596138,0.8873591989987484,92.24448979591837,0.3408163265306122,0.4380327198364008,687,0.18631732168850074,0.09024745269286755,0.3799469868995633,0.3998595974842767,0.3739505757575758,75,0.025909021726700898,-2.018243637583021,-0.3739927264341805,1.393695329711504,-0.523991633509746,2,0.9958692156306813,0.2837696335078534,0.2084592145015106,0.3048543689320388,0.1836734693877551,0.7498994772818657,31.716849648674348,28.55760537745383,-6.924383279806264,0.9595806878101243,0.24076704545454544,0.12118089954428371,1,Open-and-stride,False,False,True,False,C: move ~2-3 in CLOSER to the plate (whiffs 30% outside vs 18% inside; 1 in farther off than typical for his height; watch inside pitches) [moderate]
682985,"Greene, Riley",L,2026,Tigers,33.53623076432388,30.785591597033253,24.389045661645756,27.017571673878106,-8.640044694281963,2.7506391672906347,17.89888367607316,41.41733392545406,1.9333756091957288,18.806166786165544,17.927299450271597,-25.594792704713832,4.89337841732491,39.477538029797905,12.421032441092951,4.406098341143558,1060,74.7888679245283,7.188867924528302,14.563421579393165,0.17703799604088102,44.344994867603646,0.2624505928853755,0.2755194218608853,0.8374193548387097,90.05415472779367,0.41260744985673353,0.47244699140401153,575,0.26608695652173914,0.11652173913043479,0.37241824,0.3779097229219143,0.36017038202247187,74,0.017739340899442457,-1.3123742633306963,-0.23511422027180542,-1.1817501365735035,-0.1613898809829668,1,0.9582576424694701,0.2594458438287154,0.2638248847926267,0.35733333333333334,0.187683284457478,0.31627132750728254,31.045688176233718,28.22163535914886,-4.028116502355612,-3.832589697503103,0.3137108792846498,0.16965004887585533,1,Balanced,False,True,False,False,"B: go ~6 in WIDER, full-time (whiff 28%, 78th pct; width 27 in = 4 in narrower than typical for his 74-in height) [strong]"
679529,"Torkelson, Spencer",R,2026,Tigers,30.556005810025646,30.63276271048633,28.60904525621039,27.643771773870437,-9.4394547655586,-0.07675690046068341,8.422511913421806,46.370190548710426,-6.530016750531398,-1.1138953437057557,14.814108647314963,-17.728205490832128,0.15631278361290804,36.74705570083461,9.03136802740622,5.681725545545539,1037,72.46692381870781,7.704243008678882,14.534294976452713,-7.6500180515234035,37.28892777250526,0.21482602118003025,0.30111524163568776,0.8232323232323232,89.47945619335347,0.4259818731117825,0.39967673716012087,598,0.3110367892976589,0.11705685618729098,0.3151460668896321,0.30001878651685393,0.32155715238095234,73,-0.021538365864098408,-0.2572644645459499,0.15020454162841876,-1.0305791071539485,-0.6097702946360224,1,0.9695663383808382,0.21797752808988763,0.20833333333333334,0.4211764705882353,0.21935483870967742,0.6860968885387948,30.37452670379308,27.88566534084389,-2.730754929922643,0.7233799153665004,0.2260061919504644,0.2018216318785579,2,Balanced,False,True,True,False,"B: go ~6 in WIDER, full-time (whiff 30%, 89th pct; width 28 in = 3 in narrower than typical for his 73-in height) [strong] | C: move ~2-3 in CLOSER to the plate (whiffs 42% outside vs 22% inside; 1 in farther off than typical for his height; watch inside pitches) [moderate]"
673548,"Suzuki, Seiya",R,2026,Cubs,34.67080405477535,28.300468875673573,27.580650629976358,29.550696560048255,-3.0293491528787326,6.370335179101795,6.888470220028135,25.761763782482824,-3.596091272809053,-3.3271179036416,16.231078728249603,-3.7019511789628363,-0.4761897501691788,41.25494166242818,11.204447378394136,5.7651206064119735,1020,72.48303921568628,7.1878431372549025,8.104953516212934,-3.8937514074033883,32.44239309663374,0.22390208783297336,0.2101313320825516,0.8911022576361222,88.75833333333333,0.375,0.39395833333333335,617,0.24311183144246354,0.12641815235008103,0.33747261588330635,0.39488584049079756,0.3168594977973568,71,0.07802634269344078,0.3544380061084859,0.9180711045213492,0.36017532568759564,-1.311516445731683,3,0.6719379817950824,0.23814133591481124,0.18258426966292135,0.3177966101694915,0.12452830188679245,0.7376311844077961,29.03220375891182,27.213725304233947,0.5184928011364356,0.366925325742411,0.2052877138413686,0.19326830828269906,1,Square,False,False,True,False,C: move ~2-3 in CLOSER to the plate (whiffs 32% outside vs 12% inside; 0 in farther off than typical for his height; watch inside pitches) [moderate]
681624,"Pages, Andy",R,2026,Dodgers,28.714511750667047,30.153147029940623,27.776220368116665,23.227249365487435,-19.795947876516017,-1.4386352792735744,4.596492092121385,35.353488794800725,-4.599898013034906,12.360895489955354,22.728343117653868,-24.66881951282052,2.336320697262253,37.98983498689831,14.280364990291787,6.04405461137169,1015,72.25497536945814,7.641182266009852,6.586235885142561,-2.7903922704270014,39.8880978077771,0.3149671052631579,0.19342723004694837,0.9090909090909091,88.80458015267175,0.37150127226463103,0.38663104325699754,556,0.19244604316546762,0.08273381294964029,0.341037690647482,0.4032450552147239,0.3152366717557252,73,0.08800838345899875,-1.548702958515004,0.510434147153146,-0.05552475301114284,-1.3290025144567175,1,0.8590944423644455,0.3268348623853211,0.28488372093023256,0.2642369020501139,0.16819571865443425,0.7184855233853007,30.37452670379308,27.88566534084389,-7.147277338305646,-0.10944497272722487,0.33153153153153153,0.09604118339567966,0,Balanced,False,False,False,False,
695600,"Jensen, Carter",L,2026,Royals,36.65302291166506,26.071638769538232,25.974625081582378,33.052661667745454,-12.140028927181858,10.581384142126831,5.856042962152789,37.502171918053186,-5.38883862042424,-17.580812512641664,22.765561296901293,-13.552606000698736,-1.387741944221771,44.82769740731611,11.820779046495261,10.624266867212087,1007,73.28103277060576,7.100397219463754,6.451007324224274,-4.4164388184217165,26.888177771207427,0.24154209284028325,0.26542056074766357,0.8374836173001311,91.18342857142858,0.3485714285714286,0.38208000000000003,586,0.2832764505119454,0.10921501706484642,0.30896756996587027,0.31916006666666663,0.2831793253012048,72,0.03598074136546181,-0.48391811917836863,0.24232077264805085,1.589604938733574,-0.9901380692070306,1,0.9029517815981737,0.20123839009287925,0.2552742616033755,0.33858267716535434,0.2564935064935065,0.2703150912106136,29.70336523135245,27.549695322538916,3.3492964363930042,-1.5750702409565385,,0.08208917067184784,0,Balanced,False,False,False,False,
677951,"Witt Jr., Bobby",R,2026,Royals,28.80598374158723,26.390333344042,25.6207702414838,31.684864338027513,-16.374702228858744,2.4156503975452437,27.954005731736583,37.13149925140129,-6.671033791007129,-15.702594066986542,18.137922830810258,-16.678235890623373,-4.240414010876275,41.61175876740135,11.383466670855281,7.818628287334569,1030,73.02912621359224,6.925436893203884,4.598329670508291,-0.48431712493078166,27.911040674304722,0.33466773418734985,0.22242647058823528,0.8880597014925373,92.2699074074074,0.3912037037037037,0.4287199074074074,611,0.1718494271685761,0.10801963993453355,0.3777700490998363,0.3906128242424242,0.37301879820627803,73,0.017594026036146182,-0.8079343813236514,-0.8166943801546744,0.43440848126809445,-0.7021044092215039,4,0.7351313574137603,0.3210702341137124,0.3693181818181818,0.29385964912280704,0.16612377850162866,0.7189542483660131,30.37452670379308,27.88566534084389,1.3103376342344326,-2.264895099360089,0.30553327987169204,0.1277358706211784,0,Wide-and-quiet,False,False,False,False,
665019,"Clemens, Kody",L,2026,Twins,33.492916537295464,32.679453903374934,26.25390683705308,32.42159756438001,-31.583991169278647,0.8134626339205107,10.937003972153526,58.42666541375042,-4.9930474358821355,3.281310017840416,26.52454713770758,-44.56843664490427,2.475532580606292,41.58036144160623,9.261224687442777,5.481892360304723,1044,71.26954022988505,7.1450191570881225,11.425502568373638,-2.0917355965651914,28.19227897871366,0.3241563055062167,0.2216117216117216,0.8555708390646493,91.25736040609138,0.3401015228426396,0.39572890025575447,569,0.22319859402460457,0.06854130052724078,0.33212930052724077,0.34318831067961164,0.30310820382165604,72,0.0400801068579556,-2.2137501970352518,-1.3751661736935779,0.044407668965657295,1.1549725598960574,2,0.9999992016172151,0.292358803986711,0.33575757575757575,0.22549019607843138,0.23563218390804597,0.27252047315741584,29.70336523135245,27.549695322538916,2.718232333027558,-1.2957884854858364,0.2777017783857729,-0.01014198782961459,0,Open-and-stride,False,False,False,False,
660271,"Ohtani, Shohei",L,2026,Dodgers,26.25898647814806,30.852672803305047,31.253919401167796,33.2331384777902,-8.550459661137543,-4.593686325156978,7.732580452870289,22.20896934488401,-0.11531755674216546,9.308203295582368,7.952034121367623,-34.51085801247068,-0.7313614062678891,37.69434435537546,3.777438869817658,3.0104597666523647,1031,73.52764306498545,7.8712900096993215,12.830214613565254,0.9893667083673504,37.410214431622535,0.2991869918699187,0.28544423440453687,0.8028985507246377,93.21361111111109,0.40555555555555556,0.4997,597,0.24120603015075376,0.13400335008375208,0.3978325427135678,0.4074620050125313,0.37842771717171714,76,0.029034287840814188,0.862347997604938,-1.0470854087913424,-0.1116880748175837,-1.6846365022538647,1,0.9856497229678376,0.31016042780748665,0.29439252336448596,0.2761627906976744,0.34120734908136485,0.3060437205315045,32.38801112111498,28.893575395758802,0.8451273566752207,2.3603440054089937,0.26452905811623245,-0.06504455838369044,0,Balanced,False,False,False,False,
647304,"Naylor, Josh",L,2026,Mariners,25.54988377579014,26.994708825359556,25.04991713591505,41.62119023489448,-1.8396595960526625,-1.4448250495694053,23.278413977715356,47.014425152870025,-11.552012010487177,-0.8017707610879511,6.952101889099064,-55.012702731602516,5.862679016303171,39.84089832743645,-0.2852167047037213,4.524917791952829,1013,69.22665350444225,7.48213228035538,7.109993849346587,-6.13212263174676,29.294193134690104,0.38286713286713286,0.15921787709497207,0.9150943396226415,86.82625250501003,0.36072144288577157,0.32562124248497,630,0.12380952380952381,0.06666666666666667,0.3113907047619047,0.31656378947368424,0.30119094339622643,70,0.015372846077457814,1.5326534189236043,-3.038312033457926,-1.2111228460152486,-0.020975133984422422,4,0.9890738540853558,0.35805626598465473,0.39575033200531207,0.1648590021691974,0.17667844522968199,0.35079288803459874,28.361042286471182,26.877755285928973,13.260147948423295,-1.8278381500139247,0.36857142857142855,-0.011819443060484575,0,Wide-and-quiet,False,False,False,False,
678662,"Tovar, Ezequiel",R,2026,Rockies,30.379215371268355,28.83347981676634,24.586525089613897,36.603962443855636,1.1473770739418592,1.5457355545020168,-11.85960344901517,52.06630232723919,-10.649986109071117,7.813623705053957,6.510668043440884,6.035069447656007,0.7169182885514533,40.99542596211723,3.1241955092183673,5.389428063611444,1023,71.21661779081134,7.4859237536656895,10.047239112598094,-0.7642919228744227,35.02135615817932,0.43666323377960864,0.2644098810612992,0.8370702541106129,85.83,0.3606060606060606,0.34519512195121954,490,0.25510204081632654,0.05918367346938776,0.27620634285714285,0.246626025,0.29054831515151514,72,-0.043922290151515136,2.0737528850721385,0.8706317597906335,-1.8314475113190596,0.35038831421358546,3,0.9986256070319813,0.4518633540372671,0.40672782874617736,0.32941176470588235,0.20284697508896798,0.6447661469933185,29.70336523135245,27.549695322538916,6.900597212503186,-2.9631702329250196,0.4064935064935065,0.12656478961691436,1,Square,True,False,False,False,"A: stand ~2 in DEEPER vs same-hand pitchers (chases 45% vs same-hand, 41% vs opposite) [moderate]"
805367,"Meidroth, Chase",R,2026,White Sox,30.564955346847835,29.634271153498066,28.81805284184484,26.689159053471215,-30.209352689961996,0.9306841933497749,2.8243655540140415,29.701509031734975,-5.156329872503145,-15.030692081274735,26.25789918135959,-32.43203009130027,1.8705370412418794,39.5232356611481,12.606537115228221,7.470532112452615,1025,66.1109268292683,6.621951219512195,11.76272098774227,3.68329602187786,30.247676549852955,0.2859304084720121,0.17543859649122806,0.8778409090909091,85.67429245283017,0.3466981132075472,0.3341650717703349,635,0.2188976377952756,0.09606299212598425,0.2994801070866142,0.344650408839779,0.2814716828193833,69,0.0631787260203957,-1.8748012429607745,-0.09689712233877795,1.2170249731588905,-1.7725810699725433,2,0.9974990327266453,0.2867803837953092,0.2838541666666667,0.21173469387755103,0.143646408839779,0.7125863392171911,27.689880814030552,26.541785267624004,-1.0007217605593368,2.276267574220835,0.2261780104712042,0.06808828503777203,0,Open-and-stride,False,False,False,False,
676391,"Clement, Ernie",R,2026,Blue Jays,32.87284325711874,23.04971746866613,27.399141738182312,27.68534648904578,-0.5923468604334673,9.823125788452609,2.993643669282348,49.26848602517421,-8.814100831780557,-37.58810006460753,17.67729059795215,-11.00198794234311,3.894918315789006,38.331176535559926,10.276160107570078,10.906049333936148,990,66.6088888888889,7.104747474747475,11.733781052313903,-5.028947516709832,30.069661025852437,0.44601412714429867,0.13940520446096655,0.9211356466876972,83.73097514340344,0.33078393881453155,0.26765391969407265,605,0.09256198347107437,0.03636363636363636,0.25919043966942146,0.26715626262626263,0.25531517444717444,72,0.011841088179088188,0.33602263585561143,0.6423545699333039,-0.06873274724406365,-1.4660445947752332,3,0.9964907476889602,0.4387596899224806,0.4595375722543353,0.2161520190023753,0.09798270893371758,0.6565008025682183,29.70336523135245,27.549695322538916,-2.018018742306669,-0.15055358435660438,0.36469344608879495,0.11816931006865772,1,Square,False,False,False,True,"D: stand ~3-4 in DEEPER, full-time, for deeper contact (sweet-spot 33%, contact 10 in out front) [moderate]"
669016,"Marsh, Brandon",L,2026,Phillies,28.22160954046766,27.433227867231466,31.2037783541351,34.084204623925714,-9.06740995166578,0.7883816732361958,-6.0182028276228,41.96619356313514,-16.80257429537232,-29.346983101152343,15.842045452960072,-36.002143746470665,5.338944477324824,44.37216944924562,9.957362271154054,3.057651427007488,1031,70.63676042677012,7.1860329776915615,8.865969070781075,0.30955286962013173,37.26714073978306,0.36108512628624884,0.225140712945591,0.8926470588235295,88.78398950131233,0.4304461942257218,0.3817018469656992,555,0.25045045045045045,0.05765765765765766,0.30159458738738737,0.3241309577464789,0.2271721550387597,74,0.09695880270771917,1.9011721698480386,-0.3273180483100139,1.321535329864495,0.4821611596769818,1,0.781699875863482,0.41935483870967744,0.34348355663824603,0.29411764705882354,0.21951219512195122,0.22894482090997095,31.045688176233718,28.22163535914886,3.038516447691997,2.9821429949862406,0.29043683589138136,0.07460545193687232,0,Balanced,False,False,False,False,
545361,"Trout, Mike",R,2026,Angels,25.68715334612928,27.700656107193485,24.556268624683046,30.55259978255703,-7.189497339837078,-2.013502761064207,19.82319704703488,31.846280052192625,-1.447943027254764,5.293937659589061,11.276014479324822,-8.617429766299942,-2.7515910513284765,36.225147142649405,6.14279975388019,10.385171455574326,993,73.90171198388721,7.423665659617321,6.158493859677925,-0.7950363388185048,35.78703731325158,0.20371694067190851,0.22688274547187798,0.8712220762155058,90.00560471976401,0.3864306784660767,0.4608141592920354,617,0.2593192868719611,0.16693679092382496,0.37813453484602916,0.37087836781609196,0.38098458690744924,73,-0.010106219091357282,-0.6309758800116296,-0.3022031022677821,-1.1503940144205602,-2.584910666957111,4,0.9980899102372924,0.21491658488714427,0.1736842105263158,0.2865853658536585,0.13692946058091288,0.718188622754491,30.37452670379308,27.88566534084389,0.1780730787639513,-3.3293967161608435,0.20447019867549668,0.14965590527274564,0,Wide-and-quiet,False,False,False,False,
571448,"Arenado, Nolan",R,2026,Diamondbacks,36.911527446415406,31.717256410080005,29.62222832089408,28.99208095337563,0.8222830181693952,5.194271036335397,1.5142316036197976,49.106316402252574,-16.116393508786107,-10.858957794860542,17.343556782248115,-0.8748685954821708,0.8778611950414144,43.271520327841614,14.383334781332657,4.554399913287261,994,70.57575452716299,8.372334004024145,12.433070305439573,-12.088588645007551,32.27373847730646,0.3196787148594378,0.21953488372093025,0.8550295857988166,85.11393034825872,0.3407960199004975,0.32527930174563596,577,0.20103986135181975,0.08665511265164645,0.2968866967071057,0.31624535064935066,0.28983886524822694,74,0.026406485401123725,1.1203844028716807,1.606692496427268,0.21907580461770176,0.9154990865525635,3,0.9505485985399472,0.326644370122631,0.3017241379310345,0.2577092511013216,0.21568627450980393,0.723156532988357,31.045688176233718,28.22163535914886,-2.053607222858087,1.4005929617452217,0.3395291201982652,0.04202297659151766,0,Square,False,False,False,False,
695506,"Caglianone, Jac",L,2026,Royals,29.886360667174802,22.460647728358985,30.006845742408846,39.99533194410882,-10.634410951667325,7.4257129388158125,0.36825590978693673,42.84990940101567,-24.199580951809363,1.0014660019450157,14.17427028336309,-48.81831067620433,3.824740748400735,41.88925838434932,2.516754583200644,7.782263597911052,1012,76.05167984189724,7.851383399209486,9.154308579285832,-1.1493547100811436,30.508345907687385,0.3922127255460589,0.2743022136669875,0.8450479233226837,93.16601123595505,0.3539325842696629,0.461997191011236,536,0.26119402985074625,0.061567164179104475,0.35827261940298505,0.3883339195710456,0.28948203680981593,76,0.09885188276122969,2.338036944222207,-1.832270920862285,1.4145048773986604,-1.0033785428462445,4,0.968030683366851,0.4577922077922078,0.3651006711409396,0.33573141486810554,0.27167630057803466,0.2996352266805628,32.38801112111498,28.893575395758802,7.607320822993842,1.1132703466500438,0.3921971252566735,0.06405511429007088,0,Wide-and-quiet,False,False,False,False,
664983,"McCarthy, Jake",L,2026,Rockies,29.32958387936207,30.84893330207505,30.432239645567275,21.621973369298377,-29.692721019993193,-1.519349422712988,21.42116556130028,45.352582797438515,6.306541901676702,20.09069388542611,23.26903128771554,-23.28178463765841,-1.6782459570506205,37.490255085976166,15.995060965337323,3.244834053149768,990,70.6330303030303,7.063535353535353,8.064155995242404,-1.2503676859632653,32.29119695873559,0.3724696356275304,0.19169027384324835,0.894356005788712,82.74729729729731,0.39414414414414417,0.36077954545454544,575,0.1582608695652174,0.050434782608695654,0.32354522434782607,0.31517242574257426,0.3433265730994152,72,-0.028154147356840964,-2.7357191840555584,-0.30623362220752676,-0.02289738312031138,0.2437095992087752,2,0.7342574372701165,0.37547892720306514,0.3713892709766162,0.23544973544973544,0.19060773480662985,0.2923570283270978,29.70336523135245,27.549695322538916,-8.081391862054073,2.882544323028359,0.33569739952718675,0.04484200064310559,0,Open-and-stride,False,False,False,False,
671277,"García Jr., Luis",L,2026,zMLB,34.0698888217665,29.713623789635047,27.227473419743227,28.444912956584883,-14.884449042856811,4.356265032131433,-0.5201656275062699,45.13190406966767,-2.738004488652178,21.66199819516777,15.32448855966414,-12.418169170538725,-4.975778882380238,41.458618233835736,11.973905664121379,2.971877827753155,1003,73.45363908275175,7.427816550348954,10.429601583905105,-1.9945362263577557,27.56324158994683,0.38676607642124883,0.1749271137026239,0.9087947882736156,91.281598062954,0.35351089588377727,0.3994479418886199,534,0.17790262172284643,0.04307116104868914,0.3390239475655431,0.35614156792873053,0.24860263529411764,73,0.1075389326346129,-0.10073800738573808,0.4668063401387844,-0.5513100411014018,0.5744967276619464,1,0.9854301857648438,0.42592592592592593,0.37980241492864986,0.1794871794871795,0.1945288753799392,0.15384615384615385,30.37452670379308,27.88566534084389,-1.9296137472081973,-0.6581919211006628,0.37945492662473795,-0.015041695892759721,0,Balanced,False,False,False,False,
661388,"Contreras, William",R,2026,Brewers,31.22534815827874,28.683060741567893,29.31293869341465,29.764456164456714,8.749435309776528,2.542287416710839,-0.966565529659569,50.28631280403822,-8.238349858272903,-16.288622066886077,18.94386251136448,17.14090653681796,-1.5261164682740245,42.91724101397327,12.489672633888283,6.678945290979114,977,72.58751279426816,7.2009211873080865,8.447197067991361,0.431604209506944,27.324805230099887,0.28350515463917525,0.18666666666666668,0.8916666666666666,90.34605543710022,0.3368869936034115,0.3563240938166311,624,0.14743589743589744,0.09455128205128205,0.335668967948718,0.3174854888888889,0.34304064864864864,70,-0.02555515975975975,0.9913788662129477,2.1851700047875777,0.3915852431540134,0.5556032475569316,3,0.9999991298742297,0.2828535669586984,0.28493150684931506,0.25815217391304346,0.13527851458885942,0.6905929558626839,28.361042286471182,26.877755285928973,1.4034138779855319,2.4351834074856775,0.25097125097125095,0.12287365932418404,1,Square,False,False,True,False,C: move ~2-3 in CLOSER to the plate (whiffs 26% outside vs 14% inside; 2 in farther off than typical for his height; watch inside pitches) [moderate]
664761,"Bohm, Alec",R,2026,Phillies,25.65384301882447,25.457819546435307,29.77218999828087,38.52167243641089,-6.338445895677828,0.1960234723891613,10.9287942668929,40.00985961775809,-5.411294011071149,-4.056990085281819,13.328752564406038,-18.74340032667073,0.005498511466491534,48.02270774215715,9.493139575163049,2.991103637360907,988,70.257995951417,7.090890688259109,4.339222822326285,5.947214175867625,29.87060216347787,0.2626441881100266,0.14883268482490272,0.9057377049180328,90.57356076759064,0.3646055437100213,0.3483731343283582,612,0.1388888888888889,0.07352941176470588,0.33004720915032676,0.339696,0.3257360472813239,76,0.013959952718676116,1.7645476025625226,-0.7817566243996519,1.766692984818056,1.3218308312329992,1,0.8792203324060031,0.2515802781289507,0.28869047619047616,0.23796033994334279,0.08839779005524862,0.7097495527728086,32.38801112111498,28.893575395758802,6.13366131529591,0.8786146025220667,0.25961538461538464,0.14956254988809417,1,Balanced,False,False,True,False,C: move ~2-3 in CLOSER to the plate (whiffs 24% outside vs 9% inside; 1 in farther off than typical for his height; watch inside pitches) [moderate]
643446,"McNeil, Jeff",L,2026,Athletics,28.362429117711713,31.145200269755883,25.1121034290642,31.55125359825598,-0.5874188287586999,-2.782771152044182,11.035316277946905,37.43038937829184,1.2099763782556858,-0.9487994033513953,9.63108869061863,-23.48352461529672,4.797386224472916,36.137410766165004,4.055959803337792,5.117729579952172,961,68.02143600416233,7.213527575442248,6.365449372770849,-1.8566204169347174,34.8678867545355,0.3581081081081081,0.1379647749510763,0.9332386363636364,86.19362745098039,0.3872549019607843,0.30913022113022115,500,0.114,0.058,0.300648944,0.3072827918781726,0.2759910566037736,72,0.03129173527439899,-0.0010857119563839532,-0.49019446566991,-2.078920251783769,-1.244397121923093,1,0.9062901940059952,0.32663316582914576,0.3671988388969521,0.16105769230769232,0.1453287197231834,0.21979286536248563,29.70336523135245,27.549695322538916,1.847888366903529,-2.4375918934747176,0.26650062266500624,0.01572897258450892,0,Balanced,False,False,False,False,
665489,"Guerrero Jr., Vladimir",R,2026,Blue Jays,33.9330863816263,28.669563861012936,28.598790937138894,28.965177925649492,-10.335301148881669,5.263522520613375,2.3882919076135276,36.773770783959485,4.351622893342211,19.12288246958648,17.320808182028042,-14.731791319736153,-1.0124462731146886,43.2815479777963,12.935903371105617,3.588993072005845,986,75.29107505070994,7.543813387423935,0.8007646681287283,-2.589287996669714,28.181045111967027,0.3027444253859348,0.18100890207715134,0.8844984802431611,90.53085339168491,0.29540481400437635,0.3466761487964989,597,0.1306532663316583,0.09380234505862646,0.33451392964824117,0.37671455263157894,0.3200993348314607,72,0.056615217800118245,-0.18693142119627623,0.42567385165032856,0.5812375897700086,0.1856344821510088,1,0.9908539359985146,0.3192261185006046,0.26253687315634217,0.290167865707434,0.09404388714733543,0.7207040296433534,29.70336523135245,27.549695322538916,-0.738187305702958,1.0490956145999775,0.21661237785016288,0.1961239785600986,1,Balanced,False,False,True,False,C: move ~2-3 in CLOSER to the plate (whiffs 29% outside vs 9% inside; 1 in farther off than typical for his height; watch inside pitches) [moderate]
664034,"France, Ty",R,2026,Padres,28.10665154456365,29.125687294528152,26.16932215541297,31.301605580801,-34.29273371615984,-1.0190357499644978,17.62802761871984,48.24982785055294,2.848438561107051,-5.518143822192218,22.665516589062435,-25.11982504444981,-9.261393827342514,40.36026369504525,9.15687657337017,8.67676510007968,952,71.4859243697479,7.540231092436975,10.929555515704234,5.213584331778692,34.10360675087671,0.3431952662721893,0.24420849420849422,0.8619186046511628,91.83374233128833,0.4233128834355828,0.38297852760736195,481,0.21205821205821207,0.07276507276507277,0.33094656964656965,0.33240997101449277,0.33035779591836734,70,0.0020521750961254304,-2.579130797588502,-1.2171526950128682,0.3245419434859151,-0.28607073115025816,2,0.9988771998090606,0.3497191011235955,0.32781456953642385,0.3165938864628821,0.1589958158995816,0.6975405546834118,28.361042286471182,26.877755285928973,2.9405632943298166,-0.7084331305160028,0.3103802672147996,0.15759807056330052,0,Open-and-stride,False,False,False,False,
669065,"Stowers, Kyle",L,2026,Marlins,34.5679367750097,29.918000691035374,29.27944209572911,35.504733951415325,-16.441335992063898,4.649936083974328,23.116540697756037,51.93378402646957,6.17511749633634,-15.639622225861181,16.343577435317364,-27.47118852469904,-2.8595474428604026,43.82330254155527,8.460459187858014,5.369111264282529,962,74.53367983367983,6.759251559251559,14.566917768528281,-1.9568776374282228,34.06779302384508,0.3384615384615385,0.32803180914512925,0.790519877675841,92.2480701754386,0.34385964912280703,0.434193661971831,507,0.3155818540433925,0.10256410256410256,0.3267022721893491,0.337933101010101,0.28663553153153154,74,0.05129756947856945,-0.8119268459212444,-1.5416325672131401,0.7563241581705846,1.2783220468804417,1,0.6453462225874101,0.3130434782608696,0.345679012345679,0.391304347826087,0.30978260869565216,0.2254697286012526,31.045688176233718,28.22163535914886,4.4590457751816075,1.0578067365802504,0.2807646356033453,0.08152173913043481,0,Balanced,False,False,False,False,
681082,"Stott, Bryson",L,2026,Phillies,32.851147213764726,26.52479576153766,24.394352500164047,32.22095385123335,-11.993265024226288,6.326351452227077,14.81136643029902,67.12838106587871,1.3269924669283482,12.324502257951234,14.137344186868198,-5.800360703929734,-6.548008733273782,42.58315433669229,10.165361697302117,3.5043040020559175,958,69.20396659707724,7.199582463465553,9.568383468857403,0.09091166229676696,30.75031682699028,0.3011006289308176,0.16519174041297935,0.9053627760252366,88.7297423887588,0.3559718969555035,0.35097163120567376,588,0.1683673469387755,0.09863945578231292,0.32647231972789115,0.33220806263982106,0.3082887943262411,72,0.023919268313579933,-0.27978200464197156,-0.41307970297670954,-1.2914577738457553,2.2126443591682974,1,0.6843412712911741,0.27816901408450706,0.3076923076923077,0.20408163265306123,0.1458966565349544,0.2372532894736842,29.70336523135245,27.549695322538916,2.5175886198808968,-3.1553428223748696,0.23575129533678757,0.05818497611810683,0,Balanced,False,False,False,False,
662139,"Varsho, Daulton",L,2026,zMLB,26.316366820797878,28.40160339896158,27.863463227036853,28.27419025827816,2.9045676312331437,-2.0852365781637094,2.6327438030573136,29.70607695857786,-18.5731416291673,1.1530168329195598,13.856313862170929,7.592460298294829,-0.6038419656071601,38.004822952582074,10.120796228742865,4.176812685662968,983,72.11271617497457,7.687385554425228,9.827900193595704,-0.27636833195096006,27.963495544283802,0.36321195144724555,0.19259962049335863,0.8796992481203008,86.11798941798943,0.335978835978836,0.3197063492063492,527,0.2030360531309298,0.07400379506641366,0.28264621631878556,0.28780020408163265,0.26768056296296294,68,0.020119641118669707,1.6153326686756717,1.7195589907050794,-0.7823335853310972,-1.30271546162548,3,0.9999995599002078,0.36059479553903345,0.3640897755610973,0.20308483290488433,0.19943019943019943,0.257,27.01871934158992,26.205815249319034,1.255470916688239,1.6576479777178186,0.302713987473904,0.003654633474684893,0,Square,False,False,False,False,
802139,"Wetherholt, JJ",L,2026,Cardinals,28.88402043926245,33.13362787810287,27.676207223707824,22.660016271356753,-30.036466837854178,-4.249607438840419,38.34224321797638,43.252728524780466,3.60932399067426,-6.670712127211169,31.36260977767558,-36.97888502111323,10.712693788438353,36.73000032536177,15.609516397753424,7.394643502949382,953,71.23462749213012,7.501364113326338,11.480692915146653,6.567431389636434,32.45639622749856,0.21232306411323898,0.181,0.8788694481830417,89.67064439140812,0.36515513126491644,0.36525358851674644,603,0.16749585406301823,0.1044776119402985,0.35084541956882254,0.3479195794871795,0.35620259154929573,69,-0.008283012062116235,-4.320970605095117,-0.9745349107413004,0.2019373388131721,-0.6811232734257694,2,0.9999149780278255,0.21674876847290642,0.21006289308176102,0.21448467966573817,0.20640569395017794,0.3383270911360799,27.689880814030552,26.541785267624004,-5.029864542673799,1.1344219560838198,,0.008078985715560233,0,Open-and-stride,False,False,False,False,
808982,"Lee, Jung Hoo",L,2026,Giants,29.487924100886993,28.420874023864314,20.26202420510616,26.288329738890496,-37.55791127374319,1.0670500770226856,43.82416748030798,59.28791346212994,28.35954073257607,1.0989934096804028,27.46304501814033,-27.78595123861815,-3.708192945103822,41.877619468087225,15.657672076366136,3.5555211138750558,971,67.58918640576725,7.635118434603501,4.014163868236616,-3.0859304804299033,38.56694189937347,0.30791229742612014,0.10912698412698413,0.948905109489051,87.21814432989692,0.3731958762886598,0.3239958762886598,580,0.09827586206896552,0.05,0.3141448482758621,0.3331136616915423,0.27130516853932585,72,0.061808493152216426,-4.626080871828212,-1.7633632451550953,-0.8348676033587603,2.0952995892600588,2,0.9999971927076623,0.3642611683848797,0.2862796833773087,0.11633663366336634,0.15547703180212014,0.2863187588152327,29.70336523135245,27.549695322538916,-3.4150354924619535,-7.287671117432755,0.22743682310469315,-0.03914039813875379,0,Open-and-stride,False,False,False,False,
665926,"Giménez, Andrés",L,2026,Blue Jays,29.764402421110777,26.029138315526414,28.135176831482028,34.190937482822775,-10.198318724069809,3.735264105584369,4.34320252577029,37.31070912117189,-7.658003504622137,-1.3706238676461817,14.04336858490323,-46.349638443784514,6.134282409366415,40.65996739303963,6.581953522596692,3.2670006420726656,948,67.36497890295358,6.937236286919831,9.239516495206095,2.7936742545863336,32.10182609451715,0.43386243386243384,0.22351797862001943,0.864297253634895,84.03709677419354,0.31451612903225806,0.3069216216216216,497,0.1851106639839034,0.03219315895372234,0.2726019396378269,0.27304941971830987,0.2714832394366197,71,0.0015661802816901438,0.9655708451458973,-1.4215761328323064,0.1180043774590406,-0.4695929255806569,4,0.8640458398143299,0.4403292181069959,0.43162393162393164,0.2560386473429952,0.19631901840490798,0.2603648424543947,29.03220375891182,27.213725304233947,5.158733723910956,0.921451527248081,0.3492537313432836,0.059719628938087216,0,Wide-and-quiet,False,False,False,False,
543760,"Semien, Marcus",R,2026,Mets,29.849306038952097,27.742203820432838,23.072630827891892,32.24932358362836,-3.3213949516726142,2.1071022185192527,8.655246451279101,29.890497352353268,-13.633357566941003,6.198665887858703,9.932049556657521,-15.653994940090085,1.1179776937078698,38.71388190956135,6.942069262604143,6.866944633318173,935,67.9364705882353,7.778609625668449,15.064266842745552,-3.103541978063487,33.94735696019545,0.2707292707292707,0.21116751269035533,0.8725490196078431,86.34947916666665,0.3619791666666667,0.33299477806788513,534,0.18726591760299627,0.08239700374531835,0.2994989662921348,0.3240992275862069,0.2903292030848329,72,0.03377002450137401,0.8580785336639851,-0.05612008767882162,-1.3770496878428469,-1.8565525500545337,4,0.5292092838661607,0.2776203966005666,0.2542372881355932,0.27292576419213976,0.16964285714285715,0.7169246130803795,29.70336523135245,27.549695322538916,2.5459583522759104,-4.477064494647024,0.2340627973358706,0.10328290704928261,0,Wide-and-quiet,False,False,False,False,
575929,"Contreras, Willson",R,2026,Red Sox,32.00489589227499,26.94190519908495,27.27844667874384,32.98012887759645,-11.041990885319647,5.062990693190027,22.884981962340948,49.303706511135964,6.757582003842493,14.454318584412418,13.097133339464925,-41.688617459355605,3.143677836269708,38.25141041602594,5.304979447163618,4.009887519628871,955,75.98261780104711,7.819581151832461,10.58349067967784,-6.361006407334012,33.915309724996064,0.3391153512575889,0.29141716566866266,0.8379705400981997,89.64617834394905,0.35987261146496813,0.4523450479233227,534,0.250936329588015,0.1104868913857678,0.3743623595505618,0.4173521388888889,0.35848921025641023,72,0.05886292863247866,-0.5994557326267581,-2.1162051405750644,-0.9109771017922114,0.18515287247290227,4,0.5418531245106887,0.35178351783517836,0.3088235294117647,0.352,0.2204724409448819,0.7166344294003868,29.70336523135245,27.549695322538916,3.2767636462439995,-0.27124864379507585,0.3005671077504726,0.1315275590551181,0,Wide-and-quiet,False,False,False,False,
694192,"Chourio, Jackson",R,2026,Brewers,29.737732366491443,25.82230854503149,31.589462424429612,40.601505815402426,3.162336776764741,3.9154238214599584,6.539245247142754,39.62529075916017,-11.761850805528965,-3.6822798508848535,8.162472189184603,13.051834775728855,0.4390351703105286,44.367355753367,3.9609819328719738,5.350724804461758,936,73.51880341880343,7.333226495726495,9.302958210469777,3.253039053555009,27.81606710689536,0.3416370106761566,0.23692003948667326,0.8710191082802548,91.65,0.3404255319148936,0.41785866666666666,557,0.236983842010772,0.0807899461400359,0.34128945062836624,0.3490311951219512,0.3380587989821883,73,0.010972396139762863,3.0270957575532007,0.3911550003726572,1.1281135135036573,0.3497757225708406,3,0.9999999999995577,0.35301668806161746,0.3159420289855073,0.3135593220338983,0.20984455958549222,0.6985534297713486,30.37452670379308,27.88566534084389,10.226979111609346,3.703797083585723,0.36585365853658536,0.10371476244840608,1,Square,True,False,False,False,"A: stand ~5 in DEEPER vs same-hand pitchers (chases 35% vs same-hand, 32% vs opposite) [moderate]"
641355,"Bellinger, Cody",L,2026,Yankees,29.830475763168742,33.403183253194484,21.535244079378234,23.307247829823208,-21.721689259590413,-3.5727074900257465,2.9855134916357087,62.451820549567046,-2.404259345122489,31.821836345747478,17.198772768257488,0.960920345993575,-12.342694025112422,39.042714682582385,15.024930214062515,3.155558201874652,948,68.94852320675105,7.849894514767932,13.38818704402018,-0.47383830640636493,34.1161655326025,0.30121608980355474,0.1806981519507187,0.8847926267281105,89.14098765432101,0.4074074074074074,0.3568049382716049,555,0.15675675675675677,0.1063063063063063,0.33463207927927924,0.3476722896935933,0.31074720408163264,75,0.03692508561196067,-1.8949151337417294,1.1371362512131378,-2.9100921953687755,1.573092349964341,1,0.9948616572143697,0.3044776119402985,0.2997275204359673,0.2020997375328084,0.16546762589928057,0.3450602409638554,31.716849648674348,28.55760537745383,-8.40960181885114,-7.0223612980755945,0.30177059276366436,0.036632111633527836,0,Balanced,False,False,False,False,
571970,"Muncy, Max",L,2026,Dodgers,38.67919896493979,28.584418724026282,28.661484325034227,21.24810642961309,-7.5857084654701055,10.094780240913515,-24.887485269550154,38.033455183902966,-10.296260520935903,-22.525171649055228,30.525858005707807,-15.640674144047146,6.860434583817048,47.030643154329226,23.636244519146953,6.7421584414129985,927,70.59546925566343,6.904854368932039,16.473828085207387,-5.399181378388138,34.30255986546267,0.25925925925925924,0.26426426426426425,0.839541547277937,89.86882352941177,0.36764705882352944,0.4211705882352941,547,0.25045703839122485,0.11517367458866545,0.34939533455210237,0.35946786570743405,0.31708575384615384,70,0.042382111861280214,-0.2595368540196865,2.860549260884125,2.1985481891536995,-0.22177354910622704,1,0.9817534234082854,0.32196969696969696,0.2408026755852843,0.3333333333333333,0.21333333333333335,0.22925958965209633,28.361042286471182,26.877755285928973,-7.1129358568580905,1.7837290391052534,0.19879518072289157,0.11999999999999997,2,Balanced,False,True,True,False,"B: go ~6 in WIDER, full-time (whiff 26%, 72th pct; width 21 in = 7 in narrower than typical for his 70-in height) [strong] | C: move ~2-3 in CLOSER to the plate (whiffs 33% outside vs 21% inside; 2 in farther off than typical for his height; watch inside pitches) [moderate]"
668904,"Lewis, Royce",R,2026,Twins,33.70517748340147,24.856831839279554,29.358003917206634,27.19299645310625,4.124351935405647,8.848345644121904,4.311616345526256,55.698697625584515,-14.459219094784764,15.647414658988813,13.935984555665936,-8.309716880619948,5.444772976692802,44.181528511720984,17.216776492412812,3.7467173936063594,927,74.12686084142395,8.057928802588997,11.277261370186745,-9.605915445497217,26.20083055496399,0.3294460641399417,0.30515463917525776,0.820919175911252,89.43963414634146,0.3475609756097561,0.37259146341463417,493,0.2515212981744422,0.07707910750507099,0.3055680486815416,0.32770860431654675,0.2968744406779661,72,0.03083416363858066,1.8048587569226548,1.0028673196883782,0.2739029311970488,1.4231355059002382,2,0.9999991818591284,0.3220108695652174,0.34812286689419797,0.35962877030162416,0.2727272727272727,0.721761658031088,29.70336523135245,27.549695322538916,-2.5103687782461996,1.808308594667718,0.3125,0.08690149757435145,1,Open-and-stride,False,True,False,False,"B: go ~6 in WIDER, full-time (whiff 31%, 91th pct; width 27 in = 3 in narrower than typical for his 72-in height) [strong]"
671732,"Butler, Lawrence",L,2026,Athletics,26.97579589014941,25.461282727101306,30.371876721341025,35.119844565092656,0.707315155651075,1.5145131630480917,8.345187947355655,41.876454068090496,-7.297465893100476,2.7648087999758895,14.998226563739905,2.075712888538767,-0.24341111159471482,46.03040129767109,10.916732772628876,4.112470824274959,914,72.68894967177242,6.96870897155361,5.296151730868753,4.840644799652726,31.323023727127524,0.246415770609319,0.23742454728370221,0.8186889818688982,89.28805031446541,0.330188679245283,0.39652698412698417,520,0.26153846153846155,0.11538461538461539,0.3238072846153846,0.3378260855614973,0.2878961095890411,75,0.049929975972456186,1.8336210600900023,0.571497448323955,1.4308791322118566,0.9769319097395208,3,0.9998632502569756,0.25252525252525254,0.2442002442002442,0.3048780487804878,0.2191780821917808,0.27557603686635945,31.716849648674348,28.55760537745383,3.402994916418308,1.8142713438871958,0.2630744849445325,0.08569996658870699,0,Square,False,False,False,False,
672515,"Moreno, Gabriel",R,2026,Diamondbacks,35.46455012479193,29.434913960030944,25.49870645645737,28.591782031725785,-21.730692483206727,6.029636164760993,21.906419560177138,35.89198441014367,0.3476151619897738,10.687854021219911,21.42181294599028,-21.254740903317295,-2.751434451905429,40.942687703762154,12.801208482638032,5.9361923595986585,927,70.70614886731393,7.008198489751888,8.25521802960205,2.5136436690363535,34.44193002501979,0.28825910931174087,0.1383975026014568,0.9186046511627907,89.15567010309279,0.38144329896907214,0.3793170103092784,532,0.14661654135338345,0.11090225563909774,0.36266674436090224,0.37605939726027393,0.35760112953367873,69,0.0184582677265952,-1.8450246429165686,-0.5164097006964645,0.11863379375830316,-0.4884435017790889,1,0.8624303443388144,0.2759776536312849,0.3205882352941177,0.18974358974358974,0.09342560553633218,0.7234133790737565,27.689880814030552,26.541785267624004,0.901901217695233,-1.0430788111666338,0.2559241706161137,0.09631798420725755,0,Balanced,False,False,False,False,
695578,"Wood, James",L,2026,Nationals,34.978036697070536,30.7870606529155,27.61798839770489,30.407234676716502,-21.642409733153645,4.190976044155027,-9.638639477127912,43.034319945277346,-4.689631440904973,15.458794169359958,23.394741223745008,-26.305307703309694,-0.36266887596371583,46.0238426196359,14.247509625996493,5.249420391923764,899,75.87853170189099,7.376529477196885,10.789728797168676,1.3124636503915985,39.12658630264397,0.21548575602629658,0.2831765935214211,0.8353474320241692,95.25853658536585,0.39634146341463417,0.5386128048780489,608,0.28618421052631576,0.16282894736842105,0.4056816644736842,0.43514599,0.34901950000000004,78,0.08612648999999994,-0.6415061194842204,0.4486534239498554,1.2868140400378207,0.580657982881655,2,0.9317219761949158,0.27522935779816515,0.18756698821007503,0.36024844720496896,0.29449838187702265,0.3269828926905132,33.730334065996246,29.565515432368745,-3.3230993892797436,-1.9475270346638531,0.2431095406360424,0.0657500653279463,1,Open-and-stride,False,True,False,False,"B: go ~6 in WIDER, full-time (whiff 28%, 82th pct; width 30 in = 3 in narrower than typical for his 78-in height) [strong]"
665862,"Chisholm Jr., Jazz",L,2026,Yankees,31.965132470971092,28.020785369811417,26.063835821054475,25.657543681316646,-1.0202029654033993,3.9443471011596776,-3.067504835630292,63.4016654184801,-9.191154364896617,5.155946855777593,12.910717139377752,-11.824800511582698,3.622192448309594,36.74385052046459,10.323891684333166,2.390525544853387,926,71.97980561555076,7.824622030237581,15.032419330034074,-7.261902550593941,31.71600114172032,0.2897777777777778,0.2824742268041237,0.796875,89.06153846153846,0.3173076923076923,0.3712051282051282,526,0.29277566539923955,0.10456273764258556,0.29462053992395437,0.3197068943089431,0.2356596178343949,71,0.08404727647454821,0.6840653383478923,0.8190194852023773,-2.570852241214242,1.0042871654471413,3,0.9191921527661971,0.31699346405228757,0.2796092796092796,0.33225806451612905,0.2852664576802508,0.2861811391223156,29.03220375891182,27.213725304233947,-3.3746600775951734,-1.1498894831794715,0.2650273224043716,0.046991606835878275,1,Square,False,True,False,False,"B: go ~6 in WIDER, full-time (whiff 28%, 81th pct; width 26 in = 3 in narrower than typical for his 71-in height) [strong]"
808959,"Murakami, Munetaka",L,2026,White Sox,33.51763661882458,28.968449661605796,27.159448025059188,27.475859773035506,-8.593553147762702,4.549186957218798,19.303826308530258,37.85837769495117,13.523810056453975,4.885930472377234,21.668365085391486,-5.642032905463355,-2.529055067566926,47.455396973747284,19.207474325394248,2.306976507600787,900,73.86622222222223,7.823666666666667,18.89205160403904,0.1900078100346031,36.0273294967628,0.2217806041335453,0.39894179894179893,0.6951951951951951,93.60617283950617,0.30864197530864196,0.48118930041152264,531,0.3559322033898305,0.1713747645951036,0.3436649717514124,0.33817160975609756,0.3561776296296296,74,-0.018006019873532064,-1.2421319326810305,0.5711858358912857,1.1586534123035137,1.5631586520699963,1,0.9887671030959216,0.19329896907216496,0.23448275862068965,0.43526170798898073,0.381294964028777,0.31223628691983124,31.045688176233718,28.22163535914886,-3.569828403198212,-1.0621873340896713,,0.053966743960203734,1,Balanced,False,True,False,False,"B: go ~6 in WIDER, full-time (whiff 40%, 100th pct; width 27 in = 4 in narrower than typical for his 74-in height) [strong]"
668709,"Bleday, JJ",L,2026,Reds,33.09728156239735,27.423506153438748,31.31619020831144,34.69956417427575,-24.332536982412254,5.673775408958611,10.058637101424367,31.31495552390984,0.3417585081636903,11.65713946457921,20.402716380128318,-46.938155939030985,0.883221587007283,43.45946351652251,8.445900244784234,2.6232116484027657,913,72.86462212486309,7.253997809419496,13.677322834755895,-8.960112973378012,32.49198086320399,0.22930542340627974,0.24790794979079497,0.8415147265077139,88.18835820895522,0.408955223880597,0.3789670658682635,528,0.2196969696969697,0.13446969696969696,0.3440575681818182,0.36362518205804745,0.29428491275167784,74,0.0693402693063696,-0.25796985612844286,-1.7294138594043325,1.953071874721895,-0.01791794635525761,2,0.9996860543765846,0.264026402640264,0.21524064171122995,0.3708609271523179,0.2087912087912088,0.28248315688161696,31.045688176233718,28.22163535914886,3.6538759980420323,3.0945548491625807,0.25267993874425726,0.1620697183611091,1,Open-and-stride,False,False,True,False,C: move ~2-3 in CLOSER to the plate (whiffs 37% outside vs 21% inside; 3 in farther off than typical for his height; watch inside pitches) [moderate]
702332,"Durbin, Caleb",R,2026,Red Sox,29.370862133166977,30.73344336317963,26.038176546090384,27.19867193388123,-5.980803420182748,-1.3625812300126594,-22.971965795951267,61.06549810429527,-12.809055222590159,-0.04185604281621512,11.02404358382039,-7.5118434910921055,-0.7171804125851514,39.255660234401006,10.748479571216105,1.2893117771918186,892,68.50582959641255,6.971748878923767,9.563258559513812,-0.7294836669070711,29.33333667283434,0.2762906309751434,0.1488469601677149,0.9052631578947369,81.53349056603774,0.3089622641509434,0.287484412470024,573,0.13612565445026178,0.08726003490401396,0.29363459685863874,0.3108121025641026,0.28720847961630697,66,0.02360362294779561,1.3274663838154062,1.5278361147066295,-2.4250364613451936,1.326769725234327,1,0.9883119222493629,0.2804232804232804,0.2655172413793103,0.18478260869565216,0.1206896551724138,0.7195589645254075,25.676396396708654,25.53387521270909,1.5222755371725754,0.5043013333812922,0.24334140435835352,0.06409295352323836,0,Balanced,False,False,False,False,
543807,"Springer, George",R,2026,Blue Jays,21.91934265535738,26.7013786607646,26.800987709090176,29.53784222972202,-2.6836481664135245,-4.782036005407224,-0.0056038408083158445,55.13187954322629,-1.3358253481119318,4.419387312373613,10.560456653353206,0.782883955625829,-2.163479040612786,37.803066687140486,7.098140477101154,3.925710266553037,885,72.36361581920904,7.437062146892655,9.542433536957947,1.0611995558512457,33.724519828656646,0.2541544477028348,0.21212121212121213,0.8766140602582496,88.42049861495845,0.31024930747922436,0.3259196675900277,506,0.18181818181818182,0.09288537549407115,0.3058846007905138,0.2838000779220779,0.31554657954545456,73,-0.031746501623376666,0.7356228243271449,0.6275951971498323,-1.8471693382088468,0.44594306148330104,3,0.9997596669490144,0.2612244897959184,0.2361111111111111,0.2680652680652681,0.1794871794871795,0.701913393756294,30.37452670379308,27.88566534084389,-0.8366844740710597,-1.0846776317537135,0.20606601248884923,0.0885780885780886,0,Square,False,False,False,False,
701675,"Church, Nathan",L,2026,Cardinals,30.140077229695464,29.443916143757217,28.211428456498865,32.62454702966539,-11.369280628756664,0.6961610859382568,19.296275056571528,46.765455004165105,-9.37772751551138,-4.414590746022194,14.539428341575444,-25.90359236493921,-0.010691523452905426,39.69926820836606,8.07368719482519,9.530622363294015,910,68.7232967032967,7.028241758241758,5.103381084922932,2.2531551979501954,31.97706059296572,0.4175824175824176,0.189873417721519,0.8641975308641976,83.85907780979828,0.35446685878962536,0.31796820809248555,455,0.16923076923076924,0.054945054945054944,0.28703365274725273,0.2920029378531073,0.2696165544554455,70,0.022386383397661802,-0.2620516199778862,-0.8988845821195407,0.09816754917584249,-0.8304687338751543,2,0.9622194706430159,0.3791208791208791,0.4271978021978022,0.22857142857142856,0.1553398058252427,0.20950704225352113,28.361042286471182,26.877755285928973,4.263504743194211,1.3336731705698917,,0.07323162274618586,0,Open-and-stride,False,False,False,False,
642715,"Adames, Willy",R,2026,Giants,30.65339905532616,30.0510968072877,29.169811239223318,32.06777132079052,0.19393772272550142,0.6023022480384629,-17.335991603435797,39.0623214454278,-12.095183857711392,3.1003458387422995,12.628207026321284,10.69555359048833,-2.0246723244248406,41.01056088762543,7.375178900064974,5.86509512006877,917,71.37273718647765,8.183860414394767,15.435099561415477,-3.9428495308036573,33.54756010149528,0.3151219512195122,0.2710084033613445,0.8410174880763116,87.38527607361962,0.3773006134969325,0.37351533742331294,505,0.27524752475247527,0.07326732673267326,0.2951912,0.3018443211678832,0.29271435869565215,72,0.009129962472231024,1.8506115936015697,2.017416717364965,-0.19277073669906858,-0.6320077342901653,3,0.999999896086779,0.3129973474801061,0.3210332103321033,0.3463541666666667,0.20677966101694914,0.7296614451743305,29.70336523135245,27.549695322538916,2.36440608943807,1.6201159166844015,0.26717557251908397,0.13957450564971755,1,Square,False,False,True,False,C: move ~2-3 in CLOSER to the plate (whiffs 35% outside vs 21% inside; 2 in farther off than typical for his height; watch inside pitches) [moderate]
665161,"Peña, Jeremy",R,2026,Astros,32.65965898082824,28.197866346405906,27.377209276423553,35.327346625583914,-22.026894682290507,4.461792634422333,44.66299080396076,53.17320694008523,2.0120005433938286,7.4967714976329365,17.897850332946657,-34.48872947725243,-2.8591187643374707,44.17830584299193,10.951529616671998,1.5611866779566244,908,71.35495594713657,7.4694933920704845,12.263853834106623,-7.170337931251426,30.9422824027859,0.39082969432314413,0.2939914163090129,0.8432055749128919,88.5993690851735,0.35646687697160884,0.40039747634069395,462,0.24025974025974026,0.05194805194805195,0.32523110822510826,0.3362954716981132,0.3219366629213483,72,0.014358808776764875,-1.0374267045061578,-2.40745070141704,0.3379911219510605,2.3305960702531676,2,0.9997016441698499,0.39363241678726485,0.38222222222222224,0.4263959390862944,0.17549668874172186,0.7731290512669416,29.70336523135245,27.549695322538916,5.623981394231464,-0.17248604611536322,0.35553168635875404,0.25089925034457256,0,Open-and-stride,False,False,False,False,
686527,"Canzone, Dominic",L,2026,Mariners,38.414736125028604,31.83475555495438,29.918431648994012,28.306801008827314,-11.20232155989013,6.579980570074211,-6.779331677643161,28.395465545082313,5.50699880682527,9.097703399351838,20.75869489489533,-21.7607240380067,2.6251060356937668,41.45072127839647,11.227818624205042,8.058108098984263,894,73.3555928411633,7.350782997762864,12.680272425025693,-0.9731130695409252,32.04179792317747,0.34705882352941175,0.24890350877192982,0.8486486486486486,91.1128205128205,0.3646723646723647,0.41615384615384615,510,0.21176470588235294,0.08823529411764706,0.35403013333333333,0.35202739522546417,0.35970706766917293,72,-0.007679672443708763,-0.9148881168036616,0.7949165663220414,1.2084435961060316,-1.7012437506182314,1,0.9413517551057772,0.28027681660899656,0.3734610123119015,0.2857142857142857,0.23492063492063492,0.2872727272727273,29.70336523135245,27.549695322538916,-1.3965642225251358,2.368736326455096,0.36988847583643125,0.05079365079365078,0,Balanced,False,False,False,False,
641343,"Bauers, Jake",L,2026,Brewers,28.69390518281745,32.84543170888942,27.970692011756224,18.741284204628723,-28.420856954096315,-4.1515265260719865,12.591871331349678,30.038720243103533,2.2256787300998067,22.340986344834217,24.8471865815345,-27.06636292795728,3.622130140888605,37.18469938600374,18.0638409598402,2.2105356900077964,862,75.67436194895592,7.615313225058004,10.308337852325684,-0.445539383898851,34.66208080509706,0.21428571428571427,0.2722400857449089,0.8455772113943029,92.20809061488673,0.3883495145631068,0.4587184466019417,556,0.26258992805755393,0.1672661870503597,0.3787472158273381,0.3855352537313433,0.36102779220779224,72,0.024507461523551044,-2.797090413998864,0.44419394197420253,-0.3901484251901358,-0.8225362375853539,2,0.6856836215084829,0.2329192546583851,0.2076923076923077,0.32857142857142857,0.27976190476190477,0.2803778445684843,29.70336523135245,27.549695322538916,-10.962081026723727,0.4209966892173078,0.20134228187919462,0.0488095238095238,1,Open-and-stride,False,True,False,False,"B: go ~6 in WIDER, full-time (whiff 27%, 76th pct; width 19 in = 11 in narrower than typical for his 72-in height) [strong]"
514888,"Altuve, Jose",R,2026,Astros,27.749395742026554,12.348347048616603,32.64305588109134,28.92640635804121,-13.42669843528103,15.401048693409948,3.2906312914155778,19.910096260629473,-24.841511502742833,-33.59465963491041,27.14373844156426,-64.55356136273917,24.666775199211468,38.75007212422658,10.758579962894224,6.537475529652854,863,67.80475086906141,7.615874855156431,13.953986727679771,-1.8274234381428602,27.899388371495846,0.36719478098788444,0.2065677966101695,0.8763636363636363,84.56040609137057,0.3248730964467005,0.3018956743002545,551,0.19782214156079855,0.07259528130671507,0.2730982940108893,0.3099177878787879,0.2614988353221957,66,0.048418952556592176,1.3323816068190812,-1.3298277650105272,3.017364540938407,-3.077961250897212,4,0.9999999241490471,0.3754601226993865,0.34108527131782945,0.24468085106382978,0.22039473684210525,0.7534740092640247,25.676396396708654,25.53387521270909,3.2500099613325553,7.109180668382251,0.38424821002386633,0.024286114221724525,2,Wide-and-quiet,True,False,False,True,"A: stand ~6 in DEEPER vs same-hand pitchers (chases 38% vs same-hand, 34% vs opposite) [moderate] | D: stand ~3-4 in DEEPER, full-time, for deeper contact (sweet-spot 32%, contact 15 in out front) [moderate]"
553993,"Suárez, Eugenio",R,2026,Reds,34.45405957727767,20.914675051143107,24.39820414371867,21.523806306585332,-27.79230529935883,13.539384526134574,33.543536316780326,25.7621131318786,27.715655262637945,13.729900911626883,21.4729358650409,-24.64461394591388,-2.104099143346354,35.54497931799692,13.243931541675934,4.231574456504953,846,71.61241134751774,7.781205673758865,17.995620643774267,-4.386487375786381,39.02983622816909,0.2813688212927757,0.3082872928176796,0.8160919540229885,88.47976653696499,0.3968871595330739,0.39629961089494165,482,0.33402489626556015,0.1078838174273859,0.2985099585062241,0.3186873548387097,0.2915211396648045,71,0.027166215173905217,-3.215029377755213,-1.3068480554844029,-0.5769587620375125,-1.8098016922509683,4,0.9998824979112735,0.29726027397260274,0.2453416149068323,0.38974358974358975,0.25630252100840334,0.7144298688193743,29.03220375891182,27.213725304233947,-7.508397452326488,-2.815521160515278,0.30989180834621327,0.1334410687351864,1,Wide-and-quiet,False,True,False,False,"B: go ~6 in WIDER, full-time (whiff 31%, 93th pct; width 22 in = 8 in narrower than typical for his 71-in height) [strong]"
656775,"Mullins, Cedric",L,2026,Rays,28.15664505619453,30.43798178511296,25.079558430227305,34.36989976091245,-13.353843003136646,-2.2813367289184217,13.557593733197958,40.40760317463563,0.7406889790308158,11.481585780050237,6.597815592364591,-54.66240905643531,-3.8205011526190735,36.39813551049802,1.8500749658217188,2.2912313436199705,882,70.20963718820862,7.426303854875283,11.827767982987435,-4.985347731274242,29.915236679138513,0.30980392156862746,0.2017167381974249,0.8557377049180328,84.7135294117647,0.26176470588235295,0.27191566265060235,489,0.1901840490797546,0.08793456032719836,0.2646632965235174,0.28056921179624666,0.21351755172413792,67,0.06705166007210875,-0.018076501963628085,-2.4767290204409758,-2.2157618711202605,-0.5843001620302756,4,0.9926286734789649,0.3320610687022901,0.3021108179419525,0.2017291066282421,0.19649122807017544,0.2468220338983051,26.347557869149284,25.86984523101406,8.022341891763169,-0.7902868007867561,0.2667964946445959,0.00523787855806665,0,Wide-and-quiet,False,False,False,False,
805300,"Marsee, Jakob",L,2026,Marlins,33.389658741075664,30.827333733249354,27.834143211992075,25.380984008594112,0.870680980667643,2.5623250078263147,7.535647092551188,32.15346316799518,2.278665868091141,-22.650732047237796,22.120724504790555,-20.988114719462498,9.962137172304848,42.7836007664042,16.60297694213987,5.104332884856949,851,69.49271445358403,6.706815511163337,6.3731012598356145,-4.797979356663249,32.11719817951559,0.2175767918088737,0.1635969664138678,0.9296407185628742,85.49007832898172,0.360313315926893,0.3211455026455026,604,0.20364238410596028,0.12748344370860928,0.3099273907284768,0.31456727586206895,0.2945494857142857,72,0.020017790147783265,-0.6656286648786066,1.0135317049923358,0.6490619123939849,-0.5215172654584279,1,0.860068156689846,0.24,0.21070234113712374,0.23529411764705882,0.15501519756838905,0.2339409722222222,29.70336523135245,27.549695322538916,-4.322381222758338,0.28444788945315835,0.2004950495049505,0.08027892007866977,0,Balanced,False,False,False,False,
606192,"Hernández, Teoscar",R,2026,Dodgers,30.4699759651547,31.539838308252673,30.293319683248097,28.304634439343253,-7.136284583751793,-1.0698623430979737,-11.180148459296221,29.80094571013453,1.4463800564891518,17.191598017707005,10.680298757361667,-5.978199030795721,-2.7036743608640945,37.99887614727925,7.710609587690932,4.057769791121435,853,71.65545134818288,7.718874560375147,10.4332015358051,1.2891645528515632,33.292523917987666,0.304,0.297085201793722,0.7959183673469388,90.18963210702343,0.3411371237458194,0.4198227424749164,473,0.27061310782241016,0.08879492600422834,0.33077741226215646,0.39576673972602744,0.3017607706422018,72,0.09400596908382564,0.5914156657247742,1.132869808198167,-0.5643770582279085,-1.3611630678801534,1,0.8317094294242294,0.2956259426847662,0.32047477744807124,0.46710526315789475,0.20253164556962025,0.6921038685744568,29.70336523135245,27.549695322538916,-1.3987307920091965,2.7436243607091804,0.30327056491575816,0.26457361758827447,2,Balanced,False,True,True,False,"B: go ~4 in WIDER, full-time (whiff 30%, 88th pct; width 28 in = 1 in narrower than typical for his 72-in height) [strong] | C: move ~2-3 in CLOSER to the plate (whiffs 47% outside vs 20% inside; 3 in farther off than typical for his height; watch inside pitches) [moderate]"
683146,"Baty, Brett",L,2026,Mets,29.433378537040493,28.157779540709182,29.75844225062766,30.633610328556095,-6.937166851041083,1.2755989963313146,-17.262125245504265,51.21712705710242,-8.646322163955574,-21.75056127587427,15.796055634017668,-10.482028389634285,0.5018837165171454,42.34262224859589,10.195555731400184,5.587459849968949,863,74.4531865585168,7.454924681344148,10.58186728609285,2.314882647877773,37.47340785185898,0.2894168466522678,0.2730299667036626,0.8325434439178515,90.23931034482759,0.3724137931034483,0.38734137931034485,460,0.26521739130434785,0.09565217391304348,0.31729117391304346,0.32699167914438504,0.27510525581395345,75,0.051886423330431586,1.16950287137,1.1112580311136884,0.279014888401582,0.32754290605480957,1,0.9352141193808892,0.22905027932960895,0.3038821954484605,0.3003194888178914,0.2534246575342466,0.19251626898047722,31.716849648674348,28.55760537745383,-1.0832393201182526,1.2008368731738308,0.25,0.0468948312836448,1,Balanced,False,True,False,False,"B: go ~4 in WIDER, full-time (whiff 27%, 77th pct; width 31 in = 1 in narrower than typical for his 75-in height) [strong]"
669003,"Mitchell, Garrett",L,2026,Brewers,29.079621155419353,29.573428668829827,29.149480971660456,28.03927092166374,-25.565107079444147,-0.4938075134104672,3.1563578718411858,22.31533551637272,-1.7823180492148853,23.02309721938476,23.25615252183578,-24.20491581615826,-1.8857427189154574,43.71981350241364,15.366270704327839,4.815997778091077,853,76.752754982415,7.2060961313012895,8.422057801891675,6.94937570623188,30.511276824579603,0.22580645161290322,0.3325917686318131,0.7745839636913767,92.8979020979021,0.3321678321678322,0.47838732394366196,515,0.312621359223301,0.11262135922330097,0.3500185087378641,0.35786353846153846,0.325542016,74,0.032321522461538466,-1.0805693952439785,0.2132296095296162,1.8328482882472628,-0.9913282768163286,1,0.666207917060388,0.1826086956521739,0.23786407766990292,0.41830065359477125,0.30103806228373703,0.23823386705482774,31.045688176233718,28.22163535914886,-3.0064172545699783,0.9278456125115966,,0.11726259131103423,1,Balanced,False,True,False,False,"B: go ~6 in WIDER, full-time (whiff 33%, 96th pct; width 28 in = 3 in narrower than typical for his 74-in height) [strong]"
664023,"Happ, Ian",L,2026,Cubs,33.84227634641474,30.789057782647273,25.65800257597941,25.83695350617944,-0.8929680441187622,3.053218563767483,-4.565602005047591,40.187106447651956,-15.249795954833214,-2.9826488604051526,15.681904649874506,-8.861317684525567,2.9736535566946434,39.06714488685221,12.785511471698193,3.543042087589759,859,70.72537834691502,6.733876600698486,10.954006763870648,-3.413971931554585,34.60167541902472,0.2196478220574606,0.2745762711864407,0.7987616099071208,90.00676691729323,0.3533834586466165,0.4075056603773585,473,0.28752642706131076,0.14587737843551796,0.33140101479915435,0.33140101479915435,,70,,0.7337692283979059,1.54925119663266,-1.4160138929564183,-0.424234127075138,1,0.5954472158679704,,0.2196478220574606,0.3312302839116719,0.20955882352941177,0.0,28.361042286471182,26.877755285928973,-2.5240887802917413,-1.2197527099495638,0.21114683815648447,0.12167146038226015,1,Balanced,False,True,False,False,"B: go ~6 in WIDER, full-time (whiff 27%, 78th pct; width 26 in = 3 in narrower than typical for his 70-in height) [strong]"
643217,"Benintendi, Andrew",L,2026,White Sox,36.382236976508075,28.854298775459277,23.24037928073571,23.850239068637915,-11.406405710930224,7.527938201048805,-9.80836263102507,55.973469334562466,-7.041962204945644,0.46076712386220253,23.46023420975276,-6.926748785888487,-1.7804299504199577,44.19734342997546,19.054223818523248,4.10562858421917,841,69.44554102259215,7.109631391200951,16.03119492048843,-5.713963632418835,30.83571206592779,0.33881578947368424,0.25984251968503935,0.801038062283737,88.93387622149838,0.3811074918566775,0.3684918032786885,455,0.23516483516483516,0.07912087912087912,0.31004165274725276,0.31669323529411764,0.25230025531914896,69,0.06439297997496868,-0.7120588499516537,1.8010517766213188,-0.7089359536921764,1.3864690156018227,1,0.999707714865687,0.40860215053763443,0.3308913308913309,0.301994301994302,0.22764227642276422,0.10935672514619883,27.689880814030552,26.541785267624004,-3.839641745392637,-3.3014059868882946,0.29330254041570436,0.07435202557153778,1,Balanced,False,True,False,False,"B: go ~6 in WIDER, full-time (whiff 26%, 69th pct; width 24 in = 4 in narrower than typical for his 69-in height) [strong]"
807712,"Keaschall, Luke",R,2026,Twins,33.624684302230726,25.676846828038087,26.649084289516775,35.63203097698036,-18.008891689032957,7.947837474192625,17.610969390983893,62.97630367931241,-3.1343438254127367,-0.45180807583278926,15.81571449186512,-38.8388734368782,-1.1464939321390302,38.79751608875385,3.624670447510155,8.96703332584854,843,68.4552787663108,6.694424673784104,10.54562969900733,-4.5446848145859535,37.35314161363287,0.2279475982532751,0.1579497907949791,0.909221902017291,84.83233944954127,0.3761467889908257,0.30837096774193556,603,0.14262023217247097,0.09286898839137644,0.31658773466003315,0.3119534769230769,0.31880263725490193,72,-0.006849160331825033,-0.6897626277711608,-2.157422198987041,-0.5044474354576646,0.1321833670077316,2,0.7535699745594169,0.22420382165605096,0.2361111111111111,0.16945107398568018,0.17578125,0.6728971962616822,29.70336523135245,27.549695322538916,5.92866574562791,-0.9006110330221411,,-0.006330176014319816,0,Open-and-stride,False,False,False,False,
803011,"Antonacci, Sam",L,2026,White Sox,31.123468216849634,30.327902188812047,24.25490025360589,39.39071009181782,-6.8315999326007475,0.7955660280375829,10.19939853093709,64.90266027478349,-0.3892078104834285,8.45237763053158,8.992572746712758,-46.66295315541286,2.318296361787106,40.77122504382902,0.9657822015425879,5.090056238104493,850,68.71164705882353,6.586235294117647,7.015795822705193,8.665378142112646,38.702798224854284,0.21851145038167938,0.1258426966292135,0.9196969696969697,86.96020942408376,0.38219895287958117,0.3469868073878628,536,0.15111940298507462,0.07835820895522388,0.33795454477611936,0.3513362990654206,0.2849231481481481,71,0.06641315091727246,0.3097789696851642,-2.291147365937123,-1.8341465950185591,1.2993111518375213,4,0.5720411613530847,0.25225225225225223,0.20944309927360774,0.12422360248447205,0.1446280991735537,0.20761904761904762,29.03220375891182,27.213725304233947,10.358506332906003,-2.9588250506280573,,-0.02040449668908166,0,Wide-and-quiet,False,False,False,False,
660670,"Acuña Jr., Ronald",R,2026,Braves,30.465931366690437,30.240530642066847,25.773016208251555,33.87755202509107,-20.405412287159294,0.22540072462358823,3.5456422529655662,45.26715029672178,-9.17287808536405,-29.307227387808076,20.82021865850034,-38.017967117728176,2.3880326296322982,43.193555759919626,9.671705742512302,9.38255250375577,834,74.7820143884892,7.565707434052758,10.704106876147156,4.7668621456939215,37.05324279661018,0.2831858407079646,0.2622767857142857,0.8009868421052632,89.58141891891893,0.3547297297297297,0.4301114864864865,456,0.22149122807017543,0.1162280701754386,0.367076350877193,0.34820318881118884,0.37569891373801917,72,-0.027495724926830334,-0.8463543141735606,-0.8147550345605327,0.705347827465741,-0.5512155241570724,2,0.9919852319990735,0.297583081570997,0.2563380281690141,0.3354632587859425,0.2108626198083067,0.6477334789732386,29.70336523135245,27.549695322538916,4.17418679373862,-1.7766791142873615,0.23130034522439585,0.12460063897763582,0,Open-and-stride,False,False,False,False,
800050,"DeLauter, Chase",L,2026,Guardians,28.981357392361353,25.902779090484728,28.829726395499144,31.771218407154805,-18.66387008960128,3.0785783018766186,21.660421937739397,45.16620450300213,3.7745722635414984,7.724295251818107,22.18188581412543,-27.5687121004009,0.18896310535327682,38.72576326967617,7.102705366419713,15.757809579389274,834,70.74616306954437,7.120863309352518,4.1613993047351245,1.4143549444921588,28.99894333256296,0.21408711770157554,0.13522727272727272,0.9258114374034003,91.35792079207923,0.3589108910891089,0.36251364764267996,540,0.1425925925925926,0.10555555555555556,0.3450770888888889,0.36269893766937666,0.3070509941520468,75,0.05564794351732988,-1.6972083698118279,-1.2424822124250428,0.9210399705069092,-1.2750770777108633,2,0.983368821654495,0.25297619047619047,0.19650067294751009,0.15017064846416384,0.1519434628975265,0.31685069611137784,31.716849648674348,28.55760537745383,0.0543687584804573,0.27212101804531486,,-0.0017728144333626628,0,Open-and-stride,False,False,False,False,
671976,"Peters, Tristan",L,2026,White Sox,30.73659949862513,26.06916869814677,29.667528289053433,30.17423225077289,-5.392037014860646,4.6674308004783525,-29.384504662336315,54.49143895534259,-13.944775908021459,-15.871128695939081,18.955658610611337,-26.108255315576393,7.517149053593609,44.620288559877416,12.22162284897911,5.2570903798102755,839,68.81680572109654,6.873063170441001,13.244690090974922,-3.4689302122870442,30.02362714504586,0.3219741480611046,0.20601336302895323,0.8603531300160514,84.02529761904762,0.3482142857142857,0.3423343373493976,472,0.1843220338983051,0.07838983050847458,0.31270443220338984,0.31664246078431374,0.2875995,72,0.02904296078431373,1.6274052451687633,1.0180314404652873,0.9306111062990124,0.6910715526093336,1,0.9829539265413161,0.24545454545454545,0.3333333333333333,0.20648967551622419,0.23448275862068965,0.13329383886255924,29.70336523135245,27.549695322538916,0.47086701942043874,2.1178329665145164,,-0.027993083104465466,0,Balanced,False,False,False,False,
676609,"Caballero, José",R,2026,Yankees,33.16939603353421,17.507648119419816,23.83913563863707,29.732025470607965,-22.10785479803784,15.661747914114404,32.740925492154915,57.696414125442864,2.554930092154343,1.0895788566755404,17.623106517625978,-27.193382482699676,-3.72583575880624,37.046136394650006,8.445216840179704,6.9812456473477855,815,67.98723926380367,6.790920245398773,10.110744468113426,-0.1215689265746591,30.89074337373478,0.36046511627906974,0.24688561721404303,0.8163265306122449,80.76996699669968,0.34983498349834985,0.3329630872483222,444,0.23873873873873874,0.060810810810810814,0.279261036036036,0.27297875,0.2822765333333333,69,-0.00929778333333331,-1.427090092620102,-2.223539871937816,-0.9698336625131795,-0.06647580405365106,4,0.9999995674184093,0.36421725239616615,0.353125,0.2864721485411141,0.2217741935483871,0.6600901916572717,27.689880814030552,26.541785267624004,2.0421446565774133,-2.702649628986933,0.2747395833333333,0.06469795499272699,0,Wide-and-quiet,False,False,False,False,
680757,"Kwan, Steven",L,2026,Guardians,28.083396484583993,31.609286223195443,22.737762790038296,7.969325871576007,-9.605856382216576,-3.525889738611455,14.036885135065818,37.51428744479009,-2.1400462809757856,5.081512256243756,29.87547851418293,-4.2375375121016585,1.3480246446927353,35.752637963071194,27.772877328966093,2.729142096698099,829,61.82496984318456,6.122557297949337,1.2224972372835001,1.1881626467864173,36.465841849949925,0.1965881397238018,0.06423034330011074,0.9712121212121212,82.13653846153846,0.42948717948717946,0.3039157667386609,621,0.0998389694041868,0.13043478260869565,0.3257920966183575,0.3306891670588235,0.3151734489795918,68,0.015515718079231688,-2.733051120939915,2.0592519529673226,-1.9585488433659413,-0.5859049570922368,4,0.9999999999989946,0.205,0.19253910950661854,0.08093994778067885,0.04285714285714286,0.3190984578884935,27.01871934158992,26.205815249319034,-19.049393470013914,-3.468052459280738,0.22685185185185186,0.038082804923535996,0,Wide-and-quiet,False,False,False,False,
621020,"Swanson, Dansby",R,2026,Cubs,33.89581928600247,31.900991897121777,27.36735613827539,22.57243263706611,-13.919215545006388,1.9948273888806909,0.47210698327512496,38.81584682523168,-2.5444394458514616,-13.5121519776028,16.095775395875553,-7.474596600817007,-4.803316509054995,34.844787691789946,11.251211049696778,5.733424144113622,827,70.88246674727932,7.5792019347037485,15.245831518984742,-3.554090314284218,34.759073970248714,0.2643080124869927,0.2908458864426419,0.8144499178981938,89.35798045602607,0.30618892508143325,0.35085947712418303,473,0.2346723044397463,0.10359408033826638,0.3047625200845666,0.27498858823529415,0.3167781127596439,72,-0.04178952452434975,-1.1063964659683505,1.1557385827513338,-1.5842870195369916,-1.468303577229909,1,0.9872263680913478,0.25392296718972895,0.2923076923076923,0.4065281899109792,0.24267782426778242,0.7141292442497261,29.70336523135245,27.549695322538916,-7.130932594286339,-0.18233918426352602,0.25267489711934155,0.1638503656431968,1,Balanced,False,True,False,False,"B: go ~6 in WIDER, full-time (whiff 29%, 84th pct; width 23 in = 7 in narrower than typical for his 72-in height) [strong]"
681715,"Hernández, Heriberto",R,2026,Marlins,33.87603373591145,28.149172548229284,28.24455406564973,33.98997723585645,-9.973391243965933,5.726861187682149,11.6302409146758,61.8480341727706,-14.878415567515692,5.556301896172557,13.261811794328368,-15.741326814292663,-2.784420802012569,43.768095247239906,10.621430217891422,4.048371856132672,827,73.57871825876663,7.704715840386941,13.374477031357076,-2.948031542730229,26.701102071644847,0.2379110251450677,0.30549199084668194,0.7961783439490446,91.20602006688962,0.33444816053511706,0.43592307692307697,485,0.27010309278350514,0.10309278350515463,0.34616126185567014,0.40599572151898733,0.31725042201834863,71,0.0887452995006387,1.0840763552326473,-0.42937558344326543,-0.1403417508011781,1.9716453135333056,4,0.5975851172341988,0.23768115942028986,0.23837209302325582,0.3545706371191136,0.26907630522088355,0.6743827160493827,29.03220375891182,27.213725304233947,4.957773476944631,1.0308287614157834,0.21660649819494585,0.08549433189823002,0,Wide-and-quiet,False,False,False,False,
666160,"Moniak, Mickey",L,2026,Rockies,29.830258350639564,26.188287566363677,30.119156024957363,32.57486882286676,-3.7582932925349413,3.641970784275869,0.6314151412246818,47.146926261859235,-10.216172797392012,-3.8830165558977754,9.939708165702811,-24.67731552240933,2.801502807892455,40.799773562349934,7.766110681643767,2.0800610489330253,848,73.48525943396227,7.796580188679245,13.710733613104122,-6.513088702290166,33.5681786828522,0.43586550435865506,0.28018223234624146,0.8465909090909091,89.66385964912281,0.3333333333333333,0.35589473684210526,429,0.2773892773892774,0.05128205128205128,0.27735829370629367,0.29810474117647057,0.198102202247191,73,0.10000253892927957,1.925280418315349,-0.383117961809386,-0.27406394926901595,0.5613862298878985,1,0.5981991088939287,0.45222929936305734,0.43188854489164086,0.309375,0.3065015479876161,0.20080321285140562,30.37452670379308,27.88566534084389,2.2003421190736816,2.233490684113473,0.3780025284450063,0.0028734520123839258,0,Balanced,False,False,False,False,
645277,"Albies, Ozzie",L,2026,Braves,37.82805169540023,35.867769002176644,22.91366127995301,39.47335998202919,-35.22597113069989,1.9602826932235822,11.97545778718344,43.241015906371615,-11.100631274701664,-5.352546906754388,23.32158880931967,-64.26414590876493,-2.1039520984792808,37.47536090082288,-1.4355814196151329,5.239231571021948,829,67.48564535585042,7.199879372738239,13.813989780538664,-5.421206798884101,36.26958896901712,0.34983498349834985,0.21257142857142858,0.8599640933572711,87.45778546712802,0.33217993079584773,0.2824117647058823,407,0.18181818181818182,0.08845208845208845,0.27349502702702705,0.27349502702702705,,67,,-1.989587201587016,-2.799667053537613,-1.2150882092876134,-0.5928222623718793,2,1.0,,0.34983498349834985,0.19436619718309858,0.228310502283105,0.0,26.347557869149284,25.86984523101406,13.125802112879903,-2.9561839510610497,0.30616509926854757,-0.03394430510000643,0,Open-and-stride,False,False,False,False,
683953,"Bazzana, Travis",L,2026,Guardians,33.92900638515649,30.52976769521049,26.884228022997082,25.675818535221087,-0.5558815792512405,3.399238689946003,15.670481872681496,60.78464218941682,-1.3886419169200537,-16.373205791585136,22.995787711451086,5.903345578486475,-3.134863423010552,41.55363108346575,15.91308614883043,7.303551193913117,806,68.90694789081886,6.9550868486352355,9.870661534208475,-0.7260324184960423,33.819996241909635,0.2631578947368421,0.21758737316798196,0.8813008130081301,87.23173652694611,0.31137724550898205,0.32153915662650606,498,0.20481927710843373,0.11044176706827309,0.3011635903614458,0.31995939534883716,0.2591781558441558,71,0.06078123950468134,-1.114823563334257,1.4792546464277925,-0.4117230829806006,1.1503689561084816,3,0.9969695862114842,0.2610062893081761,0.2641242937853107,0.22818791946308725,0.24444444444444444,0.31634712411705346,29.03220375891182,27.213725304233947,-3.356385223690733,-0.32949728123686484,,-0.016256524981357184,0,Square,False,False,False,False,
802415,"Simpson, Chandler",L,2026,Rays,21.520101088526875,26.295363695101795,30.805846786338446,31.39707995474959,-10.34719646194078,-4.775262606574919,10.340706835361827,58.953600744847265,-3.2640071522632454,2.1055791242774378,14.55701079828501,-22.15271606341468,-0.15587755745008655,43.62799415020287,12.0442141765263,1.5649725290779872,828,64.48695652173913,6.546376811594202,2.8665306700547992,4.9627209191896515,29.14627219991641,0.2990249187432286,0.08849557522123894,0.9424920127795527,80.66375711574953,0.2713472485768501,0.2683372093023256,607,0.07742998352553541,0.042833607907743,0.2634693574958814,0.2812066130653266,0.2296921913875598,71,0.05151442167776682,0.7904164924664036,-0.5948254972049933,0.3922466128779995,2.202469818479857,1,0.5595596846907077,0.367003367003367,0.26677316293929715,0.13380281690140844,0.0736196319018405,0.325801366263794,29.03220375891182,27.213725304233947,2.3648761958377698,3.592121482104499,0.30250783699059564,0.06018318499956794,0,Balanced,False,False,False,False,
592885,"Yelich, Christian",L,2026,Brewers,26.538480234301968,27.968764417339422,29.667264505706424,32.557982052757005,-0.5740902263049308,-1.430284183037454,12.014272051940383,39.566555060318166,-12.712817455751493,3.9571946364222916,17.487756761354092,7.9793766839986615,-3.1906240412822133,48.10549965157372,16.228566979715872,1.3079072572832318,841,72.21224732461356,7.515576694411416,10.850310168936304,9.034430574564846,36.74438540859425,0.2433206106870229,0.27608695652173915,0.8195488721804511,88.41980198019802,0.30363036303630364,0.37906622516556293,488,0.26844262295081966,0.09631147540983606,0.3058071229508197,0.3126539275766017,0.28675283720930234,76,0.025901090367299373,1.707310024850191,1.2247121445406135,1.4428286246343154,1.8822126892427846,3,0.9999424411255629,0.2564102564102564,0.23870967741935484,0.3197278911564626,0.27793696275071633,0.2665036674816626,32.38801112111498,28.893575395758802,0.1699709316420268,0.7736891099476217,0.257847533632287,0.041790928405746275,0,Square,False,False,False,False,
691026,"Winn, Masyn",R,2026,Cardinals,33.59511084942807,33.03028051837785,24.412112320907788,17.326740201612655,-36.67460205637104,0.5648303310502192,5.27242692360338,39.78070793971302,-3.603365435330141,-14.282558589329575,29.86099831766873,-14.152468951477706,-3.5805711588648603,38.959613137359206,21.43711781408778,8.141994717394958,824,70.48932038834951,7.286043689320388,5.348961541128127,0.3243939125694483,28.195922697613334,0.2413127413127413,0.21095571095571095,0.8717105263157895,87.88179271708684,0.3389355742296919,0.33031652661064426,521,0.21113243761996162,0.08829174664107485,0.29782046833013437,0.3123953576642336,0.29262057291666665,69,0.019774784747566942,-3.8846450681621083,1.3375690168897088,-0.23225947772487132,-1.090563305215929,2,0.999999367049401,0.24731182795698925,0.22602739726027396,0.27953890489913547,0.1659919028340081,0.7273603082851637,27.689880814030552,26.541785267624004,-10.363140612417897,-2.129672946716216,0.26229508196721313,0.11354700206512736,0,Open-and-stride,False,False,False,False,
686469,"Pasquantino, Vinnie",L,2026,Royals,32.16222650608126,29.30878781083778,31.48679279317097,36.81690788060487,-20.210547578564583,2.8534386952434936,33.80475120487127,56.71149457582286,1.8633591316262337,6.89447388713236,19.15930494452479,-45.69962484062164,1.7774949420881139,45.99493346874892,10.48768587980664,2.8682788501564045,817,69.79730722154223,7.280538555691554,10.978432758027003,-8.463443912172721,29.094979667098542,0.3018867924528302,0.14047619047619048,0.9216417910447761,89.90658682634731,0.3712574850299401,0.3541826347305389,462,0.15584415584415584,0.10822510822510822,0.33445369696969696,0.3584926826347305,0.27172696875,75,0.08676571388473048,-0.6743473867519777,-2.6009334773130677,1.6941641531713105,2.5237626508113435,2,0.994930491705743,0.32075471698113206,0.29514824797843664,0.16447368421052633,0.13829787234042554,0.26895799236224766,31.716849648674348,28.55760537745383,5.100058231930525,2.9291874157171414,0.3045202220459952,0.02617581187010079,0,Open-and-stride,False,False,False,False,
593428,"Bogaerts, Xander",R,2026,Padres,33.692106827547406,24.520979970713974,28.480603380151774,31.932586673757722,-4.9773608088425565,9.171126856833407,4.045964081111168,44.377264546409094,-19.649878576220804,11.824716203966728,14.429929723298741,-22.60466679167226,3.4922289667771684,43.19017854250248,11.884143817565885,3.301588632310894,801,71.48676654182272,7.275905118601748,10.29558270159917,-4.548013286379147,32.28891882033671,0.22805507745266781,0.21091290661070305,0.8648255813953488,89.5372549019608,0.2867647058823529,0.33774019607843137,594,0.17845117845117844,0.12289562289562289,0.3217398047138047,0.33130224203821657,0.3183043295194508,74,0.012997912518765753,1.9322437901761198,-0.06133008523056192,0.4408663379270085,0.4884817494156752,3,0.8933453197642625,0.22041763341067286,0.25,0.25129533678756477,0.1993006993006993,0.7371850564726324,31.045688176233718,28.22163535914886,0.8868984975240046,0.2589680210029144,0.23673870333988212,0.051994637486865475,1,Square,False,False,False,True,"D: stand ~3-4 in DEEPER, full-time, for deeper contact (sweet-spot 29%, contact 9 in out front) [moderate]"
671218,"Ramos, Heliot",R,2026,zMLB,26.802520936727728,27.98698487357218,29.11403467855321,25.874656711652182,-6.682204181941173,-1.1844639368444483,8.719622103731126,51.57828122078776,-14.350507238985994,-14.00683503378423,20.356818261029225,-4.796409332426399,-1.7048788102567236,41.29832520416937,15.96246105959871,5.7168513824437674,820,71.90768292682927,6.762682926829267,6.882888350756378,6.865291403670849,33.20356369728072,0.32875143184421535,0.2611764705882353,0.8561278863232682,92.16777777777777,0.34444444444444444,0.42224074074074075,425,0.2752941176470588,0.07058823529411765,0.3268518305882353,0.39618625925925927,0.30323000630914826,71,0.092956252950111,0.18873065703124065,1.1478692844466218,0.24159490729369126,0.5056307106218448,3,0.5418330654849728,0.3333333333333333,0.31666666666666665,0.3593220338983051,0.21725239616613418,0.7363744075829384,29.03220375891182,27.213725304233947,-3.157547047259637,1.9003093743192636,0.2994772218073189,0.1420696377321709,2,Square,False,True,True,False,"B: go ~6 in WIDER, full-time (whiff 26%, 70th pct; width 26 in = 3 in narrower than typical for his 71-in height) [strong] | C: move ~2-3 in CLOSER to the plate (whiffs 36% outside vs 22% inside; 2 in farther off than typical for his height; watch inside pitches) [moderate]"
680574,"McLain, Matt",R,2026,Reds,31.395202948704014,25.477480919209636,26.852859082947926,27.102968412596024,-13.085197238241905,5.917722029494374,-5.85064563783914,29.323173276419542,-8.479436844564209,-4.210307214229317,16.59080352069093,-11.032421082003047,-3.449460783670173,38.76058815306407,10.738192466717742,5.6119562776911955,794,70.86687657430731,6.876448362720403,10.890303654208845,1.0292452017552507,31.16478571249939,0.26409495548961426,0.2523696682464455,0.8422876949740035,86.36529209621995,0.38144329896907214,0.36254861111111114,482,0.27800829875518673,0.0975103734439834,0.295901510373444,0.3369661138211382,0.2818320222841226,68,0.05513409153701565,0.31457714259012565,0.8351269475443149,-0.17785953370196694,-1.7585140892694293,1,0.8505938759484205,0.26063829787234044,0.27413127413127414,0.31301939058171746,0.1975806451612903,0.744198040226921,27.01871934158992,26.205815249319034,0.08424907100610213,0.6470438336288922,0.26155187445510025,0.11543874542042715,0,Balanced,False,False,False,False,
694671,"Langford, Wyatt",R,2026,Rangers,34.01036254394275,26.529588128073303,26.55011006073139,28.5691241231715,-1.3309692721883049,7.480774415869437,8.601572295894794,30.497042571452194,-3.109237498529926,3.2921920315178244,21.005833046418367,3.450779888537038,-2.166423806390418,46.66500188546773,17.7121127282325,3.357632607110502,808,71.84443069306931,6.829207920792079,12.739187285320138,-5.463978544573759,31.027521221833275,0.26147278548559233,0.22235434007134364,0.8557046979865772,88.95993150684932,0.3356164383561644,0.36303767123287667,451,0.22394678492239467,0.1197339246119734,0.32449764079822613,0.30993750000000003,0.33189945150501676,72,-0.02196195150501673,0.40357349439790813,1.469384640772395,1.1694840869776373,0.4541121452743074,3,0.9963117138281532,0.25757575757575757,0.26822157434402333,0.277602523659306,0.17624521072796934,0.646604086140254,29.70336523135245,27.549695322538916,-1.1342411081809516,-0.9995852618075247,0.2359271523178808,0.10135731293133665,1,Square,False,False,False,True,"D: stand ~3-4 in DEEPER, full-time, for deeper contact (sweet-spot 34%, contact 7 in out front) [moderate]"
805999,"Ewing, A.J.",L,2026,Mets,33.22263986354345,24.669799237050594,22.952540498026025,34.092174177585484,2.863684458845135,8.55284062649285,7.806796810781789,43.34513756563031,-17.619358027091263,-9.63596378580746,13.323982791513298,1.7961018643278268,1.513626414014582,40.24755171125602,6.876716365385576,9.470302579799235,792,69.77613636363635,6.451388888888889,8.679930347754896,-1.0685671427619228,36.72598188811637,0.2649214659685864,0.22743259085580306,0.855,88.33517915309447,0.36156351791530944,0.3890429042904291,474,0.2510548523206751,0.09071729957805907,0.31767581434599157,0.3235193391304348,0.3020477829457364,70,0.02147155618469837,1.2967028466981723,0.5999300287949594,-0.9493876604334602,-1.1610609090123951,3,0.9937524281581918,0.22014925373134328,0.2823871906841339,0.3037974683544304,0.1774193548387097,0.28393051031487515,28.361042286471182,26.877755285928973,5.731131891114302,-3.9252147879029486,,0.1263781135157207,0,Square,False,False,False,False,
621493,"Ward, Taylor",R,2026,zMLB,31.80436238042175,32.20586731945337,26.260742702779172,17.32581702312956,-45.683727952593266,-0.4015049390316226,0.9242067768287954,35.912242693252544,-6.778540333778754,4.80192556718235,34.977856513006245,-19.788700815302903,-0.024738687161009812,40.205755946569795,22.83440663292779,6.669606795056028,797,67.96951066499372,6.879673776662485,6.302673835616381,0.22243915965230243,31.192263135457303,0.14885193982581155,0.1761297798377752,0.8888888888888888,88.71825613079018,0.37329700272479566,0.34706811989100816,606,0.2145214521452145,0.16336633663366337,0.3332349438943894,0.3485457916666667,0.32613426086956526,72,0.022411530797101453,-3.910399183493767,1.2460945781284276,0.7883419770334869,-0.909998915000452,2,0.9999569039193718,0.1378504672897196,0.171990171990172,0.21951219512195122,0.1349206349206349,0.6834589448631495,29.70336523135245,27.549695322538916,-12.37754820822289,-1.288952619759744,0.20268256333830104,0.08459156020131631,0,Open-and-stride,False,False,False,False,
702222,"Crawford, Justin",L,2026,Phillies,21.62419744386608,26.318718509268624,33.88493465528489,44.56302210888756,0.4527631881036431,-4.694521065402542,8.928465162016666,68.38000858985569,-16.26456513816124,-18.838566853813877,6.278345984513827,-21.99487235610401,3.3037273218345615,49.7635306596286,6.054901698430143,3.206889003396535,812,68.43953201970443,6.953940886699508,2.7967529721556623,11.931379990379765,28.603123208272855,0.37330037082818296,0.14736842105263157,0.9023508137432188,85.27130177514792,0.30177514792899407,0.31291265060240964,450,0.17555555555555555,0.06,0.28030330666666664,0.27588444444444443,0.307447746031746,74,-0.031563301587301584,3.5221419299744543,-1.2927501083716293,1.4438065093104817,2.9557608604446317,4,0.9905535638979301,0.4067796610169492,0.3675832127351664,0.155893536121673,0.1437125748502994,0.1433002481389578,31.045688176233718,28.22163535914886,13.517333932653841,5.663299296136028,,0.012180961271373608,0,Wide-and-quiet,False,False,False,False,
686681,"Massey, Michael",L,2026,Royals,30.387987770858864,24.009734999696033,29.70921118386369,30.9622673628622,-5.775847042796446,6.378252771162832,3.233373555656639,56.50223264859578,-7.579391425057601,-9.248078796840435,14.871353639811229,-29.253159630305333,5.396012979050041,41.04809163536264,9.627172091999611,3.4066187392982803,799,71.2177722152691,7.085732165206508,15.184591300917868,-0.45134913587491793,33.64863227931053,0.38242574257425743,0.18094089264173704,0.8884615384615384,88.33216374269006,0.38596491228070173,0.34596755162241893,435,0.16551724137931034,0.04827586206896552,0.30471879540229885,0.3185147820895522,0.25850224,72,0.0600125420895522,1.156186364378643,-0.5544059745907793,0.0015153076066390797,0.9531655076385467,4,0.7600719917720862,0.345679012345679,0.39164086687306504,0.2140221402214022,0.15087719298245614,0.2237093690248566,29.70336523135245,27.549695322538916,1.2589021315097497,2.159515861324774,0.3721881390593047,0.06314494723894606,0,Wide-and-quiet,False,False,False,False,
664770,"Lukes, Nathan",L,2026,Blue Jays,26.16717636152498,27.40534245191754,30.071113796940768,31.805549179210075,1.8154606159534168,-1.2381660903925582,-2.5931654092459913,31.666062516514597,-7.169206771347944,-2.6783944392600216,14.669432035359364,-18.231570055877885,6.925707853856811,45.216244676905255,12.471256391250044,1.7940605872651758,793,66.11651954602775,6.281210592686002,5.210058176802268,10.244088375241581,30.079358363897352,0.3412042502951594,0.1387900355871886,0.8880866425992779,85.02794117647059,0.3235294117647059,0.30563663663663665,433,0.14549653579676675,0.05542725173210162,0.29034479445727485,0.29904728205128206,0.2530939024390244,71,0.04595337961225765,1.8871556002502823,0.6314389548819085,1.112613441295902,0.3096588956979664,1,0.8454169677834149,0.3877551020408163,0.3314285714285714,0.16,0.11764705882352941,0.16972205795387343,29.03220375891182,27.213725304233947,2.7733454202982557,2.8573884927068214,0.32341526520051744,0.04235294117647059,0,Balanced,False,False,False,False,
663886,"Stephenson, Tyler",R,2026,Reds,30.564805937856075,27.801696316685064,28.461255629447557,33.017921598023236,-0.3719384923131676,2.7631096211710093,8.966543545738075,41.96976409890241,-17.560016070607745,-4.232500002382975,12.392551564132399,-11.642239577768134,2.861170977340272,40.09637411509602,7.935103509867837,4.89938075355726,778,69.89190231362468,7.365295629820051,12.39117051664836,0.7498541658515225,37.49145072694444,0.22464558342420937,0.24849939975990396,0.8755980861244019,90.94532374100719,0.420863309352518,0.40526618705035966,460,0.2717391304347826,0.10434782608695652,0.32583610434782606,0.31447060869565213,0.3296246028985507,75,-0.01515399420289859,1.671593622616935,0.1847547127141483,-0.33955926241704726,-0.28131759606008055,3,0.914167380246144,0.2366412213740458,0.1946564885496183,0.3242424242424242,0.20689655172413793,0.7258064516129032,31.716849648674348,28.55760537745383,1.3010719493488878,-0.09634974800627205,0.24592592592592594,0.11734587251828629,0,Square,False,False,False,False,
687093,"Grissom, Vaughn",R,2026,Angels,29.835255887155743,26.27916634706633,27.391944957784496,37.390132084470544,-14.301227350853255,3.556089540089425,-24.91024099114083,36.33672148846533,-18.592375021143074,-6.514400809058727,16.15366270166597,-46.31096584256542,4.3922982167189115,43.071980693443734,4.668849614355082,5.993100711708675,774,70.01382428940568,7.19250645994832,8.426032095878647,-0.2891342030501212,34.61101837509808,0.31126596980255516,0.19714964370546317,0.9006968641114983,87.0923076923077,0.3446153846153846,0.33651851851851855,451,0.18403547671840353,0.06651884700665188,0.30962878935698446,0.3235982923976608,0.3010974142857143,74,0.02250087811194651,1.8605045420953137,-0.5563256432114309,0.8266544711067235,-1.1025082781763873,2,0.8865803085815253,0.3201581027667984,0.29859154929577464,0.25066666666666665,0.20270270270270271,0.6048667439165701,31.045688176233718,28.22163535914886,6.344443908236826,-0.8296904013643633,,0.047963963963963935,0,Open-and-stride,False,False,False,False,
691594,"Sanoja, Javier",R,2026,Marlins,30.901969300845114,21.25945227155434,26.018763244896405,26.46741809805991,-19.19216708315223,9.642517029290783,-11.524685655838992,50.18353870143881,-2.688577844364706,-2.4828503120175696,16.899103309491164,-17.361495698993515,-4.125117942817368,39.209872730720484,11.364662196027798,4.701042373947231,786,68.3587786259542,7.358269720101782,4.82554550744139,-6.22574845437756,22.44900613986973,0.3906810035842294,0.1103030303030303,0.9317269076305221,86.18635235732009,0.34739454094292804,0.296365671641791,472,0.08050847457627118,0.057203389830508475,0.29343834745762715,0.3070166530612245,0.2872967753846154,67,0.0197198776766091,0.026002564700215787,0.24529737582103808,-0.6482381288362087,-0.2344233475008841,4,0.995701673842692,0.38095238095238093,0.4111111111111111,0.1308139534883721,0.08984375,0.6862133499688085,26.347557869149284,25.86984523101406,0.11986022891062476,0.14891801388234427,0.2909090909090909,0.0409702034883721,0,Wide-and-quiet,False,False,False,False,
689414,"Hicks, Liam",L,2026,zMLB,30.66119185151998,28.63926134031095,24.118317025607244,21.779020591426733,-36.2933421399595,2.021930511209031,15.961810479448692,59.25166043343406,11.617998707550028,-3.4250068985447726,30.375472653794695,-37.62076344875798,7.42734344970293,38.841904711001966,16.203063243455617,4.186346181855345,765,67.56379084967321,6.783006535947712,6.877116404761372,-5.224140801444293,31.840602474796036,0.2647342995169082,0.1051980198019802,0.9719101123595506,84.08626506024098,0.3180722891566265,0.3037222222222223,536,0.09888059701492537,0.10074626865671642,0.318644052238806,0.3397046745843231,0.2415438608695652,69,0.09816081371475788,-4.199586829219047,-0.8355325048128119,-0.8040213760288121,1.0430118381744067,2,0.9997124204378447,0.3096446700507614,0.2541766109785203,0.09523809523809523,0.1588785046728972,0.20132517838939856,27.689880814030552,26.541785267624004,-5.910860222603819,-2.42346824201676,0.17598908594815826,-0.06364040943480195,0,Open-and-stride,False,False,False,False,
608369,"Seager, Corey",L,2026,Rangers,32.92158500720287,26.619005713610036,29.1813741748306,31.787130637262518,-6.5745896899920115,6.30257929359284,-6.468269612517871,72.22238269091089,-6.116049437508436,-12.52219125067707,22.62299367065574,-7.214232654171957,-0.36631853673824755,51.960260787784115,19.089053350290435,3.270894732842646,760,70.89552631578947,6.638552631578948,14.320873733490101,3.5742112531833627,33.486028252747005,0.2805164319248826,0.2989949748743719,0.8132854578096949,91.6646840148699,0.3754646840148699,0.416635687732342,416,0.23317307692307693,0.10817307692307693,0.34911962500000004,0.3534180729927007,0.34082543661971826,76,0.012592636372982469,0.8068471460705545,1.0081133977418981,1.2309343034470932,2.912488513504505,4,0.999997683859446,0.2918149466192171,0.27495621716287216,0.3858520900321543,0.2288135593220339,0.33613989637305697,32.38801112111498,28.893575395758802,-0.6008804838524604,0.2877987790717995,0.23231132075471697,0.15703853071012042,2,Wide-and-quiet,False,True,True,False,"B: go ~4 in WIDER, full-time (whiff 30%, 88th pct; width 32 in = 1 in narrower than typical for his 76-in height) [strong] | C: move ~2-3 in CLOSER to the plate (whiffs 39% outside vs 23% inside; 0 in farther off than typical for his height; watch inside pitches) [moderate]"
703607,"Bolte, Henry",R,2026,Athletics,25.966404572143947,27.63049046316548,27.161099457915906,30.04307409483013,-12.761810637616195,-1.6640858910215448,13.848741747519728,58.35150228719322,5.868234495548423,0.08026033788571148,14.760440189243745,-15.159134169447702,-3.533400384217892,42.35929575613809,11.727459229302283,2.3298307731589993,772,75.97189119170984,7.534067357512954,6.306344626711329,6.100130813865229,32.71043764431883,0.28410372040586246,0.30677764565992865,0.8211243611584327,90.32996254681647,0.2883895131086142,0.3950301886792453,451,0.28159645232815966,0.08425720620842572,0.3192282749445676,0.3483380689655172,0.3054344183006536,75,0.042903650664863624,-0.474649748521497,-0.49246761384315474,-0.6756081262344039,1.943495300744023,1,0.8658745880593988,0.2934232715008432,0.2653061224489796,0.36741214057507987,0.31851851851851853,0.6702127659574468,31.716849648674348,28.55760537745383,-1.6737755538442194,-1.3965059195379226,,0.04889362205656134,1,Balanced,False,True,False,False,"B: go ~5 in WIDER, full-time (whiff 31%, 92th pct; width 30 in = 2 in narrower than typical for his 75-in height) [strong]"
669127,"Langeliers, Shea",R,2026,Athletics,35.01049947403663,28.499079135400056,30.97161320957596,34.03740418181969,-27.27313853890282,6.511420338636586,14.013128808446622,42.13179461873447,2.8266683173289846,3.503894957420261,20.317770592461255,-37.668888758210734,-3.7258629831260706,43.80670008130552,9.562299140255817,3.0987701631500024,782,74.27480818414323,7.162404092071611,11.239551869523606,-0.7338779569374096,31.089459156035538,0.3326110509209101,0.2620446533490012,0.8363970588235294,91.42697368421054,0.3881578947368421,0.4372105263157895,447,0.22818791946308725,0.07829977628635347,0.35886310514541386,0.3951761791044776,0.34331693290734827,71,0.05185924619712934,-0.8135294074884811,-1.5975167173582205,1.6024156468866355,0.873443723773202,2,0.9998495606852134,0.3476923076923077,0.2967032967032967,0.3674540682414698,0.11353711790393013,0.7023172905525846,29.03220375891182,27.213725304233947,5.005200422907869,3.757887905342013,0.3220164609053498,0.2539169503375397,2,Open-and-stride,True,False,True,False,"A: stand ~2 in DEEPER vs same-hand pitchers (chases 35% vs same-hand, 30% vs opposite) [moderate] | C: move ~2-3 in CLOSER to the plate (whiffs 37% outside vs 11% inside; 4 in farther off than typical for his height; watch inside pitches) [moderate]"
687859,"Johnston, Troy",L,2026,Rockies,34.21546155357159,33.97510388455732,25.68024075484111,19.31271952725081,-51.304584488593896,0.24035766901427905,-11.247690120467611,37.54349248188972,-3.4473155462267773,12.062862123856526,32.909547011868305,-27.91843701183422,1.2902717765632277,38.630258497137724,18.79453712065857,4.992615732836042,792,69.26982323232323,6.660227272727273,9.48439228339888,-0.16672542158449072,34.094353589054165,0.36,0.22209026128266032,0.8805970149253731,89.14760383386582,0.4217252396166134,0.3531378205128205,441,0.18140589569160998,0.08163265306122448,0.3267402358276644,0.3433026344410876,0.2769024727272727,71,0.06640016171381491,-3.7821067552732375,1.056012464443781,-0.04027281059638422,-0.8512206976275921,2,0.9999999972602165,0.3854166666666667,0.3525835866261398,0.26956521739130435,0.1828358208955224,0.2413151364764268,29.03220375891182,27.213725304233947,-9.71948423166101,-1.5334845493928384,,0.08672939649578196,0,Open-and-stride,False,False,False,False,
592663,"Realmuto, J.T.",R,2026,Phillies,28.84495697001075,30.949104082122094,27.93095686402587,26.013690919630168,-24.005152451509485,-2.104147112111339,16.290311749517024,37.975732674631246,-1.3856986615495939,-1.506074374872589,22.355714770788488,-22.312237484536787,-2.6076003865908155,40.70563765336359,14.852229873933972,4.4209780487803325,777,72.13088803088803,7.382625482625483,12.175071412565416,0.15629532964815468,32.67732800634085,0.2996777658431794,0.21995192307692307,0.8589511754068716,89.42,0.3639344262295082,0.3618032786885246,451,0.21507760532150777,0.07982261640798226,0.3166140487804878,0.31591736666666664,0.3168666223564955,72,-0.0009492556898288429,-1.7771049806414816,-0.10464921929858989,0.3306509990852022,-0.10020051073707978,1,0.812019574850911,0.2944693572496263,0.31297709923664124,0.26956521739130435,0.200836820083682,0.7304250559284117,29.70336523135245,27.549695322538916,-3.689674311722282,0.38126154148695335,0.3223508459483526,0.06872839730762234,0,Balanced,False,False,False,False,
686611,"Crews, Dylan",R,2026,Nationals,30.816758994047767,31.225963699091217,27.4093642477851,25.27623229707339,-7.89911835623875,-0.4092047050434466,8.292917908294516,33.212417859020654,-11.580383143485538,-12.996990932331153,22.752168164929444,-20.521774265091953,5.775946511444237,39.49768532714645,14.537852265872466,7.289686003886928,759,73.5129117259552,7.548616600790513,8.90891214256046,-3.233820215396518,28.296391408069482,0.32242424242424245,0.27935723114956734,0.8379373848987108,89.88986013986013,0.36013986013986016,0.38465734265734264,427,0.24121779859484777,0.06557377049180328,0.31915225292740046,0.3575159117647059,0.3012228453608248,71,0.0562930664038811,-0.7593306203307026,0.911086632339063,0.21021738997330425,-1.4418766942828065,1,0.9919624487956765,0.3392539964476021,0.2862595419847328,0.34210526315789475,0.2872727272727273,0.6840764331210191,29.03220375891182,27.213725304233947,-3.7559714618384312,0.19563894355115252,0.2976827094474153,0.054832535885167455,1,Balanced,False,True,False,False,"B: go ~6 in WIDER, full-time (whiff 28%, 80th pct; width 25 in = 4 in narrower than typical for his 71-in height) [strong]"
805811,"Eldridge, Bryce",L,2026,Giants,29.02100898764749,24.843961277885928,27.06336546244203,39.70386704029542,-1.81301380203176,4.177047709761579,3.523021749078266,34.60798745243972,-19.03502944408313,1.6531520542608034,4.971344924359708,-46.52864622321122,3.562808713556999,41.29216738181283,2.097869520286295,1.955171083735201,784,72.61836734693878,7.283801020408164,11.35673815913417,-3.49775181901932,37.607084818258805,0.24603174603174602,0.25030826140567203,0.8401420959147424,92.69851301115243,0.3754646840148699,0.44431598513011156,448,0.265625,0.13169642857142858,0.3581188571428572,0.34964523278688525,0.376191972027972,79,-0.026546739241086748,3.094750849795013,-1.8729028391293703,-0.5064662162594362,-0.43030315604137664,4,0.9959689234623188,0.21554770318021202,0.2579310344827586,0.2746478873239437,0.2222222222222222,0.3,34.40149553843688,29.901485450673714,5.302371501858538,-2.8381199882316857,,0.052425665101721475,0,Wide-and-quiet,False,False,False,False,
686797,"Lee, Brooks",L,2026,Twins,30.642017454746618,25.8751790097247,27.74313779498762,35.58288341025682,-2.5403788788688426,4.766838445021914,23.869270683406565,46.10916602496027,-5.524265837369823,0.19678287253341875,10.94613154323087,-0.9236254080829475,-1.548977918384837,41.294076711234226,6.759300992625938,4.348191642592265,766,69.06488250652741,6.8996083550913845,10.014419526798472,-4.675043557165621,30.41307918573468,0.3413400758533502,0.17533252720677148,0.9156193895870736,88.25545722713863,0.3421828908554572,0.3142625368731563,417,0.12470023980815348,0.05995203836930456,0.2966435107913669,0.2966435107913669,,72,,1.0851245433550785,-0.5050869351890714,-0.3515968893233607,0.629492246390375,3,0.999898947335269,,0.3413400758533502,0.15076923076923077,0.20689655172413793,0.0,29.70336523135245,27.549695322538916,5.87951817890437,0.19344247244870516,0.3103448275862069,-0.05612732095490716,0,Square,False,False,False,False,
605137,"Bell, Josh",L,2026,Twins,27.012138466531976,28.659748400704977,28.393672685759697,37.91536479787994,-12.728586998485493,-1.647609934173007,12.731380173366347,33.46140843927217,-0.15474852179448786,-5.956407692561351,16.562097956029195,-55.98630558311087,6.556530080654118,42.884431631842496,4.7276248486935515,4.179259528922177,777,71.74247104247104,7.928185328185328,9.82641317440562,-0.3398030945585383,32.8887295919416,0.3008849557522124,0.21200980392156862,0.860036832412523,90.86132404181186,0.37282229965156793,0.40158536585365856,414,0.20531400966183574,0.0893719806763285,0.34780204830917877,0.34780204830917877,,75,,0.14698678270076956,-2.2203857343136666,0.9665190818558708,-0.3592164970747544,2,0.9630977493146865,,0.3008849557522124,0.21548821548821548,0.241635687732342,0.0,31.716849648674348,28.55760537745383,6.1985151492055905,-0.16393269169413216,0.2569360675512666,-0.02614747224412653,0,Open-and-stride,False,False,False,False,
691723,"Mayo, Coby",R,2026,Orioles,37.533881531050284,25.390134142578013,24.974656729664325,28.234424703382462,-21.28718070539956,12.143747388472288,7.790511956451545,42.720031479395296,-4.96309446834042,12.46004016007686,14.244533013665109,-11.221485416230058,-10.216508442430902,39.755374394684445,11.313276419865574,1.6991122752137011,761,74.81971090670172,7.298948751642576,13.442058356239784,-14.844040783520462,38.65590398219117,0.3150105708245243,0.2857142857142857,0.8411214953271028,91.31353383458647,0.3533834586466165,0.4492857142857143,437,0.30205949656750575,0.07780320366132723,0.33617474599542335,0.4383255849056604,0.277750345323741,77,0.16057523958191944,-0.16740504141627152,-0.17216625979217934,-1.1627240279908007,0.38363252726716673,1,0.953170155142046,0.3305921052631579,0.2869822485207101,0.36904761904761907,0.18974358974358974,0.6368214885282597,33.059172593555616,29.22954541406377,-4.824747890173153,-4.254888684399447,0.2807971014492754,0.17930402930402933,1,Balanced,False,True,False,False,"B: go ~6 in WIDER, full-time (whiff 29%, 82th pct; width 28 in = 5 in narrower than typical for his 77-in height) [strong]"
668804,"Reynolds, Bryan",L,2026,Pirates,25.406174427770075,25.298094467242926,26.362766425878274,42.41484197031765,-2.8398969749807907,0.10807996052714818,6.453842187171878,64.45602808967678,-17.61583060518145,-6.821000629789311,3.1515202271706677,-49.24749602837673,0.48359271677498233,43.488101296407606,1.75746067023141,2.2019676064142892,740,71.20527027027028,6.801621621621622,11.427320558983624,2.153892774910975,38.33131997611168,0.2318840579710145,0.25157232704402516,0.8756388415672913,90.83882783882784,0.41025641025641024,0.4176483516483516,450,0.23777777777777778,0.13111111111111112,0.3591168088888889,0.3591168088888889,,74,,2.9893138893451496,-2.563738618172401,-1.1156632201543664,2.0280098305944807,4,0.9989544356810097,,0.2318840579710145,0.23616236162361623,0.340080971659919,0.0,31.045688176233718,28.22163535914886,11.369153794083935,-1.8588689332705854,0.2700507614213198,-0.10391861003630279,0,Wide-and-quiet,False,False,False,False,
663993,"Lowe, Nathaniel",L,2026,zMLB,28.953429273274054,27.520250310909542,28.85919153841271,33.031334333763866,-14.66262892916133,1.433178962364508,29.19372411456616,47.71723118631019,-1.87501927542938,1.347708853625004,21.164645265101086,-34.518328047974066,4.6612675712223615,41.493703355466046,9.65312912302327,8.799843856226161,756,73.57460317460318,7.498015873015873,7.584864203858432,4.636227527763535,29.125028293638646,0.2767653758542141,0.1949367088607595,0.8957952468007313,89.43795620437956,0.4124087591240876,0.4073065693430657,418,0.23444976076555024,0.08851674641148326,0.333757043062201,0.3464968817204301,0.23073052173913045,76,0.11576635998129964,-1.1620572704700007,-1.554353719960068,1.1210575406470393,-0.20150515615053652,2,0.8753843722941195,0.36666666666666664,0.26649746192893403,0.24369747899159663,0.17627118644067796,0.10109763142692085,32.38801112111498,28.893575395758802,0.6433232126488875,-0.03438385734609284,0.2406807131280389,0.06742629255091867,0,Open-and-stride,False,False,False,False,
592626,"Pederson, Joc",L,2026,Rangers,29.4014271788504,29.79622614013354,23.257263312784517,23.39888752184307,-17.875874329597774,-0.3947989612831287,28.209066334322618,55.36185842844532,9.562986316836017,2.453706615602407,21.596529352066554,-17.726671461482553,-0.7262173305235412,37.47930256054394,14.24992477319977,5.254556035674014,763,71.33617300131061,7.413368283093053,9.208429517774007,-1.9175394851124532,28.098469843947342,0.2983050847457627,0.276885043263288,0.8146788990825689,91.87454545454545,0.32727272727272727,0.40217818181818177,433,0.23556581986143188,0.11316397228637413,0.3431376258660508,0.34882476574307303,0.2804211111111111,73,0.06840365463196191,-3.050858567182041,-0.39125200684867384,-1.8367394595141688,0.5463860698552594,1,0.8515177656336516,0.29213483146067415,0.2989949748743719,0.29347826086956524,0.2897196261682243,0.09595375722543352,30.37452670379308,27.88566534084389,-6.975639181950012,-4.628402028059373,0.2654320987654321,0.0037586347013409682,1,Balanced,False,True,False,False,"B: go ~6 in WIDER, full-time (whiff 28%, 79th pct; width 23 in = 7 in narrower than typical for his 73-in height) [strong]"
691720,"Karros, Kyle",R,2026,Rockies,27.647697140496533,22.970911643216848,27.38764726792096,37.27429634021137,-12.743199479596662,4.676785497279672,7.972649906329868,52.41855677596242,-5.949556078383391,15.596200231781141,8.440669572809371,-80.52322825356619,0.26412928672052316,36.93885292162118,-0.15964821974488785,2.9582406188415074,734,69.36702997275205,6.935013623978202,7.101116139173786,-6.453259996587969,37.87755802787735,0.2467005076142132,0.22744128553770088,0.8939929328621908,89.4,0.4219269102990033,0.3739667774086379,456,0.20394736842105263,0.11403508771929824,0.33639965789473686,0.35235754248366014,0.32834171617161717,77,0.024015826312042965,1.1910373068216138,-3.305906937876039,-1.226268557684525,-0.16116224226413176,4,0.9996662845732001,0.23655913978494625,0.26646706586826346,0.33980582524271846,0.17813765182186234,0.6555312157721797,33.059172593555616,29.22954541406377,4.215123746655756,-1.8418981461428103,,0.16166817342085613,0,Wide-and-quiet,False,False,False,False,
656811,"O'Hearn, Ryan",L,2026,Pirates,27.235742994609556,24.822333308778664,30.647500576378,26.873648555390766,-3.3881128798690257,2.41340968583088,-16.253848042857094,41.6599069619263,-31.671029659907077,-15.208751673716412,20.349409598909556,-34.167914749019786,12.842238883044738,42.132755209883335,15.21315662198375,3.3534085807428426,744,70.09287634408602,7.138306451612903,11.750976532454676,-0.5267467471500098,31.891667660275832,0.31645569620253167,0.20102432778489115,0.883399209486166,89.14682274247492,0.35451505016722407,0.364505016722408,434,0.21658986175115208,0.07834101382488479,0.3152449308755761,0.33121332450331126,0.27871118181818183,74,0.05250214268512943,2.011977477770315,0.9467354883226979,1.0111147769405906,-0.2632668254604106,1,0.9507703924962277,0.3474576271186441,0.3048973143759874,0.24363636363636362,0.2116788321167883,0.29591836734693877,31.045688176233718,28.22163535914886,-4.172039620842952,2.4258652172291413,0.2626728110599078,0.03195753151957531,0,Balanced,False,False,False,False,
606466,"Marte, Ketel",L,2026,Diamondbacks,37.320320583137566,30.62039128895958,20.236744906264608,17.921940719340753,-14.532136073959052,6.69992929417799,6.738400941593054,54.190411794854406,14.594449474122692,31.802335490469957,23.30495696420522,10.326665726337684,-12.09537260356879,42.8850140276323,23.02858299793013,1.3694635131306458,758,72.51332453825857,7.533641160949868,9.093048051612646,-6.552787160274758,31.812068427620265,0.29954954954954954,0.17997465145754118,0.9120458891013384,88.57952522255192,0.33827893175074186,0.3509169139465875,450,0.1511111111111111,0.08444444444444445,0.3276078666666667,0.3276078666666667,,72,,-2.75137187695596,2.0795896407458385,-1.7530836913301204,2.075770923399136,1,0.9999355777775722,,0.29954954954954954,0.19558359621451105,0.1902439024390244,0.0,29.70336523135245,27.549695322538916,-11.781424512011696,-7.312950416274308,0.23591087811271297,0.005339693775486654,0,Balanced,False,False,False,False,
669477,"Schmitt, Casey",R,2026,Giants,31.74706911418483,27.24870015668221,24.032799406970263,27.682647932248603,4.813422442537709,4.498368957502611,-8.007402884454963,39.8293465502918,-11.009450065693652,1.2912793937556268,19.355098610359484,-4.062484588152937,4.744136797311371,42.495106905213845,13.738866619992088,6.405748076199682,745,71.71838926174496,7.498657718120805,9.121909795402908,-6.436421150111931,33.304340474215174,0.36439499304589706,0.20051413881748073,0.9050387596899225,89.85113268608414,0.4110032362459547,0.4279546925566343,409,0.1980440097799511,0.02689486552567237,0.35386309046454767,0.3882363018867924,0.34183813861386136,72,0.04639816327293106,0.7530911802184985,1.8594812348605891,-0.4294360167792371,-0.5775253564506827,3,0.7849411465340961,0.34782608695652173,0.4105263157894737,0.30930930930930933,0.12558139534883722,0.7381116471399035,29.70336523135245,27.549695322538916,-2.020717299103847,-3.5168959155686537,0.3165680473372781,0.1837279139604721,0,Square,False,False,False,False,
666139,"Lowe, Josh",L,2026,Angels,31.04223209565827,25.127089804229648,30.076246287042398,32.84863713883673,-7.719532987457738,5.915142291428632,-5.013217372222554,45.70206379087562,-10.243390434165564,-18.611885910971367,15.882114296824106,-20.052722316537714,1.5664160648346483,44.81457013163165,11.409733612845791,3.311191402584093,742,72.77129380053908,7.470889487870619,10.960758626113513,-1.2432298051918582,37.72537661895529,0.34972677595628415,0.293733681462141,0.7607843137254902,87.41280788177342,0.3497536945812808,0.37493532338308455,326,0.294478527607362,0.07668711656441718,0.2895286134969325,0.3070444218181818,0.19508062745098037,75,0.11196379436720144,1.6308473426175596,0.1500525479604017,1.1053417189111125,0.8445119582474154,1,0.8736000366757651,0.3300970873786408,0.35294117647058826,0.34065934065934067,0.2679245283018868,0.14367816091954022,31.716849648674348,28.55760537745383,1.131787490162381,1.5186409095885693,0.36951754385964913,0.07273481235745388,0,Balanced,False,False,False,False,
682626,"Alvarez, Francisco",R,2026,Mets,26.838585366842683,25.78486625665667,28.532953984916645,34.497095838099064,-13.6544617339306,1.0537191101860153,-5.329526639590638,55.0879206294727,-12.620137441887286,-5.05850527863275,11.443237689277458,-20.139984905959746,-5.026057411069186,42.630782789890645,7.62262444818905,3.2061892800025538,745,73.28067114093959,7.256510067114094,10.14057719323476,0.805753644330532,28.82561159138972,0.31965442764578833,0.3168831168831169,0.79957805907173,90.52468619246862,0.34309623430962344,0.4279665271966527,408,0.30637254901960786,0.09313725490196079,0.3256091666666666,0.32894880701754386,0.32431420408163264,70,0.004634602935911225,1.6169868229922002,-0.406148219234199,-0.1777142761399215,1.1720121700970496,1,0.8833495596239015,0.3141122913505311,0.3333333333333333,0.36900369003690037,0.31970260223048325,0.7114252061248527,28.361042286471182,26.877755285928973,6.136053551627882,1.6551986989876717,0.28187919463087246,0.04930108780641712,0,Balanced,False,False,False,False,
694212,"Basallo, Samuel",L,2026,Orioles,34.5133888239803,33.300280892809674,24.83943029925293,28.373687495789333,-23.284560021972286,1.2131079311706103,16.77313339211206,36.104136049120704,8.945872218061456,32.618882082901955,20.479780783000876,-36.664068647605646,1.5671677675321982,38.89259194780092,9.97362553984626,5.125675207560215,739,73.34357239512856,7.539918809201624,11.392043341547872,-2.765795540875448,33.487883360230164,0.3956043956043956,0.28664921465968585,0.8272727272727273,90.43359375,0.3203125,0.4006328125,399,0.2656641604010025,0.08020050125313283,0.31889246115288217,0.3533760666666667,0.21439668686868688,76,0.13897937979797984,-2.6293407157562365,-0.9846331565994662,-0.7717277763354641,-0.6915123649404337,2,0.9898312181518814,0.4114285714285714,0.391304347826087,0.2994350282485876,0.3,0.23182441700960219,32.38801112111498,28.893575395758802,-4.014323625325645,-4.054145096505874,,-0.000564971751412402,0,Open-and-stride,False,False,False,False,
621439,"Buxton, Byron",R,2026,Twins,28.581981088302022,24.04156590312212,27.263928613535324,31.534958190644954,3.5547403577535777,4.540415185179896,-9.018412539700554,39.60804283276134,-12.402496574512014,26.07344228891411,8.755543396065999,-21.618356997219973,7.597547675336246,40.58165699940377,8.082279801124287,0.3983374238061199,747,73.23587684069611,7.948728246318607,13.716061436487168,-8.073784259498836,34.4551925505662,0.3432098765432099,0.2911392405063291,0.8512720156555773,90.19522058823529,0.3382352941176471,0.42387867647058824,408,0.24509803921568626,0.07352941176470588,0.3432145098039216,0.3578864347826087,0.3374559044368601,73,0.0204305303457486,2.6775089835183548,0.24925639601637145,-0.9671283379129907,0.05079619491152627,1,0.9327377194693491,0.3436960276338515,0.341991341991342,0.36627906976744184,0.215962441314554,0.7104042412193505,30.37452670379308,27.88566534084389,1.1604314868518735,-0.6217367273085657,0.300990099009901,0.15031662845288785,0,Balanced,False,False,False,False,
641487,"Crawford, J.P.",L,2026,Mariners,38.39638794060453,33.841196685518874,27.145939605094185,32.09166574773226,-30.592440557580037,4.555191255085655,30.54473774754382,33.36200755242494,11.063869010456285,-26.02020137333396,31.320495346283245,-37.68066167032586,3.2440098145024043,46.367547569129464,14.592187980192985,6.752959400020826,726,70.38691460055097,7.282506887052342,5.7578149445230675,-0.13139792304034997,33.21189959853392,0.19004065040650406,0.14605263157894738,0.8970331588132635,86.91147540983607,0.3540983606557377,0.33348026315789475,471,0.19745222929936307,0.1337579617834395,0.32128324416135884,0.32140569085173504,0.32103119480519476,72,0.0003744960465402736,-3.5818182028420846,-1.3126151740931717,2.2914990213552815,0.3575474565701687,2,0.9999999993922266,0.1774193548387097,0.19584569732937684,0.19455252918287938,0.13580246913580246,0.32451323015476785,29.70336523135245,27.549695322538916,2.3883005163798074,-0.4037557174447315,0.2197452229299363,0.05875006004707692,0,Open-and-stride,False,False,False,False,
663757,"Grisham, Trent",L,2026,Yankees,26.19513510731538,33.283186370921115,31.39156965540371,26.7886188758995,-15.291798756732657,-7.088051263605734,12.861309549341886,47.593136529584505,-10.12973950810211,10.132324163805855,17.0165542413886,-44.1827977441516,7.333614748661546,37.874479211081265,11.6053025966228,2.63135000387624,734,70.01198910081744,7.308991825613079,13.079638339612066,-0.5406796485687769,28.43606483125837,0.19164118246687054,0.1690694626474443,0.8991304347826087,90.64578313253011,0.37650602409638556,0.3613765060240964,485,0.18350515463917524,0.12577319587628866,0.33667817731958766,0.34691832183908045,0.3106667153284672,70,0.036251606510613266,-0.4218087433204734,-0.7558855840466767,-0.36008753729148635,0.25988514933615364,2,0.9261329657737826,0.2,0.18854748603351956,0.23529411764705882,0.1407942238267148,0.268230494645589,28.361042286471182,26.877755285928973,-1.5724234105716839,4.513814369474737,0.17515638963360142,0.09449989382034402,0,Open-and-stride,False,False,False,False,
672724,"Peraza, Oswald",R,2026,Angels,29.28400631376393,29.535352178423516,28.67800505765008,34.11721221449842,-6.548235629515211,-0.2513458646595912,-3.9902229743773696,36.82547268338528,-1.1926768807295507,20.677635144949555,10.006461886247266,-44.301853558072224,4.419718422287805,40.79695887592999,5.231367365593819,3.9432328255009614,724,71.74475138121547,7.512154696132597,5.35567487466324,-1.223733747051832,28.05292994482075,0.38179347826086957,0.2712975098296199,0.8609958506224067,86.44429824561404,0.34210526315789475,0.3532378854625551,366,0.2978142076502732,0.04644808743169399,0.2720092131147541,0.325562,0.24034321739130435,71,0.08521878260869567,0.9776665081347925,-1.0389706363905333,-0.1963592099126684,-0.6356456035061465,2,0.511968387279251,0.3916849015317287,0.3655913978494624,0.32621951219512196,0.2409090909090909,0.6241900647948164,29.03220375891182,27.213725304233947,5.085008455586603,1.4642797534161325,0.298728813559322,0.08531042128603106,0,Open-and-stride,False,False,False,False,
605141,"Betts, Mookie",R,2026,Dodgers,33.429883067030694,26.55460574492942,29.870285596210785,29.05298163097338,-15.849311335798355,6.875277322101272,16.47070690360874,44.41338134813584,-2.9015032024344904,-64.73143471985352,20.47510726438594,-31.831600034998967,3.6930547426403053,39.153143654800004,10.320683485640469,6.12826253881706,690,69.01869565217392,6.953188405797102,7.823679064231755,-5.313922863945961,33.278325527653934,0.19911504424778761,0.11241830065359477,0.9521367521367521,90.36732186732186,0.41277641277641275,0.3463095823095823,507,0.10650887573964497,0.08678500986193294,0.3397392110453649,0.3636843170731707,0.3282902390670554,69,0.035394078006115326,-0.7611757288078845,-0.852958183513262,0.6010691280939712,-0.4659404602869386,2,0.46717357667856835,0.19666666666666666,0.20394736842105263,0.18571428571428572,0.06451612903225806,0.6688137412775094,27.689880814030552,26.541785267624004,1.3631008169428291,3.328500328586781,0.2175732217573222,0.12119815668202766,1,Open-and-stride,False,False,True,False,C: move ~2-3 in CLOSER to the plate (whiffs 19% outside vs 6% inside; 3 in farther off than typical for his height; watch inside pitches) [moderate]
650402,"Torres, Gleyber",R,2026,Tigers,28.713306783133877,31.66293999727422,26.758436071956453,26.376624813304726,-34.430561226419805,-2.9496332141403423,10.181727032942515,48.49122173718114,1.571459717287406,19.339243545663624,21.150885559564937,-31.895203187477875,-4.948964171759503,38.676808047916666,11.918145505574234,2.0042125310477754,731,67.19329685362517,6.988235294117646,8.09859015957506,7.38658261467127,34.720467981958485,0.18811881188118812,0.20454545454545456,0.8596187175043327,86.24444444444444,0.3978494623655914,0.34289964157706093,420,0.19285714285714287,0.1357142857142857,0.32566547619047614,0.38417878125,0.30001580821917806,70,0.08416297303082193,-2.2685938486494583,-0.801340837937838,-0.883626605781417,0.7219133197142474,2,0.9999332181407729,0.21333333333333335,0.13915857605177995,0.291970802919708,0.1206896551724138,0.6711484593837534,28.361042286471182,26.877755285928973,-1.984417473166456,-0.11931921397252054,0.16993957703927492,0.1712811477472942,0,Open-and-stride,False,False,False,False,
672695,"Perdomo, Geraldo",L,2026,Diamondbacks,24.189180632194947,18.913721865962046,25.63125945878281,43.460330904958525,-14.04028662536007,5.275458766232898,-3.777342303180153,53.80435464529346,-22.361633776241682,0.10454303337660067,5.968195242342522,-53.97148466510444,-7.04820097081697,45.342219958940646,2.1018549888492046,0.48505892626261515,702,66.30527065527066,6.940740740740741,9.447772043338746,-0.5506812259322972,38.45893459147932,0.20588235294117646,0.12299465240641712,0.9147005444646098,86.78662613981761,0.4012158054711246,0.3225292307692308,459,0.12854030501089325,0.14161220043572983,0.3365481481481481,0.3365481481481481,,74,,3.5107124682368087,-2.762048356623169,-0.10641602985667879,1.5903194108489371,4,0.9999996368308717,,0.20588235294117646,0.13076923076923078,0.11304347826086956,0.0,31.045688176233718,28.22163535914886,12.414642728724807,-2.5903759003660483,0.18781725888324874,0.01772575250836121,0,Wide-and-quiet,False,False,False,False,
673962,"Jung, Josh",R,2026,Rangers,31.352040322337714,21.407472318905477,25.300787324957565,24.3487503260921,-2.0174196903710504,9.944568003432243,-1.3566090190161768,37.29312369657829,-10.326078558244516,28.808800856452237,20.180627883211006,-3.992677228270009,0.8597126626287658,39.546049859516934,14.589809834152803,6.558126625043821,712,69.80884831460675,6.981601123595505,12.056677229487253,0.8948352927391797,36.703252169985916,0.2924757281553398,0.17506631299734748,0.9142300194931774,90.64299363057326,0.42356687898089174,0.38624522292993635,435,0.1839080459770115,0.07816091954022988,0.3451456275862069,0.3709439285714286,0.3362000866873065,73,0.034743841884122106,0.47613916403630996,1.437164054722642,-0.19891648793335107,-1.332163943086917,3,0.9990801192335342,0.31022530329289427,0.25101214574898784,0.2441860465116279,0.13513513513513514,0.7314465408805031,30.37452670379308,27.88566534084389,-6.0257763777009785,-2.584878015886325,0.3302752293577982,0.10905091137649275,0,Square,False,False,False,False,
691016,"Soderstrom, Tyler",L,2026,Athletics,28.957111469862593,28.038177228832605,30.658896026011554,33.952485029500224,-4.733083105917457,0.9189342410299857,8.73468066745156,35.57733829732824,12.342118546198334,3.605620598474785,13.13707951138215,-28.925171424664523,3.8918943002108795,41.44520883796917,5.9208313037940385,5.8525378874570855,714,73.75084033613444,7.476470588235294,10.077699903235686,-1.2888319505658914,28.61476607412906,0.259825327510917,0.20802005012531327,0.8910714285714285,90.69737704918033,0.32131147540983607,0.3626,454,0.20044052863436124,0.11674008810572688,0.32733956828193833,0.3433674951456311,0.2931835034482759,74,0.05018399169735521,0.055821552398363915,-0.9197808556264648,0.8220735111717885,-0.6739202023173515,1,0.9323162689440626,0.3014705882352941,0.2422360248447205,0.23880597014925373,0.20618556701030927,0.3114660581859669,31.045688176233718,28.22163535914886,2.9067968532665063,2.437260666862695,0.29308755760368665,0.03262040313894446,0,Balanced,False,False,False,False,
656716,"McKinstry, Zach",L,2026,Tigers,27.84107703398349,29.049484922605238,25.084553840662924,31.06537609325328,-3.8020247455095917,-1.208407888621756,11.98928634631094,50.33740300107596,0.05465094484379421,6.620716880730983,12.458104318767841,-8.925353887313209,-0.1707557652206765,39.06973364266761,7.643725717446888,4.744137468427251,719,67.11460361613352,6.567872044506259,7.095456494821092,1.5302697994827714,37.666006234421886,0.28421052631578947,0.1408083441981747,0.9346642468239564,85.08151815181517,0.3927392739273927,0.2874933333333333,418,0.16267942583732056,0.09808612440191387,0.282484966507177,0.28187281927710844,0.2848481395348837,71,-0.002975320257775249,-0.05335515365629933,-0.02416510871275486,-1.6494299021420753,0.3175208616305462,3,0.596586528354764,0.23026315789473684,0.29769736842105265,0.13261648745519714,0.14901960784313725,0.2113564668769716,29.03220375891182,27.213725304233947,2.0331723343414616,-2.129171463571023,0.26145833333333335,-0.016403120387940118,0,Square,False,False,False,False,
701762,"Kurtz, Nick",L,2026,Athletics,23.983808084060108,22.98410697203783,29.25905522820412,30.370633748547043,-17.16468051672816,0.9997011120222805,13.34457842019085,51.970890223355696,4.760958582195528,1.687209691661295,14.974636238954295,-38.377009188886895,0.4397439762329012,40.08184111004224,9.197032228713965,2.554160532995022,719,77.32086230876216,7.695549374130738,11.979514292835946,5.21397381100678,37.68920742195478,0.23346693386773548,0.3337515683814304,0.7722419928825623,93.11232227488152,0.4028436018957346,0.5095260663507108,436,0.32339449541284404,0.1811926605504587,0.372012376146789,0.4194726762589928,0.2885062784810127,77,0.13096639777798014,-0.17765592054538795,-1.6844983232584887,-0.0064432036381494705,0.779410181004116,4,0.9052554225671589,0.25225225225225223,0.22406015037593985,0.38306451612903225,0.30526315789473685,0.3519108280254777,33.059172593555616,29.22954541406377,-2.6885388450085728,0.029509814140347146,0.2201453790238837,0.0778013582342954,1,Wide-and-quiet,False,True,False,False,"B: go ~6 in WIDER, full-time (whiff 33%, 96th pct; width 30 in = 3 in narrower than typical for his 77-in height) [strong]"
657757,"Sheets, Gavin",L,2026,Padres,31.809009273551368,29.826521182727536,27.714604473755802,15.763973472019824,-44.670732483845136,1.9824880908238272,24.740031378117312,58.056529411301945,0.3246718516326102,22.84177083711272,34.30143427881268,-15.115182090004716,-2.53616108901445,41.56197154508245,26.380437341755485,2.4289497077333246,706,73.55906515580736,7.677620396600566,7.694867905269871,-5.61706691226345,28.231494568157977,0.3088082901554404,0.1869281045751634,0.9036402569593147,87.37591240875913,0.32116788321167883,0.33830656934306563,414,0.2028985507246377,0.11835748792270531,0.31539300483091787,0.33043967251461986,0.24392133333333332,75,0.08651833918128654,-4.252946984275066,0.43691867595609396,0.5006546783331346,2.0899941368433534,2,0.9990869600658452,0.2945205479452055,0.31135531135531136,0.15432098765432098,0.23555555555555555,0.16694867456288776,31.716849648674348,28.55760537745383,-15.952876176654524,-0.8430009036980266,0.3164983164983165,-0.08123456790123457,0,Open-and-stride,False,False,False,False,
669364,"Edwards, Xavier",L,2026,Marlins,30.9236146497294,24.63119291142595,23.95982041388868,31.2609888157199,-13.054875156333251,6.292421738303457,16.26563156025124,61.61077166757803,-7.653387639924252,-2.2102932749984303,16.34423867387388,-13.17172411941569,-4.10733084678036,41.976135752256965,11.313971712569511,5.1102340477901524,714,67.56512605042016,6.387535014005602,6.173100741299641,0.9803435902375273,30.08147867034812,0.23594266813671444,0.1601615074024226,0.9092627599243857,86.24136904761905,0.3869047619047619,0.31539820359281434,449,0.1358574610244989,0.11581291759465479,0.3150797327394209,0.3150797327394209,,69,,-0.1539314227597609,-0.5318449696920603,-0.9551012377875363,1.4273864965961585,4,0.8062768732195684,,0.23594266813671444,0.16312056737588654,0.16216216216216217,0.0,27.689880814030552,26.541785267624004,3.5711080016893497,-2.5819648537353252,0.24859550561797752,0.000958405213724367,0,Wide-and-quiet,False,False,False,False,
608348,"Kelly, Carson",R,2026,Cubs,30.217653346868747,30.79437032709327,29.30941675920652,25.18287070820513,1.9856501331967944,-0.576716980224523,-6.081417441030774,39.58893434369622,-20.15694884945319,-3.5715313072414414,14.056994402072762,-8.077690243353594,4.553912542644574,37.477998525959876,12.120187192214413,1.901739847027919,709,69.77052186177715,6.828631875881523,9.139037312437136,-2.612372472335186,32.76748944422147,0.2514827995255042,0.17983651226158037,0.9080459770114943,86.60361842105263,0.3256578947368421,0.3255328947368421,418,0.16507177033492823,0.09569377990430622,0.31232464114832537,0.34171573529411764,0.29815021276595743,73,0.043565522528160205,1.6172090522304658,1.7202628840047434,-1.21193878477402,-0.41265519657651606,3,0.9971551359506284,0.24280575539568344,0.2682926829268293,0.2625482625482625,0.13537117903930132,0.6594827586206896,30.37452670379308,27.88566534084389,-5.191655995587951,1.423751418362631,0.22302158273381295,0.1271770835089612,1,Square,False,False,True,False,C: move ~2-3 in CLOSER to the plate (whiffs 26% outside vs 14% inside; 1 in farther off than typical for his height; watch inside pitches) [moderate]
681393,"Norby, Connor",R,2026,zMLB,30.65630451996945,28.043345394455265,25.889718830644732,29.163619044316018,-17.861601874728645,2.6129591255141755,3.485853186286113,48.307954153275226,-17.870983046067337,-22.57613546706147,20.578233252997407,-26.538218289093713,1.2993830612852095,40.678652579183776,12.255013972409259,5.470477678635652,689,69.88171262699565,6.991727140783745,15.978925200289503,4.543050174463199,39.18475936056753,0.2801608579088472,0.27034482758620687,0.8275193798449613,87.23348837209305,0.35348837209302325,0.36405581395348835,372,0.2849462365591398,0.10483870967741936,0.303254311827957,0.3247603720930232,0.2918375144032922,70,0.03292285768973102,-0.1370054358541605,-0.021886583178764085,-0.2782019830549768,0.016707879860622277,1,0.6892022795266688,0.3041575492341357,0.2422145328719723,0.3656716417910448,0.20642201834862386,0.6359832635983264,28.361042286471182,26.877755285928973,0.802576757844836,-0.9880364552842416,0.3232484076433121,0.1592496234424209,0,Balanced,False,False,False,False,
663616,"Larnach, Trevor",L,2026,Twins,38.36610018118965,29.62099891387834,25.232184221050687,36.508606421269164,-0.8734629584429991,8.745101267311323,5.583376765878556,40.80931585816731,-15.081135512905856,16.09612329858771,11.611211194568705,-40.70504339523136,8.860976093014992,42.5777613834162,6.412198654381029,3.3603515599462943,702,71.35626780626781,7.125641025641025,7.883926184356686,-13.15380089926093,33.14781213033483,0.29642058165548096,0.2536912751677852,0.86875,87.5665573770492,0.39672131147540984,0.3530493421052632,435,0.18160919540229886,0.10344827586206896,0.3254745563218391,0.33364235789473684,0.2690424727272727,75,0.06459988516746412,1.571550646854724,-0.9919606123503435,-0.6645391120278742,0.14769133301202178,4,0.8291830164296242,0.35454545454545455,0.288265306122449,0.2733118971061093,0.23383084577114427,0.125812167749557,31.716849648674348,28.55760537745383,4.791756772594816,-3.3254211564031415,0.2737030411449016,0.039481051334965045,0,Wide-and-quiet,False,False,False,False,
696285,"Young, Jacob",R,2026,Nationals,28.07673454089085,30.34355951068122,30.82549143895632,31.585661780642102,-8.258162694283808,-2.2668249697903686,14.625186548773598,42.59188295255476,-9.661178497705151,-9.62051329083325,15.832421528842847,-17.638420172840895,0.30036516350783615,42.342201024271205,11.49301133275598,3.5632107011166907,691,68.81461649782923,7.086975397973951,11.458389610075967,1.346945930177988,30.36232494786132,0.2744405182567727,0.19726027397260273,0.8832997987927566,86.44424778761062,0.3805309734513274,0.337310447761194,460,0.16521739130434782,0.07173913043478261,0.3132973391304348,0.3274239751552795,0.3056906889632107,71,0.021733286192068768,0.6179809093977228,-0.09488537401916756,0.6357821648387553,0.6053100478425232,1,0.9238467729608294,0.26865671641791045,0.28434504792332266,0.2717391304347826,0.1322314049586777,0.6416666666666667,29.03220375891182,27.213725304233947,2.5534580217302825,3.611766134722373,0.23013245033112584,0.1395077254761049,1,Balanced,False,False,True,False,C: move ~2-3 in CLOSER to the plate (whiffs 27% outside vs 13% inside; 4 in farther off than typical for his height; watch inside pitches) [moderate]
682829,"De La Cruz, Elly",L,2026,Reds,37.53145029295836,29.06479917383606,29.43722724479886,35.593944266402104,-20.303501273506026,8.466651119122304,-0.060451152586665814,59.702422079858344,-4.630034292622266,13.21374452753508,20.338001773058966,-29.770022262018855,-2.1418541960318813,43.646242712993605,7.561103569711605,9.912328569602021,702,75.11239316239316,7.113247863247863,7.834932299635903,2.1357201040769427,34.30524841873187,0.25968586387434556,0.26822558459422285,0.8100208768267223,94.29612403100776,0.40310077519379844,0.4869612403100775,433,0.27251732101616627,0.11778290993071594,0.3782755011547344,0.3782755011547344,,78,,-0.5218284464096852,-0.7866372783720336,1.249608001008313,0.4778044783492416,2,0.8807698791243173,,0.25968586387434556,0.29045643153526973,0.2897959183673469,0.0,33.730334065996246,29.565515432368745,1.8636102004058586,-0.12828818756988625,0.2688821752265861,0.000660513167922816,0,Open-and-stride,False,False,False,False,
694384,"Schanuel, Nolan",L,2026,Angels,33.856102037046576,29.082956864834177,23.803417790023637,29.93352982395246,-4.178350470433227,4.773145172212393,1.7699744677620706,38.1485756943074,-2.2159800302574255,-9.629416750063799,15.885533900689365,-9.828564029883996,0.6676967822723884,38.224940041359474,7.312339454108763,8.698154114696294,688,67.30029069767441,6.7610465116279075,6.906608497494061,-3.0461264093083784,35.23660446568519,0.2711267605633803,0.14093959731543623,0.9319066147859922,87.16970588235293,0.38235294117647056,0.3396607669616519,446,0.13004484304932734,0.09417040358744394,0.3342181704035875,0.35250269113149846,0.2839741512605042,74,0.06852853987099428,-0.4369421477822401,0.6107728739479957,-1.1959861471352582,-1.6661512476742804,1,0.5078534468095225,0.20526315789473684,0.29003021148036257,0.12732919254658384,0.16666666666666666,0.2516398330351819,31.045688176233718,28.22163535914886,-1.1121583522812593,-4.418217569125222,0.24088291746641075,-0.039337474120082816,0,Balanced,False,False,False,False,
681297,"Cowser, Colton",L,2026,Orioles,37.63007231983912,27.991006055365908,27.651780972731405,26.370272570007835,-6.69290987466486,9.63906626447321,-5.018878412061044,33.232712943124326,-9.794134942711404,8.245247590251983,22.58609101623394,-13.058443469729974,2.599278531761957,42.78874246518046,15.507748962074054,6.4083724904818045,670,73.74925373134329,7.434925373134328,14.472566651267199,-3.8017048019453354,38.12879407068692,0.29607609988109396,0.3058659217877095,0.8051391862955032,86.97175925925924,0.33796296296296297,0.4069488372093023,381,0.3123359580052493,0.11548556430446194,0.3127557900262467,0.3367716719242902,0.193802125,75,0.1429695469242902,0.08159862172898978,1.4495204429099582,0.9257294817560342,-0.9177016072422595,1,0.9940086811682667,0.30985915492957744,0.2932761087267525,0.328719723183391,0.3333333333333333,0.17541692402717726,31.716849648674348,28.55760537745383,-5.346577078666513,-0.9058244047224235,0.24180327868852458,-0.0046136101499423265,2,Balanced,False,True,False,True,"B: go ~6 in WIDER, full-time (whiff 31%, 91th pct; width 26 in = 5 in narrower than typical for his 75-in height) [strong] | D: stand ~3-4 in DEEPER, full-time, for deeper contact (sweet-spot 34%, contact 10 in out front) [moderate]"
630105,"Cronenworth, Jake",L,2026,Padres,31.701022004584903,29.668391668438947,28.866562472094014,26.45237325591281,3.1469092666048906,2.032630336145966,-4.616391960467284,35.56609861430501,0.42951928856694177,-15.152944276437188,18.492702305387038,-11.903559293167927,6.653058191573887,43.59081357711101,15.42417211879227,3.4865167841403792,676,70.71390532544379,7.098964497041419,7.329125680993439,-1.0533295435099799,29.92819119661578,0.2865566037735849,0.19410977242302543,0.9146825396825397,84.98095238095237,0.3076923076923077,0.29805925925925925,409,0.22249388753056235,0.08801955990220049,0.27041801466992665,0.2825181955835962,0.228725,71,0.05379319558359619,0.48519997270415177,1.5149176295224416,0.5280248478155184,0.04349021517952578,1,0.7753495125665515,0.2988505747126437,0.28338278931750743,0.17421602787456447,0.22265625,0.216626213592233,29.03220375891182,27.213725304233947,-2.579830502999009,1.652837167860067,0.22022684310018903,-0.04844022212543553,0,Balanced,False,False,False,False,
663728,"Raleigh, Cal",L,2026,Mariners,33.34998192843899,30.337478035363187,24.740468635401385,28.730631950824407,-1.3000577263600095,3.0125038930758072,5.2406351877634485,46.12148213752555,-4.880015325216721,-3.8826669954214474,17.76298218583214,-2.3467752101858945,0.09847036223074904,44.54781463276537,15.31932929168255,3.8182592744897805,673,74.40148588410104,7.869390787518574,17.54930413477026,-5.29368629408941,34.80959311973006,0.34863523573200994,0.2814285714285714,0.8090692124105012,89.44207650273223,0.3333333333333333,0.3878579234972677,325,0.2923076923076923,0.13538461538461538,0.31745676307692305,0.31745676307692305,,74,,0.12073486279933275,1.2451043697951591,-0.4684917985357073,1.0846194430094807,1,0.7356564586796267,,0.34863523573200994,0.26223776223776224,0.3005464480874317,0.0,31.045688176233718,28.22163535914886,-2.315056225409311,-3.4811667237474744,0.3058823529411765,-0.038308685849669455,1,Balanced,False,True,False,False,"B: go ~5 in WIDER, full-time (whiff 28%, 81th pct; width 29 in = 2 in narrower than typical for his 74-in height) [strong]"
665833,"Cruz, Oneil",L,2026,Pirates,35.06743058598908,28.135060333565878,26.356831654786998,39.713398720447685,-10.003521718882714,6.932370252423182,21.996206468071748,48.428504327924195,-4.478694171831467,17.544734060056406,10.609611888757001,-23.840037573959982,-2.8510687719361916,44.570085296412444,5.717184172474958,4.282716081716007,689,76.59071117561683,7.470537010159651,7.184073947829307,-5.719891689888996,33.28871937925416,0.2992623814541623,0.3365921787709497,0.7800925925925926,93.92081447963801,0.3665158371040724,0.49627601809954747,411,0.3333333333333333,0.11192214111922141,0.3499583357664234,0.36719110469314076,0.31433537313432836,79,0.0528557315588124,0.7716050479048271,-1.68726471953081,0.0030848112222793965,1.2504901581206018,1,0.8566342633698206,0.2986111111111111,0.29954614220877457,0.3732394366197183,0.2961165048543689,0.326328079392878,34.40149553843688,29.901485450673714,5.311903182010802,-3.544653795886717,0.28317152103559873,0.0771229317653494,0,Balanced,False,False,False,False,
669224,"Wells, Austin",L,2026,Yankees,30.135268173519815,28.742581781988722,23.594639367256026,30.80925732399613,-9.49839942358157,1.3926863915310932,-5.088818824167862,46.22879034845952,-6.569947285160852,0.6698271615515422,13.621063163263093,-17.76362457149138,-0.6343501786865324,40.997339234473245,9.197083692702023,3.4721664037425164,682,71.96070381231671,7.5510263929618775,13.693738353656348,-5.728634000348443,32.72192829717283,0.28448275862068967,0.2565880721220527,0.8326530612244898,88.68652173913043,0.34782608695652173,0.3463013100436681,383,0.26631853785900783,0.1174934725848564,0.29381040208877285,0.3182453894736842,0.22274946938775508,73,0.09549592008592911,0.39078438911965097,0.2681754290172137,-1.4861522511925431,0.2819738748779917,1,0.9824090935079464,0.33663366336633666,0.26721311475409837,0.303886925795053,0.20930232558139536,0.25336754329698524,30.37452670379308,27.88566534084389,0.4347306202030481,-4.291025973587864,0.29304446978335236,0.09458460021365764,0,Balanced,False,False,False,False,
665742,"Soto, Juan",L,2026,Mets,25.811202538129503,23.884698103553532,28.75017191100197,43.02182742487195,-12.750521415674681,1.926504434575981,-29.512282341874947,25.012801141080867,-9.256737845465105,4.265314377427791,7.086250211252264,-58.30524039630422,-1.6819343653495094,45.991909737288694,1.3593139059457897,2.5805970741928803,665,71.72962406015037,7.075187969924812,12.458864874797772,0.6368474436309137,28.11731354394775,0.20758693361433087,0.18844566712517194,0.879245283018868,92.275786163522,0.33647798742138363,0.43788364779874217,458,0.13973799126637554,0.15938864628820962,0.4144267947598253,0.4488225098039216,0.34518278947368425,73,0.10363972033023733,3.1668412230905902,-1.8564155354333294,1.4044067487481782,-0.8436793532902305,4,0.9992602667597906,0.24567474048442905,0.19090909090909092,0.2159090909090909,0.16666666666666666,0.3153887982599239,30.37452670379308,27.88566534084389,12.64730072107887,0.8645065701580812,0.1622895622895623,0.049242424242424254,0,Wide-and-quiet,False,False,False,False,
502671,"Goldschmidt, Paul",R,2026,Yankees,20.045020136949763,20.22472125665912,34.560077123103525,36.98157473379002,-2.9713567027807852,-0.1797011197093545,6.007136672139177,35.10803082470821,-18.819360122913814,-3.4475914042335045,4.053783350465851,-5.188115008614398,-2.281525716424722,39.006080236553615,2.716297453033711,2.244381552643018,684,70.48508771929825,7.480116959064327,10.912840565406507,3.9337766410267694,32.44770204477757,0.32309746328437916,0.24079320113314448,0.796976241900648,86.70629921259844,0.36220472440944884,0.37118503937007874,371,0.22911051212938005,0.07816711590296496,0.3130201832884097,0.37891953072625695,0.2515827708333333,74,0.12733675989292365,3.8218663175220637,-0.5678697804940869,0.45572302385642716,-0.5621273189805323,3,0.9999999643351571,0.3939393939393939,0.25647668393782386,0.28270042194092826,0.21348314606741572,0.4921715452688904,31.045688176233718,28.22163535914886,5.935886557556302,6.338441763954666,0.27474747474747474,0.06921727587351253,0,Square,False,False,False,False,
573262,"Yastrzemski, Mike",L,2026,Braves,33.01852713331871,31.27961777056583,24.029329407752545,24.64596708228496,-5.705209839952995,1.7389093627528909,6.9993099718484215,45.71376443053235,-7.665566881690438,3.2348242834086434,17.40844989406672,-7.624421810524235,-0.22375574167194764,40.02288444502813,15.213939556469214,2.5355419042345644,671,70.74605067064083,7.4608047690014905,11.104466928971929,-2.762032952661226,31.50958413658181,0.2634088200238379,0.20655270655270655,0.869022869022869,89.74055118110238,0.3543307086614173,0.3597992125984252,391,0.24040920716112532,0.09974424552429667,0.3108712327365729,0.32045042492917847,0.2218855789473684,70,0.09856484598181006,-0.42097364552001304,1.1654239701669888,-1.710448234306436,0.554803637784916,1,0.9199135835745816,0.2835820895522388,0.2616580310880829,0.1743119266055046,0.22171945701357465,0.08771929824561403,28.361042286471182,26.877755285928973,-3.7150752041862205,-2.8484258781764282,0.21996466431095407,-0.04740753040807005,0,Balanced,False,False,False,False,
677587,"Rocchio, Brayan",L,2026,Guardians,33.26351032232246,26.727644372615835,22.70115188967503,40.05634454717415,-8.840643924634799,6.535865949706635,17.153550804218593,46.47543148141804,-8.713926831543857,-2.9916996965990874,7.605087427310503,-33.27231558408135,-2.3077377207072955,39.64510258123963,0.40080216988639705,6.328385367894229,682,69.42639296187684,7.247947214076246,7.983806325118066,-5.73413741763843,27.338065606310217,0.3308913308913309,0.1986111111111111,0.8941441441441441,86.74169491525423,0.376271186440678,0.30822336769759456,386,0.13730569948186527,0.06994818652849741,0.30204649740932643,0.30204649740932643,,69,,0.8175434178099629,-2.1337454370375717,-1.6067285893286165,-0.37476239269716694,4,0.8298869147010459,,0.3308913308913309,0.20608108108108109,0.2542372881355932,0.0,27.689880814030552,26.541785267624004,12.366463733143597,-3.840633377948972,0.30168776371308015,-0.04815620705451212,0,Wide-and-quiet,False,False,False,False,
690993,"Keith, Colt",L,2026,Tigers,29.74294882031122,24.41304024375845,27.906338718517674,35.43452236412156,-4.058540888692314,5.3299085765527705,-8.477078122626653,30.71249984684311,-14.006087501229814,-2.805091186163353,11.838433062940734,-31.889408936261976,4.931567927845292,42.72328157499105,6.482729052328338,3.7211067816286816,681,71.1101321585903,6.825844346549192,9.854450920428896,-0.9594644643085252,32.00695056815786,0.24625,0.19460227272727273,0.8856015779092702,88.74518272425249,0.4152823920265781,0.3806478405315614,423,0.19858156028368795,0.07565011820330969,0.3323315650118204,0.33835366834170855,0.23645968,74,0.10189398834170854,2.3269772326275486,-0.38616616430428397,0.5259764457796048,-0.8560156823317101,1,0.928861185940372,0.23076923076923078,0.24704336399474375,0.17562724014336917,0.2222222222222222,0.051520794537554315,31.045688176233718,28.22163535914886,4.388834187887845,-0.31529664063118545,0.25366403607666294,-0.04659498207885304,0,Balanced,False,False,False,False,
680869,"Gelof, Zack",R,2026,Athletics,26.64819994288025,19.058296102562355,30.752083225664112,42.71750755317076,-3.2707688492015587,7.589903840317902,5.249146718170031,44.19112238449286,-12.445818901261235,-16.885873288281214,13.087340414352873,-40.15142114050923,6.685437521680272,47.52852634188443,4.985413169588767,6.527949992197346,679,73.05935198821797,7.246833578792343,14.424359737713038,1.4329682142406666,31.716818128912482,0.24681933842239187,0.2712765957446808,0.7755834829443446,88.35527272727275,0.31272727272727274,0.3908639705882353,415,0.2457831325301205,0.07228915662650602,0.31867140240963854,0.31903486725663716,0.31853540397350993,74,0.0004994632831272217,2.8799409992370477,-1.912815384834092,2.6160679113654743,0.35786952178085385,4,0.9772668800127715,0.2620689655172414,0.20388349514563106,0.30851063829787234,0.21982758620689655,0.7209158415841584,31.045688176233718,28.22163535914886,11.671819376937044,2.530447866515253,,0.0886830520909758,1,Wide-and-quiet,False,False,False,True,"D: stand ~3-4 in DEEPER, full-time, for deeper contact (sweet-spot 31%, contact 8 in out front) [moderate]"
687462,"Horwitz, Spencer",L,2026,Pirates,30.23233176316076,32.26705022580866,24.174563155173466,24.67169840346207,-17.920612939744764,-2.034718462647892,-10.653225370108789,47.6507395799174,9.134067700953796,25.88583423211817,19.54287131628906,-42.061561633818364,8.00231504436815,36.43575047877013,9.092524827856302,4.911478759845275,659,67.90971168437027,6.862670713201821,8.274143642074629,-0.19788087418542277,34.39622348755237,0.24752475247524752,0.15266106442577032,0.918200408997955,86.67272727272727,0.33116883116883117,0.31150974025974026,436,0.15825688073394495,0.11926605504587157,0.31508338532110086,0.31775501714285714,0.3042104651162791,70,0.01354455202657806,-2.105864337998194,-0.09512211290382058,-1.9672871436478854,-0.7500084368091589,2,0.9960873635036726,0.2413793103448276,0.24897959183673468,0.1678082191780822,0.1827956989247312,0.1974813966800229,28.361042286471182,26.877755285928973,-3.689343883009112,-2.7031921307555073,0.24108241082410825,-0.01498747974664899,0,Open-and-stride,False,False,False,False,
663968,"Mangum, Jake",L,2026,Pirates,19.516643253654568,29.662493551410662,29.58469562551499,29.133614076423896,1.307749814570853,-10.1458502977561,-3.5397095923297037,50.918464322619826,-12.453652183883925,-16.92291171792682,14.950356069516456,-22.150614291967585,8.498659720341118,42.52368316688432,12.789654913293688,3.037298474375236,674,66.43768545994065,6.571513353115726,4.549223817850835,13.896231651190162,32.38745604648804,0.44410876132930516,0.1819484240687679,0.8613861386138614,83.17759336099584,0.3112033195020747,0.31904621848739495,333,0.18618618618618618,0.057057057057057055,0.2943346906906907,0.2943346906906907,,71,,1.414599780279785,0.7095820431217588,-0.09438308099438864,0.9357549271914875,1,0.5093329859923775,,0.44410876132930516,0.2653061224489796,0.13898305084745763,0.0,29.03220375891182,27.213725304233947,0.10141031751207663,2.3709703212810425,0.4551148225469729,0.12632307160152198,1,Balanced,False,False,True,False,C: move ~2-3 in CLOSER to the plate (whiffs 27% outside vs 14% inside; 2 in farther off than typical for his height; watch inside pitches) [moderate]
608070,"Ramírez, José",L,2026,Guardians,32.597931630252994,30.73841515897808,21.573086942491273,27.788399999684923,-16.850915684544532,1.8595164712749144,18.35557149539353,69.56966306490024,1.9512625563080555,7.8267499481172145,13.506454453407681,-14.892790290700342,-6.609581101401669,37.976561678060996,10.193215786030844,2.283152225281761,669,68.25695067264574,7.104185351270552,10.118021679693173,-9.590836761434014,33.21053049129204,0.2889963724304716,0.14509246088193456,0.9285714285714286,86.50408921933085,0.38661710037174724,0.3241380597014925,369,0.15447154471544716,0.11382113821138211,0.3177850514905149,0.3177850514905149,,68,,-1.5215044136115743,-0.5784770988145035,-3.1869811726127533,1.7664342071633383,1,0.9770462660798556,,0.2889963724304716,0.17898832684824903,0.15979381443298968,0.0,27.01871934158992,26.205815249319034,0.7696806580950017,-4.632728306827762,0.2923686818632309,0.01919451241525935,0,Balanced,False,False,False,False,
624585,"Soler, Jorge",R,2026,Angels,29.079301054975467,27.41891955536934,29.59410667149132,39.827059555624786,-18.043010741734154,1.6603814996061315,15.408507012176463,49.69658095618928,-5.966280049945668,8.023368996698796,13.154914432549706,-54.00645595259233,-2.063515257536796,42.46150226837597,3.034104130324991,3.7476237699061254,671,73.95737704918032,7.928315946348732,12.235615778518781,-8.22189752717709,34.187548574958036,0.27391874180865006,0.3430232558139535,0.7766179540709812,88.45544554455445,0.36633663366336633,0.38313861386138615,362,0.3259668508287293,0.09668508287292818,0.2934265524861878,0.2815841684210526,0.2976401348314607,75,-0.016055966410408073,0.6646789864365873,-2.799286865574326,0.6008525530466824,0.8246377995449442,2,0.9414202996480704,0.27177700348432055,0.2804232804232804,0.43354430379746833,0.2571428571428571,0.7513736263736264,31.716849648674348,28.55760537745383,8.110209906950438,1.0365012940374925,0.2440119760479042,0.17640144665461122,1,Open-and-stride,False,False,True,False,C: move ~2-3 in CLOSER to the plate (whiffs 43% outside vs 26% inside; 1 in farther off than typical for his height; watch inside pitches) [moderate]
680700,"Palacios, Richie",L,2026,Rays,32.17863707308592,31.783809336219697,25.57884797506309,24.808733900512273,-3.942782849057209,0.3948277368662253,7.6002241598906926,41.75684279603238,2.9107952273273336,-1.7277668558745203,23.800406671816695,-0.6209540022858642,-1.7224766693494107,45.29391907036424,19.56094103836361,4.301562217299739,644,68.63059006211179,7.236335403726708,7.182131148716943,-4.311621356652004,26.169775392463748,0.32116788321167883,0.18832116788321168,0.875,85.2169172932331,0.34210526315789475,0.3132954545454546,384,0.171875,0.11458333333333333,0.3040740416666667,0.3201764197530864,0.2171212,68,0.10305521975308643,-1.1642632512635664,1.764092514023407,0.2761369263374976,0.9396387540152731,1,0.5795082106185364,0.3805309734513274,0.31170662905500707,0.2,0.19469026548672566,0.14614343707713126,27.01871934158992,26.205815249319034,-2.2099854410776487,-0.6269672742559429,,0.00530973451327435,0,Balanced,False,False,False,False,
668715,"Steer, Spencer",R,2026,Reds,30.095320532205175,28.146014929115935,25.79916160946744,31.693409616334346,-3.5361508158067507,1.9493056030892422,3.5286653614269343,37.713105940535584,-9.306748849457664,4.800726057878809,15.24825025897102,-9.289610710446771,0.6964762467188931,40.906580324483286,8.9225168029121,8.678506325022951,661,70.46853252647503,7.331013615733737,12.836475111042283,0.7002279037052991,28.811432498063155,0.2632258064516129,0.22093023255813954,0.8677685950413223,89.38921161825728,0.3900414937759336,0.4020082987551867,384,0.22395833333333334,0.09114583333333333,0.33388128125,0.4176695416666667,0.3059518611111111,69,0.11171768055555559,0.43487754590544186,0.5612180082372141,-0.14538707213931282,-1.260966145516723,3,0.8950665694527835,0.2708688245315162,0.2393617021276596,0.2775800711743772,0.17412935323383086,0.7524687294272547,27.689880814030552,26.541785267624004,4.003528802303794,-0.742623658156564,0.24786324786324787,0.10345071794054636,0,Square,False,False,False,False,
655316,"Monasterio, Andruw",R,2026,Red Sox,34.1761493320812,29.128145416525932,24.944554065159064,29.771870041678305,-6.817140263781897,5.048003915555278,5.610989186033438,42.06953663751131,-10.166548384754314,-31.58533705808352,14.320460837728186,-20.302485661538082,1.9209379903671338,41.22353058850939,11.495879374994527,4.8757413236569525,657,68.85372907153729,6.851598173515982,9.913642659950092,-2.6631617748486636,33.734721591329325,0.26666666666666666,0.17083946980854198,0.9042769857433809,87.04016736401672,0.3807531380753138,0.3237142857142858,333,0.1981981981981982,0.07507507507507508,0.2909801081081081,0.3480182622950819,0.2580007014218009,71,0.090017560873281,0.33283830652011737,0.15775656837194146,-0.8305175688642811,-0.15794173416127846,3,0.9195825704814216,0.28604118993135014,0.23507462686567165,0.22813688212927757,0.12921348314606743,0.6001386001386001,29.03220375891182,27.213725304233947,0.7396662827664855,-2.2691712390748826,,0.09892339898321015,0,Square,False,False,False,False,
687401,"Ortiz, Joey",R,2026,Brewers,26.956028944951715,31.64434236523864,26.951538666065513,27.356520536423556,-5.632284924964879,-4.688313420286917,0.8630690340184286,34.36416171463201,-5.762084789455731,16.53940722459434,12.73596226302029,9.38750913664996,-6.312475133386625,37.47531138039705,9.423355783722307,3.592654106594729,652,72.32546012269938,7.46319018404908,2.742362003839393,-0.20267133214861147,27.998823149112702,0.3248730964467005,0.18063583815028902,0.9197247706422018,87.36048109965635,0.3024054982817869,0.328191637630662,403,0.1935483870967742,0.08436724565756824,0.2946449230769231,0.2793400805369127,0.3036229606299213,70,-0.024282880093008552,0.30374892557040284,1.5593010750544938,-1.5142174495859808,-0.7892977828186654,3,0.9999785229016098,0.3191489361702128,0.3333333333333333,0.2554112554112554,0.15637860082304528,0.6123631680618158,28.361042286471182,26.877755285928973,-1.0045217500476262,0.07378338013653973,0.3349455864570738,0.09903265458821014,0,Square,False,False,False,False,
700932,"Manzardo, Kyle",L,2026,Guardians,34.93309886410503,23.14660972415692,31.443806678646666,34.4761493014218,-2.165401438545414,11.78648913994812,2.8528035729553913,25.95912889686176,-9.24001531756561,-28.777729119567923,14.972716970579995,-15.243337621260304,3.0808379163027517,44.07381062735223,9.241125413232254,5.427333525196349,641,69.12090483619345,7.323868954758191,17.414630277961226,0.5000315037944538,37.47192077743292,0.30657894736842106,0.28718703976435933,0.8167420814479638,89.33015075376885,0.36683417085427134,0.3973618090452262,356,0.3202247191011236,0.10112359550561797,0.30505608988764044,0.297093371024735,0.3359252602739726,71,-0.03883188924923764,2.0283557191577812,0.08616775547457202,2.09096484977458,-1.0216537633493448,3,0.6066149982474389,0.3541666666666667,0.29545454545454547,0.38009049773755654,0.25523012552301255,0.18424657534246575,29.03220375891182,27.213725304233947,5.443945542509979,4.23008137441272,0.2763018065887354,0.12486037221454399,1,Square,False,False,True,False,C: move ~2-3 in CLOSER to the plate (whiffs 38% outside vs 26% inside; 4 in farther off than typical for his height; watch inside pitches) [moderate]
694497,"Carter, Evan",L,2026,Rangers,33.68082419834578,26.772722606254653,25.170604406689005,27.87300949745931,-11.49150489897956,6.908101592091144,6.740588532057745,33.735017289321554,-3.896507631769675,-12.532992866729444,20.505445472354282,-17.015543980966502,0.7547198869371743,43.09712369899992,14.804887334547239,4.472730436071277,626,70.63130990415335,7.057987220447284,7.72277592479098,-5.386492757958559,31.351445641449576,0.20975056689342403,0.26170798898071623,0.8373382624768946,84.04910394265232,0.30824372759856633,0.31298888888888887,442,0.25339366515837103,0.10407239819004525,0.2778009864253394,0.3001728306010929,0.1700628947368421,74,0.1301099358642508,-0.41339681193312655,0.43834435025794505,0.3042881536634352,-0.3058600538015232,1,0.9967058882368851,0.2446043165467626,0.2032301480484522,0.26881720430107525,0.28921568627450983,0.163184641445511,31.045688176233718,28.22163535914886,-3.172678678774407,-3.051030952459854,0.1994750656167979,-0.02039848197343458,2,Balanced,False,True,False,True,"B: go ~6 in WIDER, full-time (whiff 26%, 70th pct; width 28 in = 3 in narrower than typical for his 74-in height) [strong] | D: stand ~3-4 in DEEPER, full-time, for deeper contact (sweet-spot 31%, contact 7 in out front) [moderate]"
676356,"DeLuca, Jonny",R,2026,Rays,31.49362930942393,28.08548008815301,27.66812527050418,30.970019969951103,2.3767542416725838,3.4081492212709144,16.229468021350424,44.745331744536706,5.593870740547753,14.952460817656112,14.581279359107306,9.450465576808451,-1.3874354154840187,41.39014963665606,10.01852611439191,5.3178464403347645,624,72.57516025641026,7.78573717948718,6.913186164247351,-4.640261113690523,23.53272321817852,0.36419753086419754,0.22036474164133737,0.8815165876777251,84.25692307692309,0.29615384615384616,0.30712451361867704,349,0.21203438395415472,0.04011461318051576,0.2559048252148997,0.24303879194630873,0.26549002,70,-0.022451228053691263,0.11033822044440816,0.7676564367859094,-0.3449180075919188,0.39658419647364,3,0.9996732629632523,0.33618233618233617,0.39730639730639733,0.2631578947368421,0.22162162162162163,0.55484387510008,28.361042286471182,26.877755285928973,2.608977683479921,0.7903699845752072,,0.04153627311522046,0,Square,False,False,False,False,
666126,"Cortes, Carlos",L,2026,Athletics,29.051514830290934,19.77545639595692,31.389766561309763,23.681536115515453,-25.23194628377403,9.276058434334011,5.541167010158391,42.93435440148189,-10.01292100028961,-14.416774156655551,21.763894427482683,-29.903456666923443,1.4929520001521168,37.851659024435925,14.281868026553749,2.5472254134879364,621,69.76409017713365,6.970048309178743,6.366738380422106,0.5155442534266457,25.920387072251117,0.28058510638297873,0.20175438596491227,0.8580508474576272,88.36360294117648,0.3786764705882353,0.3223911439114391,369,0.16260162601626016,0.08130081300813008,0.3014705907859079,0.30719641498559075,0.21115872727272728,67,0.09603768771286347,-0.05459419778069962,-0.43537575329226175,0.8124603440208215,-0.3797635764975941,4,0.9976313059701769,0.3,0.27977839335180055,0.17452830188679244,0.25210084033613445,0.046875,26.347557869149284,25.86984523101406,-2.6660217536338315,5.519921330295702,,-0.077572538449342,0,Wide-and-quiet,False,False,False,False,
641857,"McMahon, Ryan",L,2026,Yankees,26.160223176870435,26.64920624724114,30.518508920936437,40.17712638508703,-0.3970030102469719,-0.48898307037071026,13.309659315528402,36.081061827492526,0.44009418989730215,10.759113884921549,6.234259487597688,-46.97326547713164,5.445410101735131,42.5100389192743,2.0620802340899402,2.3992939447832278,618,73.81893203883494,7.306957928802588,10.491622852868167,1.0019187231429165,36.48518033964408,0.2805049088359046,0.27384615384615385,0.8415178571428572,89.62995391705068,0.3317972350230415,0.37644239631336407,353,0.29178470254957506,0.07932011331444759,0.2915199773371105,0.2899958062283737,0.2984025625,74,-0.008406756271626348,2.012625153411409,-2.3082341658014793,0.48209939731972157,0.08088135436540017,4,0.7186240092183307,0.26126126126126126,0.2840531561461794,0.31100478468899523,0.275,0.17376133984647593,31.045688176233718,28.22163535914886,9.13143820885331,2.296873561787578,0.24937655860349128,0.036004784688995206,0,Wide-and-quiet,False,False,False,False,
694208,"Ballesteros, Moisés",L,2026,zMLB,34.387952640764965,31.39255701859865,29.029523342244712,22.98679869215056,-24.0090103981176,2.995395622166316,1.4974806007247032,23.718632442516554,-7.009930882923283,5.761632263684036,26.216283431927643,-28.75133069241345,4.790616323536163,38.39283090389016,15.026247896701364,7.850612338747867,607,71.44728171334431,7.035584843492587,6.762962040461801,3.1022457622612265,28.493366871779443,0.3674033149171271,0.24580152671755726,0.8560411311053985,90.23160173160173,0.3246753246753247,0.34037662337662344,338,0.22485207100591717,0.08284023668639054,0.2926510650887574,0.2985268201438849,0.26542673333333333,68,0.03310008681055154,-1.8687885166356628,0.7083484007031687,1.0066512853308873,-2.4664960628183947,2,0.7563437362534912,0.4049586776859504,0.3598673300165838,0.28719723183391005,0.24183006535947713,0.177431906614786,27.01871934158992,26.205815249319034,-4.0319206494393605,2.8237080929256777,,0.045367166474432924,0,Open-and-stride,False,False,False,False,
804606,"Griffin, Konnor",R,2026,Pirates,32.3319292397171,29.889884872525744,30.73579123266345,30.31744063869782,-10.56133560033948,2.4420443671913574,13.141202129742215,38.9692230058756,-12.352551471853499,-6.280826877362133,22.275836046446194,-23.87007429646029,4.709662657081196,42.03891609616829,12.810839516219772,9.26709862650658,604,74.59685430463576,7.6168874172185435,8.653238920052095,0.24397016648521178,33.04204123007888,0.37894736842105264,0.2689335394126739,0.8379746835443038,87.22830188679244,0.3584905660377358,0.37611792452830195,319,0.2476489028213166,0.06269592476489028,0.30290309717868336,0.34794447619047614,0.2868032,75,0.06114127619047616,-0.29499604918853045,0.0918628287111209,1.6876921258386326,-0.9589262492155637,1,0.7338630430257671,0.38064516129032255,0.375,0.30962343096234307,0.22916666666666666,0.7089013632718525,31.716849648674348,28.55760537745383,-1.3994090099765266,2.1781858552096196,,0.08045676429567641,0,Balanced,False,False,False,False,
673237,"Diaz, Yainer",R,2026,Astros,31.32218789394935,28.73966922882732,28.920479127499746,29.55153825065477,0.10485146968497529,2.5825186651220364,-10.059924001806749,38.495578068106774,-7.651641487152859,-0.38785793823947534,16.113322023968305,-1.7373770106998734,1.0743981866221044,44.28902259369005,13.259004234116482,3.653676356778507,600,71.745,7.337333333333333,7.733655879857269,2.6651197447266366,27.89394104356193,0.42512908777969016,0.19935691318327975,0.9066666666666666,89.12296296296297,0.2962962962962963,0.3482444444444444,339,0.15634218289085547,0.035398230088495575,0.30854615929203544,0.26177952173913044,0.32596531174089066,71,-0.06418579000176022,1.3813132249042432,1.6699170020295864,0.5411672567427311,0.3029997263419012,3,0.9089218587293953,0.4209245742092457,0.43529411764705883,0.24199288256227758,0.12,0.7141544117647058,29.03220375891182,27.213725304233947,0.5193344917429492,1.7067538232657995,0.4445515911282546,0.12199288256227758,1,Square,False,False,True,False,C: move ~2-3 in CLOSER to the plate (whiffs 24% outside vs 12% inside; 2 in farther off than typical for his height; watch inside pitches) [moderate]
678391,"Vivas, Jorbit",L,2026,Nationals,29.852293605741934,33.46571869477016,25.446791359855464,29.933939424835234,-9.283487179364785,-3.613425089028231,5.776134451867464,50.05937736447346,-11.228362415523499,-13.09773759750216,16.157645682752946,-23.17234402546284,1.8962161150576446,40.600922529592665,10.769102353983172,3.7620619798864126,613,68.51451876019576,7.430179445350734,5.237158645229381,-1.4211659153047644,32.11550225105402,0.28774928774928776,0.17214397496087636,0.9176201372997712,82.36999999999999,0.35384615384615387,0.2816186770428016,361,0.14681440443213298,0.11357340720221606,0.2934480997229917,0.2942884774193548,0.2883399215686274,69,0.0059485558507273995,-0.14054480767181513,0.16488207323818352,-1.3006724855067073,0.6695477343714964,1,0.7635852819524563,0.28125,0.2887788778877888,0.20229007633587787,0.17032967032967034,0.13723978411719354,27.689880814030552,26.541785267624004,2.2440586108046823,-1.09499390776854,,0.03196040600620753,0,Balanced,False,False,False,False,
687551,"Gilbert, Drew",L,2026,Giants,28.07272216887418,30.5896165373891,29.96514894259359,27.568344384664485,-14.021574795731077,-2.516894368514927,13.664466407893993,59.514641602166584,-3.348167778025908,-0.043575649330901335,16.203758896400608,-21.695699340262305,-0.470929245205518,41.060238498916206,13.542461150831581,1.1208564560866487,597,68.9966499162479,7.441708542713568,4.210198558579939,-2.0217377439138717,28.097966731558998,0.24871134020618557,0.19905956112852666,0.9033707865168539,85.94460966542752,0.3754646840148699,0.3585318352059925,387,0.18087855297157623,0.09560723514211886,0.33060177777777777,0.3504962366863905,0.19337061224489793,69,0.15712562444149258,-0.286218558807134,-0.26141594537106283,-0.5389933129205674,2.0715551901001774,1,0.9242220247366378,0.36792452830188677,0.2298507462686567,0.24336283185840707,0.14746543778801843,0.12981082844096542,27.689880814030552,26.541785267624004,-0.12153642936606701,3.423363674969586,,0.09589739407038864,0,Balanced,False,False,False,False,
691781,"House, Brady",R,2026,Nationals,30.067592605969182,24.952801167134794,28.673963976832955,31.500355865010697,-5.378884405854294,5.114791438834384,-2.009553558224335,45.68769210108681,-10.875937735346374,-23.657196726424097,12.922615379630905,-19.210837824453616,1.9681732996397434,39.21507129285176,7.143113937440525,5.421793647732469,610,72.67081967213115,7.473934426229508,9.161671490823094,2.9936170707763403,36.57143516661798,0.3393124065769806,0.2731629392971246,0.8145363408521303,90.0714932126697,0.3257918552036199,0.4168144796380091,340,0.25882352941176473,0.07941176470588235,0.33283967058823527,0.4107706296296296,0.2965614655172414,76,0.11420916411238824,1.340752837339785,-0.009511866285369689,-0.31514274078560395,-0.5281167505395402,1,0.6877025296871176,0.3433874709976798,0.3319327731092437,0.3665158371040724,0.22522522522522523,0.6620633631194152,32.38801112111498,28.893575395758802,-0.8876552561042814,-0.21961141892584735,0.3695652173913043,0.14129061187884714,0,Balanced,False,False,False,False,
683083,"Nuñez, Nasim",L,2026,Nationals,28.81863215419358,27.40816802095139,28.763277315898208,32.78273581069933,5.430221943972963,1.4104641332421943,-2.4073239000224262,48.40757818168947,-7.3191351501333575,-34.928610005895855,16.130919817517974,-8.494745723854546,6.42323787547996,43.89035030358247,10.204390144568734,5.939313172262809,599,66.85859766277129,6.65559265442404,5.4097473598158485,7.0121796063024675,33.802190534360975,0.256797583081571,0.1996879875195008,0.8662420382165605,81.12391304347825,0.32608695652173914,0.281152466367713,336,0.21428571428571427,0.08928571428571429,0.2611716666666667,0.2611716666666667,,68,,1.4442686255226962,0.8930433068051551,0.5123801373354104,0.478140844452367,3,0.816173104596381,,0.256797583081571,0.1891891891891892,0.18009478672985782,0.0,27.01871934158992,26.205815249319034,5.764016469109407,2.5574620665791734,,0.00909440245933138,0,Square,False,False,False,False,
679845,"Loftin, Nick",R,2026,Royals,32.51375500358986,28.58950079236333,29.04042620192798,28.698969786446813,-10.575607783154167,3.9242542112265104,-10.269693552569644,52.70431583122758,-14.975948348661289,2.7387449613358332,18.26391635257517,-16.097992343364748,0.07707565259383843,42.64113567816514,13.13294511131635,7.189665971736639,592,68.13902027027028,7.127871621621622,8.45094702189541,-6.128577025973729,30.884979681076832,0.24846248462484624,0.16822429906542055,0.9181818181818182,85.46875,0.3618421052631579,0.29891999999999996,424,0.16745283018867924,0.09669811320754718,0.29290978301886794,0.313413775147929,0.27932086274509804,71,0.034092912402830966,0.6394038764936364,0.9768508049701642,0.5021552012194322,0.18094068210568495,2,0.9796665007246527,0.24236252545824846,0.2577639751552795,0.25112107623318386,0.12217194570135746,0.605412208936438,29.03220375891182,27.213725304233947,-0.3332339724650062,1.8267008976940318,,0.12894913053182638,1,Open-and-stride,False,False,True,False,C: move ~2-3 in CLOSER to the plate (whiffs 25% outside vs 12% inside; 2 in farther off than typical for his height; watch inside pitches) [moderate]
657041,"Thomas, Lane",R,2026,zMLB,27.75675870625992,24.084598602418374,28.915237479052,40.02336200516216,-10.442865365185007,3.672160103841546,18.03593653516031,34.44298382108544,-17.63868382355566,-3.1108517251979344,7.3815639785449605,-49.12157216582793,-2.15836922227366,41.21442191811246,2.816017392830851,4.34515814416474,600,71.87599999999999,6.8084999999999996,7.747204442057588,-1.3799858118529669,27.250546518633584,0.20539152759948653,0.20253164556962025,0.8622881355932204,89.32680851063832,0.3659574468085106,0.358727659574468,374,0.24866310160427807,0.11764705882352941,0.3114878288770053,0.34338659393939397,0.28630459330143543,71,0.05708200063795854,2.192600547407488,-2.637368813987943,0.49648230387269077,-0.7295258346320881,4,0.9993473800292411,0.21728971962616822,0.1908831908831909,0.28272251308900526,0.16822429906542055,0.5610711952971914,29.03220375891182,27.213725304233947,10.991158246250343,1.7015121748180526,,0.1144982140235847,0,Wide-and-quiet,False,False,False,False,
683357,"Caissie, Owen",L,2026,Marlins,33.928909557057345,28.689735856648408,28.317645073809704,29.48325627515466,-5.414952924045007,5.239173700408922,-1.3226457327993408,25.38310542748738,-12.23460661300364,-10.38769770785537,18.306576042168995,-15.585743094299524,2.6094147626424595,44.986810423771985,15.063366122608969,2.505754778365302,601,74.26505823627288,7.067054908485857,11.497251986184795,-2.137349342347977,35.93297367152094,0.29778393351800553,0.33226837060702874,0.805352798053528,90.30681818181819,0.4318181818181818,0.4418750000000001,333,0.36936936936936937,0.08108108108108109,0.2989458858858859,0.3107752602739726,0.21469765853658537,76,0.09607760173738725,1.1253853900155295,1.0125611026805998,1.1110539107719426,-0.2499444850486036,1,0.8977848083960555,0.27058823529411763,0.30141287284144425,0.405,0.33624454148471616,0.12941176470588237,32.38801112111498,28.893575395758802,-2.904754845960319,-0.5759303219490981,,0.06875545851528386,1,Balanced,False,True,False,False,"B: go ~6 in WIDER, full-time (whiff 33%, 95th pct; width 29 in = 3 in narrower than typical for his 76-in height) [strong]"
650489,"Castro, Willi",L,2026,Rockies,31.254596544380014,31.5317769374569,22.593767624964613,30.565476707733158,-6.2865331314428206,-0.27718039307688563,0.6303676794806887,39.23842473719866,-0.8688503587725798,-0.6551415215662736,8.75189861116039,-24.059781632741917,0.353935605348059,37.530190590930154,5.766525718341658,2.992545306507999,609,70.97931034482758,7.119047619047619,10.244710932217407,-1.8786090094276875,39.34119868920631,0.3389830508474576,0.2953125,0.8275,89.86577540106953,0.3850267379679144,0.43762032085561503,313,0.2715654952076677,0.10862619808306709,0.3466577380191693,0.3466577380191693,,72,,0.053524854461691466,-0.22158218959439252,-2.700826803217018,-0.6018645179292483,1,0.693573640159371,,0.3389830508474576,0.35802469135802467,0.29069767441860467,0.0,29.70336523135245,27.549695322538916,0.8621114763807078,-4.955927697574303,0.3090909090909091,0.06732701693942,0,Balanced,False,False,False,False,
676724,"Young, Jared",L,2026,Mets,28.883953968153588,23.478966665705904,29.689851010052532,22.873425037288765,-0.8510769734988585,5.4049873024476875,2.2475780025077237,39.46040517845581,-7.618172749588469,-9.696435421183267,24.54651863237997,-5.494014106867515,2.4435730919036467,45.78670616539471,22.35963367249311,3.0104382675923005,598,72.36538461538461,7.1670568561872905,7.4472520525737265,-0.03593336018751428,27.62237017175242,0.2746478873239437,0.2197452229299363,0.859122401847575,89.56008064516129,0.31451612903225806,0.3541330645161291,343,0.1836734693877551,0.0728862973760933,0.31972551603498545,0.3276507142857143,0.2845024126984127,74,0.043148301587301596,0.6052221160607087,1.8326445465906676,1.7310137763474112,0.739380988258722,3,0.9979361141155102,0.32,0.26495726495726496,0.23414634146341465,0.228310502283105,0.17771084337349397,31.045688176233718,28.22163535914886,-8.172263138944952,1.468215650903673,,0.005835839180309638,0,Square,False,False,False,False,
682987,"Jones, Spencer",L,2026,Yankees,20.56217705170127,20.7161964593501,28.360251892779456,34.39478177900889,-33.285525097770574,-0.1540194076488307,26.36169959583508,40.00826377828101,19.24273245672402,6.689724832806765,21.209343030790528,-46.790269261270005,-4.795629064964053,43.10607519278227,7.985466322818283,1.5967347396911498,596,76.1510067114094,7.84496644295302,13.708187316856382,1.2796507646641648,43.47032521253611,0.35502958579881655,0.3722044728434505,0.7526041666666666,94.13288590604026,0.4429530201342282,0.4816418918918919,277,0.36101083032490977,0.09025270758122744,0.33168893862815885,0.31421578475336326,0.4038465925925926,79,-0.08963080783922933,-1.744815363837495,-3.100920798386011,1.4474508024196195,0.8815173849513219,2,0.9999998952782666,0.3425925925925926,0.3573943661971831,0.3876651982378855,0.3623853211009174,0.17394957983193277,34.40149553843688,29.901485450673714,-0.006713759427995569,-1.5412335578942589,,0.025279877136968054,0,Open-and-stride,False,False,False,False,
694374,"Tawa, Tim",R,2026,Diamondbacks,33.52491490889781,30.052906263634636,25.80084630962737,25.518903529458566,-10.968853089915036,3.472008645263156,11.024778385377175,32.78143202283045,5.834611094934635,2.7264174919864486,16.854696643904628,-10.872270875548656,-2.2215706578196714,36.7617760883055,10.427769295698333,7.0762957356818275,575,73.28973913043478,7.120869565217391,9.691899815300873,-5.664402413001528,29.986893693271952,0.3151862464183381,0.25990491283676703,0.8321167883211679,88.42863636363634,0.37727272727272726,0.380322429906542,330,0.24545454545454545,0.07878787878787878,0.3101559272727273,0.2960836853932584,0.3153527302904564,71,-0.019269044897197996,-1.5140859593282687,0.4524855353804584,-1.017072025027198,-1.7552831949631698,1,0.8777666280758643,0.3176229508196721,0.30952380952380953,0.2986111111111111,0.14906832298136646,0.7166921898928025,29.03220375891182,27.213725304233947,-3.513300229453254,-1.4128789946065758,0.2857142857142857,0.14954278812974464,1,Balanced,False,True,False,False,"B: go ~6 in WIDER, full-time (whiff 26%, 70th pct; width 26 in = 4 in narrower than typical for his 71-in height) [strong]"
656305,"Chapman, Matt",R,2026,Giants,26.190694931023934,27.294938227427256,28.480716306349088,25.565451976488657,-14.114389159120309,-1.1042432964033237,7.87323976367963,43.52626838551646,-9.017160395326652,-11.119912018342985,21.374802147845084,-11.589590690318202,-2.262214153483233,44.41720479134294,18.93609569365507,1.6294413329803827,584,75.44195205479451,7.326027397260273,3.3856695038293956,-0.8597698448476352,25.35439665112792,0.2639664804469274,0.21077654516640254,0.8574660633484164,88.20973451327434,0.2743362831858407,0.31294690265486724,352,0.23011363636363635,0.10511363636363637,0.2864246477272727,0.3221766736842105,0.27320891828793775,73,0.04896775539627274,-0.01375905971936246,0.820290881325197,0.7354169163879598,1.272461357826262,1,0.9926802150035829,0.2926356589147287,0.19,0.23715415019762845,0.20218579234972678,0.7219101123595506,30.37452670379308,27.88566534084389,-4.809074727304424,0.5950509655051981,0.20348304307974335,0.03496835784790167,0,Balanced,False,False,False,False,
596019,"Lindor, Francisco",L,2026,Mets,31.87773958406295,26.499047715114582,25.948218014136877,26.482958522535043,-12.291929447961582,5.37869186894838,9.124874530709521,57.1891614285624,-8.400418488778671,-1.3779607816128716,20.257035822735286,-10.409334574367753,-2.483591852297373,43.23720199247582,16.835025373835556,2.5367320479695175,586,72.11433447098976,7.558873720136519,14.2463820012579,-4.2464130085987115,34.438643481553,0.2857142857142857,0.2413793103448276,0.8410757946210269,91.84878048780486,0.32682926829268294,0.3929951219512195,308,0.22402597402597402,0.09090909090909091,0.33691892207792207,0.33691892207792207,,70,,-0.20363053728091426,0.5566716062880387,-0.39325246805959685,1.8332147179038067,1,0.9816894254026178,,0.2857142857142857,0.1963470319634703,0.2639593908629442,0.0,28.361042286471182,26.877755285928973,-1.8780837639361394,-0.9295372717920962,0.25052410901467503,-0.06761235889947387,0,Balanced,False,False,False,False,
701678,"Lee, Hao-Yu",R,2026,Tigers,27.561315214827836,28.562969642894288,26.117382170763726,25.848965677108446,7.904075535698118,-1.001654428066457,1.691358458768873,42.82380692212436,-14.941985029773027,-13.845816043529473,21.688098579108708,21.39079994091126,-5.395267068657994,43.36821649024803,17.663121274965718,2.493822846246554,573,70.64275741710297,6.928795811518325,7.191516617413518,6.190367728420622,24.116631958614033,0.2914798206278027,0.250814332247557,0.8448687350835322,89.56137339055793,0.3648068669527897,0.36815948275862076,345,0.24347826086956523,0.08115942028985507,0.30398264347826087,0.3112868652482269,0.2989341372549019,69,0.012352727993324986,0.9752842915637985,2.8197100609564876,-0.3204444145306209,0.9753526170090399,3,0.999998858515093,0.3073170731707317,0.26640926640926643,0.30327868852459017,0.19680851063829788,0.5989304812834224,27.689880814030552,26.541785267624004,-1.8409151369221064,-0.4244030968602779,,0.10647017788629229,0,Square,False,False,False,False,
687637,"Beavers, Dylan",L,2026,Orioles,32.3617629403919,30.932862477820706,25.916029365800274,30.137906591204388,-0.977759913617672,1.428900462571186,11.031387656931663,49.424824998534454,-9.980507264449377,-2.661174809909085,17.701040409139267,-11.327177765869353,3.6371494077573874,42.771057441855596,12.989240221097344,4.97381633832431,573,71.64886561954626,7.372076788830715,9.481685545582371,-3.5497814174660607,38.91087685972381,0.23983169705469845,0.22297297297297297,0.8598574821852731,87.34239631336406,0.39631336405529954,0.35542592592592587,344,0.26744186046511625,0.09302325581395349,0.2921111046511628,0.30934815884476535,0.22084746268656716,77,0.0885006961581982,0.21114859966951233,0.642551454452178,-0.4875460678816773,0.8076238106672411,1,0.6309475615070507,0.2074074074074074,0.24740484429065743,0.27906976744186046,0.18617021276595744,0.1964788732394366,33.059172593555616,29.22954541406377,-2.921266002351228,-3.313516048263498,,0.09289955467590302,0,Balanced,False,False,False,False,
805779,"Wilson, Jacob",R,2026,Athletics,33.758167516132914,28.707002668090016,23.825067231895506,25.512999172860514,-16.89610424831963,5.051164848042902,17.907588632722103,49.205477132445516,-3.941380954304046,-5.3048158381979915,28.30399882383989,-15.175423712654121,1.0356060680361545,43.75971301982733,19.199267335506406,7.637572944026472,574,63.91550522648084,6.165331010452962,3.8910378669018044,-0.22998312857808118,34.63642613802135,0.42248722316865417,0.12913385826771653,0.9354005167958657,83.50964285714285,0.32857142857142857,0.2991541218637993,337,0.11572700296735905,0.03560830860534125,0.2823001424332344,0.262192,0.29285464253393667,74,-0.03066264253393669,-2.1943032494839434,0.5221886818547108,0.4248120090599691,0.4909209830843937,1,0.9847106053329855,0.3968668407310705,0.47058823529411764,0.17898832684824903,0.07650273224043716,0.671943711521548,31.045688176233718,28.22163535914886,-5.5326890033732035,-4.396568127253353,0.3258026159334126,0.10248559460781187,0,Balanced,False,False,False,False,
680777,"Jeffers, Ryan",R,2026,Twins,30.58834565059828,30.54684429581963,26.144629223664097,33.24165012628233,-12.33963184843761,0.04150135477865975,19.37110251424447,42.35857683604996,-17.684728002589488,-11.146942470522944,19.62058035572982,-18.54312158701312,-0.3468206597485294,42.51505583227983,11.148827521910945,7.991731813887588,566,72.53780918727915,7.171024734982333,8.23910577314772,-1.2064447931653774,29.202235477561796,0.2609254498714653,0.15268456375838926,0.9083969465648855,88.64756097560975,0.35365853658536583,0.36628455284552847,357,0.17647058823529413,0.12605042016806722,0.3449086386554622,0.35251250746268653,0.34033949775784755,74,0.012173009704838977,-0.18214035770573672,-0.24527839057782524,0.4052108498470271,-0.26769261771217995,1,0.8403366163659024,0.2916666666666667,0.21140939597315436,0.183206106870229,0.1568627450980392,0.6176668914362778,31.045688176233718,28.22163535914886,2.1959619500486127,-2.077006135484762,0.24557752341311134,0.026343361772189794,0,Balanced,False,False,False,False,
677942,"Alexander, Blaze",R,2026,Orioles,23.628400822180613,29.77086463474481,29.548334142542945,31.645556647502488,-13.259439284200838,-6.142463812564201,-4.597661231886688,50.84744251661973,-4.8192507069479475,7.361843149324626,11.866445033193306,-28.713752245825017,-1.537248999025457,40.71456507387351,8.004602288846598,1.7267333295236225,578,71.40207612456747,7.3453287197231845,7.310778575603459,6.592144966441778,36.07100186539734,0.2965641952983725,0.22764227642276422,0.835920177383592,90.76954314720811,0.4365482233502538,0.42522051282051276,290,0.21724137931034482,0.06551724137931035,0.35003439999999997,0.3066282307692308,0.3743045161290322,71,-0.06767628535980141,0.8024288776770392,-0.41180713131536745,-0.5949964663107643,0.9428907667872607,1,0.9190960933298475,0.2976878612716763,0.2946859903381642,0.2544642857142857,0.1836734693877551,0.6304347826086957,29.03220375891182,27.213725304233947,2.6133528885906685,2.3346088383089985,0.2434077079107505,0.07079081632653059,0,Balanced,False,False,False,False,
666152,"Hamilton, David",L,2026,Brewers,28.665262700275576,22.509870723902726,29.893916277734178,24.577070431941976,0.4283542925090684,6.155391976372845,-4.804892813092055,32.21501259384674,-10.687563934878238,20.44378901612939,14.025163815915647,-5.569691389755934,2.5688424930840474,38.88259711958129,13.491595542507667,0.5064263048401852,557,68.68330341113105,7.1025134649910235,5.877670004622754,-1.1583041653167243,32.71505165576636,0.28993288590604027,0.2037037037037037,0.8793503480278422,79.771484375,0.30078125,0.3056803278688525,371,0.2183288409703504,0.08355795148247978,0.2697324204851752,0.2765219259259259,0.24248264864864863,70,0.03403927727727726,1.9188477300332445,1.3494499076909363,-0.23134196131756601,-0.5916567069224143,3,0.9975298391726478,0.30985915492957744,0.28524046434494194,0.2411764705882353,0.20714285714285716,0.17759562841530055,28.361042286471182,26.877755285928973,-3.783971854529206,3.0161609918052044,,0.03403361344537814,1,Square,False,False,False,True,"D: stand ~3-4 in DEEPER, full-time, for deeper contact (sweet-spot 30%, contact 6 in out front) [moderate]"
669357,"Gorman, Nolan",L,2026,Cardinals,34.739216719525,28.482659875386858,27.929434364677334,31.01213335644119,-8.904313034901481,6.256556844138135,14.490026750648795,29.58817301592111,0.6832047878016516,0.08893534384804289,16.73188806550091,-4.9800752030372255,-3.9274123420708116,44.52590857688999,13.403361148112722,3.1055273586701713,576,72.54392361111111,7.620833333333334,17.308413059598735,-5.808609559986547,32.46324644882527,0.3165354330708661,0.3552188552188552,0.7608142493638677,89.44583333333334,0.36904761904761907,0.3631488095238095,293,0.3174061433447099,0.10580204778156997,0.2800925733788396,0.2799006315789474,0.28112321739130436,72,-0.0012225858123569577,0.09156695713577091,0.3656746091450266,0.8451418393889307,0.21339526135477624,1,0.827006616363238,0.37362637362637363,0.3069852941176471,0.39461883408071746,0.2810810810810811,0.1555004135649297,29.70336523135245,27.549695322538916,1.30876812508874,0.3797390421384179,0.28078817733990147,0.11353775299963637,0,Balanced,False,False,False,False,
702616,"Holliday, Jackson",L,2026,Orioles,29.20628119640041,25.98144978396295,24.760244242468644,27.100104650430847,-3.662421962606499,3.224831412437461,-5.9360193635337355,53.292928543458856,-15.308800929329344,-1.0272139168088192,18.98899201203164,7.581326002517225,-5.019030630443512,42.840233503032614,15.182945279352722,6.2648417795953355,571,69.86952714535902,6.998774080560421,8.991938767849028,0.5392051594169958,32.39239374337723,0.26705370101596515,0.23578595317725753,0.8599033816425121,86.59491525423729,0.3855932203389831,0.34194468085106383,355,0.23661971830985915,0.09577464788732394,0.29214307605633805,0.2944234393939394,0.2855275164835165,71,0.008895922910422904,0.7059579519108844,1.927849621063604,-0.5082418035186668,0.5567758973169794,3,0.897944130170468,0.24725274725274726,0.27416173570019725,0.2882882882882883,0.2215568862275449,0.26433358153387937,29.03220375891182,27.213725304233947,-1.9320991084809727,-2.4534810617653022,0.2277580071174377,0.06673140206074338,0,Square,False,False,False,False,
660821,"Sánchez, Jesús",L,2026,zMLB,33.3139139047914,26.845801943065638,27.47652977343763,29.551449345741574,-12.48940616501273,6.468111961725743,-5.3344145646701095,35.969906162059004,-0.4176827873738089,-16.162249890046674,20.861083191874474,-21.946409048515704,1.9467355348121662,46.0153570803002,14.886011369581418,4.07735721686236,566,72.51625441696113,6.772968197879859,6.310326450119118,5.628812267746881,28.66577427057995,0.37598736176935227,0.24437299035369775,0.8151041666666666,90.63066037735848,0.33490566037735847,0.38530660377358494,312,0.23397435897435898,0.057692307692307696,0.31986021794871794,0.33484294964028777,0.19735435294117648,75,0.1374885966991113,0.01750243383496458,0.5060091691915,1.3136394611862008,0.263367703424342,1,0.9742190749348665,0.5370370370370371,0.3609671848013817,0.27522935779816515,0.2571428571428571,0.08006814310051108,31.716849648674348,28.55760537745383,-2.165400302932774,-1.081075604016199,0.30360721442885774,0.018086500655308035,1,Balanced,False,False,False,True,"D: stand ~3-4 in DEEPER, full-time, for deeper contact (sweet-spot 33%, contact 6 in out front) [moderate]"
691788,"Mack, Joe",L,2026,Marlins,31.642841403400478,28.818674598183406,26.71308220301409,21.908525916514986,-25.426451362450933,2.8241668052170668,-5.197660396948678,52.463604321281835,-8.221842370945048,7.173535810396388,23.45799712617368,-13.377232264831589,-4.918698294480364,39.295994516469555,16.492253612076063,6.345953636143587,575,73.272,7.33895652173913,12.61293608609589,-2.6971365053781993,30.388667138544033,0.27244094488188975,0.23232323232323232,0.8551068883610451,87.39864253393665,0.2669683257918552,0.3527281105990783,324,0.25308641975308643,0.05555555555555555,0.2820215802469136,0.2969835968992248,0.22353369696969697,72,0.07344989992952786,-1.5433222338425903,1.115200111137856,-0.42212204583037405,-0.06413814434046246,2,0.8639088019986592,0.2845528455284553,0.26953125,0.2727272727272727,0.2193877551020408,0.19553072625698323,29.70336523135245,27.549695322538916,-7.794839314837464,-0.8366131195248272,,0.0533395176252319,0,Open-and-stride,False,False,False,False,
670042,"Raley, Luke",L,2026,Mariners,32.64888657262081,29.35650015210662,28.313484930484336,29.773071055161214,-6.117881854828106,3.2923864205141924,1.7397623627982397,31.903103739009527,-12.4311682743465,-8.66397752223046,17.92536807898806,-21.49351606824497,4.15547669522862,45.48299063547944,15.556508254730623,3.1333211545415276,566,74.34399293286218,7.268374558303886,14.573369650033202,-3.300121798732784,31.187143941754517,0.34348561759729274,0.38682432432432434,0.7429305912596401,89.20232558139534,0.42441860465116277,0.48359411764705884,287,0.3240418118466899,0.05226480836236934,0.3411053240418118,0.34572975384615384,0.2965737777777778,75,0.04915597606837602,0.9361715265440599,0.6476878126579179,1.0779959893844202,0.17067994831920869,3,0.8574599252814683,0.40476190476190477,0.33879781420765026,0.4579831932773109,0.3411764705882353,0.07873303167420814,31.716849648674348,28.55760537745383,-1.9437785935131338,-0.2441204469694931,0.27427184466019416,0.1168067226890756,1,Square,False,True,False,False,"B: go ~5 in WIDER, full-time (whiff 39%, 99th pct; width 30 in = 2 in narrower than typical for his 75-in height) [strong]"
665877,"Fermín, José",R,2026,Cardinals,26.818355565997837,31.258639499312387,28.411844795007173,26.655975596247792,-3.6016748271564945,-4.440283933314539,-1.0840836750757163,43.09780342286894,-10.618957808086252,16.782718069299538,10.997351946172977,-25.310518038036747,5.004793332445913,38.88263989043166,11.721078795353357,1.6877277688420453,552,67.19710144927537,7.342753623188406,7.253902065136988,-4.632060970485128,30.574898620898253,0.22130013831258644,0.10696095076400679,0.9207459207459208,85.79244604316547,0.35251798561151076,0.2966086956521739,359,0.12813370473537605,0.08356545961002786,0.29548652924791086,0.312964625,0.28143378894472365,70,0.031530836055276346,0.9528869167867183,0.443079748254491,-1.2931417290213463,0.09304493635254006,2,0.835030283979799,0.21649484536082475,0.22686567164179106,0.148,0.05521472392638037,0.5388251181634031,28.361042286471182,26.877755285928973,-1.70506669022339,1.5340895090781999,,0.09278527607361962,0,Open-and-stride,False,False,False,False,
669707,"Triolo, Jared",R,2026,Pirates,26.107996218507036,31.450619932032385,26.440497727871747,33.70340254902656,-4.131954513287863,-5.342623713525341,6.310536988258024,47.69950750873774,-14.044642354187026,-0.6532365807970865,7.259198079628594,-37.517370937594876,2.9639053274754077,39.08808945459538,5.702977739612422,1.8247828982635448,546,69.94505494505495,7.5899267399267405,6.85003533620588,0.6943876607223739,37.65119944591574,0.25462962962962965,0.18825561312607944,0.9009661835748792,85.00919999999999,0.34,0.30995161290322576,355,0.19436619718309858,0.07887323943661972,0.28697190985915494,0.3318564892086331,0.25808785185185185,75,0.07376863735678124,1.411212779569798,-1.0006040354498136,-1.8429633019556457,0.44493282940773604,4,0.661528535377275,0.2553191489361702,0.2536764705882353,0.2594142259414226,0.16279069767441862,0.600924499229584,31.716849648674348,28.55760537745383,1.9865529003522155,-2.1171076495820813,0.23504273504273504,0.09662352826700399,0,Wide-and-quiet,False,False,False,False,
694203,"Guzman, Denzer",R,2026,Angels,30.134500468047662,29.78454845877037,26.138448024126724,25.34589105531381,-3.2777533026642978,0.3499520092772912,3.9969411992231776,45.72622875129084,-11.214522887290503,29.206393374403493,14.876694052654571,-10.827275315876248,1.971777555824924,38.05846251713747,12.621586358892309,4.300750483174078,545,73.36366972477063,7.966422018348624,5.676664062411559,-6.405272096147274,32.10579777222616,0.329608938547486,0.23843416370106763,0.8285714285714285,86.3484693877551,0.3673469387755102,0.333958762886598,287,0.2508710801393728,0.05574912891986063,0.27349960975609755,0.29148983673469386,0.2641713439153439,73,0.02731849281934995,0.23952365014855387,0.9824714028758234,-1.5223397680924475,-0.2670000154213604,3,0.7332977007570138,0.3384615384615385,0.3160377358490566,0.3112033195020747,0.17567567567567569,0.6350844277673546,30.37452670379308,27.88566534084389,-5.02863564847927,-1.7472173167171654,,0.135527643826399,0,Square,False,False,False,False,
665052,"Conine, Griffin",L,2026,Marlins,32.64111399193323,30.219608256227044,29.599306869142065,33.36228336365334,-23.93110458178318,2.4215057357061944,5.776332891929931,47.52670552058286,4.249325475203632,-4.129144879497287,21.93122178412274,-35.47682211347972,-0.7124299075108572,46.7174161748986,12.317982445658991,3.0283993547398063,540,73.33055555555555,7.428148148148148,12.92725255012081,-0.48872313855924226,27.568254162994094,0.3291731669266771,0.34690265486725663,0.7796610169491526,90.9632768361582,0.4124293785310734,0.47392090395480224,306,0.2973856209150327,0.10784313725490197,0.3613849934640523,0.37137120987654315,0.32286673015873013,73,0.04850447971781302,-0.8896680259014091,-0.9326429090754323,1.6195549902019735,1.6825731272501208,2,0.9986617076851747,0.415929203539823,0.3106060606060606,0.3811659192825112,0.3128491620111732,0.1965665236051502,30.37452670379308,27.88566534084389,2.98775665986026,1.7136415282981758,,0.06831675727133801,0,Open-and-stride,False,False,False,False,
669236,"Jackson, Jeremiah",R,2026,Orioles,29.904102615940463,27.48432850031932,31.358918121383773,30.24728974047486,-12.12420421014128,2.41977411562114,-6.521802984325979,40.908781886077676,-9.209915363006978,8.176859679352184,14.242392953317943,-38.644396285588634,4.226855490240157,39.62566250409405,8.568418647510114,2.3712345442414904,536,72.28638059701493,7.4889925373134325,9.701241120000892,0.683783698820694,26.09197067871771,0.37060041407867494,0.24955752212389382,0.8497409326424871,88.97438423645322,0.30049261083743845,0.35277722772277226,278,0.22661870503597123,0.02877697841726619,0.28133048920863307,0.3117191914893617,0.2658058260869565,71,0.045913365402405204,1.1356221353128224,-0.45998808926957463,0.23679956703289357,-0.25013972772680404,1,0.7318887260467518,0.39057239057239057,0.3387096774193548,0.33014354066985646,0.23809523809523808,0.6148373983739838,29.03220375891182,27.213725304233947,1.215085981563039,4.145192817149827,0.34615384615384615,0.09204830257461838,1,Balanced,True,False,False,False,"A: stand ~3 in DEEPER vs same-hand pitchers (chases 39% vs same-hand, 34% vs opposite) [moderate]"
686217,"Frelick, Sal",L,2026,Brewers,24.392759127824924,32.32187651616861,28.218519824731576,25.42911880113488,-11.790039240150069,-7.929117388343668,13.911163630396524,24.857362340025432,-1.1707754685777647,9.224021405086983,19.163117815720554,-24.55869997102853,3.705560345333766,40.58301312331539,15.044955156646864,2.2930175065963727,541,67.5097966728281,7.048613678373383,5.1784387382373405,1.4700955698616927,27.390382644648238,0.24296296296296296,0.08609271523178808,0.9584295612009238,84.52804054054054,0.28378378378378377,0.2724232081911263,372,0.10215053763440861,0.07795698924731183,0.2863939569892473,0.27979069565217396,0.30537833333333336,69,-0.025587637681159403,-0.8688948909993757,0.308355265202504,0.12784348068168655,-0.6821232014555343,1,0.9923855149331164,0.21637426900584794,0.251984126984127,0.11891891891891893,0.09302325581395349,0.24769339957416608,27.689880814030552,26.541785267624004,-2.260762012895672,1.6767345571075722,0.2607476635514019,0.02589566310496544,0,Balanced,False,False,False,False,
665750,"Taveras, Leody",L,2026,Orioles,32.5995510578447,27.363207543455825,26.053207553229093,28.847946381303174,-12.042517571005614,5.236343514388885,-5.140159580752054,43.4699271427996,-5.615730732498585,16.2477370502038,17.23327560431072,-15.450508549285585,-1.570639529710495,41.592042684499134,11.538280666958542,5.373569518448887,549,72.44444444444444,7.606375227686702,8.69977410909849,-6.081478189906122,33.216982453323205,0.30877742946708464,0.22837370242214533,0.8818897637795275,84.88544600938968,0.30985915492957744,0.3268260869565217,315,0.22857142857142856,0.08888888888888889,0.28299066666666667,0.28299066666666667,,74,,0.06348446365794247,0.5754424723576401,-0.2607432310294837,-0.19907644329273547,1,0.9780450475336152,,0.30877742946708464,0.23943661971830985,0.2953020134228188,0.0,31.045688176233718,28.22163535914886,-2.1977417949305433,-2.168427805919766,,-0.055865393704508964,0,Balanced,False,False,False,False,
665966,"Narváez, Carlos",R,2026,zMLB,32.62104722698411,25.976454448242393,28.450609137107165,28.993327228278826,-20.341240962812723,6.644592778741703,9.600883806471337,40.12891821924306,1.6980061154992567,61.65383815709241,22.472656599328396,-33.42124096943415,3.174355137948329,41.04147580599064,11.580142486221419,9.170721676546771,538,71.3868029739777,7.496468401486989,11.011193587889585,2.273887987019603,31.46566931233989,0.3231597845601436,0.3181818181818182,0.778061224489796,86.81125,0.3625,0.3371176470588235,277,0.3249097472924188,0.06498194945848375,0.2602488953068592,0.22574105263157895,0.27329663681592037,71,-0.047555584184341415,-1.4210336227055498,-0.7163425748584433,1.2691220553587268,-1.1896149744247868,2,0.9934365250916033,0.329923273657289,0.3072289156626506,0.4017857142857143,0.23333333333333334,0.7040358744394619,29.03220375891182,27.213725304233947,-0.03887653063299368,1.2368838328732181,0.29284903518728717,0.16845238095238096,2,Open-and-stride,False,True,True,False,"B: go ~3 in WIDER, full-time (whiff 32%, 94th pct; width 29 in = 0 in narrower than typical for his 71-in height) [strong] | C: move ~2-3 in CLOSER to the plate (whiffs 40% outside vs 23% inside; 1 in farther off than typical for his height; watch inside pitches) [moderate]"
680779,"Davis, Henry",R,2026,Pirates,30.358183823089945,33.05202191528571,28.705497668925986,31.362590468409078,-8.378663305772674,-2.693838092195764,7.6748771987246,62.92053141501889,-6.6310773707289465,-14.080461473855312,14.657628245254935,-16.116093263222773,-0.6857792470916627,43.473918530986,11.945583013965063,2.3508150706853916,531,73.524670433145,7.261770244821093,11.233527280115718,-6.200363597791366,28.23693339429146,0.31560283687943264,0.2344582593250444,0.8623376623376624,88.09175257731958,0.28865979381443296,0.30587434554973825,292,0.2054794520547945,0.0958904109589041,0.291498301369863,0.2254629777777778,0.32091998019801976,71,-0.09545700242024197,0.3003455553723467,0.10349770190765692,-0.598728208559819,2.4594505429745115,1,0.48470960840285765,0.29381443298969073,0.36363636363636365,0.29910714285714285,0.16447368421052633,0.6954503249767874,29.03220375891182,27.213725304233947,2.330386709497258,1.4917723646920393,0.3473282442748092,0.13463345864661652,1,Balanced,False,False,True,False,C: move ~2-3 in CLOSER to the plate (whiffs 30% outside vs 16% inside; 1 in farther off than typical for his height; watch inside pitches) [moderate]
678554,"Mead, Curtis",R,2026,zMLB,31.371786804891556,33.94754018980422,26.29314236283604,15.58614366516054,-16.297906733011946,-2.575753384912664,4.241976548661718,43.87179545403413,-1.3402036551324488,13.596830466141164,26.9957631722868,-5.657862855697468,-2.2930538818392954,39.37489075112124,23.013185708256465,3.521067329197556,536,71.78488805970149,7.020522388059701,5.172281347058471,-4.29903469032265,31.082422562537833,0.2496607869742198,0.1637323943661972,0.9166666666666666,88.01369863013699,0.3789954337899543,0.3923835616438356,331,0.1903323262839879,0.11782477341389729,0.35565904531722053,0.37671042253521125,0.3398426666666667,73,0.03686775586854457,-2.4952962347621077,2.2078770391982228,-0.8195563554195755,0.23705368911949065,1,0.9995767573181473,0.271461716937355,0.21895424836601307,0.19534883720930232,0.12571428571428572,0.5748930099857347,30.37452670379308,27.88566534084389,-14.78838303863254,-1.5925229780078496,0.28225806451612906,0.0696345514950166,0,Balanced,False,False,False,False,
668901,"Vientos, Mark",R,2026,Mets,29.803284195543686,27.19344551413366,27.561326847276174,26.31974577402955,-3.216395869789475,2.60983868141002,-7.446628058480994,53.298558248521914,-12.624549211819724,-14.420902277246876,17.40878955306855,-4.3161685985703,0.09387443545731462,42.14198959884499,14.976566342061552,2.487807352473771,529,72.97599243856334,7.4714555765595465,12.704567096738753,0.9367304226125557,31.541934495176033,0.35064935064935066,0.29690346083788705,0.8138888888888889,89.85329949238577,0.3197969543147208,0.38177157360406094,283,0.24028268551236748,0.053003533568904596,0.3105152508833922,0.3459429655172414,0.28590677844311374,75,0.06003618707412767,1.061956300583333,1.5454794901208126,-0.549552973065161,1.1718744293429506,3,0.8810686534795737,0.37538461538461537,0.3130841121495327,0.3627906976744186,0.2620320855614973,0.59375,31.716849648674348,28.55760537745383,-5.397103874644799,-0.9962785301776549,0.32878270762229805,0.10075861211292131,1,Square,True,False,False,False,"A: stand ~3 in DEEPER vs same-hand pitchers (chases 38% vs same-hand, 31% vs opposite) [moderate]"
682177,"Schneemann, Daniel",L,2026,Guardians,35.16606814806956,31.966875947414202,24.23467537504871,32.55437687880156,-14.962642130797606,3.199192200655365,-0.15988597480728486,64.84188281366221,-9.109319790518983,-3.9002308761118956,19.10810219396237,-19.79794478904211,-1.4801048025633143,43.66848931192649,10.719913588075542,7.544735036555476,538,70.42862453531598,7.0278810408921935,14.318043111832232,-0.42242247885379014,33.04748695499876,0.3327495621716287,0.295169946332737,0.8501362397820164,87.85689655172413,0.3563218390804598,0.36906358381502896,282,0.2978723404255319,0.0851063829787234,0.2858629219858156,0.29019677064220184,0.27110075,72,0.01909602064220184,-0.6542190442585728,0.09523168060149334,-0.6758613315159651,1.3759766329033087,1,0.6670805110930281,0.2558139534883721,0.3552036199095023,0.32019704433497537,0.3111111111111111,0.22448979591836735,29.70336523135245,27.549695322538916,2.8510116474491127,-3.3150199474902067,0.2542372881355932,0.009085933223864251,0,Balanced,False,False,False,False,
677588,"Tena, José",L,2026,Nationals,33.89559501977084,34.14313326520378,25.760475085897568,19.866530411718152,-15.863241730625468,-0.24753824543296396,-32.02829961147691,56.903040903230114,-5.930485507211687,-4.722798149656459,19.388526780783245,-5.376761960876453,-3.228638313685143,36.97321609949785,14.557995628598537,4.435399907747421,536,73.01772388059702,7.05018656716418,7.066608066727416,0.2044444609595321,34.47904067887268,0.2947882736156352,0.3104693140794224,0.7935656836461126,90.5529761904762,0.31547619047619047,0.37424999999999997,287,0.31010452961672474,0.09407665505226481,0.2924163344947735,0.2882034756554307,0.348658,70,-0.06045452434456933,-1.0928052655574427,2.4208856761247945,-2.2473706617470355,0.13724448718784168,1,0.9984884509113088,0.30952380952380953,0.2937062937062937,0.31176470588235294,0.3263157894736842,0.0634648370497427,28.361042286471182,26.877755285928973,-8.49451187475303,-1.1172802000314057,,-0.014551083591331282,1,Balanced,False,True,False,False,"B: go ~6 in WIDER, full-time (whiff 31%, 93th pct; width 20 in = 8 in narrower than typical for his 70-in height) [strong]"
656555,"Hoskins, Rhys",R,2026,Guardians,33.199980121319925,31.08975277786031,28.260491386947056,24.117741629580195,-6.080937320887367,2.1102273434596173,10.287981040787226,54.37091917543152,-2.6405605403382575,14.191636773900436,21.112720231004786,-7.084979435554435,0.03717124571996534,42.06283154690779,17.679515965155474,4.329512746756917,525,71.20476190476191,8.205333333333334,16.58113352730174,-5.982812809731479,33.50134598641848,0.2223816355810617,0.2978723404255319,0.7750611246943765,89.37065868263474,0.3413173652694611,0.3534491017964071,319,0.31347962382445144,0.14733542319749215,0.2948169529780564,0.29534251968503933,0.2944693125,75,0.0008732071850393042,-0.8103770519077234,1.1946793837286787,-0.1918860725188658,1.2404672994883748,1,0.7652887128381548,0.23501199040767387,0.20357142857142857,0.3981042654028436,0.24064171122994651,0.5783582089552238,31.716849648674348,28.55760537745383,-7.599108019094153,-0.297113990506773,0.1991404011461318,0.1574625541728971,1,Balanced,False,True,False,False,"B: go ~6 in WIDER, full-time (whiff 30%, 88th pct; width 24 in = 8 in narrower than typical for his 75-in height) [strong]"
642086,"Smith, Dominic",L,2026,Braves,35.819787963714404,32.613451468714544,26.376499742333277,38.18932020376644,-18.866950440692683,3.2063364949998405,6.827802053221018,51.772395191214464,1.2575917579227849,15.368177782583249,12.604351101095821,-52.69415277851527,-2.2139942183849364,40.73234000028667,2.163541289228263,3.7062598605107038,518,68.09671814671815,6.846138996138997,8.017251643995516,-3.6707524946090353,30.913072053634714,0.313458262350937,0.1912568306010929,0.8876712328767123,87.39638009049773,0.34841628959276016,0.31636818181818177,293,0.15699658703071673,0.07508532423208192,0.2946404778156997,0.306876703125,0.209979027027027,71,0.09689767609797298,-0.3910667629939343,-2.311111414579047,-0.9471269712897673,0.7298595271724145,2,0.9962415776947684,0.27692307692307694,0.31800766283524906,0.16113744075829384,0.30344827586206896,0.11900532859680284,29.03220375891182,27.213725304233947,9.157116444854623,-0.8372255619006701,0.3247058823529412,-0.14231083510377512,0,Open-and-stride,False,False,False,False,
686555,"Collins, Isaac",L,2026,Royals,30.645338995139277,28.25554808906908,28.718060883564277,33.96601091077114,-11.64477945222501,2.389790906070197,16.174651986315826,44.06080983874696,0.9704373341073471,-21.07415590079166,21.943644441722565,-43.398318330998784,9.432850979123556,46.27164039699598,12.212492273439786,3.8928750999791726,498,72.63052208835342,6.662248995983936,3.525279006737713,-3.1777803018493285,28.31198475967583,0.1896551724137931,0.1921641791044776,0.8935643564356436,88.00186046511625,0.3302325581395349,0.3193364485981308,352,0.23579545454545456,0.13920454545454544,0.3002420795454545,0.3002420795454545,,68,,-0.3944940921982015,-1.2911305450161095,1.6178587168687582,1.1396314108444847,2,0.9923681983509078,,0.1896551724137931,0.23417721518987342,0.22162162162162163,0.0,27.01871934158992,26.205815249319034,6.947291569181218,2.512245634245243,0.16323024054982818,0.012555593568251783,0,Open-and-stride,False,False,False,False,
667472,"Myers, Dane",R,2026,Reds,26.494163646294435,33.85023887658623,29.206688591413794,20.52967541420221,-5.513869475091546,-7.35607523029179,2.940366700246405,29.03259984597746,-9.539992583465084,-17.464029445468334,28.761933649164806,-1.6713736438367555,-0.865164838676844,44.546433643033595,24.41079306698248,5.307057249443066,515,70.15961165048543,7.114174757281554,7.832608891907424,8.28948817101411,29.415005646969878,0.2521246458923513,0.19080068143100512,0.8508557457212714,87.2819512195122,0.36585365853658536,0.3581170731707317,330,0.24242424242424243,0.10909090909090909,0.30803179393939395,0.3333868811188811,0.28864260962566846,72,0.04474427149321264,-1.0030291589690308,2.768277502897812,1.5355652498892904,-0.3307688739309169,1,0.7953884951089271,0.291044776119403,0.20065789473684212,0.265625,0.1822429906542056,0.5604395604395604,29.70336523135245,27.549695322538916,-9.17368981715024,1.6569932688748779,0.2437619961612284,0.0833820093457944,0,Balanced,False,False,False,False,
663743,"Fortes, Nick",R,2026,Rays,29.121070642375514,30.072786818566946,28.60523642331165,40.364831069521784,-11.948364492700897,-0.9517161761914273,26.206164735821233,45.11470393956025,-10.653542745770656,29.56511421579389,5.634696084346905,-45.984334581752705,-5.402642890329101,44.057879445372514,5.426816096397381,2.280848861093214,520,71.84826923076923,7.5025,3.458297963516419,-7.154579746866819,19.520182451747317,0.36589698046181174,0.15693430656934307,0.8944281524926686,83.9605577689243,0.2589641434262948,0.2846585365853659,314,0.12738853503184713,0.03821656050955414,0.2737089426751592,0.28589689440993793,0.26088371241830066,71,0.025013181991637268,1.43456362329362,-2.735337492079409,0.04620352181675635,1.252891521451271,4,0.9847252307374689,0.3814814814814815,0.3515358361774744,0.19791666666666666,0.13402061855670103,0.4752104770813845,29.03220375891182,27.213725304233947,11.332627310609965,1.3915111190777019,0.31235955056179776,0.06389604810996563,0,Wide-and-quiet,False,False,False,False,
672275,"Bailey, Patrick",L,2026,zMLB,30.851790758179863,30.645361443776792,28.085836676052992,27.962129468535394,-6.567011218053898,0.2064293144030724,8.814677959720537,47.35077843290992,-14.676946255916736,0.4139363834447547,16.87627700878352,-18.362621133443017,2.9581350027040245,36.27028934905005,8.952756432107314,7.896964272237984,510,71.83843137254901,7.2874509803921566,7.355470115691211,-2.113905939342443,33.679136162954116,0.32222222222222224,0.24253731343283583,0.8480662983425414,88.72677595628416,0.36065573770491804,0.3743591160220994,275,0.2545454545454545,0.06909090909090909,0.2987674763636364,0.2987674763636364,,72,,-0.09469024727141576,0.34868679042121664,-0.9288058389049711,-1.1178302107986449,1,0.9269552509947725,,0.32222222222222224,0.1989795918367347,0.34810126582278483,0.0,29.70336523135245,27.549695322538916,-1.7412357628170554,0.5361413535140755,0.266025641025641,-0.14912167398605014,0,Balanced,False,False,False,False,
624641,"Sosa, Edmundo",R,2026,Phillies,30.675025112670184,28.931202830996327,26.943308664556955,34.886386474357145,-6.936046745524245,1.743822281673853,-1.628552975676715,36.29425058861905,-3.196808736571723,33.507043004850345,8.367858255477563,-30.832519133873685,0.1531436185840478,40.97628296639015,4.920353501996338,5.823276602732053,525,71.39314285714286,8.095428571428572,10.750355855902905,-2.993954680578923,33.87645251257062,0.524008350730689,0.24765478424015008,0.8900709219858156,87.6471590909091,0.3522727272727273,0.3992685714285714,242,0.21074380165289255,0.028925619834710745,0.3336315867768595,0.34218014492753623,0.32228830769230765,71,0.019891837235228582,0.984910706625805,-0.7480596931916652,-0.43445231284800356,-0.9421829050717033,4,0.6354139476572901,0.5867346938775511,0.48056537102473496,0.30416666666666664,0.22413793103448276,0.40774487471526194,29.03220375891182,27.213725304233947,5.854182715445326,-0.27041663967699137,0.45714285714285713,0.08002873563218388,1,Wide-and-quiet,True,False,False,False,"A: stand ~2 in DEEPER vs same-hand pitchers (chases 59% vs same-hand, 48% vs opposite) [moderate]"
668885,"Martin, Austin",R,2026,Twins,31.571249044597902,31.436874479777817,26.139900728346177,28.307985512258455,-8.173461786613188,0.1343745648200851,9.113237021192175,53.09432541437374,-0.26355459960807515,-15.653050938672513,12.676126375097692,-20.580763066885478,0.6342853849751285,35.64298239135951,6.806422572020853,9.067647819650887,496,68.55403225806452,6.625604838709678,10.170652321018348,-1.6434625511599597,38.6033714443397,0.1786743515850144,0.1801470588235294,0.8952380952380953,85.62936170212767,0.3617021276595745,0.3023531914893617,354,0.1864406779661017,0.12429378531073447,0.3040265536723164,0.33673673988439307,0.27276212154696133,70,0.06397461833743173,-0.9925958536712283,-0.20060830633186796,-1.821238073153811,-1.030459531654368,2,0.8662093606261294,0.22028985507246376,0.13753581661891118,0.23423423423423423,0.18543046357615894,0.5157278712509145,28.361042286471182,26.877755285928973,-0.053056774212727476,-0.7378545575827964,,0.048803770658075285,0,Open-and-stride,False,False,False,False,
542303,"Ozuna, Marcell",R,2026,Pirates,34.42450971944152,34.579510044584545,25.852346855559613,33.08957532177554,-25.82032947434908,-0.15500032514304202,-3.9221183991755555,54.48355500083776,-13.10771863886549,18.186525124544307,12.410117168698491,-42.45037126075344,-7.217952483694122,38.76340386962818,5.769319800824171,0.9641693050255992,510,72.54725490196078,7.360196078431372,14.828114318296386,-4.851513438205854,36.40091564897373,0.2667660208643815,0.2840909090909091,0.8194842406876791,89.1375,0.4107142857142857,0.38205357142857144,281,0.2846975088967972,0.09608540925266904,0.29966704626334517,0.3151122330097087,0.2907296629213483,73,0.024382570088360422,-0.05491442378784964,-1.1441039599702933,-2.024093562493321,1.0813885305220454,2,0.9998380469724305,0.24371859296482412,0.30036630036630035,0.3901345291479821,0.18831168831168832,0.6248995983935743,30.37452670379308,27.88566534084389,2.715048617982461,-2.0333184852842763,0.22311631309436722,0.20182284083629376,0,Open-and-stride,False,False,False,False,
596115,"Story, Trevor",R,2026,Red Sox,35.01769723121399,25.383848388517027,30.05443463413338,37.176235101465586,-28.037101403326474,9.633848842696967,-18.011924731978645,52.3662680134994,-9.887730793570679,-3.7987037588844985,23.29320559595324,-46.3205664483965,0.448337252203199,44.58403670424103,6.341849643604114,9.635514307136447,498,70.32570281124498,7.389156626506025,10.622765826305955,-2.45187441547864,29.560814225100014,0.4351297405189621,0.27692307692307694,0.8013245033112583,86.75802469135802,0.3148148148148148,0.35001234567901235,252,0.3134920634920635,0.03968253968253968,0.25443847619047616,0.2969576119402985,0.23903965405405406,73,0.05791795788624446,0.10592969541636381,-1.0816219948229293,2.2630082633059905,-0.2632810886001553,2,0.9943347204799866,0.44692737430167595,0.40559440559440557,0.33624454148471616,0.25308641975308643,0.7251336898395722,30.37452670379308,27.88566534084389,6.801708397672506,2.1687692932894898,0.3528428093645485,0.08315812173162973,2,Open-and-stride,True,False,False,True,"A: stand ~5 in DEEPER vs same-hand pitchers (chases 45% vs same-hand, 41% vs opposite) [moderate] | D: stand ~3-4 in DEEPER, full-time, for deeper contact (sweet-spot 31%, contact 10 in out front) [moderate]"
663837,"Vierling, Matt",R,2026,Tigers,31.85495320949799,36.51578613586542,26.57017960901629,25.083501751614588,-18.0047569440964,-4.660832926367415,11.02279629765421,55.660683151028636,-2.6889494486585392,35.42288532099738,15.25840322396173,-1.4008011729505376,-10.01099700254447,37.793436275095594,12.661751103102599,3.366277997800462,518,70.07432432432432,7.384362934362934,8.433162145974281,-0.5434300587415536,31.09001852255034,0.3241252302025783,0.16159695817490494,0.9085714285714286,87.65090090090091,0.36936936936936937,0.3370407239819004,292,0.1678082191780822,0.06506849315068493,0.3012279589041096,0.3407367394957983,0.2740513988439306,73,0.06668534065186771,-1.4020546839713466,0.7788274187430816,-2.0522264814226165,1.0167007454232322,1,0.9675699155832285,0.3422818791946309,0.3020408163265306,0.18407960199004975,0.15,0.5742935278030994,30.37452670379308,27.88566534084389,-5.291024952178493,-1.3154857318276,,0.03407960199004975,0,Balanced,False,False,False,False,
545121,"Vargas, Ildemaro",L,2026,Diamondbacks,25.373687497217013,9.426949064205726,24.37227716965929,33.48864340997534,-15.134585371476614,15.946738433011278,25.268098894735296,32.21986793819934,-12.53460558999476,-6.4604695182564775,13.431373603301385,-45.66064991922067,1.6573919201819671,38.832400511658825,7.033530050800145,1.5528905933344224,511,68.9945205479452,7.317025440313111,5.00222848793968,-3.78550267685961,21.96549696881624,0.3864406779661017,0.12769784172661872,0.9388379204892966,86.47906976744186,0.28294573643410853,0.27291015625,313,0.10223642172523961,0.06389776357827476,0.27219344408945684,0.27219344408945684,,71,,1.1473664006373292,-2.604402410956539,-0.3940801730758653,-0.8095126217463648,4,0.9999999986473345,,0.3864406779661017,0.10480349344978165,0.20915032679738563,0.0,29.03220375891182,27.213725304233947,4.456439651063519,-2.841448134574655,,-0.10434683334760397,1,Wide-and-quiet,False,False,False,True,"D: stand ~3-4 in DEEPER, full-time, for deeper contact (sweet-spot 28%, contact 16 in out front) [moderate]"
624424,"Conforto, Michael",L,2026,Cubs,31.829442266607327,27.346975286751892,29.6737740860472,34.082761187913476,-7.209833105580552,4.482466979855434,13.396908756582329,25.808552270397477,-0.6522487462819032,-0.9114819396646409,10.973646897769326,-26.084021574892123,0.6722932746253212,41.85635482554564,7.576227095189672,2.011130285069185,493,71.62474645030426,7.2014198782961465,11.532442176053443,-4.385981474933229,30.958030342682274,0.2737341772151899,0.24489795918367346,0.8661202185792349,90.39329608938549,0.4134078212290503,0.41204469273743016,299,0.26421404682274247,0.11371237458193979,0.3328735919732441,0.32637464827586204,0.542284,71,-0.21590935172413794,1.051123556911725,-0.9079441814852444,0.5440358052998506,-0.48634857174948554,1,0.9883059365562397,0.2,0.2755267423014587,0.32098765432098764,0.24056603773584906,0.027340513670256836,29.03220375891182,27.213725304233947,5.050557429001657,2.460048781813253,0.23176823176823177,0.08042161658513858,0,Balanced,False,False,False,False,
666211,"Trammell, Taylor",L,2026,Astros,31.652171892781716,30.119817062512602,25.936535804805388,30.39565486392553,-23.36235116937673,1.5323548302691052,-11.591735553888961,43.16380037717633,-6.115531039367989,-1.5660696262088614,16.960205376887192,-30.902801329668588,-3.338747379081208,42.13825916757288,10.572314593793543,1.988541899824355,481,75.67900207900207,7.874844074844075,9.634200593787467,-6.818044451435458,28.94545062075252,0.27787934186471663,0.36328125,0.7583333333333333,87.62360248447206,0.2919254658385093,0.36676875,278,0.3057553956834532,0.10071942446043165,0.2941078417266187,0.3116638312236287,0.19262565853658536,73,0.11903817268704331,-0.12590826652957926,-0.10749813129008895,-0.5173660957447379,0.5038703466206687,2,0.9822022173160277,0.25333333333333335,0.2817796610169492,0.42021276595744683,0.3673469387755102,0.1449953227315248,30.37452670379308,27.88566534084389,0.02112816013244867,-1.9491295360385017,,0.05286582718193661,0,Open-and-stride,False,False,False,False,
592450,"Judge, Aaron",R,2026,Yankees,29.392722810172483,25.346436461446753,33.84130923165991,30.32457890653037,-6.5969358964827105,4.046286348725735,-4.000460049781325,50.77803363588818,4.365416138152003,22.08893863378432,10.411298251742984,-11.697453300541335,-1.967238579124514,40.638577774590175,8.42526195480633,2.0755049524095135,504,75.08214285714286,8.043452380952381,11.526341186936289,-4.425394691619368,38.47214610464356,0.2645739910313901,0.30740037950664134,0.8057142857142857,94.03986928104574,0.3464052287581699,0.5369477124183006,285,0.2982456140350877,0.15087719298245614,0.39844600701754385,0.41295481481481483,0.3926851568627451,79,0.020269657952069753,1.331552515696968,0.09829703562807313,0.2739323857108811,0.8932724438632819,3,0.9932098144360894,0.274468085106383,0.24120603015075376,0.425,0.27461139896373055,0.706645056726094,34.40149553843688,29.901485450673714,-4.0769166319065135,3.939823780986199,0.22429906542056074,0.15038860103626944,2,Square,False,True,True,False,"B: go ~6 in WIDER, full-time (whiff 31%, 92th pct; width 30 in = 4 in narrower than typical for his 79-in height) [strong] | C: move ~2-3 in CLOSER to the plate (whiffs 42% outside vs 27% inside; 4 in farther off than typical for his height; watch inside pitches) [moderate]"
620443,"Torrens, Luis",R,2026,Mets,24.998141659513873,27.71618228437568,30.21747063610815,32.32146564843253,-18.125532819603578,-2.7180406248618088,11.357338817100985,45.93273037097227,-6.395645087901673,-1.14620983039991,14.963327059752071,-47.134301699344746,1.5094208782163634,36.78641781192515,4.63984254766185,5.622739400800137,493,69.43062880324544,7.016430020283975,7.02974610900532,8.24334040823395,30.542551454101552,0.32321428571428573,0.18860510805500982,0.8871951219512195,88.17938144329898,0.31443298969072164,0.3319375,274,0.20437956204379562,0.06204379562043796,0.29206357664233573,0.29029209411764706,0.29286027513227514,71,-0.0025681810146280792,-0.12904339844635604,-1.7988521049704556,-0.16693454704266453,-0.8096666216183042,2,0.5941224693815935,0.30357142857142855,0.36904761904761907,0.26785714285714285,0.1564245810055866,0.7149576669802445,29.03220375891182,27.213725304233947,3.2892618895207093,3.003745331874203,0.2605042016806723,0.11143256185155626,0,Open-and-stride,False,False,False,False,
691777,"Muncy, Max",R,2026,Athletics,32.02981381738947,24.41358606593159,28.51550701775634,30.762530676047845,-8.090398054834486,7.616227751457883,13.301465957804043,61.608640699240404,-3.6192365870217134,1.5072027822179963,14.0177462777956,-8.884665730125164,-2.6504248290565062,40.96101887423725,10.251259936446303,3.36080538675962,495,73.33636363636364,7.494343434343434,10.026531173447864,-4.41737425320336,31.100725981033577,0.3304794520547945,0.3009009009009009,0.8259668508287292,89.10059523809524,0.3333333333333333,0.3814761904761904,285,0.3192982456140351,0.07368421052631578,0.28658120701754386,0.30905447619047616,0.2734718,72,0.03558267619047617,0.5803521246234422,-0.29488488150900527,-0.5481401142274281,1.6342365203543963,3,0.9059609000115256,0.35674157303370785,0.2894736842105263,0.36018957345971564,0.24352331606217617,0.6171171171171171,29.70336523135245,27.549695322538916,1.0591654446953953,0.9658116952174254,0.3139240506329114,0.11666625739753947,2,Square,True,False,False,True,"A: stand ~6 in DEEPER vs same-hand pitchers (chases 36% vs same-hand, 29% vs opposite) [moderate] | D: stand ~3-4 in DEEPER, full-time, for deeper contact (sweet-spot 33%, contact 8 in out front) [moderate]"
699013,"Valdez, Esmerlyn",R,2026,Pirates,28.359475407139186,30.167874098015066,29.60520315583654,30.663552375982068,-15.666967414021642,-1.8083986908758753,-0.27001152119298133,52.97604153474562,-12.114708646811305,-11.232588519544603,18.893139389810123,-36.75483128024603,4.11238010514654,43.2888572858922,12.33065697887369,2.98417102849675,494,73.75202429149797,7.909514170040486,15.256594167989201,2.5105477252077297,34.41528917491398,0.20998531571218795,0.361376673040153,0.718421052631579,91.88308823529412,0.35294117647058826,0.4801764705882353,287,0.37630662020905925,0.14634146341463414,0.33230956097560976,0.3697718558558558,0.30868277272727274,74,0.06108908312858308,0.3408027175806763,-0.3534614607249806,0.47830825952049594,1.2697063514912506,2,0.5449312811537044,0.2133676092544987,0.2054794520547945,0.4182692307692308,0.27388535031847133,0.6037884767166535,31.045688176233718,28.22163535914886,-0.3821358002516497,1.3835677966876823,,0.14438388045075945,2,Open-and-stride,False,True,True,False,"B: go ~3 in WIDER, full-time (whiff 36%, 98th pct; width 31 in = 0 in narrower than typical for his 74-in height) [strong] | C: move ~2-3 in CLOSER to the plate (whiffs 42% outside vs 27% inside; 1 in farther off than typical for his height; watch inside pitches) [moderate]"
545341,"Grichuk, Randal",R,2026,zMLB,32.242267642818284,25.01528491622225,29.383253505411023,34.95760922492802,-24.312390521601387,7.226982726596031,22.30041382029995,52.488922774166255,18.28934836652306,-14.109100978726312,16.94847139629357,-34.254797433098474,-6.335053369421168,43.688933445999496,7.741077274909976,3.7213809105858546,489,73.6762781186094,7.652351738241308,8.386507323398355,-4.812152632762999,27.087878158799107,0.36105476673427994,0.220703125,0.8862275449101796,91.67794871794871,0.41025641025641024,0.4240307692307691,267,0.2247191011235955,0.03745318352059925,0.337462531835206,0.3802703255813954,0.2599578947368421,72,0.12031243084455329,-1.336284354094373,-2.3319678331924396,0.9788763911510174,1.5203978415680672,2,0.9983711487666754,0.3619631901840491,0.3606060606060606,0.2972972972972973,0.1588235294117647,0.3316221765913758,29.70336523135245,27.549695322538916,5.254243993575571,1.8335581828721068,0.31346153846153846,0.13847376788553262,1,Open-and-stride,False,False,True,False,C: move ~2-3 in CLOSER to the plate (whiffs 30% outside vs 16% inside; 2 in farther off than typical for his height; watch inside pitches) [moderate]
806068,"Emerson, Colt",L,2026,Mariners,32.39701260780761,32.39583895212027,27.02488395560533,26.36272264387969,-13.627731123852575,0.001173655687338765,16.825851717337063,44.60598658718486,-8.23036462153078,-13.525594487674931,23.614911063693015,-22.562901251794138,3.582956669272391,42.342555662249524,16.712772973914934,5.006070004726565,499,71.6182364729459,7.17314629258517,9.834237779072883,2.7513322778854623,30.208491643260942,0.3838383838383838,0.3060428849902534,0.78328173374613,85.73262411347517,0.3617021276595745,0.3396071428571429,242,0.34297520661157027,0.06198347107438017,0.24662117355371901,0.22824916770186338,0.2831383703703704,72,-0.054889202668507,-1.2757715711553352,0.3414637128610004,0.23062102307580437,0.49103193212590884,1,0.9492361115562303,0.33544303797468356,0.4065281899109792,0.28,0.33505154639175255,0.3309053069719043,29.70336523135245,27.549695322538916,-3.340642587472761,-0.5248113669335872,,-0.055051546391752526,0,Balanced,False,False,False,False,
681481,"Carpenter, Kerry",L,2026,Tigers,27.56449051415582,31.92373676686687,30.460335966469227,22.811412327968632,-4.171776795542644,-4.3592462527110465,-12.618083629223003,43.25554116728554,4.044060978058893,38.19557411185529,14.372903081198318,-4.6387912999491165,0.013155061081578847,39.9141463714843,14.565002372230957,3.8100599849156973,497,70.75875251509053,7.359959758551308,17.496109223514004,-0.3713774037984907,35.24946915984488,0.36396396396396397,0.2622309197651663,0.8220064724919094,89.81146496815288,0.37579617834394907,0.3759808917197452,259,0.28957528957528955,0.0694980694980695,0.2959477528957529,0.2987453793103448,0.2719088888888889,73,0.02683649042145586,-0.00944426344839133,1.8850311741798864,-0.48052747778829596,-0.07704718485320589,2,0.9117598339046811,0.2962962962962963,0.3712574850299401,0.2717391304347826,0.24277456647398843,0.10619469026548672,30.37452670379308,27.88566534084389,-7.563114375824448,2.5746706256253375,0.3390804597701149,0.028964563960794165,0,Open-and-stride,False,False,False,False,
668952,"Kreidler, Ryan",R,2026,Twins,33.94905607130849,27.473058880445304,31.113796115319495,24.897886893735738,3.60064685008477,6.475997190863187,-6.715287269921557,28.996552032942773,-16.412961007850488,-28.58115336598819,22.1655780613244,-18.428935446496435,10.67774281518428,42.37872458302759,16.95320928445007,4.849317538181027,480,73.21083333333333,7.8897916666666665,12.306669524595248,-1.5887943711841837,32.08360915709422,0.2804878048780488,0.2871287128712871,0.8119891008174387,87.24198895027625,0.281767955801105,0.34386111111111106,263,0.22813688212927757,0.07604562737642585,0.297433855513308,0.3210554642857143,0.2799131920529801,75,0.0411422722327342,1.2999138644996506,1.7956139831471956,1.4886064014624472,-1.0952700936490356,3,0.6224957331442024,0.3120567375886525,0.23809523809523808,0.3463414634146341,0.28205128205128205,0.5755102040816327,31.716849648674348,28.55760537745383,-6.81896275493861,2.5561907378656663,,0.06429018136335207,2,Square,False,True,False,True,"B: go ~6 in WIDER, full-time (whiff 29%, 83th pct; width 25 in = 7 in narrower than typical for his 75-in height) [strong] | D: stand ~3-4 in DEEPER, full-time, for deeper contact (sweet-spot 28%, contact 6 in out front) [moderate]"
685133,"Meckler, Wade",L,2026,Angels,30.5333607487572,13.010350295200496,24.796492099937343,26.80126930931605,-22.490617235873184,17.5230104535567,-5.172300334992632,55.15202414551534,-1.9254375147984562,30.637701091270788,20.289072656689942,-29.788906308494198,0.18619146941748846,39.50535901413245,11.365853677420919,5.229954324322318,473,68.3522198731501,6.715433403805497,11.417500135440394,3.7996303895786157,40.47568144542699,0.23183391003460208,0.19760479041916168,0.8991825613079019,85.14909909909909,0.33783783783783783,0.33495,317,0.1892744479495268,0.09779179810725552,0.3117751167192429,0.3178143820224719,0.27952544,69,0.038288942022471906,-0.286030029618648,-0.6979336418349633,-0.29370568664335195,-0.08478847461797613,4,0.9999995987782283,0.25742574257425743,0.22641509433962265,0.2561576354679803,0.19230769230769232,0.16066725197541704,27.689880814030552,26.541785267624004,-0.8886115047145005,-1.7452931676866612,,0.063849943160288,1,Wide-and-quiet,False,False,False,True,"D: stand ~3-4 in DEEPER, full-time, for deeper contact (sweet-spot 34%, contact 18 in out front) [moderate]"
668723,"Vilade, Ryan",R,2026,Rays,30.92281762820361,30.638464830625917,27.354004049249152,28.274159671703845,-20.89357956059687,0.2843527975776864,6.924527432837096,30.553244020261506,-8.608448080851792,0.6894001531964367,20.1486817864849,-29.871075698117224,0.023520717707479374,39.618248073028404,11.310631701399345,5.431538707993802,480,75.673125,7.414375000000001,3.9500971258753226,-1.7442277473152434,30.7783342283676,0.2749529190207156,0.20275590551181102,0.8698060941828255,88.63684210526317,0.3333333333333333,0.39448235294117645,262,0.23282442748091603,0.09541984732824428,0.3332664885496183,0.34287812048192773,0.316646375,73,0.02623174548192775,-0.8810592824185286,-0.16978816438312114,0.1950187154781088,-1.2541323072703439,1,0.6424469785282761,0.27040816326530615,0.27761194029850744,0.2709677419354839,0.15816326530612246,0.3681687440076702,30.37452670379308,27.88566534084389,-2.1003670320892347,-0.5316612915947374,,0.11280447662936144,0,Balanced,False,False,False,False,
672386,"Kirk, Alejandro",R,2026,Blue Jays,29.578126385507407,19.386250457700093,32.12053570101379,25.552699422352156,0.5601511923537332,10.191875927807303,-10.961584730927175,60.5691737175812,-12.186368408493342,-13.551524484648466,22.261807505109118,9.05501552376308,-3.3802269329514223,45.66562962718045,18.945120939216316,3.1281954355349946,481,70.74636174636174,7.032224532224532,5.19306547649505,8.247477234931043,22.36644008976873,0.2908777969018933,0.13453815261044177,0.9209726443768997,88.19090909090909,0.33766233766233766,0.31615584415584413,299,0.12040133779264214,0.10367892976588629,0.31169197324414716,0.2950317802197802,0.31898080769230763,68,-0.023949027472527418,1.9927275600441074,2.1850340706623035,1.6604693749613286,2.0127572597538563,3,0.9981264809204532,0.3056234718826406,0.2558139534883721,0.16541353383458646,0.11855670103092783,0.705982905982906,27.01871934158992,26.205815249319034,-1.466019919237766,5.914720451694759,0.2932932932932933,0.04685683280365863,1,Square,False,False,False,True,"D: stand ~3-4 in DEEPER, full-time, for deeper contact (sweet-spot 34%, contact 10 in out front) [moderate]"
683734,"Vaughn, Andrew",R,2026,Brewers,29.659889112101784,31.70731191742188,28.82486419010752,36.6625141900472,-5.271537124844691,-2.0474228053200956,-1.4549545510462825,60.009449332461564,-12.01382955470656,-16.358810198391367,6.541932241153116,-14.837125011932526,-2.1599994913079072,41.10964203809432,4.001429073015984,2.405704757892334,476,69.75819327731092,7.093907563025209,7.166510112803484,-0.918974237126585,29.328310479215855,0.23529411764705882,0.17533718689788053,0.8945868945868946,90.10801687763713,0.31645569620253167,0.3416413502109704,333,0.15915915915915915,0.10510510510510511,0.3288237237237237,0.3499461052631579,0.31477734,70,0.035168765263157875,1.8952513351091689,-0.3060454981840003,-1.356270112143832,1.6663921134658317,3,0.9402762653623828,0.25240384615384615,0.21140939597315436,0.23497267759562843,0.1358695652173913,0.6035372144436256,28.361042286471182,26.877755285928973,8.301471903576015,1.9471089041785454,0.28637951105937137,0.09910311237823713,0,Square,False,False,False,False,
664728,"Isbel, Kyle",L,2026,Royals,29.766702845981847,27.26029843345488,27.325434238750134,28.338780304851966,-10.891428229793913,2.5064044125269684,9.073557973371491,41.0675058765106,-0.3339916907213594,-12.800770389812554,18.85218424476117,-32.06652155455922,5.981399651196219,40.13749826302748,11.242279755657336,4.518333661411417,477,70.67190775681341,7.068553459119497,2.2603636668711253,-2.739513646949689,25.263597519255452,0.351493848857645,0.15355086372360843,0.956386292834891,83.23783783783784,0.26126126126126126,0.3002102803738318,313,0.23003194888178913,0.04792332268370607,0.2530728945686901,0.2646004406779661,0.2177417142857143,70,0.04685872639225183,-0.5396870772370196,-0.44613938383732316,-0.07026541254440423,-0.33344345341794485,1,0.8088711259031474,0.3482142857142857,0.3522975929978118,0.15053763440860216,0.1864406779661017,0.23588342440801457,28.361042286471182,26.877755285928973,-0.022261981619216442,0.44767895282116044,0.26998491704374056,-0.03590304355749954,0,Balanced,False,False,False,False,
681351,"O'Hoppe, Logan",R,2026,zMLB,34.850201926866646,26.985079323813725,26.386511612550372,33.1282786127875,-4.724101981348112,7.865122603052921,-1.8749126533801814,50.351211890545166,-7.308151922944931,-2.688415615878034,14.977259388093469,14.256484462226034,-7.25137810142368,45.93510161575366,12.07531558696904,2.8284134057544206,463,71.44816414686825,7.35572354211663,12.503483230686689,-6.26108513541299,30.46263629452064,0.34750462107208874,0.2718253968253968,0.879746835443038,86.47807486631017,0.32620320855614976,0.32011827956989247,275,0.24727272727272728,0.06181818181818182,0.26839044363636366,0.28980206896551725,0.2584818723404255,74,0.03132019662509172,1.325271826000943,1.3512453005491705,-0.023659048746411632,1.8039560207888492,3,0.9999835619437898,0.3523035230352303,0.3372093023255814,0.38317757009345793,0.1917808219178082,0.6859169199594731,31.045688176233718,28.22163535914886,2.0825904365537795,-1.8351237465984873,0.31361607142857145,0.19139674817564972,1,Square,False,False,False,True,"D: stand ~3-4 in DEEPER, full-time, for deeper contact (sweet-spot 33%, contact 8 in out front) [moderate]"
645277,"Albies, Ozzie",R,2026,Braves,38.36992385303004,32.115040376282074,16.862361234200232,30.35012147842314,-55.68468762709233,6.25488347674795,34.464414579174594,51.06818696031292,26.47465243003838,1.615526657562852,25.079294902359575,-36.103895409788336,-15.422027273583147,32.564164172416596,1.675338254838806,8.991875084668106,475,68.64,7.045894736842105,9.27766594052448,-4.598669154236328,32.33571258391985,0.44893617021276594,0.16893203883495145,0.9144736842105263,86.73665158371043,0.35294117647058826,0.29426244343891406,259,0.09266409266409266,0.03861003861003861,0.2825404942084942,0.276683546875,0.7823333333333333,67,-0.5056497864583334,-5.463145601069464,-2.6043160273146553,-1.7315355502573901,-0.790067195484159,2,0.9999999999999307,1.0,0.44776119402985076,0.14042553191489363,0.21481481481481482,0.0036363636363636364,26.347557869149284,25.86984523101406,4.002563609273857,-9.007483996813828,0.42038216560509556,-0.0743892828999212,0,Open-and-stride,False,False,False,False,
553869,"Díaz, Elias",R,2026,zMLB,38.17967023306169,25.09501370229743,26.909119174275663,32.63718290021167,-18.208542567179798,13.084656530764281,-1.929905424433657,49.809985272228445,4.81736109045399,-15.862263897527905,19.894568999627626,-11.019301345339036,-6.808161319812745,43.997204700713354,9.76142226429954,11.59109382360005,466,74.18283261802574,7.001931330472103,7.942515873870674,-4.98956342544104,29.016665306347644,0.3795309168443497,0.2665330661322645,0.8348909657320872,86.70975609756096,0.3475609756097561,0.33326875,234,0.24358974358974358,0.038461538461538464,0.2669676581196581,0.31469580582524276,0.2294409465648855,73,0.08525485926035725,-0.8616332052607892,0.02747315417408329,1.155577299664739,-0.323862730450337,2,0.9174522058847963,0.34944237918215615,0.42,0.3443396226415094,0.22297297297297297,0.562363238512035,30.37452670379308,27.88566534084389,2.2626561964185896,-0.9765461665682267,0.299412915851272,0.12136664966853644,0,Open-and-stride,False,False,False,False,
672580,"Garcia, Maikel",R,2026,Royals,33.037674216633675,29.215905484646633,25.610257438226228,37.8264525857326,3.3624992644336733,3.8217687319870572,6.172315861828048,40.70296946851703,-10.033696187576851,-22.341674351258277,13.704980930841732,25.987153131022765,-4.351633930495831,44.66319253525323,6.823495546818769,6.945206371513439,474,70.8759493670886,7.069831223628692,3.42039301207902,1.085202137186763,28.33121235952547,0.23322683706070288,0.13765182186234817,0.9310344827586207,89.23320158102767,0.34782608695652173,0.33185375494071145,331,0.1510574018126888,0.08459214501510574,0.31274491842900304,0.38721338666666666,0.290927984375,73,0.09628540229166666,1.4870216612118308,1.2825458588642353,0.030176611267599223,0.26394211090860814,3,0.9999999999965521,0.23779193205944799,0.21935483870967742,0.21354166666666666,0.07092198581560284,0.7513944223107569,30.37452670379308,27.88566534084389,7.451925881939523,-2.275407902617662,0.20819397993311037,0.1426196808510638,0,Square,False,False,False,False,
682657,"Martínez, Angel",L,2026,Guardians,36.02162693875722,31.99473123533226,24.930242568315784,30.62038155994868,-17.701078442892754,4.026895703424974,8.934401658717576,39.773129816751215,-3.149676482224641,5.50426393044823,22.52630957185883,-28.751775106532623,2.105645483078025,40.24103513730371,9.37698303663397,11.102110907102368,484,69.68863636363636,7.252892561983471,12.165077245572999,-5.973800114044604,35.67394602288334,0.43023255813953487,0.19805825242718447,0.889273356401384,85.44831460674158,0.33707865168539325,0.3437514450867052,258,0.24806201550387597,0.03875968992248062,0.27764151937984494,0.27764151937984494,,71,,-1.8583503848104403,-0.26466409899206733,0.10188234770050673,-1.4943761984276314,2,0.9676930420279862,,0.43023255813953487,0.19444444444444445,0.272108843537415,0.0,29.03220375891182,27.213725304233947,1.58817780103686,-2.283482735918163,0.4363001745200698,-0.07766439909297054,0,Open-and-stride,False,False,False,False,
663457,"Nootbaar, Lars",L,2026,zMLB,32.16688668133751,27.974193404521,28.28952656000355,28.269005680741504,-15.698304542338912,4.192693276816512,11.638050388288312,35.4278928053573,-0.7949989205889529,0.6889265632566951,23.238671526729128,-8.905854145807186,-4.276109317221733,42.70191986113517,14.204224973575066,8.566139314872961,461,72.4475054229935,6.820390455531453,8.471472006044637,0.8409351724628977,29.889724025844025,0.2,0.1731958762886598,0.8885793871866295,91.71911764705885,0.36764705882352944,0.37941379310344836,311,0.2057877813504823,0.13504823151125403,0.34265171704180064,0.350934320610687,0.2983651428571429,73,0.05256917775354414,-1.1889983083818323,0.5457198759392047,1.4045183615673582,-0.8680269287020848,1,0.9328431049400956,0.17857142857142858,0.20463320463320464,0.1746031746031746,0.2028985507246377,0.16296863045141546,30.37452670379308,27.88566534084389,-2.105521023051576,0.403861219159662,0.2181500872600349,-0.0282953761214631,0,Balanced,False,False,False,False,
666969,"García, Adolis",R,2026,Phillies,32.41553525111392,29.938338247501836,26.836950121197674,28.687380184463578,-17.552515422518308,2.4771970036120843,-12.97926963890374,34.1048753339818,-6.694204058665245,-9.653179394365562,18.260317784425087,-29.025608311562966,0.8943970424046295,40.5256761495624,10.308091351627198,5.1931794345894,476,70.73088235294118,7.623949579831932,9.159224042045809,-0.1799553664312186,29.021228065967,0.2977624784853701,0.3136456211812627,0.8144654088050315,92.146,0.38666666666666666,0.3897666666666667,259,0.32432432432432434,0.08108108108108109,0.29363955212355214,0.3652565882352941,0.268142387434555,72,0.09711420080073913,-0.1846069329267184,0.4087053892965043,-0.05936455082168733,-1.1096587216881169,1,0.5967918549753662,0.302540415704388,0.28378378378378377,0.4195121951219512,0.22641509433962265,0.7356746765249538,29.70336523135245,27.549695322538916,-1.015985046888872,-0.7127452013412423,0.35637342908438063,0.19309710078232856,1,Balanced,False,True,False,False,"B: go ~4 in WIDER, full-time (whiff 31%, 93th pct; width 29 in = 1 in narrower than typical for his 72-in height) [strong]"
622268,"Walton, Donovan",L,2026,zMLB,35.484993832268394,30.103505228840525,26.97706382600066,26.462898916610648,-31.64835694062196,5.381488603427873,9.373921043278434,40.983303163769556,6.118054846419751,-7.329429687188376,25.70247561235754,-29.0250638422942,-1.4253589921068257,41.72219326813621,14.470636375809683,4.376621895938725,459,67.09891067538126,6.824400871459695,12.214070323454846,-3.804766902883162,33.155067347325925,0.2857142857142857,0.23721881390593047,0.8595988538681949,85.72033898305085,0.4293785310734463,0.33386857142857146,252,0.16666666666666666,0.10317460317460317,0.32577738095238096,0.3365961373390558,0.19310526315789475,69,0.14349087418116105,-2.567661584946461,-0.3970830567348566,0.5512987341150856,0.19840546030224518,2,0.9998681985103214,0.4,0.27956989247311825,0.21348314606741572,0.3048780487804878,0.058151609553478714,27.689880814030552,26.541785267624004,-1.226981897419904,0.4352785583766554,,-0.09139490271307207,0,Open-and-stride,False,False,False,False,
641933,"O'Neill, Tyler",R,2026,Orioles,32.492122642042084,30.053476409782693,24.361935251252138,27.704304082171987,-16.086648421485926,2.438646232259397,27.692228643920348,41.99938816376992,15.575231866511976,8.572814905258038,12.803513913351633,-10.514840848001347,-7.878536149855725,36.97576930882626,8.93427012045295,3.2824365091858443,476,71.4483193277311,7.310294117647058,14.795524157258392,-6.370370992960423,35.08350306546001,0.2793594306049822,0.2787878787878788,0.8313609467455622,89.37798742138364,0.3522012578616352,0.3741572327044025,260,0.27692307692307694,0.10384615384615385,0.3069653692307692,0.3320172032520325,0.28447357664233575,69,0.04754362660969674,-2.0455477444388372,-0.7809848837002161,-2.0514113416676696,0.00568163706016272,1,0.9731610016577281,0.25838926174496646,0.30303030303030304,0.3507853403141361,0.2653061224489796,0.5328884652049571,27.689880814030552,26.541785267624004,0.01442326814143513,-2.1798500163718657,0.28705882352941176,0.0854792178651565,0,Balanced,False,False,False,False,
609280,"Andujar, Miguel",R,2026,Padres,33.34384208874684,28.112372895744098,30.602655478720877,24.652285716658845,5.355571690760973,5.231469193002735,-1.5013947233856704,56.110603066039396,-4.629631595619139,22.278601537994017,20.143362531053903,8.879712385412851,-0.8276351156306898,43.102365022103506,17.445681335502783,2.7559424141821083,468,70.2551282051282,7.509188034188035,6.932266744829775,-2.7838915974820453,25.972894986499966,0.4078674948240166,0.16865079365079366,0.9022801302931596,88.30845771144278,0.2835820895522388,0.32731343283582087,254,0.14960629921259844,0.04330708661417323,0.29840540157480316,0.30298414814814817,0.29626159537572255,72,0.006722552772425616,0.8093088036560833,2.2705575682225168,0.21360483506189662,1.7156537787857264,3,0.9998438921034842,0.38412698412698415,0.4523809523809524,0.24456521739130435,0.10843373493975904,0.667379679144385,29.70336523135245,27.549695322538916,-5.051079514693605,3.0529601561819604,0.35714285714285715,0.13613148245154533,1,Square,False,False,True,False,C: move ~2-3 in CLOSER to the plate (whiffs 24% outside vs 11% inside; 3 in farther off than typical for his height; watch inside pitches) [moderate]
695731,"Montgomery, Braden",L,2026,White Sox,28.11852983461302,24.16952594440069,27.31529300478155,33.266836621972615,-9.124262060100863,3.949003890212337,7.503163307676966,57.94043679604503,-5.1392610365513045,24.186350630386844,15.572663797336235,-15.275933706733545,-1.1199954349034689,43.95554021486334,10.45371919100355,5.481616341914124,452,68.63274336283186,6.334734513274337,5.887938918689347,6.979563967336721,32.065297694450145,0.2465483234714004,0.25311203319502074,0.8522727272727273,89.03863636363636,0.2840909090909091,0.35793181818181824,250,0.164,0.12,0.345246656,0.345246656,,74,,0.6502765277014921,-0.39165381573877733,0.2714018327120426,1.298681979986093,4,0.6448908648151384,,0.2465483234714004,0.2918918918918919,0.2196969696969697,0.0,31.045688176233718,28.22163535914886,2.2211484457388977,-0.9063423543673075,,0.07219492219492221,0,Wide-and-quiet,False,False,False,False,
666023,"Fermin, Freddy",R,2026,Padres,31.267162891370315,26.952585196881028,25.808155500250436,29.19735609384718,-5.884699428115905,4.314577694489279,6.0449266090243565,47.65833143458464,-7.372416832955907,16.96605190517594,14.022958317187605,-10.413714286745627,-0.584285555425062,41.64489909999463,12.28794246911583,3.3830279390207747,458,69.01157205240175,7.587117903930131,13.17075832048397,-3.7242407951021987,34.151031118828705,0.33460803059273425,0.24554455445544554,0.8787878787878788,85.53240223463686,0.3743016759776536,0.29656571428571427,260,0.21153846153846154,0.08076923076923077,0.27560443076923075,0.2626456756756757,0.28076006451612906,70,-0.018114388840453355,0.5907199854441831,0.3855342835407649,-0.8224215552885921,0.6533604837513768,3,0.7296200121976676,0.34986945169712796,0.29285714285714287,0.3380952380952381,0.21019108280254778,0.7131313131313132,28.361042286471182,26.877755285928973,0.8363138073759977,-1.0695997856785375,0.30914826498422715,0.12790415529269034,1,Square,True,False,False,False,"A: stand ~4 in DEEPER vs same-hand pitchers (chases 35% vs same-hand, 29% vs opposite) [moderate]"
543877,"Vázquez, Christian",R,2026,Astros,32.907927084233116,29.18262806059825,28.023183718803164,26.63515734457765,-17.640414462835945,3.7252990236348564,3.9144240176260827,61.1151368209828,-2.2745802878199393,15.419621855730872,14.753895107264935,-9.803406934760176,-7.480934461582043,37.53035946810174,10.214404623731163,6.664880071473472,452,64.81438053097345,6.655309734513274,9.187171616434004,2.657428119411032,27.814605531299627,0.36261682242990656,0.17938144329896907,0.9072164948453608,83.37760416666667,0.3385416666666667,0.2550213903743315,262,0.1984732824427481,0.06870229007633588,0.23268874809160306,0.2443598095238095,0.22899388944723617,68,0.015365920076573336,-0.8365480603934484,0.22808659187386215,-1.2406844746985648,0.34538229701316414,4,0.5430080517314044,0.3595238095238095,0.3739130434782609,0.28823529411764703,0.1069182389937107,0.7660414610069102,27.01871934158992,26.205815249319034,-0.3835619970122721,1.81736846948413,0.2560386473429952,0.18131705512393634,1,Wide-and-quiet,False,False,True,False,C: move ~2-3 in CLOSER to the plate (whiffs 29% outside vs 11% inside; 2 in farther off than typical for his height; watch inside pitches) [moderate]
669257,"Smith, Will",R,2026,Dodgers,29.798229723887165,32.483693276452435,28.38875548831706,18.008968151273244,-13.254695853735061,-2.6854635525652553,4.131844765940764,36.38849297661411,-0.28012950807868364,6.5343954382970635,19.2501698291373,-12.43790398417022,0.04441083101696944,33.21507860952786,14.366081813812404,4.173349456646017,444,69.10788288288289,7.266891891891892,12.014714022301252,2.5923199579318488,34.09744165105539,0.21212121212121213,0.14870689655172414,0.9014492753623189,88.99946524064173,0.44919786096256686,0.41547593582887704,264,0.16287878787878787,0.11742424242424243,0.38461254545454543,0.3446887179487179,0.4013547956989247,70,-0.05666607775020677,-1.6506362949290403,1.4077672490820496,-1.3991232476461426,-1.3502330452324711,1,0.9937510035467867,0.2436548223350254,0.1377245508982036,0.24096385542168675,0.13513513513513514,0.6854838709677419,28.361042286471182,26.877755285928973,-10.352074135197938,1.511000202388086,0.19935344827586207,0.1058287202865516,0,Balanced,False,False,False,False,
682663,"Ramírez, Agustín",R,2026,Marlins,33.65980975248345,27.381584268801742,32.715759801259665,34.92801909525443,-17.084045281067354,6.278225483681705,-6.8880156529236505,36.75299488835897,-2.309443189966051,-0.9715680161805202,15.768527657213895,-32.91740667672576,-1.397596745670019,44.56614578926018,8.220427478757252,3.8175213490435596,441,74.93673469387755,7.619501133786848,7.8822591944627405,-4.9120176311943196,24.339373532000902,0.28865979381443296,0.2803532008830022,0.8146964856230032,89.90264900662251,0.2781456953642384,0.3238476821192053,236,0.24152542372881355,0.1059322033898305,0.2861242711864407,0.3417094252873563,0.2536685100671141,73,0.08804091522024221,1.0024563622547056,-0.6435293855363626,1.972740073033572,0.1127119725237006,1,0.761326282513802,0.2972027972027972,0.27638190954773867,0.33125,0.26506024096385544,0.6153846153846154,30.37452670379308,27.88566534084389,4.553492391461347,4.830094460415776,0.322609472743521,0.06618975903614455,1,Balanced,False,False,False,True,"D: stand ~3-4 in DEEPER, full-time, for deeper contact (sweet-spot 28%, contact 6 in out front) [moderate]"
664702,"Straw, Myles",R,2026,Blue Jays,29.559080072748376,28.08110889962542,25.11557480336459,25.98104184504391,0.46859214606612126,1.477971173122953,-7.882106031982231,42.30297006305208,-16.28178394185599,-7.013434285002338,12.921512784928963,11.461733963755234,-3.059812354627811,35.14927527502713,8.64321718617925,7.083047232137,436,67.98348623853211,6.977981651376147,6.732259438407516,-2.1769387692705595,33.462604910353484,0.2303839732888147,0.11042944785276074,0.9259259259259259,84.21044176706827,0.3534136546184739,0.29940000000000005,318,0.1289308176100629,0.08490566037735849,0.294790893081761,0.278351124260355,0.3134373422818792,69,-0.035086218021524174,0.9298853239447051,2.0702750095389026,-2.148304350685353,-1.6475921020938193,3,0.9985915444929495,0.25769230769230766,0.20943952802359883,0.15060240963855423,0.10967741935483871,0.43270024772914945,27.689880814030552,26.541785267624004,-1.7088389689866403,-1.4262104642594124,0.26954732510288065,0.04092499028371552,0,Square,False,False,False,False,
671289,"Freeman, Tyler",R,2026,Rockies,29.460055216739146,29.414674292661726,29.36610562220891,29.737591206719305,-15.815852677765628,0.04538092407742224,32.219791849497646,33.62752090026379,-17.17130587298879,-27.57750654809994,24.462739080604294,-39.35225254741116,9.878585644812617,40.96584959250765,13.85966237284001,5.508620466969225,463,69.48466522678186,6.933261339092873,1.8078070414546867,2.1335169730055603,33.671680813257225,0.29206963249516443,0.1130952380952381,0.9376770538243626,84.81497797356828,0.33480176211453744,0.3087090909090909,288,0.11805555555555555,0.03819444444444445,0.3053558888888889,0.27518954455445543,0.3216489411764706,71,-0.04645939662201515,-0.7283644400092838,-1.0520456809556318,1.3071274455357904,-0.5956308575108258,2,0.9952551269899385,0.27564102564102566,0.3170731707317073,0.1631578947368421,0.08,0.6257425742574257,29.03220375891182,27.213725304233947,0.7053874478074853,2.1523803179749628,0.25220680958385877,0.08315789473684211,0,Open-and-stride,False,False,False,False,
642350,"Siri, Jose",R,2026,Angels,31.15206919244882,27.347733265083715,26.456707738723207,31.280192527770748,-10.005318460486857,3.804335927365105,-24.959215001192938,36.45731395154256,-10.584752378025488,-17.517180260418925,12.144559502782652,-10.549058846523659,-2.294065574770886,39.465508237622856,6.484010094489264,5.266001490478503,457,72.42078774617069,7.6923413566739605,11.801985609156242,-2.874464238750737,33.539535938282796,0.41115702479338845,0.3558282208588957,0.7770034843205575,88.27692307692307,0.34965034965034963,0.4223928571428572,240,0.32916666666666666,0.058333333333333334,0.2962756166666667,0.3250493781512605,0.2679774545454545,74,0.057071923605805985,1.4016418211892985,1.0736747454991256,-0.80190147758024,-1.2845600840863614,1,0.9957244627881041,0.43776824034334766,0.38645418326693226,0.4423963133640553,0.296,0.4830970556161396,31.045688176233718,28.22163535914886,0.23450435153702998,-1.7649276204256523,,0.14639631336405534,1,Balanced,True,False,False,False,"A: stand ~3 in DEEPER vs same-hand pitchers (chases 44% vs same-hand, 39% vs opposite) [moderate]"
683748,"Mesa Jr., Victor",L,2026,Rays,29.168141014772587,28.56993027342022,27.456897214304707,22.7830054222236,-21.136066166343856,0.598210741352378,-0.6455725363993537,37.706793796353,5.111352362640981,15.253435667353951,21.272938551265014,-12.823136363576404,-4.574970386544818,40.741955106524216,16.36073706831444,3.1394140754126147,443,73.2117381489842,7.902483069977427,9.676330522644717,-1.598564971884969,30.06328936829612,0.34216335540838855,0.2260127931769723,0.8471337579617835,86.9686046511628,0.3372093023255814,0.38134117647058824,243,0.19753086419753085,0.09053497942386832,0.3346737613168724,0.34855463736263737,0.2932586885245902,71,0.05529594883804717,-1.4563346322662545,0.8912997016238984,-0.018328748651474283,-0.09218559218329597,1,0.9593251144718902,0.30927835051546393,0.351123595505618,0.3241758241758242,0.16891891891891891,0.23468208092485549,29.03220375891182,27.213725304233947,-6.24919833668822,0.24317191007076033,,0.15525690525690528,1,Balanced,False,False,True,False,C: move ~2-3 in CLOSER to the plate (whiffs 32% outside vs 17% inside; 0 in farther off than typical for his height; watch inside pitches) [moderate]
694378,"Gonzalez, Jacob",L,2026,zMLB,31.409632994957324,28.08631390898723,27.21041462752334,28.09790644622493,-10.084744443714309,3.3233190859700943,8.379486088426448,33.97735849262058,-11.449754508809523,-9.329036204153402,20.092026878970998,-20.76784281030757,2.815910532916429,42.50678963069816,14.668614080824756,4.06996727323454,459,70.1239651416122,7.142265795206972,7.849877425346424,0.2996563531983474,28.576541560685957,0.3755868544600939,0.18200836820083682,0.8598726114649682,87.72024539877302,0.3374233128834356,0.3445061728395062,221,0.19004524886877827,0.049773755656108594,0.30141214479638007,0.30213265957446805,0.297307393939394,74,0.004825265635074072,0.11498479032403154,0.40361634933190343,0.514572816275143,-0.2929010954961834,1,0.9963059831747673,0.2878787878787879,0.39166666666666666,0.17142857142857143,0.1895424836601307,0.15133876600698487,31.045688176233718,28.22163535914886,-2.9477817300087885,-1.0112207316255208,,-0.01811391223155928,0,Balanced,False,False,False,False,
814439,"Waldschmidt, Ryan",R,2026,Diamondbacks,28.035777732347093,22.075702037771457,25.169446049889423,41.8965796084255,-4.83828299189163,5.960075694575622,-2.6703467635516214,33.682537254277285,-13.302809414654902,-0.4391713800190538,1.2355048916271758,-6.05970282436829,-4.319998813302393,40.44753397265187,-1.8689702157136097,3.6561592244279155,455,71.63406593406593,6.894725274725275,9.611597486371515,-9.137819172847166,35.80717813270549,0.2427007299270073,0.28991596638655465,0.8309037900874636,85.11420118343194,0.46745562130177515,0.3817710843373494,282,0.2978723404255319,0.07801418439716312,0.2992542269503546,0.29355302325581395,0.30175577551020405,72,-0.0082027522543901,3.115066950271592,-0.7933564312783401,-1.008642430949856,-0.7885815344136119,3,0.9999999881224203,0.2680965147453083,0.18857142857142858,0.41621621621621624,0.1702127659574468,0.6836363636363636,29.70336523135245,27.549695322538916,12.193214377073048,-2.3802492726494933,,0.24600345025876943,0,Square,False,False,False,False,
670032,"Lopez, Nicky",L,2026,zMLB,23.481365520807273,15.21704578439268,30.54490910726615,38.53250213121163,5.520248711849775,8.26431973641459,1.1256596938726657,26.066977195548713,-13.238783542935899,-24.268751672615114,11.644771282806177,-44.34102415322437,14.231282232605826,43.121419077881775,4.4834065562115555,5.402368997111076,451,65.39955654101996,6.706208425720621,7.163345343696313,10.94011105334885,25.568437132046256,0.33620689655172414,0.16632443531827515,0.8882175226586103,80.66161616161617,0.2828282828282828,0.2855161290322581,261,0.16091954022988506,0.04597701149425287,0.26309221455938697,0.27317336633663364,0.22857708474576272,70,0.04459628159087092,3.486198414135017,-1.522636997331236,2.059538970433611,-1.6753965745825847,4,0.9999507699048454,0.34579439252336447,0.3333333333333333,0.17482517482517482,0.19444444444444445,0.23485653560042508,28.361042286471182,26.877755285928973,10.171459844740447,3.667153821337177,,-0.01961926961926963,1,Wide-and-quiet,False,False,False,True,"D: stand ~3-4 in DEEPER, full-time, for deeper contact (sweet-spot 28%, contact 8 in out front) [moderate]"
642708,"Rosario, Amed",R,2026,Yankees,29.816725247261626,23.819107019773536,23.77905335680223,38.07556030888718,-19.228785282873016,5.997618227488087,6.70707505809937,39.798698646332696,-2.132535757537218,4.548296460990553,9.025227750765735,-59.95253254336001,-5.895529684184368,36.74706190811611,-1.7289471116437483,6.823109081053566,448,72.95245535714285,7.357142857142857,6.24942053399924,-2.7247813873605833,30.496731836651684,0.40789473684210525,0.2457627118644068,0.8461538461538461,90.34036144578313,0.3493975903614458,0.38070481927710836,236,0.23728813559322035,0.059322033898305086,0.30922977966101695,0.3011290580645161,0.32473116049382716,73,-0.023602102429311045,0.15612192228976138,-3.0928446290103073,-1.2999302732907982,-1.7984993428823202,4,0.9999647853846458,0.41875,0.40202702702702703,0.29901960784313725,0.21830985915492956,0.35046728971962615,30.37452670379308,27.88566534084389,7.701033605094096,-4.10661198404166,0.3717948717948718,0.08070974868820768,0,Wide-and-quiet,False,False,False,False,
687221,"Rushing, Dalton",L,2026,Dodgers,31.282579674676935,30.894867327190315,28.415313715742275,37.877684722085085,-3.8286714013194185,0.38771234748662053,1.6929575199112694,49.82158472879888,-3.3100288187662494,1.8992870843806158,11.963170127992006,-49.330302702699164,8.027032879917822,38.38960624567668,-0.37661005048686746,8.780667654747175,443,71.64537246049662,7.485778781038374,12.594061751508287,-2.6859288431857355,34.98661321781057,0.3020408163265306,0.29653679653679654,0.7929936305732483,88.76040268456376,0.38926174496644295,0.4323221476510067,250,0.292,0.092,0.33652099199999996,0.3549754565217391,0.28507218181818184,72,0.06990327470355728,0.47730047732330805,-1.6513964830619066,-0.5095432300256738,-1.0238104428460795,2,0.9879332563968414,0.2894736842105263,0.3058510638297872,0.30625,0.2662337662337662,0.2523961661341853,29.70336523135245,27.549695322538916,8.174319490732636,0.8656183932033592,,0.04001623376623381,0,Open-and-stride,False,False,False,False,
807799,"Yoshida, Masataka",L,2026,Red Sox,31.877158102114684,30.395693512407536,24.460302037609498,26.52827071195033,-9.9868318068646,1.481464589707154,12.739506193367113,29.67390276081206,-3.4797529567994503,-9.191278528848837,15.730076657779701,-12.97627279769946,-1.3247665379003344,37.92107259320961,11.43209858456612,3.6961790446771507,452,70.44026548672566,7.04646017699115,7.370805006911956,0.6640498115994878,32.69246941774745,0.27927927927927926,0.13815789473684212,0.9136212624584718,88.81287553648069,0.3133047210300429,0.3135579399141631,297,0.1111111111111111,0.09427609427609428,0.31821039730639733,0.3097596254681648,0.3934222666666667,68,-0.08366264119850186,-0.6945704640781044,0.4031096134110194,-1.3884791493637598,-1.10833111107644,1,0.9784381193208229,0.21818181818181817,0.286,0.17419354838709677,0.12179487179487179,0.10130111524163568,27.01871934158992,26.205815249319034,-0.4904486296395909,-1.745513211709536,0.27414330218068533,0.05239867659222498,0,Balanced,False,False,False,False,
668804,"Reynolds, Bryan",R,2026,Pirates,27.972273658399875,28.729963632152423,27.934299132030795,29.74486084013332,-2.6438179856495356,-0.7576899737525425,4.877256426799953,55.018894635378345,-14.521944418298606,-17.558988846234076,11.559635626502113,-22.389467940284046,4.4810597570838535,39.64260333530051,10.191266144550255,1.8228859880643564,433,73.73418013856814,7.184526558891455,9.021411792109856,1.938115009532623,36.152972763696766,0.27906976744186046,0.2737306843267108,0.8442367601246106,90.73012820512821,0.34615384615384615,0.3918141025641026,236,0.21610169491525424,0.11016949152542373,0.3421374576271186,0.3421374576271186,,74,,1.34714459966035,-0.007662751728365858,-1.339506825987207,1.0747120950967353,1,0.5286753786720736,,0.27906976744186046,0.2222222222222222,0.3375796178343949,0.0,31.045688176233718,28.22163535914886,-1.3008273361003972,-0.2873362271180646,0.24233128834355827,-0.11535739561217268,1,Balanced,False,True,False,False,"B: go ~4 in WIDER, full-time (whiff 27%, 77th pct; width 30 in = 1 in narrower than typical for his 74-in height) [strong]"
666397,"Julien, Edouard",L,2026,Rockies,26.264089098787313,30.627458618100565,29.71915355576389,28.18240426555621,-0.2330085711301906,-4.363369519313251,3.757360131370743,39.64379952482685,-20.48185833843278,0.8134780746842496,16.22037644013993,-2.0383162482298602,0.8733917503273244,41.88634036334452,14.396479242591766,2.3218124690318174,438,70.73858447488584,6.928767123287671,10.889562858867565,8.39189096556873,42.57014136617933,0.18650088809946713,0.2203023758099352,0.8631284916201117,90.39151515151515,0.43636363636363634,0.3963636363636364,276,0.2572463768115942,0.14130434782608695,0.33830860869565216,0.34227358399999996,0.30018384615384613,73,0.04208973784615383,1.5586397473252591,1.5212917960171486,0.027523658432926305,0.45486348199796844,3,0.9984538362491867,0.20754716981132076,0.1843137254901961,0.208955223880597,0.24431818181818182,0.09234828496042216,30.37452670379308,27.88566534084389,-2.1921224382368685,1.8334882149199991,0.19909502262443438,-0.035362957937584816,0,Square,False,False,False,False,
806198,"Pratt, Cooper",R,2026,Brewers,30.0637186426275,31.860749795558146,22.601154499810743,30.440389548834407,0.7079329054686934,-1.7970311529306469,-0.15990738569757398,48.199704312816095,-8.080522915510318,-7.360840507340017,13.136862106860772,-3.978007219718413,1.8146438386525787,41.02653204487955,9.894091198930411,4.076928788796055,432,69.0724537037037,6.89212962962963,5.687175957349924,2.1380508295741563,36.51850869643754,0.2973523421588595,0.18984547461368653,0.9022801302931596,85.65,0.4157303370786517,0.34059999999999996,253,0.18181818181818182,0.09486166007905138,0.3127698498023715,0.27495988235294117,0.3266675675675676,76,-0.05170768521462643,0.46035681511239607,1.0659844476551303,-2.062915442497377,0.5062255032168098,3,0.6817473384132107,0.29085872576177285,0.3153846153846154,0.25274725274725274,0.14960629921259844,0.7403651115618661,32.38801112111498,28.893575395758802,-1.9476215722805712,-6.292420895948059,,0.1031409535346543,0,Square,False,False,False,False,
668939,"Rutschman, Adley",L,2026,zMLB,26.513805530321417,28.233396301232272,25.772072369547384,36.86770168674124,-21.013659134547044,-1.7195907709108573,16.628800261046575,59.207636690880186,12.166525259249115,27.49902264230534,13.239299790929017,-51.4442757107207,-3.976219904861071,40.006898182753,2.2388269601230135,3.687678503463422,431,70.12273781902553,6.8317865429234335,8.682553463762117,-2.0959939393964753,32.338256610950154,0.2586490939044481,0.15521064301552107,0.9047619047619048,89.47717391304347,0.4076086956521739,0.36371195652173915,263,0.18250950570342206,0.10266159695817491,0.3317224182509506,0.3317224182509506,,73,,-1.1652310022051917,-2.9367783173229443,-1.1190649848162295,1.200843696248704,2,0.9989762582850291,,0.2586490939044481,0.13636363636363635,0.16923076923076924,0.0,30.37452670379308,27.88566534084389,6.493174982948162,-2.113592971296505,0.2428842504743833,-0.03286713286713289,0,Open-and-stride,False,False,False,False,
673357,"Robert Jr., Luis",R,2026,zMLB,29.258808847594697,28.166165375051715,27.462477532361184,32.44849379734865,-5.269124410778739,1.092643472542986,-2.7019066600762005,39.78284744955722,-17.924050289870486,30.485744788570642,7.513237806336864,-45.89532560576267,3.7726553320630014,37.799533644927024,5.2755288567551375,1.2891140520982258,431,75.95545243619489,7.6946635730858475,10.123140258636573,-4.5704417648269065,35.102876675152196,0.3278008298755187,0.25842696629213485,0.8571428571428572,89.80066225165561,0.2980132450331126,0.378158940397351,230,0.2391304347826087,0.10434782608695652,0.32116236521739133,0.3800131176470588,0.2964595802469136,74,0.0835535374001452,2.033443762279319,-1.01125099147786,-1.487580570725221,-0.5105933655638017,4,0.7328948015364114,0.3303303303303303,0.3221476510067114,0.3197969543147208,0.24060150375939848,0.7070135746606335,31.045688176233718,28.22163535914886,1.4028056211149291,-0.7591578267876748,0.32364096080910243,0.07919545055532234,0,Wide-and-quiet,False,False,False,False,
687952,"Encarnacion-Strand, Christian",R,2026,Orioles,28.946285002961208,25.964602691283314,28.459454672047805,37.61923845172034,-6.3954590049051365,2.981682311677893,16.712329069778207,18.122864295743014,-5.580715392487213,11.294257057619191,12.928693318055199,-34.096778542277,3.7202190555655332,42.65564141749988,5.521898078242366,6.553662816962443,415,72.74337349397591,7.353975903614458,13.809449588780726,0.7364905411943212,33.56639578287797,0.4688279301745636,0.27293064876957496,0.8262548262548263,90.06287878787879,0.3787878787878788,0.43177862595419847,201,0.26865671641791045,0.05472636815920398,0.33366431840796024,0.4216074871794872,0.2778954796747968,73,0.14371200750469043,1.0316986211101975,-1.4289035364961178,1.3512566890481756,-1.7231619683048431,1,0.6955273583305365,0.46443514644351463,0.47530864197530864,0.335,0.25833333333333336,0.6184738955823293,30.37452670379308,27.88566534084389,7.244711747927262,0.5737893312039155,,0.07666666666666666,0,Balanced,False,False,False,False,
665804,"Amaya, Miguel",R,2026,Cubs,27.247558722826653,27.2789040805849,28.683427175716,40.50546099052343,-4.257934925169483,-0.03134535775823887,1.7510467404251595,18.354883447992577,-10.482111267573194,24.881664177467417,1.2609883162464919,2.936250769220755,-3.9076515134748786,42.26296821110367,1.4825691680071031,2.412919836806029,425,69.49058823529411,7.439529411764706,12.309731967409656,-6.780209299860143,34.483703554873095,0.30601092896174864,0.25279642058165547,0.8387096774193549,86.68344827586206,0.3793103448275862,0.32566901408450705,243,0.26337448559670784,0.09465020576131687,0.29179715226337444,0.3173957777777778,0.281018783625731,73,0.03637699415204676,2.9617097937519454,-0.09583927430567417,0.021084872703111983,-0.8415241942832554,3,0.9999999449378494,0.3096446700507614,0.2967741935483871,0.29207920792079206,0.1897810218978102,0.7325102880658436,30.37452670379308,27.88566534084389,10.130934286730351,0.7977618348721123,,0.10229818602298185,0,Square,False,False,False,False,
679822,"Foscue, Justin",R,2026,Rangers,32.62779270600792,29.663907563297716,28.642039349248062,26.924840637468005,-24.853683316951358,2.963885142710176,-0.9817739854472469,46.82824774734596,8.258796236513264,-4.925328199405905,25.435206608727043,-14.63419422864983,-5.396851317785887,46.29870789153689,17.60663359383225,4.936362556308161,428,70.0446261682243,7.017289719626168,11.046630487440662,-1.0241902046391973,28.994496531136875,0.27608695652173915,0.18666666666666668,0.8823529411764706,89.18301886792452,0.36477987421383645,0.4030377358490566,242,0.25206611570247933,0.07024793388429752,0.32593561983471075,0.3565337179487179,0.2704320930232558,71,0.08610162492546208,-1.7878835337668688,0.644227156412196,1.5628633085594936,1.1971820262002668,1,0.5449403181441709,0.33557046979865773,0.24758842443729903,0.22641509433962265,0.13533834586466165,0.3405128205128205,29.03220375891182,27.213725304233947,-2.1073631214438144,1.4283140450141154,,0.091076748474961,0,Balanced,False,False,False,False,
665923,"Ruiz, Esteury",R,2026,Marlins,31.684795586203894,28.28588465093814,27.695240758745296,34.24761005644445,-8.001158653946966,3.3989109352657487,-12.91962470845361,39.35242267093947,4.002691421132913,-2.4138908490453046,10.098373986716206,3.289904694993117,-6.202324537047488,43.05442422304909,6.241142242866275,3.8898547450620815,413,70.58014527845036,7.611622276029055,15.86860396578069,-7.7442034083632905,36.3962097271977,0.31417624521072796,0.293598233995585,0.7923875432525952,79.88914728682171,0.40310077519379844,0.32756692913385826,242,0.3181818181818182,0.09917355371900827,0.2788874214876033,0.2832478620689655,0.2748730476190476,71,0.008374814449917944,1.1044397208078542,0.8295836200084971,-0.22199674583761317,0.1794709453053083,3,0.9983061210232443,0.3140495867768595,0.3142857142857143,0.3439153439153439,0.2809917355371901,0.48538622129436326,29.03220375891182,27.213725304233947,5.215406297532631,0.48151545451134936,,0.0629236083781538,0,Square,False,False,False,False,
810938,"Williamson, Ben",R,2026,Rays,27.844969155269524,29.10847921443833,31.29986617551028,26.22191021736366,-27.92688312881254,-1.2635100591688115,20.26287500015038,26.37201996295912,3.9192968548162015,2.720267443501315,24.313286655492732,-24.02964877903674,-2.7593895405142947,42.03541680457384,16.041177153891603,3.311844681944348,422,68.39549763033176,6.827488151658767,2.0285644504540494,6.573993709088236,28.687063001124066,0.3172043010752688,0.15766738660907129,0.9087719298245613,86.35693069306932,0.3316831683168317,0.31476119402985075,278,0.18345323741007194,0.07194244604316546,0.28632051798561153,0.279095875,0.2924855466666667,72,-0.013389671666666714,-1.7956141668691938,-0.37588696371714864,1.8564941818311036,-0.39763906087134915,2,0.9696407735183293,0.30201342281879195,0.3346153846153846,0.21264367816091953,0.12154696132596685,0.5246511627906977,29.70336523135245,27.549695322538916,-3.481455013988789,3.7501708529713653,0.33574007220216606,0.09109671683495268,0,Open-and-stride,False,False,False,False,
622761,"Mateo, Jorge",R,2026,zMLB,31.31493206435019,32.599076173787694,26.896037564972318,31.91453180946553,-20.190091865135177,-1.2841441094375068,7.89996010953189,34.98084611869267,-0.9849238031077133,20.16243526802533,12.268098699304687,-29.86790895235684,-6.661397144137542,37.728617765759616,5.338198822653716,5.334127910601607,411,72.98759124087591,7.737469586374695,6.636015308274556,-7.630097524835587,28.264889447626246,0.43792325056433407,0.3014018691588785,0.829059829059829,86.24015151515152,0.4166666666666667,0.37765648854961825,209,0.31100478468899523,0.05263157894736842,0.2779263540669856,0.26573204705882353,0.28628535483870965,72,-0.02055330777988612,-0.7557420144302317,-0.919851897212125,-0.9767072843074904,-1.1536493141904804,1,0.652487716341791,0.426056338028169,0.4591194968553459,0.4393063583815029,0.2052980132450331,0.6272040302267002,29.70336523135245,27.549695322538916,2.2111665781130796,-0.6536577575665987,,0.2340083451364698,0,Balanced,False,False,False,False,
669701,"Smith, Josh",L,2026,zMLB,34.231604029667494,31.2071524051368,26.1773226012184,24.349419158624475,-19.84455697765094,3.0244516245306925,3.7842514034098427,30.643128224975154,-0.1606288067629258,-5.120292572730644,23.545899418630103,-32.88763379938525,5.975495815006953,40.87858705785266,15.617381762834825,3.1039533312400414,402,68.10223880597015,6.944776119402985,12.137940686098887,-5.702963241086595,34.84147238287532,0.3438818565400844,0.22144522144522144,0.8984962406015038,84.38666666666667,0.3466666666666667,0.30380405405405403,231,0.22943722943722944,0.10822510822510822,0.2770014199134199,0.2986655151515152,0.1470168484848485,69,0.15164866666666668,-1.6308286427263703,0.2633259638130706,0.034167842556910744,-0.594434131036929,2,0.8706249140872163,0.47761194029850745,0.32186732186732187,0.22137404580152673,0.23295454545454544,0.12840043525571274,27.689880814030552,26.541785267624004,-3.3404616554060773,-0.3644626664056041,0.25929368029739774,-0.011580499653018717,0,Open-and-stride,False,False,False,False,
670764,"Walls, Taylor",L,2026,Rays,28.077996161939783,28.29457723770266,26.69015294167644,24.78775399323382,-1.9520780923720595,-0.21658107576287874,7.812300083336059,38.16939129481365,-2.4935578181242923,1.008554201235905,18.09240656755805,-9.690023848004296,2.8120486748322873,39.80846159971948,14.534951708029052,4.61470401976577,404,67.44504950495049,7.009653465346535,12.571794224266576,1.4690814079955614,32.881795183809835,0.24955752212389382,0.22595078299776286,0.8453947368421053,81.18614457831326,0.3493975903614458,0.2955217391304348,268,0.25,0.11940298507462686,0.27273050746268657,0.27273050746268657,,69,,-0.25361791160288605,1.0356717914137017,-0.5399334251511219,-0.5076670777189043,3,0.5474866314215369,,0.24955752212389382,0.24074074074074073,0.23255813953488372,0.0,27.689880814030552,26.541785267624004,-2.902126820796731,0.14836767405243734,0.19480519480519481,0.00818260120585701,0,Square,False,False,False,False,
691785,"Mayer, Marcelo",L,2026,zMLB,32.03491755660889,27.86740301319189,26.18049620117357,29.50068545112319,-12.820995074235938,4.167514543417004,10.4979225165551,42.043178273064164,-7.996682397015856,15.241033060021959,16.340721111583775,-29.81735542485237,2.6499679452637586,39.32166370145039,10.208742719168413,4.347159378643207,410,73.86487804878048,7.8636585365853655,8.045052496375117,-5.854741481893596,30.716602385509045,0.28824833702882485,0.25995316159250587,0.8585858585858586,85.81165644171779,0.26993865030674846,0.2765582822085889,232,0.20689655172413793,0.06896551724137931,0.2549326379310345,0.24613257943925235,0.3595555555555556,75,-0.11342297611630323,-0.16133685427645433,-0.5613104533379216,-0.6765289784417025,-0.3476532332488328,1,0.8784246858344444,0.35,0.2853828306264501,0.2919254658385093,0.2713178294573643,0.0570430733410943,31.716849648674348,28.55760537745383,-2.2161641975511586,-2.3771091762802605,,0.02060763638114499,1,Balanced,False,True,False,False,"B: go ~5 in WIDER, full-time (whiff 26%, 70th pct; width 30 in = 2 in narrower than typical for his 75-in height) [strong]"
660688,"Ruiz, Keibert",L,2026,Nationals,38.983659362607426,35.430117419947905,24.092693455842543,30.656052299728298,-33.55210690709923,3.5535419426595234,-10.795962662526707,60.511173840666615,6.983029711642121,-16.72991783427638,23.618949941175355,-44.188455457713594,-0.04363829528995,37.40555883632898,4.698937021384367,7.776139163798836,416,67.10985576923078,6.980528846153846,8.948367450008957,-8.842000658919982,32.81917450792369,0.3922077922077922,0.12296983758700696,0.9464285714285714,87.9605504587156,0.37155963302752293,0.29597247706422014,255,0.0784313725490196,0.050980392156862744,0.2931908078431372,0.29327423622047244,0.272,71,0.02127423622047242,-3.0880217142064215,-0.873732882257803,-1.5541108519593427,-0.07921960689533898,2,0.9999999965863342,0.0,0.39425587467362927,0.1566265060240964,0.12408759124087591,0.003821656050955414,29.03220375891182,27.213725304233947,1.6238485408164784,-3.1210318483914037,0.3488372093023256,0.03253891478322048,0,Open-and-stride,False,False,False,False,
683011,"Volpe, Anthony",R,2026,Yankees,24.917925912679237,28.588486248945134,28.203240908459637,27.789262793746914,5.119912990675737,-3.6705603362658956,-3.5048184151239314,55.90265196263117,-17.171903504848878,-7.38350068052265,14.686773041729776,18.763675005278404,-2.93515805456423,38.139174460205396,10.133764315324637,5.061315950349181,402,70.15199004975123,7.048507462686567,9.55063586689629,4.732530427983475,32.3231719305156,0.2531914893617021,0.22300469483568075,0.8566775244299674,87.61592356687899,0.34394904458598724,0.32654777070063695,234,0.2222222222222222,0.10256410256410256,0.29074078632478634,0.31392635789473683,0.2748945323741007,70,0.03903182552063611,1.515678860889718,2.2443126633566854,-1.4217248889233298,0.3955070545956257,3,0.9999999997834266,0.26573426573426573,0.23369565217391305,0.28823529411764703,0.18548387096774194,0.6030204962243797,28.361042286471182,26.877755285928973,-0.5717794927242679,1.325485622530664,0.2391496899911426,0.1027514231499051,0,Square,False,False,False,False,
669134,"Campusano, Luis",R,2026,Padres,29.101364883553085,22.27469761557841,27.837934399915305,25.800258936549657,-18.717776421201215,6.826667267974688,2.8869952143632993,54.35629582211691,-11.52630351314682,3.5285915369022076,19.745417878910693,-29.052833213851258,2.1121879504881713,36.78946442896672,11.00564575750338,5.2068104412066365,399,72.24611528822055,7.863659147869674,11.015590239412616,-7.7103296526938605,25.89257962105857,0.28790786948176583,0.24342105263157895,0.8660130718954249,87.65448717948718,0.3974358974358974,0.3589679487179487,241,0.2157676348547718,0.12033195020746888,0.32550041493775933,0.33035645283018866,0.3241314255319149,70,0.006225027298273789,-0.18201861829718283,-0.38272210846970445,-0.5702631022433838,-0.3207151231286008,4,0.9978404113683446,0.28502415458937197,0.29906542056074764,0.31521739130434784,0.208,0.7908163265306123,28.361042286471182,26.877755285928973,-2.5607833499215253,0.9601791139863316,,0.10721739130434785,0,Wide-and-quiet,False,False,False,False,
694728,"Matthews, Brice",R,2026,Astros,31.265210866098005,27.235348360016012,24.540821364249798,29.087509426308962,-1.0500853253825277,4.029862506081985,-1.7169236630559392,43.27331765528325,-10.509926909110753,10.12811103964994,16.867507826216645,0.13850185277804244,-0.6214788069786739,42.09254827959919,12.433309415108297,6.943853486949434,404,72.28316831683169,7.26509900990099,13.304657272277472,2.505477311905797,31.732883019929332,0.2515592515592516,0.3440366972477064,0.7682539682539682,83.25633802816903,0.30985915492957744,0.34878571428571425,234,0.3162393162393162,0.06837606837606838,0.2581491282051282,0.25973516279069764,0.2572275135135135,70,0.002507649277184165,0.5851356682951364,1.3882658676878652,-0.5021792235646424,-0.3692816505809134,3,0.7938696674683733,0.2781456953642384,0.20670391061452514,0.4444444444444444,0.3076923076923077,0.6052631578947368,28.361042286471182,26.877755285928973,0.72646713983778,-2.336933921679176,,0.1367521367521367,0,Square,False,False,False,False,
665953,"Chaparro, Andrés",R,2026,Nationals,34.997456019562684,26.12112702142887,27.143948642311393,29.798108076508505,-24.162905414573554,8.876328998133818,2.3147810463856207,39.571768503165806,-7.395337015473411,28.888891524174408,24.28779500889559,-27.580555440294553,-0.5809359247785153,42.77712513720252,12.765358164908871,8.955268544840127,385,73.59766233766233,7.308311688311687,11.505581026004705,-12.778331298899573,30.44294575274973,0.31896551724137934,0.30392156862745096,0.8115384615384615,89.54014598540147,0.32116788321167883,0.3891459854014599,217,0.2304147465437788,0.1152073732718894,0.34296940092165895,0.3611010071942446,0.3106579487179487,72,0.05044305847629588,-1.0446895119793862,-0.19320612491122352,1.424250600707753,-0.9612653564986254,2,0.8759075486500333,0.35443037974683544,0.3006535947712418,0.38578680203045684,0.2871287128712871,0.3591293833131802,29.70336523135245,27.549695322538916,0.09474284515605547,-0.4057466802275229,,0.09865808915916974,1,Open-and-stride,False,False,False,True,"D: stand ~3-4 in DEEPER, full-time, for deeper contact (sweet-spot 32%, contact 9 in out front) [moderate]"
642201,"White, Eli",R,2026,zMLB,32.0919154595243,29.23583906587032,27.646417127475424,26.972180473387002,-18.50804753468225,2.856076393653984,6.34648107161559,43.3187229163266,-1.174447634774285,9.894332197709646,18.57807281081743,-24.293389637779555,-0.9224207378607913,40.16802675918491,12.624286179935758,4.084223908605502,402,72.11442786069652,7.200995024875622,8.460582562308192,1.20920209965221,33.78785650585914,0.32682926829268294,0.24343675417661098,0.8421052631578947,84.10958904109589,0.3287671232876712,0.31694520547945204,204,0.22058823529411764,0.05392156862745098,0.26807650980392156,0.2649102222222222,0.27233462068965514,74,-0.007424398467432924,-0.9142616660465746,-0.08765358620264871,-0.22806212092504718,0.01762573101087017,1,0.9373720804688752,0.35135135135135137,0.31297709923664124,0.25949367088607594,0.25,0.38451935081148564,31.045688176233718,28.22163535914886,-4.073507702846715,-0.5752182316734356,0.2953020134228188,0.009493670886075944,0,Balanced,False,False,False,False,
621438,"Taylor, Tyrone",R,2026,zMLB,28.86721842800541,28.790585568119145,27.548538942696066,30.565535885537752,-14.019757944530202,0.076632859886272,13.52351432282409,31.76408888985035,-10.887203122972972,14.853027785360089,12.207077670265688,-17.132358233549834,-5.301537495999203,40.69779740203454,10.756921209608528,0.23066823505827616,396,70.84444444444445,7.468434343434343,10.79451177796847,-4.428660283390391,34.557912208868714,0.34234234234234234,0.19714964370546317,0.8921933085501859,85.03651685393258,0.33707865168539325,0.34191379310344827,235,0.1702127659574468,0.059574468085106386,0.30439050212765956,0.31045339285714285,0.29886982113821137,72,0.011583571718931485,0.735749765990262,-0.2923999512823987,-0.49454115290624123,0.09072974556628194,1,0.9966002180576776,0.28193832599118945,0.4055299539170507,0.23376623376623376,0.19047619047619047,0.48726851851851855,29.70336523135245,27.549695322538916,0.8621706541853023,-0.0011563798428504413,0.301056338028169,0.043290043290043295,0,Balanced,False,False,False,False,
657136,"Wong, Connor",R,2026,Red Sox,37.65251149277061,27.963764528964862,26.64493832094765,29.34380759539375,-15.162836111612979,9.688746963805771,8.894048969334044,47.61208504510803,-2.485610303205718,-20.228735927210526,19.641539575295127,-29.322794264700537,2.3956019908741286,38.24106819692021,8.517175902657726,10.151049743868988,393,72.04605597964377,7.355979643765903,12.369750502825987,-5.9359264435309695,31.326376173278994,0.31798245614035087,0.23444976076555024,0.8901098901098901,83.3967320261438,0.26143790849673204,0.326248322147651,234,0.24358974358974358,0.07264957264957266,0.2806128376068376,0.3278654492753623,0.2608526545454546,70,0.06701279472990773,-1.267909665250615,-0.5348155999652829,-0.16436757065007154,-1.312930799174019,2,0.9503077501821277,0.32934131736526945,0.28688524590163933,0.34615384615384615,0.1590909090909091,0.7312925170068028,28.361042286471182,26.877755285928973,0.9827653089225663,-0.23281696498132476,0.328804347826087,0.18706293706293706,1,Open-and-stride,False,False,False,True,"D: stand ~3-4 in DEEPER, full-time, for deeper contact (sweet-spot 26%, contact 10 in out front) [moderate]"
676439,"Feduccia, Hunter",L,2026,zMLB,32.50774929884712,24.73555676945914,25.753542848833746,32.01396362954441,-1.4657457210376228,7.772192529387989,7.686812695181665,46.84157437765048,-11.5930985428802,-5.937384995165159,16.251876307329496,-6.949852603514556,1.2876110687627524,42.04513317413736,10.331855526757792,6.071028404008723,383,70.44960835509139,7.00757180156658,11.23101796541422,-3.4911577360956154,33.7009499097949,0.2437619961612284,0.2097560975609756,0.8647686832740213,87.00584415584414,0.37012987012987014,0.370248322147651,241,0.24481327800829875,0.11203319502074689,0.3135166141078838,0.32716473999999995,0.24694039024390244,73,0.08022434975609752,0.9792941373245749,0.39769906260272625,-0.1975725347547503,0.0910628543078737,3,0.9711353031151309,0.2112676056338028,0.24888888888888888,0.23972602739726026,0.22608695652173913,0.16956077630234934,30.37452670379308,27.88566534084389,1.6394369257513333,-2.1321224920101436,,0.013639070875521131,0,Square,False,False,False,False,
663728,"Raleigh, Cal",R,2026,Mariners,37.00601363345994,27.48653303554836,24.801862993246438,28.667409904584925,-3.790874963887123,9.519480597911594,2.930644719375888,36.281409702584625,-8.960175825740018,10.347214136308743,18.47337602122719,0.31798232814191585,-2.3482733585702307,42.83861222350339,13.795578430605794,4.662396625543674,370,74.17783783783784,7.898648648648648,16.915136713584698,-8.320108638143422,32.59894037417619,0.37719298245614036,0.3333333333333333,0.759825327510917,90.86804123711339,0.38144329896907214,0.39466666666666667,187,0.34759358288770054,0.12834224598930483,0.2961648983957219,0.2961648983957219,,74,,0.39684632625394256,1.3257103511379857,-0.20708553434306326,-0.15834413879812795,3,0.9792408908989775,,0.37719298245614036,0.3672316384180791,0.3185840707964602,0.0,31.045688176233718,28.22163535914886,-2.3782782716487922,-3.4197723659024213,0.36551724137931035,0.048647567621618926,0,Square,False,False,False,False,
686780,"Pagés, Pedro",R,2026,Cardinals,36.45030248404157,27.05045768100434,28.77628960749405,32.86112884318578,-13.373402062109434,9.399844803037247,5.450998767438363,36.86263483580987,-8.469517171876284,7.922195467206439,16.906850057772687,-17.868912550109947,-2.822618154372838,41.99845672314004,9.062016435678288,7.89298025938994,392,72.17908163265307,7.144642857142856,10.78613953425939,-5.848211160283594,32.222976510430264,0.35201793721973096,0.26252983293556087,0.875968992248062,85.01323529411764,0.33088235294117646,0.33311450381679386,208,0.2644230769230769,0.057692307692307696,0.2609598846153846,0.2527754468085106,0.2677084561403509,71,-0.014933009331840275,0.30720113352209566,-0.14677013838228622,1.0093335591417736,-0.9622257532581245,1,0.6509483090878717,0.36607142857142855,0.33783783783783783,0.375,0.24074074074074073,0.5117096018735363,29.03220375891182,27.213725304233947,3.828925084273962,1.5625643032601033,0.3599439775910364,0.13425925925925927,2,Balanced,False,False,True,True,"C: move ~2-3 in CLOSER to the plate (whiffs 38% outside vs 24% inside; 2 in farther off than typical for his height; watch inside pitches) [moderate] | D: stand ~3-4 in DEEPER, full-time, for deeper contact (sweet-spot 33%, contact 9 in out front) [moderate]"
500743,"Rojas, Miguel",R,2026,Dodgers,36.488422962151084,28.89718792347661,27.770402869984345,23.814456560693397,-8.710733641586431,7.591235038674463,-4.754359959791502,26.453751787372504,-9.806735599112026,1.946127339131961,23.90554383829255,-8.329188188843863,0.014746998199646281,43.08736193194804,18.384414772220786,6.852222153609599,386,68.10284974093264,7.069170984455958,6.638955596535061,-5.7755911861859985,29.582317275841568,0.3239130434782609,0.15776699029126215,0.9163498098859315,85.82189054726369,0.373134328358209,0.317427135678392,243,0.10699588477366255,0.05761316872427984,0.3136080987654321,0.3132644779874214,0.3142585238095238,70,-0.0009940458221023851,-0.30301642225147896,1.9493309875483429,1.2416974428636165,-1.3815714662734637,1,0.7654381883551961,0.3469387755102041,0.31309904153354634,0.19607843137254902,0.14893617021276595,0.3242924528301887,28.361042286471182,26.877755285928973,-4.546585725777785,0.8926475840553714,0.26306620209059234,0.047142261159783067,0,Balanced,False,False,False,False,
656537,"Hill, Derek",R,2026,zMLB,29.009315095662462,29.670571528312696,27.65351214341727,31.65824773462295,-14.918894681068204,-0.6612564326502414,3.49995396931435,41.88040578734211,-7.722621512004016,8.411264585867283,17.300586206510822,-23.11925847724594,-0.94254678881394,44.69191469310586,12.805979831606901,3.719672084903334,384,70.60677083333333,7.020052083333333,14.32816793812591,6.316251867742946,37.3517093983645,0.342042755344418,0.30676328502415456,0.7925925925925926,84.38,0.3769230769230769,0.400228346456693,213,0.3192488262910798,0.06103286384976526,0.2917357746478873,0.28194773529411765,0.3090237402597402,72,-0.02707600496562257,0.21649491590687087,-0.05858794969790488,0.6089658827489628,0.7068454039843596,1,0.8244421825172913,0.329608938547486,0.3512396694214876,0.3116883116883117,0.3287671232876712,0.4012422360248447,29.70336523135245,27.549695322538916,1.9548825032705004,0.10381682087835387,,-0.017078811599359534,0,Balanced,False,False,False,False,
663647,"Hayes, Ke'Bryan",R,2026,Reds,36.45656797092794,32.013409167306335,27.129472684033285,25.150924872162328,-18.049230206313446,4.443158803621607,12.342041510127977,47.65721323867403,-6.673734121745612,-5.765325152274906,24.409893630550364,-7.935439039575642,-4.948868680305751,43.954244609533355,19.061674236458806,4.898218493893298,374,70.04171122994651,6.75909090909091,5.015372916403937,-0.4819328402157314,26.293442292250226,0.3060747663551402,0.225130890052356,0.900398406374502,90.5377245508982,0.38922155688622756,0.34071257485029943,235,0.20425531914893616,0.05531914893617021,0.2869753702127659,0.2972517931034483,0.28360795480225987,71,0.013643838301188427,-1.4411569587006916,1.0174692556174372,0.48432111203555633,1.0570290959644284,1,0.9829625693259624,0.3067484662576687,0.30392156862745096,0.34459459459459457,0.2018348623853211,0.7523923444976076,29.03220375891182,27.213725304233947,-3.8812788867494916,-0.08425262020066171,0.2710727969348659,0.14275973220927346,0,Balanced,False,False,False,False,
657656,"Laureano, Ramón",R,2026,Padres,33.933521449840896,28.23916923845232,32.018372708255725,18.309592584059605,4.642950521986836,5.694352211388597,1.2294457597006498,36.752543078359395,-6.960969034679204,-26.333577207776393,25.321156675495867,-12.631778494645438,9.188581213811233,39.88850228702984,20.909196545458087,4.365152465395269,381,71.67112860892388,7.035695538057743,14.475550224436017,-0.6944916371537168,33.06571711884179,0.3274336283185841,0.3014018691588785,0.825,87.98991596638656,0.3697478991596639,0.4106302521008404,206,0.3155339805825243,0.0970873786407767,0.3121121553398058,0.29363236363636364,0.31884320529801324,69,-0.025210841661649608,-0.04339685164402921,2.258713637496047,0.9459195234620889,-0.672223969679089,3,0.999185937960193,0.34662576687116564,0.2777777777777778,0.425531914893617,0.22981366459627328,0.7249114521841794,27.689880814030552,26.541785267624004,-9.380288229970947,5.476587440631722,0.2624338624338624,0.19571825029734374,2,Square,False,True,True,False,"B: go ~6 in WIDER, full-time (whiff 30%, 89th pct; width 18 in = 9 in narrower than typical for his 69-in height) [strong] | C: move ~2-3 in CLOSER to the plate (whiffs 43% outside vs 23% inside; 5 in farther off than typical for his height; watch inside pitches) [moderate]"
686668,"Doyle, Brenton",R,2026,zMLB,27.777335103745475,25.027198245549734,30.028343929167352,37.045580948749745,-0.21223257478188223,2.7501368581957473,-12.938186699512821,38.77683857018897,-23.905922494188097,-3.587382064651559,6.13847889548651,-3.297316645064092,0.6994128286063898,40.88803676181743,3.533420645154287,2.6849059259308365,381,71.85354330708661,7.329396325459317,12.619114545422724,0.3713435970737189,30.234724846787984,0.3504043126684636,0.2964824120603015,0.8544776119402985,87.40542635658915,0.2868217054263566,0.33985937499999996,215,0.3302325581395349,0.05581395348837209,0.2464403348837209,0.2634552258064516,0.23346996721311478,75,0.02998525859333681,3.821185357785889,0.5736535595928263,-0.24500239353790101,-0.23872933000838129,3,0.9999991520676115,0.328042328042328,0.37362637362637363,0.3776223776223776,0.23809523809523808,0.5412719891745602,31.716849648674348,28.55760537745383,5.328731300075397,1.4707385517135236,0.3009118541033435,0.13952713952713952,1,Square,False,False,True,False,C: move ~2-3 in CLOSER to the plate (whiffs 38% outside vs 24% inside; 1 in farther off than typical for his height; watch inside pitches) [moderate]
605170,"Caratini, Victor",L,2026,Twins,36.33443945509836,30.111704083079143,23.020325760338586,25.652082439822472,-18.793285066466325,6.222735372019212,26.046915280513915,63.00347522311138,1.7181154561018022,-8.7739977429231,26.2147018351266,-18.528808973668593,0.29048255766868564,44.90764210736419,19.885459785602656,3.9494904798926713,381,70.24068241469817,6.745144356955381,9.435131112048747,-0.8637285484421725,32.098972808851826,0.245136186770428,0.19548872180451127,0.9120879120879121,89.55351351351352,0.34594594594594597,0.3126216216216216,254,0.15354330708661418,0.09448818897637795,0.3068868031496063,0.3068868031496063,,72,,-2.531763165966765,-0.10715903507420894,-0.4438740913323992,2.564944829220292,1,0.9948328771247568,,0.245136186770428,0.17391304347826086,0.3020833333333333,0.0,29.70336523135245,27.549695322538916,-4.051282791529978,-4.52936956220033,0.22563176895306858,-0.12817028985507245,0,Balanced,False,False,False,False,
670770,"Friedl, TJ",L,2026,Reds,39.12999544105488,30.934468018345427,23.894477647494217,31.410223188997744,-18.741895273105516,8.19552742270944,25.8503648750425,62.25299824854017,9.094878020122785,5.268608241660637,21.06133947824554,-24.369401934787483,-1.3895359190317988,40.20901307818775,9.118283557010589,9.498371726451897,378,70.37910052910053,6.73968253968254,9.065309862661895,-5.140658994750292,28.506153285576392,0.24070450097847357,0.23708920187793428,0.8877887788778878,82.92413793103448,0.29310344827586204,0.27051764705882353,272,0.23161764705882354,0.08088235294117647,0.24596945588235292,0.24421188034188035,0.2567924210526316,68,-0.012580540710751265,-2.793807052610599,-1.2056022869408878,-0.8685397521625098,0.6097382921656794,2,0.9167012697409825,0.2413793103448276,0.24061810154525387,0.30409356725146197,0.21428571428571427,0.122,27.01871934158992,26.205815249319034,4.391503847407822,-2.3113376018248175,0.172859450726979,0.0898078529657477,0,Open-and-stride,False,False,False,False,
699393,"Ramírez, Pedro",L,2026,Cubs,35.06972182443159,31.276224329192118,24.04991689515057,22.39149778570389,-6.21081309985857,3.793497495239467,14.038723467215625,47.158153876478906,2.598664960520827,8.05715863241414,24.154338354730584,-10.06823396119208,2.1870348951397056,38.82112736587641,16.017172917660112,8.290965424820346,369,71.33821138211383,7.573712737127371,5.23332010797163,-6.709745024889134,23.922274353920173,0.3333333333333333,0.2010443864229765,0.8858267716535433,88.85547945205481,0.3150684931506849,0.2891034482758621,203,0.2019704433497537,0.07389162561576355,0.25975724137931033,0.25975724137931033,,69,,-2.289547088818349,1.1391469702460348,-0.9993855603848626,-0.6055387460786156,1,0.8826930450720437,,0.3333333333333333,0.16993464052287582,0.27184466019417475,0.0,27.689880814030552,26.541785267624004,-5.298383028326661,-2.4918683724734336,,-0.10191001967129892,0,Balanced,False,False,False,False,
664954,"Sullivan, Brett",L,2026,Rockies,31.974571982400445,31.174811291636225,28.45558731516087,28.275577086115206,-11.98489968442738,0.7997606907642116,19.601715047828776,40.994755281553616,0.2567729921584138,-1.9203294075979944,15.207300631771314,-25.84109881694597,1.1744005006855838,38.44061516081976,10.442031792999646,2.6589298036487614,378,67.99365079365079,7.286772486772487,8.126766471818355,-7.223181043617846,29.616004955778735,0.33163265306122447,0.14457831325301204,0.9087719298245613,86.24350282485877,0.327683615819209,0.3121988636363637,231,0.1645021645021645,0.05627705627705628,0.28120225108225105,0.27655035294117647,0.29416655737704916,71,-0.017616204435872695,-0.705007952700534,-0.599690345566059,-0.7750579379827419,0.0744032806715802,1,0.9549902949953083,0.2717391304347826,0.35,0.1610738255033557,0.13793103448275862,0.2729528535980149,29.03220375891182,27.213725304233947,-0.7566266727966138,1.2418620109269227,,0.023142791020597075,0,Balanced,False,False,False,False,
682622,"Marte, Noelvi",R,2026,Reds,35.70552826448082,26.48606723178284,26.66433731717972,26.39263402198265,-16.51178654395072,9.219461032697968,23.154183756016177,41.17499543568387,-6.318648838645484,0.15377385903991675,26.37256485105395,-12.487911273784702,-1.8847986873983869,44.64450933717232,19.301668184480793,9.303648608542705,372,71.5494623655914,7.351612903225807,9.02221408534969,-3.8311066406323318,31.953910736924968,0.41148325358851673,0.2563451776649746,0.8873873873873874,87.94485294117646,0.20588235294117646,0.29350735294117647,201,0.25870646766169153,0.04975124378109453,0.2440425870646766,0.20554928301886793,0.2578273513513514,74,-0.05227806833248344,-1.5950125885763349,0.35082901239241976,1.6827763663476036,-0.25055813891233486,2,0.9999898210115626,0.40728476821192056,0.4224137931034483,0.3333333333333333,0.1919191919191919,0.7154150197628458,31.045688176233718,28.22163535914886,-4.653054154251066,-1.5572980419691405,0.3359497645211931,0.1414141414141414,1,Open-and-stride,False,False,False,True,"D: stand ~3-4 in DEEPER, full-time, for deeper contact (sweet-spot 21%, contact 9 in out front) [moderate]"
656484,"Gray, Tristan",L,2026,Twins,33.53899716453143,29.657569630389084,29.167572746361547,31.754533459040353,-17.219592329789542,3.8814275341423627,12.461938715996842,66.5599888463848,2.8424470636301242,0.09771226057413282,15.761569744624051,-31.29151004237029,-1.6467489467789422,41.886745907975076,9.59034863748758,2.564026619978466,378,71.77619047619048,7.060052910052909,6.204322018458726,-9.095182075811673,28.98689093834412,0.39267015706806285,0.3014705882352941,0.8062015503875969,87.01465517241378,0.39655172413793105,0.3580086956521739,189,0.31746031746031744,0.05291005291005291,0.2644764656084656,0.2747592857142857,0.18221390476190477,73,0.09254538095238093,-0.5596976206540915,-1.1950953061330973,-0.40291185524085243,2.2192402805773175,2,0.4965870502749285,0.425,0.3888888888888889,0.3161764705882353,0.30597014925373134,0.10410958904109589,30.37452670379308,27.88566534084389,1.3800067552472726,1.2819074055176571,,0.010206321334503943,0,Open-and-stride,False,False,False,False,
650859,"Rengifo, Luis",L,2026,zMLB,27.671755964079587,21.590343453474834,26.166397986283112,29.59117152770038,-17.73055469933984,6.081412510604755,21.09909722946634,31.17791244184599,-2.153865772853244,3.7427166519082697,17.626839610509712,-28.09434347651067,-0.8953240016200266,38.94798057595338,9.940538658982874,5.09996758781482,382,69.5717277486911,6.965968586387435,5.219786779585167,6.037038038890757,33.7050926915337,0.26406926406926406,0.17164179104477612,0.8964285714285715,86.0982558139535,0.22674418604651161,0.3007823529411765,220,0.10909090909090909,0.1,0.3107282545454545,0.3107282545454545,,69,,-0.4962232007073474,-1.231893982225935,0.17202075611449302,-1.2995874150272082,4,0.9989894138361819,,0.26406926406926406,0.2,0.15555555555555556,0.0,27.689880814030552,26.541785267624004,1.9012907136698267,-0.37538728134089183,0.2973651191969887,0.04444444444444445,1,Wide-and-quiet,False,False,False,True,"D: stand ~3-4 in DEEPER, full-time, for deeper contact (sweet-spot 23%, contact 6 in out front) [moderate]"
686797,"Lee, Brooks",R,2026,Twins,31.847509525577106,24.738942725723927,30.260953845219245,38.23832493186132,1.6280744526513038,7.108566799853174,7.650519471452028,38.67492018000479,-10.933440437127278,-5.2729671937498,7.945989897023946,-20.95436596566576,4.982415664739429,40.97716497118209,2.919898286889257,5.145585474965031,370,69.81027027027027,7.122432432432433,13.288503108033677,-5.9658792180958145,31.110569947589813,0.37317073170731707,0.19602977667493796,0.92,86.61111111111111,0.31851851851851853,0.2701268656716418,198,0.23737373737373738,0.05555555555555555,0.2373691111111111,0.2373691111111111,,72,,2.5027736197482637,-0.877484822166327,0.3599060449840119,-0.5491402987058235,1,0.7502120146119814,,0.37317073170731707,0.17424242424242425,0.27631578947368424,0.0,29.70336523135245,27.549695322538916,8.534959700508871,2.7112585226803283,,-0.10207336523125998,1,Balanced,False,False,False,True,"D: stand ~3-4 in DEEPER, full-time, for deeper contact (sweet-spot 32%, contact 7 in out front) [moderate]"
675961,"Williams, Alika",R,2026,Athletics,31.40647197165022,32.466636769696954,26.26693291531219,25.18407491217373,-22.516699546205356,-1.0601647980467415,-16.90718212174549,38.37350150319162,-3.8704735560656602,-1.148638117591771,17.369390478507825,-21.37398219911866,-3.300985286981307,36.46424140287847,9.589884689135868,6.103815804418959,365,68.60849315068492,6.948219178082192,7.077703624933742,-6.270158036756813,36.07423446166108,0.3690773067331671,0.21395348837209302,0.8896797153024911,83.36242424242424,0.3151515151515151,0.2855776397515528,227,0.22026431718061673,0.04405286343612335,0.24239006167400878,0.2624438431372549,0.226026176,73,0.03641766713725489,-1.098105187807426,0.8750879243488312,-1.298450293917432,-1.5941830261628016,2,0.595556840200088,0.36893203883495146,0.36923076923076925,0.27167630057803466,0.16129032258064516,0.5397796817625459,30.37452670379308,27.88566534084389,-5.190451791619349,-1.6187324255317002,,0.1103859779973895,0,Open-and-stride,False,False,False,False,
595978,"Hedges, Austin",R,2026,Guardians,35.7485722465317,31.727324334700157,28.628006433882756,35.80912886797128,-30.47618570585468,4.021247911831552,35.69485967908332,53.74425396539198,12.068288262935006,18.74641278877413,14.94154083593758,-24.50032378405641,-14.684984262009749,42.44577647005888,7.291783691770931,4.582628626627373,363,68.5900826446281,7.2019283746556475,9.07536499782394,-6.369905549302277,25.99525491421752,0.2579957356076759,0.23209876543209876,0.8661971830985915,84.29127906976743,0.27325581395348836,0.2880297619047619,242,0.18181818181818182,0.09917355371900827,0.27844560330578516,0.3027814193548387,0.25287237288135594,72,0.049909046473482765,-2.0740338978354393,-2.359536775313079,0.18615011085719477,1.6647933865527371,2,0.8134434512240818,0.27391304347826084,0.24267782426778242,0.3543307086614173,0.1736111111111111,0.49780701754385964,29.70336523135245,27.549695322538916,6.105763636618832,1.0783111113438402,0.3,0.1807195975503062,1,Open-and-stride,False,False,True,False,C: move ~2-3 in CLOSER to the plate (whiffs 35% outside vs 17% inside; 1 in farther off than typical for his height; watch inside pitches) [moderate]
596142,"Sánchez, Gary",R,2026,Brewers,36.62326496516824,34.16556608797382,27.028456759014542,14.040713411176274,-38.47347237204799,2.4576988771944124,17.01932845895136,57.02827802117294,5.048793624607885,13.59167530755477,31.27689560914409,-7.830705669299514,-5.766286713542913,40.39743429508293,26.17707882004175,2.9514164117977533,360,70.48305555555557,7.215277777777778,10.937098462740058,-3.1538766918367482,29.97753898026427,0.22336769759450173,0.2594458438287154,0.8333333333333334,87.7832298136646,0.2981366459627329,0.35422981366459627,265,0.20754716981132076,0.16981132075471697,0.3409767094339623,0.34908450420168063,0.334368301369863,74,0.014716202831817626,-4.330119036586003,1.1231248114790644,-0.3677853394550834,1.7676205431048995,2,0.962259483152091,0.20327868852459016,0.24548736462093862,0.2894736842105263,0.2878787878787879,0.5487364620938628,31.045688176233718,28.22163535914886,-17.004974765057444,-1.193178600134317,,0.0015948963317384268,1,Open-and-stride,False,True,False,False,"B: go ~6 in WIDER, full-time (whiff 26%, 69th pct; width 14 in = 17 in narrower than typical for his 74-in height) [strong]"
691458,"Jordan, Blaze",R,2026,Cardinals,32.66748524965563,31.57739052893683,31.791343566013065,21.734764567328842,-14.738037783543788,1.0900947207188074,25.118959218285237,43.27845956125827,-6.217959322765874,10.181492786231871,24.434160520346037,-11.182921608074375,-0.882023093534308,41.60489056244573,21.100796062502965,3.37043199387585,376,71.99494680851063,7.244414893617021,5.419023467214147,-1.1674179833731668,30.704261663122047,0.35714285714285715,0.18974358974358974,0.8769230769230769,88.39056603773585,0.3522012578616352,0.3552264150943396,199,0.1507537688442211,0.035175879396984924,0.3157280201005025,0.3503515263157895,0.2943346341463414,73,0.05601689216944805,-1.3424327320612732,0.8295455105718863,1.0391232817233953,0.8161866820891854,1,0.7958458441248999,0.34545454545454546,0.375,0.3114754098360656,0.11258278145695365,0.6300417246175244,30.37452670379308,27.88566534084389,-8.639762136464238,3.9056782251691757,,0.19889262837911192,1,Balanced,False,False,True,False,C: move ~2-3 in CLOSER to the plate (whiffs 31% outside vs 11% inside; 4 in farther off than typical for his height; watch inside pitches) [moderate]
605137,"Bell, Josh",R,2026,Twins,26.76131868366812,29.573999463667136,27.171663197083554,35.23752924334349,-10.822038772732965,-2.8126807799990137,4.861985799580047,39.37093458840915,-9.626179220478821,10.245574196555273,10.716954894581157,-68.73765438490751,5.444487928212321,35.716570888414836,0.47634560808623405,3.1375400952558827,365,69.62520547945206,7.800547945205479,8.551040321042864,-4.687868851594741,35.41970062174595,0.2922705314009662,0.18783068783068782,0.8715953307392996,87.878,0.34,0.34630666666666665,201,0.1890547263681592,0.05970149253731343,0.303771960199005,0.303771960199005,,75,,0.7035194634680783,-2.4549677959796177,-1.4452747592442987,-1.1992290377749413,4,0.9215174489078262,,0.2922705314009662,0.21019108280254778,0.20212765957446807,0.0,31.716849648674348,28.55760537745383,3.52067959466914,-1.3859421803702752,,0.008063423228079708,0,Wide-and-quiet,False,False,False,False,
694249,"Carrigg, Cole",L,2026,Rockies,34.27008340136017,31.990877744719306,25.10021199165091,33.86924504166568,-14.474264572693626,2.2792056566408556,23.365334835153206,45.81939636912069,8.88382877517584,15.942958411837823,16.565100031814673,-42.9665074633013,3.4722223091823072,35.873873998251426,1.881525835153468,10.057018203933406,345,72.27565217391304,7.260289855072465,11.457823542187196,-1.4895020955482983,39.946675669128865,0.2945054945054945,0.22395833333333334,0.86,86.62045454545455,0.4015151515151515,0.36425757575757584,208,0.22115384615384615,0.11057692307692307,0.32450813461538464,0.32450813461538464,,74,,-2.216050624162226,-2.0288171332350804,-1.2032003973962953,-1.5432993601736666,2,0.9967930701114008,,0.2945054945054945,0.2641509433962264,0.23148148148148148,0.0,31.045688176233718,28.22163535914886,2.8235568654319607,-3.1214233674979504,,0.03266946191474493,0,Open-and-stride,False,False,False,False,
677587,"Rocchio, Brayan",R,2026,Guardians,30.76279310499148,26.061960761671422,24.726755791791774,40.37638636891095,-2.5274518464737983,4.700832343320049,15.361088859318622,47.65763356766167,-9.03075886058368,-10.189651978949827,5.30262635948311,-64.03662706208542,4.179554117087474,36.71865569505291,-2.979113595095015,6.073640388425238,361,68.3224376731302,7.243213296398893,9.842756936418047,-2.595491487816759,31.164268726872685,0.34017595307917886,0.22105263157894736,0.8484848484848485,84.22550335570469,0.3624161073825503,0.3015958904109589,192,0.15625,0.052083333333333336,0.2838908125,0.2838908125,,69,,1.356311389749745,-3.2612688077634284,-1.8200611695414421,-1.0339037484699412,4,0.9996616153130671,,0.34017595307917886,0.18181818181818182,0.2692307692307692,0.0,27.689880814030552,26.541785267624004,12.686505554880398,-1.8150294758322296,,-0.0874125874125874,0,Wide-and-quiet,False,False,False,False,
681807,"Fry, David",R,2026,Guardians,26.202013525079913,26.91756041965498,33.24002186251283,29.655924113773168,1.079856114479687,-0.7155468945750589,4.869383431430568,58.009722136222294,-11.363029249572428,-19.556022124772824,13.974235466117472,-13.681817681321062,5.235951790418642,42.896616452325176,13.229828430322083,2.08744880552428,349,70.57793696275071,8.158166189111748,15.625458222958514,-6.4123711403570995,31.201636562999653,0.2773109243697479,0.2717678100263852,0.7935222672064777,85.15087719298245,0.2807017543859649,0.2843070175438597,202,0.28217821782178215,0.13861386138613863,0.2630247326732673,0.27297660869565216,0.241566,73,0.031410608695652154,1.881559589184221,0.470499876000898,0.6049362564944412,1.836711794886285,3,0.9734447460943584,0.3277310924369748,0.2605042016806723,0.3178294573643411,0.2601626016260163,0.2705479452054795,30.37452670379308,27.88566534084389,-0.7186025900199127,5.354356521668944,0.3423728813559322,0.05766685573832481,1,Square,False,True,False,False,"B: go ~4 in WIDER, full-time (whiff 27%, 75th pct; width 30 in = 1 in narrower than typical for his 73-in height) [strong]"
690976,"Freeland, Alex",L,2026,Dodgers,29.08983766724761,30.46486456947171,28.514848643681955,26.162128065215878,0.752932708051177,-1.375026902224102,-2.843911431561658,37.700420754649166,-9.322841292199712,-17.995884582760546,24.14286895490551,3.61252969576304,-1.2330658965021875,46.26451294448147,19.298558906068184,4.98957662419102,358,70.46284916201118,6.822346368715084,7.461516901180113,6.21553729952069,29.331105689785957,0.21020408163265306,0.23421052631578948,0.8375451263537906,88.13819444444445,0.3402777777777778,0.36628368794326244,235,0.251063829787234,0.1276595744680851,0.3175837106382979,0.3175837106382979,,71,,0.35352633161117086,2.448054884747218,1.3372241735348143,0.4894588176229835,3,0.99897803307974,,0.21020408163265306,0.23853211009174313,0.22535211267605634,0.0,29.03220375891182,27.213725304233947,-2.8700756936959415,1.301123339448008,,0.01317999741568679,0,Square,False,False,False,False,
696030,"Osuna, Alejandro",L,2026,Rangers,25.025984931504283,29.936968102699915,25.427176229480057,21.722185122477416,-25.07356612305165,-4.9109831711956335,-12.018115244592357,45.490861269052886,-1.0973923435969684,8.644988999631977,24.12492778483133,-19.27945101644332,-0.8665350758157793,41.86973234055306,18.469335877976746,2.8054744351938288,365,70.66191780821917,6.960547945205479,1.3828350894416948,7.940777608092548,28.468849802497548,0.3118811881188119,0.14025974025974025,0.9073359073359073,85.66134969325152,0.34355828220858897,0.2948456790123457,227,0.14537444933920704,0.08370044052863436,0.3034074889867841,0.30240114606741575,0.3070631836734694,69,-0.0046620376060536595,-1.6084121645436111,1.2337435496145381,-0.4004359048197372,0.5237383935345072,1,0.5430674952691781,0.323943661971831,0.30930930930930933,0.1597222222222222,0.13846153846153847,0.1915945611866502,27.689880814030552,26.541785267624004,-5.967695691553136,-1.1146090381439464,0.2442528735632184,0.02126068376068374,0,Balanced,False,False,False,False,
595879,"Báez, Javier",R,2026,Tigers,31.65220789001622,27.782785284171844,30.189567221404783,31.8821316879522,-13.801917899031896,3.86942260584436,15.690349018968691,36.04561937144303,-6.219028658669668,11.876447029599273,11.569876428502448,-22.506661959015002,-4.007369073508756,37.536994657666014,6.269901031049354,5.964552738045544,365,72.43123287671233,8.507397260273972,8.445354616680731,-6.003763946233454,28.61187036530924,0.47164948453608246,0.27956989247311825,0.8148148148148149,85.20699300699302,0.3356643356643357,0.3089230769230769,192,0.20833333333333334,0.03125,0.25951208333333337,0.3247388070175439,0.2319719111111111,71,0.09276689590643278,0.30346961449983834,-0.9057015696637638,-0.05408701322148232,-1.241271688881815,4,0.6567378432087415,0.47038327526132406,0.4752475247524752,0.3507853403141361,0.14285714285714285,0.723781388478582,29.03220375891182,27.213725304233947,2.84992792904038,2.975841917170836,0.45652173913043476,0.20792819745699326,1,Wide-and-quiet,False,False,True,False,C: move ~2-3 in CLOSER to the plate (whiffs 35% outside vs 14% inside; 3 in farther off than typical for his height; watch inside pitches) [moderate]
682668,"Acuña, Luisangel",R,2026,White Sox,31.520413823783226,30.662725740174572,25.7936228455821,28.86822432745813,-24.248457764565103,0.8576880836086636,16.53047317401376,41.34522671137061,0.2917555234472108,-11.846749339518926,20.91734797367633,-20.58736544790217,-5.567258433758447,39.48283396946071,10.64069557885664,9.560183585659011,350,71.38885714285713,7.511428571428572,8.377183901743113,1.274061365169117,25.675707796512704,0.3366093366093366,0.24736842105263157,0.8724279835390947,86.74000000000001,0.2545454545454545,0.3049141104294479,220,0.19545454545454546,0.04090909090909091,0.25962498181818183,0.25712894339622644,0.2619458596491228,67,-0.004816916252896375,-2.2270986938255564,-0.44383837763539385,0.0021842062572677992,-1.1295463344448402,2,0.9727142137989773,0.33658536585365856,0.33663366336633666,0.30409356725146197,0.19801980198019803,0.5039893617021277,26.347557869149284,25.86984523101406,2.5206664583088454,-0.07622238543196147,0.3055555555555556,0.10607376527126394,0,Open-and-stride,False,False,False,False,
669242,"Edman, Tommy",L,2026,Dodgers,29.87625674298293,31.345662335549818,27.080733233416538,23.9779233889873,-9.95136388288293,-1.4694055925668894,1.9674932979200577,26.336245435760397,2.949558621104335,22.977519120316153,21.005374554654328,-22.675629186713028,5.03216387581365,41.91780314829005,16.577868156074008,2.7318589618104805,357,68.62605042016807,6.689635854341736,8.23396127077372,-0.1375537782574318,27.536214503972435,0.2911392405063291,0.1885245901639344,0.9282868525896414,86.02697368421053,0.3223684210526316,0.3160671140939597,208,0.1778846153846154,0.057692307692307696,0.29414959615384617,0.29414959615384617,,70,,-0.9726618709873034,0.9312794378942562,0.2054458116672066,-0.6293073955235383,1,0.9921938560315254,,0.2911392405063291,0.13157894736842105,0.24324324324324326,0.0,28.361042286471182,26.877755285928973,-4.383118897483882,0.2029779474875646,0.2703349282296651,-0.11166429587482221,0,Balanced,False,False,False,False,
699912,"Fernandez, Jose",R,2026,Diamondbacks,30.79516797039555,27.79426642685721,28.986763514502517,33.26944640515888,-3.7203008718865123,3.0009015435383484,3.282647598341991,33.593244678278765,-16.69426019291994,3.3066026772258224,10.782041424082495,-10.714450058036503,-0.004677788429173538,41.53068822311982,8.558776523156858,2.079489566902079,357,72.82436974789915,7.761904761904762,7.45431199130067,-5.390869866885565,32.686022686254134,0.36607142857142855,0.2345360824742268,0.8794642857142857,84.3871794871795,0.2948717948717949,0.3361523178807947,219,0.228310502283105,0.0502283105022831,0.2747607671232877,0.30578585507246375,0.26048922666666663,75,0.045296628405797124,2.1204246861047533,0.3047314027456215,-0.07016057678892344,-0.10147481154267995,3,0.9395744062736164,0.34074074074074073,0.4044943820224719,0.3212121212121212,0.1693548387096774,0.6548463356973995,31.716849648674348,28.55760537745383,1.552596756484533,0.4291581370486881,,0.15185728250244382,1,Square,False,False,True,False,C: move ~2-3 in CLOSER to the plate (whiffs 32% outside vs 17% inside; 0 in farther off than typical for his height; watch inside pitches) [moderate]
683766,"Koss, Christian",R,2026,Giants,26.338025980689572,27.04852476743959,29.2395644339123,26.780648983279818,0.6282429864998114,-0.7104987867500152,-3.4421043660246213,38.06050259785266,-8.214669474246483,-10.505344514463053,20.416155330884095,-1.4454186809377922,1.6166424016464942,45.9318106879357,18.267495660012827,2.4577435935849374,338,68.64082840236686,7.047041420118344,9.694471995051822,3.5103506057520244,26.973381539342245,0.38095238095238093,0.266304347826087,0.8392857142857143,81.43402777777777,0.3125,0.30089855072463767,207,0.24154589371980675,0.043478260869565216,0.24381636714975846,0.21064596610169492,0.2570397027027027,73,-0.04639373660100779,1.1222023436687114,1.8777869341650284,1.176928544247495,0.837604091104327,3,0.9842027647314795,0.36964980544747084,0.4049586776859504,0.3724137931034483,0.22950819672131148,0.7047075606276747,30.37452670379308,27.88566534084389,-3.5938777205132624,1.35389909306841,0.3402777777777778,0.14290559638213682,1,Square,False,False,True,False,C: move ~2-3 in CLOSER to the plate (whiffs 37% outside vs 23% inside; 1 in farther off than typical for his height; watch inside pitches) [moderate]
643376,"Jansen, Danny",R,2026,Rangers,36.08224977471866,22.61634828474955,29.554525438131098,38.8547143996789,-7.418884566239919,13.465901489969122,1.5025231243444253,55.3615429381945,-7.1717495322317335,-21.325493667139224,12.172371947913852,-26.07103060633056,0.44019974693896163,47.7862269511842,8.370281761898319,3.731873581189909,332,69.4828313253012,7.015662650602409,14.523209300484961,-6.335046873714495,29.46994455686802,0.23558897243107768,0.23387096774193547,0.841726618705036,85.73082706766918,0.24060150375939848,0.29006976744186047,210,0.24761904761904763,0.08095238095238096,0.26491348571428575,0.2652839344262295,0.2647618255033557,74,0.0005221089228737985,2.150087275822226,-1.087847278239812,1.4177888785977384,1.9277566353528957,4,0.9764690292435022,0.24363636363636362,0.21774193548387097,0.2857142857142857,0.2,0.6926829268292682,31.045688176233718,28.22163535914886,7.80902622344518,1.3328900789822384,0.1947449768160742,0.08571428571428569,1,Wide-and-quiet,False,False,False,True,"D: stand ~3-4 in DEEPER, full-time, for deeper contact (sweet-spot 24%, contact 13 in out front) [moderate]"
666971,"Gurriel Jr., Lourdes",R,2026,Diamondbacks,31.88751037626343,29.244033113777252,27.822037177015236,23.26819439786551,-14.210769406722491,2.6434772624861953,8.453064738026606,18.92541724446499,2.2871179409136935,9.7024503095466,17.232304020633833,-15.91833472683711,-1.4941152265578712,38.70367995809968,14.643749629531577,1.3768953340551922,349,70.17621776504298,7.512034383954155,10.236858474879913,-6.355262681646322,37.83410640388415,0.4075,0.21614583333333334,0.9095022624434389,87.30132450331126,0.33112582781456956,0.30791390728476825,201,0.1890547263681592,0.04975124378109453,0.2733310646766169,0.29718933333333336,0.26456680272108846,75,0.032622530612244904,-0.7589023971862616,0.6182798191918212,-0.3185914165168282,-1.1953485313075753,1,0.9965854097805671,0.38652482269503546,0.4576271186440678,0.2785714285714286,0.16901408450704225,0.7276478679504814,31.716849648674348,28.55760537745383,-8.448655250808837,-0.7355682004385926,0.3475177304964539,0.10955734406438633,0,Balanced,False,False,False,False,
690984,"Halpin, Petey",L,2026,Guardians,30.66038312345296,32.717788827651354,23.331785791810226,35.70416050540537,-16.024524215008285,-2.057405704198401,6.471424003827465,50.247670866444196,-6.656948252260551,-7.654026882126491,18.398518653026947,-36.23229554301458,1.3794038086974676,44.36932863810334,8.964460754870615,5.261947199204276,353,68.89830028328612,6.952691218130312,8.286085741552636,0.6927511739661902,34.223213489584644,0.38580246913580246,0.22580645161290322,0.8340080971659919,81.84125874125874,0.3916083916083916,0.33307246376811595,186,0.1827956989247312,0.03763440860215054,0.2903918064516129,0.31353733333333333,0.21786915555555555,71,0.09566817777777778,-0.6206135131995341,-0.9284220723206503,-0.4805834734400282,0.9641815644715542,2,0.9360083217724058,0.3333333333333333,0.4024390243902439,0.271523178807947,0.16666666666666666,0.2567783094098884,29.03220375891182,27.213725304233947,6.671956746493549,-3.8819395124237204,,0.10485651214128036,0,Open-and-stride,False,False,False,False,
695720,"White, Tommy",R,2026,Athletics,28.32954141648494,22.836765340743455,22.730242462319623,42.669570919968805,-5.553274032881176,5.49277607574148,-0.8138077823057175,44.432494128073586,-2.6486973322899225,27.11564248975143,3.7632714578343482,-50.717779366929555,-0.9833949750385668,38.19205072254613,-5.389835164538354,10.398330410446396,343,68.33994169096209,7.317492711370263,8.570525143954573,3.9423777372492586,32.40012288973503,0.41595441595441596,0.1977715877437326,0.8826291079812206,85.73866666666666,0.3333333333333333,0.33697333333333335,185,0.15675675675675677,0.02702702702702703,0.29210151351351354,0.27800172307692306,0.29973890000000003,72,-0.021737176923076973,1.3736875564280122,-2.7663661904313965,-1.4129667471686123,-2.10559704818957,4,0.9997314514454047,0.4,0.4482758620689655,0.28104575163398693,0.1836734693877551,0.649923896499239,29.70336523135245,27.549695322538916,12.966205688616355,-4.819452860219293,,0.09737228224623182,0,Wide-and-quiet,False,False,False,False,
680728,"Del Castillo, Adrian",L,2026,Diamondbacks,35.04337933039546,28.359680091569555,27.986199820075555,30.242493510139738,-30.871773212240925,6.683699238825902,23.443199790502813,45.37625767011792,2.6484102374018184,3.5669143876498572,28.071106620286145,-46.811971979633455,6.535369694066627,39.82171276590022,9.946166662384602,5.957520616507377,344,71.4578488372093,6.848546511627907,12.740599644967066,1.0933192427128469,34.06295615100479,0.29484029484029484,0.25935828877005346,0.8543307086614174,86.8595238095238,0.35714285714285715,0.3237177419354839,195,0.28205128205128205,0.06666666666666667,0.2544729641025641,0.2739774131736527,0.13814285714285715,69,0.13583455603079556,-2.6474052491707205,-1.8372867075393395,0.8715759292304264,-0.08970731092717008,2,0.9999979916792375,0.3181818181818182,0.29201101928374656,0.2949640287769784,0.21153846153846154,0.13239074550128535,27.689880814030552,26.541785267624004,2.552612696109186,1.4444145524515513,,0.08342556723851688,0,Open-and-stride,False,False,False,False,
650489,"Castro, Willi",R,2026,Rockies,30.090421532881027,30.80093101853886,27.01379396405312,28.340817941070963,2.5188018177254454,-0.7105094856578283,-16.044863937522777,29.35606342421084,-12.754636611298352,2.574039157670977,10.282403728251506,-13.230036693871222,6.027862559424056,39.12824412537742,9.287409798305163,3.2673320650720132,350,73.32714285714286,7.484571428571428,5.423772903892344,-3.309219813568957,33.28659039702862,0.45217391304347826,0.24866310160427807,0.8440366972477065,81.95535714285714,0.25,0.28444642857142854,169,0.2603550295857988,0.04142011834319527,0.23791050887573964,0.2392195,0.018,72,0.2212195,1.7453478321411493,1.469980831498457,-1.1724455684530108,-1.319235243311254,1,0.923117324493431,,0.45217391304347826,0.26380368098159507,0.1981981981981982,0.0015698587127158557,29.70336523135245,27.549695322538916,-1.362547290281487,-0.5359013584857948,,0.06560548278339687,0,Balanced,False,False,False,False,
678218,"Valenzuela, Brandon",L,2026,Blue Jays,33.05363184670696,25.12944408714904,28.56567081835225,36.15762671770556,-2.597217891177231,7.924187759557919,1.4114766031295307,37.176791832998624,-3.82073311758258,15.311890107943956,10.444789507828503,-18.365125725357675,2.028181512838418,42.28342155604753,5.256770415553127,4.665300658615252,339,71.58967551622419,7.921533923303835,9.79208349912516,-9.692733954431407,33.137283777318,0.2661290322580645,0.25770308123249297,0.8682170542635659,85.88250000000001,0.38333333333333336,0.3788571428571428,189,0.25925925925925924,0.10052910052910052,0.30982308994708996,0.30982308994708996,,72,,1.7010444687412358,-0.4553106663589593,0.325334676814326,-0.3628944098877335,1,0.8432127989756939,,0.2661290322580645,0.3170731707317073,0.2571428571428571,0.0,29.70336523135245,27.549695322538916,6.454261486353111,1.0159754958133327,,0.059930313588850204,0,Balanced,False,False,False,False,
682818,"Piñango, Yohendrick",L,2026,Blue Jays,29.848538730039916,25.704760017627947,27.79533756152547,31.463716895372833,-14.203698130093452,4.143778712411974,8.619459661498608,40.32763473191413,3.5419411090685937,15.495375843432203,16.872089901919125,-34.16912938305012,2.124002711869407,41.2047195390502,8.846842374827958,4.721333336619036,343,74.6606413994169,7.08862973760933,0.5158730812325454,-1.0569880384410422,29.681459862884875,0.352112676056338,0.21971830985915494,0.8391304347826087,90.91519999999998,0.352,0.38318399999999997,180,0.24444444444444444,0.06111111111111111,0.3087895333333333,0.31598727027027024,0.2755,70,0.040487270270270215,-0.34221870976615487,-1.0437760909645664,0.3460404188266128,-0.27233950662577,1,0.6041123498350769,0.46296296296296297,0.33222591362126247,0.3228346456692913,0.1623931623931624,0.16332378223495703,28.361042286471182,26.877755285928973,3.1026746089016513,0.917582275596498,,0.16044148327612892,1,Balanced,False,False,True,False,C: move ~2-3 in CLOSER to the plate (whiffs 32% outside vs 16% inside; 1 in farther off than typical for his height; watch inside pitches) [moderate]
701350,"Anthony, Roman",L,2026,Red Sox,37.77888585279189,29.34491365129298,24.258373031793848,23.241963266417677,-9.089031139611293,8.433972201498909,-0.9976469781703012,64.03368388612965,-4.970103883158075,-3.646523873008933,23.732509997696226,-10.728305606669801,1.1776837117538212,40.734713983573265,16.535574901352298,6.682510351838192,333,74.8960960960961,7.424024024024024,11.917081973241944,-0.5453704315786922,33.91845240860856,0.22869955156950672,0.24788732394366197,0.8537549407114624,92.01231884057971,0.41304347826086957,0.4209347826086957,229,0.2663755458515284,0.11790393013100436,0.33790806986899563,0.35161646153846154,0.3086134246575343,75,0.04300303688092727,-1.3248040126483203,1.3505153659971967,-1.13966461738925,0.9552012906791759,1,0.9946411702722157,0.23387096774193547,0.2267080745341615,0.2785714285714286,0.23529411764705882,0.3025583982202447,31.716849648674348,28.55760537745383,-8.47488638225667,-4.299232345659981,0.20485584218512898,0.04327731092436976,0,Balanced,False,False,False,False,
681546,"Outman, James",L,2026,zMLB,33.0458321841024,26.313973405514755,28.470203715374637,35.75165146920272,-5.51545416878887,6.731858778587663,-4.146771778746743,48.35608959937268,-14.442066096396188,-3.5967592333262703,12.758393110326441,-27.238427176532902,3.0798647630736204,44.53056423936916,8.348898748521698,2.9784653423074854,323,71.81145510835913,7.769349845201238,14.837390499764519,-5.469152886283345,34.56780208406185,0.2967032967032967,0.39655172413793105,0.7375,86.45581395348837,0.3372093023255814,0.3384186046511628,174,0.40804597701149425,0.05747126436781609,0.21998871264367817,0.18867386301369862,0.3832732857142857,74,-0.19459942270058708,2.0782827119521334,-0.37545481356718,0.3864572922066515,1.0092221143108848,1,0.8755852452899928,0.2826086956521739,0.29874213836477986,0.4230769230769231,0.3838383838383838,0.13138686131386862,31.045688176233718,28.22163535914886,4.7059632929690025,0.24856835622577833,,0.03923853923853926,1,Balanced,False,False,False,True,"D: stand ~3-4 in DEEPER, full-time, for deeper contact (sweet-spot 34%, contact 7 in out front) [moderate]"
669743,"Call, Alex",R,2026,Dodgers,31.102916974402344,30.667453812707596,27.928397914665506,25.94080790031171,-37.632007617260975,0.4354631616947543,23.729647392386894,51.08054876153594,-6.287070481536043,-6.805021093565602,29.65105862579155,-22.01290371991984,-5.492042385172417,43.34974661471089,18.520373424383678,4.028812749031014,317,66.32145110410094,6.690851735015773,7.747991318292236,0.695035372082988,31.86003831464744,0.23933649289099526,0.13920454545454544,0.9163346613545816,83.37142857142857,0.30952380952380953,0.24995238095238095,192,0.18229166666666666,0.11979166666666667,0.2743085,0.294947,0.260786724137931,71,0.03416027586206899,-2.7247700491183107,-0.38755744842979073,1.069193405870978,1.5196662634130835,2,0.9999981146334661,0.20242914979757085,0.2914285714285714,0.16161616161616163,0.11023622047244094,0.6019184652278178,29.03220375891182,27.213725304233947,-3.0913958586001087,0.7146726104315597,0.1695205479452055,0.05137994114372069,0,Open-and-stride,False,False,False,False,
667670,"Rooker, Brent",R,2026,Athletics,33.82357257277876,31.062467210223268,26.298248444703248,25.89663208243687,-13.930951105093154,2.761105362555486,15.730662537550895,49.35031755164821,4.507130143322656,5.531728627793122,17.484104857940586,-7.621248405020551,-5.317788342115733,40.29450971991046,13.996926655976324,2.8856834077787785,337,73.1753709198813,7.053709198813056,13.132357707062146,-6.09648747282481,37.75685297966901,0.31025641025641026,0.36187845303867405,0.7717842323651453,89.85862068965517,0.3879310344827586,0.42370689655172417,202,0.31683168316831684,0.09405940594059406,0.31478158415841584,0.27059725,0.32855332467532467,75,-0.057956074675324654,-1.3546595152272278,0.3557447397821221,-1.0837173550577233,1.01162726813443,1,0.9864345828571862,0.3103448275862069,0.31,0.5142857142857142,0.2803738317757009,0.7333333333333333,31.716849648674348,28.55760537745383,-5.820217566237478,-2.259356932750581,0.2654135338345865,0.23391188251001332,1,Balanced,False,True,False,False,"B: go ~6 in WIDER, full-time (whiff 36%, 98th pct; width 26 in = 6 in narrower than typical for his 75-in height) [strong]"
695336,"Saggese, Thomas",R,2026,Cardinals,28.103078973173712,21.60318648818887,27.69577608619291,23.11407797694812,-1.797704065668971,6.499892484984841,3.3553778851786267,50.31000448835714,-7.483039857738343,29.17668622798205,17.535663372696327,2.683636961223444,-2.08932185622045,38.62916793957051,15.053517078829856,3.913762238592991,326,71.51104294478527,6.954907975460123,7.3562875165225,4.086824432877421,36.77358652015858,0.3556851311953353,0.24107142857142858,0.8411214953271028,90.52037037037036,0.37037037037037035,0.39479629629629626,165,0.2606060606060606,0.07878787878787878,0.3178710303030303,0.34924895999999994,0.30422845217391303,70,0.04502050782608691,0.6584129466255951,1.3724623415395787,-0.70146620616954,0.11956812620741197,3,0.9867564375357136,0.3705357142857143,0.3277310924369748,0.2980769230769231,0.22580645161290322,0.6905487804878049,28.361042286471182,26.877755285928973,-5.246964309523062,0.8180208002639375,0.3432574430823117,0.07227047146401985,1,Square,True,False,False,False,"A: stand ~6 in DEEPER vs same-hand pitchers (chases 37% vs same-hand, 33% vs opposite) [moderate]"
641680,"Heim, Jonah",L,2026,zMLB,30.058599204281073,29.040143898386834,30.523082221634986,23.982906098830334,-22.69665020032806,1.0184553058942354,15.381327420272967,27.319662679639894,9.055683655969684,27.96290744397425,30.894680171718676,-25.127261528382043,4.775064506800827,45.229422190088364,20.769270000308573,5.757089657205904,333,68.67237237237238,7.442642642642643,9.15719128316268,0.5558284271804947,26.743601000227773,0.3155080213903743,0.2066115702479339,0.8571428571428572,88.19999999999999,0.3194444444444444,0.28870833333333334,198,0.1919191919191919,0.0707070707070707,0.2630468484848485,0.2630468484848485,,76,,-2.498202281728465,0.36798526705302326,2.836532281671567,-0.38599609710611954,1,0.6117027827131429,,0.3155080213903743,0.1864406779661017,0.2578125,0.0,32.38801112111498,28.893575395758802,-8.405105022284644,1.6295068258761845,0.3054545454545455,-0.0713718220338983,0,Balanced,False,False,False,False,
687597,"Beck, Jordan",R,2026,Rockies,31.510264620485895,19.629804904078092,31.472958441455795,32.97022504132778,-2.7870455807615944,11.880459716407817,6.3291908518331494,38.64171871637951,-20.57056985966646,17.992812284266616,11.426398997205098,-9.85288994466663,0.4402275135043752,38.632812657726554,6.4960436134416994,5.036807628115458,318,72.98553459119498,7.840251572327044,12.8539236440217,-6.371963771959984,31.97835833177966,0.37681159420289856,0.2785923753665689,0.8293838862559242,84.72115384615384,0.2980769230769231,0.31869230769230766,168,0.2976190476190476,0.07738095238095238,0.25670638095238096,0.2893876888888889,0.21899717948717948,74,0.0703905094017094,2.7340133747038027,-0.1294082008824889,0.590655159695256,-1.0248787638212202,3,0.9999244012740357,0.37267080745341613,0.3804347826086957,0.35833333333333334,0.16535433070866143,0.455521472392638,31.045688176233718,28.22163535914886,1.924536865094062,3.2513230823069357,0.271786022433132,0.1929790026246719,2,Square,False,False,True,True,"C: move ~2-3 in CLOSER to the plate (whiffs 36% outside vs 17% inside; 3 in farther off than typical for his height; watch inside pitches) [moderate] | D: stand ~3-4 in DEEPER, full-time, for deeper contact (sweet-spot 30%, contact 12 in out front) [moderate]"
516782,"Marte, Starling",R,2026,Royals,23.736844372310593,19.784403158030234,28.113646633821983,38.142840579173566,0.249044456084494,3.9524412142803604,8.09665429967369,44.13763763536956,-14.855310197566657,9.78383635670055,2.458311258824888,-85.6562050652647,3.9457484070217403,38.892109941103676,1.2746674112194682,1.015667855656319,325,71.73753846153846,7.183692307692307,7.804316520582143,0.9628295959433661,35.61207316716209,0.3510971786833856,0.24269005847953215,0.8478260869565217,86.39203539823008,0.2920353982300885,0.3432566371681416,168,0.24404761904761904,0.05357142857142857,0.2856724523809524,0.2769438412698413,0.3118582857142857,72,-0.034914444444444415,3.240200254305793,-3.1301382815040277,-0.8483789140777256,-0.2236607103175394,4,0.9999998636798559,0.32926829268292684,0.35864978902953587,0.21666666666666667,0.3018867924528302,0.262015503875969,29.70336523135245,27.549695322538916,8.439475347821116,0.5639513112830663,0.30522765598650925,-0.0852201257861635,0,Wide-and-quiet,False,False,False,False,
642215,"Wilson, Weston",R,2026,zMLB,31.575335740567542,25.029154471963267,28.88425783692864,27.966265734660464,-7.230937259790596,6.546181268604279,0.915393432882874,57.15711925458198,-15.329083335381442,-6.054665804507463,20.61201274232266,-2.3649696892099685,-2.879625941919744,43.968319667084174,16.015710359814463,5.403998194894372,317,71.39684542586751,7.5940063091482655,14.343872726852103,-5.377472679740325,34.128791418843605,0.25396825396825395,0.2964071856287425,0.8277310924369747,85.07524752475248,0.38613861386138615,0.31773267326732674,174,0.3045977011494253,0.09770114942528736,0.25687324137931034,0.2471125765765766,0.2740706031746032,75,-0.026958026598026597,0.8276398957180724,1.1990812414592278,0.7178278708715543,1.2472610781562052,3,0.8132907896331124,0.2248062015503876,0.26907630522088355,0.33613445378151263,0.2982456140350877,0.3487109905020353,31.716849648674348,28.55760537745383,-3.750583914013884,0.32665245947481125,,0.03788883974642493,1,Square,False,True,False,False,"B: go ~6 in WIDER, full-time (whiff 30%, 87th pct; width 28 in = 4 in narrower than typical for his 75-in height) [strong]"
807713,"Shaw, Matt",R,2026,Cubs,30.097460537200753,31.40943354107224,27.738215766142964,21.013998508030895,-1.8866419882084327,-1.3119730038714743,-1.2953422424554824,58.36782194307725,-5.289015766736622,-5.133743422381032,25.595110237434923,-4.821815180383183,1.8626673113098966,42.846689097823486,21.28072724099639,4.246671118355019,324,68.5108024691358,7.066975308641974,10.277433583448634,0.8921825253950353,28.562560812051654,0.3235294117647059,0.18658892128279883,0.8815165876777251,84.27462686567164,0.3208955223880597,0.3044274809160306,192,0.18229166666666666,0.10416666666666667,0.2949978958333333,0.29311586813186813,0.29669358415841585,70,-0.003577716026547717,-0.8075001537890747,2.2508131057552068,-0.17218732448847593,1.5069683880068567,3,0.9202782885874241,0.29545454545454547,0.35638297872340424,0.2556390977443609,0.12173913043478261,0.5328083989501312,28.361042286471182,26.877755285928973,-7.3470437784402876,0.860460480213991,0.3006369426751592,0.13389996730957826,1,Square,False,False,True,False,C: move ~2-3 in CLOSER to the plate (whiffs 26% outside vs 12% inside; 1 in farther off than typical for his height; watch inside pitches) [moderate]
641680,"Heim, Jonah",R,2026,zMLB,28.932672939333397,29.705163257632183,30.651590903948076,20.52066008832397,-17.0828764609129,-0.7724903182987758,9.949025699375971,32.0961862037586,-3.6079249621587106,16.71672817077301,29.029984885486023,-12.127338827407476,0.35067757343149814,44.008861542040584,23.355477815010822,4.252500825887726,315,69.86984126984127,7.564761904761905,8.355847143541627,2.165011700050097,27.189392692938203,0.36578171091445427,0.19469026548672566,0.8837209302325582,86.26102941176471,0.36764705882352944,0.33457352941176466,179,0.17318435754189945,0.061452513966480445,0.30120451396648046,0.31241741025641023,0.22515182608695652,76,0.08726558416945371,-1.5156006506919226,1.5340079035349217,2.007041802560652,-0.0037575968878352756,1,0.9799425942509956,0.42857142857142855,0.3569023569023569,0.18699186991869918,0.25,0.12883435582822086,32.38801112111498,28.893575395758802,-11.867351032791007,1.758015508189274,,-0.06300813008130082,0,Balanced,False,False,False,False,
543309,"Higashioka, Kyle",R,2026,Rangers,30.628592166236242,30.543851403214642,23.302773472987976,29.07558294487828,3.3382963193910857,0.08474076302158913,4.245283499662701,32.41783370702683,-9.946187076720658,13.896088727471245,7.025809595878805,-10.534826079895053,4.722087201499587,34.82951090548758,5.558886223568692,3.3580361106503167,316,70.20443037974682,7.298734177215191,12.388937888120937,-8.464826327780587,32.93693600226151,0.30788804071246817,0.25225225225225223,0.8820754716981132,87.1449152542373,0.3813559322033898,0.34050847457627126,186,0.25268817204301075,0.10215053763440861,0.295223376344086,0.33558940740740745,0.27871,73,0.056879407407407434,0.988424854902171,0.5400695728086408,-3.0463415094902766,-1.5654981658731204,1,0.9510566611081795,0.2846715328467153,0.36134453781512604,0.323943661971831,0.1797752808988764,0.7206851119894598,30.37452670379308,27.88566534084389,-1.298943758914799,-4.582891867855913,0.2761437908496732,0.1441683810729546,0,Balanced,False,False,False,False,
677870,"Jiménez, Leo",R,2026,Marlins,31.499290281798235,26.938431635089827,28.6911428622817,25.525579639355374,-25.781762612944906,4.560858646708416,-1.2965118139179388,31.116240676552092,-1.3477612945903619,34.14140529678957,24.86638877591685,-33.0677954573325,3.639805731920751,40.58018853073338,14.134748485937958,6.211450650446645,312,71.07051282051282,7.290705128205127,6.164280322454686,-0.6026401155220035,29.97269787984412,0.2617924528301887,0.21951219512195122,0.8847926267281105,89.52868217054264,0.32558139534883723,0.327734375,196,0.19387755102040816,0.09183673469387756,0.308979306122449,0.30744063157894735,0.31042657425742576,70,-0.0029859426784784038,-1.4305285272343307,0.019038353311214805,1.2305680782676809,-1.3992867717649156,2,0.8820018070093072,0.2590909090909091,0.2647058823529412,0.288,0.13333333333333333,0.5012919896640827,28.361042286471182,26.877755285928973,-2.8354626471158078,1.8133875763527278,,0.15466666666666665,1,Open-and-stride,False,False,True,False,C: move ~2-3 in CLOSER to the plate (whiffs 29% outside vs 13% inside; 2 in farther off than typical for his height; watch inside pitches) [moderate]
663494,"Torres, Bryan",L,2026,Cardinals,30.456316139948157,31.959195797698005,28.0643580595403,34.70955524837393,-37.26539243692565,-1.5028796577498444,20.625014782488925,54.56654371520703,-5.797271474549566,1.1388006397435388,25.245380604807245,-59.93517842390395,1.567231961137085,37.92154471370856,3.9779967463079657,1.6183198947795803,300,65.125,6.469333333333333,8.220113524972822,1.2957367792063905,32.6554772448642,0.2699724517906336,0.1956521739130435,0.8839285714285714,85.4984,0.376,0.3161290322580645,183,0.20765027322404372,0.09289617486338798,0.2841800218579235,0.2901656209150327,0.25365346666666666,67,0.03651215424836601,-2.0296116417689425,-2.7859787532440667,-0.4019683168519938,1.1420603605647326,2,1.0,0.25925925925925924,0.27184466019417475,0.224,0.20224719101123595,0.14738292011019283,26.347557869149284,25.86984523101406,8.361997379224647,2.194512828526239,,0.021752808988764055,0,Open-and-stride,False,False,False,False,
703601,"Clark, Max",L,2026,Tigers,31.892153037954067,32.10998561581334,24.118862712812735,27.833807825485085,-9.189421884972518,-0.21783257785927534,11.668572556583335,47.81926778087429,-3.1891452742243453,-14.761929591460717,23.421420710486334,-4.532964841219216,-2.855840680173739,42.863434469539435,14.899978157064346,8.853606925529519,305,72.78983606557378,7.526229508196721,6.046050611354538,2.0704274047428446,32.01033159169583,0.27976190476190477,0.13291139240506328,0.9369369369369369,86.04230769230769,0.36153846153846153,0.36060156250000003,188,0.19680851063829788,0.09042553191489362,0.32846736170212765,0.30993817322834644,0.36704452459016396,71,-0.05710635136181752,-1.5974982633757433,1.0626570705247818,-0.1473828727097414,0.05356596343851249,1,0.9887330748910825,0.24242424242424243,0.29535864978902954,0.09734513274336283,0.1792452830188679,0.3166421207658321,29.03220375891182,27.213725304233947,-1.1983959334267347,-3.0948625914212116,,-0.08190015027550508,0,Balanced,False,False,False,False,
691740,"Susac, Daniel",R,2026,Giants,35.01660747398858,28.232959600981214,29.616038101436235,32.43946223660187,3.356497275345207,6.783647873007381,-1.7196524176862678,42.57581676115192,-19.191490578463608,6.326637892132748,13.831808553805136,-15.351000822603629,6.970932449492536,40.933288685500905,8.582779245165248,5.158212448482412,302,67.92748344370861,7.398013245033112,12.32404902636683,-2.6925484939853845,38.73318584720857,0.4106583072100313,0.23125,0.8994708994708995,85.22982456140352,0.4298245614035088,0.3512589285714286,161,0.2236024844720497,0.049689440993788817,0.2951423850931677,0.36945335999999995,0.261668972972973,77,0.10778438702702697,2.0728172117927883,0.6654461436195138,0.08115124896151532,-0.3289414292424496,3,0.753943744706973,0.41904761904761906,0.3944954128440367,0.38235294117647056,0.18253968253968253,0.6723842195540308,33.059172593555616,29.22954541406377,-0.6197103569537461,0.38649268737246345,,0.19981325863678803,1,Square,False,False,True,False,C: move ~2-3 in CLOSER to the plate (whiffs 38% outside vs 18% inside; 0 in farther off than typical for his height; watch inside pitches) [moderate]
