batter,name,side,year,depth_in_opp,depth_in_same,front_turn0_opp,front_turn0_same,front_turn2_opp,front_turn2_same,stance_angle_opp,stance_angle_same,width_in_opp,width_in_same,sw_opp,sw_same,PA_opp,PA_same,xw_opp,xw_same,K_opp,K_same,chase_opp,chase_same,whiff_opp,whiff_same,diff,gap_xw,gap_K,gap_chase,gap_whiff,xw_all,adjuster,height_in,bat_speed,PC1,PC2,PC3,PC4,chase,whiff,K,birth,age,d5
453568,"Blackmon, Charlie",L,2024,26.82787723447417,27.266872483140368,9.790607018444609,10.43684304910675,38.813514497514234,39.93515348594152,-6.7061156935945725,-7.884781835000403,27.39055931496678,26.79892127687014,724.0,195.0,387.0,114.0,305.32388597893083,319.3699354347482,18.863049095607234,11.403508771929824,30.718954248366014,26.041666666666668,19.337016574585636,9.743589743589745,0.6462360306621413,14.046049455817354,-7.459540323677411,-4.677287581699346,-9.593426830995892,308.5199930407336,False,75.0,66.63349455864571,0.8907086765161715,0.4060973537370554,0.679523863389272,0.8947066660979437,0.29780564263322884,0.17301414581066377,0.17165668662674652,1986-07-01,38,0.12924720613242827
455117,"Maldonado, Martín",R,2024,26.05566671287087,25.70719365636919,3.534060365529715,2.369511227594575,43.324808418310205,47.22484274932683,-6.4866813623878965,-5.963189547353343,32.81924944579007,32.959687356428645,83.0,190.0,46.0,102.0,148.8578342170378,250.9448305256462,36.95652173913043,33.33333333333333,25.581395348837212,33.91812865497076,26.506024096385545,37.368421052631575,-1.1645491379351403,102.0869963086084,-3.6231884057971016,8.336733306133546,10.86239695624603,219.2150884297274,False,,,,,,,,,,1986-08-16,38,-0.23290982758702805
455117,"Maldonado, Martín",R,2025,26.03239863023458,26.304225396818612,1.545038345382615,2.0127356491069808,46.24498491625669,48.40503337090653,-8.649744472848074,-9.464953333235828,30.017566867018676,29.788977847577783,84.0,167.0,52.0,109.0,338.1239137533194,206.86769248649603,28.846153846153843,37.61467889908257,28.57142857142857,33.5483870967742,36.904761904761905,37.72455089820359,0.4676973037243657,-131.2562212668234,8.768525052928727,4.97695852534563,0.8197889934416835,249.26100618758187,False,,,,,,,,,,1986-08-16,39,0.09353946074487314
456781,"Solano, Donovan",R,2024,28.033186628270947,28.208817827605973,7.530765443339504,6.351297877856058,31.27769975534715,33.69097102787364,-13.596320075000296,-13.567266068774806,31.82170439309653,31.70618287138062,228.0,373.0,118.0,191.0,327.94148436121316,301.3593831477232,16.94915254237288,23.56020942408377,27.490039840637447,31.40495867768595,19.298245614035086,22.5201072386059,-1.1794675654834466,-26.582101213489977,6.611056881710891,3.9149188370485035,3.2218616245708134,311.5104768150106,False,68.0,66.46746323529412,-0.1925549032618889,-1.6002326434068936,-1.2580406717718435,-1.5989163219605875,0.2980456026058632,0.2129783693843594,0.21035598705501618,1987-12-17,37,-0.23589351309668932
456781,"Solano, Donovan",R,2025,27.085826452519704,27.42374177853214,13.524185062799852,13.255151591923775,34.39081655286633,35.938116155776115,-13.898335934353867,-13.464915722494757,34.25384908542435,34.22518096637973,212.0,152.0,101.0,79.0,226.33982598259826,296.8380758018353,24.752475247524753,18.9873417721519,36.92307692307693,34.96503496503497,25.0,24.342105263157894,-0.2690334708760762,70.49824981923706,-5.765133475372853,-1.9580419580419601,-0.6578947368421062,257.2807245143745,False,68.0,65.16283987915408,-0.0636900148587232,-2.1018330463137898,-0.8175962695814998,-1.5242571873286797,0.3609467455621302,0.24725274725274726,0.2222222222222222,1987-12-17,38,-0.05380669417521524
457705,"McCutchen, Andrew",R,2024,30.39631522530601,30.750059801021695,8.901729568225967,7.626522620087614,38.08346719453523,37.46268563011492,-6.740565680287344,-7.678035343137906,35.65352414927606,35.74956501437429,248.0,660.0,142.0,374.0,317.9575758587125,326.3531548525759,28.87323943661972,24.598930481283425,17.293233082706767,17.110266159695815,27.419354838709676,25.90909090909091,-1.2752069481383534,8.39557899386341,-4.274308955336295,-0.18296692301095163,-1.510263929618766,324.0427435790709,False,70.0,71.69939975990395,0.9335284707369382,-1.3843910590415138,-0.9963707230390276,-1.0494163583066758,0.17156398104265402,0.263215859030837,0.25775193798449614,1986-10-10,38,-0.2550413896276707
457705,"McCutchen, Andrew",R,2025,30.163058310298982,29.674553349453944,-2.3715489569258317,-1.5999571947938664,35.95970818365771,36.324867875997484,-2.517015664285023,-1.6717294112236125,35.13909751798229,35.80795880580816,275.0,758.0,150.0,403.0,319.89792917989973,337.0276641792331,24.0,20.34739454094293,23.4375,19.26605504587156,25.09090909090909,24.010554089709764,0.7715917621319652,17.12973499933338,-3.652605459057071,-4.1714449541284395,-1.080355001199326,332.3812622806798,False,70.0,70.24868559411146,1.6749923489758092,-0.8159786796291796,-0.9837730745120795,-1.218556747237303,0.20498614958448755,0.24298160696999033,0.21338155515370705,1986-10-10,39,0.15431835242639305
457705,"McCutchen, Andrew",R,2026,30.62897063197584,30.605864335148915,-6.458418685460352,-6.475131414546733,37.5504013485473,36.28842411612143,-12.49836066418873,-12.940749502170966,30.266697108964483,30.979610915188573,91.0,69.0,50.0,33.0,276.17784,177.8821818181818,16.0,42.42424242424242,14.736842105263156,27.848101265822784,26.373626373626376,36.231884057971016,-0.01671272908638155,-98.2956581818182,26.424242424242422,13.111259160559628,9.85825768434464,237.09643373493978,False,,,,,,,,,,1986-10-10,40,-0.00334254581727631
457759,"Turner, Justin",R,2024,31.696665544585098,31.276205264930386,12.207961036619004,13.321273549475709,31.41950954902204,33.36767337718201,-19.221224161454966,-21.314644767569103,14.173624629451158,14.152619399328136,291.0,763.0,141.0,398.0,371.2896846715041,319.82218840530436,17.73049645390071,17.587939698492463,27.974276527331188,24.253285543608126,13.058419243986256,15.858453473132371,1.1133125128567052,-51.46749626619976,-0.14255675540824697,-3.7209909837230626,2.8000342291461155,333.28585625972767,False,71.0,64.37962962962963,-4.544821105337656,1.8981458619746823,-0.6766041909760627,-1.4108634699774345,0.25261324041811845,0.150853889943074,0.17625231910946196,1984-11-23,40,0.22266250257134104
457759,"Turner, Justin",R,2025,32.960630492796014,33.479894597983794,9.570555687703312,15.761730412206665,30.528289992846567,30.83260999005078,-34.159286529383245,-34.13087303547582,15.030974353202925,15.865783482953729,220.0,161.0,109.0,82.0,347.42473636646395,230.56769163763062,18.34862385321101,20.73170731707317,28.193832599118945,25.949367088607595,15.454545454545453,16.77018633540373,6.1911747245033535,-116.85704472883333,2.3830834638621603,-2.2444655105113505,1.3156408808582754,297.2557433415198,False,71.0,65.43899721448467,-5.567804872402333,1.5575780339207448,-0.038397656549144,-1.4430622510414164,0.2727272727272727,0.16010498687664043,0.193717277486911,1984-11-23,41,1.2382349449006707
500743,"Rojas, Miguel",R,2024,29.791338400952714,29.113005998706424,-15.079649613845119,-16.495738430002078,26.905973686110496,26.66330133431473,-10.444435510620664,-10.209227871191176,27.045701993579307,27.38318533242129,201.0,359.0,114.0,223.0,307.2583253588517,311.7692145485669,9.649122807017543,10.31390134529148,28.125,25.806451612903224,12.437810945273633,12.534818941504177,-1.4160888161569591,4.510889189715158,0.6647785382739375,-2.318548387096776,0.09700799623054479,310.2432757722241,False,70.0,67.04979338842975,0.594416994922367,1.362584706399049,0.8554770025574935,-1.4004825673704113,0.26677852348993286,0.125,0.10089020771513353,1989-02-24,35,-0.2832177632313918
500743,"Rojas, Miguel",R,2025,29.402192072103833,29.577944112059505,-4.942642076005628,-4.1113293831516176,26.796588439872387,28.390515635582748,-7.414671891552189,-7.23751992725979,25.492430266496473,24.836571008092918,226.0,290.0,135.0,182.0,318.10745095018837,270.1599287466919,12.592592592592592,15.934065934065933,18.939393939393938,32.58064516129032,14.15929203539823,18.620689655172416,0.8313126928540102,-47.947522203496476,3.341473341473341,13.641251221896383,4.461397619774186,290.57922053682444,False,70.0,67.30959488272921,0.10972305796097659,1.6191545352823766,1.2216995083297875,-1.1475372190584012,0.26306620209059234,0.16666666666666666,0.14511041009463724,1989-02-24,36,0.16626253857080203
500743,"Rojas, Miguel",R,2026,28.729750785661,29.274298594232512,-4.913435081856391,-4.40048310610836,25.678058879000286,28.17170721159439,-8.804614796658646,-8.501826927146475,23.66965067288787,24.13668227499938,273.0,139.0,159.0,84.0,313.26447798742146,314.2585238095238,11.320754716981133,9.523809523809524,31.309904153354633,34.69387755102041,14.652014652014653,17.985611510791365,0.512951975748031,0.9940458221023505,-1.7969451931716094,3.3839733976657733,3.333596858776712,313.60809876543215,False,70.0,68.10284974093264,-0.30301642225147896,1.9493309875483429,1.2416974428636165,-1.3815714662734637,0.3239130434782609,0.15776699029126215,0.10699588477366255,1989-02-24,37,0.10259039514960619
502054,"Pham, Tommy",R,2024,29.837325994909236,30.456394463230613,15.083435456517819,16.235964363269108,25.880128374702736,26.88021155682256,-3.8126014832110013,-4.455125561462408,37.19391496260949,37.438484996633164,186.0,593.0,119.0,360.0,338.8603819907058,313.50757420894854,18.487394957983195,23.333333333333332,15.178571428571427,20.351390922401173,17.20430107526882,22.596964586846543,1.1525289067512894,-25.352807781757235,4.845938375350137,5.172819493829746,5.392663511577723,319.806079691264,False,73.0,71.93052208835341,0.763676643315593,-0.39830909212693316,0.30950543104999173,-0.9010906761143163,0.19073869900771775,0.21309370988446727,0.22129436325678498,1988-03-08,36,0.23050578135025787
502054,"Pham, Tommy",R,2025,30.953807798800433,31.61671564703178,14.042065190978517,15.048321010569394,25.497705460193497,26.164221617720383,-4.467058184460535,-5.552561576713815,37.75098842315946,37.70390815172211,199.0,530.0,122.0,328.0,358.87747952302334,300.95151418254875,19.672131147540984,21.341463414634145,19.444444444444446,20.153550863723606,18.592964824120603,21.32075471698113,1.0062558195908764,-57.92596534047459,1.6693322670931607,0.7091064192791592,2.727789892860528,316.65588700818853,False,73.0,72.57011494252875,0.7249867177994526,-0.2953625597341229,0.594982856003327,-0.4333841483164955,0.1994572591587517,0.205761316872428,0.2088888888888889,1988-03-08,37,0.20125116391817527
502110,"Martinez, J.D.",R,2024,31.300908347570644,31.423327021524003,-8.181492864470988,-8.766845107007832,17.134832939676574,17.175215869978487,0.015252747687749577,-0.02551160457292289,27.05485601802935,27.14320759387323,280.0,716.0,138.0,357.0,422.3969175107806,328.565734162364,27.536231884057973,28.851540616246496,28.000000000000004,30.59299191374663,27.500000000000004,30.58659217877095,-0.5853522425368443,-93.83118334841663,1.315308732188523,2.5929919137466264,3.086592178770946,354.7247307322256,False,75.0,72.20972067039106,1.2679523699836666,1.4344691948620898,0.1892583039706328,-2.0363091049554303,0.2980318650421743,0.2971887550200803,0.28484848484848485,1987-08-21,37,-0.11707044850736885
502671,"Goldschmidt, Paul",R,2024,25.236290465555264,24.906864443402522,4.414669286918383,5.768559972291716,32.87422784354533,32.89240677666726,-2.507110847158251,-3.3289196458105454,36.2045881841932,36.204956309010676,299.0,998.0,168.0,488.0,358.9058178349428,323.8973404093499,16.666666666666664,29.713114754098363,24.285714285714285,31.05906313645621,18.06020066889632,27.354709418837675,1.353890685373333,-35.0084774255929,13.046448087431699,6.773348850741925,9.294508749941354,332.86292609151394,False,74.0,71.57690397350993,3.1223963279252422,-1.235937211136275,-0.24345355257743537,-0.7004141274522291,0.2927927927927928,0.25212027756360833,0.26371951219512196,1987-09-10,37,0.2707781370746666
502671,"Goldschmidt, Paul",R,2025,26.63235027856436,25.6070063222056,8.129643122186605,10.164243457229295,35.72171921694204,37.792659936336186,-8.169074894680126,-9.517925900420181,36.24926621224945,35.82176365095459,277.0,722.0,168.0,366.0,441.2585522778914,285.28668549958525,11.30952380952381,22.131147540983605,20.723684210526315,30.466472303207,13.718411552346572,20.083102493074794,2.03460033504269,-155.97186677830615,10.821623731459795,9.742788092680684,6.364690940728222,334.35648628377146,False,74.0,71.85379876796715,2.245651326422491,-1.3669780574504597,0.0166408052886094,-0.151790496672806,0.27474747474747474,0.1831831831831832,0.18726591760299627,1987-09-10,38,0.40692006700853794
502671,"Goldschmidt, Paul",R,2026,20.800924582642242,19.744551818339847,6.198112890313854,5.851982386593577,35.63997905523248,34.67555673721695,-3.195416615538244,-2.788861527462392,37.46712950847036,36.58609388832576,317.0,389.0,179.0,192.0,378.91953072625705,251.5827708333333,17.877094972067038,27.604166666666668,25.647668393782386,39.39393939393939,18.29652996845426,28.79177377892031,-0.34613050372027665,-127.33675989292374,9.72707169459963,13.746271000157005,10.49524381046605,313.02018328840967,False,74.0,70.48508771929825,3.8218663175220637,-0.5678697804940869,0.45572302385642716,-0.5621273189805323,0.32309746328437916,0.24079320113314448,0.22911051212938005,1987-09-10,39,-0.06922610074405533
514888,"Altuve, Jose",R,2024,11.187277728707905,11.253092989558288,3.6683782878827658,4.5642403531631786,19.101300505210457,19.671639127251495,-14.572840070651301,-14.989009974644837,29.12319411828487,29.21292000261263,319.0,931.0,170.0,512.0,348.2492814912642,310.9467059337554,16.470588235294116,17.578125,36.950146627565985,37.19512195121951,19.435736677115987,20.83780880773362,0.8958620652804128,-37.30257555750876,1.107536764705884,0.24497532365352725,1.4020721306176327,320.24500189383826,False,66.0,68.44421831637372,1.2565243720402794,-1.6246051476940404,1.7890814262114567,-3.1148299053204656,0.3713207547169811,0.2048,0.17302052785923755,1990-05-06,34,0.17917241305608256
514888,"Altuve, Jose",R,2025,13.0814152176775,12.778307678502518,9.100732813381816,8.403840260470467,19.376152837507135,20.509929188255693,-19.41335231282269,-19.565733217168248,28.969791667555604,29.022161439789926,223.0,913.0,124.0,530.0,286.9310992945973,302.9709572791408,22.58064516129032,15.283018867924527,37.698412698412696,38.60696517412936,21.973094170403588,17.086527929901425,-0.6968925529113488,16.039857984543517,-7.297626293365793,0.908552475716661,-4.886566240502162,299.92976096402856,False,66.0,68.67982791586999,0.5398174277222818,-1.7629364531529388,2.164239243377498,-2.9055812497118803,0.38424821002386633,0.18045774647887325,0.16666666666666666,1990-05-06,35,-0.13937851058226974
514888,"Altuve, Jose",R,2026,11.820753347213342,12.51469028568324,4.198470291791918,3.000496492142414,19.149105988092792,20.15198363644025,-13.087400204309644,-13.534681878740415,28.9814112112883,28.908900774697624,230.0,714.0,132.0,419.0,309.91778787878786,261.49883532219576,19.696969696969695,19.809069212410503,34.10852713178294,37.54601226993865,21.304347826086957,20.448179271708682,-1.1979737996495041,-48.4189525565921,0.1120995154408071,3.437485138155708,-0.8561685543782751,273.09829401088933,False,66.0,67.80475086906141,1.3323816068190812,-1.3298277650105272,3.017364540938407,-3.077961250897212,0.36719478098788444,0.2065677966101695,0.19782214156079855,1990-05-06,36,-0.2395947599299008
516782,"Marte, Starling",R,2024,17.585558189453995,17.046063310001998,6.651629023653634,7.528552589335767,41.806513536257384,42.62816060843296,-0.3189411487254938,-0.5273501663057427,38.02653826145063,38.14636862606621,224.0,482.0,113.0,257.0,380.6981287740361,317.44157326288064,22.123893805309734,21.78988326848249,25.56053811659193,32.158590308370044,24.107142857142858,25.933609958506228,0.8769235656821328,-63.256555511155454,-0.33401053682724324,6.598052191778116,1.8264671013633702,336.7604672433146,False,72.0,71.46155088852989,3.3248562287311514,-3.289046943141506,-0.683379771168656,-0.3981550682326233,0.2998522895125554,0.2535410764872521,0.21891891891891893,1988-10-09,36,0.17538471313642656
516782,"Marte, Starling",R,2025,18.635462997314182,18.41996675560344,6.96485411747914,7.29214466411724,37.742943682858865,36.63294048988465,0.3908525779585577,-0.0993607047385517,39.044331029257116,38.72072820368283,289.0,333.0,147.0,182.0,320.09641935074353,306.42284098536066,20.408163265306122,20.87912087912088,29.044117647058826,31.775700934579437,23.18339100346021,24.324324324324326,0.32729054663809976,-13.673578365382866,0.47095761381475754,2.7315832875206105,1.140933320864118,312.53231216989343,False,72.0,71.59948805460752,3.457777331801522,-3.1676005773911355,-0.3192458124747728,-0.6256280717337038,0.30522765598650925,0.2379421221864952,0.2066869300911854,1988-10-09,37,0.06545810932761995
516782,"Marte, Starling",R,2026,19.651946625634118,20.163329440581137,8.007213164335424,8.352096838670771,44.44165142344693,43.26715199268902,0.19550288331347476,0.40221401869525775,38.126313850377805,38.19011957547535,250.0,92.0,126.0,42.0,276.94384126984124,311.85828571428567,23.809523809523807,26.190476190476193,35.86497890295359,32.926829268292686,25.2,21.73913043478261,0.34488367433534783,34.91444444444443,2.3809523809523867,-2.9381496346609026,-3.46086956521739,285.67245238095234,False,72.0,71.73753846153846,3.240200254305793,-3.1301382815040277,-0.8483789140777256,-0.2236607103175394,0.3510971786833856,0.24269005847953215,0.24404761904761904,1988-10-09,38,0.06897673486706957
518595,"d'Arnaud, Travis",R,2024,31.740186447239264,31.455970621019063,24.880113277330874,20.705913612665583,38.08855309251061,38.6450487072562,-22.438058445672237,-17.77962385703154,24.694210964201957,24.448098396039313,165.0,521.0,77.0,264.0,400.7090368217641,298.4398468689002,24.675324675324674,26.515151515151516,25.0,27.533460803059274,29.6969696969697,29.558541266794624,-4.1741996646652915,-102.26918995286388,1.8398268398268414,2.533460803059274,-0.13842843017507533,321.53288976148235,True,72.0,70.55711835334478,-1.7690560250026213,-0.9940168756811595,-0.9885171449649889,-0.9154155308738964,0.26939970717423134,0.29591836734693877,0.26099706744868034,1989-02-10,35,-0.8348399329330582
518595,"d'Arnaud, Travis",R,2025,28.330673542288526,28.69564086708653,23.542431842192336,20.23499439779688,34.036262520819946,34.341421480623225,-14.515224989794412,-12.514899441331975,27.130845945898276,27.14590601528733,95.0,378.0,48.0,183.0,300.13567548256344,260.4938875132586,33.33333333333333,31.693989071038253,38.55421686746988,31.384615384615383,35.78947368421053,29.100529100529098,-3.3074374443954575,-39.64178796930486,-1.6393442622950758,-7.1696014828545,-6.68894458368143,268.73114215623104,True,72.0,69.37,-0.44320858110679856,-1.419603162427141,-1.118981231829818,-1.2177939131120183,0.3284313725490196,0.3044397463002114,0.3203463203463203,1989-02-10,36,-0.6614874888790915
518595,"d'Arnaud, Travis",R,2026,30.37103996027307,29.669126159968737,19.24199795920287,17.503665390154936,39.40301315106739,36.03914107983954,-10.823877684366884,-8.82941827478428,29.458592844831756,31.948966739137216,80.0,71.0,45.0,35.0,208.4035555555555,284.8617142857143,33.33333333333333,25.71428571428571,34.883720930232556,30.76923076923077,33.75,25.352112676056336,-1.7383325690479339,76.4581587301588,-7.619047619047617,-4.114490161001786,-8.397887323943664,241.85399999999998,True,,,,,,,,,,1989-02-10,37,-0.3476665138095868
518692,"Freeman, Freddie",L,2024,29.54559670221421,28.2980640863637,3.210874197506509,1.206573377203666,34.70805477809999,34.09660525555753,0.5881789401335626,1.5608118396365134,33.69628483838497,33.687420004535,796.0,449.0,415.0,225.0,383.4973293636782,339.1759908394047,15.903614457831324,15.11111111111111,24.315068493150687,31.207289293849662,18.21608040201005,17.59465478841871,-2.004300820302843,-44.32133852427353,-0.7925033467202134,6.892220800698976,-0.6214256135913416,367.91560878873827,False,76.0,68.79309734513274,1.7840140087997702,-0.29364884837182725,0.22774560101659444,-0.70580224582483,0.2661596958174905,0.17991967871485945,0.15625,1989-09-12,35,-0.4008601640605686
518692,"Freeman, Freddie",L,2025,29.317976370680434,28.690761270273022,7.3377519631315185,6.516106830362101,23.101733708448084,25.69601072258178,0.3875935017113145,0.8792046666890563,32.847291452662084,32.92568594924615,887.0,349.0,452.0,176.0,358.00975859969515,327.18605631768867,19.02654867256637,23.863636363636363,28.06236080178174,29.354838709677416,25.02818489289741,28.08022922636103,-0.8216451327694179,-30.82370228200648,4.837087691069993,1.2924779078956767,3.05204433346362,349.37126878817736,False,76.0,68.91898734177215,1.7904155055954112,-0.24543398371876438,0.6619450164398504,-1.1369113260347243,0.28394039735099336,0.2588996763754045,0.20382165605095542,1989-09-12,36,-0.16432902655388357
518692,"Freeman, Freddie",L,2026,29.97958842669695,29.333656904831884,6.741506015118938,5.259575085570025,30.45613066671182,31.06616144739925,2.2230959948475606,3.308159785075006,33.54822938217542,33.58045282317985,884.0,439.0,430.0,211.0,381.062911627907,335.73876777251184,16.046511627906977,20.379146919431278,28.854166666666664,29.571106094808126,19.79638009049774,24.145785876993166,-1.4819309295489136,-45.324143855395164,4.332635291524301,0.7169394281414618,4.349405786495428,366.14341965678625,False,76.0,69.37372947615324,1.9323443798457514,-0.19912878002853862,0.6881072188210605,-0.855265444533657,0.2908054169636493,0.21239606953892667,0.1747269890795632,1989-09-12,37,-0.2963861859097827
518934,"LeMahieu, DJ",R,2024,29.270101230735442,29.008095029837566,-6.041751125766235,-5.962992068587448,38.01009451394442,38.10179916446283,4.3394159553844895,5.154588388270613,36.73091198117332,37.37824069956057,130.0,245.0,85.0,143.0,303.29436561085976,304.5184358215431,11.76470588235294,17.482517482517483,25.477707006369428,32.113821138211385,15.384615384615385,14.69387755102041,0.07875905717878773,1.224070210683351,5.717811600164543,6.636114131841957,-0.6907378335949748,304.062093857034,False,75.0,66.49329268292682,2.295134778647358,1.529633505543829,1.904823990279671,0.8956480267786482,0.29528535980148884,0.14933333333333335,0.15350877192982457,1988-07-13,36,0.015751811435757546
518934,"LeMahieu, DJ",R,2025,30.591908683390464,30.226073541175722,-3.679290785264031,-3.823911745179495,39.567052874693246,39.90993889456945,2.335842898806455,1.9040804198237686,35.431996977644346,35.55077468005318,74.0,152.0,53.0,91.0,255.92547978436664,308.22491904073274,26.41509433962264,23.076923076923077,18.627450980392158,26.751592356687897,16.216216216216218,21.710526315789476,-0.14462095991546375,52.2994392563661,-3.3381712626995643,8.12414137629574,5.4943100995732586,288.9758198699869,False,,,,,,,,,,1988-07-13,37,-0.02892419198309275
519203,"Rizzo, Anthony",L,2024,32.167199001026866,30.87644814684303,14.812920101153985,17.900112403242694,65.3448497809889,67.56564606241645,-15.034676444772245,-17.550969730621492,24.10430632262122,23.98937808651158,531.0,172.0,279.0,97.0,314.3752967716114,264.98680683667936,16.48745519713262,19.587628865979383,34.69750889679715,29.25531914893617,17.13747645951036,18.6046511627907,3.0871923020887095,-49.38848993493201,3.1001736688467645,-5.442189747860983,1.4671747032803388,301.6341171873337,False,75.0,67.47555555555554,-2.159831523369812,0.15920539363356578,-2.0545902478421065,2.3430950252000255,0.3333333333333333,0.17496443812233287,0.17287234042553193,1989-08-08,35,0.6174384604177419
519317,"Stanton, Giancarlo",R,2024,25.017186170012984,24.916462423806287,3.632710847788455,4.358532576698199,27.127665570037255,27.031100825349743,11.478083115180706,12.42750646030805,41.772913192951286,42.15056433684519,267.0,590.0,142.0,319.0,338.4425561832534,360.7559028851584,27.464788732394368,32.60188087774294,33.093525179856115,30.325443786982248,30.337078651685395,32.3728813559322,0.725821728909744,22.313346701905004,5.137092145348575,-2.7680813928738672,2.035802704246805,353.88281127632865,False,77.0,80.39830287206266,3.417124403617167,0.6683186182972743,2.8502800736061933,0.06497459834011667,0.3113207547169811,0.31738623103850644,0.31019522776572667,1989-11-08,35,0.14516434578194878
519317,"Stanton, Giancarlo",R,2025,27.098330119712355,26.737926740725705,1.9860831336102511,1.4090150956277265,26.508232140866273,28.227599552759077,12.175486423377034,13.853396196708545,42.98387514504138,42.83729590383023,135.0,368.0,78.0,203.0,326.9157581576187,367.386342703171,30.76923076923077,35.467980295566505,24.59016393442623,25.799086757990867,34.81481481481482,34.78260869565217,-0.5770680379825246,40.4705845455523,4.698749526335735,1.208922823564638,-0.0322061191626446,356.15251496454795,False,77.0,79.62833675564681,3.940134803839085,0.7115334505050882,2.3333467803510013,0.3607553136636131,0.25442834138486314,0.34791252485089463,0.3416370106761566,1989-11-08,36,-0.11541360759650492
521692,"Perez, Salvador",R,2024,29.695576812529872,29.43962879768024,29.499614857530617,28.365107971280047,53.956147547028436,51.18617952999691,-25.457407993540663,-25.135252703810572,34.80647851718689,34.79314558793355,321.0,1009.0,158.0,495.0,357.41813456716835,361.10459156679076,18.354430379746837,20.2020202020202,45.99303135888502,41.853658536585364,27.41433021806853,25.569871159563924,-1.1345068862505698,3.6864569996224077,1.8475898222733633,-4.139372822299656,-1.844459058504608,360.21261575371216,False,74.0,72.30120578778134,-0.6085494864620504,-2.618894427294236,-0.7647742370023883,1.5266040036806963,0.42759146341463417,0.26015037593984963,0.19754977029096477,1990-05-10,34,-0.22690137725011397
521692,"Perez, Salvador",R,2025,29.438713043051084,29.61644509577114,21.687753076417778,22.44763831483385,46.96300453627962,51.180855845023075,-19.84372127186348,-20.57482117511607,32.64422112240793,32.741643514632884,324.0,977.0,144.0,497.0,304.381548842091,375.05382538168374,20.13888888888889,19.3158953722334,50.19607843137255,40.062434963579605,22.22222222222222,25.588536335721596,0.7598852384160715,70.67227653959276,-0.8229935166554903,-10.133643467792943,3.3663141134993744,359.1773701216192,False,74.0,72.0588,-0.2452945012799014,-1.6891083657422283,-0.7156051800147342,1.4808914961650188,0.421875,0.24750192159877019,0.19500780031201248,1990-05-10,35,0.1519770476832143
521692,"Perez, Salvador",R,2026,29.455128405489912,29.183261894730247,27.33657254908505,26.63123233707882,54.14913183446587,56.4197540056433,-23.352544331642502,-24.0589182881632,34.529996791226054,34.384945955073995,360.0,906.0,172.0,438.0,335.47527906976745,300.17070319634695,18.6046511627907,19.406392694063925,47.19101123595505,44.05888538380652,21.11111111111111,24.944812362030905,-0.7053402120062309,-35.304575873420504,0.8017415312732261,-3.1321258521485333,3.8337012509197947,310.1254360655737,False,74.0,70.74495114006515,-0.4220337575831772,-2.257160903694556,-0.5757827849913575,2.0335456480435363,0.44912012241775057,0.23854660347551343,0.1918032786885246,1990-05-10,36,-0.14106804240124618
527038,"Flores, Wilmer",R,2024,28.021498372658936,27.994544666242607,23.204791460909433,23.147247336428272,27.65437579257876,28.861883756564715,-5.2981686809148,-5.2644174868519515,42.35653361744884,42.53249717145231,192.0,231.0,109.0,134.0,295.5141075272227,284.93797682006505,11.926605504587156,14.925373134328357,29.09090909090909,28.421052631578945,11.979166666666668,11.688311688311687,-0.05754412448116142,-10.576130707157631,2.9987676297412005,-0.6698564593301448,-0.29085497835498053,289.6820025282139,False,75.0,65.28879310344827,2.0096280079995545,-0.8023797385862881,-0.926695101852688,0.5993331279798864,0.2871287128712871,0.1182033096926714,0.13580246913580246,1991-08-06,33,-0.011508824896232284
527038,"Flores, Wilmer",R,2025,27.744888357077674,27.658032532697153,25.631757069231195,25.726366069704532,28.578216454471843,30.06237298147513,-7.412968229162694,-7.649627899332299,42.6997819209899,42.788874386812495,286.0,610.0,151.0,314.0,273.88336287185956,282.99459921107956,19.205298013245034,18.789808917197455,27.39273927392739,30.721003134796238,19.58041958041958,18.524590163934427,0.09460900047333709,9.11123633922,-0.41548909604757966,3.328263860868848,-1.0558294164851532,280.0358966579135,False,75.0,64.94094775212636,1.9352788656978634,-1.0606180669918208,-0.6334844972783036,0.4173963331885737,0.2964930924548353,0.18861607142857142,0.18924731182795698,1991-08-06,34,0.01892180009466742
542194,"Bethancourt, Christian",R,2024,19.94086867685066,20.39978087397515,0.9540262571857799,1.4007761294923489,57.496603470912454,56.44443315690962,6.151470206098878,6.254782951984227,27.766600149097112,27.556516801448222,101.0,211.0,51.0,96.0,286.2463805950533,262.36224140844536,25.49019607843137,23.958333333333336,44.329896907216494,49.46236559139785,32.67326732673268,27.488151658767773,0.44674987230656893,-23.884139186607968,-1.531862745098035,5.1324686841813545,-5.185115667964904,270.6485754119624,False,,,,,,,,,,1991-09-02,33,0.08934997446131379
542303,"Ozuna, Marcell",R,2024,34.95762810268464,35.414027858264106,-3.7390429923675623,-8.579943721766691,55.099683094456765,55.39413585738208,-24.77462942355684,-24.583482071505873,31.03114215225302,31.3208644064357,335.0,1010.0,163.0,526.0,360.66358295145375,418.22631807209405,28.834355828220858,23.38403041825095,25.187032418952622,27.015793848711557,30.149253731343283,28.71287128712871,-4.840900729399129,57.5627351206403,-5.450325409969906,1.8287614297589343,-1.4363824442145727,404.608428631362,False,73.0,72.92019623875714,-0.05280563863948411,-0.4430577036127873,-1.7408051458248357,1.048099664102397,0.2655860349127182,0.29070631970260224,0.2467343976777939,1990-11-12,34,-0.9681801458798258
542303,"Ozuna, Marcell",R,2025,34.500009095978434,34.38578424640085,-4.840264097940722,-6.971979572910421,53.86948144123133,54.37106496948191,-26.15090697843001,-26.624876193358993,33.990667395624925,34.37843229864469,241.0,798.0,141.0,451.0,340.70689123248695,356.94263928611457,23.404255319148938,24.6119733924612,20.958083832335326,22.749273959341725,19.91701244813278,24.93734335839599,-2.131715474969699,16.235748053627617,1.207718073312261,1.7911901270063986,5.020330910263208,353.07567902334176,False,73.0,71.74610717896864,0.15866399544536905,-1.207339156737718,-1.8058930107949593,1.0964586474945706,0.22311631309436722,0.2377285851780558,0.24324324324324326,1990-11-12,35,-0.4263430949939398
542303,"Ozuna, Marcell",R,2026,34.24398615448104,34.77901073599744,-3.1488343282143734,-4.3939341639841025,53.92290272335228,54.81941177060468,-25.777434085479754,-25.8460959877996,32.640957842498636,33.35905203287703,198.0,330.0,103.0,178.0,315.11223300970875,290.7296629213483,26.21359223300971,29.775280898876407,30.036630036630036,24.371859296482413,29.797979797979796,27.575757575757574,-1.2450998357697292,-24.382570088360467,3.561688665866697,-5.664770740147624,-2.2222222222222214,299.6670462633451,False,73.0,72.54725490196078,-0.05491442378784964,-1.1441039599702933,-2.024093562493321,1.0813885305220454,0.2667660208643815,0.2840909090909091,0.2846975088967972,1990-11-12,36,-0.24901996715394584
543309,"Higashioka, Kyle",R,2024,30.783394361925772,30.197412471349146,6.789188233232457,6.665677394764268,35.38566926412141,36.29609891498038,0.04437792690546939,0.1815312924485009,27.988949064333003,27.973583176111326,172.0,315.0,85.0,177.0,331.50409574572984,284.3831019536256,28.235294117647058,27.683615819209038,30.681818181818183,26.704545454545453,23.837209302325583,24.444444444444443,-0.12351083846818867,-47.12099379210423,-0.55167829843802,-3.97727272727273,0.60723514211886,299.67044726785787,False,73.0,70.95221238938053,0.48308599882272324,0.45488787305442613,-3.225505871215323,-1.3055855484578662,0.2803030303030303,0.24229979466119098,0.2786259541984733,1990-04-20,34,-0.024702167693637735
543309,"Higashioka, Kyle",R,2025,30.710605633213746,30.17706473043429,5.063443309640228,4.644316564132105,30.520567100818653,32.43483954230495,4.045178333826059,3.3609645351767528,28.770694062261608,29.04243194685232,210.0,366.0,111.0,217.0,328.37049646309265,274.70807980437945,20.72072072072072,22.58064516129032,30.697674418604652,25.94458438287154,18.095238095238095,23.224043715846996,-0.41912674550812223,-53.6624166587132,1.8599244405695998,-4.753090035733113,5.128805620608901,292.86822690534643,False,73.0,70.09707495429616,1.0707536035855951,0.4412981731022341,-3.0177215824864247,-1.607266382321981,0.2761437908496732,0.21354166666666666,0.21951219512195122,1990-04-20,35,-0.08382534910162445
543309,"Higashioka, Kyle",R,2026,31.10934332407454,30.28910009233222,3.6963537378291327,4.49237512531804,30.48840038229672,33.28912050623088,4.1268898024494565,2.983038859201423,29.18789410459477,29.024987323421836,99.0,234.0,54.0,132.0,335.5894074074075,278.71000000000004,22.22222222222222,26.515151515151516,36.134453781512605,28.467153284671532,27.27272727272727,24.358974358974358,0.7960213874889077,-56.879407407407484,4.292929292929294,-7.667300496841072,-2.913752913752912,295.2233763440861,False,73.0,70.20443037974682,0.988424854902171,0.5400695728086408,-3.0463415094902766,-1.5654981658731204,0.30788804071246817,0.25225225225225223,0.25268817204301075,1990-04-20,36,0.15920427749778154
543510,"McCann, James",R,2024,26.402269388786994,26.667613671616863,13.473211414554182,16.71638156135348,51.77212696920163,52.1922911612651,-14.465463098813977,-19.310160651462102,27.43880558592984,27.414535619947603,171.0,280.0,85.0,148.0,304.93657143688483,317.00099936616095,20.0,25.675675675675674,32.450331125827816,33.82352941176471,25.730994152046783,26.785714285714285,3.2431701467992973,12.064427929276121,5.675675675675674,1.373198285936894,1.0547201336675016,312.59981321170403,False,74.0,69.83636363636363,-1.2719785120849272,0.07118189742958797,0.03299843063015354,0.7895345575068604,0.3333333333333333,0.2638580931263858,0.23605150214592274,1990-06-13,34,0.6486340293598595
543510,"McCann, James",R,2025,24.23415102072115,24.247128922829425,22.03381021248059,21.712338411939516,53.42882665463463,52.426188124553434,-24.514289893628995,-24.177041914432255,25.21152069601879,25.416360917957576,85.0,163.0,50.0,87.0,359.0408261728395,284.46817051913604,20.0,26.436781609195403,30.303030303030305,35.256410256410255,25.882352941176475,30.67484662576687,-0.3214718005410724,-74.57265565370346,6.436781609195403,4.953379953379951,4.792493684590397,311.6844682029694,False,,,,,,,,,,1990-06-13,35,-0.06429436010821447
543510,"McCann, James",R,2026,24.407435653140485,25.003776184239367,30.516129043868204,31.478960609322712,53.38701708478074,54.77518451297934,-30.09331274676704,-31.5207006337617,25.768657613947028,25.561622393888506,113.0,174.0,57.0,95.0,249.51270175438594,304.6379368421052,21.052631578947366,28.421052631578945,35.38461538461539,43.604651162790695,28.31858407079646,31.03448275862069,0.9628315654545077,55.12523508771926,7.368421052631579,8.220035778175308,2.715898687824229,283.9659736842105,False,,,,,,,,,,1990-06-13,36,0.19256631309090153
543760,"Semien, Marcus",R,2024,26.624217979930805,26.589404132462125,-8.008327215391,-4.102937482350755,25.845390504172645,27.329094595945453,-0.6720388851601345,-1.6503792251517535,32.43547593827131,32.62111857373557,304.0,1009.0,174.0,544.0,368.2246137869995,302.68791223787235,14.367816091954023,14.705882352941178,22.674418604651162,26.47352647352647,15.789473684210526,20.118929633300297,3.905389733040246,-65.53670154912714,0.338066260987155,3.799107868875307,4.3294559490897715,318.57006553807867,False,72.0,67.57150084317033,1.6138797533985942,0.4952943827571137,-1.471958655249562,-1.9207500598381682,0.2550185873605948,0.19116527037319117,0.14623955431754876,1990-09-17,34,0.7810779466080492
543760,"Semien, Marcus",R,2025,28.184405486127087,27.944070327705422,-3.096271593351191,-0.9870626713050424,26.48727593183082,28.149145630440337,-1.5928162538916018,-2.3380167145347976,30.4698751333044,30.77446678532691,265.0,751.0,144.0,391.0,341.5024229319797,307.52795130808175,18.055555555555554,17.135549872122763,21.794871794871796,24.08660351826793,23.77358490566038,19.573901464713714,2.1092089220461485,-33.974471623897955,-0.920005683432791,2.2917317233961327,-4.199683440946664,316.67248198815895,False,72.0,67.7872156013001,1.194240288619226,0.6095146874992491,-1.306004940844622,-1.952657243529672,0.2340627973358706,0.20669291338582677,0.17383177570093458,1990-09-17,35,0.4218417844092297
543760,"Semien, Marcus",R,2026,27.80645468098197,27.717345453168903,6.85532652492313,9.344272629760521,29.1373344166971,30.180336293246725,-2.513482489184332,-3.6331092088531327,32.15055382110533,32.28743160223959,263.0,722.0,145.0,389.0,324.0992275862069,290.3292030848329,20.0,18.251928020565554,25.423728813559322,27.762039660056658,20.15209125475285,21.46814404432133,2.4889461048373915,-33.770024501373996,-1.748071979434446,2.338310846497336,1.3160527895684808,299.49896629213487,False,72.0,67.9364705882353,0.8580785336639851,-0.05612008767882162,-1.3770496878428469,-1.8565525500545337,0.2707292707292707,0.21116751269035533,0.18726591760299627,1990-09-17,36,0.4977892209674783
543807,"Springer, George",R,2024,25.290234810182923,24.985813364628093,3.1730028205093346,3.8917283653017076,50.84054097830179,50.296125286210774,-1.5027533393956054,-2.378795102288671,26.4464774509006,26.49334114469931,262.0,869.0,145.0,469.0,329.3177898848723,322.721214826684,22.06896551724138,17.69722814498934,19.58041958041958,24.93946731234867,25.572519083969464,22.324510932105866,0.718725544792373,-6.596575058188307,-4.371737372252042,5.359047731929088,-3.2480081518635977,324.27903792674476,False,73.0,71.04532803180915,0.6425949008980082,0.27612334595480925,-1.3512623101931667,-0.5774401800750641,0.2356115107913669,0.23076923076923078,0.18729641693811075,1989-09-19,35,0.14374510895847462
543807,"Springer, George",R,2025,27.31491249622052,26.8632435355221,0.7097423283389457,2.248803822824626,49.60302286712736,50.48181741471334,-5.65892313434819,-6.941512657052792,28.811500535789023,28.72845711997109,269.0,797.0,149.0,437.0,369.4484937177893,419.7226310711067,20.80536912751678,18.306636155606405,20.141342756183743,20.763723150357997,24.1635687732342,23.337515683814303,1.5390614944856802,50.27413735331743,-2.498732971910375,0.6223803941742538,-0.8260530894198972,406.93961662461476,False,73.0,72.86108273748724,0.06138769924022096,-0.03154738916289405,-1.5969216962641626,-0.21444121461407478,0.20606601248884923,0.2354596622889306,0.189419795221843,1989-09-19,36,0.307812298897136
543807,"Springer, George",R,2026,26.75313494888349,26.679395220660595,0.027041516909568263,-0.01950126774576145,56.06168031839039,54.73745716591536,-2.3123113538813813,-2.8418101421216604,29.50559404201363,29.551577568931148,295.0,662.0,154.0,352.0,283.80007792207795,315.54657954545456,18.83116883116883,17.897727272727273,23.61111111111111,26.122448979591837,20.677966101694913,21.45015105740181,-0.04654278465532971,31.746501623376616,-0.9334415584415581,2.5113378684807266,0.7721849557068978,305.88460079051384,False,73.0,72.36361581920904,0.7356228243271449,0.6275951971498323,-1.8471693382088468,0.44594306148330104,0.2541544477028348,0.21212121212121213,0.18181818181818182,1989-09-19,37,-0.009308556931065942
543877,"Vázquez, Christian",R,2024,28.713511630422474,28.042356486767073,-5.445462167285404,-3.604807412493322,58.89314230887035,62.361633662355125,-1.3307391503945258,-5.1626432887356275,22.90090471431844,23.634667259997187,185.0,404.0,94.0,221.0,269.3935524383029,278.39280605706443,22.340425531914892,19.90950226244344,35.754189944134076,34.40860215053764,17.83783783783784,18.564356435643564,1.8406547547920824,8.999253618761543,-2.430923269471453,-1.3455877935964367,0.7265185978057254,275.7073145009896,False,68.0,67.52199630314233,0.06293796341455558,1.5073393901172816,-1.716617211212189,0.44704348287119305,0.3484573502722323,0.1833616298811545,0.20634920634920634,1990-08-21,34,0.36813095095841647
543877,"Vázquez, Christian",R,2025,27.236067517235487,27.49482480408953,-0.2380443583937293,-1.3515603180229043,59.691706274721646,63.78914399743314,-14.470116060936412,-15.171593178765823,25.64897036711204,25.086139701219377,101.0,255.0,62.0,154.0,248.9603673835125,276.13251464274987,19.35483870967742,14.935064935064934,23.357664233576642,26.714801444043324,16.831683168316832,14.901960784313726,-1.113515959629175,27.172147259237363,-4.419773774612485,3.357137210466682,-1.9297223840031066,268.33310200352435,False,68.0,66.16198830409357,-0.14038365089182034,0.7283311782158836,-1.3801199504806545,0.5083189373923771,0.2560386473429952,0.1544943820224719,0.16203703703703703,1990-08-21,35,-0.22270319192583501
543877,"Vázquez, Christian",R,2026,28.690680005336006,29.349704758611857,4.431673397722684,3.7375376578303436,59.02774834004765,61.83069113077703,-17.662356405590334,-17.63288745334739,26.27737182837524,26.75789282910015,124.0,361.0,63.0,199.0,244.35980952380953,228.99388944723617,19.047619047619047,20.100502512562816,37.391304347826086,35.95238095238095,16.129032258064516,18.559556786703602,-0.6941357398923405,-15.36592007657336,1.0528834649437684,-1.438923395445137,2.4305245286390864,232.68874809160303,False,68.0,64.81438053097345,-0.8365480603934484,0.22808659187386215,-1.2406844746985648,0.34538229701316414,0.36261682242990656,0.17938144329896907,0.1984732824427481,1990-08-21,36,-0.1388271479784681
545341,"Grichuk, Randal",R,2024,25.432792717002005,25.674593332302763,23.216064862602142,24.236585991568795,46.852334756483806,49.01972304880773,-22.63735017404948,-22.87036820741385,35.94527916822438,35.8371159161912,352.0,163.0,184.0,95.0,387.78676860569897,322.83670542039795,15.217391304347828,18.947368421052634,28.57142857142857,28.79581151832461,18.181818181818183,18.404907975460123,1.020521128966653,-64.95006318530102,3.7299771167048057,0.22438294689603921,0.2230897936419396,365.67115569314126,False,72.0,72.70835030549898,-1.075751940996895,-2.452750313449474,0.7582926342345784,1.2564088620194014,0.28647686832740216,0.1825242718446602,0.16487455197132617,1991-08-13,33,0.2041042257933306
545341,"Grichuk, Randal",R,2025,24.980623435591017,25.142442656940197,21.54713252523937,19.18618219748811,48.10718094901032,48.25237167187657,-23.1955883196131,-20.988859209334283,33.89917232527016,34.512377154252306,332.0,193.0,183.0,110.0,338.72012136287066,306.58554834729927,24.043715846994534,15.454545454545453,32.698412698412696,29.268292682926827,19.27710843373494,15.544041450777202,-2.360950327751258,-32.13457301557139,-8.58917039244908,-3.430120015485869,-3.733066982957739,326.6559471932022,False,72.0,72.97089108910892,-1.2311936107585753,-2.147048063134448,0.5239048136554002,1.133116178981976,0.31346153846153846,0.17904761904761904,0.20819112627986347,1991-08-13,34,-0.4721900655502516
545341,"Grichuk, Randal",R,2026,24.717955790207828,25.661206810667387,22.136603697314683,22.655457338164734,52.26797652464274,52.96841477256257,-24.173448039532985,-24.61327286208056,34.99968778486633,34.86648737788926,346.0,166.0,172.0,95.0,380.2703255813954,259.95789473684204,22.093023255813954,23.157894736842106,36.06060606060606,36.19631901840491,18.20809248554913,30.120481927710845,0.5188536408500504,-120.31243084455338,1.0648714810281525,0.1357129577988445,11.912389442161714,337.46253183520605,False,72.0,73.6762781186094,-1.336284354094373,-2.3319678331924396,0.9788763911510174,1.5203978415680672,0.36105476673427994,0.220703125,0.2247191011235955,1991-08-13,35,0.10377072817001007
545361,"Trout, Mike",R,2025,29.83018695025299,29.973945358170205,22.706957318616112,23.809164186561393,29.48221464134555,29.70115766018691,-8.880666698282692,-9.503580092592257,28.287234487252608,28.531102611311734,179.0,783.0,105.0,453.0,319.08971535367704,368.8807453750014,37.142857142857146,30.684326710816777,22.594142259414227,19.917440660474718,27.932960893854748,26.81992337164751,1.1022068679452808,49.79103002132439,-6.458530432040369,-2.676701598939509,-1.1130375222072395,359.5114655322791,False,73.0,73.16983606557376,-1.3131436469146092,-0.20891079227668133,-1.1712837898466828,-2.4943163174527534,0.20447019867549668,0.2702702702702703,0.31899641577060933,1991-08-07,34,0.22044137358905616
545361,"Trout, Mike",R,2026,27.50635503271728,27.774905858933295,20.26359585930763,19.65027489037778,31.564458814050564,31.955917352993364,-6.726672825252786,-7.369522970696243,30.583355606672146,30.540636637856515,291.0,758.0,174.0,443.0,370.87836781609195,380.9845869074491,24.137931034482758,26.63656884875846,17.36842105263158,21.491658488714428,19.93127147766323,23.7467018469657,-0.6133209689298518,10.106219091357161,2.4986378142757033,4.123237436082849,3.8154303693024687,378.1345348460291,False,73.0,73.90171198388721,-0.6309758800116296,-0.3022031022677821,-1.1503940144205602,-2.584910666957111,0.20371694067190851,0.22688274547187798,0.2593192868719611,1991-08-07,35,-0.12266419378597035
547180,"Harper, Bryce",L,2024,22.88097683178384,22.935551586619265,15.892263741965303,16.06477974679609,35.0750085351782,38.03380882370311,-12.263399001751386,-12.783559099000188,33.39403115179034,33.575725972429076,860.0,443.0,405.0,226.0,349.94755794739814,382.4610434824525,20.98765432098765,23.451327433628318,34.26423200859291,31.769722814498934,23.953488372093023,27.088036117381492,0.1725160048307881,32.51348553505437,2.4636731126406666,-2.494509194093979,3.1345477452884687,361.5926415146284,False,73.0,73.00637583892617,0.8891010987889496,-0.8930926619105322,0.6922356559510304,-1.1681881496154374,0.3342857142857143,0.25019186492709133,0.21870047543581617,1992-10-16,32,0.034503200966157624
547180,"Harper, Bryce",L,2025,23.547561715586923,23.580816819244692,13.658324748911559,14.293279177250932,34.88859272582817,37.67141145488043,-16.02554470114761,-16.73155737926017,32.805326228941865,32.97032909335545,677.0,499.0,351.0,229.0,375.243323660677,356.7708273513663,20.22792022792023,21.83406113537118,33.3764553686934,39.651416122004356,26.14475627769572,32.66533066132264,0.6349544283393733,-18.472496309310714,1.6061409074509498,6.274960753310957,6.520574383626922,367.94987253165607,False,73.0,73.1496,0.555738792959575,-0.9540371085323669,0.9797358309687819,-1.246155864342798,0.35714285714285715,0.2891156462585034,0.20862068965517241,1992-10-16,33,0.12699088566787467
547180,"Harper, Bryce",L,2026,24.526999769798376,24.65051761993896,13.228611219315276,13.891003181723297,36.67089938613049,38.10702583299146,-14.544033338569546,-15.379622253199502,31.778919517165253,32.25213246626715,770.0,540.0,410.0,261.0,423.5174146341464,313.2033103448276,18.29268292682927,26.436781609195403,31.31201764057332,33.82838283828383,27.532467532467532,30.185185185185187,0.6623919624080212,-110.31410428931878,8.144098682366135,2.5163651977105097,2.652717652717655,380.60835171386,False,73.0,73.14461054287962,0.6638817052122169,-0.7160809252572211,0.6102873228459941,-1.1731301977089132,0.32319894249834763,0.2862595419847328,0.21460506706408347,1992-10-16,34,0.13247839248160426
547989,"Abreu, José",R,2024,25.38489297769068,25.115084887996694,-1.9195990893460162,-1.5337931821700006,26.953703166054627,26.675691317929054,1.3096840973527806,0.7791208089504805,34.004915668567904,34.09627202967438,79.0,170.0,37.0,83.0,230.5494324324324,188.31443019630973,13.513513513513514,27.710843373493976,27.27272727272727,35.36585365853659,22.78481012658228,25.882352941176475,0.3858059071760156,-42.23500223612268,14.197329859980462,8.093126385809317,3.0975428145941954,201.33688921911423,False,,,,,,,,,,1987-01-29,37,0.07716118143520312
553869,"Díaz, Elias",R,2024,27.017688452239597,26.529218032981817,16.65097160718448,15.877007066588789,55.31615154054582,54.1961981999656,-38.032250181880755,-37.75286087186828,30.442244945085704,30.446169994311003,225.0,487.0,103.0,249.0,264.8532680504408,288.80923891641663,19.41747572815534,19.67871485943775,34.403669724770644,32.76231263383298,23.11111111111111,28.131416837782343,-0.7739645405956921,23.955970865975814,0.2612391312824123,-1.6413570909376674,5.020305726671232,281.7993951687021,False,73.0,73.01159420289855,-3.813333603513942,-0.9656132839505643,1.1089594710913142,0.32639055611738077,0.33284671532846716,0.2654494382022472,0.19602272727272727,1990-11-17,34,-0.15479290811913843
553869,"Díaz, Elias",R,2025,26.75239652505936,26.5041495639585,3.000830533780873,4.13926949332869,46.35546799330238,46.903027001203405,-21.374943019439403,-22.312108537247237,31.097994363573328,30.898861296292445,184.0,360.0,86.0,196.0,229.9783824620312,283.8878636478348,20.930232558139537,28.061224489795915,34.61538461538461,27.887323943661972,28.26086956521739,35.55555555555556,1.1384389595478175,53.90948118580363,7.130991931656379,-6.728060671722641,7.2946859903381664,267.44738356989467,False,73.0,71.9951171875,-1.7062188762991601,-0.04133523681365256,1.1084003899069832,-0.5199391587822102,0.299412915851272,0.33088235294117646,0.25886524822695034,1990-11-17,35,0.2276877919095635
553869,"Díaz, Elias",R,2026,24.943836487243757,25.222981137446606,-2.523117107025638,-1.4488477683706078,49.094860948817704,50.38787185725962,-17.411798721688058,-18.85464156793572,32.86151208921195,32.455268894005556,224.0,275.0,103.0,131.0,314.69580582524276,229.4409465648855,21.35922330097087,26.717557251908396,42.0,34.94423791821561,23.660714285714285,29.09090909090909,1.0742693386550304,-85.25485926035725,5.358333950937524,-7.055762081784387,5.430194805194805,266.96765811965815,False,73.0,74.18283261802574,-0.8616332052607892,0.02747315417408329,1.155577299664739,-0.323862730450337,0.3795309168443497,0.2665330661322645,0.24358974358974358,1990-11-17,36,0.21485386773100607
553993,"Suárez, Eugenio",R,2024,23.982369290810585,23.947853479038976,16.871731685731078,16.316892440595872,21.877560256092348,21.656117740193437,-12.99638222669589,-12.091579186379901,26.871543163642123,26.973434203359425,350.0,850.0,194.0,447.0,362.49043589461456,322.0006165596451,31.443298969072163,25.727069351230426,24.330900243309003,28.621495327102803,31.142857142857146,25.529411764705884,-0.5548392451352058,-40.48981933496947,-5.716229617841737,4.2905950837938,-5.613445378151262,334.25494565634415,False,71.0,71.39770220588235,-0.9189175829446123,-0.847682035490473,-1.078038417311071,-2.17251500535139,0.27229676400947117,0.27166666666666667,0.2745709828393136,1991-07-18,33,-0.11096784902704115
553993,"Suárez, Eugenio",R,2025,18.368862182842282,18.270586607746992,46.695662780012235,46.839997540692906,27.11491582070605,29.320446122671694,-23.989946973993018,-23.344159326351228,22.5419977338796,23.210687112743027,368.0,946.0,186.0,474.0,310.85221503989925,321.4191555993728,30.64516129032258,29.324894514767934,28.759894459102902,31.91256830601093,33.42391304347826,29.809725158562365,0.14433476068067108,10.56694055947355,-1.3202667755546464,3.1526738469080264,-3.614187884915893,318.4411996235212,False,71.0,71.62041493775934,-2.9075061849569694,-1.4315229565181729,-0.6735954800105203,-1.605929329199691,0.30989180834621327,0.3082191780821918,0.296969696969697,1991-07-18,34,0.028866952136134216
553993,"Suárez, Eugenio",R,2026,21.363843089663746,20.76151611341804,32.428639371082554,33.91393543132485,24.735885474208754,26.106365682405563,-28.054414596531608,-27.704503010041876,21.727669060941523,21.455515647947863,225.0,680.0,124.0,358.0,318.6873548387097,291.5211396648044,35.483870967741936,32.68156424581006,24.53416149068323,29.726027397260275,34.22222222222222,29.705882352941178,1.4852960602422982,-27.1662151739053,-2.8023067219318776,5.191865906577046,-4.516339869281044,298.50995850622405,False,71.0,71.61241134751774,-3.215029377755213,-1.3068480554844029,-0.5769587620375125,-1.8098016922509683,0.2813688212927757,0.3082872928176796,0.33402489626556015,1991-07-18,35,0.29705921204845964
570482,"Urshela, Gio",R,2024,31.478628517216908,31.077652202493084,16.976512932092447,17.032378606394037,36.59266330666593,38.6271797079105,-17.725077592757813,-16.892292928104936,29.564671306369497,29.585999333942958,218.0,704.0,107.0,354.0,270.0093972818459,318.2182030994609,16.822429906542055,15.254237288135593,37.11340206185567,36.71274961597542,14.220183486238533,18.892045454545457,0.05586567430158951,48.20880581761497,-1.5681926184064618,-0.4006524458802545,4.671861968306924,307.0287405778019,False,72.0,67.3765932792584,-2.0598182822748043,-0.8181834177539282,0.10723817175084041,-1.3780022883975915,0.3680473372781065,0.17787418655097614,0.1561822125813449,1991-10-11,33,0.011173134860317901
570482,"Urshela, Gio",R,2025,31.012274737404475,30.906435165908388,14.871556966283322,14.275493041395638,41.10368925056993,40.652147446282676,-15.97271490465237,-15.743827469728197,31.70409202110771,30.419106450905883,94.0,305.0,47.0,150.0,303.10467205247164,279.8257045357369,25.53191489361702,18.666666666666668,45.09803921568628,37.407407407407405,37.234042553191486,24.59016393442623,-0.5960639248876838,-23.278967516734724,-6.865248226950353,-7.690631808278873,-12.643878618765257,285.3795698823691,False,72.0,67.85968169761273,-1.505241128717342,-0.8334135918301477,-0.06987023784268344,-1.1365585354975358,0.3951612903225806,0.2756892230576441,0.20304568527918782,1991-10-11,34,-0.11921278497753676
571448,"Arenado, Nolan",R,2024,29.148077212157055,28.450169492418976,4.2792411373714145,2.591617467201971,49.49248402773394,47.00462152972868,0.3076032027135478,1.1180345924546915,32.13456253345406,32.23468767935237,284.0,864.0,154.0,481.0,319.4642961351825,294.4035710790052,11.03896103896104,15.592515592515593,32.846715328467155,29.34443288241415,14.084507042253522,16.087962962962962,-1.6876236701694434,-25.06072505617732,4.553554553554553,-3.5022824460530053,2.00345592070944,300.48129022648754,False,74.0,69.82239089184061,1.4774591899900165,1.0118446121136135,0.3784261345993229,0.7003857229925607,0.30121457489878545,0.1559233449477352,0.14488188976377953,1991-04-16,33,-0.33752473403388866
571448,"Arenado, Nolan",R,2025,32.53686752063275,31.76781314534067,5.625865018161645,4.872437048659474,49.14802293831486,47.99300452632533,-4.217624276824598,-3.738996352734305,31.098143200100875,31.115117793018165,204.0,574.0,112.0,325.0,315.37702504485185,278.07946600679725,6.25,12.923076923076923,39.285714285714285,32.242225859247135,13.725490196078432,17.59581881533101,-0.7534279695021704,-37.2975590380546,6.673076923076923,-7.04348842646715,3.8703286192525788,287.638565806024,False,74.0,70.55355704697986,0.6573125816345756,0.7441710575700962,0.24096938830139925,0.8925261129220879,0.3395291201982652,0.16580976863753213,0.11212814645308924,1991-04-16,34,-0.15068559390043407
571448,"Arenado, Nolan",R,2026,32.356436224905146,31.475581122430793,1.7934093576099295,1.40886624386199,52.02868826861857,47.99729615259624,0.23136677648506548,1.0474770955025667,28.832398766145804,29.052934726352436,292.0,783.0,154.0,423.0,316.24535064935066,289.838865248227,19.480519480519483,20.33096926713948,30.17241379310345,32.6644370122631,23.28767123287671,21.455938697318008,-0.38454311374793937,-26.406485401123632,0.8504497866199969,2.492023219159652,-1.8317325355587037,296.8866967071057,False,74.0,70.57575452716299,1.1203844028716807,1.606692496427268,0.21907580461770176,0.9154990865525635,0.3196787148594378,0.21953488372093025,0.20103986135181975,1991-04-16,35,-0.07690862274958787
571657,"Farmer, Kyle",R,2024,24.21767322815257,25.50726759163455,18.417167832351662,19.927171865908075,32.91480001965362,32.4579549779612,-20.121789172918092,-22.58498987546783,26.352908401043024,25.70413488137164,202.0,226.0,118.0,124.0,356.21097265510866,242.2891521044898,18.64406779661017,21.774193548387096,29.901960784313726,35.874439461883405,18.81188118811881,20.353982300884958,1.510004033556413,-113.92182055061886,3.1301257517769265,5.972478677569679,1.5421011127661473,297.83780840603123,False,71.0,65.98363636363636,-1.479670103021121,-0.709897776449712,0.20713062361527548,-1.7833409745586914,0.33021077283372363,0.19626168224299065,0.2024793388429752,1990-08-17,34,0.3020008067112826
571657,"Farmer, Kyle",R,2025,27.142109904162766,27.08148005094241,12.383263077844937,11.842347875585233,31.256534830058456,30.71368277581595,-10.157181796906842,-8.891376147342234,28.01876621380481,28.352503915243698,210.0,324.0,123.0,177.0,319.284638304513,262.38024433530643,20.32520325203252,23.163841807909606,27.55102040816326,31.103678929765888,20.952380952380953,18.82716049382716,-0.5409152022597041,-56.90439396920658,2.838638555877086,3.552658521602627,-2.125220458553791,285.7110458626811,False,71.0,65.78176470588235,-0.05637914001873552,-0.2712123293114569,-0.20518187388187578,-1.828395811645476,0.296969696969697,0.19662921348314608,0.22,1990-08-17,35,-0.10818304045194083
571745,"Haniger, Mitch",R,2024,28.954899428125653,28.451818281027403,17.537000504168756,18.673112796297684,41.605519262764524,43.20923293821329,-16.04377268621583,-16.21547827440092,29.549982708139673,29.677489378843802,270.0,504.0,146.0,279.0,283.6990183217053,302.25059172250377,32.19178082191781,28.31541218637993,26.41509433962264,22.82793867120954,31.851851851851855,29.563492063492063,1.136112292128928,18.551573400798475,-3.8763686355378795,-3.5871556684131,-2.2883597883597915,295.8775806248177,False,73.0,72.11864161849711,-0.5595651081485249,-0.30738649608691687,2.2096947111540075,0.21573208726358167,0.23943661971830985,0.30361757105943155,0.2964705882352941,1990-12-23,34,0.2272224584257856
571771,"Hernández, Enrique",R,2024,26.799396587508493,27.44273038964594,-1.6688707868243742,-5.531749375183147,35.622944186728375,37.83717016862005,-7.69429020406434,-6.169745479681961,24.554318872392724,25.313066762109475,259.0,481.0,146.0,249.0,309.3894869453226,274.46608957924167,18.493150684931507,20.080321285140563,26.353790613718413,26.681614349775785,18.91891891891892,23.492723492723496,-3.862878588358773,-34.923397366080906,1.5871706002090562,0.3278237360573719,4.573804573804576,287.3744845550589,False,70.0,70.86884272997032,0.6272628136302404,1.8468616723522757,0.5035133245869561,-1.0789283433602266,0.26556016597510373,0.21891891891891893,0.1949367088607595,1991-08-24,33,-0.7725757176717546
571771,"Hernández, Enrique",R,2025,28.884707235295497,28.670232417694592,-1.079067165736296,-1.8056429678724162,35.652518261560466,38.74669089363183,-6.239316145170419,-6.729804894897234,23.022793920459087,23.841638705888986,213.0,314.0,108.0,148.0,324.68889686333154,257.55205738473074,22.22222222222222,29.72972972972973,29.906542056074763,33.12101910828025,23.004694835680752,27.070063694267514,-0.7265758021361202,-67.13683947860079,7.507507507507508,3.2144770522054884,4.065368858586762,285.8754115397654,False,70.0,70.46388888888889,0.21166875885369943,1.6442174772960083,0.44772856130858174,-1.0513247904050007,0.3181818181818182,0.25426944971537,0.265625,1991-08-24,34,-0.14531516042722403
571912,"Maile, Luke",R,2024,27.202670241592536,27.883014034409825,15.001584309376733,14.797082308125951,52.101445694363136,51.302840932338974,-2.8654758636110755,-2.812027305403611,36.252936225019276,36.151444291976276,86.0,201.0,47.0,107.0,273.56484124386253,231.03792976493907,27.659574468085108,36.44859813084112,25.925925925925924,26.31578947368421,19.767441860465116,28.855721393034827,-0.20450200125078233,-42.526911478923466,8.789023662756012,0.389863547758285,9.088279532569711,244.0169222292858,False,,,,,,,,,,1991-02-06,33,-0.04090040025015647
571970,"Muncy, Max",L,2024,26.339478769991537,27.42133936744072,-3.080533130246294,-3.261365688778616,32.54494897617972,33.75405435834749,-0.7138184182110943,-1.021720733855177,25.10703369736985,25.420959234099264,362.0,129.0,218.0,76.0,367.30557722259397,310.5054800194932,25.229357798165136,28.947368421052634,20.404040404040405,21.08843537414966,28.7292817679558,31.007751937984494,-0.18083255853232183,-56.80009720310079,3.7180106228874976,0.6843949701092562,2.278470170028694,352.62255889798286,False,70.0,70.5077540106952,0.38251550722790006,1.8187341066670488,2.3207375852029757,-0.13757872611896022,0.205607476635514,0.29327902240325865,0.2619047619047619,1990-08-25,34,-0.036166511706464365
571970,"Muncy, Max",L,2025,26.734134897000654,27.950404296389124,-3.663243291195336,-2.5855052897562354,32.12596416576597,31.835480907291796,-2.5941081475823062,-2.2371217389708584,22.450153385479368,22.836668810051517,553.0,146.0,308.0,80.0,387.95889861717643,321.5148316913339,19.805194805194805,27.500000000000004,19.46107784431138,21.604938271604937,21.15732368896926,26.027397260273972,1.0777380014391005,-66.44406692584255,7.694805194805198,2.143860427293557,4.870073571304712,374.25909100360064,False,70.0,70.28209876543211,-0.06062133218486557,2.2554516718868807,2.4079478279109434,0.15359444285561488,0.19879518072289157,0.2217453505007153,0.21391752577319587,1990-08-25,35,0.2155476002878201
571970,"Muncy, Max",L,2026,28.291505688559752,29.520619239297286,-25.14396917478601,-24.067071622823846,38.072548002006194,37.908557330163525,-7.613181304190665,-7.497822054223281,21.204422344313,21.3878530908401,755.0,244.0,417.0,130.0,359.46786570743404,317.08575384615386,23.980815347721823,28.46153846153846,24.08026755852843,32.196969696969695,25.43046357615894,29.508196721311474,1.0768975519621655,-42.38211186128018,4.480723113816637,8.116702138441266,4.077733145152536,349.39533455210244,False,70.0,70.59546925566343,-0.2595368540196865,2.860549260884125,2.1985481891536995,-0.22177354910622704,0.25925925925925924,0.26426426426426425,0.25045703839122485,1990-08-25,36,0.2153795103924331
572138,"Singleton, Jon",L,2024,29.323367250443916,29.902293304553165,11.929780591054586,10.949781940372468,38.07765468923166,37.01385309238396,-1.5641080010310204,-1.9745090703215147,40.192044217893006,40.32907528451909,539.0,122.0,324.0,82.0,337.40741567876853,212.38934111146304,24.691358024691358,37.80487804878049,23.19277108433735,22.22222222222222,25.60296846011132,40.16393442622951,-0.9799986506821181,-125.01807456730549,13.11352002408913,-0.9705488621151268,14.56096596611819,312.15745973167725,False,74.0,71.47737704918032,2.232506595731483,-0.9173856657797573,0.43488740182103497,0.7284766282809837,0.23002421307506055,0.28290468986384265,0.2733990147783251,1991-09-18,33,-0.19599973013642363
572191,"Taylor, Michael A.",R,2024,18.01590714311866,18.040526928814604,9.001934994888162,8.417450823803188,51.24654184683004,52.80105962332274,-1.56824768790987,-1.6672713656206064,37.22147283583355,36.756465355080564,216.0,368.0,105.0,195.0,274.5447022376246,265.99520285022845,35.23809523809524,33.84615384615385,29.71698113207547,29.66751918158568,38.88888888888889,36.41304347826087,-0.5844841710849735,-8.549499387396168,-1.391941391941394,-0.04946195048979263,-2.4758454106280254,268.9875276358171,False,76.0,73.19959100204498,3.1897612078448407,-0.13929152927988014,1.5786270839311114,2.4548433737618707,0.296849087893864,0.3732876712328767,0.3433333333333333,1991-03-26,33,-0.1168968342169947
572191,"Taylor, Michael A.",R,2025,22.505925492802632,22.45502817126111,-11.291835796495192,-11.513034029707695,51.35643659614426,52.82726330895441,0.24559969775820992,-0.08726723344095418,33.20535896699345,33.476144608659006,292.0,337.0,139.0,186.0,271.006463478193,273.47433619122046,36.69064748201439,31.72043010752688,31.372549019607842,28.412256267409468,36.986301369863014,36.20178041543027,-0.22119823321250287,2.467872713027475,-4.970217374487511,-2.9602927521983737,-0.7845209544327432,272.41884601549486,False,76.0,71.53644214162348,3.134741688464433,1.325016376180074,1.4184756733274968,2.3102707168975987,0.2964169381107492,0.3656597774244833,0.3384615384615385,1991-03-26,34,-0.044239646642500574
572233,"Walker, Christian",R,2024,28.385816337514182,28.23023090955788,7.752320109342232,7.266024634504684,45.44321449225625,46.37499194128593,-15.45184389398436,-15.869676433948014,26.135584062432272,26.19155093093713,314.0,798.0,157.0,396.0,319.5977305533542,366.17117036513145,24.840764331210192,23.737373737373737,23.364485981308412,24.766355140186917,24.522292993630572,23.55889724310777,-0.4862954748375481,46.573439811777234,-1.1033905938364548,1.4018691588785046,-0.9633957505228032,352.94869287788185,False,71.0,74.1668372569089,-1.0396950850049371,-0.036705290458227714,0.1504159971847663,0.22656538282495747,0.24384027187765506,0.2383093525179856,0.24050632911392406,1991-03-28,33,-0.09725909496750962
572233,"Walker, Christian",R,2025,28.765662369645952,28.564700407937586,11.812340691844947,12.292908964575124,49.71339950401147,50.84419649816127,-15.30350654990812,-16.606825106380207,24.722821785189467,25.0656170451541,282.0,1031.0,133.0,507.0,285.23215896296546,321.9487715126066,26.31578947368421,28.007889546351084,27.530364372469634,28.75882946518668,24.46808510638298,29.873908826382152,0.4805682727301779,36.71661254964113,1.6921000726668751,1.2284650927170446,5.405823719999173,314.3186004671343,False,71.0,73.38510638297873,-1.61823602196812,0.11013164446135743,-0.3530600808261651,0.787114079330265,0.2851373182552504,0.2871287128712871,0.2765625,1991-03-28,34,0.09611365454603557
572233,"Walker, Christian",R,2026,28.873617059834913,29.204481854308835,10.478258219156134,10.40477718992127,50.78107282808737,51.380524615938555,-15.383767114485604,-15.788183117363852,25.17146050840576,23.822193721946594,258.0,952.0,141.0,472.0,308.55696453900714,297.2901779661017,20.56737588652482,24.152542372881356,27.960526315789476,32.732732732732735,27.131782945736433,26.47058823529412,-0.07348102923486266,-11.26678657290546,3.5851664863565347,4.772206416943259,-0.661194710442313,299.8817226753671,False,71.0,73.6338003502627,-1.6338171042771892,0.1623089726495382,-0.7545496131116348,0.5585222846685368,0.31619339984650807,0.26611570247933886,0.233278955954323,1991-03-28,35,-0.014696205846972532
573262,"Yastrzemski, Mike",L,2024,28.075491387893802,28.240881300106743,5.469029147998553,5.459293348541842,53.76230799808891,53.56969460027108,-10.576436115026528,-10.761179538311977,23.98351259086771,24.396416315754845,702.0,155.0,380.0,95.0,308.1070663925406,287.0012582548325,24.736842105263158,31.57894736842105,23.175416133162614,27.52808988764045,22.507122507122507,30.32258064516129,-0.009735799456710659,-21.105808137708095,6.842105263157894,4.352673754477838,7.815458138038782,303.885904764999,False,70.0,70.32085889570553,-0.4510645722813049,0.9391495120014349,-1.5278970870205304,1.1254962411684821,0.23983315954118875,0.23920653442240372,0.26105263157894737,1990-08-23,34,-0.0019471598913421318
573262,"Yastrzemski, Mike",L,2025,29.08372204183922,28.861209851188065,4.749683805102787,4.7855076344341825,44.97333814965496,42.39308915901043,-3.7514038411265984,-2.8002375864849904,23.526295334362867,23.817877837801337,778.0,185.0,454.0,104.0,345.439662659116,252.9902027734574,18.94273127753304,21.153846153846153,20.952380952380953,27.27272727272727,16.452442159383033,20.0,0.035823829331395274,-92.44945988565857,2.2111148763131148,6.320346320346317,3.5475578406169674,328.2089389528284,False,70.0,70.35261437908497,0.04589292363336431,1.2845474908440067,-1.4889343438952625,0.3425204477209251,0.21996466431095407,0.17133956386292834,0.1935483870967742,1990-08-23,35,0.007164765866279055
575929,"Contreras, Willson",R,2024,18.89056489537489,18.03070110690869,6.562946314772647,7.345821122238478,43.22053503084477,43.08636004179846,-4.178915913138242,-7.061277318618212,25.660623413771685,26.19322984278363,160.0,528.0,90.0,268.0,366.9890387464388,366.91974850823715,24.444444444444443,27.611940298507463,27.77777777777778,30.623818525519848,30.625000000000004,34.090909090909086,0.7828748074658307,-0.06929023820163138,3.16749585406302,2.8460407477420695,3.465909090909083,366.93716784186324,False,72.0,75.01229773462784,0.8590507808301686,-1.0037949239077377,-0.46517596194716426,-0.7833489408687961,0.29901269393511987,0.3328488372093023,0.2681564245810056,1992-05-13,32,0.15657496149316613
575929,"Contreras, Willson",R,2025,23.83433876378468,22.232774369373697,10.441223828932895,11.044836960901439,40.61777010891063,40.75053241982077,-6.431993433978327,-7.777699587110794,25.440865012303924,25.508954434755548,252.0,794.0,145.0,418.0,380.4428572690701,349.38781863709124,24.82758620689655,25.358851674641148,25.423728813559322,31.847968545216254,25.793650793650798,26.574307304785894,0.6036131319685438,-31.055038631978846,0.5312654677445963,6.424239731656932,0.7806565111350956,357.38600798280515,False,72.0,74.88346534653466,-0.032450650695895165,-0.5963310091295297,-0.24967137053298313,-0.6928022795122873,0.3005671077504726,0.2638623326959847,0.2522202486678508,1992-05-13,33,0.12072262639370876
575929,"Contreras, Willson",R,2026,27.35508252017875,26.795781512356662,23.086228728276435,22.813415155057932,49.79604195267202,49.12973887238648,-10.735803732279594,-11.150139558641131,32.879895231097905,33.01553250502942,266.0,736.0,144.0,390.0,417.3521388888889,358.4892102564102,18.75,27.435897435897438,30.88235294117647,35.17835178351783,28.195488721804512,29.483695652173914,-0.2728135732185031,-58.862928632478656,8.685897435897438,4.295998842341362,1.2882069303694017,374.3623595505618,False,72.0,75.98261780104711,-0.5994557326267581,-2.1162051405750644,-0.9109771017922114,0.18515287247290227,0.3391153512575889,0.29141716566866266,0.250936329588015,1992-05-13,34,-0.05456271464370062
578428,"Iglesias, Jose",R,2024,19.946782776157395,20.132529457005905,2.2070466932793744,1.9167419095452298,33.81455688017341,34.14720353887852,-15.075097294479475,-15.552240976424756,33.17526548941606,33.090372019452374,193.0,371.0,101.0,190.0,349.69106893111666,298.04023946120026,11.881188118811881,14.210526315789473,38.12154696132597,41.5929203539823,12.435233160621761,15.363881401617252,-0.2903047837341446,-51.6508294699164,2.3293381969775915,3.471373392656332,2.928648240995491,315.9671596552262,False,71.0,68.84283054003724,0.8708052272980037,-1.5869076019115538,0.13946499341263244,-1.71326465590009,0.40384615384615385,0.14361702127659576,0.13402061855670103,1990-01-05,34,-0.058060956746828915
578428,"Iglesias, Jose",R,2025,22.649742705461605,22.2711746838877,8.285246852965098,7.746176033235205,36.316006368739714,36.87074068467133,-18.141669621183308,-18.1846168741985,33.49140633672121,33.408513006619785,270.0,344.0,137.0,206.0,273.4084348279458,283.1629202595944,19.708029197080293,14.077669902912621,33.33333333333333,34.048257372654156,18.14814814814815,15.988372093023257,-0.5390708197298935,9.754485431648561,-5.630359294167672,0.7149240393208274,-2.159776055124892,279.26681383354236,False,71.0,67.94423076923077,0.4333706887379711,-1.9715956975016455,0.021614263113408666,-1.4363697318858173,0.33746130030959753,0.16938110749185667,0.16326530612244897,1990-01-05,35,-0.10781416394597869
592178,"Bryant, Kris",R,2024,25.930435844663023,25.89441963172412,6.156197859581599,5.679791671418207,41.27238287326873,38.437349979913044,-3.2971853144150933,-3.9087202031523645,39.64906150958133,39.72804945862861,77.0,213.0,40.0,115.0,211.5964840909091,319.3767333333333,40.0,27.82608695652174,37.34939759036144,29.166666666666668,38.961038961038966,32.3943661971831,-0.4764061881633923,107.78024924242419,-12.173913043478262,-8.182730923694773,-6.566672763855863,291.56247546432064,False,,,,,,,,,,1992-01-04,32,-0.09528123763267846
592192,"Canha, Mark",R,2024,23.12521999701933,22.350041443623674,11.63505628418825,12.009844522898407,32.21028808874204,31.459302354234797,-6.596395608692918,-6.789777807882904,28.569761826752508,28.710376827999045,238.0,570.0,129.0,334.0,328.62821769517,278.55147556955745,20.930232558139537,20.65868263473054,21.12676056338028,24.04692082111437,17.22689075630252,20.175438596491226,0.3747882387101562,-50.076742125612554,-0.27154992340899753,2.9201602577340893,2.9485478401887057,292.5037428140586,False,73.0,67.71657458563536,0.49728242921930893,-0.21613857121601734,0.16398329738244266,-0.7406826985991106,0.2318840579710145,0.19306930693069307,0.20734341252699784,1989-02-15,35,0.07495764774203124
592192,"Canha, Mark",R,2025,25.14999665819127,25.168264627989675,6.9712064858462774,7.352776317665145,31.926385655966513,33.08160269330698,-3.9751087746854075,-3.953218222062199,28.637271611643282,28.419474041690155,127.0,105.0,69.0,57.0,297.8732292549134,227.05398245614037,17.391304347826086,21.052631578947366,31.666666666666664,25.210084033613445,15.748031496062993,28.57142857142857,0.38156983181886783,-70.81924679877301,3.6613272311212803,-6.45658263305322,12.823397075365577,265.8359509411827,False,,,,,,,,,,1989-02-15,36,0.07631396636377356
592200,"Casali, Curt",R,2024,26.62401090593798,26.194449269603467,19.511587578562924,17.020542741651177,38.33677542539464,38.78631197774207,-11.912156174567146,-14.010090567079013,36.31954417919096,35.32277926710183,79.0,124.0,50.0,76.0,267.25034000000005,273.12155517870764,20.0,15.789473684210526,15.238095238095239,19.65811965811966,20.253164556962027,14.516129032258066,-2.4910448369117475,5.871215178707587,-4.210526315789474,4.42002442002442,-5.737035524703961,270.7917078855697,False,,,,,,,,,,1988-11-09,36,-0.4982089673823495
592206,"Castellanos, Nick",R,2024,28.465555256041533,28.665548721786124,-21.6275039678774,-23.84872654977926,37.77814830683625,39.68382069417255,-16.93112050460239,-15.902554824103376,27.57981069183248,28.54533472902301,363.0,997.0,170.0,492.0,359.9083927785004,326.4786998979412,22.941176470588236,20.32520325203252,36.677115987460816,37.95454545454545,26.446280991735538,28.184553660982946,-2.2212225819018627,-33.42969288055917,-2.615973218555716,1.2774294670846373,1.738272669247408,335.063364232828,False,75.0,70.90998389694042,1.0383213359043892,0.6928904060588943,-1.248733730774355,-1.312181546086909,0.3761467889908257,0.2772058823529412,0.20996978851963746,1992-03-04,32,-0.44424451638037254
592206,"Castellanos, Nick",R,2025,30.01957442980142,29.682720423264907,-10.525993212486236,-12.590813947540791,37.81750188186057,40.53928164091535,-19.168183438026382,-19.68429614602467,26.612636588736095,27.668156288356464,433.0,841.0,188.0,402.0,293.3066171881554,304.02602023254747,26.063829787234045,20.8955223880597,43.48958333333333,39.72081218274111,26.096997690531175,27.46730083234245,-2.064820735054555,10.719403044392038,-5.168307399174346,-3.7687711505922152,1.3703031418112737,300.610346042131,False,75.0,69.56702479338844,0.3497004974523152,0.22332965523987694,-1.2226347239686182,-1.0842356475469954,0.40955631399317405,0.27001569858712715,0.22542372881355932,1992-03-04,33,-0.412964147010911
592206,"Castellanos, Nick",R,2026,29.11500479185904,29.15828468866801,-3.546736121649957,-4.826037150593146,39.353217056678034,42.327415231037804,-7.575130722148023,-10.637516855707075,28.70586086684594,28.400020530122074,69.0,203.0,34.0,88.0,290.52941176470586,284.2866363636363,26.47058823529412,28.40909090909091,44.927536231884055,38.54166666666667,26.08695652173913,33.99014778325123,-1.2793010289431894,-6.242775401069537,1.9385026737967905,-6.385869565217384,7.903191261512102,286.02642622950816,False,,,,,,,,,,1992-03-04,34,-0.2558602057886379
592273,"Drury, Brandon",R,2024,31.811183424896022,30.588522928451948,19.079222873411204,18.737556182573222,51.63029319674115,54.36724727732844,-13.572337367276006,-13.719146008055942,26.94307877198356,28.276221872946028,144.0,508.0,80.0,281.0,217.184557518797,275.8408833294864,26.25,21.352313167259787,35.099337748344375,23.639774859287055,25.694444444444443,21.653543307086615,-0.3416666908379824,58.656325810689424,-4.897686832740213,-11.45956288905732,-4.040901137357828,262.84225157088486,False,73.0,71.83961937716263,-1.4005694773787916,-0.7792517502492355,-0.9064894790928552,0.6559979108024184,0.26169590643274854,0.2254601226993865,0.22437673130193905,1992-08-21,32,-0.06833333816759649
592450,"Judge, Aaron",R,2024,29.737354034076237,29.710281606104207,-3.644889921715334,-3.9990970909052375,47.54940809553719,48.134868602307385,-6.777308312462718,-6.734639673242571,31.888731035446227,31.623813362322377,299.0,914.0,184.0,520.0,473.44417271747216,476.0291205071092,25.0,24.03846153846154,20.0,18.51512373968836,31.103678929765888,28.00875273522976,-0.3542071691899036,2.584947789637056,-0.9615384615384599,-1.4848762603116406,-3.0949261945361286,475.3535091529995,False,79.0,76.26742909423605,1.2611388348103547,0.14861177346546844,0.02798061623485626,0.7200678416363336,0.18927862342819324,0.2877164056059357,0.24289772727272727,1992-04-26,32,-0.07084143383798072
592450,"Judge, Aaron",R,2025,26.373094944646144,26.193821082781888,-4.434787470165869,-4.31957912218834,48.69177967449271,50.99284170905667,-5.1710748429462035,-5.653839575180417,29.97136519671898,29.878940221663193,252.0,897.0,161.0,518.0,467.23512695257995,450.0097282131523,22.981366459627328,23.745173745173744,23.809523809523807,22.060164083865086,34.12698412698413,31.88405797101449,0.11520834797752855,-17.225398739427646,0.7638072855464166,-1.7493597256587208,-2.242926155969638,454.09410111013005,False,79.0,76.16826568265682,1.0015928333569446,0.3641540715208756,0.3361598278604064,1.0036678143139715,0.22429906542056074,0.3237597911227154,0.23564064801178203,1992-04-26,33,0.023041669595505708
592450,"Judge, Aaron",R,2026,25.248909651859943,25.385095737319002,-3.032862838489289,-4.380762067396497,49.344886466745876,51.34242803277682,-6.737075543002069,-6.54180588538951,30.357827352974187,30.31149918735878,142.0,385.0,81.0,204.0,412.9548148148148,392.6851568627451,27.160493827160494,30.88235294117647,24.120603015075375,27.4468085106383,35.2112676056338,29.09090909090909,-1.3478992289072083,-20.269657952069736,3.7218591140159774,3.326205495562924,-6.12035851472471,398.4460070175438,False,79.0,75.08214285714286,1.331552515696968,0.09829703562807313,0.2739323857108811,0.8932724438632819,0.2645739910313901,0.30740037950664134,0.2982456140350877,1992-04-26,34,-0.2695798457814417
592518,"Machado, Manny",R,2024,24.14185773085494,24.593214131188496,40.07879027714817,42.84450711023142,39.13583642347078,40.39854176769408,-38.540108331439335,-37.74916239164436,28.728967873435813,30.674178781632342,240.0,992.0,145.0,499.0,354.52823717302795,334.6007334429651,21.379310344827587,18.637274549098194,26.07003891050584,30.434782608695656,26.25,21.27016129032258,2.7657168330832462,-19.927503730062824,-2.742035795729393,4.364743698189816,-4.97983870967742,339.0875161151066,False,74.0,74.28172817281728,-2.552934476353399,-2.13479056157542,2.2355006369491153,0.006722853009576136,0.29462738301559793,0.2224025974025974,0.19254658385093168,1992-07-06,32,0.5531433666166492
592518,"Machado, Manny",R,2025,24.442153170796736,24.757144834329694,52.879487669473136,57.197437343833435,40.124393112341906,41.877075452890026,-39.75689508469866,-41.68830902366166,31.190063253322077,31.062427703055167,349.0,974.0,187.0,492.0,349.73688323997095,356.4186357979922,19.25133689839572,19.308943089430894,27.245508982035926,30.690010298661175,24.355300859598856,24.229979466119097,4.3179496743603,6.6817525580212305,0.05760619103517328,3.4445013166252494,-0.12532139347975857,354.5784476855474,False,74.0,73.53364413364413,-2.7290247864815207,-2.2055576380018995,2.1180275048375474,-0.01652368703314709,0.29808429118773944,0.24263038548752835,0.19293078055964655,1992-07-06,33,0.8635899348720599
592518,"Machado, Manny",R,2026,28.091536334425708,28.60513893174176,40.46713831860906,42.348979680781184,38.50671958665696,41.32222386232422,-43.51760349227363,-44.544204372358195,27.72485694494567,27.984871734260803,303.0,936.0,159.0,499.0,322.92316981132075,329.5937795591182,20.754716981132077,21.24248496993988,32.11267605633803,29.629629629629626,23.1023102310231,23.076923076923077,1.8818413621721248,6.670609747797471,0.4877679888078035,-2.4830464267084054,-0.02538715410002368,327.98188449848027,False,74.0,74.03123909249564,-3.529406764911027,-1.7250753612009966,1.8488193961653723,-0.07699804885536977,0.30267921795800146,0.23083131557707828,0.21124620060790272,1992-07-06,34,0.37636827243442494
592626,"Pederson, Joc",L,2024,29.546557303056957,33.18274814463157,19.758478934232112,17.718454298561667,50.37753135348961,52.276392502460915,-16.693377445555893,-15.841808587243078,22.616103528270468,24.21792862830877,732.0,60.0,407.0,42.0,386.865057192567,291.92443650793655,21.375921375921376,42.857142857142854,30.320366132723116,23.300970873786408,21.584699453551913,35.0,-2.040024635670445,-94.94062068463046,21.48122148122148,-7.019395258936708,13.415300546448087,377.984197351243,False,73.0,72.35145631067961,-2.545154074391174,-0.42441399896887794,-2.219275754179505,0.003166665112365857,0.29580348004094165,0.22601010101010102,0.23385300668151449,1992-04-21,32,-0.408004927134089
592626,"Pederson, Joc",L,2026,29.655243065660592,31.700936248319103,28.19994813120928,28.334850369580437,55.288119081932194,56.38788144589476,-17.681099875484936,-20.554023073649315,23.43884449274817,22.84947917189782,744.0,65.0,397.0,36.0,348.82476574307304,280.42111111111114,22.16624685138539,38.88888888888889,29.899497487437188,29.213483146067414,27.419354838709676,30.76923076923077,0.13490223837115778,-68.4036546319619,16.7226420375035,-0.6860143413697735,3.349875930521094,343.1376258660508,False,73.0,71.33617300131061,-3.050858567182041,-0.39125200684867384,-1.8367394595141688,0.5463860698552594,0.2983050847457627,0.276885043263288,0.23556581986143188,1992-04-21,34,0.026980447674231557
592663,"Realmuto, J.T.",R,2024,30.234202272307424,30.585249770727575,22.95772947966546,24.21556734318239,39.568052288254584,41.858254529155126,-15.418560250470055,-18.102950680640944,27.356724031577265,26.95674578186377,244.0,555.0,122.0,292.0,362.31271849937644,328.90423692674426,23.770491803278688,25.0,30.567685589519648,30.54003724394786,20.901639344262296,23.423423423423422,1.2578378635169294,-33.40848157263218,1.2295081967213122,-0.027648345571787303,2.521784079161126,338.7492484046697,False,72.0,72.2624466571835,-1.3250309310969677,-0.20955058377448732,-0.1588397691411423,-0.07176216846746714,0.30548302872062666,0.2265331664580726,0.2463768115942029,1991-03-18,33,0.25156757270338587
592663,"Realmuto, J.T.",R,2025,31.080504755833317,31.616589668110606,17.281460252743347,18.94173353430602,36.54923916740331,38.60124003613655,-17.07240102678777,-20.920135072366037,26.50269791791336,26.0916968364152,306.0,762.0,166.0,384.0,299.51919888044324,324.59427121165015,25.903614457831324,22.395833333333336,31.48148148148148,32.540675844806,22.22222222222222,20.99737532808399,1.6602732815626737,25.07507233120691,-3.5077811244979884,1.0591943633245222,-1.2248468941382313,317.02615847168585,False,72.0,71.19574678536102,-1.6466603729173779,-0.03421420650915803,0.050129927595876714,-0.04094598698304018,0.3223508459483526,0.21348314606741572,0.23454545454545456,1991-03-18,34,0.3320546563125347
592663,"Realmuto, J.T.",R,2026,30.708277653598213,31.04187023959903,15.367962771060757,16.637119708616776,36.52950188870245,38.51804828319051,-21.188834135754796,-25.062620631371402,26.380870101730334,25.87582287424389,221.0,611.0,120.0,331.0,315.9173666666666,316.8666223564955,16.666666666666664,23.26283987915408,31.297709923664126,29.446935724962632,18.099547511312217,23.404255319148938,1.2691569375560192,0.949255689828874,6.596173212487415,-1.8507741987014938,5.304707807836721,316.61404878048785,False,72.0,72.13088803088803,-1.7771049806414816,-0.10464921929858989,0.3306509990852022,-0.10020051073707978,0.2996777658431794,0.21995192307692307,0.21507760532150777,1991-03-18,35,0.2538313875112038
592669,"Renfroe, Hunter",R,2024,29.30156187529913,29.717581766389333,8.15308245405461,8.42685258731555,29.26753329961024,30.440336308282866,-20.934609721224117,-21.766077514927407,28.304484534809223,28.75375046700136,230.0,504.0,126.0,298.0,310.90964300282604,286.9696324839075,18.253968253968253,20.469798657718123,29.918032786885245,24.78485370051635,18.695652173913043,23.214285714285715,0.273770133260939,-23.94001051891854,2.2158304037498695,-5.133179086368894,4.518633540372672,294.0838808928314,False,73.0,74.38892171344166,-1.9008732157658126,-0.1135022275038647,1.9976423897048827,-1.4848941611625432,0.263030303030303,0.21798365122615804,0.19811320754716982,1992-01-28,32,0.0547540266521878
592669,"Renfroe, Hunter",R,2025,28.863275636852403,28.834941852405695,11.20006850028805,10.211580509027334,30.4639001274404,29.73714922156917,-22.456638428482773,-24.90204484022649,28.21680224571425,27.46770543686393,64.0,108.0,42.0,66.0,347.58670665842095,198.9748936114391,14.285714285714285,22.727272727272727,20.28985507246377,29.457364341085274,14.0625,25.925925925925924,-0.9884879912607154,-148.61181304698187,8.441558441558442,9.167509268621505,11.863425925925924,256.7683764630431,False,,,,,,,,,,1992-01-28,33,-0.1976975982521431
592885,"Yelich, Christian",L,2024,27.943708197059305,27.892990162429342,12.630569027636458,11.012869840540782,42.969405730356584,41.666500441654286,0.16036617624796873,-0.02200429766218389,32.75365699925393,32.61511976989419,409.0,169.0,216.0,99.0,384.91038366105283,344.58626279252985,18.98148148148148,17.17171717171717,23.92638036809816,26.842105263157894,20.048899755501225,21.301775147928996,-1.6176991870956758,-40.32412086852298,-1.8097643097643115,2.915724895059732,1.2528753924277716,372.23708853094564,False,76.0,72.31892430278884,1.8158814757732007,1.4353220812939553,0.8414317499013733,1.8400006367692046,0.24742268041237114,0.2041522491349481,0.18412698412698414,1991-12-05,33,-0.32353983741913517
592885,"Yelich, Christian",L,2025,27.683403756208556,27.93126789773811,9.826911500485942,8.420370517394678,39.29802651210876,39.11036602992931,0.7620675814920979,1.2651342494387052,32.69739793681784,32.869051762569526,813.0,365.0,440.0,207.0,353.41666114798255,280.7110245271531,25.0,27.536231884057973,25.349087003222344,26.78132678132678,26.44526445264453,26.575342465753426,-1.4065409830912632,-72.70563662082947,2.5362318840579725,1.4322397781044351,0.13007801310889633,330.15535236821177,False,76.0,72.43131046613895,2.0270559284089953,1.5994590029908116,1.2083877532771878,1.641178667205092,0.257847533632287,0.26485568760611206,0.2581143740340031,1991-12-05,34,-0.2813081966182526
592885,"Yelich, Christian",L,2026,27.872012752863586,28.243692414414333,12.47798070291724,10.705520158377857,39.35732240200541,40.15328604707974,-0.6704181472109411,-0.30227381582757484,32.55080669654775,32.57822934503064,667.0,253.0,359.0,129.0,312.6539275766017,286.7528372093024,27.019498607242337,26.356589147286826,23.870967741935484,25.64102564102564,29.83508245877061,21.73913043478261,-1.772460544539383,-25.901090367299275,-0.662909459955511,1.7700578990901548,-8.095952023988001,305.8071229508197,False,76.0,72.21224732461356,1.707310024850191,1.2247121445406135,1.4428286246343154,1.8822126892427846,0.2433206106870229,0.27608695652173915,0.26844262295081966,1991-12-05,35,-0.35449210890787664
593160,"Merrifield, Whit",R,2024,26.22148130070816,29.28046891962058,1.5157693696834595,-0.8436866822814529,34.87430689686163,32.47713618838991,-8.285262265866843,-5.1444769734691835,25.673823760023012,25.441930810699873,212.0,388.0,122.0,214.0,293.587979392347,298.75853018839933,12.295081967213115,17.289719626168225,26.51162790697674,25.05399568034557,21.22641509433962,14.948453608247423,-2.3594560519649126,5.170550796052339,4.99463765895511,-1.4576322266311728,-6.277961486092199,296.8811278160232,False,73.0,62.695228628230616,0.9520954971457893,0.39976854587682215,-1.8289769206444306,-1.2632434537301491,0.2551622418879056,0.17166666666666666,0.15476190476190477,1989-01-24,35,-0.47189121039298254
593428,"Bogaerts, Xander",R,2024,15.580349529619912,15.89633558082474,9.30926049830355,9.842559414196167,43.70088369152469,44.3343479842131,-7.8066527365849785,-8.295500311243652,31.02954102111889,31.02464942082302,178.0,613.0,108.0,355.0,314.1781078597819,304.959837315854,13.88888888888889,18.028169014084508,22.535211267605636,27.00490998363339,17.97752808988764,16.150081566068515,0.5332989158926171,-9.218270543927929,4.139280125195619,4.469698716027754,-1.8274465238191269,307.11010344705096,False,74.0,69.64043165467626,1.649741125638885,-0.7441681988354313,1.0812937452461977,0.16692335316623372,0.25849514563106796,0.16561314791403287,0.17062634989200864,1992-10-01,32,0.10665978317852343
593428,"Bogaerts, Xander",R,2025,19.551261603211152,19.77178113471381,4.8273963882508895,5.454089928804281,41.09283118468424,42.60915631761204,-5.802404114636829,-6.310314969988829,29.96479435245531,29.657519713943522,256.0,621.0,172.0,385.0,351.97924798465823,311.89628789583213,15.11627906976744,17.662337662337663,21.85430463576159,24.441340782122907,17.1875,20.933977455716587,0.6266935405533918,-40.0829600888261,2.5460585925702226,2.587036146361317,3.7464774557165867,324.27379083169944,False,74.0,71.24867924528301,1.4860041508623851,0.014255500912493658,0.8974961807506554,0.16395473082558015,0.23673870333988212,0.19840364880273662,0.1687612208258528,1992-10-01,33,0.12533870811067835
593428,"Bogaerts, Xander",R,2026,24.28308684979433,24.61264129866689,3.8745047017139376,4.113688437122417,42.79947264518827,44.999310061292576,-5.150247740294831,-4.909224891106303,32.02130447729378,31.897622382861368,255.0,698.0,157.0,437.0,331.30224203821655,318.3043295194508,11.464968152866243,20.137299771167047,25.0,22.041763341067284,20.0,21.48997134670487,0.2391837354084796,-12.997912518765759,8.672331618300804,-2.958236658932716,1.4899713467048699,321.7398047138047,False,74.0,71.48676654182272,1.9322437901761198,-0.06133008523056192,0.4408663379270085,0.4884817494156752,0.22805507745266781,0.21091290661070305,0.17845117845117844,1992-10-01,34,0.04783674708169592
594807,"Duvall, Adam",R,2024,26.37790952331465,26.53266269026,0.4408755169494301,-1.0852660496793343,33.19138945752166,32.99221537801361,0.4598479153545383,0.8649584994410634,29.273984129759242,27.496593947445426,225.0,389.0,123.0,207.0,382.2167925142519,225.86566213094474,22.76422764227642,34.29951690821256,30.278884462151396,35.54987212276215,23.11111111111111,27.249357326478147,-1.5261415666287643,-156.35113038330715,11.53528926593614,5.270987660610757,4.138246215367037,284.141992546541,False,73.0,71.45381944444445,1.2096972042625744,1.3948865342260592,0.42046907856888,-0.4345979742719219,0.3348909657320872,0.25732899022801303,0.3,1988-09-04,36,-0.30522831332575284
595281,"Kiermaier, Kevin",L,2024,28.338194458442487,28.721584196548296,12.258768904292742,11.997705918304296,30.265886497678043,30.425704853403136,-11.551339578586466,-12.299201538022265,33.25579847090346,33.01151172995667,451.0,99.0,224.0,57.0,239.63757251473314,216.15263955342905,30.80357142857143,29.82456140350877,32.663316582914575,32.67326732673268,32.37250554323725,35.35353535353536,-0.26106298598844546,-23.484932961304082,-0.9790100250626601,0.009950743818102126,2.9810298102981037,234.87372490336543,False,73.0,69.60372807017544,0.11927239813111705,-1.0708799621644423,0.9256955395549374,-0.7828871847183287,0.32665330661322645,0.3290909090909091,0.30604982206405695,1990-04-22,34,-0.052212597197689094
595879,"Báez, Javier",R,2024,25.86442013781768,27.447521971146,34.62797446675741,33.75744208536111,41.11791900416266,38.33893508920755,-32.4231528424739,-32.71688923671596,30.977672779072034,31.330807847960468,119.0,419.0,65.0,224.0,243.1666524953308,278.301324207056,23.076923076923077,24.107142857142858,40.17094017094017,42.76457883369331,23.52941176470588,29.832935560859188,-0.8705323813962949,35.13467171172519,1.030219780219781,2.5936386627531363,6.303523796153307,270.39906240338075,False,71.0,73.86753246753247,-2.3912330895338996,-2.5588934947458135,-0.0017581136107423403,-1.2067859757345731,0.4224137931034483,0.2843866171003718,0.23875432525951557,1992-12-01,32,-0.17410647627925896
595879,"Báez, Javier",R,2025,19.23097495458067,19.763411482123004,15.899730196581118,16.556333923700038,37.673254560343075,36.65118063578829,-10.356082868570006,-11.245639558190716,31.331951721897486,30.85695720140654,264.0,583.0,134.0,302.0,309.53418673639,255.04733313006096,23.134328358208954,25.496688741721858,47.674418604651166,44.73684210526316,23.484848484848484,30.53173241852487,0.6566037271189202,-54.48685360632902,2.362360383512904,-2.9375764993880082,7.046883933676387,271.7932927246667,False,71.0,72.56120689655172,0.9427666511162681,-1.0830380202778982,-0.3392750167563993,-1.4410385445488643,0.45652173913043476,0.2833530106257379,0.24770642201834864,1992-12-01,33,0.13132074542378405
595879,"Báez, Javier",R,2026,28.377979172369972,27.528062476087054,15.155994075743585,15.919923593902627,34.5736770417678,36.678251463573154,-14.464619310461213,-13.517097292417592,31.803046408274433,31.916121531558385,110.0,262.0,57.0,135.0,324.7388070175439,231.9719111111111,17.543859649122805,22.22222222222222,47.524752475247524,47.038327526132406,26.36363636363636,28.62595419847328,0.763929518159042,-92.76689590643278,4.678362573099417,-0.48642494911511847,2.262317834836921,259.51208333333335,False,71.0,72.43123287671233,0.30346961449983834,-0.9057015696637638,-0.05408701322148232,-1.241271688881815,0.47164948453608246,0.27956989247311825,0.20833333333333334,1992-12-01,34,0.15278590363180838
595909,"Cave, Jake",L,2024,23.231970857494687,23.336177973592086,-5.984385652015413,-4.667779194655047,44.248541230842825,42.01057001405765,-7.501381718848568,-8.023550452086518,34.23768760176746,34.254267452888925,622.0,84.0,305.0,42.0,298.0173971950623,139.1904761904762,26.229508196721312,42.857142857142854,33.560477001703575,31.428571428571427,24.437299035369776,34.523809523809526,1.3166064573603657,-158.8269210045861,16.627634660421542,-2.1319055731321477,10.08651048843975,278.79338946540054,False,72.0,68.65932721712538,1.9356811158400742,-0.8451383531033814,0.8852572478904542,-0.33794836356939556,0.3333333333333333,0.2563739376770538,0.2824207492795389,1992-12-04,32,0.26332129147207317
595978,"Hedges, Austin",R,2024,27.57312953020367,28.794894223522643,-1.6115290170991357,3.4839049346385895,40.55986773501009,45.79969154344708,-13.468988533131633,-15.776396703537445,33.57473380817781,33.03056187897348,136.0,154.0,65.0,81.0,195.4926053511706,151.87117220639442,33.84615384615385,34.5679012345679,25.49019607843137,29.86111111111111,32.35294117647059,30.519480519480517,5.095433951737725,-43.62143314477618,0.7217473884140517,4.37091503267974,-1.83346065699007,171.29167326400025,True,,,,,,,,,,1992-08-18,32,1.019086790347545
595978,"Hedges, Austin",R,2025,30.55801533484473,30.6858126021058,2.5663097822483514,6.9106530395111525,48.99525048755283,50.63859403200207,-12.734756321442958,-13.772444618700018,24.37613563175123,24.533104365674554,178.0,173.0,89.0,91.0,251.04390259127314,241.89545056286812,26.96629213483146,20.87912087912088,30.0,30.0,29.775280898876407,27.74566473988439,4.344343257262802,-9.148452028405018,-6.0871712557105795,0.0,-2.0296161589920168,246.41885184357946,True,72.0,70.76656346749226,-1.011254174388201,1.3394533005884106,0.1857330633471513,1.3317788586178967,0.3,0.28774928774928776,0.2388888888888889,1992-08-18,33,0.8688686514525603
595978,"Hedges, Austin",R,2026,31.324059949290504,32.12828435219319,35.62306477369149,35.76818781695174,52.70727158096626,54.78782054332232,-30.61108285202542,-30.34050880739395,35.85530866513722,35.762682135561604,202.0,203.0,124.0,118.0,302.78141935483865,252.8723728813559,12.096774193548388,24.576271186440678,24.267782426778243,27.391304347826086,21.287128712871286,25.12315270935961,0.1451230432602486,-49.90904647348276,12.47949699289229,3.1235219210478427,3.836023996488322,278.445603305785,True,72.0,68.5900826446281,-2.0740338978354393,-2.359536775313079,0.18615011085719477,1.6647933865527371,0.2579957356076759,0.23209876543209876,0.18181818181818182,1992-08-18,34,0.02902460865204972
596103,"Slater, Austin",R,2024,28.495546817284158,28.30282766854791,3.36749412106621,3.507083818098331,49.36555977830111,48.108786387241935,-0.9871347452770102,-1.690124759982952,26.244230419500703,27.201212673893618,261.0,113.0,142.0,70.0,300.1380960382518,320.8574495311638,26.056338028169012,32.857142857142854,20.469798657718123,13.846153846153847,27.586206896551722,27.43362831858407,0.13958969703212087,20.719353492912035,6.800804828973842,-6.623644811564276,-0.1525785779676525,306.97939200289255,False,73.0,70.96981707317073,0.37846668585271354,1.3102043342404375,-1.0288625481793687,1.0015095112622854,0.18457943925233644,0.27540106951871657,0.2830188679245283,1992-12-13,32,0.027917939406424175
596103,"Slater, Austin",R,2025,33.81173414739421,33.98407067006283,19.29353104055942,19.34302862106835,58.75026948215408,59.160149353500856,-26.057780910950324,-25.587638782220324,21.47582418517604,21.763593543434215,196.0,122.0,93.0,67.0,387.6789570577809,243.87944133229954,30.107526881720432,34.32835820895522,28.888888888888886,25.384615384615383,21.93877551020408,24.59016393442623,0.04949758050893038,-143.79951572548137,4.220831327234791,-3.5042735042735025,2.651388424222148,327.4629098477356,False,73.0,68.89934210526316,-2.4007343519021256,0.044277391790820936,-1.9952479210299383,1.4583082152404252,0.27419354838709675,0.22955974842767296,0.31875,1992-12-13,33,0.009899516101786077
596115,"Story, Trevor",R,2025,25.480954005273386,25.786547496871147,-13.362292693266847,-12.568843826880103,54.22169897666404,55.12952731626003,-25.679515177127936,-26.133669664891944,35.94157984746285,36.11075181755855,362.0,982.0,171.0,484.0,322.1384477055863,309.4073765537075,23.976608187134502,27.892561983471076,34.85342019543974,35.43307086614173,24.585635359116022,28.105906313645622,0.7934488663867434,-12.731071151878837,3.9159537963365736,0.5796506707019944,3.5202709545296003,312.73106077809115,False,73.0,70.34686520376177,0.08225872275796321,-1.0395580251742658,1.8436740530419775,0.050564830115815015,0.3528428093645485,0.27157738095238093,0.2687022900763359,1992-11-15,33,0.15868977327734868
596115,"Story, Trevor",R,2026,25.077514390792352,25.502429290862057,-18.695728925041095,-17.754358201428627,51.994156454130255,52.50700453257582,-27.82514734229221,-28.117368029990345,37.0154138394001,37.237137827928265,138.0,382.0,67.0,185.0,296.9576119402985,239.03965405405407,32.83582089552239,30.810810810810814,40.55944055944056,44.6927374301676,30.434782608695656,26.701570680628272,0.9413707236124687,-57.91795788624441,-2.0250100847115746,4.133296870727037,-3.7332119280673837,254.4384761904762,False,73.0,70.32570281124498,0.10592969541636381,-1.0816219948229293,2.2630082633059905,-0.2632810886001553,0.4351297405189621,0.27692307692307694,0.3134920634920635,1992-11-15,34,0.18827414472249374
596117,"Stubbs, Garrett",L,2024,26.840942856039852,26.773498573353635,12.851626282522854,13.07498110047807,61.85762429679288,63.25931217621106,-2.074851372384093,-2.189715165906835,37.97966829457637,38.67230304828251,244.0,113.0,128.0,59.0,247.12089174107143,261.0784406779661,28.125,23.728813559322035,32.41106719367589,31.25,24.59016393442623,18.58407079646018,0.22335481795521517,13.957548936894682,-4.396186440677965,-1.1610671936758905,-6.006093137966051,251.5246103896104,False,69.0,66.01728395061728,1.1842044328168846,-0.5519707576096362,-1.901436481480972,2.2273405278344858,0.32054794520547947,0.226890756302521,0.26737967914438504,1993-05-26,31,0.044670963591043035
596142,"Sánchez, Gary",R,2024,32.115513057254574,32.205394875829306,10.553802090295411,11.414853940461802,50.75145684988743,50.47666667916739,-27.41768909582013,-25.95316201526808,16.018299036522134,15.735825725342588,216.0,255.0,119.0,161.0,344.52013983015104,292.39349098103327,25.210084033613445,28.57142857142857,25.301204819277107,28.445747800586513,25.925925925925924,29.411764705882355,0.8610518501663904,-52.12664884911777,3.3613445378151248,3.1445429813094066,3.485838779956431,314.54731674190833,False,74.0,72.21666666666667,-2.8919433144888784,1.5355682597832352,-0.5988092343367621,1.1459361652749984,0.2711864406779661,0.2781316348195329,0.2714285714285714,1992-12-02,32,0.17221037003327808
596142,"Sánchez, Gary",R,2025,32.93816345727145,32.64536997734188,3.9190118477427145,4.076824035944433,53.2362988986478,53.92934264220112,-26.437230092266926,-24.731522382382643,18.33931314263021,18.194720273889363,80.0,96.0,42.0,59.0,261.12315817770235,348.84889956658463,26.190476190476193,27.11864406779661,32.94117647058823,18.58407079646018,26.25,20.833333333333336,0.15781218820171894,87.72574138888228,0.9281678773204156,-14.357105674128054,-5.416666666666664,312.36888829596035,False,,,,,,,,,,1992-12-02,33,0.03156243764034379
596142,"Sánchez, Gary",R,2026,34.41850358330356,33.9543363711293,16.906405229237564,17.11105909552946,56.80960116869801,57.206731752523766,-38.804517431233556,-38.203268026442466,13.964801573298017,14.102673884255285,175.0,222.0,119.0,146.0,349.0845042016806,334.368301369863,17.647058823529413,23.28767123287671,24.548736462093864,20.327868852459016,28.000000000000004,24.324324324324326,0.20465386629189553,-14.716202831817611,5.640612409347298,-4.220867609634848,-3.675675675675677,340.9767094339622,False,74.0,70.48305555555557,-4.330119036586003,1.1231248114790644,-0.3677853394550834,1.7676205431048995,0.22336769759450173,0.2594458438287154,0.20754716981132076,1992-12-02,34,0.040930773258379106
596146,"Kepler, Max",L,2024,34.3623461102259,34.47524072373275,19.32004145609925,15.767953058117858,55.637248984893354,55.23662808842828,-16.096273363576994,-14.283591520341751,31.056790621994995,30.94340309087757,615.0,167.0,317.0,82.0,308.26200918981743,287.2059634322318,19.242902208201894,23.170731707317074,30.287648054145517,33.74233128834356,21.6260162601626,22.75449101796407,-3.552088397981393,-21.05604575758565,3.9278294991151803,3.45468323419804,1.1284747578014702,303.9347015403888,False,76.0,70.47027777777778,-0.8587737830861135,-1.121985855103286,0.08329005128020045,1.7487013518763739,0.3103448275862069,0.2186700767263427,0.20050125313283207,1993-02-10,31,-0.7104176795962787
596146,"Kepler, Max",L,2025,32.325470966265414,32.920133224523006,26.401318519095152,24.222105713069336,53.376618820960466,53.10839879322846,-24.561470288355224,-24.07817496490278,34.695373539641814,35.2763779634005,751.0,127.0,399.0,76.0,342.4696440485537,262.4102038880796,19.047619047619047,22.36842105263158,26.14622057001239,25.71428571428571,21.70439414114514,23.62204724409449,-2.1792128060258165,-80.05944016047408,3.3208020050125313,-0.4319348557266771,1.9176531029493482,329.6601336228778,False,76.0,70.59638118214717,-1.4635646918000835,-2.233640808902128,0.9589174011618109,1.795628056966791,0.26096491228070173,0.21981776765375854,0.1957894736842105,1993-02-10,32,-0.4358425612051633
602104,"Urías, Ramón",R,2024,30.125935429279163,30.21439330735703,3.0956140178912275,2.373584798531038,41.72753216608156,40.94076346728089,-15.518464909325647,-15.83419892502955,29.78214693043604,29.591905856268447,172.0,398.0,83.0,218.0,331.51366824720805,331.23195552188486,18.072289156626507,18.34862385321101,28.04878048780488,25.53191489361702,22.093023255813954,25.376884422110553,-0.7220292193601896,-0.2817127253231888,0.2763346965845024,-2.516865594187859,3.2838611662965995,331.3096371039507,False,69.0,69.7299424184261,-0.2154467168903263,-0.258821670380204,0.16127389178709378,-0.4454652476839705,0.262350936967632,0.24385964912280703,0.18272425249169436,1994-06-03,30,-0.14440584387203792
602104,"Urías, Ramón",R,2025,29.54106804426902,29.634986512834224,7.186030337967644,6.952252236279034,42.8431107446495,41.74534868269058,-18.14503171200872,-17.65826389388108,29.58119964018305,29.444817409659155,243.0,497.0,118.0,274.0,295.5980174614878,282.4334406500069,26.27118644067797,20.802919708029197,30.45267489711934,26.008064516129032,25.925925925925924,23.138832997987926,-0.23377810168860957,-13.164576811480913,-5.468266732648772,-4.444610380990309,-2.787092927937998,286.3962469350956,False,69.0,70.09198250728863,-0.00954011027921858,-0.3499644366390265,0.22524338746356007,-0.07527214304432346,0.2746955345060893,0.24054054054054055,0.22448979591836735,1994-06-03,31,-0.04675562033772192
602104,"Urías, Ramón",R,2026,29.8934367962904,29.62201842716419,8.909043166592841,7.685250161587099,46.27110281047716,45.07531612308519,-15.17268492717447,-15.170770300634832,28.87493532914102,28.299308671763406,65.0,109.0,40.0,60.0,440.7052,209.3794,20.0,16.666666666666664,20.98765432098765,28.999999999999996,18.461538461538463,22.018348623853214,-1.2237930050057422,-231.3258,-3.3333333333333357,8.012345679012345,3.5568101623147506,301.90972,False,,,,,,,,,,1994-06-03,32,-0.24475860100114843
605113,"Ahmed, Nick",R,2024,35.82584944354969,35.68184978038031,6.2735958757159915,9.705692674553037,41.193892695211616,40.94662762153224,-17.556718134386113,-20.42323629891453,20.195838974564303,19.73244130687599,171.0,289.0,87.0,141.0,315.17986128125364,237.0395145790212,20.689655172413794,23.404255319148938,35.66433566433567,37.142857142857146,20.46783625730994,25.60553633217993,3.432096798837045,-78.14034670223245,2.714600146735144,1.478521478521479,5.13770007486999,266.85622582066253,False,73.0,66.85050505050505,-2.7891521977087614,1.9849609764349698,0.567364964721685,0.6769958893105918,0.36597938144329895,0.23695652173913043,0.2236842105263158,1990-03-15,34,0.686419359767409
605131,"Barnes, Austin",R,2024,27.14525868987978,26.96560953369801,0.3192391995714452,1.7235658774586693,44.59435586493252,47.33136576733129,-8.262398985055501,-9.393985405036057,23.051684310565616,22.803634550911536,77.0,201.0,43.0,113.0,346.9843483634667,246.24201708880076,13.953488372093023,26.548672566371685,14.754098360655737,20.19704433497537,14.285714285714285,21.890547263681594,1.404326677887224,-100.74233127466596,12.595184194278662,5.442945974319633,7.604832977967309,274.01073660681766,False,,,,,,,,,,1989-12-28,35,0.2808653355774448
605141,"Betts, Mookie",R,2024,24.559769876193208,24.78234902460938,9.779951970872853,10.57074782684368,38.249397324000675,40.845072139083186,-13.28269793894726,-14.198155302389907,24.90114279638165,24.82369391167931,269.0,557.0,162.0,354.0,392.4729987823336,350.63182729571326,8.024691358024691,12.429378531073446,24.550898203592812,19.337016574585636,11.152416356877323,15.439856373429084,0.7907958559708277,-41.84117148662034,4.404687173048755,-5.213881629007176,4.287440016551761,363.76800904151264,False,69.0,68.20545722713865,-0.8626064671099184,0.246833412766517,0.35007860007905,-0.6859644549975857,0.20982986767485823,0.14043583535108958,0.11046511627906977,1992-10-07,32,0.15815917119416553
605141,"Betts, Mookie",R,2025,25.87092244405171,25.64467481132757,14.300005611916392,15.027142621338303,39.87590383299178,42.15317979896629,-15.38905117285063,-15.855941520419654,26.452785324752575,26.63420013192245,285.0,728.0,187.0,477.0,323.9137964418469,331.7853616822021,10.16042780748663,10.272536687631026,21.69014084507042,21.785714285714285,13.684210526315791,14.697802197802199,0.7271370094219112,7.87156524035521,0.11210888014439568,0.09557344064386442,1.0135916714864077,329.56852026662017,False,69.0,68.41028761061948,-1.0246128371666283,-0.3806403027876353,0.49950847180183816,-0.47978718197579046,0.2175732217573222,0.1441263573543929,0.10240963855421686,1992-10-07,33,0.14542740188438225
605141,"Betts, Mookie",R,2026,26.844730243920523,26.417479067069287,16.03057565138596,16.683821654436855,41.40975238797253,45.87202855964016,-15.616934835721235,-15.961835992367233,29.020003191536517,29.068950920340335,242.0,523.0,164.0,343.0,363.68431707317075,328.2902390670554,7.317073170731707,12.244897959183673,20.394736842105264,19.666666666666664,7.43801652892562,13.001912045889103,0.6532460030508958,-35.394078006115365,4.927824788451966,-0.7280701754385994,5.563895516963483,339.73921104536487,False,69.0,69.01869565217392,-0.7611757288078845,-0.852958183513262,0.6010691280939712,-0.4659404602869386,0.19911504424778761,0.11241830065359477,0.10650887573964497,1992-10-07,34,0.13064920061017915
605204,"Davis, J.D.",R,2024,29.289658799116506,30.611500287843352,9.322699250786998,11.02402396946666,29.681744538548514,29.960627434158752,-9.141368245768772,-7.987250528135479,31.72470121647947,34.30755450528859,111.0,191.0,55.0,102.0,287.2153770392092,288.8192208083777,29.09090909090909,22.54901960784314,22.52252252252252,27.741935483870968,27.927927927927925,31.413612565445025,1.7013247186796612,1.6038437691684635,-6.541889483065951,5.219412961348446,3.4856846375170996,288.2573647108983,False,,,,,,,,,,1993-04-27,31,0.34026494373593225
605361,"Martini, Nick",L,2024,29.76222636531991,29.951945324761972,17.529583265433377,18.188146276549215,55.66195299791288,56.07614842696191,-18.8032092756117,-19.761079585462337,29.7356939413271,30.944068070893636,238.0,72.0,130.0,34.0,296.0363614904893,222.94285910211076,23.076923076923077,23.52941176470588,25.94142259414226,48.275862068965516,20.588235294117645,22.22222222222222,0.658563011115838,-73.09350238837854,0.4524886877828038,22.334439474823256,1.6339869281045765,280.8828305075328,False,,,,,,,,,,1990-06-27,34,0.1317126022231676
606115,"Arcia, Orlando",R,2024,27.880285660233653,27.866934129147506,19.723626714827198,21.008894615686312,37.720266490027306,39.0061954860687,-18.22361601468007,-18.916012673844403,33.01657608322336,32.90215021808887,286.0,857.0,147.0,456.0,268.5675840780627,260.39198715924465,24.489795918367346,20.175438596491226,28.093645484949832,27.347417840375588,23.076923076923077,23.687281213535588,1.2852679008591146,-8.17559691881803,-4.31435732187612,-0.746227644574244,0.6103581366125113,262.3850431245287,False,71.0,70.03098311817278,-0.9946398436828607,-1.0812744261654899,0.3763499855344582,-0.4617469488235078,0.27541268462206775,0.23534558180227472,0.21227197346600332,1994-08-04,30,0.2570535801718229
606115,"Arcia, Orlando",R,2025,28.329176299256194,28.00980892713238,21.430337088928166,23.039933668023306,38.46831818624783,38.74355529860114,-21.578984749351076,-22.465795570472746,29.962211011747897,29.699955445612773,107.0,316.0,56.0,158.0,233.1982160856385,239.9905647162812,19.642857142857142,22.78481012658228,32.95454545454545,32.97872340425532,20.5607476635514,22.151898734177212,1.6095965790951396,6.792348630642692,3.1419529837251368,0.024177949709866198,1.5911510706258127,238.2131276914401,False,71.0,69.87809278350515,-1.6448722257454882,-0.7291395744366764,0.4139618642462324,-0.14688436815304495,0.32972972972972975,0.21749408983451538,0.21962616822429906,1994-08-04,31,0.32191931581902794
606192,"Hernández, Teoscar",R,2024,31.511828572645598,31.121716435188596,-1.5892568797771445,-2.1152074065396236,29.960099301587018,31.08788604254073,-0.8149836392084849,-0.9689312062798017,27.3289315626996,27.327699171236617,330.0,1004.0,171.0,481.0,389.6451573306813,333.6417710396097,26.900584795321635,29.521829521829524,28.440366972477065,28.72872872872873,30.606060606060602,31.772908366533866,-0.5259505267624791,-56.00338629107159,2.6212447265078893,0.28836175625166405,1.1668477604732637,348.3297757263785,False,72.0,72.48602878916172,0.4540065173780977,1.6474450113906818,-0.7135736285560541,-1.1167344024921138,0.2865761689291101,0.3148425787106447,0.2883435582822086,1992-10-15,32,-0.10519010535249582
606192,"Hernández, Teoscar",R,2025,30.720776100826868,30.736958398956826,1.490671230326322,2.1638794957444833,33.73512189681725,33.51706989658126,-6.901828392999869,-6.9054589457665925,27.424609579741773,27.512456379443698,253.0,825.0,126.0,420.0,331.5948779099209,321.58814613465483,17.46031746031746,26.666666666666668,30.45267489711934,30.287206266318538,28.063241106719367,29.939393939393938,0.6732082654181613,-10.006731775266076,9.20634920634921,-0.16546863080080243,1.8761528326745704,323.897391928947,False,72.0,72.17138613861387,0.17889166515990426,0.9490830860004301,-0.31843376642490495,-0.7531776081413911,0.30327056491575816,0.2949907235621521,0.2454212454212454,1992-10-15,33,0.13464165308363224
606192,"Hernández, Teoscar",R,2026,31.63747576661979,31.49331901196545,-11.255866632764121,-11.144493295359876,29.744356130665587,29.827728867042207,-7.881508932474182,-6.784220874888456,28.224027429659266,28.342715324432938,275.0,617.0,146.0,327.0,395.7667397260274,301.7607706422018,21.232876712328768,29.66360856269113,32.047477744807125,29.562594268476623,30.181818181818183,29.497568881685577,0.11137333740424538,-94.00596908382562,8.430731850362363,-2.484883476330502,-0.6842493001326062,330.7774122621565,False,72.0,71.65545134818288,0.5914156657247742,1.132869808198167,-0.5643770582279085,-1.3611630678801534,0.304,0.297085201793722,0.27061310782241016,1992-10-15,34,0.022274667480849074
607043,"Nimmo, Brandon",L,2024,26.598272872916844,26.793124485945274,11.31221343667124,11.229133282770645,26.006636221600957,26.728616252196712,-8.363744961212795,-8.857047339235905,28.46006123610412,28.44915996773401,929.0,300.0,496.0,170.0,343.27645225855167,319.31594343934245,23.588709677419356,24.11764705882353,22.14828897338403,29.19254658385093,20.344456404736274,24.333333333333336,-0.08308015390059431,-23.960508819209224,0.5289373814041731,7.0442576104669,3.9888769285970618,337.16040646385864,False,73.0,72.36542222222222,0.6280956972151371,0.28682972668485895,2.157905656438102,-0.13008120953204708,0.23799126637554585,0.21318144833197722,0.23723723723723725,1993-03-27,31,-0.016616030780118862
607043,"Nimmo, Brandon",L,2025,28.19332777820261,28.40565641951238,8.850265204693859,8.702734977837881,27.03427597186399,27.916437508653637,-9.852802899945445,-12.219929582243557,25.364296534537193,25.276056258718242,831.0,394.0,448.0,204.0,325.4818528769537,310.41791204034746,20.535714285714285,24.019607843137255,22.564734895191123,26.775956284153008,21.660649819494584,21.82741116751269,-0.14753022685597728,-15.063940836606264,3.48389355742297,4.211221388961885,0.16676134801810605,320.76859531458,False,73.0,71.33295652173912,0.1707803776134328,0.7289738186179752,1.6903932986199681,-0.1138203240859687,0.23874256584536957,0.21714285714285714,0.21625766871165644,1993-03-27,32,-0.029506045371195454
607043,"Nimmo, Brandon",L,2026,26.4744503393648,27.006624788301284,11.702084116987498,10.75577165917127,34.154478288027356,32.992353567760595,-12.557451091992672,-13.985105988419363,26.699496324988594,26.42941710627226,881.0,389.0,438.0,198.0,350.8904840182648,326.20757575757574,23.74429223744292,19.696969696969695,29.439252336448597,28.57142857142857,19.863791146424518,22.36503856041131,-0.9463124578162283,-24.682908260689032,-4.047322540473225,-0.8678237650200273,2.5012474139867926,343.20618238993706,False,73.0,71.45188679245283,-0.2237879834466317,0.6779237132431164,2.124299650962354,0.7342432939446277,0.29187396351575456,0.2062992125984252,0.2248427672955975,1993-03-27,33,-0.18926249156324565
607208,"Turner, Trea",R,2024,27.711513848288654,27.647954265775706,3.9989440438133843,3.8633040663585816,51.3014291220229,50.640742082317765,0.9443051185865755,0.9618148071804713,37.26738339012129,37.776000495417044,362.0,736.0,169.0,372.0,353.257194497365,306.0950783634529,17.159763313609467,18.548387096774192,30.555555555555557,35.10791366906475,23.480662983425415,24.728260869565215,-0.13563997745480272,-47.16211613391209,1.388623783164725,4.552358113509193,1.2475978861398005,320.8277911668376,False,73.0,70.7569387755102,2.9907553965496416,1.0487632736652892,-0.7628797371448355,1.5835224326553277,0.3355450236966825,0.24316939890710382,0.18114602587800369,1993-06-30,31,-0.027127995490960545
607208,"Turner, Trea",R,2025,28.714564576917716,28.96355346715975,5.66549483798772,5.968709992753474,47.49796020733199,47.56156906742023,0.5670478768175345,0.7921322165912029,38.41265234489121,38.23455222661928,410.0,828.0,205.0,437.0,325.09179434414517,316.8834382826042,15.609756097560975,17.162471395881006,32.0,30.582524271844658,18.536585365853657,25.24154589371981,0.3032151547657538,-8.208356061540997,1.552715298320031,-1.4174757281553418,6.704960527866152,319.5044865577068,False,73.0,70.29209383145091,3.1193136654010534,1.0196256314572496,-0.5498771668160392,1.4628990703163571,0.3104575163398693,0.23021001615508885,0.16666666666666666,1993-06-30,32,0.06064303095315075
607208,"Turner, Trea",R,2026,26.90960321668662,26.720885619991204,6.467807897621609,6.161433512338168,48.03674018793925,48.777339367066105,2.6724878962054444,2.287684363191506,41.66928766115228,41.54632162572485,438.0,850.0,229.0,448.0,326.38958951965066,279.1984017857143,16.157205240174672,23.4375,30.122950819672127,36.86006825938566,20.091324200913242,28.58823529411765,-0.30637438528344063,-47.191187733936374,7.280294759825328,6.737117439713536,8.496911093204407,295.161152141802,False,73.0,70.74798021434461,3.785950534956555,0.6294009498596749,0.11523943072029187,1.499063134266241,0.3445501097293343,0.25698757763975155,0.20974889217134415,1993-06-30,33,-0.061274877056688125
607680,"Pillar, Kevin",R,2024,28.588753823391663,28.531324253144895,13.921811290773013,15.02596472274307,40.26228063060929,41.521677080291795,-3.786653994327256,-4.833609169058637,24.836413997151755,24.62497113411117,253.0,377.0,125.0,189.0,312.7353723023948,255.58351609134039,17.599999999999998,24.867724867724867,38.28996282527881,37.215909090909086,24.50592885375494,20.159151193633953,1.104153431970058,-57.15185621105442,7.267724867724869,-1.074053734369727,-4.346777660120988,278.335051207206,False,72.0,68.70710571923743,-0.6062491679314836,0.6725947702106098,-1.1149511684566136,-0.7536393846097081,0.37681159420289856,0.21904761904761905,0.2197452229299363,1989-01-04,35,0.22083068639401163
607732,"Stallings, Jacob",R,2024,25.9525671991853,25.90899613441105,23.458472457813492,24.69875154954752,22.11935346928788,22.892603601427005,-17.33027429145073,-17.958640761854507,26.646435799883402,26.787325976339616,172.0,313.0,101.0,180.0,328.1443025798635,312.4549145108337,24.752475247524753,22.22222222222222,28.499999999999996,23.8390092879257,28.488372093023255,24.281150159744406,1.2402790917340276,-15.689388069029803,-2.5302530253025317,-4.660990712074298,-4.2072219332788485,318.0941607562857,False,77.0,66.84137168141592,-1.02321138773384,0.308699311176354,2.3097168588039003,0.22275780473568263,0.25621414913957935,0.25773195876288657,0.2313167259786477,1989-12-22,35,0.2480558183468055
607732,"Stallings, Jacob",R,2025,26.272054693619495,26.86170305710479,16.45738445143955,19.341738118620103,19.015099197720065,24.08283360103766,-15.87188696563403,-17.177205090576845,26.638722924824595,26.48486457478411,88.0,177.0,40.0,90.0,144.42485,237.7314298245614,45.0,24.444444444444443,42.68292682926829,37.735849056603776,34.090909090909086,30.508474576271187,2.8843536671805516,93.3065798245614,-20.555555555555557,-4.947077772664514,-3.5824345146378995,209.02171295546557,False,,,,,,,,,,1989-12-22,36,0.5768707334361103
608324,"Bregman, Alex",R,2024,29.281116625914358,29.349933829028114,8.983063173808413,8.941028291713188,36.36196424719468,35.914402909511416,2.7556426384346073,2.9515036509329384,31.123036052375678,31.11941333948553,289.0,786.0,181.0,456.0,344.13846576698074,317.2122432124882,8.83977900552486,15.350877192982457,21.580547112462007,24.439197166469896,6.920415224913495,13.104325699745548,-0.042034882095224546,-26.92622255449254,6.511098187457597,2.8586500540078887,6.183910474832053,324.8631792915512,False,70.0,70.57349643221204,1.127449597343953,0.7580876085833413,-0.06391191980143988,0.3572582918748113,0.23639455782312926,0.1144186046511628,0.13500784929356358,1994-03-30,30,-0.00840697641904491
608324,"Bregman, Alex",R,2025,28.924501346122636,28.56915041810233,4.474823176828367,5.086855224312878,36.185486574288554,38.18443970231466,5.89729201379339,5.196890150327804,30.37007428695724,30.199470323721936,201.0,590.0,133.0,363.0,352.42373948427684,331.10530151517224,15.037593984962406,13.774104683195592,18.11320754716981,20.763358778625953,13.432835820895523,13.559322033898304,0.6120320474845116,-21.318437969104593,-1.263489301766814,2.6501512314561424,0.1264862130027815,336.82173750285557,False,70.0,70.39684210526316,1.2042319190883135,1.1387539573750098,-0.45152156078315947,0.508085819293426,0.2,0.13527180783817952,0.14112903225806453,1994-03-30,31,0.12240640949690232
608324,"Bregman, Alex",R,2026,30.37428746263671,30.235310100484064,5.080698734101213,6.304438901142098,28.1468712139508,31.222966964182,4.3871810970351,3.6048864054035734,29.171269504160037,29.208744271621374,272.0,868.0,173.0,521.0,344.7590289017341,317.0291362763915,12.716763005780345,15.163147792706333,20.281690140845072,24.463937621832358,12.5,14.746543778801843,1.2237401670408854,-27.729892625342586,2.4463847869259876,4.182247480987286,2.2465437788018434,323.94163112391925,False,70.0,69.05456204379563,0.7002885968477106,1.2495446775343222,-0.3269843697480181,-0.2356644178674262,0.2338884866039102,0.14210526315789473,0.14553314121037464,1994-03-30,32,0.24474803340817708
608336,"Gallo, Joey",L,2024,25.90744273353931,27.276316468610602,26.3352742595487,27.68102138600158,51.47645128780724,53.67233426290469,-18.979262582243187,-20.162418347362966,40.68003926640014,39.227301873106384,367.0,119.0,197.0,64.0,304.2454999094519,233.29730322833396,37.56345177664975,43.75,20.33898305084746,20.535714285714285,37.05722070844686,35.294117647058826,1.3457471264528778,-70.94819668111793,6.1865482233502505,0.19673123486682442,-1.763103061388037,286.8482409531624,False,76.0,71.51200923787529,-0.33861604615107793,-2.0690534934977616,1.9663306458641399,1.6204511179947834,0.2038095238095238,0.3662551440329218,0.39080459770114945,1993-11-19,31,0.26914942529057556
608348,"Kelly, Carson",R,2024,28.881264230894296,28.95218630520181,-2.327735568753811,-2.0286209955618646,40.535286989028194,40.61959416622561,4.513576969013079,4.0390170537005865,20.216674988935523,19.95685427316572,86.0,448.0,49.0,265.0,436.69761162646876,297.2790927711009,14.285714285714285,18.11320754716981,26.373626373626376,24.35129740518962,17.441860465116278,21.651785714285715,0.29911457319194623,-139.41851885536784,3.827493261455526,-2.0223289684367565,4.209925249169437,319.03548584088765,False,73.0,68.68509316770187,0.6801460031673696,2.555359792483443,-0.4409625833022113,-0.36931727186389757,0.24662162162162163,0.20973782771535582,0.1751592356687898,1994-07-14,30,0.05982291463838925
608348,"Kelly, Carson",R,2025,29.84302043350388,29.962955408152308,-11.242026590766867,-10.701388423164762,37.979071970862094,37.86187229428904,0.9814255107098827,0.5647341150044026,24.25574973796071,24.137300380606764,243.0,505.0,126.0,296.0,351.11620385487186,307.48999809876716,17.46031746031746,19.594594594594593,26.23574144486692,20.490367775831874,21.810699588477366,17.425742574257423,0.5406381676021059,-43.626205756104696,2.1342771342771343,-5.745373669035047,-4.3849570142199426,320.5158320449027,False,73.0,69.67091906721537,1.2945810117891368,1.912988094002088,-0.6203639707475012,-0.5601474652391708,0.22302158273381295,0.18850267379679145,0.1895734597156398,1994-07-14,31,0.10812763352042118
608348,"Kelly, Carson",R,2026,30.70370900705044,30.843860741798995,-6.865574438244557,-5.650088218938434,38.95249922523889,39.943716089222214,2.143842235521066,1.8980185369452203,25.318836266090024,25.10755165815378,266.0,468.0,136.0,282.0,341.7157352941176,298.15021276595746,17.647058823529413,15.957446808510639,26.82926829268293,24.280575539568343,20.676691729323306,16.45299145299145,1.2154862193061229,-43.56552252816016,-1.6896120150187741,-2.5486927531145867,-4.223700276331854,312.3246411483253,False,73.0,69.77052186177715,1.6172090522304658,1.7202628840047434,-1.21193878477402,-0.41265519657651606,0.2514827995255042,0.17983651226158037,0.16507177033492823,1994-07-14,32,0.24309724386122458
608369,"Seager, Corey",L,2024,26.656866532367204,26.438260178950973,-7.37303285926358,-6.53361055908072,73.66255250691326,76.57340436786603,-7.776502984508604,-8.908922234816911,30.186112705845254,29.867543824710406,701.0,292.0,381.0,152.0,413.20815555417806,330.18770331080475,13.910761154855644,28.289473684210524,27.3121387283237,29.365079365079367,19.686162624821684,26.027397260273972,0.8394223001828598,-83.02045224337331,14.37871252935488,2.052940636755668,6.341234635452288,389.53252939846936,False,76.0,71.49673790776153,0.41285337987801735,1.1898253303204553,0.7592081319280001,3.0194652273242686,0.2786016949152542,0.21550855991943604,0.1801125703564728,1994-04-27,30,0.16788446003657195
608369,"Seager, Corey",L,2025,26.550218974154358,26.364242648971747,-11.533818912780724,-10.040859679690078,64.42032928714987,65.12376688453267,-20.474966720369803,-17.242947186931293,30.039878746687947,30.504280723604527,527.0,306.0,296.0,149.0,431.8424469215752,336.1848019880295,16.89189189189189,24.832214765100673,20.950704225352112,27.857142857142858,22.960151802656547,29.08496732026144,1.4929592330906463,-95.65764493354567,7.940322873208782,6.906438631790746,6.124815517604894,399.81325794382616,False,76.0,71.72653316645807,-0.08057681027492801,0.7264441698862015,1.4915894342494294,2.946505253591709,0.23231132075471697,0.25210084033613445,0.19550561797752808,1994-04-27,31,0.29859184661812926
608369,"Seager, Corey",L,2026,26.542474129325008,26.778473198856666,-7.264294127555085,-4.773226530508004,72.78115192790598,71.01540508830787,-6.463328179602837,-6.812240372270639,31.690562143627726,31.993397551298244,529.0,267.0,274.0,142.0,353.4180729927008,340.82543661971823,21.532846715328464,26.76056338028169,27.495621716287218,29.181494661921707,29.111531190926275,31.46067415730337,2.4910675970470813,-12.592636372982554,5.227716664953224,1.6858729456344896,2.3491429663770944,349.119625,False,76.0,70.89552631578947,0.8068471460705545,1.0081133977418981,1.2309343034470932,2.912488513504505,0.2805164319248826,0.2989949748743719,0.23317307692307693,1994-04-27,32,0.49821351940941627
608385,"Winker, Jesse",L,2024,26.372086131580225,27.071621277606177,-21.02122227556808,-28.04528920423625,49.96735930644655,49.573974386310226,-8.187869384508266,-7.423524134975576,26.236727253152665,25.905634960005653,732.0,158.0,404.0,105.0,332.05256193540913,319.25086575732723,19.306930693069308,26.666666666666668,18.39080459770115,20.11173184357542,18.169398907103826,20.253164556962027,-7.024066928668173,-12.801696178081897,7.35973597359736,1.7209272458742717,2.0837656498582007,329.41174052342757,False,74.0,68.80901234567902,-0.3090221609212114,1.3336675216373974,-0.6547060607369085,-1.8705633579735903,0.18711018711018712,0.1853932584269663,0.2082514734774067,1993-08-17,31,-1.4048133857336347
608701,"Refsnyder, Rob",R,2024,31.08663211224342,31.680410737199356,2.977264418317689,4.626599976559937,63.414333064325426,61.95608791513133,-3.7759548636843716,-4.588083060723059,26.338236385255602,26.252325692491116,262.0,291.0,145.0,163.0,352.65422099293943,303.5970187485823,25.517241379310345,25.153374233128833,23.297491039426525,26.421404682274247,27.86259541984733,23.367697594501717,1.6493355582422478,-49.05720224435714,-0.36386714618151217,3.1239136428477217,-4.494897825345614,326.69213019478934,False,71.0,71.99281663516068,0.27058638561977305,0.9147112129279723,-1.2488091662065128,1.0357522351591195,0.2491349480968858,0.2549728752260398,0.2532467532467532,1991-03-26,33,0.32986711164844956
608701,"Refsnyder, Rob",R,2025,30.37290142073172,30.90543169891203,5.635069977423252,9.768894874568712,63.34289658503803,64.10877612636435,-3.5956183716774803,-4.67353460723834,25.167216981882504,26.222818557476895,227.0,136.0,139.0,72.0,378.3949564448902,251.50257094757094,23.021582733812952,30.555555555555557,16.140350877192983,26.351351351351347,19.383259911894275,27.205882352941174,4.13382489714546,-126.89238549731928,7.533972821742605,10.211000474158364,7.822622441046899,335.09518509035473,False,71.0,72.35852272727273,0.037231986020006956,0.9190208140425936,-1.1828196300180982,1.3256895947569818,0.19630484988452657,0.2231404958677686,0.2559241706161137,1991-03-26,34,0.826764979429092
608841,"Meneses, Joey",R,2024,33.6681437976984,32.986115849793734,-7.980428327494821,-8.688315522761554,47.90434063424287,48.90591419831435,-9.607227427468954,-10.141966982772454,31.100278687247513,31.179139909734143,182.0,398.0,97.0,219.0,283.6524755524815,282.1714413321577,23.711340206185564,18.2648401826484,42.7027027027027,28.8265306122449,24.175824175824175,20.100502512562816,-0.7078871952667329,-1.4810342203238065,-5.4465000235371654,-13.876172090457803,-4.075321663261359,282.6260625959913,False,76.0,69.4240631163708,-0.1405158614289355,0.43194896507985897,-1.4481306239571634,0.24426630844732317,0.3327556325823224,0.21379310344827587,0.19936708860759494,1992-05-06,32,-0.14157743905334658
609280,"Andujar, Miguel",R,2024,28.511862271026814,28.66777520080636,7.368946601856193,7.316956274051061,55.43492100665495,58.173304943856735,-2.56948518294984,-3.623748030323335,23.147971832053738,23.425530052652164,114.0,479.0,61.0,258.0,357.0126893052303,270.34710542818425,9.836065573770492,13.953488372093023,37.121212121212125,35.26970954356847,12.280701754385964,14.40501043841336,-0.051990327805131464,-86.66558387704606,4.117422798322531,-1.8515025776436573,2.1243086840273957,286.919521153889,False,72.0,70.4559649122807,-0.48903154763176093,1.8457412345984312,0.3602503362947121,1.77834948777833,0.3566775244299674,0.1399662731871838,0.13166144200626959,1995-03-02,29,-0.010398065561026293
609280,"Andujar, Miguel",R,2025,28.551541091418997,28.089422599385635,0.14900179549230871,-0.3125922850494485,55.9409689643385,59.38396806902969,0.40849323444961944,-0.30783965620999965,25.163958887248832,25.496845143299346,185.0,465.0,93.0,248.0,316.18388941176744,292.72200051632404,17.20430107526882,13.306451612903224,39.63414634146341,34.292035398230084,14.594594594594595,16.7741935483871,-0.4615940805417572,-23.461888895443394,-3.8978494623655955,-5.34211094323333,2.179598953792505,299.1206974878086,False,72.0,70.88481012658228,0.4207991663571832,1.970144476496716,0.27897144721684697,1.903378735236854,0.35714285714285715,0.16153846153846155,0.1436950146627566,1995-03-02,30,-0.09231881610835144
609280,"Andujar, Miguel",R,2026,28.134737286966416,28.099903540925904,-1.3530985445194526,-1.5811007218112427,54.05560278127809,57.242338941760075,5.791782173929252,5.115499014772673,24.76005636361778,24.592973094411654,175.0,329.0,81.0,173.0,302.9841481481481,296.2615953757226,13.580246913580247,15.606936416184972,45.23809523809524,38.41269841269842,14.857142857142858,17.933130699088146,-0.22800217729179018,-6.722552772425502,2.026689502604725,-6.8253968253968225,3.075987841945288,298.4054015748032,False,72.0,70.2551282051282,0.8093088036560833,2.2705575682225168,0.21360483506189662,1.7156537787857264,0.4078674948240166,0.16865079365079366,0.14960629921259844,1995-03-02,31,-0.045600435458358034
620443,"Torrens, Luis",R,2024,27.761926753677553,28.46720675268922,6.33112656250565,7.278081087160272,47.7147873854971,49.27217419747508,-3.5737745046076315,-4.484863758382761,32.75762373347256,31.323277495789853,88.0,148.0,43.0,87.0,283.95896711815317,343.4864614274614,20.930232558139537,21.839080459770116,26.595744680851062,22.435897435897438,20.454545454545457,20.27027027027027,0.9469545246546218,59.527494309308224,0.9088479016305797,-4.159847244953625,-0.18427518427518663,323.79659792515173,False,,,,,,,,,,1996-05-02,28,0.18939090493092436
620443,"Torrens, Luis",R,2025,26.874824267542014,27.43355807294046,13.26864354856198,13.878940034432578,41.3563239284248,42.724506656105994,-13.785156400422853,-13.89496079219242,34.012859055732946,32.870006024427,140.0,386.0,74.0,209.0,306.7212578827892,348.6813738126689,22.972972972972975,18.660287081339714,28.448275862068968,25.27777777777778,18.571428571428573,19.170984455958546,0.610296485870597,41.96011592987969,-4.3126858916332615,-3.1704980842911894,0.5995558845299733,337.70947070732933,False,71.0,69.873828125,0.11497981150548323,-1.7626235391876954,0.003013429741310681,-0.8626496922452744,0.2605042016806723,0.19011406844106463,0.1978798586572438,1996-05-02,29,0.12205929717411941
620443,"Torrens, Luis",R,2026,27.569964448162764,27.77292353424935,9.717042979234343,12.004412693019024,45.46854291210496,46.11758942668733,-16.62221456701876,-18.723182277817735,32.92184038815715,32.08278455924537,149.0,360.0,85.0,189.0,290.2920941176471,292.86027513227515,18.823529411764707,21.164021164021165,36.904761904761905,30.357142857142854,19.463087248322147,18.61111111111111,2.287369713784681,2.568181014628067,2.340491752256458,-6.547619047619051,-0.8519761372110359,292.0635766423358,False,71.0,69.43062880324544,-0.12904339844635604,-1.7988521049704556,-0.16693454704266453,-0.8096666216183042,0.32321428571428573,0.18860510805500982,0.20437956204379562,1996-05-02,30,0.4574739427569362
621020,"Swanson, Dansby",R,2024,32.41914940457221,32.162210916381206,-0.130506401481854,0.24118939102644935,35.91943417478892,37.31678217654281,-8.814990926696009,-9.39149234969148,23.160796335633616,23.29958975952987,218.0,930.0,124.0,471.0,367.51838210086026,311.2425107026061,20.161290322580644,25.265392781316347,19.26605504587156,24.829931972789115,23.853211009174313,27.741935483870968,0.3716957925083033,-56.27587139825414,5.104102458735703,5.563876926917555,3.888724474696655,322.97059146459526,False,72.0,71.05127478753542,-0.38862815720788035,1.6249474699930517,-1.827148691385387,-1.5325996681873855,0.23727272727272727,0.2700348432055749,0.24201680672268908,1994-02-11,30,0.07433915850166066
621020,"Swanson, Dansby",R,2025,30.611334616833705,30.427622909000068,6.66568387598207,6.64222129960393,37.92801880465962,38.31404018585551,-11.8821845430266,-12.656288763238495,23.94839973294481,24.255682894085492,265.0,1001.0,138.0,507.0,372.4801098388436,336.97032200007146,28.985507246376812,25.2465483234714,23.228346456692915,25.806451612903224,30.943396226415093,28.07192807192807,-0.02346257637813931,-35.50978783877213,-3.738958922905411,2.5781051562103094,-2.8714681544870224,344.5677649795297,False,72.0,70.17742998352553,-0.904869449671106,0.9510795633939085,-1.087305141550046,-1.409031530559889,0.25267489711934155,0.28672985781990523,0.26046511627906976,1994-02-11,31,-0.004692515275627862
621020,"Swanson, Dansby",R,2026,31.764452550896223,31.959473359388966,-0.14606044885285757,0.7421583467171802,37.61242078302625,39.34023308177275,-13.222592324512478,-14.22220780076024,22.545475789187087,22.584157362723538,259.0,604.0,136.0,337.0,274.9885882352942,316.77811275964393,28.676470588235293,21.364985163204746,29.230769230769234,25.392296718972894,32.818532818532816,27.483443708609272,0.8882187955700378,41.78952452434976,-7.311485425030547,-3.83847251179634,-5.335089109923544,304.76252008456663,False,72.0,70.88246674727932,-1.1063964659683505,1.1557385827513338,-1.5842870195369916,-1.468303577229909,0.2643080124869927,0.2908458864426419,0.2346723044397463,1994-02-11,32,0.17764375911400757
621028,"Newman, Kevin",R,2024,27.317897417700532,27.31159003585445,11.800136810435141,11.629254961445106,38.83918770529776,39.80800606502189,-13.278262915900639,-13.333538671513823,44.00652697329869,44.142242597399594,236.0,285.0,131.0,180.0,253.25652767636535,289.1991883512545,11.450381679389313,18.333333333333332,30.09259259259259,26.989619377162633,11.440677966101696,19.298245614035086,-0.17088184899003522,35.94266067488917,6.882951653944019,-3.1029732154299587,7.85756764793339,274.0593537904491,False,72.0,66.8133064516129,1.3760301580565177,-2.254877443394154,1.0780413743480393,-0.45998233659579046,0.28316831683168314,0.15738963531669867,0.15434083601286175,1993-08-04,31,-0.03417636979800705
621028,"Newman, Kevin",R,2025,26.410161846813594,26.030802870236055,5.218189844559998,8.274037906869946,37.12912938580332,39.07808131000067,-4.81178658732866,-8.056494583213306,44.03576380579083,44.182548428774005,69.0,144.0,39.0,78.0,207.88453846153848,220.2180614931627,23.076923076923077,17.94871794871795,32.30769230769231,32.20338983050847,14.492753623188406,15.277777777777779,3.0558480623099484,12.333523031624225,-5.128205128205128,-0.10430247718383612,0.7850241545893724,216.10688714928796,False,,,,,,,,,,1993-08-04,32,0.6111696124619896
621035,"Taylor, Chris",R,2024,32.44708254743181,32.98308674233338,-3.6019748036208874,-3.427801932124491,39.39406045288635,42.0513941302988,-21.996260023055388,-23.380193105291195,26.705397616332668,26.5430095458687,198.0,297.0,98.0,148.0,274.6850057561486,310.47670027663133,30.612244897959183,31.08108108108108,18.134715025906736,20.53872053872054,33.83838383838384,27.27272727272727,0.17417287149639638,35.791694520482736,0.4688361831218977,2.4040055128138036,-6.565656565656571,296.2182203457073,False,72.0,69.34678899082569,-1.0052249452986541,0.18973530982059678,0.6166795333520099,-1.2810505821865987,0.19591836734693877,0.298989898989899,0.3089430894308943,1990-08-29,34,0.034834574299279275
621035,"Taylor, Chris",R,2025,31.811443306009007,32.36946748004193,-7.378635064863149,-7.239191650283162,41.69741084455961,41.81589751523635,-23.550857060008994,-22.938815697249346,26.720755535519935,25.990304842754085,63.0,179.0,36.0,89.0,228.22205555555556,286.686653753575,33.33333333333333,33.70786516853933,33.33333333333333,21.38364779874214,38.095238095238095,36.312849162011176,0.13944341457998632,58.464598198019445,0.37453183520599964,-11.94968553459119,-1.782388933226919,269.8488494725454,False,,,,,,,,,,1990-08-29,35,0.027888682915997266
621043,"Correa, Carlos",R,2024,25.941544430864298,25.11468344141945,-1.8119841283939127,-2.765817915969585,33.36821384291249,33.063047713870894,-1.45674101941394,-0.8723162334328416,35.64256562583209,35.70819151356682,147.0,466.0,89.0,278.0,380.4292471901869,353.0104754108977,16.853932584269664,16.546762589928058,21.142857142857142,26.73992673992674,14.965986394557824,19.742489270386265,-0.9538337875756722,-27.418771779289216,-0.3071699943416064,5.5970695970695985,4.776502875828442,359.65971434374984,False,75.0,73.52442477876107,2.8538374455107407,0.40904924889439326,0.03443886574738385,-0.9708867642738549,0.2538141470180305,0.1859706362153344,0.16621253405994552,1994-09-22,30,-0.19076675751513444
621043,"Correa, Carlos",R,2025,26.41946880148275,25.54437532323911,-5.7642619760312055,-6.532785484215149,32.28430896523002,32.250089239774546,-1.4763928668986535,-1.109928537609076,37.02397724623344,36.670050491521636,267.0,806.0,142.0,445.0,363.29523356344964,327.71238425891397,17.6056338028169,19.775280898876403,27.41433021806853,29.02097902097902,20.59925093632959,19.975186104218363,-0.7685235081839439,-35.58284930453567,2.169647096059503,1.6066488029104882,-0.6240648321112268,336.3201604109482,False,75.0,72.9842,2.5482922235887373,0.6084441860276344,-0.11902927267823284,-0.41710107375026734,0.2858354537743851,0.20130475302889095,0.19250425894378195,1994-09-22,31,-0.1537047016367888
621043,"Correa, Carlos",R,2026,26.377621911855957,26.390106057461093,-3.7887190234244286,-1.3722176963304662,34.60247228563046,34.6434313129521,-2.9441674449353012,-2.333328350101575,37.09421984712809,37.48990867164122,88.0,174.0,48.0,93.0,444.5185833333333,322.909247311828,12.5,21.50537634408602,30.275229357798167,32.863849765258216,20.454545454545457,21.26436781609195,2.4165013270939624,-121.60933602150533,9.00537634408602,2.5886204074600485,0.8098223615464946,364.308170212766,False,,,,,,,,,,1994-09-22,32,0.48330026541879245
621438,"Taylor, Tyrone",R,2024,28.941203264958897,29.209721539451795,16.205903580306014,17.535308005001557,33.47683256648941,34.465360888386066,-19.49063355316138,-20.386892507080145,30.995517846309816,30.920564355852527,217.0,436.0,111.0,234.0,312.85890946778864,301.6826370007885,21.62162162162162,23.931623931623932,36.32286995515695,30.87557603686636,20.276497695852534,21.100917431192663,1.329404424695543,-11.17627246700016,2.310002310002311,-5.447293918290594,0.824419735340129,305.2784811858233,False,72.0,69.60398671096345,0.2674842187901714,-0.613236584251467,0.20248598846192334,0.566651840445218,0.3272450532724505,0.2082695252679939,0.2318840579710145,1994-01-22,30,0.2658808849391086
621438,"Taylor, Tyrone",R,2025,26.447312519066536,26.828471496125676,13.180556896884404,14.485786867200819,33.34092327924089,34.10645710023312,-16.044951904640072,-16.94108586123137,26.33498671264864,26.549841906392583,197.0,413.0,102.0,239.0,324.5091335286659,287.6410465684501,18.627450980392158,23.84937238493724,31.25,29.521276595744684,18.274111675126903,21.54963680387409,1.3052299703164145,-36.868086960215805,5.221921404545082,-1.728723404255316,3.275525128747187,298.6690373893945,False,72.0,69.53706896551724,0.07051919241453909,0.15942850640818113,-0.9940479646301519,0.05885820548006843,0.301056338028169,0.20491803278688525,0.22287390029325513,1994-01-22,31,0.2610459940632829
621438,"Taylor, Tyrone",R,2026,28.708842198527652,28.896851948588075,12.473645595889396,14.892300041756243,31.175831749630117,32.534835253512306,-13.674953130420267,-14.468654777994075,30.559703795525515,30.57312860649708,234.0,187.0,112.0,123.0,310.45339285714283,298.86982113821136,18.75,15.447154471544716,40.55299539170507,28.193832599118945,18.37606837606838,21.390374331550802,2.4186544458668475,-11.583571718931466,-3.3028455284552845,-12.359162792586122,3.014305955482424,304.39050212765954,False,72.0,70.84444444444445,0.735749765990262,-0.2923999512823987,-0.49454115290624123,0.09072974556628194,0.34234234234234234,0.19714964370546317,0.1702127659574468,1994-01-22,32,0.4837308891733695
621439,"Buxton, Byron",R,2024,25.23207882060063,25.356808409594436,-14.998198133522884,-15.61376428472008,40.6029751991148,38.65536910078523,4.135904445446948,3.9524104907459945,30.81695938022933,30.85494178649102,214.0,574.0,103.0,285.0,359.0528682513338,354.3181996622994,25.24271844660194,25.6140350877193,31.818181818181817,33.211009174311926,29.439252336448597,31.010452961672474,-0.6155661511971964,-4.734668589034413,0.3713166411173603,1.392827356130109,1.5712006252238773,355.57508333413074,False,73.0,73.53623595505618,2.7418163168829417,0.8320099022155426,-1.1308419292041358,0.0770861215707635,0.3283983849259758,0.30583756345177665,0.2551546391752577,1993-12-18,31,-0.12311323023943928
621439,"Buxton, Byron",R,2025,23.365497506120867,23.623777688822106,-14.795059287736118,-14.080353763503828,35.85609599676571,36.172108583444356,1.585541129022493,1.4593975521402578,28.804618665670514,28.809356554120242,235.0,815.0,123.0,419.0,385.18821383827446,339.68721986485343,19.51219512195122,29.594272076372313,27.802690582959645,30.749682337992372,25.106382978723403,31.04294478527607,0.71470552423229,-45.50099397342103,10.082076954421094,2.9469917550327267,5.9365618065526675,350.013091190925,False,73.0,74.15465346534653,2.398456761526009,0.6902331565612323,-0.6230073975593861,-0.28064943236049905,0.300990099009901,0.29714285714285715,0.2730627306273063,1993-12-18,32,0.142941104846458
621439,"Buxton, Byron",R,2026,23.928375244734703,24.08628889238314,-9.53990911094661,-8.808402064396617,39.109944314500524,39.805805674215826,3.9486552924268317,3.3974985937070534,31.300415824225965,31.62858209822784,220.0,570.0,115.0,293.0,357.8864347826086,337.45590443686007,25.217391304347824,24.2320819112628,34.1991341991342,34.369602763385146,27.727272727272727,29.64912280701754,0.7315070465499929,-20.430530345748537,-0.985309393085025,0.17046856425094603,1.9218500797448144,343.21450980392154,False,73.0,73.23587684069611,2.6775089835183548,0.24925639601637145,-0.9671283379129907,0.05079619491152627,0.3432098765432099,0.2911392405063291,0.24509803921568626,1993-12-18,33,0.14630140930999858
621493,"Ward, Taylor",R,2024,31.094408373351506,31.044312505581868,8.589864328075208,10.807331057904289,35.35123933697493,34.069133720008466,-35.523172007379884,-38.54304510765789,18.17845725353043,17.702216680178466,214.0,910.0,130.0,535.0,377.81759385474385,337.3287102850355,20.0,25.607476635514022,20.33898305084746,20.485436893203886,21.02803738317757,24.175824175824175,2.2174667298290807,-40.48888356970832,5.607476635514022,0.14645384235642567,3.147786792646606,345.2438303813695,False,72.0,69.12884231536927,-3.64824142225944,1.094775530724625,1.2590319513398496,-0.75470757148735,0.20458135860979462,0.23576512455516013,0.24511278195488723,1993-12-14,31,0.44349334596581613
621493,"Ward, Taylor",R,2025,31.46873851043244,31.698938436138945,4.931550240592024,6.1946250269607095,31.6933137156796,32.59877407021474,-44.313855217176126,-43.04032320981498,18.430104706541215,18.49635489472524,190.0,859.0,116.0,548.0,384.54377239000195,321.44183273454746,28.448275862068968,25.91240875912409,20.353982300884958,20.25089605734767,19.473684210526315,22.235157159487777,1.2630747863686853,-63.10193965545449,-2.535867102944877,-0.10308624353728746,2.761472948961462,332.46566556592205,False,72.0,68.77523510971787,-3.857561878253999,1.0775684491349102,0.9626891617947416,-1.0194076689255012,0.20268256333830104,0.21734985700667303,0.2635542168674699,1993-12-14,32,0.25261495727373706
621493,"Ward, Taylor",R,2026,32.019024776557245,32.31026799806133,-0.3085284391315675,1.6186025984318457,35.109982429490955,36.36079575990848,-44.15765578064724,-46.538202247215956,17.45271939361584,17.254762183456457,297.0,566.0,192.0,414.0,348.54579166666673,326.13426086956514,21.354166666666664,21.497584541062803,17.1990171990172,13.785046728971961,16.4983164983165,18.19787985865724,1.9271310375634132,-22.41153079710159,0.14341787439613896,-3.4139704700452373,1.6995633603407434,333.2349438943894,False,72.0,67.96951066499372,-3.910399183493767,1.2460945781284276,0.7883419770334869,-0.909998915000452,0.14885193982581155,0.1761297798377752,0.2145214521452145,1993-12-14,33,0.38542620751268264
621512,"Nido, Tomás",R,2024,27.97754014969589,27.45762120501619,13.719183184490747,15.236452040577262,46.738142235305105,45.45124520190887,-9.3606306618138,-9.844729713643224,39.37073131605793,39.90545793485305,109.0,196.0,50.0,90.0,226.28371470085474,320.93783715113295,34.0,20.0,45.91836734693878,38.81578947368421,38.53211009174312,28.57142857142857,1.517268856086515,94.65412245027821,-14.0,-7.1025778732545675,-9.960681520314552,287.13279341889074,False,,,,,,,,,,1994-04-12,30,0.303453771217303
621550,"Wisdom, Patrick",R,2024,28.676819312932693,29.03556525861199,-4.769017488527013,-3.314557308725886,35.622162426094945,35.28794427134119,-3.75750288299093,-4.417008918539341,35.209057880237914,35.440702329376286,215.0,129.0,103.0,71.0,305.6103231404982,271.8264247360999,36.89320388349515,29.577464788732392,28.846153846153843,21.53846153846154,31.16279069767442,24.8062015503876,1.4544601798011274,-33.783898404398315,-7.315739094762755,-7.307692307692303,-6.356589147286822,291.82493930881844,False,74.0,74.50666666666667,1.7103339739243009,-0.20184325516463375,0.2914848300118885,-1.281134421551016,0.2603550295857988,0.2877906976744186,0.3390804597701149,1991-08-27,33,0.2908920359602255
621566,"Olson, Matt",L,2024,30.671014063797855,30.137925402418407,12.2748725378068,12.580015779636097,36.650084235222344,37.22163660573079,-8.460961207023722,-8.581058056814689,30.405881446783898,30.28418147926435,1080.0,384.0,498.0,187.0,350.6308112436516,313.5537272946595,24.899598393574294,24.598930481283425,28.53425845620122,29.67914438502674,23.24074074074074,24.21875,0.3051432418292972,-37.07708394899208,-0.3006679122908693,1.14488592882552,0.9780092592592595,340.50903796122606,False,76.0,72.89253731343284,-0.8469217115632157,0.3114562481746687,1.7639450819877243,-0.7148254945830805,0.28814669286182054,0.23497267759562843,0.24817518248175183,1994-03-29,30,0.06102864836585944
621566,"Olson, Matt",L,2025,31.162632892097964,31.141490069708652,6.8702292177167585,6.544860461044412,38.41763872034243,38.82351539759405,-10.38223902682118,-10.581125524672998,31.272424367251684,31.27650380878076,997.0,437.0,508.0,216.0,373.29671945986877,327.7998768342906,22.83464566929134,27.77777777777778,23.333333333333332,28.80184331797235,23.069207622868607,26.31578947368421,-0.3253687566723462,-45.496842625578154,4.943132108486438,5.468509984639017,3.246581850815602,359.72307580361894,False,76.0,73.03357933579336,-0.7917155267287372,0.38200170248181764,1.8197615749700637,-0.44427402596695964,0.24812967581047382,0.2405857740585774,0.2430939226519337,1994-03-29,31,-0.06507375133446924
621566,"Olson, Matt",L,2026,30.23341449719337,30.224954847281808,-21.312116444516157,-21.2952273924021,38.969045779719224,40.478686090880316,-16.628797753904593,-16.86941959292091,25.664742869359685,25.572650294593316,805.0,529.0,404.0,275.0,365.4965841584158,329.30219636363637,24.257425742574256,25.818181818181817,26.480446927374302,29.946524064171122,20.496894409937887,25.14177693761815,0.016889052114056113,-36.19438779477946,1.5607560756075607,3.4660771367968195,4.644882527680263,350.8375905743741,False,76.0,73.93386075949367,-1.5360184814712492,1.6455014415686313,2.0308260333692765,-1.1614567845460233,0.27815934065934067,0.22338830584707647,0.24889543446244478,1994-03-29,32,0.003377810422811223
622534,"Margot, Manuel",R,2024,25.770474328717253,26.621775661565394,2.063256145683148,1.8079519982632766,44.02222725379683,43.32620761336142,-11.48881409027538,-11.91218825020323,26.519676139085227,26.539704613965426,337.0,307.0,171.0,173.0,331.5862487365794,282.761187420156,14.619883040935672,16.76300578034682,29.05027932960894,31.74061433447099,14.836795252225517,22.80130293159609,-0.2553041474198716,-48.825061316423444,2.1431227394111474,2.6903350048620496,7.964507679370573,307.0317847605874,False,70.0,71.2483164983165,0.6957945902290841,0.942316374306115,-0.15476513118961469,0.7365041800066914,0.30261136712749614,0.18633540372670807,0.1569767441860465,1994-09-28,30,-0.05106082948397432
622761,"Mateo, Jorge",R,2024,33.294370906949254,33.35875504113639,7.268575482722358,8.815773198321622,36.52126592656671,35.217455327000174,-11.616024697618812,-12.092142380702564,37.97532758900022,37.97009361760119,179.0,237.0,90.0,119.0,298.4876845866068,256.1650213418701,24.444444444444443,21.84873949579832,34.285714285714285,32.03463203463203,20.11173184357542,23.628691983122362,1.547197715599264,-42.3226632447367,-2.595704948646123,-2.251082251082252,3.516960139546942,274.3900916386467,False,72.0,71.6,0.539003190149926,-1.7474618817121852,-0.9008377262733502,-0.990302177669144,0.33004926108374383,0.22115384615384615,0.22966507177033493,1995-06-23,29,0.3094395431198528
622761,"Mateo, Jorge",R,2025,31.88151877659704,32.29097819049171,8.430489867720139,6.441503274998874,36.443117831666804,31.864857547541984,-13.307534258288397,-13.227669048828316,34.59980579049311,35.13548478028187,77.0,97.0,39.0,44.0,203.10783660783662,207.94575,33.33333333333333,38.63636363636363,40.0,38.88888888888889,29.87012987012987,29.896907216494846,-1.9889865927212647,4.837913392163387,5.3030303030303045,-1.1111111111111072,0.02677734636497675,205.67251358681477,False,,,,,,,,,,1995-06-23,30,-0.39779731854425293
622761,"Mateo, Jorge",R,2026,32.571079448251346,32.617074068775345,7.010544355051933,8.46830340593184,34.38864267404146,35.35965803536198,-19.774449898755705,-20.4572902720934,32.04502019895622,31.830646416221505,166.0,262.0,85.0,124.0,265.7320470588235,286.2853548387097,30.58823529411765,31.451612903225808,45.911949685534594,42.6056338028169,27.710843373493976,31.679389312977097,1.4577590508799068,20.553307779886154,0.8633776091081593,-3.3063158827176977,3.9685459394831213,277.9263540669856,False,72.0,72.98759124087591,-0.7557420144302317,-0.919851897212125,-0.9767072843074904,-1.1536493141904804,0.43792325056433407,0.3014018691588785,0.31100478468899523,1995-06-23,31,0.29155181017598136
623912,"Ramírez, Harold",R,2024,30.12261122064459,30.092383577419803,3.647605587232901,3.75821176106109,44.89558431209163,45.891789185096236,-2.1991849786372177,-2.448742419670219,28.214899122837153,27.317438704654826,192.0,301.0,96.0,150.0,253.14814979288496,265.4957333164154,18.75,21.333333333333336,46.808510638297875,44.96402877697842,27.604166666666668,30.23255813953488,0.11060617382818894,12.347583523530432,2.5833333333333357,-1.8444818613194585,2.6283914728682127,260.67716413650106,False,71.0,70.62729411764705,0.8107292568199329,0.06171550753116381,-1.6240671510529612,-0.19407823042524927,0.4570815450643777,0.2920892494929006,0.2032520325203252,1994-09-06,30,0.022121234765637786
624413,"Alonso, Pete",R,2024,24.86370126612901,24.344146781061845,-8.519411654978601,-9.572988062542214,37.060506550400206,36.630825159464926,1.4467596996268437,1.5421890626254102,33.86591524658804,33.89640532583843,322.0,870.0,179.0,517.0,334.32839373417806,348.3691457028958,22.3463687150838,25.53191489361702,24.675324675324674,26.36103151862464,19.25465838509317,24.022988505747126,-1.0535764075636127,14.040751968717757,3.1855461785332224,1.6857068432999647,4.768330120653957,344.75809023967673,False,75.0,74.28162313432836,1.9077206083873606,1.0879745587164122,0.9536417570776216,0.18806553917920163,0.2590782122905028,0.2273489932885906,0.2471264367816092,1994-12-07,30,-0.21071528151272254
624413,"Alonso, Pete",R,2025,24.69207138521499,24.280699143678657,-4.888107321849485,-6.099515254905481,37.95858889614195,38.077246584468064,2.0453007503328937,2.956396812887671,30.318450198125408,30.524786239664323,385.0,915.0,204.0,505.0,340.3715409617911,403.34511029458776,29.901960784313726,20.0,27.168949771689498,27.540650406504064,26.233766233766232,21.639344262295083,-1.2114079330559964,62.97356933279667,-9.901960784313726,0.37170063481456594,-4.594421971471149,385.22577581801437,False,75.0,74.37050653594771,1.6705732358600247,1.7088229766600564,0.2426783874046268,0.36306283056219735,0.2742616033755274,0.23,0.22849083215796898,1994-12-07,31,-0.24228158661119928
624413,"Alonso, Pete",R,2026,24.1152433752652,23.906329467817688,-0.7337296507703313,-0.20672555816801197,41.04594335424336,40.06588828510372,0.1538416120657437,-0.059081808621460376,34.10195693917536,33.8911659048296,391.0,868.0,210.0,473.0,381.1014666666667,403.51097674418605,23.809523809523807,24.101479915433405,26.94063926940639,26.666666666666668,24.808184143222505,24.42396313364055,0.5270040926023193,22.40951007751937,0.2919561059095983,-0.2739726027397218,-0.38422100958195315,396.6207906295754,False,75.0,73.82963895885811,1.9311449282311621,0.9974077860936814,-0.14440206986959614,0.39688591997413775,0.26746506986027946,0.2454328832406672,0.24011713030746706,1994-12-07,32,0.10540081852046386
624424,"Conforto, Michael",L,2024,26.64071249280047,26.653774278797247,14.285611430907032,14.759904606200243,32.969805609837586,32.92795195960637,-5.567929741878501,-6.146521307487511,33.54761366289048,33.50452125595555,700.0,181.0,382.0,106.0,342.57798066036855,382.9414646383116,24.083769633507853,24.528301886792452,23.9454094292804,26.775956284153008,22.285714285714285,25.41436464088398,0.47429317529321047,40.36348397794302,0.4445322532845992,2.8305468548726083,3.1286503551696967,351.3454587375447,False,71.0,73.08236040609137,0.9645915204566066,-0.6474851744235949,0.48515001286099185,0.06593396151668274,0.24469160768452983,0.2292849035187287,0.24180327868852458,1993-03-01,31,0.09485863505864209
624424,"Conforto, Michael",L,2025,27.14176436519801,27.15326163989093,11.415109383877109,12.715332968920938,25.194409234287207,23.99323330788155,-6.154769127094651,-5.638954733535195,31.07946586348679,31.17520168188973,780.0,144.0,410.0,78.0,319.47380396338696,370.03406395746634,24.634146341463413,25.64102564102564,22.73781902552204,25.899280575539567,22.564102564102566,25.0,1.3002235850438293,50.56025999407939,1.0068792995622253,3.1614615500175276,2.4358974358974343,327.5551569952275,False,71.0,73.11069042316258,0.6883471413409565,-0.46907754844240396,0.19731385751786376,-0.8750154113509696,0.23176823176823177,0.22943722943722944,0.24795081967213115,1993-03-01,32,0.26004471700876586
624428,"Frazier, Adam",L,2025,21.125709112278205,21.004937560655126,7.20543263584834,9.902775987528491,50.29757496565526,49.62949478294507,1.4491319001677296,0.426617568217156,38.01884587645547,37.62257352680024,794.0,142.0,392.0,67.0,284.96552035713796,248.4918767699962,15.306122448979592,31.343283582089555,28.74493927125506,33.587786259541986,15.365239294710328,23.943661971830984,2.697343351680151,-36.473643587141765,16.03716113310996,4.842846988286926,8.578422677120656,279.6414808792763,False,70.0,65.1491990846682,1.9847927037725894,-2.959210550795755,-2.7975110311880185,-0.5710702887739604,0.2947247706422018,0.16666666666666666,0.17647058823529413,1991-12-14,34,0.5394686703360302
624431,"Trevino, Jose",R,2024,18.461629237049507,19.500544251844712,-5.020477256685434,-5.890319717752699,34.53315068096047,35.9091366084262,-0.7691607717048248,-1.208279014374273,21.265900563135347,21.06527064941312,168.0,194.0,104.0,130.0,282.71949708467145,257.8447630986004,15.384615384615385,19.230769230769234,24.358974358974358,33.89830508474576,17.261904761904763,16.49484536082474,-0.8698424610672646,-24.87473398607102,3.8461538461538485,9.5393307257714,-0.7670594010800222,268.9002004257431,False,69.0,68.1767801857585,0.6807554434374198,2.2277104847059936,1.844358754958657,-0.5616790844905741,0.29148936170212764,0.1685082872928177,0.1752136752136752,1992-11-28,32,-0.17396849221345292
624431,"Trevino, Jose",R,2025,20.39396378052617,21.226562133024068,9.461940390559652,7.199257258159801,37.849032466542944,38.14586257239844,-17.794560666193814,-17.03235315277026,23.774882776060142,23.694920442079013,126.0,368.0,79.0,223.0,251.03029361622166,290.45271334047953,8.860759493670885,14.349775784753364,34.67741935483871,31.536388140161726,10.317460317460316,19.293478260869566,-2.262683132399851,39.42241972425788,5.4890162910824785,-3.1410312146769854,8.97601794340925,280.1402260616174,False,69.0,68.15680345572353,-0.5187228300082611,0.5080704942002815,1.8348929237609604,-0.18606070534509153,0.32323232323232326,0.1700404858299595,0.1291390728476821,1992-11-28,33,-0.4525366264799702
624431,"Trevino, Jose",R,2026,18.6605298320951,19.960254036834193,13.36362031172079,14.590437474449276,34.67824619734138,38.32407181168195,-16.20301194601374,-16.669790008651564,26.223900396704142,26.33002654835501,77.0,188.0,39.0,113.0,224.82051282051282,214.4208495575221,17.94871794871795,19.469026548672566,41.42857142857143,36.36363636363637,20.77922077922078,22.340425531914892,1.2268171627284854,-10.399663262990714,1.5203085999546175,-5.064935064935064,1.5612047526941133,217.0891842105263,False,,,,,,,,,,1992-11-28,34,0.2453634325456971
624503,"Gordon, Nick",L,2024,27.30781445142577,26.915192598565707,5.6417695088132955,5.750840873408098,38.141748338938946,40.81192121423854,0.9753620586090429,1.210847715885537,30.04960852159177,30.434246626200053,539.0,61.0,248.0,28.0,275.91980703540537,194.2822474937343,24.596774193548388,21.428571428571427,42.398286937901496,44.642857142857146,30.0556586270872,26.229508196721312,0.10907136459480249,-81.63755954167107,-3.168202764976961,2.24457020495565,-3.826150430365889,267.63773577755467,False,72.0,67.2054844606947,0.5854177730897123,0.009951398958997236,-1.4525973406289105,-0.625243076004381,0.42638623326959846,0.2966666666666667,0.2427536231884058,1995-10-24,29,0.021814272918960497
624585,"Soler, Jorge",R,2024,27.32815853631119,27.808250153304716,20.11193562763838,20.070653673627923,45.22038075818792,46.56157955008218,-18.108277685403518,-17.699956851616392,38.24576856819219,38.387624353258644,293.0,757.0,155.0,419.0,359.12159591494213,351.2974724537339,22.58064516129032,25.29832935560859,26.111111111111114,26.666666666666668,24.914675767918087,28.005284015852048,-0.041281954010457866,-7.824123461208217,2.71768419431827,0.5555555555555536,3.090608247933961,353.4102584058023,False,75.0,74.56298633017876,0.320607583043162,-2.7044557586864575,0.46105572928688326,0.6722250616793549,0.2650793650793651,0.2714285714285714,0.2456445993031359,1992-02-25,32,-0.008256390802091573
624585,"Soler, Jorge",R,2025,28.211566112707754,28.692289100526,17.236261941307454,17.10496874703798,45.101183066919795,46.46940589035285,-19.56319629459277,-19.03915894041582,38.121109583828684,38.119538245419214,95.0,479.0,51.0,264.0,342.7767696490361,286.5922696433185,29.411764705882355,29.924242424242426,20.175438596491226,25.27075812274368,23.157894736842106,29.018789144050107,-0.1312931942694746,-56.18450000571761,0.5124777183600706,5.095319526252453,5.860894407208001,295.68880773948234,False,75.0,73.13720930232557,0.0941180035421038,-2.51584586900345,0.5276848024396265,0.7002652221491013,0.2440119760479042,0.2804878048780488,0.2984126984126984,1992-02-25,33,-0.02625863885389492
624585,"Soler, Jorge",R,2026,27.194616947020005,27.495795503567166,15.68334252096012,15.313664752732368,48.67209968360515,50.04831709683596,-17.92946017395583,-18.08202045539104,39.882830820872556,39.8078996242377,173.0,515.0,95.0,267.0,281.58416842105265,297.64013483146067,31.57894736842105,32.958801498127336,28.04232804232804,27.177700348432055,31.79190751445087,35.14563106796116,-0.369677768227751,16.05596641040802,1.3798541297062847,-0.8646276938959865,3.3537235535102923,293.42655248618786,False,75.0,73.95737704918032,0.6646789864365873,-2.799286865574326,0.6008525530466824,0.8246377995449442,0.27391874180865006,0.3430232558139535,0.3259668508287293,1992-02-25,34,-0.0739355536455502
624641,"Sosa, Edmundo",R,2024,27.53859891477283,27.53464912425736,-5.230305685468955,-4.570304642745506,42.751802020098694,41.69193651635717,-3.9648237769775325,-4.747401918482739,35.493152502614315,35.46904052264487,268.0,326.0,121.0,154.0,334.7211813618937,283.54205923158315,20.66115702479339,26.623376623376622,40.16064257028113,41.21405750798722,27.611940298507463,31.901840490797547,0.6600010427234491,-51.17912213031053,5.962219598583232,1.0534149377060942,4.289900192290084,306.0608729689198,False,71.0,72.01648351648352,1.1151532788795604,-0.40561706901769107,-1.254678656775117,-0.6448488204353674,0.40747330960854095,0.2996632996632997,0.24,1996-03-06,28,0.1320002085446898
624641,"Sosa, Edmundo",R,2025,28.0405205605517,28.696989144050207,-3.224923971317215,-2.012299909404035,37.020397652365,36.20636415061826,-7.664741966045438,-8.517851533832468,34.35790766141213,34.31773724225286,243.0,295.0,116.0,145.0,305.4102361262742,282.9378153051654,24.137931034482758,19.310344827586206,48.458149779735685,43.346007604562736,25.102880658436217,23.728813559322035,1.2126240619131803,-22.472420821108813,-4.827586206896552,-5.1121421751729486,-1.374067099114182,292.9255578923249,False,71.0,71.17206165703276,0.61226851572069,-0.42492114461983477,-0.5822459014517491,-1.0185002022441263,0.45714285714285713,0.24349442379182157,0.21455938697318008,1996-03-06,29,0.24252481238263607
624641,"Sosa, Edmundo",R,2026,28.782048056471996,29.136290645967268,-2.6791009369359657,-0.17968168551529273,34.8844330888963,38.26196503414939,-6.607815514584319,-7.388607988183841,34.83972219491445,34.95072661722511,305.0,228.0,138.0,104.0,342.1801449275362,322.2883076923076,20.28985507246377,22.115384615384613,48.0565371024735,58.673469387755105,24.59016393442623,25.0,2.4994192514206732,-19.891837235228593,1.8255295429208438,10.616932285281607,0.4098360655737707,333.6315867768595,False,71.0,71.39314285714286,0.984910706625805,-0.7480596931916652,-0.43445231284800356,-0.9421829050717033,0.524008350730689,0.24765478424015008,0.21074380165289255,1996-03-06,30,0.4998838502841346
628451,"Ibáñez, Andy",R,2024,26.533529441467604,27.077975460104543,17.13776108705063,15.440543542977457,37.1435973597868,39.306118591096144,5.4021493902941025,5.469881677718869,34.919740727989286,34.695378462129575,289.0,193.0,154.0,90.0,305.379653916197,210.68749582146248,20.12987012987013,35.55555555555556,30.419580419580424,38.63636363636363,25.60553633217993,29.015544041450774,-1.6972175440731743,-94.69215809473454,15.425685425685426,8.21678321678321,3.410007709270843,270.4522185533851,False,70.0,69.4140311804009,2.2468106037836706,1.0611480271141946,-0.45001088008156304,0.5149188395783457,0.3354978354978355,0.2697095435684647,0.2581967213114754,1993-04-03,31,-0.33944350881463486
628451,"Ibáñez, Andy",R,2025,28.460171092388084,29.03684575831344,15.247699231346315,15.530130397584315,37.723804760183654,40.60441234243557,5.225579248554646,4.610550758433196,32.6714753821243,32.45165540078942,255.0,113.0,135.0,58.0,311.5730863337995,286.14410344827587,16.296296296296298,6.896551724137931,28.404669260700388,31.73076923076923,16.862745098039216,15.929203539823009,0.28243116623800013,-25.428982885523624,-9.399744572158367,3.3260999700688423,-0.9335415582162074,303.9312158293416,False,70.0,68.70790960451977,1.590623416561839,1.3249176062661003,-1.0633966967167872,0.3885350519039525,0.29362880886426596,0.16576086956521738,0.13471502590673576,1993-04-03,32,0.05648623324760003
630105,"Cronenworth, Jake",L,2024,35.920929207915165,35.62588924986179,-3.8332981130119568,-2.879530114142986,39.46534741981472,40.22515140101706,2.5385381509066476,2.0528617787691457,21.524280075218368,21.931064788765166,909.0,322.0,487.0,172.0,367.9758506341837,257.7236386495736,17.864476386036962,18.023255813953487,23.09236947791165,21.36222910216718,14.96149614961496,15.527950310559005,0.9537679988689707,-110.25221198461008,0.15877942791652444,-1.7301403757444689,0.5664541609440441,339.19985600390606,False,71.0,68.6022367194781,-1.384294524140013,2.097848745791452,-1.556630006952752,0.39017856306538934,0.2266868840030326,0.1510966693744923,0.17905918057663125,1994-01-21,30,0.19075359977379414
630105,"Cronenworth, Jake",L,2025,33.47578067542407,33.24787840610072,-3.214023181991026,-2.589497685386392,38.6241843032434,37.042939723312976,3.2643984681959344,3.261508496309123,26.473027568956798,26.46534977404837,630.0,296.0,351.0,166.0,318.7606727238299,319.3981264634133,21.367521367521366,19.27710843373494,22.56756756756757,20.754716981132077,16.984126984126984,14.864864864864865,0.6245254966046341,0.6374537395834068,-2.090412933786425,-1.8128505864354914,-2.1192621192621193,318.9653483926323,False,71.0,70.00522041763341,0.04048186075448372,1.535396358804269,-0.3223422659795249,0.3626835499984069,0.22022684310018903,0.1630669546436285,0.20696324951644102,1994-01-21,31,0.12490509932092682
630105,"Cronenworth, Jake",L,2026,29.749003397171414,29.389609439905826,-4.388871345624093,-5.418469300718518,36.00473757097086,34.05540092360479,3.333485047326367,2.5004636038234405,26.31703866647115,26.921279016513488,576.0,171.0,317.0,92.0,282.5181955835962,228.72500000000002,23.974763406940063,16.304347826086957,28.338278931750743,29.88505747126437,20.65972222222222,15.204678362573098,-1.0295979550944248,-53.79319558359617,-7.670415580853106,1.5467785395136282,-5.455043859649123,270.4180146699266,False,71.0,70.71390532544379,0.48519997270415177,1.5149176295224416,0.5280248478155184,0.04349021517952578,0.2865566037735849,0.19410977242302543,0.22249388753056235,1994-01-21,32,-0.20591959101888496
640492,"Azócar, José",R,2024,26.817223927948756,27.05377833600466,11.817180900471477,11.146987903488007,36.16283999939809,35.0170497024962,-1.5637357128994536,-1.9694672866005953,32.71808048947978,32.58104641055297,105.0,75.0,44.0,35.0,240.8574696969697,303.51417825332567,22.727272727272727,25.71428571428571,50.57471264367817,47.14285714285714,24.761904761904763,29.333333333333332,-0.6701929969834701,62.656708556355966,2.987012987012985,-3.4318555008210296,4.571428571428569,268.61677095611475,False,,,,,,,,,,1996-05-11,28,-0.13403859939669402
641313,"Anderson, Tim",R,2024,20.485954421221507,21.187714652165273,8.989532363749946,10.214583545852754,41.82977701443841,40.569641254706234,-4.874370056199734,-5.926898692760838,29.162394412120648,29.54619117435385,206.0,310.0,90.0,152.0,235.06061111111106,231.99402492012632,27.77777777777778,28.289473684210524,41.37931034482759,36.610169491525426,31.55339805825243,27.419354838709676,1.225051182102808,-3.0665861909847365,0.5116959064327453,-4.7691408533021615,-4.134043219542754,233.1344908589223,False,72.0,69.04258823529412,2.102654333880922,-0.11094736299018494,-1.6436094499587992,-0.5009773258537549,0.3837953091684435,0.29069767441860467,0.2809917355371901,1993-06-23,31,0.2450102364205616
641343,"Bauers, Jake",L,2024,30.610059867850957,31.264043158402163,12.728165791835666,14.51912486864342,31.88388797472629,30.75193447914049,-10.132874225083564,-9.850270224162713,28.136953870086685,27.915709829650226,628.0,64.0,313.0,36.0,300.7189165705455,310.16633603896105,35.46325878594249,19.444444444444446,19.938176197836167,20.0,27.388535031847134,25.0,1.790959076807754,9.447419468415546,-16.018814341498047,0.06182380216383265,-2.388535031847134,301.69343548419295,False,72.0,73.04938080495356,-0.12878594980471503,0.16737997356996356,-0.6329546045149347,-0.9703867978950078,0.19943019943019943,0.27167630057803466,0.33810888252148996,1995-10-06,29,0.35819181536155076
641343,"Bauers, Jake",L,2026,32.78735871201547,32.98258785191292,12.47262413674434,12.874461379453239,29.55369293522358,31.185381916289113,-28.21768540203603,-28.90391628741805,18.86499506038773,18.447150095292965,650.0,283.0,402.0,154.0,385.5352537313433,361.02779220779223,27.611940298507463,22.727272727272727,20.76923076923077,23.29192546583851,29.384615384615387,22.261484098939928,0.40183724270889876,-24.507461523551058,-4.884667571234736,2.52269469660774,-7.123131285675459,378.7472158273381,False,72.0,75.67436194895592,-2.797090413998864,0.44419394197420253,-0.3901484251901358,-0.8225362375853539,0.21428571428571427,0.2722400857449089,0.26258992805755393,1995-10-06,31,0.08036744854177975
641355,"Bellinger, Cody",L,2024,32.52158000433682,32.18920076430576,8.135138093969346,9.506200069714042,50.18336633829502,52.1388610663031,-17.662598764459734,-17.333458842748055,22.20079562168792,22.86796015939388,732.0,306.0,403.0,167.0,307.2967952739288,291.8168629233348,15.632754342431761,15.568862275449103,31.818181818181817,36.0,21.03825136612022,18.627450980392158,1.3710619757446967,-15.479932350594027,-0.06389206698265859,4.181818181818183,-2.410800385728063,302.7614466729653,False,75.0,68.07906735751295,-1.586242563493224,1.1792115562942038,-1.9813565561014403,1.106015936331806,0.32821497120921306,0.20327552986512523,0.156140350877193,1995-07-13,29,0.27421239514893936
641355,"Bellinger, Cody",L,2025,32.70323199610936,32.75359557410739,5.961982708398928,6.965130855753933,54.75658480920294,56.059008011440156,-12.738387718329285,-14.592259300939407,24.968607555914303,25.715258847745897,935.0,314.0,482.0,176.0,311.29567647413245,354.94323314292313,15.145228215767634,9.659090909090908,31.15264797507788,27.380952380952383,15.72192513368984,15.92356687898089,1.003148147355005,43.647556668790685,-5.486137306676726,-3.7716955941254966,0.2016417452910506,322.9704028779427,False,75.0,69.24614121510673,-1.2665252127917797,1.1911265735125178,-2.8535188068816075,1.3586673168443526,0.30177059276366436,0.1577261809447558,0.13677811550151975,1995-07-13,30,0.200629629471001
641355,"Bellinger, Cody",L,2026,33.33713041698044,33.52077413040359,2.387957584220078,4.067763983519701,60.91912162916183,65.22739870774818,-20.87980677880419,-23.246917909845973,23.262957673980004,23.38748778748717,634.0,340.0,359.0,196.0,347.67228969359326,310.7472040816326,16.434540389972145,14.285714285714285,29.972752043596728,30.447761194029848,19.71608832807571,15.0,1.6798063992996224,-36.92508561196064,-2.1488261042578607,0.4750091504331202,-4.71608832807571,334.63207927927925,False,75.0,68.94852320675105,-1.8949151337417294,1.1371362512131378,-2.9100921953687755,1.573092349964341,0.30121608980355474,0.1806981519507187,0.15675675675675677,1995-07-13,31,0.33596127985992447
641487,"Crawford, J.P.",L,2024,35.43305514148414,35.45735814417694,30.693842220994767,31.463010831473106,31.50895078987828,32.77019279851287,-29.745380063684408,-30.078625229355193,31.049668251875026,31.22831387964905,565.0,218.0,310.0,143.0,295.1047295848696,340.44117937098645,25.806451612903224,15.384615384615385,19.1553544494721,15.853658536585366,18.053097345132745,15.59633027522936,0.7691686104783386,45.33644978611687,-10.42183622828784,-3.301695912886734,-2.4567670699033854,309.4162358087431,False,72.0,70.95099150141644,-3.839574491284925,-1.12745746699762,1.1416263822342902,0.20464507668643295,0.18261826182618263,0.17369093231162197,0.2251655629139073,1995-01-11,29,0.15383372209566773
641487,"Crawford, J.P.",L,2025,34.840259830178816,35.12494125573889,26.88013775269427,28.043895740961815,26.449397466039333,28.312055448845165,-29.032817480736316,-30.17723716125681,30.104067494531897,29.894835632314212,865.0,360.0,443.0,213.0,338.2678477519501,304.47029597636447,18.510158013544018,18.779342723004692,23.52941176470588,18.27956989247312,17.572254335260116,19.444444444444446,1.1637579882675446,-33.797551775585646,0.2691847094606743,-5.249841872232761,1.8721901091843307,327.2939475565237,False,72.0,70.11084128360798,-3.1582430091281015,-0.7529006119070162,2.1741436715403153,-0.16304974933202823,0.2197452229299363,0.18122448979591838,0.18597560975609756,1995-01-11,30,0.23275159765350892
641487,"Crawford, J.P.",L,2026,33.604692305976435,34.44545918403562,30.15513484108758,31.549069624199777,32.66766424754789,35.147079700493244,-30.34807996291857,-31.22023931939642,32.178135071287976,31.869513177107788,538.0,222.0,317.0,154.0,321.40569085173496,321.03119480519484,21.13564668769716,16.883116883116884,19.584569732937684,17.741935483870968,15.055762081784389,13.513513513513514,1.393934783112197,-0.37449604654011637,-4.252529804580277,-1.842634249066716,-1.5422485682708746,321.2832441613588,False,72.0,70.38691460055097,-3.5818182028420846,-1.3126151740931717,2.2914990213552815,0.3575474565701687,0.19004065040650406,0.14605263157894738,0.19745222929936307,1995-01-11,31,0.2787869566224394
641584,"Fraley, Jake",L,2024,28.866517694249826,29.154803226783763,14.487828868031878,13.979097595641775,41.278558642666994,39.812885725263634,-10.804346468060022,-10.706444465091414,28.690753479645647,28.745553914922105,675.0,96.0,326.0,56.0,292.1040601822843,266.39614484126986,19.32515337423313,12.5,30.601092896174865,39.705882352941174,20.296296296296294,18.75,-0.5087312723901025,-25.707915341014427,-6.825153374233128,9.104789456766309,-1.546296296296294,288.3353605511408,False,71.0,70.84591977869987,-0.25923938901845545,-0.10989764527960895,-0.30077386149933794,0.5415435218197872,0.3160453808752026,0.20103761348897536,0.18324607329842932,1995-05-25,29,-0.1017462544780205
641598,"Garver, Mitch",R,2024,27.30988325255383,27.485274394633663,12.594394576042626,12.575102937930183,40.527582397971315,42.68902412822374,-7.562762022634558,-6.873277213864096,31.342957714547577,31.009863304715537,267.0,435.0,156.0,275.0,348.4923302914593,245.55031322532344,21.153846153846153,36.36363636363637,18.820224719101123,21.299638989169676,18.726591760299627,33.793103448275865,-0.01929163811244372,-102.94201706613589,15.209790209790214,2.4794142700685526,15.066511687976238,282.81006882234715,False,73.0,70.59861325115563,0.747552766853873,0.6001854903916263,-0.0073727504585936595,0.41102937321227684,0.2032967032967033,0.28062678062678065,0.308584686774942,1991-01-15,33,-0.003858327622488744
641598,"Garver, Mitch",R,2025,26.796577841131683,27.332156285808875,11.521933150963296,11.271324448386265,41.338612859985346,42.80349149478517,-8.763193794279793,-8.548824126929828,29.8689513907415,30.369514202135274,258.0,218.0,156.0,134.0,330.4013783161382,260.5463802496913,23.717948717948715,32.08955223880597,18.327974276527332,22.857142857142858,24.418604651162788,35.321100917431195,-0.25060870257703094,-69.85499806644691,8.371603520857256,4.529168580615526,10.902496266268408,298.12355162336615,False,73.0,71.12838137472284,0.37390667667363303,0.5636909139901366,0.054923374593786434,0.44271531406853626,0.20323741007194246,0.29411764705882354,0.27586206896551724,1991-01-15,34,-0.05012174051540619
641598,"Garver, Mitch",R,2026,23.46105468262491,24.44363797604878,10.020903320179878,10.650186382876537,40.043517349877135,42.6966034362285,-1.1966300641413086,-2.516362002043218,36.22516803193324,36.34759263305377,122.0,139.0,64.0,85.0,288.929625,309.9203294117647,26.5625,37.64705882352941,24.840764331210192,24.083769633507853,26.229508196721312,37.410071942446045,0.6292830626966595,20.99070441176474,11.084558823529413,-0.7569946977023392,11.180563745724733,300.9041879194631,False,,,,,,,,,,1991-01-15,35,0.1258566125393319
641658,"Hampson, Garrett",R,2024,33.96978687856361,34.55775484703356,-5.343607549972676,-3.342606848579028,45.27068477753299,45.70169383526089,-8.597709102564389,-10.987763381470076,16.976176210211726,16.779380748409498,214.0,193.0,125.0,107.0,247.52555714955577,253.1750294490121,25.6,25.233644859813083,25.55066079295154,26.627218934911244,20.093457943925234,22.797927461139896,2.001000701393648,5.649472299456335,-0.3663551401869185,1.0765581419597048,2.7044695172146618,250.13113273594297,False,70.0,68.13333333333334,-1.2137077117669473,2.415404315413236,-1.2257186176801336,-0.4241314281637221,0.2601010101010101,0.21375921375921375,0.2543103448275862,1994-10-10,30,0.4002001402787296
641658,"Hampson, Garrett",R,2025,35.18284235802309,34.896610297997256,-0.4856281620622707,0.5235153924918724,46.91507317626202,47.800406705154664,-18.524498065871043,-23.102487981979728,16.03196683900816,16.362731925305706,62.0,85.0,40.0,50.0,255.73712500000002,204.06164,27.500000000000004,34.0,22.857142857142858,21.0,17.741935483870968,22.35294117647059,1.0091435545541432,-51.67548500000001,6.4999999999999964,-1.8571428571428577,4.611005692599623,227.02852222222225,False,,,,,,,,,,1994-10-10,31,0.20182871091082863
641857,"McMahon, Ryan",L,2024,21.297324261644697,20.992490595368228,11.88316208390243,11.437563397473193,32.11448128680173,33.17033839241583,3.598618953642773,3.4159952006835965,45.40116125657547,45.19029132439668,893.0,384.0,450.0,197.0,336.4949259195141,302.2768866103567,28.000000000000004,29.949238578680205,25.30933633295838,28.640776699029125,26.98768197088466,29.427083333333332,-0.4455986864292374,-34.218039309157405,1.9492385786802018,3.331440366070744,2.439401362448674,326.07614115304733,False,74.0,71.57489177489178,3.462063738101497,-3.2942617610885208,1.6860780282572,-0.5131677411328119,0.26364335126825517,0.27721221613155833,0.28593508500772796,1994-12-14,30,-0.08911973728584748
641857,"McMahon, Ryan",L,2025,24.19478501747693,23.231807524247834,11.302780668388722,11.889268545625889,32.23400462478971,33.55715133890132,0.2715684468677809,0.39173335854636254,42.61776572318217,42.916701543238304,898.0,231.0,459.0,129.0,331.1597202777174,281.251380268055,32.24400871459695,31.782945736434108,25.0,24.691358024691358,31.514476614699333,34.63203463203463,0.5864878772371664,-49.90834000966237,-0.46106297816284325,-0.30864197530864246,3.1175580173352984,320.2104416021282,False,74.0,73.24193849021435,2.7595429906777857,-3.0985395596120813,1.388210237220911,-0.4722042630723895,0.24937655860349128,0.32152347209920284,0.32142857142857145,1994-12-14,31,0.11729757544743329
641857,"McMahon, Ryan",L,2026,26.66737208517304,26.555317548035234,13.23071436002197,13.715000782304463,36.12854533735373,35.838599306739575,-0.25052198992547153,-1.1494528830563626,40.17358287302291,40.19532884705859,543.0,107.0,289.0,64.0,289.9958062283737,298.4025625,28.719723183391004,31.25,28.405315614617937,26.126126126126124,27.624309392265197,26.168224299065418,0.4842864222824925,8.406756271626307,2.530276816608996,-2.279189488491813,-1.4560850931997784,291.51997733711045,False,74.0,73.81893203883494,2.012625153411409,-2.3082341658014793,0.48209939731972157,0.08088135436540017,0.2805049088359046,0.27384615384615385,0.29178470254957506,1994-12-14,32,0.09685728445649851
641933,"O'Neill, Tyler",R,2024,25.369833188671418,24.883016333269698,18.63914376763065,18.856665017282975,37.67926245388967,37.46360873835491,-3.388497892433631,-3.6397335223061558,32.45028405826543,32.51674198622785,260.0,625.0,157.0,317.0,422.1557423038238,299.1145529808768,31.210191082802545,34.70031545741325,20.63953488372093,28.267045454545453,30.76923076923077,32.96,0.2175212496523251,-123.04118932294699,3.4901243746107014,7.627510570824523,2.190769230769231,339.8687021870006,False,69.0,74.26416040100251,0.6956503591427666,0.04389194171496411,-1.6784728139698495,-0.07997218838339022,0.25763358778625955,0.3231638418079096,0.33544303797468356,1995-06-22,29,0.04350424993046502
641933,"O'Neill, Tyler",R,2025,24.998467759638483,25.296810852055902,22.34316961579787,23.30064545448165,38.64567643553944,37.97800862271828,-9.764423440148546,-9.991537153330462,29.419808475263064,29.56816844665316,114.0,275.0,59.0,150.0,348.1865117024783,365.3731572619071,30.508474576271187,22.0,32.57575757575758,26.96245733788396,33.33333333333333,26.90909090909091,0.9574758386837807,17.186645559428825,-8.508474576271187,-5.6133002378736165,-6.4242424242424185,360.52142478340807,False,69.0,73.12952127659575,-0.9298246583389795,-0.501205353738966,-0.5002960663529862,-0.13138757418444266,0.28705882352941176,0.2879177377892031,0.24401913875598086,1995-06-22,30,0.19149516773675615
641933,"O'Neill, Tyler",R,2026,30.065210319009854,30.042617397296144,26.890972924685546,28.43679138301409,41.935655700710555,42.05800742822777,-15.710016801301585,-16.434949344576744,27.702584173511724,27.705894617171957,235.0,260.0,123.0,137.0,332.0172032520325,284.4735766423358,26.82926829268293,28.467153284671532,30.303030303030305,25.838926174496645,26.382978723404253,29.230769230769234,1.5458184583285437,-47.54362660969673,1.637884991988603,-4.464104128533659,2.84779050736498,306.9653692307693,False,69.0,71.4483193277311,-2.0455477444388372,-0.7809848837002161,-2.0514113416676696,0.00568163706016272,0.2793594306049822,0.2787878787878788,0.27692307692307694,1995-06-22,31,0.30916369166570873
642086,"Smith, Dominic",L,2024,30.181236378198992,30.631505281145934,-0.034904515551914594,1.1507507813123867,50.32877046378343,51.530653886703874,-10.49104255874841,-10.179126467122087,34.46218675440701,34.72624146877886,451.0,98.0,257.0,50.0,316.02758781003337,259.31123373737375,23.73540856031128,30.0,27.71317829457364,24.761904761904763,23.503325942350333,18.367346938775512,1.1856552968643013,-56.71635407265961,6.264591439688719,-2.9512735326688784,-5.135979003574821,306.79039659298786,False,71.0,67.95076923076924,0.6341848109666187,-1.1179713251350816,-0.5375106440266922,0.6497604210969252,0.2721417069243156,0.22586520947176686,0.247557003257329,1995-06-15,29,0.23713105937286025
642086,"Smith, Dominic",L,2026,32.59623242528902,32.75152268729316,6.389462745353782,10.288543591301588,51.26851765093883,55.766694956700086,-18.702531137662955,-20.164036053482768,38.172707305024495,38.320377516064106,486.0,63.0,256.0,37.0,306.87670312500006,209.979027027027,16.015625,13.513513513513514,31.800766283524908,27.692307692307693,19.958847736625515,12.698412698412698,3.8990808459478057,-96.89767609797306,-2.502111486486486,-4.1084585912172145,-7.260435038212817,294.64047781569974,False,71.0,68.09671814671815,-0.3910667629939343,-2.311111414579047,-0.9471269712897673,0.7298595271724145,0.313458262350937,0.1912568306010929,0.15699658703071673,1995-06-15,31,0.7798161691895611
642133,"Tellez, Rowdy",L,2024,27.33809467919617,27.1561185418577,-5.055853876387093,5.017770139335409,46.85216502009826,47.6977921130683,-3.751073711659707,-10.151299653642536,27.789497397015943,28.843454399793774,639.0,81.0,375.0,46.0,308.55248587592587,266.5814682274248,19.2,36.95652173913043,26.54494382022472,33.9622641509434,19.561815336463223,32.098765432098766,10.073624015722501,-41.97101764850106,17.75652173913043,7.4173203307186775,12.536950095635543,303.96657895946254,False,75.0,73.53869499241274,0.29118136138439465,0.7205572797901436,-1.0696876949569532,0.15594091672701144,0.27506112469437655,0.20972222222222223,0.21140142517814728,1995-03-16,29,2.0147248031445004
642136,"Thaiss, Matt",L,2024,28.68878802254491,29.107484265854406,7.838041606368359,11.241824652120801,38.16504700341717,41.72093898235538,-3.5418806520860873,-5.072887424195945,27.80129332757573,27.856459747349827,265.0,71.0,146.0,41.0,302.3661416724775,259.6429756097561,34.93150684931507,17.073170731707318,21.518987341772153,24.193548387096776,40.37735849056604,25.352112676056336,3.4037830457524425,-42.72316606272142,-17.858336117607752,2.674561045324623,-15.025245814509702,292.9990303966937,False,71.0,71.48863636363636,-0.23014656731611988,1.1216862829270153,-0.41269830967293103,-0.7810288324773019,0.21957671957671956,0.37202380952380953,0.31016042780748665,1995-05-06,29,0.6807566091504885
642201,"White, Eli",R,2025,28.341855456845416,27.896966888872726,1.4949863833359696,1.3188087265633526,39.783808816187744,40.49225299959107,-13.479566724209235,-14.156215205582255,32.15579089891874,32.00988175117706,191.0,335.0,96.0,176.0,338.1550831104203,294.80816451571957,25.0,26.136363636363637,28.947368421052634,29.830508474576273,26.701570680628272,23.283582089552237,-0.176177656772617,-43.34691859470075,1.1363636363636367,0.8831400535236398,-3.4179885910760355,310.1070769609081,False,74.0,71.4564681724846,0.6958405485780221,-0.9187991784695424,0.43571168806863225,-0.15117864506527465,0.2953020134228188,0.24524714828897337,0.25735294117647056,1994-06-26,31,-0.0352355313545234
642201,"White, Eli",R,2026,29.414450050186343,28.96610002833184,6.7119349714733065,5.790150238267,42.830304598175246,44.06306682917475,-18.65833161431569,-18.278993868482328,26.926632781068307,27.041601438921013,255.0,164.0,117.0,87.0,264.9102222222222,272.3346206896552,27.350427350427353,14.942528735632186,31.297709923664126,35.13513513513514,28.627450980392155,17.682926829268293,-0.9217847332063069,7.4243984674329795,-12.407898614795167,3.837425211471011,-10.944524151123861,268.07650980392157,False,74.0,72.11442786069652,-0.9142616660465746,-0.08765358620264871,-0.22806212092504718,0.01762573101087017,0.32682926829268294,0.24343675417661098,0.22058823529411764,1994-06-26,32,-0.1843569466412614
642215,"Wilson, Weston",R,2024,25.28191833789357,25.51540677579174,3.644209480786409,3.9855348373462425,55.21335432443029,57.79711587424413,-8.130796488406608,-8.614422379104633,31.96740754301755,31.784085042692727,86.0,88.0,52.0,47.0,407.3979298518521,204.73753753974077,23.076923076923077,36.17021276595745,28.431372549019606,26.041666666666668,26.744186046511626,31.818181818181817,0.34132535655983354,-202.66039231211133,13.093289689034375,-2.3897058823529385,5.073995771670191,311.1854203703447,False,,,,,,,,,,1994-09-11,30,0.06826507131196671
642215,"Wilson, Weston",R,2025,25.847530259872336,26.52806956445652,4.001186787381595,6.888736146316158,58.5560473302808,63.18827290807918,-10.704023056319135,-12.47866574278284,29.54904641926005,29.311111066135805,154.0,80.0,82.0,43.0,356.3547302998618,277.5063832663715,29.268292682926827,23.25581395348837,21.195652173913043,30.0,29.87012987012987,21.25,2.887549358934563,-78.84834703349031,-6.012478729438456,8.804347826086957,-8.620129870129869,329.2308989203411,False,,,,,,,,,,1994-09-11,31,0.5775098717869126
642215,"Wilson, Weston",R,2026,24.946186142150484,25.201017440861197,0.9176363779552819,0.9108628629075077,57.15994319836567,57.151310230258765,-6.953597768446223,-7.796936221717889,27.995342247431008,27.906925912679768,222.0,112.0,111.0,63.0,247.11257657657654,274.07060317460326,31.53153153153153,28.57142857142857,26.907630522088354,22.48062015503876,29.27927927927928,30.357142857142854,-0.006773515047774126,26.95802659802672,-2.9601029601029616,-4.4270103670495935,1.0778635778635746,256.87324137931034,False,75.0,71.39684542586751,0.8276398957180724,1.1990812414592278,0.7178278708715543,1.2472610781562052,0.25396825396825395,0.2964071856287425,0.3045977011494253,1994-09-11,32,-0.001354703009554825
642350,"Siri, Jose",R,2024,26.501455847346808,25.91995440409793,-37.47770423022648,-36.128117065061915,32.17906433199097,31.886025863886427,-4.913291107503028,-5.806214635618599,29.049155828548333,28.535046833373233,240.0,660.0,112.0,336.0,323.9981591969538,292.87437818495965,33.92857142857143,39.285714285714285,34.63035019455253,35.50387596899225,42.916666666666664,38.78787878787879,1.3495871651645643,-31.12378101199414,5.357142857142854,0.8735257744397202,-4.128787878787875,300.65532343795815,False,74.0,71.49987357774968,1.9799639605083408,1.3087980456743586,-0.3430616332775181,-1.856409277297999,0.352549889135255,0.3988888888888889,0.3794642857142857,1995-07-22,29,0.2699174330329129
642350,"Siri, Jose",R,2026,27.492586722177613,27.18938855463301,-26.252913474625828,-23.554524815352366,35.40238387240025,37.6131451467257,-10.885477324388397,-9.042780195530499,30.461700275929516,32.175292428799104,241.0,248.0,119.0,121.0,325.04937815126056,267.9774545454545,32.773109243697476,33.057851239669425,38.645418326693225,43.776824034334766,34.024896265560166,37.096774193548384,2.698388659273462,-57.071923605806035,0.2847419959719488,5.131405707641541,3.0718779279882185,296.2756166666667,False,74.0,72.42078774617069,1.4016418211892985,1.0736747454991256,-0.80190147758024,-1.2845600840863614,0.41115702479338845,0.3558282208588957,0.32916666666666666,1995-07-22,31,0.5396777318546924
642708,"Rosario, Amed",R,2024,24.057129048889866,24.14992725635145,6.101678688361783,5.943606019688597,34.68393424466609,33.016347505773275,-6.162387870766642,-8.474559164394453,44.074848820298556,42.74713716069212,237.0,430.0,126.0,220.0,300.55481431517717,274.88354516542523,19.047619047619047,22.272727272727273,40.707964601769916,38.61892583120204,24.47257383966245,20.69767441860465,-0.15807266867318592,-25.671269149751936,3.225108225108226,-2.089038770567875,-3.7748994210577997,284.2320420234274,False,73.0,70.36181818181818,1.7455730300343626,-2.982978018697327,0.5775929493188688,-2.0582530033511857,0.39384116693679094,0.22038980509745126,0.21098265895953758,1995-11-20,29,-0.031614533734637185
642708,"Rosario, Amed",R,2025,20.487156659888058,21.52867407280843,7.9890157346381745,7.417295575674563,42.22716862128637,41.9634537084653,-17.322969497340253,-17.636385727913364,37.81667066370795,37.297901728552745,239.0,122.0,122.0,69.0,343.80421553262767,303.77347887079316,12.295081967213115,23.18840579710145,37.4384236453202,36.69724770642202,16.317991631799163,28.688524590163933,-0.5717201589636112,-40.03073666183451,10.893323829888335,-0.7411759388981807,12.37053295836477,329.342849932279,False,73.0,72.09444444444445,0.3434283630988671,-2.676651525234382,-1.1263774575775185,-1.4838719082473248,0.3717948717948718,0.20498614958448755,0.16230366492146597,1995-11-20,30,-0.11434403179272223
642708,"Rosario, Amed",R,2026,23.150094337964166,25.238224829672227,6.858739663990803,6.382401283102537,40.72133020436989,37.870228226867034,-19.044060233960924,-19.618128847503126,38.264037087998915,37.6783092513748,308.0,164.0,155.0,81.0,301.12905806451613,324.73116049382713,20.64516129032258,29.629629629629626,40.2027027027027,41.875,23.051948051948052,27.439024390243905,-0.47633838088826597,23.602102429311003,8.984468339307046,1.6722972972972983,4.387076338295852,309.22977966101695,False,73.0,72.95245535714285,0.15612192228976138,-3.0928446290103073,-1.2999302732907982,-1.7984993428823202,0.40789473684210525,0.2457627118644068,0.23728813559322035,1995-11-20,31,-0.0952676761776532
642715,"Adames, Willy",R,2024,32.02792874394601,32.44855533479415,-6.276561619136776,-6.062892501633505,34.746607218720854,36.333360237802566,4.154311542418567,4.150396931049469,33.60757390771058,33.68763083734863,339.0,1011.0,180.0,511.0,316.8420728760483,348.1316865330865,23.88888888888889,25.440313111545986,24.6031746031746,29.751243781094526,25.073746312684364,26.409495548961427,0.21366911750327056,31.289613657038217,1.5514242226570971,5.1480691779199255,1.3357492362770635,339.9809912244514,False,72.0,72.69175097276265,2.027162735714374,1.9425706512177112,0.2250480863666156,-0.36534405702497397,0.28344179320318147,0.2607407407407407,0.2503617945007236,1995-09-02,29,0.04273382350065411
642715,"Adames, Willy",R,2025,29.14268796746773,29.094810320152042,-11.960895782838314,-8.590515079366758,37.49406468718426,38.79705823811528,-1.9635646473060997,-2.8043373361228716,32.97608328406661,33.148106249659385,318.0,988.0,180.0,507.0,289.07897176186515,342.3997825426835,30.0,24.65483234714004,25.737265415549597,27.05992509363296,26.729559748427672,27.530364372469634,3.3703807034715556,53.32081078081836,-5.34516765285996,1.3226596780833617,0.8008046240419624,328.4292644341722,False,72.0,71.26342443729904,1.735850855303184,1.3568426867439143,-0.00757804975812916,-0.4384975801698651,0.26717557251908397,0.27335375191424194,0.26055312954876275,1995-09-02,30,0.6740761406943111
642715,"Adames, Willy",R,2026,29.821705433342206,30.13992974131561,-16.215962987030586,-17.769153201389635,38.59581498565348,39.242293863361596,0.26065495298958846,0.16821806558909896,31.894939023887694,32.1343985983445,261.0,691.0,137.0,368.0,301.84432116788315,292.71435869565215,30.656934306569344,26.358695652173914,32.10332103321033,31.29973474801061,32.18390804597701,25.180897250361795,-1.5531902143590486,-9.129962472231,-4.29823865439543,-0.8035862851997173,-7.003010795615218,295.1912,False,72.0,71.37273718647765,1.8506115936015697,2.017416717364965,-0.19277073669906858,-0.6320077342901653,0.3151219512195122,0.2710084033613445,0.27524752475247527,1995-09-02,31,-0.31063804287180974
642731,"Estrada, Thairo",R,2024,27.124220308242144,27.41715723023444,-2.4970267717952517,0.023276002978959726,42.69334930188183,43.16935833186014,-0.6738664533940874,-2.0425816650846693,21.853231205913122,22.112782936153664,175.0,496.0,96.0,286.0,267.50735549645395,265.5382729502863,18.75,20.27972027972028,36.41975308641975,34.43298969072165,19.428571428571427,19.556451612903224,2.5203027747742115,-1.9690825461676695,1.52972027972028,-1.9867633956981052,0.12788018433179715,266.0331209200038,False,70.0,70.19636048526864,-0.5083527276696449,1.7021066919733083,-1.0275530807552373,-2.3525598424915755,0.34930448222565685,0.19523099850968703,0.19895287958115182,1996-02-22,28,0.5040605549548423
642731,"Estrada, Thairo",R,2025,26.972830062838167,26.90845762502788,11.550770681514477,12.490906671271855,42.498131519788714,43.36935014347011,-7.143620428498856,-7.7376174316982524,26.068126218593036,26.02187825294731,73.0,233.0,37.0,128.0,279.1030630630631,257.2366928427072,13.513513513513514,16.40625,32.05128205128205,36.79245283018868,15.068493150684931,22.317596566523605,0.940135989757378,-21.86637022035586,2.892736486486486,4.741170778906628,7.249103415838674,262.1400607103022,False,,,,,,,,,,1996-02-22,29,0.1880271979514756
642851,"Wynns, Austin",R,2025,28.44392712392054,29.28579495053274,8.281741852806709,8.320789888803224,44.17804128858132,45.899022807265744,-10.95471426245845,-11.808743834380317,30.44215790919192,30.46337788761877,86.0,140.0,38.0,72.0,260.95162778758424,321.82373065291915,36.84210526315789,25.0,35.82089552238806,24.778761061946902,24.418604651162788,25.71428571428571,0.039048035996515296,60.87210286533491,-11.84210526315789,-11.042134460441154,1.2956810631229239,300.79518602671254,False,,,,,,,,,,1990-12-10,35,0.007809607199303059
642851,"Wynns, Austin",R,2026,27.571619191826482,26.614194734030164,15.112901453066353,14.110715992126794,44.772403524871315,45.134623576308655,-13.310188644030069,-12.683199507753054,32.036971822957774,31.749791673631186,75.0,107.0,37.0,52.0,276.89491891891885,212.47438461538465,27.027027027027028,26.923076923076923,47.540983606557376,36.44859813084112,24.0,22.429906542056074,-1.0021854609395593,-64.4205343035342,-0.10395010395010473,-11.092385475716256,-1.5700934579439263,239.25595505617977,False,,,,,,,,,,1990-12-10,36,-0.20043709218791186
643217,"Benintendi, Andrew",L,2024,31.35008464325002,31.769694256341896,-0.29621178243959184,-3.265599338796722,57.628203130656495,56.38685100703571,-29.46800159994009,-24.743216179494773,21.14220512513065,21.941766662278635,712.0,240.0,398.0,126.0,307.2380288499283,300.67374874596305,16.834170854271356,23.015873015873016,24.343015214384508,27.82608695652174,16.15168539325843,23.333333333333332,-2.9693875563571304,-6.564280103965245,6.18170216160166,3.4830717421372306,7.181647940074903,305.65959508447105,True,69.0,67.47712952158693,-3.0942733235693125,1.0073148713633588,-1.5296125485926901,1.4719170595965108,0.2518363064008394,0.1796218487394958,0.183206106870229,1994-07-06,30,-0.5938775112714261
643217,"Benintendi, Andrew",L,2025,30.821148931496005,31.10007221405611,-9.285154713533352,-13.409227809941848,58.73565479311095,58.38901077134676,-23.643203938028478,-17.08163953296048,22.789931649999374,23.144627379686902,671.0,192.0,379.0,93.0,329.3267305390986,259.9615965722162,16.094986807387862,22.58064516129032,26.367461430575034,43.13725490196079,20.268256333830102,30.729166666666668,-4.124073096408496,-69.36513396688241,6.485658353902458,16.769793471385753,10.460910332836566,315.6594477871493,True,69.0,68.09889570552147,-1.8926540532904308,1.4252848717956634,-1.2009924614449758,1.7010251927027098,0.29330254041570436,0.22595596755504055,0.17372881355932204,1994-07-06,31,-0.8248146192816993
643217,"Benintendi, Andrew",L,2026,28.787167910039308,29.34220867361464,-9.390672216286973,-12.928610658030808,55.77921655619085,57.418560898502264,-12.05512764827801,-6.582398964056818,23.803101798456485,24.200759833072173,778.0,111.0,408.0,47.0,316.69323529411764,252.30025531914896,22.058823529411764,36.17021276595745,33.089133089133085,40.86021505376344,25.064267352185087,32.432432432432435,-3.537938441743835,-64.39297997496868,14.111389236545687,7.771081964630355,7.368165080247348,310.0416527472527,True,69.0,69.44554102259215,-0.7120588499516537,1.8010517766213188,-0.7089359536921764,1.3864690156018227,0.33881578947368424,0.25984251968503935,0.23516483516483516,1994-07-06,32,-0.707587688348767
643265,"Cooper, Garrett",R,2024,34.40819337850079,34.87582187923765,5.810246135141653,6.401756539204396,26.596674297095884,25.725097654618263,-21.708434656254028,-22.074601602276037,28.38248117856905,28.85180155130294,90.0,120.0,43.0,73.0,375.9001496588257,297.4503983292863,30.23255813953488,30.136986301369863,42.70833333333333,31.914893617021278,32.22222222222222,23.333333333333332,0.5915104040627428,-78.44975132953937,-0.09557183816501791,-10.79343971631205,-8.88888888888889,326.5309095979949,False,,,,,,,,,,1990-12-25,34,0.11830208081254856
643289,"Dubón, Mauricio",R,2024,22.702377882279396,21.90274124950108,8.088118071438306,7.00369674719074,46.41091222404567,46.87445032531008,-21.796239832669325,-20.83636040042045,33.545710338181664,33.44954582198418,281.0,587.0,126.0,302.0,255.14714059492982,281.4285749591215,16.666666666666664,11.258278145695364,40.43478260869565,41.24748490945674,20.640569395017792,14.821124361158432,-1.0844213242475655,26.281434364191654,-5.4083885209713,0.8127023007610887,-5.81944503385936,273.69151717900894,False,71.0,68.60644361833953,0.5330257817933818,-1.5364840441538332,0.8334261769918494,-1.6931545469290923,0.40990371389270974,0.16705069124423963,0.12850467289719625,1994-07-19,30,-0.21688426484951312
643289,"Dubón, Mauricio",R,2025,26.63845205741534,25.996967939670792,9.88383142172306,10.578768030180864,46.74912762435235,48.29637691446964,-21.059850281117317,-17.016543751102702,37.56850063438647,35.957154235974706,229.0,492.0,115.0,283.0,287.96332502092986,275.3511846857276,9.565217391304348,10.954063604240282,35.07109004739337,35.033259423503324,14.41048034934498,14.634146341463413,0.6949366084578035,-12.612140335202241,1.3888462129359347,-0.03783062389004499,0.22366599211843408,278.99539608911516,False,71.0,67.35520833333332,0.6901509318238096,-1.956196695236533,0.45464830692426395,-1.5276610731865679,0.3504531722054381,0.14563106796116504,0.10552763819095477,1994-07-19,31,0.1389873216915607
643289,"Dubón, Mauricio",R,2026,31.082999490072737,31.305419065124358,18.701820106791445,17.752513637605652,52.58896173128951,53.16606302808346,-42.36756589470566,-38.58357024157897,29.711775260423856,30.116258576105896,396.0,791.0,207.0,395.0,296.35773913043477,309.3058734177215,9.66183574879227,13.41772151898734,35.26315789473684,38.922888616891065,11.11111111111111,15.423514538558786,-0.9493064691857924,12.948134287286734,3.7558857701950696,3.6597307221542223,4.312403427447675,304.8536079734219,False,71.0,68.25172109443953,-2.6021670227817575,-1.5005098377331285,0.1812725138173371,-0.8866475686203106,0.37761069340016706,0.13984835720303285,0.1212624584717608,1994-07-19,32,-0.1898612938371585
643376,"Jansen, Danny",R,2024,22.633294072259197,23.21675640943213,0.929340816405483,2.043961073975703,56.533683191045085,57.15843658859921,-8.190123384635736,-8.650509716135824,39.19823223278654,38.98095296126828,165.0,394.0,94.0,230.0,312.20212423686314,288.2182739506234,18.085106382978726,19.130434782608695,19.565217391304348,20.253164556962027,23.636363636363637,17.512690355329948,1.1146202575702198,-23.983850286239715,1.0453283996299696,0.687947165657679,-6.123673281033689,295.17655150280416,False,74.0,68.46127744510977,2.2647420011776216,-0.9564715738213372,1.2949238835097507,2.1215932526480783,0.2002840909090909,0.19320214669051877,0.1882716049382716,1995-04-15,29,0.22292405151404396
643376,"Jansen, Danny",R,2025,22.717627695844506,22.878641462094407,1.131650630463569,2.2986507672062513,54.817595292895625,55.33228450437598,-6.921739159608329,-7.614237017325367,41.89638232512228,41.78986913911628,226.0,356.0,121.0,218.0,284.0272629241516,303.8256052371502,31.40495867768595,22.018348623853214,21.51394422310757,18.181818181818183,29.20353982300885,17.415730337078653,1.1670001367426823,19.798342312998614,-9.386610053832737,-3.332126041289385,-11.787809485930197,296.7589402817731,False,74.0,68.91153119092627,2.6861683236905374,-1.614274180453023,1.53867676431217,2.0539162818391032,0.1947449768160742,0.21993127147766323,0.2536873156342183,1995-04-15,30,0.23340002734853646
643376,"Jansen, Danny",R,2026,22.807030478093054,22.53037104578662,0.2604330047389184,2.050357475172384,53.854018958857885,56.026683946385155,-7.434507969590317,-7.411987748544694,38.663221463075104,38.93924731763916,114.0,258.0,61.0,149.0,265.28393442622945,264.7618255033557,29.508196721311474,22.818791946308725,21.774193548387096,24.363636363636363,27.192982456140353,21.705426356589147,1.7899244704334656,-0.5221089228737696,-6.68940477500275,2.5894428152492672,-5.487556099551206,264.9134857142857,False,74.0,69.4828313253012,2.150087275822226,-1.087847278239812,1.4177888785977384,1.9277566353528957,0.23558897243107768,0.23387096774193547,0.24761904761904763,1995-04-15,31,0.3579848940866931
643396,"Kiner-Falefa, Isiah",R,2024,27.68279168162188,27.648977435018335,5.700036665143028,6.13307735313482,36.46109211066385,36.86853448536496,-22.768854832750176,-24.255323756955544,26.055364838343216,26.090887475363687,197.0,588.0,135.0,363.0,295.15803447293445,292.3952601311249,16.296296296296298,15.426997245179063,24.75728155339806,31.80327868852459,12.690355329949238,12.755102040816327,0.4330406879917925,-2.762774341809518,-0.8692990511172347,7.04599713512653,0.06474671086708916,293.14420498282027,False,70.0,66.21430615164522,-2.6541718059479624,-0.3192657909252102,0.9256804207764165,-1.278452264629877,0.3002450980392157,0.12738853503184713,0.1566265060240964,1995-03-23,29,0.0866081375983585
643396,"Kiner-Falefa, Isiah",R,2025,29.94765548164209,29.357913447672345,9.966475469579526,8.544086772913653,32.56024045470077,34.383687995248515,-25.813338772151237,-26.874094426574146,26.68737466751809,26.911179390614116,223.0,571.0,124.0,336.0,256.9707631180778,261.9965805092929,16.129032258064516,16.964285714285715,31.343283582089555,31.54981549815498,14.349775784753364,11.38353765323993,-1.4223886966658732,5.025817391215128,0.8352534562211993,0.2065319160654262,-2.9662381315134336,260.641794951661,False,70.0,65.7251673360107,-2.38213092001141,-0.5585466362051149,0.9030207154517789,-1.1266965850215847,0.3149394347240915,0.12216624685138538,0.1673913043478261,1995-03-23,30,-0.28447773933317466
643396,"Kiner-Falefa, Isiah",R,2026,27.306470585974466,27.764518349338886,2.9618536761944267,2.417904526130684,33.6390295379804,35.803200533605384,-18.273342622272242,-18.191335118046798,28.884520340616874,27.233386972297126,99.0,195.0,51.0,122.0,283.6732549019607,294.51734426229507,17.647058823529413,12.295081967213115,34.285714285714285,29.81651376146789,17.17171717171717,15.384615384615385,-0.5439491500637428,10.844089360334351,-5.351976856316298,-4.469200524246396,-1.7871017871017845,291.3205317919075,False,,,,,,,,,,1995-03-23,31,-0.10878983001274856
643446,"McNeil, Jeff",L,2024,29.728532971325354,29.17693094655073,2.4508847902121444,2.523486752165395,37.28233563446857,35.426561644674166,-0.16803081344953283,-0.4102304840199123,32.30226248396064,33.82975733785085,696.0,244.0,356.0,116.0,297.6744777852372,277.4514229732171,14.606741573033707,13.793103448275861,31.60453808752026,29.207920792079207,16.954022988505745,13.524590163934427,0.07260196195325053,-20.223054812020052,-0.8136381247578459,-2.396617295441054,-3.429432824571318,292.70440499245257,True,72.0,68.03668224299065,0.5213177392626286,-0.3107297399784991,-1.072570328012889,-1.4729408617888913,0.31013431013431014,0.16063829787234044,0.1440677966101695,1992-04-08,32,0.014520392390650106
643446,"McNeil, Jeff",L,2025,31.132309213032276,29.841936242749103,7.186089537462004,3.3118844761735873,37.35781534016657,34.557342965982286,-4.001254713454838,-0.6321298230337357,32.112737672215985,32.58991134324569,696.0,209.0,355.0,107.0,323.0941046347879,353.74392443497425,10.985915492957748,14.953271028037381,26.39344262295082,27.461139896373055,13.505747126436782,19.617224880382775,-3.8742050612884165,30.64981980018632,3.9673555350796335,1.0676972734222367,6.111477753945993,330.19265597379217,True,72.0,69.90293083235639,0.03590161427561125,-0.6165871063281101,-1.8480706537597318,-1.3352605378484141,0.26650062266500624,0.14917127071823205,0.11904761904761904,1992-04-08,33,-0.7748410122576833
643446,"McNeil, Jeff",L,2026,31.377714629962007,30.275379709813866,11.775403085411691,8.206648258773825,38.04952161417018,35.06733041883298,-0.8698855138669767,0.4908142165470863,31.443650195396582,31.96199777046119,807.0,215.0,394.0,106.0,307.2827918781726,275.9910566037736,12.436548223350254,7.547169811320755,36.71988388969521,32.663316582914575,14.12639405204461,12.558139534883722,-3.568754826637866,-31.291735274399002,-4.889378412029499,-4.056567306780636,-1.568254517160888,300.64894400000003,True,72.0,68.02143600416233,-0.0010857119563839532,-0.49019446566991,-2.078920251783769,-1.244397121923093,0.3581081081081081,0.1379647749510763,0.114,1992-04-08,34,-0.7137509653275732
643565,"Tauchman, Mike",L,2024,29.872664086691056,30.068968598791137,3.417052970399997,3.607530686826993,42.445943685649446,43.65419311123511,-0.707539747936443,-1.1955713330821038,23.91729836457698,23.76608144579851,582.0,125.0,282.0,69.0,331.09940917831267,327.19684331282133,19.858156028368796,20.28985507246377,23.06477093206951,21.21212121212121,19.072164948453608,21.6,0.1904777164269964,-3.90256586549134,0.43169904409497306,-1.8526497199482996,2.5278350515463934,330.3322381107374,False,73.0,68.50093167701863,-0.23125412046444033,1.4087373299542287,1.1458046530093775,-0.3486037214462227,0.22745098039215686,0.19519094766619519,0.19943019943019943,1990-12-03,34,0.03809554328539928
643565,"Tauchman, Mike",L,2025,33.43221452888528,33.42998612013661,8.660370154711416,9.742355336626783,46.3016862978428,44.91422849792236,-10.7962404047902,-10.705835251545524,23.510575736408114,23.20101315066297,603.0,141.0,314.0,71.0,316.7871857970658,335.1466807558639,21.656050955414013,25.352112676056336,24.63295269168026,23.809523809523807,19.402985074626866,34.04255319148936,1.0819851819153676,18.35949495879811,3.696061720642323,-0.8234288821564526,14.639568116862495,320.17296278946753,False,73.0,68.23456090651558,-1.4651577459265976,0.8464097948860537,0.04839019932363107,0.1420803050509259,0.2449255751014885,0.2217741935483871,0.22337662337662337,1990-12-03,35,0.21639703638307353
645302,"Robles, Victor",R,2024,13.01188333389345,13.841267621764498,7.257367242312176,8.711556851550558,30.521308221607537,33.210682438893556,5.079635476861699,5.022980613484599,39.064051253350584,39.238115931790205,172.0,360.0,103.0,193.0,341.53124509127906,321.90765323283676,16.50485436893204,18.65284974093264,29.82456140350877,32.193732193732195,22.093023255813954,24.72222222222222,1.454189609238382,-19.623591858442296,2.147995372000601,2.369170790223425,2.629198966408268,328.73613283222716,False,72.0,67.68059701492537,4.249805285271273,-2.377418321452674,-0.035640255752173125,-1.0773144592230888,0.31417624521072796,0.2387218045112782,0.17905405405405406,1997-05-19,27,0.2908379218476764
645302,"Robles, Victor",R,2025,9.186306537017945,9.649918527023386,5.860834872573409,7.495527653687804,27.45359244177019,28.39364722903096,6.749446634649971,5.664849052511499,40.15801488903244,40.85602167404542,98.0,126.0,48.0,66.0,231.31594642857146,240.36649583749588,16.666666666666664,27.27272727272727,44.047619047619044,39.42307692307692,22.448979591836736,26.190476190476193,1.6346927811143956,9.050549408924411,10.606060606060606,-4.624542124542124,3.7414965986394577,236.55573819163297,False,,,,,,,,,,1997-05-19,28,0.32693855622287915
645302,"Robles, Victor",R,2026,11.839137216191194,12.712534417335446,-0.5612322577740787,-0.03045507658813655,26.27599753286019,27.828576660550755,7.820023449227997,7.263017196509948,39.70063122568948,39.81328197894292,94.0,181.0,50.0,99.0,303.47336,266.2203232323232,20.0,12.121212121212121,34.95145631067961,35.63218390804598,24.46808510638298,19.88950276243094,0.5307771811859422,-37.253036767676804,-7.878787878787879,0.6807275973663707,-4.578582343952039,278.7213422818792,False,,,,,,,,,,1997-05-19,29,0.10615543623718844
645305,"Sánchez, Ali",R,2026,28.07088090102991,27.607246804968224,5.242296705113535,2.531368273229249,51.5795144474065,53.0767010899854,-6.402411214526498,-6.6744212737868756,29.047857059897105,28.76565113682578,74.0,71.0,41.0,43.0,275.6705365853659,212.0243720930232,31.70731707317073,27.906976744186046,27.631578947368425,41.66666666666667,24.324324324324326,18.30985915492958,-2.710928431884286,-63.64616449234268,-3.800340328984685,14.035087719298247,-6.014465169394747,243.08976190476193,False,,,,,,,,,,1997-01-20,29,-0.5421856863768573
646240,"Devers, Rafael",L,2024,20.813989006658463,23.47031172336493,16.63430186179146,15.728332090688387,36.519360509175556,36.83728416709119,-67.3087445243654,-67.45958002013384,30.64706861010832,30.694155587083465,727.0,481.0,377.0,224.0,402.64857163464876,302.4541584125311,20.159151193633953,31.69642857142857,28.872366790582404,33.86004514672686,25.997248968363134,31.80873180873181,-0.9059697711030736,-100.19441322211765,11.537277377794616,4.987678356144457,5.811482840368676,365.30489682307746,False,72.0,71.59230064161319,-2.7301263360646115,-1.5531310910881058,2.203814773155412,0.8856628373377884,0.3064,0.28311258278145696,0.24459234608985025,1996-10-24,28,-0.18119395422061474
646240,"Devers, Rafael",L,2025,21.8069045558003,23.919700393835516,14.151161880422476,14.409075799467361,37.70167597642926,37.768461674590064,-64.8066560912467,-64.1352367807288,31.584273626389923,31.558134498884414,953.0,491.0,490.0,241.0,390.3595803902377,317.3268774697642,25.918367346938776,26.556016597510375,24.956063268892795,28.240740740740737,30.535152151101784,26.069246435845212,0.2579139190448849,-73.03270292047347,0.6376492505715987,3.2846774718479423,-4.4659057152565715,366.2817672522977,False,72.0,70.75079250720462,-2.651077252761789,-1.6221870864586623,1.571939060952064,0.7512244927496959,0.2585987261146497,0.2901662049861496,0.2612859097127223,1996-10-24,29,0.05158278380897698
646240,"Devers, Rafael",L,2026,24.85041986947423,26.42867739588342,13.93611109216869,14.70521969881231,37.824163266868446,38.86464771971487,-66.07909434639902,-65.76364016821029,34.81455227501864,35.34140953232881,765.0,460.0,413.0,220.0,377.1310702179177,274.77874545454546,23.97094430992736,28.18181818181818,28.460686600221486,32.89473684210527,25.751633986928102,28.043478260869563,0.7691086066436199,-102.35232476337222,4.2108738718908185,4.4340502418837815,2.291844273941461,341.5583823064771,False,72.0,70.92839090143218,-2.654549019112577,-1.9197510903529,1.6540227443904931,0.7937716985092997,0.2994849153789551,0.26612244897959186,0.25434439178515006,1996-10-24,30,0.153821721328724
647304,"Naylor, Josh",L,2024,24.076671369037058,24.80736249612612,25.564438618593453,25.574908244074198,48.96720356760718,51.2413349050062,-3.6506651620019226,-3.589497173517963,44.425130962202125,44.57966279145406,852.0,297.0,459.0,177.0,342.6838164878249,311.05961455977547,15.468409586056644,19.2090395480226,32.27222832052689,32.19814241486068,19.718309859154928,23.56902356902357,0.010469625480745037,-31.624201928049445,3.740629961965954,-0.07408590566620887,3.850713709868643,333.8827414229432,False,70.0,71.81630740393626,1.73253496622086,-3.896558821178758,-0.2352908396490672,0.5635801988529587,0.3225283630470016,0.2071366405570061,0.1650943396226415,1997-06-22,27,0.0020939250961490075
647304,"Naylor, Josh",L,2025,25.279775484760297,25.688103585783683,27.285070133829652,26.325261101149515,47.16418461482133,48.13416094996046,-4.525525146593931,-4.39310435767621,43.97381071180248,44.120162349665456,739.0,345.0,413.0,192.0,361.7503823168121,272.1338480121484,11.864406779661017,17.708333333333336,34.642356241234225,41.54302670623146,17.997293640054128,26.3768115942029,-0.9598090326801376,-89.61653430466367,5.843926553672318,6.9006704649972335,8.37951795414877,333.31009374409234,False,70.0,69.9368,1.8197214574344147,-3.677937861599609,-0.2658707037035654,0.5889559066833802,0.36857142857142855,0.2066420664206642,0.1371900826446281,1997-06-22,28,-0.1919618065360275
647304,"Naylor, Josh",L,2026,26.857449433391242,27.2980520816095,23.54074614095603,22.697762059546655,46.34407510081873,48.504045861846464,-1.794581551072028,-1.9395622903340681,41.57189876946618,41.73043077989771,725.0,349.0,418.0,212.0,316.56378947368427,301.19094339622643,11.24401913875598,14.622641509433961,39.57503320053121,35.80562659846547,14.06896551724138,19.770773638968482,-0.8429840814093765,-15.372846077457837,3.3786223706779808,-3.769406602065736,5.701808121727101,311.39070476190483,False,70.0,69.22665350444225,1.5326534189236043,-3.038312033457926,-1.2111228460152486,-0.020975133984422422,0.38286713286713286,0.15921787709497207,0.12380952380952381,1997-06-22,29,-0.1685968162818753
649966,"Urías, Luis",R,2024,29.315178190917234,29.121932065926675,22.36959454026191,21.562806466789866,42.66452568832555,43.49675345595628,-12.460759017228936,-12.887208228118869,30.770395906639045,29.109865543939076,100.0,111.0,55.0,54.0,335.6899237536656,291.997343939016,30.909090909090907,31.48148148148148,29.09090909090909,28.205128205128204,25.0,16.216216216216218,-0.8067880734720454,-43.692579814649605,0.5723905723905744,-0.8857808857808855,-8.783783783783782,314.04405852438964,False,,,,,,,,,,1997-06-03,27,-0.16135761469440907
649966,"Urías, Luis",R,2025,29.8165042503632,29.543407760812332,13.496686820842413,13.759749527501834,41.00232037184597,41.494963110150444,-15.393049598823007,-15.416778509113868,26.52854702086483,26.660526090324236,126.0,423.0,69.0,262.0,250.40351345755695,316.25880434165447,10.144927536231885,14.50381679389313,27.692307692307693,20.964360587002094,7.142857142857142,13.47517730496454,0.26306270665942044,65.85529088409751,4.358889257661245,-6.727947105305599,6.332320162107397,302.530662133187,False,69.0,68.71298449612404,-0.5006430088977971,-0.30842341947968666,-0.9885758404029543,0.15712972242248543,0.22405271828665568,0.12021857923497267,0.13595166163141995,1997-06-03,28,0.05261254133188409
650333,"Arraez, Luis",L,2024,33.279614422078936,33.278453696572186,33.78479067512086,32.558197483337686,44.94178034234238,43.56883864062518,-23.404547253685987,-23.195414405311137,26.815485019739647,27.186490599860708,848.0,347.0,468.0,204.0,341.3559207184445,304.6582704728951,2.564102564102564,8.333333333333332,35.44457978075518,33.84615384615385,4.599056603773585,8.93371757925072,-1.2265931917831736,-36.697650245549426,5.769230769230768,-1.5984259346013303,4.334660975477135,330.2155626081884,False,70.0,62.47568093385214,-3.7712446310266174,-0.8540746477643355,-0.4340352053588438,0.16853212389772323,0.349912739965096,0.058577405857740586,0.043154761904761904,1997-04-09,27,-0.24531863835663473
650333,"Arraez, Luis",L,2025,34.3162581530744,34.372537629465164,36.59908899643701,36.77260809141517,44.44650169391728,44.6856439360789,-25.9053212773871,-25.404068985631238,27.73222568697829,28.05055667609666,841.0,364.0,471.0,206.0,318.1361142132612,273.1665310875748,2.335456475583864,4.854368932038835,35.45108005082592,30.791788856304986,3.56718192627824,5.21978021978022,0.1735190949781611,-44.96958312568637,2.5189124564549705,-4.659291194520936,1.6525982935019798,304.45260738328864,False,70.0,61.98673932788374,-3.751084888262072,-0.9449628398296495,-0.09244357217507478,0.5012021690470805,0.3404255319148936,0.04066390041493776,0.0310192023633678,1997-04-09,28,0.03470381899563222
650333,"Arraez, Luis",L,2026,34.86764622953158,35.20047262391606,35.38817676353358,34.496354247769254,46.026317037878925,46.03263986890184,-28.381225261786806,-28.322946069965898,27.103288124955796,26.996841581550186,808.0,362.0,443.0,206.0,320.8878735891648,280.7078252427184,3.160270880361174,6.796116504854369,32.89473684210527,33.633633633633636,5.074257425742575,8.56353591160221,-0.8918225157643249,-40.180048346446426,3.6358456244931947,0.7388967915283686,3.4892784858596357,308.1342681047766,False,70.0,62.33963800904978,-4.1265116823497765,-0.8776539800218724,0.05351601302817636,0.5017586105790479,0.33105218135158254,0.06153846153846154,0.04314329738058552,1997-04-09,29,-0.17836450315286498
650391,"Jiménez, Eloy",R,2024,16.146561376206943,16.764354102176647,-31.98001182071329,-44.49312621194574,40.32949418205549,41.92255158317863,-22.378533792288263,-32.43831787178177,39.596797938565395,37.239374532590226,163.0,441.0,94.0,255.0,282.4516266180628,307.9371223606768,18.085106382978726,20.784313725490197,37.142857142857146,31.46551724137931,22.699386503067483,23.12925170068027,-12.513114391232453,25.485495742614034,2.699207342511471,-5.677339901477836,0.42986519761278785,301.0728341090845,False,76.0,73.13869801084991,2.6948895534328567,-1.5904574373874838,2.2364923242388874,-0.854859793887961,0.3302034428794992,0.23013245033112584,0.20057306590257878,1996-11-27,28,-2.5026228782464903
650402,"Torres, Gleyber",R,2024,32.91629419689472,32.50499437377283,16.53898979048428,12.321206116785369,53.27816560121059,50.61677445861408,-36.300026747376805,-36.17959171589825,25.955467684384047,26.31796403100781,338.0,950.0,169.0,497.0,314.667700456027,312.75668392256785,21.301775147928996,20.12072434607646,22.252747252747252,21.51277013752456,21.597633136094675,20.105263157894736,-4.217783673698911,-1.911016533459133,-1.1810508018525354,-0.7399771152226933,-1.4923699781999389,313.2416115414186,True,70.0,69.25141874462597,-3.3756961083176584,-0.7707464230038509,-0.09028333766122201,1.274749454113449,0.2170767004341534,0.20496894409937888,0.2042042042042042,1996-12-13,28,-0.8435567347397821
650402,"Torres, Gleyber",R,2025,32.94529292553737,32.39052700648791,11.907644115437714,8.655604844088636,49.66356228219197,49.637048761460264,-33.006987860646475,-32.23000636413126,26.754506064195798,27.19526943331649,284.0,797.0,173.0,456.0,399.5852001980105,348.2016024158461,12.716763005780345,17.324561403508774,16.11253196930946,17.363344051446948,17.253521126760564,16.68757841907152,-3.252039271349078,-51.38359778216443,4.607798397728429,1.250812082137486,-0.5659427076890431,362.3341340793031,True,70.0,69.22894482090997,-2.2865609706118426,-0.7638494276029673,-0.8252129275706348,1.1800975748551252,0.16993957703927492,0.1683626271970398,0.16057233704292528,1996-12-13,29,-0.6504078542698156
650402,"Torres, Gleyber",R,2026,31.974111574063844,31.544643364775688,12.975855942524973,9.116219563760655,49.04216272206491,48.280474256712054,-34.963474475911184,-34.227546655185,26.129499750966414,26.470767694195516,202.0,546.0,128.0,292.0,384.17878125000004,300.01580821917804,20.3125,18.835616438356166,13.915857605177994,21.333333333333336,19.801980198019802,20.695970695970693,-3.8596363787643178,-84.162973030822,-1.4768835616438345,7.417475728155342,0.8939904979508917,325.66547619047617,True,70.0,67.19329685362517,-2.2685938486494583,-0.801340837937838,-0.883626605781417,0.7219133197142474,0.18811881188118812,0.20454545454545456,0.19285714285714287,1996-12-13,30,-0.7719272757528636
650490,"Díaz, Yandy",R,2024,29.27370960441147,29.366999570416276,19.795378282722027,21.571067413831997,38.136788284693914,38.430726178235815,-26.429313276767868,-28.089558485184952,29.218586006547863,29.38095836986945,248.0,831.0,139.0,483.0,401.1440043371045,320.1911617437559,8.633093525179856,17.184265010351968,21.34831460674157,22.968580715059588,11.693548387096774,12.755716004813477,1.7756891311099707,-80.95284259334858,8.551171485172112,1.6202661083180168,1.0621676177167032,338.28190952587084,False,72.0,72.28032454361055,-2.47661522626793,-0.5781318399742602,2.0353573004961505,0.4384697497557872,0.22605042016806723,0.12511584800741427,0.1527331189710611,1991-08-08,33,0.35513782622199414
650490,"Díaz, Yandy",R,2025,29.6385947238991,29.20354688845523,25.909077613084428,27.565742555969038,36.73402110467563,37.12552364537424,-28.827547618327365,-29.919685606994673,28.53942567188555,28.7747242593111,325.0,795.0,181.0,470.0,394.3164353107786,336.38450352381903,8.83977900552486,16.170212765957448,26.409495548961427,22.850678733031675,11.384615384615385,17.232704402515722,1.6566649428846105,-57.93193178695958,7.330433760432587,-3.5588168159297524,5.848089017900337,352.4915383217295,False,72.0,72.60083955223881,-2.8609326389372836,-0.7251961101087923,2.2220919203920118,0.7172876744049769,0.23832923832923833,0.15535714285714286,0.141321044546851,1991-08-08,34,0.3313329885769221
650490,"Díaz, Yandy",R,2026,28.545697263738436,28.358362567912895,28.665111362910885,29.048468739130424,32.91465144259185,34.098058546828874,-28.7345441873476,-29.208902890901328,28.71420230035381,28.763073155867975,358.0,832.0,198.0,475.0,357.178404040404,345.1732294736842,12.121212121212121,15.578947368421053,31.853785900783286,28.125,11.452513966480447,12.980769230769232,0.38335737621953925,-12.005174566719802,3.457735247208932,-3.7287859007832864,1.5282552642887843,348.7052124814265,False,72.0,72.53880726015556,-2.4861415380050826,-0.9276301031470515,2.356600147110099,0.16112373701953253,0.292415949960907,0.12521008403361344,0.14561664190193166,1991-08-08,35,0.07667147524390786
650559,"De La Cruz, Bryan",R,2024,27.609077898735855,27.75435723076252,11.619980363554983,11.378257575799639,43.47572625741913,43.766916330078615,-10.6457830136791,-11.039336884579475,35.97900597910344,36.63950587931893,386.0,893.0,188.0,435.0,345.1362219497513,291.5274529074609,25.0,28.27586206896552,32.84457478005865,32.2435174746336,26.42487046632124,27.547592385218366,-0.24172278775534473,-53.60876904229042,3.2758620689655196,-0.6010573054250514,1.122721918897124,307.70473794751,False,72.0,70.91354616048318,1.3588965489733709,-1.8266034714073958,-0.9310248694055389,-0.1821574748366565,0.3241042345276873,0.2720875684128225,0.27287319422150885,1996-12-16,28,-0.048344557551068944
650559,"De La Cruz, Bryan",R,2026,26.859015885083373,26.033837292212905,13.574377384385235,13.292128234447254,47.146749484470824,49.86772277924162,-9.506917588682741,-9.386104644630741,42.43263198421872,43.21900461626734,76.0,73.0,37.0,37.0,289.2205405405406,253.9742702702703,21.62162162162162,21.62162162162162,29.268292682926827,40.27777777777778,23.684210526315788,23.28767123287671,-0.28224914993798045,-35.24627027027029,0.0,11.009485094850952,-0.39653929343907635,271.5974054054054,False,,,,,,,,,,1996-12-16,30,-0.05644982998759609
650968,"Pozo, Yohel",R,2025,23.031241972209667,23.80344758695394,12.815714654007614,13.961511348485937,49.34179799897487,48.93953750466255,-28.786243378209534,-28.83516424296542,38.70064434049056,38.69654994830455,95.0,264.0,42.0,126.0,272.2171473429952,273.52929248845106,14.285714285714285,12.698412698412698,43.037974683544306,48.75,16.842105263157894,19.696969696969695,1.1457966944783227,1.3121451454558724,-1.587301587301587,5.712025316455694,2.8548644338118017,273.20125620208705,False,71.0,68.68396501457725,-0.9122135272521744,-3.34657561671903,0.9431229258547955,-0.07095027035438202,0.47335423197492166,0.1894150417827298,0.13095238095238096,1997-06-14,28,0.22915933889566453
655316,"Monasterio, Andruw",R,2024,26.806435088787513,27.139912697646633,8.985613935426064,9.234878963157144,39.07944281463449,39.68721801088822,-10.744345619685818,-11.434037191406837,30.648579757374616,30.81253261713893,134.0,136.0,70.0,72.0,274.65745716347146,314.71620999064345,22.857142857142858,33.33333333333333,18.93491124260355,20.27027027027027,19.402985074626866,25.735294117647058,0.24926502773107906,40.058752827171986,10.476190476190471,1.335359027666719,6.332309043020192,294.9689374702066,False,,,,,,,,,,1997-05-30,27,0.049853005546215814
655316,"Monasterio, Andruw",R,2025,27.59549391146411,27.41050191586111,1.5331118285445888,-0.4842979348607523,41.87973726786438,41.328679514701506,-2.6923457257417094,-2.6644039313904186,32.89261870711067,32.344909280711,97.0,163.0,50.0,85.0,328.2424580564263,251.6935053188879,20.0,25.882352941176475,24.299065420560748,27.77777777777778,18.556701030927837,25.766871165644172,-2.017409763405341,-76.5489527375384,5.882352941176475,3.478712357217031,7.210170134716336,280.04496929575396,False,,,,,,,,,,1997-05-30,28,-0.4034819526810682
655316,"Monasterio, Andruw",R,2026,29.11612159376262,29.13705195190617,5.858263480013925,5.426041584889914,41.22739186259904,42.69651817447982,-7.388758276991017,-6.391293033310918,30.10059554893076,29.526974248309717,279.0,400.0,122.0,211.0,348.018262295082,258.00070142180095,19.672131147540984,19.90521327014218,23.507462686567166,28.604118993135014,15.412186379928317,18.25,-0.43222189512401066,-90.01756087328107,0.23308212260119632,5.096656306567848,2.8378136200716835,290.98010810810814,False,71.0,68.85372907153729,0.33283830652011737,0.15775656837194146,-0.8305175688642811,-0.15794173416127846,0.26666666666666666,0.17083946980854198,0.1981981981981982,1997-05-30,29,-0.08644437902480213
656180,"Adams, Riley",R,2024,27.949053313612406,28.269229188400775,15.861028028372798,15.18979686880513,25.43813771726679,27.2762679441725,-9.05933581773427,-10.222134578314686,41.09981341156633,40.36463277956343,97.0,165.0,55.0,75.0,246.92279874608153,317.7317533050382,27.27272727272727,26.666666666666668,24.545454545454547,35.099337748344375,25.773195876288657,23.636363636363637,-0.6712311595676681,70.80895455895666,-0.606060606060602,10.553883202889828,-2.1368322399250204,287.77411868394114,False,,,,,,,,,,1996-06-26,28,-0.13424623191353363
656180,"Adams, Riley",R,2025,28.758050540989295,28.415259598291733,20.283233315033097,22.358493533920175,27.9368709490008,28.51871268193361,-12.057126640103615,-13.055406653269769,34.654176277844485,35.013982280524175,179.0,381.0,97.0,191.0,253.10709646507834,282.04998901557326,40.20618556701031,37.17277486910995,27.979274611398964,32.171581769437,31.28491620111732,30.183727034120732,2.0752602188870775,28.942892550494918,-3.033410697900358,4.192307158038034,-1.101189166996587,272.30186201071905,False,76.0,77.48584729981378,-0.4085285434293088,-0.925358673416216,1.7463128436035684,-1.082345791561614,0.30742049469964666,0.3053571428571429,0.3819444444444444,1996-06-26,29,0.4150520437774155
656248,"Bouchard, Sean",R,2024,28.48253583968419,27.62644392647066,20.77439686627232,21.58702644150026,47.51212084444649,46.459058883363824,1.5411464604897989,1.5026633846766395,34.743033687545385,34.96400973308681,65.0,121.0,35.0,73.0,255.90400368663597,274.0210359663168,34.285714285714285,28.767123287671232,24.65753424657534,20.54794520547945,29.230769230769234,30.57851239669421,0.8126295752279411,18.117032279680814,-5.518590998043052,-4.109589041095891,1.3477431659249781,268.14977550530915,False,,,,,,,,,,1996-05-16,28,0.16252591504558822
656305,"Chapman, Matt",R,2024,28.587211164716837,28.550557118085187,5.697229801449127,5.838672723403389,42.10413404260308,41.30980064974769,-9.434629179503432,-9.569960271884751,27.599460190534618,27.520807445566845,319.0,888.0,166.0,482.0,352.88972823294193,341.0149816725049,22.89156626506024,24.896265560165975,21.714285714285715,24.68354430379747,17.86833855799373,21.846846846846844,0.1414429219542619,-11.874746560437018,2.004699295105734,2.969258589511753,3.9785082888531136,344.05696921730816,False,73.0,75.58174976481655,0.4137379453542126,0.6535710855199655,0.991698945695372,1.0305093901203584,0.23882896764252695,0.207953603976802,0.24382716049382716,1993-04-28,31,0.028288584390852377
656305,"Chapman, Matt",R,2025,28.225895978057867,28.437016765296878,8.334825601120363,9.966619571452277,42.09178817530138,42.316770825854825,-9.886195198691194,-10.485103465511365,26.940763505324327,26.83797454161693,223.0,714.0,125.0,411.0,358.9749140517743,333.17988564734424,18.4,25.060827250608277,21.138211382113823,20.118343195266274,21.076233183856502,23.10924369747899,1.6317939703319144,-25.79502840443007,6.660827250608278,-1.0198681868475497,2.0330105136224894,339.1955172715117,False,73.0,74.20697142857142,0.058993651680659835,0.6828631819852566,1.0159587718868415,1.208526180078691,0.20348304307974335,0.22625400213447172,0.23507462686567165,1993-04-28,32,0.3263587940663829
656305,"Chapman, Matt",R,2026,27.169691599722498,27.33997765512404,7.1299465278135115,8.1426430339098,42.67161557772661,43.83266472781569,-14.599308715610917,-13.940346248993727,25.216492808732553,25.690697222341715,165.0,466.0,95.0,257.0,322.17667368421047,273.2089182879377,21.052631578947366,23.73540856031128,19.0,29.26356589147287,19.393939393939394,21.67381974248927,1.0126965060962894,-48.967755396272764,2.682776981363915,10.263565891472869,2.2798803485498738,286.4246477272727,False,73.0,75.44195205479451,-0.01375905971936246,0.820290881325197,0.7354169163879598,1.272461357826262,0.2639664804469274,0.21077654516640254,0.23011363636363635,1993-04-28,33,0.20253930121925787
656413,"Fairchild, Stuart",R,2024,30.171896830787496,30.55403417678673,-5.322486254512235,-4.769328552951502,27.016701016624634,28.4341864630615,-1.532713686665213,-2.185375247525643,22.39665930559148,22.311661902617626,223.0,196.0,124.0,109.0,330.46686573123964,269.4790359072609,24.193548387096776,27.522935779816514,21.285140562248998,30.813953488372093,30.94170403587444,33.6734693877551,0.5531577015607327,-60.98782982397876,3.329387392719738,9.528812926123095,2.7317653518806573,301.93607838869167,False,71.0,69.6379213483146,0.31157543878310445,1.6812280740538226,-1.1009950126785848,-1.2687858754330896,0.2517814726840855,0.3221957040572792,0.2575107296137339,1996-03-17,28,0.11063154031214655
656537,"Hill, Derek",R,2024,30.67760059214464,29.910009886668746,-4.475502323999591,-5.062741253020936,37.97936112507706,39.09948714949035,-50.81909587093092,-49.93393787147503,21.267418494532798,21.921303942347198,137.0,192.0,67.0,105.0,339.77574271341183,268.4141588495047,29.850746268656714,34.285714285714285,36.76470588235294,33.76623376623377,31.386861313868614,34.375,-0.5872389290213444,-71.36158386390713,4.434968017057571,-2.9984721161191743,2.9881386861313857,296.2119851220732,False,72.0,69.33322475570033,-3.993170396526658,0.38251548012912245,0.9941597245415246,-0.3016862820763471,0.35172413793103446,0.331306990881459,0.32558139534883723,1995-12-30,29,-0.11744778580426889
656537,"Hill, Derek",R,2025,29.445953414621535,29.567311051898923,-13.355255429509736,-12.418779243766828,37.193488910911015,36.61970819636282,-14.314102069373916,-20.736323003752126,20.366834933199346,21.694822912047737,137.0,168.0,63.0,86.0,331.4876161616162,289.0839170247453,33.33333333333333,31.3953488372093,30.53435114503817,47.30538922155689,28.467153284671532,33.92857142857143,0.936476185742908,-42.4036991368709,-1.9379844961240273,16.771038076518717,5.461418143899898,307.01299786785177,False,,,,,,,,,,1995-12-30,30,0.1872952371485816
656537,"Hill, Derek",R,2026,29.4323125319197,30.085251308294414,2.7391454772103594,4.814297223257137,41.50940396854072,42.519879398133085,-14.153832094109374,-16.2446138203022,31.70033536230908,31.585317265273698,260.0,154.0,136.0,77.0,281.94773529411765,309.02374025974024,30.88235294117647,33.76623376623377,35.12396694214876,32.960893854748605,31.153846153846153,29.87012987012987,2.0751517460467777,27.076004965622587,2.8838808250572967,-2.163073087400157,-1.2837162837162843,291.73577464788735,False,72.0,70.60677083333333,0.21649491590687087,-0.05858794969790488,0.6089658827489628,0.7068454039843596,0.342042755344418,0.30676328502415456,0.3192488262910798,1995-12-30,31,0.41503034920935555
656541,"Hilliard, Sam",L,2024,26.607586143584108,26.94345614629996,9.542528644317759,8.32213124671182,34.95838292054199,37.28809064285461,-15.131430886724843,-15.319774164195486,24.326083744523608,25.217216731077485,214.0,88.0,116.0,43.0,301.91253909001017,283.04182397060305,32.758620689655174,41.86046511627907,26.877470355731226,32.467532467532465,39.719626168224295,37.5,-1.2203973976059395,-18.870715119407123,9.101844426623899,5.590062111801238,-2.219626168224295,296.80913814576803,False,,,,,,,,,,1994-02-21,30,-0.2440794795211879
656555,"Hoskins, Rhys",R,2024,32.37980887597111,32.351092840629114,14.812786421314472,15.329212297839165,43.301265784111514,44.833735768402725,-6.199000248053822,-6.527431750351208,26.682817502084927,26.88635525741758,242.0,719.0,131.0,387.0,310.2239248976756,306.48989579498766,26.717557251908396,29.457364341085274,24.723247232472325,25.834363411619282,19.834710743801654,24.061196105702365,0.5164258765246927,-3.7340291026879413,2.739807089176878,1.1111161791469577,4.226485361900711,307.43421589624654,False,75.0,70.47221570926143,-0.5700792963804391,0.723115752459242,-0.0982010158269244,1.0023331213517095,0.25555555555555554,0.2299687825182102,0.2876447876447876,1993-03-17,31,0.10328517530493855
656555,"Hoskins, Rhys",R,2025,31.577710546907554,30.95031718027523,9.453429589433453,9.706436017849839,39.21630995368849,40.175896137782146,-5.291792139837084,-7.042067993590164,25.65786136561119,25.63152762913436,192.0,385.0,102.0,226.0,294.1842914621961,323.33918679078135,26.47058823529412,28.31858407079646,21.45922746781116,19.13978494623656,21.875,25.97402597402597,0.253006428416386,29.15489532858527,1.847995835502342,-2.319442521574601,4.09902597402597,314.27272543859937,False,75.0,70.42466793168882,-0.3430434718399537,0.9049426528457716,-0.03247526483416398,0.2913577159384059,0.1991404011461318,0.24610051993067592,0.2774390243902439,1993-03-17,32,0.050601285683277195
656555,"Hoskins, Rhys",R,2026,31.214417241311185,30.982023864161253,10.19324251191519,10.371131180631181,53.30116923596818,55.301229521249,-6.242030251433179,-5.941282613037767,24.010059087112776,24.21109379567362,249.0,315.0,127.0,192.0,295.3425196850394,294.4693125,33.07086614173229,30.208333333333332,20.357142857142858,23.501199040767386,28.915662650602407,30.476190476190478,0.1778886687159904,-0.873207185039405,-2.8625328083989565,3.144056183624528,1.5605278255880712,294.81695297805646,False,75.0,71.20476190476191,-0.8103770519077234,1.1946793837286787,-0.1918860725188658,1.2404672994883748,0.2223816355810617,0.2978723404255319,0.31347962382445144,1993-03-17,33,0.03557773374319808
656577,"Jackson, Alex",R,2024,30.030891222389464,30.001514118645083,14.51388842078641,14.316915643560685,39.035768823873,39.05857259285872,-8.075744249724504,-8.496220531505902,35.50779781530523,35.44503174936002,134.0,192.0,57.0,99.0,209.86954662296773,229.9528690261597,35.08771929824561,33.33333333333333,38.34586466165413,35.32338308457712,35.82089552238806,38.02083333333333,-0.19697277722572437,20.08332240319197,-1.7543859649122808,-3.0224815770770164,2.199937810945272,222.61473199422414,False,73.0,73.49161290322581,0.34362728809486875,-1.0686058146870805,0.15341059204426646,-0.5823367619118706,0.3652694610778443,0.37116564417177916,0.33974358974358976,1995-12-25,29,-0.03939455544514488
656577,"Jackson, Alex",R,2025,30.689404609276746,30.76934812099721,6.62987982058785,7.007283797698077,38.792819536974264,39.15509374406904,-13.619481014837232,-14.09445943667414,36.57544907028886,36.549990203723254,63.0,140.0,32.0,68.0,336.58210882459326,238.14009351922593,31.25,39.705882352941174,32.6530612244898,28.27586206896552,31.746031746031743,35.714285714285715,0.37740397711022666,-98.44201530536733,8.455882352941174,-4.377199155524277,3.968253968253972,269.6415384169435,False,,,,,,,,,,1995-12-25,30,0.07548079542204533
656582,"Joe, Connor",R,2024,34.345142166035494,34.33666377483954,23.94797403177769,24.89090218709326,54.84220612781348,56.2662060794422,-33.089079621141714,-33.15450617263591,27.954250523773695,27.888896474620783,310.0,402.0,170.0,247.0,278.02440307833814,277.5581960444917,20.588235294117645,22.672064777327936,22.56267409470752,22.345132743362832,23.870967741935484,22.388059701492537,0.9429281553155704,-0.4662070338464446,2.083829483210291,-0.2175413513446891,-1.4829080404429469,277.7482564659639,False,71.0,71.27790322580645,-2.672701424887132,-0.7899975474379395,-0.9341158194936257,1.475732580276056,0.22441430332922319,0.2303370786516854,0.2182254196642686,1992-08-16,32,0.18858563106311407
656582,"Joe, Connor",R,2025,34.85616803335816,34.787607845676405,15.855942057390504,15.05983577554711,54.11563642222835,55.68618171736139,-32.71296200796358,-34.2386180829121,26.20948964361041,25.78445934131968,63.0,72.0,40.0,40.0,273.72322220853863,271.4145061212815,20.0,30.0,21.875,15.66265060240964,14.285714285714285,23.61111111111111,-0.796106281843393,-2.308716087257153,10.0,-6.21234939759036,9.325396825396826,272.56886416491005,False,,,,,,,,,,1992-08-16,33,-0.15922125636867862
656716,"McKinstry, Zach",L,2025,27.40388852320388,27.13894974743934,10.596365380887995,13.64930380763182,48.10857090995527,45.97090790262389,-1.7209089407511062,-2.711791148232812,31.434000484307354,31.94464355761601,748.0,201.0,393.0,119.0,313.4738344566357,274.59743777511005,21.62849872773537,21.84873949579832,26.517150395778366,24.752475247524753,20.855614973262032,19.900497512437813,3.0529384267438253,-38.87639668152565,0.22024076806295056,-1.7646751482536125,-0.9551174608242192,304.4381094466717,True,71.0,66.89759036144578,0.5584448980789594,-0.062316345836517566,-1.1194334352192545,0.1023155783045995,0.26145833333333335,0.2065331928345627,0.216796875,1995-04-29,30,0.6105876853487651
656716,"McKinstry, Zach",L,2026,29.104767860553228,28.81616480654125,11.414990382547638,14.418752473526824,50.681277504081415,48.88915918597437,-3.4840431012278428,-5.152184901785273,31.04255941300891,31.162256441909953,611.0,156.0,332.0,86.0,281.8728192771084,284.8481395348837,15.963855421686745,17.441860465116278,29.769736842105267,23.026315789473685,14.893617021276595,10.897435897435898,3.003762090979187,2.9753202577753086,1.4780050434295333,-6.743421052631582,-3.9961811238406977,282.48496650717703,True,71.0,67.11460361613352,-0.05335515365629933,-0.02416510871275486,-1.6494299021420753,0.3175208616305462,0.28421052631578947,0.1408083441981747,0.16267942583732056,1995-04-29,31,0.6007524181958374
656775,"Mullins, Cedric",L,2024,30.880311771882898,28.510034909713035,10.212474500337235,11.944585497675376,36.4036220612186,37.20862301683381,-6.996343553920431,-10.53751198599519,31.277447966322825,30.786289649582017,771.0,198.0,398.0,101.0,303.5201831410954,251.36035900237036,19.597989949748744,19.801980198019802,27.631578947368425,27.878787878787882,17.509727626459142,17.67676767676768,1.7321109973381414,-52.15982413872504,0.20399024827105805,0.24720893141945766,0.16704005030853608,292.9627838665238,False,67.0,70.04983314794217,0.09853561458258579,-1.220471023572657,-2.197579263197278,-0.8149752626768585,0.27675675675675676,0.17543859649122806,0.1963927855711423,1994-10-01,30,0.3464221994676283
656775,"Mullins, Cedric",L,2025,31.78707714763114,31.688144229055624,16.034707634174683,17.62312051611316,34.72580082552595,35.74647012755402,-9.21506151867005,-17.483168843853132,29.995502633030092,28.286116050476263,749.0,258.0,366.0,132.0,275.4759043763289,294.41739407295154,27.049180327868854,15.909090909090908,26.778783958602848,26.37795275590551,22.563417890520697,15.891472868217054,1.5884128819384777,18.941489696622625,-11.140089418777945,-0.4008312026973364,-6.6719450223036425,280.4965401995301,False,67.0,70.32529348986127,-0.49173967933707247,-1.223733954457448,-2.672276245825162,-1.0213163249785615,0.2667964946445959,0.20854021847070506,0.24096385542168675,1994-10-01,31,0.31768257638769554
656775,"Mullins, Cedric",L,2026,30.148265579244345,31.39861973088785,12.927573650482797,15.648040237965072,40.20968261155344,41.06131060028283,-12.079810830033288,-17.593876002512374,34.59598012854361,33.61749472789659,701.0,231.0,373.0,116.0,280.56921179624663,213.5175517241379,19.571045576407506,17.24137931034483,30.21108179419525,33.20610687022901,19.400855920114125,22.51082251082251,2.7204665874822744,-67.05166007210875,-2.3296662660626772,2.995025076033759,3.1099665907083853,264.6632965235174,False,67.0,70.20963718820862,-0.018076501963628085,-2.4767290204409758,-2.2157618711202605,-0.5843001620302756,0.30980392156862746,0.2017167381974249,0.1901840490797546,1994-10-01,32,0.5440933174964548
656811,"O'Hearn, Ryan",L,2024,26.577260558787287,26.940319571870603,-2.355158293044263,-2.615550699274358,43.929633805086176,46.87114539615462,-1.7685474500077016,-2.555979326559617,27.425546856519716,27.529332765511818,819.0,78.0,450.0,44.0,360.37582354541,246.5514090909091,13.777777777777779,15.909090909090908,25.583982202447164,35.064935064935064,15.384615384615385,23.076923076923077,-0.26039240623009485,-113.82441445450092,2.1313131313131297,9.4809528624879,7.692307692307692,350.23761658994835,False,74.0,71.57390791027154,1.6291977159030955,0.5431455104795738,0.2989322177193973,0.019705675483586,0.26331967213114754,0.1605351170568562,0.1396761133603239,1993-07-26,31,-0.05207848124601897
656811,"O'Hearn, Ryan",L,2025,25.978463906519938,26.344566855842373,-6.0264342887005125,-6.149617483947964,41.5731654129871,43.06433516161597,-7.511382099829374,-7.871990533936834,25.32084730663821,25.6427505304555,816.0,199.0,438.0,109.0,344.14864870033716,310.0979800701336,18.72146118721461,24.770642201834864,26.052332195676907,27.184466019417474,19.852941176470587,24.120603015075375,-0.12318319524745114,-34.050668630203575,6.0491810146202525,1.132133823740567,4.267661838604788,337.36341491479385,False,74.0,71.12022821576763,1.1968987950417052,0.6701469969731296,0.5050115975043903,-0.12776207275624188,0.2626728110599078,0.20689655172413793,0.19926873857404023,1993-07-26,32,-0.024636639049490226
656811,"O'Hearn, Ryan",L,2026,24.804603979558305,24.865709920075098,-16.004665625305822,-16.8733131918095,41.51235370876201,42.0260514826473,-3.29928263528112,-3.6088692302805545,26.795973294829263,27.066683113815873,548.0,233.0,302.0,132.0,331.21332450331124,278.71118181818184,20.86092715231788,23.484848484848484,30.48973143759874,34.74576271186441,20.62043795620438,18.88412017167382,-0.8686475665036788,-52.5021426851294,2.6239213325306032,4.25603127426567,-1.7363177845305593,315.244930875576,False,74.0,70.09287634408602,2.011977477770315,0.9467354883226979,1.0111147769405906,-0.2632668254604106,0.31645569620253167,0.20102432778489115,0.21658986175115208,1993-07-26,33,-0.17372951330073577
656896,"Rivera, Emmanuel",R,2024,25.411786043019745,25.188922897869706,-3.696030236912684,-4.624191734248311,50.99203107277182,50.516336884962435,-7.847415229382524,-8.128202922713015,34.04526746636942,34.736767460976004,246.0,312.0,128.0,174.0,316.102945340882,325.2146481962951,21.09375,24.137931034482758,31.906614785992215,26.31578947368421,27.235772357723576,26.282051282051285,-0.9281614973356267,9.111702855413114,3.044181034482758,-5.590825312308006,-0.9537210756722914,321.3527344032724,False,72.0,68.75762711864407,0.9941301984611655,0.14190792892061277,-1.206810012169333,0.4646875428558388,0.2871452420701169,0.2670250896057348,0.22847682119205298,1996-06-29,28,-0.18563229946712534
656896,"Rivera, Emmanuel",R,2025,23.82531392851341,22.8664367552233,-5.592364073927751,-7.65446769585738,50.89982263667211,50.67342224453419,-6.637790863379937,-6.767184148266725,34.60237391302429,35.072517806769476,75.0,176.0,35.0,92.0,329.91411428571433,242.60417920251106,20.0,18.478260869565215,32.467532467532465,37.8698224852071,25.333333333333336,27.84090909090909,-2.062103621929629,-87.30993508320327,-1.521739130434785,5.402290017674638,2.5075757575757542,266.66597233567734,False,,,,,,,,,,1996-06-29,29,-0.4124207243859258
656941,"Schwarber, Kyle",L,2024,21.646169104560883,21.85229916435852,8.749401659911854,10.259854196383367,43.206071706341206,43.67608199239584,-3.173316512622624,-6.5129719641548744,30.129529795099042,31.097987372548033,749.0,390.0,444.0,249.0,389.0856795369595,361.28191872303995,29.27927927927928,26.907630522088354,21.676891615541923,19.438877755511022,30.97463284379172,26.923076923076923,1.5104525364715133,-27.803760813919553,-2.3716487571909255,-2.2380138600309003,-4.051555920714797,379.09558366009657,False,71.0,76.69852216748768,1.4072900375604027,-0.6233856010203664,-0.6844127748120438,0.26105658332140147,0.2092078537576168,0.295873573309921,0.2842712842712843,1993-03-05,31,0.30209050729430265
656941,"Schwarber, Kyle",L,2025,21.163150675105708,20.92170020257097,11.125730742230392,12.11733204368347,44.17184327065241,43.74320797856198,-7.5716787499177425,-9.711062399039875,29.458003988440353,30.335703628744348,781.0,498.0,449.0,277.0,400.75780808061006,398.5418432676564,26.7260579064588,27.79783393501805,21.830985915492956,21.202003338898166,30.089628681177977,32.1285140562249,0.9916013014530787,-2.2159648129536436,1.0717760285592526,-0.6289825765947903,2.038885375046924,399.91232288338114,False,71.0,76.52124265323258,0.9289127266902005,-0.536618460933016,-0.8591580314087266,0.4721097538455976,0.21594475831763968,0.308835027365129,0.2713498622589532,1993-03-05,32,0.19832026029061572
656941,"Schwarber, Kyle",L,2026,19.991670789003805,19.999122582524024,11.978679058206163,13.078012925818731,44.938898932865804,44.46251063771713,-7.125488767266611,-9.242193779485387,29.70620266199519,30.51018925931894,814.0,467.0,428.0,251.0,352.9374579439252,383.7070756972111,34.57943925233645,27.490039840637447,27.73938795656466,22.045855379188712,31.44963144963145,27.62312633832976,1.0993338676125681,30.7696177532859,-7.089399411699002,-5.693532577375947,-3.826505111301689,364.311793814433,False,71.0,76.20826377295492,0.8631752834219028,-0.6978598802155668,-0.5754537815606497,0.48049109491593883,0.2569620253164557,0.3005464480874317,0.31958762886597936,1993-03-05,33,0.21986677352251363
657041,"Thomas, Lane",R,2024,24.210342215509424,23.53358759119437,10.343885261699402,8.94198940591806,34.676257722643086,36.2895480245206,-13.114516811193226,-13.02754215075254,38.0740066203512,38.685061269933115,247.0,663.0,146.0,383.0,376.46371733714403,285.86145832546805,19.17808219178082,28.459530026109658,22.108843537414966,23.002754820936637,20.242914979757085,20.66365007541478,-1.4018958557813423,-90.60225901167598,9.281447834328837,0.8939112835216712,0.42073509565769385,310.86699672944667,False,71.0,70.86874251497007,2.0425951041655033,-2.583229215273748,0.19785859423021374,-0.4166798480522419,0.22745098039215686,0.20549450549450549,0.2589792060491493,1995-08-23,29,-0.2803791711562685
657041,"Thomas, Lane",R,2025,23.040175812806012,21.90386112677237,15.417367895534753,12.766755192982657,33.68150155422889,33.144253402737775,-12.843334186613731,-13.07742695064009,40.5225072170768,40.52411609497932,89.0,154.0,47.0,95.0,228.62229593810446,250.4037424820399,25.53191489361702,33.68421052631579,25.510204081632654,20.114942528735632,28.08988764044944,29.22077922077922,-2.6506127025520954,21.78144654393543,8.152295632698767,-5.395261552897022,1.1308915803297808,243.19439045693449,False,,,,,,,,,,1995-08-23,30,-0.5301225405104191
657041,"Thomas, Lane",R,2026,24.064543952763998,24.1001615166612,18.155982280567663,17.943715962809968,32.68764710110039,35.805640344702525,-10.50138827216102,-10.39753333565438,39.80568770636536,40.19197320803969,271.0,361.0,165.0,209.0,343.38659393939395,286.30459330143543,23.636363636363637,25.837320574162682,19.08831908831909,21.72897196261682,22.509225092250922,18.559556786703602,-0.21226631775769533,-57.082000637958515,2.200956937799045,2.640652874297732,-3.94966830554732,311.48782887700537,False,71.0,71.87599999999999,2.192600547407488,-2.637368813987943,0.49648230387269077,-0.7295258346320881,0.20539152759948653,0.20253164556962025,0.24866310160427807,1995-08-23,31,-0.04245326355153907
657077,"Verdugo, Alex",L,2024,31.23193060667489,31.459940044549906,58.526529209012544,56.592151088297136,47.419273168253866,46.83376988586496,-36.12587602505093,-34.62453913750675,21.777013073334565,22.240410798816683,736.0,305.0,429.0,192.0,313.0488483206224,286.71171439974455,14.452214452214452,16.145833333333336,27.359781121751027,20.809248554913296,12.771739130434783,15.737704918032788,-1.934378120715408,-26.337133920877875,1.6936188811188835,-6.550532566837731,2.965965787598005,304.90596633542344,False,72.0,67.4184296619411,-5.338829700357119,-0.5569151225650197,-0.0444773245905363,0.28705305052912883,0.2525533890436397,0.13640730067243034,0.1497584541062802,1996-05-15,28,-0.38687562414308163
657136,"Wong, Connor",R,2024,27.222410897039044,27.29230671892377,0.2925400348265885,1.7092150650491365,44.08720062482682,43.720905385428075,-12.185490115225823,-13.871897012125322,29.358732311968236,28.82931781028173,318.0,640.0,152.0,336.0,317.91220702181084,278.6004682968127,20.394736842105264,24.702380952380953,25.07836990595611,32.161687170474515,23.270440251572328,28.125,1.416675030222548,-39.31173872499812,4.307644110275689,7.083317264518406,4.854559748427672,290.8451082275498,False,70.0,71.09543429844098,-0.2851187289131257,-0.12340485953915266,-0.06692673034396117,-1.5374818640013128,0.29617117117117114,0.2651356993736952,0.2336065573770492,1996-05-19,28,0.28333500604450956
657136,"Wong, Connor",R,2025,28.382901442466068,28.734680728814308,7.73328219652041,6.771749705419196,50.66292973420643,49.63250935285078,-14.416255576132105,-14.270265242600878,30.024151033360905,29.660644689958843,90.0,267.0,46.0,142.0,293.54308695652173,254.7256097620204,26.08695652173913,21.12676056338028,23.853211009174313,36.67953667953668,21.11111111111111,24.719101123595504,-0.961532491101214,-38.81747719450132,-4.960195958358849,12.826325670362369,3.607990012484393,264.2235031181218,False,70.0,71.42470238095238,-0.7350055618446364,-0.5632821971346964,-0.18567726026993628,-1.0366729672876014,0.328804347826087,0.23809523809523808,0.22340425531914893,1996-05-19,29,-0.1923064982202428
657136,"Wong, Connor",R,2026,28.00286340825555,27.949573083888986,8.535573407668522,9.026037918448782,47.10789335487054,47.797758522674904,-15.399464956843284,-15.075657063370235,29.043180699260564,29.454564872916528,112.0,306.0,69.0,165.0,327.8654492753624,260.8526545454546,15.942028985507244,27.878787878787882,28.688524590163933,32.93413173652694,18.75,25.163398692810457,0.4904645107802601,-67.0127947299078,11.936758893280638,4.24560714636301,6.413398692810457,280.6128376068377,False,70.0,72.04605597964377,-1.267909665250615,-0.5348155999652829,-0.16436757065007154,-1.312930799174019,0.31798245614035087,0.23444976076555024,0.24358974358974358,1996-05-19,30,0.09809290215605201
657557,"DeJong, Paul",R,2024,27.618233832458152,27.20728672788406,-7.831119503851628,-8.041430308376679,44.09933806380564,44.068390829775396,-18.086212143298187,-18.385050838148583,28.671948975756713,28.588603523785856,274.0,800.0,123.0,359.0,255.26947950024586,305.8905367175279,36.58536585365854,30.919220055710305,32.37704918032787,35.303030303030305,39.05109489051095,30.75,-0.2103108045250508,50.621057217282015,-5.666145797948232,2.9259811227024315,-8.301094890510953,292.97271506249535,False,72.0,71.33438423645319,-0.5832469769092089,-0.36236448508318286,-0.22180710193897332,-0.6988397155196209,0.34513274336283184,0.3286778398510242,0.3236514522821577,1993-08-02,31,-0.04206216090501016
657557,"DeJong, Paul",R,2025,28.449195119537535,28.101480614009926,-12.4284036478661,-12.185390364022831,47.698887084533666,47.11098371916193,-11.011312489222904,-12.236246475302663,30.2440031369181,29.646010383981032,153.0,314.0,69.0,140.0,219.533734524635,277.2818100942131,40.57971014492754,30.0,42.25352112676056,33.33333333333333,37.908496732026144,28.02547770700637,0.24301328384326837,57.74807556957808,-10.579710144927539,-8.920187793427232,-9.883019025019774,258.21665595880216,False,72.0,71.41013215859032,0.21538348257595014,0.18493051351641276,-0.3701173003343266,-0.29815024865816186,0.36548223350253806,0.31263383297644537,0.3349282296650718,1993-08-02,32,0.048602656768653676
657656,"Laureano, Ramón",R,2024,29.591319323476537,29.798774256551276,-8.212928239527612,-8.84391128852013,32.30923333938934,33.524324976906115,0.7396960959959331,-1.453861343536975,22.288853580145517,20.62090601495055,222.0,395.0,102.0,207.0,321.32361057810493,309.49175549879374,33.33333333333333,29.951690821256037,26.865671641791046,32.631578947368425,29.72972972972973,28.860759493670884,-0.630983048992519,-11.831855079311197,-3.381642512077292,5.765907305577379,-0.8689702360588463,313.3974163987606,False,69.0,71.7846975088968,0.26914471474791074,2.0603469936386887,-0.8198362090667365,-0.9158802782514143,0.306368330464716,0.2917341977309562,0.3106796116504854,1994-07-15,30,-0.1261966097985038
657656,"Laureano, Ramón",R,2025,30.531060892139973,30.348649981479085,-4.566403539100324,-2.676056720858763,34.53796594800955,34.44488892052647,5.319706695499895,4.500949420744884,17.65226133695553,17.63890393585896,304.0,648.0,159.0,330.0,397.07247879153806,346.1612379348096,19.49685534591195,26.666666666666668,24.358974358974358,27.17219589257504,24.013157894736842,25.771604938271604,1.8903468182415608,-50.911240856728455,7.169811320754718,2.8132215336006823,1.7584470435347619,362.7151996857704,False,69.0,71.28521836506158,-0.04793823083770737,2.5198146672293253,0.5599795570713673,-0.6839199303778679,0.2624338624338624,0.25210084033613445,0.24335378323108384,1994-07-15,31,0.3780693636483122
657656,"Laureano, Ramón",R,2026,28.47748419854291,28.149342830418163,1.3927724388871718,1.1671334653704493,35.73357036505078,37.141208397837154,4.655083612111117,4.638323896180689,18.231733561613765,18.339282016743223,110.0,318.0,55.0,151.0,293.63236363636366,318.84320529801323,27.27272727272727,33.11258278145696,27.77777777777778,34.66257668711656,30.0,30.18867924528302,-0.22563897351672257,25.210841661649567,5.839855508729688,6.884798909338784,0.18867924528301927,312.11215533980584,False,69.0,71.67112860892388,-0.04339685164402921,2.258713637496047,0.9459195234620889,-0.672223969679089,0.3274336283185841,0.3014018691588785,0.3155339805825243,1994-07-15,32,-0.04512779470334451
657757,"Sheets, Gavin",L,2024,30.42175146027096,31.18842068720501,20.021179101890283,21.256430373073922,59.7285559822599,57.1852172761207,-33.099876910306584,-33.04196402732217,28.370371624868895,28.26857199400297,799.0,164.0,410.0,92.0,319.67604866651897,276.989795531112,20.243902439024392,25.0,33.2620320855615,28.26086956521739,19.524405506883603,27.439024390243905,1.235251271183639,-42.68625313540696,4.756097560975608,-5.00116252034411,7.914618883360301,311.85307000425314,False,75.0,71.73606194690265,-1.9711889539922935,-1.2063990383396062,-0.32899141239689245,1.9473766488805613,0.32439678284182305,0.2087227414330218,0.21115537848605578,1996-04-23,28,0.2470502542367278
657757,"Sheets, Gavin",L,2025,29.03296466051129,29.916728057275765,24.25248957124717,22.40177147483822,57.2022931164871,57.170488788089905,-35.921089500710416,-34.88742413630242,17.243198543009914,16.59756969676901,745.0,271.0,393.0,153.0,352.9785104368791,301.3991912788507,20.10178117048346,18.30065359477124,31.56182212581345,31.954887218045116,21.476510067114095,22.509225092250922,-1.8507180964089507,-51.5793191580284,-1.8011275757122185,0.39306509223166586,1.0327150251368273,338.5249649585305,False,75.0,74.00040774719673,-3.424963629764429,0.6835696850683032,0.851246204802072,1.9760608282788157,0.3164983164983165,0.21751968503937008,0.19597069597069597,1996-04-23,29,-0.3701436192817901
657757,"Sheets, Gavin",L,2026,29.85891879710336,29.68113354135506,24.61873239206385,25.286271789963532,58.41942886585196,56.415291289893894,-44.791523976813295,-44.126164169713775,15.716698578735308,15.97710444924416,629.0,136.0,342.0,72.0,330.4396725146199,243.92133333333337,18.71345029239766,27.77777777777778,31.135531135531135,29.45205479452055,17.488076311605724,24.264705882352942,0.6675393978996809,-86.5183391812865,9.064327485380119,-1.6834763410105857,6.776629570747218,315.39300483091785,False,75.0,73.55906515580736,-4.252946984275066,0.43691867595609396,0.5006546783331346,2.0899941368433534,0.3088082901554404,0.1869281045751634,0.2028985507246377,1996-04-23,30,0.13350787957993618
658668,"Olivares, Edward",R,2024,29.66231887178103,30.317349734706646,26.56240790680701,26.974734792304933,48.14944746317077,47.53066351519938,-27.219490366541258,-27.219134499170167,28.962366509204465,28.25404660392081,173.0,217.0,90.0,106.0,322.6039570840682,342.4498946265034,24.444444444444443,14.150943396226415,33.14285714285714,32.35294117647059,23.121387283236995,20.276497695852534,0.4123268854979223,19.845937542435195,-10.293501048218028,-0.7899159663865518,-2.8448895873844613,333.33696412232393,False,73.0,70.86404833836858,-2.004052341845461,-1.3516261767549156,-0.19303498338570346,0.8306442431784742,0.32717678100263853,0.2153846153846154,0.18877551020408162,1996-03-06,28,0.08246537709958446
660271,"Ohtani, Shohei",L,2024,28.796603122079585,30.23850573301777,4.946584090267829,16.766173279251696,30.284638424272273,28.997638616530242,-6.6102951380737265,-14.89499352057385,33.15137311064865,33.400620575857076,907.0,436.0,482.0,249.0,473.4899958417711,387.93801565782155,21.57676348547718,23.293172690763054,27.25430597771023,25.672877846790893,27.453142227122378,24.31192660550459,11.819589188983866,-85.55198018394952,1.7164092052858742,-1.5814281309193383,-3.141215621617789,444.3484868598238,True,76.0,75.13013809910642,0.6937427330600329,-0.8521612043801008,-0.3251010572420575,-1.0879516303789973,0.2673469387755102,0.26433358153387937,0.2216142270861833,1994-07-05,30,2.363917837796773
660271,"Ohtani, Shohei",L,2025,28.45349366888558,30.179460207903116,11.912009959925252,20.310344005842072,28.663040042749653,31.666218492301905,-7.163051997339978,-14.497736923119298,36.78474760307676,36.61450378840181,865.0,424.0,483.0,244.0,448.5409748532107,377.1404951123788,24.84472049689441,27.459016393442624,24.641833810888254,30.666666666666664,31.445086705202314,31.839622641509436,8.39833404591682,-71.40047974083188,2.6142958965482137,6.02483285577841,0.3945359363071219,424.5771274573881,True,76.0,74.67717478052674,1.1606029163135643,-1.802537118631229,0.2326654819921359,-0.8987213375875874,0.26452905811623245,0.3157486423584174,0.25722145804676755,1994-07-05,31,1.6796668091833642
660271,"Ohtani, Shohei",L,2026,30.49144473387055,31.697199117362253,6.146301312025828,11.451057358644885,22.16267453440663,22.316508831053277,-7.1052714886709225,-11.93952769938673,33.24075341304136,33.21528091836317,727.0,331.0,399.0,198.0,407.46200501253134,378.4277171717171,23.809523809523807,24.747474747474747,29.439252336448597,31.016042780748666,28.335625859697387,29.003021148036257,5.304756046619057,-29.034287840814216,0.9379509379509408,1.5767904443000695,0.6673952883388701,397.8325427135678,True,76.0,73.52764306498545,0.862347997604938,-1.0470854087913424,-0.1116880748175837,-1.6846365022538647,0.2991869918699187,0.28544423440453687,0.24120603015075376,1994-07-05,32,1.0609512093238114
660670,"Acuña Jr., Ronald",R,2024,30.049763976291636,29.969462984677726,-4.815041593466297,-4.691952562548761,38.89967026820579,39.32714620037358,-9.013970511377483,-11.324385440678846,33.4801407860445,33.70535145002226,95.0,330.0,52.0,170.0,358.9120692385972,344.9277582216613,19.230769230769234,25.294117647058822,24.03846153846154,20.8955223880597,22.105263157894736,25.454545454545453,0.12308903091753631,-13.98431101693592,6.063348416289589,-3.1429391504018405,3.349282296650717,348.20336260400666,False,72.0,75.54857142857144,0.34866346461792036,-0.3266698716354511,1.513763958211471,-1.092419869332609,0.2164009111617312,0.24705882352941178,0.23873873873873874,1997-12-18,27,0.024617806183507264
660670,"Acuña Jr., Ronald",R,2025,31.681102382294448,31.096122678135742,3.2398929275850272,2.476540414128034,42.162314109782564,39.13393597596293,-14.127845719306801,-14.158630007998159,32.80806327969061,33.05970765532376,239.0,565.0,125.0,287.0,355.3922073815074,415.0332928118244,28.799999999999997,22.99651567944251,22.676579925650557,23.333333333333332,30.962343096234306,25.663716814159294,-0.7633525134569932,59.64108543031705,-5.803484320557487,0.6567534076827748,-5.298626282075013,396.9383033001991,False,72.0,75.35765171503958,-0.3538075190945138,-0.5757226175635652,0.360838391457891,-0.2954040684821409,0.23130034522439585,0.27238805970149255,0.24757281553398058,1997-12-18,28,-0.15267050269139865
660670,"Acuña Jr., Ronald",R,2026,30.71855731226986,30.014795825582098,3.693794401350912,3.474829662873908,45.217409788732134,45.290702005796106,-19.436572307691133,-20.866246284883843,33.838346578902424,33.89620030848416,296.0,600.0,143.0,313.0,348.2031888111888,375.6989137380191,24.475524475524477,21.08626198083067,25.633802816901408,29.758308157099698,24.324324324324326,27.166666666666668,-0.21896473847700415,27.49572492683029,-3.3892624946938064,4.12450534019829,2.8423423423423415,367.07635087719297,False,72.0,74.7820143884892,-0.8463543141735606,-0.8147550345605327,0.705347827465741,-0.5512155241570724,0.2831858407079646,0.2622767857142857,0.22149122807017543,1997-12-18,29,-0.04379294769540083
660707,"Montero, Elehuris",R,2024,31.449745697057338,31.891834850815847,11.936941710924815,9.9770739787009,54.30659459181338,56.37894564452411,-11.321368754609606,-11.905878228383004,35.954597610054726,36.14994270425395,134.0,365.0,62.0,186.0,306.95325995509864,267.75603764749246,20.967741935483872,23.118279569892472,42.281879194630875,37.91208791208791,26.865671641791046,30.136986301369863,-1.9598677322239144,-39.19722230760618,2.1505376344086002,-4.369791282542963,3.2713146595788167,277.555343224394,False,75.0,74.3997619047619,-0.3306044497956088,-2.1198307679005333,-2.4632509557987516,0.945322182578178,0.391812865497076,0.2925851703406814,0.22580645161290322,1998-08-17,26,-0.3919735464447829
660757,"Gonzalez, Oscar",R,2025,26.337457327698235,25.797321405714882,-13.751448021016628,-13.329528124325508,45.51769757292844,50.785893323783746,-16.820809726743683,-17.368045891689093,32.145392718782475,32.10132500398669,83.0,61.0,29.0,32.0,287.1349998999049,307.9588276209678,27.586206896551722,15.625,51.78571428571429,52.72727272727272,28.915662650602407,22.950819672131146,0.4219198966911204,20.823827721062855,-11.961206896551722,0.9415584415584277,-5.96484297847126,298.05897509783955,False,,,,,,,,,,1998-01-10,27,0.08438397933822409
660766,"Yepez, Juan",R,2024,30.76687330424392,30.951838932891327,2.154198262203663,1.9224510599878009,54.80242676752206,54.556219200547595,-6.282916187264096,-7.507789491408097,33.539107294375995,33.596858826251406,170.0,314.0,88.0,164.0,305.59309241221746,298.4225083765393,18.181818181818183,15.853658536585366,32.82051282051282,30.030959752321984,24.705882352941178,16.878980891719745,-0.23174720221586198,-7.170584035678132,-2.3281596452328177,-2.789553068190834,-7.826901461221432,300.9265218493158,False,72.0,69.4338266384778,1.5585095138994047,0.45764981258180004,-2.6595221783148055,0.5935847903204188,0.3108108108108108,0.1962809917355372,0.16666666666666666,1998-02-19,26,-0.04634944044317239
660821,"Sánchez, Jesús",L,2024,27.685679755777258,27.66729111607469,-19.589932088134777,-17.15204389693858,32.49448367881934,33.13520251540307,-10.276690394024142,-9.131832532127909,31.037382808383807,31.33742323276209,810.0,246.0,422.0,116.0,370.43569176874695,263.24127739312024,24.881516587677723,30.17241379310345,34.86997635933806,39.03508771929825,28.271604938271604,30.081300813008134,2.4378881911961976,-107.1944143756267,5.2908972054257255,4.165111359960186,1.80969587473653,347.32314145727355,False,75.0,74.05005202913632,1.587542974123459,0.6092000382163607,0.7321103721346244,-0.33883166240592444,0.3575418994413408,0.2869318181818182,0.26022304832713755,1997-10-07,27,0.4875776382392395
660821,"Sánchez, Jesús",L,2025,26.245866875373146,26.884618239425997,-1.81994900124956,-1.545101831697089,32.14933956210975,32.50061913808416,-10.355334057252515,-10.207020365756499,34.92135263481273,34.80791452326919,815.0,135.0,423.0,75.0,336.57156414676854,243.8067688888889,21.04018912529551,28.000000000000004,29.23433874709977,37.5,23.92638036809816,30.37037037037037,0.274847169552471,-92.76479525787963,6.959810874704495,8.26566125290023,6.4439900022722085,322.6009624513048,False,75.0,74.84859708193042,0.7313841737115397,-0.5999755531249635,1.319920487439867,-0.023527606148184343,0.30360721442885774,0.24842105263157896,0.22088353413654618,1997-10-07,28,0.054969433910494206
661388,"Contreras, William",R,2024,28.4033674840398,29.262945892838207,4.468287915524694,2.888755224986758,54.07569007224169,54.10179005744062,-0.5079954007336231,-0.3463326119028108,29.802789575009516,28.70535370545645,333.0,935.0,169.0,510.0,337.58825736715124,362.15332990455903,23.668639053254438,19.411764705882355,28.316326530612244,24.752475247524753,27.32732732732733,25.454545454545453,-1.5795326905379365,24.565072537407787,-4.256874347372083,-3.563851283087491,-1.872781872781875,356.03919550275947,False,70.0,73.62564102564103,0.3030985401444862,1.7597490186647815,-0.4026349218571734,0.7316050885307749,0.2574893009985735,0.25946372239747634,0.20471281296023564,1997-12-24,27,-0.3159065381075873
661388,"Contreras, William",R,2025,28.45619097225123,28.576027280902373,3.85036328668286,1.4915172430347847,51.89136831450005,51.66452757752434,4.731438010870273,5.339085318445396,29.762525798906488,30.136145844350487,318.0,870.0,182.0,478.0,334.70309563333024,324.49995528139925,17.582417582417584,18.410041841004183,22.905027932960895,25.941872981700755,22.0125786163522,22.298850574712645,-2.358846043648075,-10.203140351930983,0.8276242585865994,3.0368450487398597,0.2862719583604445,327.313548529962,False,70.0,72.25949033391916,0.8791514062266899,2.0309482239129832,-0.24464511410245554,0.9148860858608824,0.25097125097125095,0.2222222222222222,0.18181818181818182,1997-12-24,28,-0.47176920872961503
661388,"Contreras, William",R,2026,28.441696578353532,28.788116282186945,-1.4973382527334105,-0.7344046759736412,49.38889795228462,50.681870358868046,9.168190180136355,8.565817243593512,28.929611193627704,30.130523833053665,316.0,734.0,180.0,444.0,317.4854888888889,343.04064864864864,15.555555555555555,14.414414414414415,28.493150684931507,28.28535669586984,20.569620253164558,17.847411444141688,0.7629335767597692,25.55515975975976,-1.1411411411411407,-0.2077939890616669,-2.72220880902287,335.668967948718,False,70.0,72.58751279426816,0.9913788662129477,2.1851700047875777,0.3915852431540134,0.5556032475569316,0.28350515463917525,0.18666666666666668,0.14743589743589744,1997-12-24,29,0.15258671535195384
661531,"Serven, Brian",R,2026,21.78807112699081,21.407587955117616,-6.875990176352304,-4.021469693994256,36.71103883887957,40.24389344199438,1.7406256472677477,1.0242496017155698,30.160696993573975,30.050426187816353,63.0,84.0,34.0,47.0,259.70588235294116,290.0459574468085,20.588235294117645,27.659574468085108,32.20338983050847,28.235294117647058,19.047619047619047,36.904761904761905,2.8545204823580486,30.340075093867313,7.071339173967463,-3.9680957128614125,17.857142857142858,277.3106172839506,False,,,,,,,,,,1995-05-05,31,0.5709040964716097
662139,"Varsho, Daulton",L,2024,31.631005308245637,31.264971471612466,2.0479782671126134,1.1998034985267894,26.191584689610316,27.532032001306288,-6.518684330147661,-6.194448947268201,29.105506480472133,28.441875642704005,806.0,163.0,409.0,104.0,264.31287477722066,267.60087022882,29.584352078239608,15.384615384615385,26.88296639629201,25.139664804469277,24.317617866004962,22.699386503067483,-0.8481747685858241,3.287995451599329,-14.199736693624223,-1.743301591822732,-1.618231362937479,264.979446954543,False,68.0,72.76498881431768,-0.2234843245564864,0.43437771909863954,-1.2406048262369185,-1.856804426232819,0.2658349328214971,0.24045407636738905,0.26705653021442494,1996-07-02,28,-0.1696349537171648
662139,"Varsho, Daulton",L,2025,28.923915777018447,28.671702184440008,-2.0859032444307,-0.22217454697858502,30.303099713316815,30.24552129915882,4.681510474051743,4.306893330297068,27.861220197302288,28.192088953525406,426.0,112.0,215.0,56.0,334.4852916696053,297.7182618907286,29.30232558139535,25.0,31.216931216931215,26.732673267326735,28.638497652582164,26.785714285714285,1.8637286974521152,-36.76702977887669,-4.302325581395351,-4.48425794960448,-1.8527833668678788,326.88767665994817,False,68.0,74.81224489795919,1.8693010446264111,2.0214108672577833,-1.3396908708815018,-0.8032143936552181,0.302713987473904,0.2825278810408922,0.28413284132841327,1996-07-02,29,0.37274573949042306
662139,"Varsho, Daulton",L,2026,28.33864283917312,28.59301474367563,2.0814555768480867,4.3061045500881985,29.50517598996558,30.315311383749023,3.336120432365592,1.5944275129969663,28.248095474129492,28.353410746478364,789.0,265.0,392.0,135.0,287.80020408163267,267.68056296296294,20.408163265306122,20.0,36.408977556109726,36.059479553903344,20.278833967046893,16.22641509433962,2.224648973240112,-20.119641118669733,-0.408163265306122,-0.3494980022063814,-4.052418872707271,282.6462163187856,False,68.0,72.11271617497457,1.6153326686756717,1.7195589907050794,-0.7823335853310972,-1.30271546162548,0.36321195144724555,0.19259962049335863,0.2030360531309298,1996-07-02,30,0.44492979464802235
663457,"Nootbaar, Lars",L,2024,30.576206321657914,31.589543859612444,18.343553939481964,19.358595842926814,35.01131665167011,35.903091162733354,-20.5569544797092,-22.485545952202138,21.789380175736028,22.35199898603191,457.0,160.0,296.0,109.0,370.94812761444257,323.1465680141432,17.56756756756757,24.770642201834864,17.667238421955403,16.355140186915886,15.536105032822759,17.5,1.0150419034448497,-47.801559600299356,7.2030746342672956,-1.3120982350395174,1.9638949671772412,358.0830165121398,False,73.0,71.84581881533101,-2.676507735433131,0.9557891277870375,1.2184561180016313,-0.08132119914904774,0.17314930991217065,0.16045380875202594,0.19506172839506172,1997-09-08,27,0.20300838068896992
663457,"Nootbaar, Lars",L,2025,29.027372400302475,29.393163245363922,18.02230338431861,19.962784733123453,35.849758115790415,37.10246757117065,-19.65053023697474,-21.829266242284493,23.521945806935825,23.91675869723102,668.0,257.0,403.0,180.0,341.7085372486485,263.67234741877655,17.866004962779154,26.111111111111114,21.490683229813666,22.58064516129032,18.7125748502994,21.40077821011673,1.9404813488048411,-78.03618982987194,8.24510614833196,1.0899619314766547,2.6882033598173294,317.61503095469146,False,73.0,72.46536697247707,-2.4399144874538057,1.0015316511024872,1.9742268666537162,0.06523283234945189,0.2181500872600349,0.1945945945945946,0.20411663807890223,1997-09-08,28,0.3880962697609682
663457,"Nootbaar, Lars",L,2026,27.800873462325587,29.047658852957138,11.161906084529308,14.568181795037976,35.171045744881596,37.00474201591405,-15.38541826782051,-17.621785738148738,28.250623075407855,28.38201350041557,414.0,71.0,262.0,49.0,350.934320610687,298.36514285714287,19.84732824427481,24.489795918367346,20.463320463320464,17.857142857142858,16.183574879227052,23.943661971830984,3.406275710508668,-52.569177753544125,4.642467674092536,-2.6061776061776065,7.760087092603932,342.65171704180057,False,73.0,72.4475054229935,-1.1889983083818323,0.5457198759392047,1.4045183615673582,-0.8680269287020848,0.2,0.1731958762886598,0.2057877813504823,1997-09-08,29,0.6812551421017335
663527,"Nevin, Tyler",R,2024,23.239298571996507,23.97385798997402,21.551664300044017,21.2785698604728,44.78961491172187,46.99776511048969,-7.062039991332884,-7.868939556954744,34.111829731291465,33.93023148787814,244.0,270.0,127.0,151.0,327.87408516881914,283.1688218872739,20.47244094488189,25.165562913907287,27.95275590551181,24.06779661016949,19.262295081967213,25.555555555555554,-0.27309443957121715,-44.70526328154523,4.693121969025398,-3.8849592953423198,6.29326047358834,303.5917299331597,False,76.0,67.61394849785407,0.9437319991671494,-0.8474509992940887,0.67573170511106,1.0567692236522848,0.2586520947176685,0.22568093385214008,0.2302158273381295,1997-05-29,27,-0.05461888791424343
663538,"Hoerner, Nico",R,2024,29.607637009353727,29.919580222986394,7.564679728555824,7.087319061819725,31.690726158148617,32.01450067487056,-8.76781858335318,-9.72864321359294,27.444976582222736,26.510593536511536,260.0,853.0,138.0,503.0,345.13143417260125,310.1696308453626,10.144927536231885,10.337972166998012,34.146341463414636,31.046511627906977,10.384615384615385,11.019929660023447,-0.47736066673609834,-34.96180332723867,0.19304463076612777,-3.0998298355076592,0.6353142754080618,317.6965089407744,False,71.0,67.31075888568684,-1.101737811876629,1.0472887273330616,0.8191692783139516,-1.9101311400446972,0.31735985533453887,0.1087151841868823,0.1029641185647426,1997-05-13,27,-0.09547213334721967
663538,"Hoerner, Nico",R,2025,29.176774973736492,29.931064558692054,17.381547953059837,18.032168117600406,33.753433632096524,34.04868844283038,-11.249759885784869,-12.716429181157784,29.372879132019957,28.738522603026478,252.0,867.0,149.0,502.0,358.38518241800233,308.2035164583685,5.369127516778524,8.167330677290837,37.72727272727273,31.27147766323024,10.317460317460316,10.149942329873126,0.6506201645405696,-50.18166595963385,2.7982031605123128,-6.455795064042487,-0.16751798758719083,319.6890283293138,False,71.0,67.60056022408963,-1.1514398151036116,0.2509987177137977,0.7777902560609337,-1.607810467352019,0.32570905763952424,0.10187667560321716,0.07526881720430108,1997-05-13,28,0.13012403290811392
663538,"Hoerner, Nico",R,2026,27.89063649322799,28.46966394931895,24.578282026259576,25.172699315931702,35.93931945762964,37.320814553877945,-10.491482957859825,-11.678475279463981,33.14183819718118,32.31898543975291,290.0,836.0,171.0,501.0,310.68998830409356,329.24021556886225,9.941520467836257,7.984031936127744,36.87943262411347,32.01320132013201,12.068965517241379,10.526315789473683,0.5944172896721263,18.550227264768694,-1.9574885317085133,-4.866231303981458,-1.5426497277676958,324.51984523809523,False,71.0,67.54917127071823,-0.4659778911756139,-0.5232602952388227,1.121215850045741,-1.1827345615682263,0.3316540722082284,0.10923623445825932,0.08482142857142858,1997-05-13,29,0.11888345793442526
663586,"Riley, Austin",R,2024,28.73683058143924,29.121733272533973,18.983638613722515,19.231648706920893,36.77215823413767,36.70345999595422,-9.780822451886678,-10.812018404621103,29.880077951199294,29.87488037843318,213.0,700.0,117.0,353.0,390.81290795097823,355.8399219365709,21.367521367521366,26.345609065155806,23.17596566523605,29.83751846381093,23.943661971830984,26.142857142857146,0.24801009319837775,-34.972986014407354,4.9780876976344395,6.661552798574881,2.1991951710261617,364.54596313590207,False,73.0,74.46491885143571,-1.1651757346043385,0.5178336555325274,1.3058932253975255,-0.9355228432940133,0.2813186813186813,0.25629791894852133,0.251063829787234,1997-04-02,27,0.049602018639675546
663586,"Riley, Austin",R,2025,28.672774297257845,28.882676456054693,17.956417177435526,18.338758038952847,32.731826444206696,34.46572378812278,-9.86806841989079,-10.570407927487903,30.02604261150097,30.0712374239209,192.0,721.0,101.0,346.0,300.9369534096267,339.23334730611646,21.782178217821784,30.63583815028902,23.204419889502763,29.809104258443465,22.916666666666664,28.71012482662968,0.3823408615173207,38.29639389648975,8.853659932467234,6.604684368940703,5.793458159963016,330.5802471192138,False,73.0,74.81827586206897,-1.0244123056524754,0.5092827165660491,1.5736206956600702,-0.9494457794708663,0.2842227378190255,0.27491785323110624,0.28635346756152125,1997-04-02,28,0.07646817230346414
663586,"Riley, Austin",R,2026,29.08474830168817,28.922527995076354,8.464387382064032,9.85783388602374,35.54134489850419,36.85940155209241,-7.578292673030648,-8.818403055081053,29.789327793289168,29.53299333778496,362.0,838.0,180.0,430.0,304.0912222222222,295.2837488372093,32.22222222222222,31.3953488372093,31.567328918322296,33.03370786516854,30.11049723756906,28.400954653937948,1.3934465039597086,-8.807473385012884,-0.8268733850129202,1.4663789468462411,-1.7095425836311122,297.88267540983605,False,73.0,74.92163588390501,-0.6255525621885105,0.7498504626732324,1.3723763176773376,-0.933467363678505,0.3253909158600149,0.2891666666666667,0.3163934426229508,1997-04-02,29,0.2786893007919417
663604,"Lockridge, Brandon",R,2025,26.433397944128597,27.26755737464444,2.004219215359981,5.151778509643208,26.970299584515715,28.965219077111822,-9.171614965724173,-12.233528023898426,36.379252226533076,36.38676297378665,144.0,150.0,73.0,75.0,259.6566250682747,271.0836933333333,24.65753424657534,24.0,31.666666666666664,32.52032520325203,22.22222222222222,20.666666666666668,3.147559294283227,11.427068265058608,-0.6575342465753415,0.853658536585364,-1.5555555555555536,265.4473691215139,False,,,,,,,,,,1997-03-14,28,0.6295118588566454
663604,"Lockridge, Brandon",R,2026,29.255032873957827,29.573210264334524,3.3671635514727503,5.2668612367247984,30.56867013763112,29.415116038682342,-6.88642703443937,-11.146850964021475,32.61335594818732,32.2948264103123,86.0,122.0,46.0,66.0,235.12565217391304,265.6111515151515,34.78260869565217,24.242424242424242,33.33333333333333,30.82706766917293,29.069767441860467,22.131147540983605,1.8996976852520482,30.485499341238466,-10.54018445322793,-2.5062656641603986,-6.938619900876862,253.09032142857146,False,,,,,,,,,,1997-03-14,29,0.3799395370504096
663616,"Larnach, Trevor",L,2025,28.582332565497673,28.687679520651958,5.39421141196572,4.707035244781211,39.447561876710274,41.67770557094655,1.254583269154176,1.0972808811053036,38.169463058016945,38.39270940675422,780.0,196.0,449.0,118.0,339.05382415792843,244.6502686183873,20.489977728285076,25.423728813559322,27.27272727272727,27.75330396475771,25.8974358974359,31.63265306122449,-0.6871761671845089,-94.40355553954114,4.933751085274245,0.4805766920304393,5.73521716378859,319.40722882518446,False,75.0,71.39372972972973,2.207531469926946,-2.0239259390211015,-0.6827455947276339,0.030317342998811992,0.2737030411449016,0.27049180327868855,0.21516754850088182,1997-02-26,28,-0.13743523343690178
663616,"Larnach, Trevor",L,2026,29.62357618949641,29.601205437131593,5.499920763988135,6.222316430230923,40.91770549035482,39.977176007369025,-0.7819292158298913,-1.5740012019086518,36.5215722428814,36.40937466653036,649.0,96.0,380.0,55.0,333.64235789473685,269.04247272727275,16.842105263157894,27.27272727272727,28.8265306122449,35.45454545454545,25.115562403698,27.083333333333332,0.7223956662427877,-64.5998851674641,10.430622009569376,6.628014842300555,1.967770929635332,325.4745563218391,False,75.0,71.35626780626781,1.571550646854724,-0.9919606123503435,-0.6645391120278742,0.14769133301202178,0.29642058165548096,0.2536912751677852,0.18160919540229886,1997-02-26,29,0.14447913324855755
663624,"Mountcastle, Ryan",R,2024,26.47674926234944,26.201191469205458,1.6357770209463858,1.478510659747851,55.64446809374838,56.78113129312513,1.8814234368550589,1.659883854815534,34.6128211321445,34.56556808930105,312.0,755.0,143.0,364.0,374.60277978121337,320.3269942314716,18.181818181818183,24.175824175824175,40.839694656488554,36.986301369863014,20.192307692307693,24.23841059602649,-0.15726636119853477,-54.275785549741784,5.994005994005992,-3.85339328662554,4.046102903718797,335.6355491301167,False,75.0,74.20898760330579,2.898968247869735,-0.1496416960078184,-0.9022487786311799,0.8092306153950691,0.3800403225806452,0.23055295220243674,0.22485207100591717,1997-02-18,27,-0.03145327223970695
663624,"Mountcastle, Ryan",R,2025,25.746590067069743,25.514714711022926,-1.4080358321247766,-1.8065891784109078,57.41630467184371,57.70764247441169,4.63530369134322,4.515099544811551,35.225243437391725,35.50384724843997,201.0,577.0,90.0,267.0,297.0622839032707,317.85352389933473,25.555555555555554,28.08988764044944,40.78212290502793,38.92215568862276,30.34825870646766,28.596187175043326,-0.39855334628613126,20.791239996064007,2.5343320848938866,-1.859967216405174,-1.7520715314243347,312.6120348246967,False,75.0,74.37506738544475,3.3957583184766578,0.512109707757207,-0.8722119191619575,0.9486051782166809,0.3941176470588235,0.29048843187660667,0.27450980392156865,1997-02-18,28,-0.07971066925722625
663647,"Hayes, Ke'Bryan",R,2024,31.37245733710518,31.768307289647645,11.26592962849285,8.259067376281035,44.651021847709565,46.767160297124605,-19.50789325773023,-18.35715792368629,25.343472689442983,24.291234182304994,164.0,494.0,94.0,302.0,345.3437859751546,264.7191455337221,13.829787234042554,20.52980132450331,27.225130890052355,28.24156305506217,12.195121951219512,16.801619433198383,-3.006862252211816,-80.62464044143252,6.700014090460757,1.0164321650098138,4.60649748197887,283.8573177597187,False,71.0,71.29686411149827,-1.081157598343792,1.134309367152555,0.06018360107434073,0.7701683319218318,0.27984084880636606,0.15653495440729484,0.1893939393939394,1997-01-28,27,-0.6013724504423632
663647,"Hayes, Ke'Bryan",R,2025,32.602284553005894,33.06481381081693,14.916215831152227,15.720506174861297,48.03794447312987,48.58517663754386,-17.35068347223398,-16.813409005576457,25.697388069705372,25.867158701093647,218.0,728.0,121.0,449.0,249.7853348496745,290.77300118428593,20.66115702479339,19.15367483296214,29.288702928870293,26.459627329192546,15.59633027522936,18.681318681318682,0.80429034370907,40.98766633461142,-1.5074821918312509,-2.829075599677747,3.084988406089323,282.0721106115,False,71.0,70.29558498896247,-1.4913673881611276,0.8347595301741721,-0.17094866844823056,1.4379754047790732,0.2710727969348659,0.17970401691331925,0.19473684210526315,1997-01-28,28,0.16085806874181402
663647,"Hayes, Ke'Bryan",R,2026,32.124593570355344,31.971133728884663,11.749623618994685,12.573597599220411,45.978635443033546,48.309745487528396,-17.347265558222613,-18.321757657925183,25.17467844013396,25.141702898714524,99.0,283.0,58.0,177.0,297.2517931034483,283.6079548022599,18.96551724137931,20.903954802259886,30.392156862745097,30.67484662576687,21.21212121212121,22.968197879858657,0.8239739802257269,-13.643838301188396,1.9384375608805762,0.28268976302177506,1.756076667737446,286.97537021276594,False,71.0,70.04171122994651,-1.4411569587006916,1.0174692556174372,0.48432111203555633,1.0570290959644284,0.3060747663551402,0.225130890052356,0.20425531914893616,1997-01-28,29,0.16479479604514538
663656,"Tucker, Kyle",L,2024,29.55173769557269,29.174990861090915,4.561643636785953,4.086304383827958,37.25277778234021,36.908105188931714,0.4932305044729923,0.32918140555474623,35.917924855954354,35.961143924734145,346.0,217.0,215.0,124.0,430.14918025946776,360.7601985503849,15.813953488372093,16.129032258064516,15.913978494623656,19.913419913419915,18.497109826589593,16.129032258064516,-0.47533925295799495,-69.38898170908283,0.3150787696924233,3.999441418796259,-2.3680775685250772,404.76795981130766,False,75.0,71.55,2.023816985043854,-0.3492129258456858,-0.08308682612662936,-0.23670092536694393,0.1724137931034483,0.17584369449378331,0.1592920353982301,1997-01-17,27,-0.09506785059159899
663656,"Tucker, Kyle",L,2025,27.831782592107615,27.90245188764157,7.653873403784585,8.256401071983131,33.391720442010254,34.72127518298076,-1.6045229371241165,-2.0279366257935303,36.32117357161818,36.30826160081888,689.0,351.0,404.0,193.0,380.67686871659635,357.6508733520901,14.108910891089108,16.06217616580311,17.59379042690815,17.732558139534884,18.432510885341074,16.80911680911681,0.6025276681985456,-23.02599536450623,1.953265274714001,0.13876771262673415,-1.6233940762242653,373.2329539672669,False,75.0,71.26187563710499,1.9334783548426993,-0.45244706115118133,0.6338672423294941,-0.15323708802288658,0.17636526410026857,0.17884615384615385,0.1474036850921273,1997-01-17,28,0.12050553363970913
663656,"Tucker, Kyle",L,2026,29.840108426100027,29.828509110485072,6.8594442622940255,7.001841404596881,37.48299340153163,37.98118857924881,-0.6340462929904206,-0.970950365111667,34.888180328423296,34.80612099598784,817.0,341.0,425.0,182.0,331.36237176470587,333.7512307692308,16.470588235294116,17.582417582417584,23.84259259259259,22.71468144044321,19.583843329253366,16.715542521994134,0.1423971423028556,2.3888590045249316,1.111829347123468,-1.1279111521493803,-2.8683008072592315,332.07863591433284,False,75.0,70.81146025878003,1.3553448632527565,-0.1554112906094384,-0.6949486820336371,-0.3655276185708025,0.23510204081632652,0.18739205526770294,0.16803953871499178,1997-01-17,29,0.02847942846057112
663662,"Cameron, Daz",R,2024,25.53036641246319,27.764744163209333,2.827627737413215,3.8943291816311087,37.335959737853834,37.12325029693587,-17.18873329976964,-18.970531752637573,29.854794780294498,29.890361338187677,159.0,187.0,86.0,100.0,311.40727732487215,260.74866603491057,29.069767441860467,26.0,24.175824175824175,26.89655172413793,30.81761006289308,23.52941176470588,1.0667014442178937,-50.658611289961584,-3.069767441860467,2.7207275483137536,-7.288198298187201,284.17146480338744,False,72.0,72.28024691358024,0.34135800176417086,-0.6985853168890787,-0.717975223787598,-1.151884362081503,0.25382262996941896,0.26878612716763006,0.27419354838709675,1997-01-15,27,0.21334028884357875
663697,"India, Jonathan",R,2024,30.04668189843529,29.756964055102248,-9.72837065540943,-11.866327242528158,42.207277372293795,42.78871092501211,-11.010815212094093,-11.914619394284609,29.34591288598176,28.850480123363656,259.0,756.0,175.0,462.0,359.849617478183,349.9389836923174,20.0,19.480519480519483,18.005540166204987,18.412698412698415,16.216216216216218,17.857142857142858,-2.137956587118728,-9.910633785865627,-0.519480519480517,0.40715824649342736,1.64092664092664,352.6616852818409,False,70.0,70.73611738148983,-0.08331339121425212,0.5720638391943663,0.3552618593999519,-0.09399385764385695,0.18300153139356815,0.17438423645320197,0.19623233908948196,1996-12-15,28,-0.42759131742374556
663697,"India, Jonathan",R,2025,28.978269510387474,28.6412499543924,-0.5254489812541023,-1.9152542114697644,42.04349643223309,43.526903210545214,-11.073936297770421,-11.724072693020338,29.96926996477709,29.63160846820618,184.0,762.0,111.0,456.0,314.50191320158774,317.50962689593064,20.72072072072072,18.201754385964914,14.691943127962084,19.741480611045827,18.478260869565215,17.322834645669293,-1.389805230215662,3.007713694342897,-2.518966334755806,5.049537483083743,-1.1554262238959225,316.92081522031856,False,70.0,71.22223489167617,-0.07195421629406108,0.07169677598827273,0.4747304261655906,0.0985614510533587,0.1873822975517891,0.17547568710359407,0.18694885361552027,1996-12-15,29,-0.27796104604313243
663698,"Bart, Joey",R,2024,29.04716423089066,29.647999273676216,-1.1585018913666523,-1.4630902172896745,32.559816790574146,31.168150496954777,-3.619119417801161,-3.568957076097852,26.14504365219226,26.03796766341959,136.0,354.0,74.0,209.0,391.3487524006864,320.2738249855276,29.72972972972973,24.401913875598087,25.34246575342466,26.165803108808287,25.735294117647058,23.728813559322035,-0.3045883259230222,-71.07492741515881,-5.327815854131643,0.8233373553836287,-2.0064805583250234,338.8587883379013,False,74.0,74.06056034482758,0.1851119184838079,1.0805890942033758,0.5653699666727076,-0.637282750925317,0.2593984962406015,0.24285714285714285,0.2579505300353357,1996-12-15,28,-0.06091766518460444
663698,"Bart, Joey",R,2025,30.851359332248887,30.71669871093966,1.1468980468905554,1.851922109089325,29.518009217489386,31.731566283647815,-0.5300201062603794,-0.7057404229116595,27.36288933172773,27.200515225777202,142.0,400.0,86.0,248.0,356.30652519067064,302.3007864229183,30.23255813953488,27.016129032258064,21.54696132596685,23.91713747645951,28.169014084507044,26.0,0.7050240621987696,-54.00573876775235,-3.2164291072768165,2.3701761504926573,-2.169014084507044,316.2064556864713,False,74.0,73.42139999999999,0.4410543763567853,1.026003356927659,1.1253139334431752,-0.3749314451909999,0.23314606741573032,0.2656826568265683,0.27844311377245506,1996-12-15,29,0.1410048124397539
663698,"Bart, Joey",R,2026,31.282349436597187,31.31608648219855,2.679250373380153,3.76521622871148,36.90541316314532,32.419238557750184,-3.4051545940223424,-4.340157382483438,27.828728890162658,27.696337669093694,126.0,107.0,66.0,62.0,258.6760606060606,332.8743225806452,30.303030303030305,24.193548387096776,33.77483443708609,31.57894736842105,30.952380952380953,21.49532710280374,1.085965855331327,74.19826197458457,-6.109481915933529,-2.1958870686650407,-9.457053849577214,294.61584375,False,,,,,,,,,,1996-12-15,30,0.2171931710662654
663743,"Fortes, Nick",R,2024,30.939698081874504,31.205647680956208,-4.643004490501612,-4.474380118041627,43.43853603984941,40.87495532727772,-15.385299317342879,-16.112558992985083,27.930201441248723,27.953581180167188,175.0,377.0,103.0,233.0,247.05549514563106,243.4619093920238,12.62135922330097,12.017167381974248,34.146341463414636,30.238726790450926,14.285714285714285,11.405835543766578,0.16862437245998496,-3.5935857536072433,-0.6041918413267222,-3.9076146729637102,-2.8798787419477065,244.56351454863554,False,71.0,70.48319672131149,-0.07741967682701865,-0.060242836888665205,-0.627747962994273,0.4353602851546044,0.3142329020332717,0.12318840579710146,0.12202380952380952,1996-11-11,28,0.033724874491996994
663743,"Fortes, Nick",R,2025,30.725548984671942,30.714677430639625,7.667951745900251,9.483216707838219,42.46430580060058,43.09116844124274,-13.987320845511109,-15.020531707204206,33.83180789799092,33.81002728861272,219.0,213.0,115.0,129.0,249.4205944498928,283.6765499910559,18.26086956521739,20.155038759689923,31.818181818181817,30.666666666666664,12.785388127853881,19.718309859154928,1.8152649619379675,34.255955541163075,1.894169194472532,-1.1515151515151523,6.932921731301047,267.53132504337657,False,71.0,71.25024752475247,1.0117766842038487,-0.8914475489152838,-0.21190025188293624,1.0105817587239307,0.31235955056179776,0.16203703703703703,0.19262295081967212,1996-11-11,29,0.3630529923875935
663743,"Fortes, Nick",R,2026,29.94403545882006,30.217349748809056,26.72074370067132,25.633347416814555,44.431388211995404,45.88293714638065,-11.8378844209322,-12.072043511096828,40.55604907288638,40.15076843743665,287.0,261.0,161.0,153.0,285.89689440993794,260.88371241830066,12.422360248447205,13.071895424836603,35.153583617747444,38.148148148148145,15.6794425087108,15.708812260536398,-1.0873962838567657,-25.013181991637282,0.6495351763893975,2.9945645304007016,0.0293697518255982,273.7089426751593,False,71.0,71.84826923076923,1.43456362329362,-2.735337492079409,0.04620352181675635,1.252891521451271,0.36589698046181174,0.15693430656934307,0.12738853503184713,1996-11-11,30,-0.21747925677135313
663757,"Grisham, Trent",L,2024,33.9090055422298,33.46933760641753,10.607696464959647,8.63498355162365,47.52240785277649,49.412966915380274,-10.536253787270958,-10.637797146280409,16.74843903177189,16.931644383151863,251.0,61.0,168.0,41.0,308.694019891596,289.623088331623,27.380952380952383,26.82926829268293,12.460063897763577,17.56756756756757,21.91235059760956,21.311475409836063,-1.9727129133359966,-19.070931559972962,-0.5516840882694538,5.107503669803991,-0.6008751877734966,304.9528323606922,False,,,,,,,,,,1996-11-01,28,-0.3945425826671993
663757,"Grisham, Trent",L,2025,33.279673150655086,33.40299199785896,8.033679498979565,9.457733037697446,44.2429704684863,42.933929917950984,-13.872997064292017,-14.851820646888731,21.997158470007484,22.316968445766513,672.0,249.0,426.0,156.0,376.135648221768,350.67763254443753,22.535211267605636,26.282051282051285,17.22488038277512,18.374558303886925,19.49404761904762,22.48995983935743,1.4240535387178817,-25.45801567733048,3.746840014445649,1.149677921111806,2.9959122203098083,369.3118502051639,False,70.0,70.2345579793341,-0.6496582658536331,0.19206309694969567,-0.7184028869498423,-0.2606319009169145,0.17515638963360142,0.20304017372421282,0.23539518900343642,1996-11-01,29,0.2848107077435763
663757,"Grisham, Trent",L,2026,33.30028762653368,33.23248264814,12.72105703568584,13.280452436452086,47.78585448511658,47.01684107143302,-15.162000339930966,-15.679657931199246,26.61451079135363,27.30888267883242,562.0,201.0,348.0,137.0,346.9183218390804,310.66671532846715,17.52873563218391,20.437956204379564,18.854748603351958,20.0,16.72597864768683,17.412935323383085,0.5593954007662454,-36.25160651061327,2.909220572195654,1.1452513966480424,0.6869566756962548,336.6781773195876,False,70.0,70.01198910081744,-0.4218087433204734,-0.7558855840466767,-0.36008753729148635,0.25988514933615364,0.19164118246687054,0.1690694626474443,0.18350515463917524,1996-11-01,30,0.11187908015324907
663837,"Vierling, Matt",R,2024,36.98860941776791,37.23705706216784,6.74193846005548,12.770175208372368,53.10570050545486,54.547191854310164,-13.838199817716692,-19.263821167401442,27.109634759357156,26.824443238576265,269.0,720.0,152.0,418.0,331.0313589136751,301.36408998800806,23.026315789473685,20.574162679425836,23.79421221864952,20.81736909323116,17.843866171003718,17.5,6.028236748316888,-29.66726892566703,-2.452153110047849,-2.976843125418359,-0.3438661710037181,309.2753617015192,False,73.0,70.30053361792957,-1.0725058217135484,0.40654453274796626,-1.754529225281931,0.8096944235906208,0.21663619744058502,0.17593528816986856,0.21228070175438596,1996-09-16,28,1.2056473496633777
663837,"Vierling, Matt",R,2025,36.58891651507001,36.951057855451715,5.734382562149013,7.283803204533288,51.516163074014706,52.081919794000406,-14.03018927154632,-15.053953337039731,25.12236134930374,24.7436081462095,86.0,109.0,43.0,58.0,388.7660340350737,294.84761867241696,25.581395348837212,22.413793103448278,26.0,24.528301886792452,13.953488372093023,16.51376146788991,1.5494206423842751,-93.91841536265673,-3.1676022453889345,-1.4716981132075482,2.5602730957968873,334.8326865990926,False,,,,,,,,,,1996-09-16,29,0.30988412847685504
663837,"Vierling, Matt",R,2026,36.37522615357163,36.61524374066535,9.754330906974788,11.914318712782618,54.70955612452187,56.33008580564882,-17.383548516705357,-18.442069735942077,24.809452226106817,25.276424702784315,215.0,311.0,119.0,173.0,340.73673949579825,274.05139884393066,12.605042016806722,19.653179190751445,30.20408163265306,34.22818791946309,12.093023255813954,18.971061093247588,2.1599878058078303,-66.68534065186759,7.048137173944722,4.024106286810028,6.878037837433634,301.2279589041096,False,73.0,70.07432432432432,-1.4020546839713466,0.7788274187430816,-2.0522264814226165,1.0167007454232322,0.3241252302025783,0.16159695817490494,0.1678082191780822,1996-09-16,30,0.43199756116156607
663853,"Gonzalez, Romy",R,2024,27.504396532134482,27.03931826560644,7.692885617689255,7.4476459341831145,36.671494790157965,37.38400844842559,-15.609599868114195,-15.261088044073238,27.054311974096347,28.24142477756093,281.0,175.0,130.0,86.0,367.66141295837826,241.5189651162791,27.692307692307693,25.581395348837212,33.80782918149466,41.55844155844156,29.537366548042705,23.42857142857143,-0.24523968350614034,-126.14244784209916,-2.1109123434704813,7.750612376946897,-6.108795119471274,317.43803094717214,False,72.0,73.2360544217687,0.000983804726821122,-0.35223921377520073,-0.67843313293691,-0.9255721793150522,0.36551724137931035,0.2719298245614035,0.26851851851851855,1996-09-06,28,-0.04904793670122807
663853,"Gonzalez, Romy",R,2025,27.663359113602628,28.752060950685696,12.46352873382677,11.080134568041508,38.83792742227979,39.51701333834468,-14.530501086267432,-15.079431253529428,28.13461303397386,28.66615473571048,273.0,393.0,143.0,198.0,389.05602320640867,310.264453045217,22.377622377622377,24.747474747474747,33.21167883211679,36.312849162011176,27.83882783882784,27.989821882951656,-1.383394165785262,-78.79157016119166,2.369852369852371,3.101170329894387,0.15099404412381645,343.3060792418458,False,72.0,73.26346749226006,-0.2648818561209656,-0.9130592294609747,-0.7647064721062848,-0.5049394181002317,0.34968354430379744,0.27927927927927926,0.2375366568914956,1996-09-06,29,-0.2766788331570524
663853,"Gonzalez, Romy",R,2026,29.494139564696265,29.521430719737843,14.683712736098917,17.771851598508857,40.83146783312554,43.00665977017939,-16.131906670638354,-14.83723068107436,28.60354701281645,29.014872263904426,82.0,69.0,40.0,33.0,304.7179,266.486303030303,30.0,27.27272727272727,29.347826086956523,37.096774193548384,32.926829268292686,24.637681159420293,3.0881388624099397,-38.231596969696966,-2.72727272727273,7.748948106591861,-8.289148108872393,287.4351232876712,False,,,,,,,,,,1996-09-06,30,0.617627772481988
663886,"Stephenson, Tyler",R,2024,26.70856690726962,26.427826700416265,2.6510148621688603,1.180222359325471,37.104819418526354,37.90426488362413,3.73457424389307,4.522885133735432,36.33933382298635,36.5680891877506,222.0,620.0,138.0,378.0,342.4422212327576,316.79672673068785,15.942028985507244,25.132275132275133,23.04832713754647,24.30167597765363,14.414414414414415,23.548387096774192,-1.4707925028433892,-25.645494502069766,9.190246146767889,1.2533488401071615,9.133972682359778,323.65540549286925,False,75.0,70.23219895287959,2.8699950871863416,0.12331430509030906,0.10290421124728735,-0.3967805186106736,0.23959390862944163,0.21140142517814728,0.22674418604651161,1996-08-16,28,-0.29415850056867787
663886,"Stephenson, Tyler",R,2025,27.079551945070772,27.036998842195196,3.617910591380071,3.447932373730343,38.86622686845331,40.17659447339646,1.0231734469068268,0.9735074224873442,36.61533195013707,35.98906371559598,140.0,465.0,74.0,268.0,362.7580017339321,298.7230126420738,21.62162162162162,37.3134328358209,18.29268292682927,26.614481409001954,25.71428571428571,27.526881720430108,-0.16997821764972798,-64.03498909185828,15.691811214199276,8.321798482172685,1.8125960061443962,312.5785365976221,False,75.0,69.67360861759425,2.685603917685314,-0.12205740678448172,-0.2621669614303739,-0.3335109103561956,0.24592592592592594,0.27107438016528923,0.3391812865497076,1996-08-16,29,-0.03399564352994559
663886,"Stephenson, Tyler",R,2026,27.903363098474493,27.763074299022044,9.12472557347462,8.906661574627742,41.29430550884146,42.224621377804816,-0.09461014580002876,-0.4765906985445408,32.990639600848965,33.02821669129654,218.0,615.0,115.0,345.0,314.4706086956522,329.62460289855073,23.47826086956522,28.405797101449277,19.46564885496183,23.66412213740458,17.889908256880734,27.31707317073171,-0.218063998846878,15.15399420289856,4.9275362318840585,4.198473282442748,9.427164913850977,325.8361043478261,False,75.0,69.89190231362468,1.671593622616935,0.1847547127141483,-0.33955926241704726,-0.28131759606008055,0.22464558342420937,0.24849939975990396,0.2717391304347826,1996-08-16,30,-0.0436127997693756
663898,"Rodgers, Brendan",R,2024,28.09645050094715,28.150818621605822,14.441008068598151,15.319701580001691,37.05370935218486,37.923132284795656,-23.113661117363645,-23.03970713449556,27.67291643951922,28.063934455087555,277.0,747.0,144.0,395.0,308.14093257812885,293.95987820583554,20.833333333333336,25.82278481012658,29.02097902097902,29.036635006784262,24.187725631768952,23.560910307898258,0.8786935114035401,-14.181054372293318,4.989451476793246,0.015655985805242523,-0.6268153238706944,297.7485086874872,False,72.0,70.91540256709452,-1.1111948809949141,-1.210600865463476,-0.770472530659918,-0.8032936548562924,0.2903225806451613,0.2373046875,0.24489795918367346,1996-08-09,28,0.17573870228070804
663993,"Lowe, Nathaniel",L,2024,26.945380717298114,27.223135139988244,29.929889077540125,33.17062179933055,55.44808661875558,57.21994096570278,-13.6512142944389,-16.826615517355176,31.648091638071158,31.202365667436446,739.0,268.0,424.0,144.0,330.7257372012906,325.8599061948032,20.5188679245283,26.38888888888889,23.024830699774267,23.432343234323433,18.26792963464141,20.149253731343283,3.2407327217904225,-4.865831006487383,5.870020964360588,0.40751253454916636,1.8813240967018743,329.4921462418994,False,76.0,72.45925925925926,-2.0089830712916896,-1.2720215702005588,1.6780829857894881,0.5231394721369023,0.23128679562657695,0.18768619662363456,0.22007042253521128,1995-07-07,29,0.6481465443580845
663993,"Lowe, Nathaniel",L,2025,26.220821026025,26.467694805030437,32.87782927299444,34.42851723910055,50.65847811071043,52.86910420809847,-12.88743903425646,-14.169472636405013,32.933300398035925,33.16395649468209,848.0,316.0,439.0,171.0,323.72453530239545,245.2178778399773,24.601366742596813,29.82456140350877,23.778501628664493,24.920127795527154,21.816037735849054,20.88607594936709,1.5506879661061106,-78.50665746241816,5.2231946609119575,1.141626166862661,-0.9299617864819645,301.71693132522574,False,76.0,71.85053667262969,-1.0631134312602473,-1.5005967082870573,1.7831438176601666,0.4127048645094297,0.2406807131280389,0.21563573883161513,0.260655737704918,1995-07-07,30,0.31013759322122214
663993,"Lowe, Nathaniel",L,2026,27.451788763527503,28.098978591445828,28.933862778323356,31.381444140174448,47.32014310092104,51.06156040324843,-14.438124264377338,-16.551461508877345,33.04636568130555,32.90487059644649,701.0,89.0,372.0,46.0,346.4968817204301,230.73052173913047,23.655913978494624,21.73913043478261,26.649746192893403,36.666666666666664,18.544935805991443,26.96629213483146,2.4475813618510927,-115.76635998129964,-1.9167835437120146,10.016920473773261,8.421356328840016,333.7570430622009,False,76.0,73.57460317460318,-1.1620572704700007,-1.554353719960068,1.1210575406470393,-0.20150515615053652,0.2767653758542141,0.1949367088607595,0.23444976076555024,1995-07-07,31,0.48951627237021855
664034,"France, Ty",R,2024,29.78651142457952,29.531454191605057,11.408170813229143,12.30295723418026,49.22847342624159,50.51097142033516,-27.945732873922307,-29.39496985304781,28.81578756054473,28.693204550489735,251.0,787.0,135.0,401.0,324.8980355476557,298.42131441578806,22.22222222222222,20.947630922693268,27.436823104693143,26.869806094182824,27.490039840637447,19.440914866581956,0.8947864209511174,-26.476721131867635,-1.2745912995289537,-0.5670170105103196,-8.049124974055491,305.0898915665383,False,70.0,70.26214209968187,-2.3710006764244067,-0.5753292164042142,0.07317997506484489,-0.12981052270532034,0.2702702702702703,0.2138728323699422,0.2126865671641791,1994-07-13,30,0.17895728419022347
664034,"France, Ty",R,2025,28.647085844832098,28.220802617117993,10.71819696956581,11.61887023338418,47.47427990520901,47.239337563838,-28.413500295344488,-28.123618595120977,31.509522554561478,31.77179712154802,303.0,668.0,142.0,350.0,337.4366341730657,321.2078207450695,16.19718309859155,17.142857142857142,32.17993079584775,30.555555555555557,19.141914191419144,20.059880239520957,0.900673263818371,-16.228813427996215,0.9456740442655907,-1.6243752402921956,0.9179660481018139,325.8917465718489,False,70.0,70.18743228602384,-1.6639329765623507,-0.8674870029776193,0.3186051672919414,-0.24788890156248622,0.3103802672147996,0.19773429454170957,0.16869918699186992,1994-07-13,31,0.18013465276367419
664034,"France, Ty",R,2026,29.06038827363449,29.153337348687803,16.47891052307769,18.116409071952923,47.17865044633565,48.706542191522416,-33.909330560064355,-34.455922717725805,31.246736856889836,31.324959515503686,300.0,736.0,138.0,343.0,332.4099710144927,330.35779591836734,24.637681159420293,19.825072886297377,32.78145695364238,34.97191011235955,26.333333333333332,23.641304347826086,1.6374985488752323,-2.0521750961253815,-4.812608273122915,2.190453158717169,-2.692028985507246,330.9465696465696,False,70.0,71.4859243697479,-2.579130797588502,-1.2171526950128682,0.3245419434859151,-0.28607073115025816,0.3431952662721893,0.24420849420849422,0.21205821205821207,1994-07-13,32,0.32749970977504644
664040,"Lowe, Brandon",L,2024,27.706163770098716,28.037343761914215,7.203859920343058,5.695701856398459,30.35527628884339,29.210648977666263,-0.9648831086861026,-0.6626285900814268,21.23818346611254,20.809197328512496,746.0,151.0,353.0,72.0,345.0351457016008,343.2511597370711,25.77903682719547,29.166666666666668,30.758226037195996,27.927927927927925,30.42895442359249,29.80132450331126,-1.5081580639445988,-1.7839859645297338,3.387629839471199,-2.830298109268071,-0.6276299202812297,344.7329174911393,False,69.0,72.71560196560196,-0.6269726055459932,2.220108648781253,0.6879925246206655,-0.5307938886277919,0.3037037037037037,0.3032329988851728,0.2635294117647059,1994-07-06,30,-0.30163161278891976
664040,"Lowe, Brandon",L,2025,27.027671384994196,27.099701287773343,5.399996933719035,4.766616778284949,29.375229671138495,29.87378342283868,-3.1228953895556906,-3.002299710071713,21.380266630372663,21.251018062972893,883.0,305.0,408.0,148.0,362.8310095964166,251.74338019338367,25.49019607843137,30.405405405405407,31.953428201811125,33.72549019607843,29.44507361268403,35.08196721311476,-0.6333801554340859,-111.08762940303293,4.915209326974036,1.7720619942673075,5.636893600430728,333.2609211941704,False,69.0,72.96365248226951,-0.34533056802581924,2.1191480166478796,1.072486995400792,-0.30628594358617356,0.3239299610894942,0.30892255892255893,0.26798561151079137,1994-07-06,31,-0.1266760310868172
664040,"Lowe, Brandon",L,2026,27.242146348330067,27.725234278281846,6.682565459928908,6.251052869963385,33.93702161519293,32.23022152815668,-2.2289636091953566,-2.562468540926394,20.67535954076159,20.79100805094968,886.0,408.0,436.0,203.0,362.89934862385314,257.68061083743845,24.770642201834864,36.94581280788177,30.690010298661175,40.7673860911271,30.699774266365687,37.254901960784316,-0.43151258996552233,-105.21873778641469,12.175170606046908,10.077375792465926,6.55512769441863,329.47305164319243,False,69.0,72.82204789430223,-0.6388344121891574,2.2919607858672317,0.4850473948819493,-0.20726999648533037,0.3371757925072046,0.3276661514683153,0.2863849765258216,1994-07-06,32,-0.08630251799310447
664056,"Bader, Harrison",R,2024,26.10495592281407,25.957327991629086,15.681702917399724,16.711508444483766,28.177422823597553,30.158087514654962,-15.633063894320593,-16.910335876328737,31.395694418724755,29.97992782944368,279.0,488.0,153.0,284.0,324.0225792001447,286.0010487064446,18.30065359477124,23.591549295774648,34.437086092715234,32.70676691729324,20.07168458781362,24.18032786885246,1.0298055270840418,-38.02153049370014,5.290895701003407,-1.7303191754219966,4.108643281038837,299.31293466876974,False,71.0,70.2490538573508,-1.0241195292307137,-0.16850791819379723,1.8053615128178184,-0.5452937050588077,0.3333333333333333,0.22685788787483702,0.21739130434782608,1994-06-03,30,0.20596110541680837
664056,"Bader, Harrison",R,2025,26.599396446637325,27.44704749889508,4.282859865086914,5.147160845087205,28.541751577479708,29.847859381850814,-11.580272757948126,-12.340925364035005,20.37947163472952,19.446067687801413,322.0,607.0,157.0,346.0,260.65581135934656,312.22872452468545,35.6687898089172,23.121387283236995,33.23699421965318,32.68365817091454,29.81366459627329,24.71169686985173,0.8643009800002908,51.57291316533889,-12.547402525680202,-0.5533360487386361,-5.101967726421563,296.13141365598125,False,71.0,72.55857461024499,-1.9197211548021937,1.9042241411621996,1.5961109717524236,-0.3564615445104219,0.32872655478775914,0.26480086114101187,0.27037773359840955,1994-06-03,31,0.17286019600005814
664238,"Moore, Dylan",R,2024,24.043902663744795,24.165128220424087,2.8568694223571733,3.6088369837310648,48.27786116474649,49.255342458682904,0.8487747171971128,1.2609359224123597,34.093301199732906,34.39898186610954,297.0,466.0,176.0,266.0,327.18507301518366,278.147707364288,26.704545454545453,28.57142857142857,19.43661971830986,17.1875,21.548821548821547,22.103004291845494,0.7519675613738914,-49.03736565089565,1.8668831168831161,-2.24911971830986,0.5541827430239472,297.6738982117035,False,73.0,72.2290780141844,2.1625933192452993,-0.5569372753435522,-0.6575231504138901,-0.4252340779137128,0.18108419838523646,0.21887287024901703,0.27828054298642535,1992-08-02,32,0.1503935122747783
664238,"Moore, Dylan",R,2025,22.70178354451268,22.303614322988764,4.5319617755935795,6.901420632190193,44.20301346075163,45.44688647097551,2.332399551508425,0.7543907837540953,35.60980821428931,35.93245802386818,272.0,218.0,132.0,111.0,268.234978711041,255.6339374150936,37.878787878787875,28.82882882882883,23.381294964028775,25.789473684210527,33.82352941176471,26.146788990825687,2.369458856596614,-12.601041295947368,-9.049959049959046,2.408178720181752,-7.676740420939023,262.4789475017811,False,73.0,70.91641468682506,2.553926547543431,-0.8677419753156934,0.3280781594888781,-0.5283237837505949,0.24358974358974358,0.3040816326530612,0.3374485596707819,1992-08-02,33,0.4738917713193228
664702,"Straw, Myles",R,2025,29.574859113150946,28.80722201623897,-2.22961893714089,-1.0106723695861535,36.16446998574159,37.26950183803105,-0.07253985989483885,-2.020341983999949,25.669220781303178,25.361050274719812,271.0,242.0,146.0,153.0,300.30797112100896,287.13401466564505,19.17808219178082,14.37908496732026,32.83018867924528,19.90950226244344,14.760147601476014,12.8099173553719,1.2189465675547366,-13.173956455363907,-4.79899722446056,-12.920686416801843,-1.9502302461041143,293.5667827007057,False,69.0,66.32078774617068,0.7669197484923735,1.6567005250504308,-1.9067090407185274,-1.4505510811482873,0.26954732510288065,0.13840155945419103,0.16722408026755853,1994-10-17,31,0.24378931351094732
664702,"Straw, Myles",R,2026,28.113674940884685,28.040487048159918,-7.510286833129135,-8.347121987250047,41.49856818034953,43.310041275680426,1.3700686547569836,-0.6570610605531566,26.413327783694044,25.441256228528406,275.0,214.0,169.0,149.0,278.35112426035505,313.4373422818792,15.976331360946746,9.395973154362416,20.943952802359885,25.769230769230766,12.727272727272727,8.878504672897195,-0.8368351541209114,35.08621802152413,-6.5803582065843305,4.825277966870882,-3.8487680543755314,294.790893081761,False,69.0,67.98348623853211,0.9298853239447051,2.0702750095389026,-2.148304350685353,-1.6475921020938193,0.2303839732888147,0.11042944785276074,0.1289308176100629,1994-10-17,32,-0.16736703082418228
664728,"Isbel, Kyle",L,2024,27.34302590442651,25.982188620350044,4.901035635292996,6.717198960280164,36.33799219732375,37.14343693494133,-3.108325841773897,-4.218799832269671,24.688111930394268,25.753820857675695,614.0,109.0,358.0,68.0,292.8345178567865,215.2467205882353,18.156424581005588,33.82352941176471,31.25,27.500000000000004,15.960912052117262,22.018348623853214,1.8161633249871674,-77.58779726855118,15.667104830759122,-3.7499999999999964,6.057436571735952,280.44961125053885,False,70.0,70.03800904977375,-0.10605632876257251,1.0128019849275551,0.14129815670772078,-0.5741804758457985,0.30670103092783507,0.16874135546334718,0.20657276995305165,1997-03-03,27,0.36323266499743345
664728,"Isbel, Kyle",L,2025,28.301091846563175,28.417780955082172,16.175368503348412,15.66980603701442,41.60558451659054,39.06524465691941,-12.519505955006577,-11.816697805340851,23.17705771148624,24.17837517062704,541.0,115.0,333.0,74.0,262.7211939007203,233.50085135135132,15.915915915915916,25.675675675675674,27.02205882352941,26.89075630252101,14.417744916820702,25.217391304347824,-0.505562466333993,-29.220342549369008,9.759759759759758,-0.13130252100840067,10.799646387527122,257.4084043462896,False,70.0,69.55347682119206,-1.6711176219303159,0.4620859906995976,0.04348572768618588,0.12228123692668398,0.26998491704374056,0.16310975609756098,0.1769041769041769,1997-03-03,28,-0.10111249326679861
664728,"Isbel, Kyle",L,2026,27.1183059650671,27.80841989744645,9.126338995492324,8.874705390417759,41.39763983190568,39.831557840315504,-10.794044113919592,-11.257927590611256,28.283179972267106,28.548028868343373,401.0,120.0,236.0,77.0,264.6004406779661,217.74171428571432,22.88135593220339,23.376623376623375,35.22975929978118,34.82142857142857,15.710723192019952,14.166666666666666,-0.25163360507456467,-46.85872639225178,0.4952674444199836,-0.40833072835260964,-1.5440565253532856,253.07289456869012,False,70.0,70.67190775681341,-0.5396870772370196,-0.44613938383732316,-0.07026541254440423,-0.33344345341794485,0.351493848857645,0.15355086372360843,0.23003194888178913,1997-03-03,29,-0.05032672101491294
664761,"Bohm, Alec",R,2024,24.974881350815554,25.100323786005063,6.214771125135836,9.116574587346864,36.016970929081815,36.3672510892288,-5.809451233287341,-7.245035346908442,38.25760442922765,38.17069995721464,304.0,750.0,179.0,428.0,363.1315092872366,337.98326266965876,8.379888268156424,16.588785046728972,24.08026755852843,28.708791208791208,11.513157894736842,16.8,2.9018034622110287,-25.148246617577854,8.208896778572548,4.628523650262778,5.286842105263158,345.3993024465063,False,76.0,71.31479958890031,1.809516809792174,-0.7797527596814146,1.6941260655173815,0.5178439670051298,0.2736124634858812,0.1527514231499051,0.1416803953871499,1996-08-03,28,0.5803606924422058
664761,"Bohm, Alec",R,2025,25.721720942507066,25.70149498212061,10.227445801126379,10.63026230901427,39.30654055770065,40.16063838647975,-7.9510787115796635,-9.390425817230408,38.079082496326144,37.95976166415049,241.0,627.0,134.0,370.0,322.1171735221776,322.48589374270165,14.925373134328357,16.756756756756758,26.521739130434785,25.74750830564784,10.78838174273859,13.875598086124402,0.40281650788789136,0.36872022052403963,1.831383622428401,-0.7742308247869438,3.087216343385812,322.3878609856576,False,76.0,70.91820359281436,1.6175013025036038,-0.9072866251675694,1.7176031803378053,1.1863069221845048,0.25961538461538464,0.13018433179723501,0.1626984126984127,1996-08-03,29,0.08056330157757827
664761,"Bohm, Alec",R,2026,25.77458972523052,25.326155867825637,9.93308053831697,11.338359309138404,39.35169402332507,40.279851283423696,-5.697843809404851,-6.601409097759021,38.384833991123415,38.57784377351963,293.0,735.0,189.0,423.0,339.69599999999997,325.7360472813238,11.64021164021164,14.893617021276595,28.869047619047617,25.158027812895067,11.604095563139932,16.19047619047619,1.4052787708214343,-13.959952718676163,3.2534053810649564,-3.7110198061525494,4.586380627336258,330.04720915032675,False,76.0,70.257995951417,1.7645476025625226,-0.7817566243996519,1.766692984818056,1.3218308312329992,0.2626441881100266,0.14883268482490272,0.1388888888888889,1996-08-03,30,0.28105575416428685
664770,"Lukes, Nathan",L,2025,26.819719493662713,26.900018254396837,-5.312864449411672,-8.646612744656238,27.87165592317902,25.266630399950525,2.4312709572165954,5.579490132262346,28.361422041102156,28.467765474395616,730.0,81.0,387.0,53.0,324.7602915871826,267.1319285305889,12.4031007751938,22.641509433962266,33.14121037463977,25.31645569620253,12.054794520547945,14.814814814814813,-3.3337482952445665,-57.62836305659374,10.238408658768467,-7.8247546784372375,2.7600202942668677,317.8186933099111,False,71.0,66.97992125984251,1.7152665348670213,1.3581387006542418,1.3625764330362782,-0.1414457239506163,0.32341526520051744,0.12330456226880394,0.13636363636363635,1994-07-12,31,-0.6667496590489133
664770,"Lukes, Nathan",L,2026,27.451541974918538,27.13071195407828,-2.6544832548407893,-2.229139394405778,31.61689119102131,31.960110417654434,1.8844726881667582,1.405861187353866,31.619424333625062,32.91023460532116,709.0,134.0,351.0,82.0,299.0472820512821,253.09390243902436,13.390313390313391,19.51219512195122,33.14285714285714,38.775510204081634,13.540197461212976,15.671641791044777,0.4253438604350115,-45.95337961225772,6.121881731637828,5.632653061224495,2.131444329831801,290.3447944572748,False,71.0,66.11651954602775,1.8871556002502823,0.6314389548819085,1.112613441295902,0.3096588956979664,0.3412042502951594,0.1387900355871886,0.14549653579676675,1994-07-12,32,0.0850687720870023
664774,"Wade Jr., LaMonte",L,2024,30.356592434388357,30.870065813973355,0.15073965300904538,2.6204746697141585,47.78624651216005,48.23569197771094,-2.1706784924774496,-3.210058603863437,18.826979051168507,19.296143880070495,605.0,64.0,358.0,43.0,350.21687071404494,402.2879896640827,23.743016759776538,11.627906976744185,20.909090909090907,11.267605633802818,22.644628099173552,15.625,2.4697350167051133,52.07111895003777,-12.115109783032352,-9.641485275288089,-7.019628099173552,355.80055678599416,False,71.0,71.63152709359606,-1.5664026574596155,2.551950439444949,-0.885177885251873,0.46332080849753254,0.20095124851367419,0.21973094170403587,0.22443890274314215,1994-01-01,30,0.49394700334102265
664901,"Mendick, Danny",R,2024,27.348880240643005,27.99824036583846,-3.255034067658219,-2.5455872172886362,30.8285792576883,32.62296087825436,10.585251751825844,10.246419238221126,30.170855279786203,30.634791995788447,95.0,163.0,53.0,89.0,312.6317001551907,226.6745184024803,18.867924528301888,28.08988764044944,22.429906542056074,31.25,23.157894736842106,28.22085889570552,0.7094468503695825,-85.9571817527104,9.221963112147552,8.820093457943926,5.062964158863412,258.7571284932806,False,,,,,,,,,,1993-09-28,31,0.1418893700739165
664954,"Sullivan, Brett",L,2026,31.00507797586733,31.68401123894291,19.17899493142267,20.91676545765259,40.94739268834254,41.141443019900606,-11.469812952041359,-13.584698476779263,28.129648942001108,28.728812733716634,305.0,110.0,170.0,61.0,276.55035294117647,294.1665573770491,18.823529411764707,9.836065573770492,35.0,27.173913043478258,14.426229508196723,14.545454545454545,1.7377705262299195,17.616204435872646,-8.987463837994214,-7.826086956521742,0.11922503725782185,281.20225108225105,False,71.0,67.99365079365079,-0.705007952700534,-0.599690345566059,-0.7750579379827419,0.0744032806715802,0.33163265306122447,0.14457831325301204,0.1645021645021645,1994-02-22,32,0.3475541052459839
664983,"McCarthy, Jake",L,2024,29.84512139401315,30.499947412151062,15.885135957877237,19.730764672788453,41.96713289338448,44.39627148830937,-25.45826174230732,-29.449247108372862,24.33326053720668,23.494140856724325,607.0,260.0,348.0,147.0,318.3994780068041,299.6540770975057,14.367816091954023,19.047619047619047,31.741140215716484,28.31858407079646,16.474464579901152,16.923076923076923,3.845628714911216,-18.745400909298382,4.679802955665025,-3.422556144920023,0.44861234317577114,312.8326619791943,False,72.0,66.63784135240572,-2.4333877269668167,-0.6185743614391538,0.5572861947656819,0.02211613789844022,0.30857142857142855,0.16608996539792387,0.15757575757575756,1997-07-30,27,0.7691257429822432
664983,"McCarthy, Jake",L,2025,30.088127939635843,31.513410669037874,11.479739428315845,11.989119103050367,43.965804675962495,47.439645621020915,-23.744548540116497,-21.326591472025683,23.356674181106268,23.024723494700172,338.0,64.0,181.0,42.0,306.1169363769388,188.88095238095238,18.784530386740332,14.285714285714285,32.42506811989101,41.07142857142857,18.639053254437872,23.4375,0.5093796747345216,-117.2359839959864,-4.498816101026048,8.64636045153756,4.798446745562128,284.03661652119246,False,72.0,68.89545454545456,-1.5476684831326042,-0.15410449204016544,0.5414830132471792,0.1535466579162862,0.33569739952718675,0.19402985074626866,0.17937219730941703,1997-07-30,28,0.10187593494690432
664983,"McCarthy, Jake",L,2026,29.883320227135087,32.94164423240567,20.258898917226805,24.006539294397598,44.54998668209575,47.13166947731202,-28.27958955575217,-32.825327133030996,22.0567745346057,20.658113443407327,731.0,328.0,404.0,171.0,315.17242574257426,343.3265730994152,16.08910891089109,15.204678362573098,37.13892709766162,37.547892720306514,19.151846785225718,19.20731707317073,3.747640377170793,28.15414735684095,-0.8844305483179902,0.40896562264489233,0.0554702879450133,323.5452243478261,False,72.0,70.6330303030303,-2.7357191840555584,-0.30623362220752676,-0.02289738312031138,0.2437095992087752,0.3724696356275304,0.19169027384324835,0.1582608695652174,1997-07-30,29,0.7495280754341586
665019,"Clemens, Kody",L,2025,31.84799498199159,32.537045002016704,14.70911548201518,16.495143018876774,56.1211764678555,56.86932280960985,-32.95626878516614,-34.692552857510286,31.074197934030227,31.22056723198844,572.0,166.0,298.0,89.0,339.3439808698334,292.70876407026714,23.48993288590604,25.842696629213485,27.89473684210526,27.32919254658385,20.97902097902098,25.903614457831324,1.786027536861594,-46.63521679956625,2.3527637433074453,-0.5655442955214092,4.924593478810344,328.61908605029487,False,72.0,71.5391242937853,-2.370966151864297,-1.4784938362343034,0.33761671621754635,1.118514646131602,0.2777017783857729,0.22086720867208673,0.24031007751937986,1996-05-15,29,0.3572055073723188
665019,"Clemens, Kody",L,2026,32.64541266112868,32.78652379351711,11.106351568472112,10.401921170066226,58.248840679140926,58.98479958293864,-31.4570892014558,-31.982593504106788,32.32159259713831,32.73571573071607,811.0,281.0,412.0,157.0,343.18831067961156,303.10820382165605,22.0873786407767,22.929936305732486,33.57575757575758,29.2358803986711,22.564734895191123,20.99644128113879,-0.7044303984058864,-40.08010685795551,0.8425576649557875,-4.339877177086478,-1.5682936140523331,332.12930052724073,False,72.0,71.26954022988505,-2.2137501970352518,-1.3751661736935779,0.044407668965657295,1.1549725598960574,0.3241563055062167,0.2216117216117216,0.22319859402460457,1996-05-15,30,-0.14088607968117728
665052,"Conine, Griffin",L,2026,30.101839091176075,30.647184594204873,5.834891264179767,5.562705407201215,46.87383777624517,49.87991916168773,-23.642026090927395,-24.975433183883844,33.3940166659139,33.24764323566707,436.0,129.0,243.0,63.0,371.37120987654316,322.86673015873015,30.04115226337449,28.57142857142857,31.060606060606062,41.5929203539823,35.77981651376147,31.007751937984494,-0.2721858569785516,-48.50447971781301,-1.4697236919459193,10.532314293376238,-4.772064575776973,361.38499346405223,False,73.0,73.33055555555555,-0.8896680259014091,-0.9326429090754323,1.6195549902019735,1.6825731272501208,0.3291731669266771,0.34690265486725663,0.2973856209150327,1997-07-11,29,-0.05443717139571032
665161,"Peña, Jeremy",R,2024,29.216912206019327,28.44071667952723,3.7672427158242523,3.0852341657492963,41.124249267994685,40.56455274888839,-3.9756854950628693,-3.147944784769603,26.801548488376124,27.542656153151523,323.0,894.0,167.0,483.0,311.89898058371193,311.08119170224023,11.976047904191617,18.84057971014493,38.07829181494662,36.17021276595745,23.52941176470588,22.706935123042506,-0.682008550074956,-0.8177888814716994,6.8645318059533125,-1.9080790489891655,-0.8224766416633749,311.2913005379415,False,72.0,71.83964125560537,0.8793977202025711,0.6005434529646827,0.35143577702730905,0.8758877043489302,0.36626916524701875,0.22925225965488907,0.17076923076923076,1997-09-22,27,-0.13640171001499118
665161,"Peña, Jeremy",R,2025,30.990092652203245,29.95838781392172,43.70388380381657,40.486794135162924,57.69932080966878,59.35560146295049,-23.02399317753565,-20.79534321869623,33.68011747506267,33.72176782271763,199.0,709.0,107.0,436.0,348.55674645463444,329.55261820307527,13.084112149532709,18.11926605504587,40.65934065934066,34.31241655540721,26.633165829145728,25.52891396332863,-3.2170896686536423,-19.004128251559166,5.035153905513161,-6.346924103933446,-1.1042518658170977,333.2974464220749,False,72.0,71.60011376564277,-1.6875218033503778,-2.1589480977480036,-0.2489873866313633,2.782446764347088,0.35553168635875404,0.2577092511013216,0.1712707182320442,1997-09-22,28,-0.6434179337307284
665161,"Peña, Jeremy",R,2026,28.63849089483928,28.073604850277597,44.55039669212844,44.69493027438257,52.55531072749734,53.34820334187162,-22.075966061500484,-22.01296083387286,35.114268078932305,35.387850410435604,202.0,730.0,106.0,356.0,336.2954716981132,321.93666292134833,24.528301886792452,23.876404494382022,38.22222222222222,39.36324167872648,29.7029702970297,29.315068493150687,0.14453358225413382,-14.358808776764874,-0.6518973924104294,1.1410194565042602,-0.3879018038790143,325.23110822510824,False,72.0,71.35495594713657,-1.0374267045061578,-2.40745070141704,0.3379911219510605,2.3305960702531676,0.39082969432314413,0.2939914163090129,0.24025974025974026,1997-09-22,29,0.028906716450826764
665487,"Tatis Jr., Fernando",R,2024,26.162695269564427,26.475819134645842,6.106188477724982,7.026933344776351,46.76328919670083,46.23069769701923,-27.856407008424867,-29.92268067989978,22.47977885981256,21.927072986607932,209.0,584.0,118.0,320.0,358.61465492233145,400.7306286611674,27.11864406779661,20.0,21.115537848605577,31.3953488372093,25.837320574162682,25.51369863013699,0.9207448670513694,42.11597373883592,-7.118644067796609,10.279810988603725,-0.32362194402569244,389.3843161013897,False,75.0,74.0372932330827,-1.4531027664580802,0.2367048227645573,0.747633592404364,-0.031032917166529388,0.2803129074315515,0.25598991172761665,0.2191780821917808,1999-01-02,25,0.18414897341027386
665487,"Tatis Jr., Fernando",R,2025,26.350844718929736,26.22540282868158,15.107261749557942,15.16412665890801,42.97393419488735,42.88392120187303,-38.764683906156556,-37.733698327450305,24.223331078627353,24.76923124731117,325.0,873.0,186.0,506.0,346.4193067974841,378.08883293751563,18.27956989247312,18.774703557312254,23.56020942408377,24.269005847953213,24.307692307692307,25.42955326460481,0.05686490935006816,31.669526140031508,0.495133664839134,0.708796423869444,1.1218609569125029,369.57650365710253,False,75.0,72.99172661870504,-2.1395403673356697,-0.6897118171523781,0.9981805738910053,-0.1636399907675994,0.24076704545454544,0.25125208681135225,0.18641618497109827,1999-01-02,26,0.011372981870013631
665487,"Tatis Jr., Fernando",R,2026,26.664457841788263,26.89181608756382,15.512334425856247,14.18653145401704,41.81178851499943,42.38552278651349,-31.03371022586146,-29.10637282869182,24.808156272653033,24.78775731408004,260.0,879.0,159.0,528.0,399.85959748427666,373.95057575757573,18.238993710691823,18.75,20.84592145015106,28.37696335078534,23.846153846153847,23.208191126279864,-1.3258029718392077,-25.909021726700928,0.5110062893081775,7.531041900634278,-0.6379627198739826,379.9469868995633,False,75.0,75.48428709990301,-2.018243637583021,-0.3739927264341805,1.393695329711504,-0.523991633509746,0.2643856920684292,0.23353819139596138,0.18631732168850074,1999-01-02,27,-0.26516059436784156
665489,"Guerrero Jr., Vladimir",R,2024,27.77560309114766,27.782080617746633,-1.5152842816365535,-2.110160256386794,33.17062400892326,35.40447834614374,-9.831342979491618,-9.339169920609773,28.20200140862933,28.15103906912813,229.0,1020.0,139.0,558.0,375.69015270740454,419.7193349466237,10.79136690647482,14.516129032258066,24.822695035460992,28.051181102362204,18.340611353711793,20.294117647058822,-0.5948759747502406,44.02918223921915,3.7247621257832453,3.228486066901212,1.9535062933470293,410.9387663221596,False,72.0,74.92850877192983,-0.037473829811205804,0.2698217159766962,0.79827652849244,-0.5521227351173937,0.27349768875192604,0.19935948759007205,0.13773314203730272,1999-03-16,25,-0.11897519495004812
665489,"Guerrero Jr., Vladimir",R,2025,28.142593269506563,27.740585617290527,-0.4833100808546723,0.1694021724482116,32.694788137375475,35.647108062503655,-11.641706175186174,-11.937238612592441,27.82426271221042,27.919208504378254,251.0,805.0,159.0,521.0,431.8642732321441,369.5752447311806,12.578616352201259,14.203454894433781,19.798657718120804,22.258064516129032,17.928286852589643,20.496894409937887,0.652712253302884,-62.289028500963525,1.6248385422325224,2.459406798008228,2.568607557348244,384.1398852189059,False,72.0,75.6796626984127,-0.38855368671562757,0.21039322047293915,0.8803754704744006,-0.11520108365316212,0.21661237785016288,0.19886363636363635,0.13823529411764707,1999-03-16,26,0.1305424506605768
665489,"Guerrero Jr., Vladimir",R,2026,28.717241718931287,28.652245894683855,1.939326985856884,2.550425978050516,35.30532359449138,37.305394346877264,-10.429841490166645,-10.301141895134016,28.67405887527553,29.070364868888056,263.0,748.0,152.0,445.0,376.71455263157895,320.0993348314607,13.157894736842104,13.03370786516854,26.253687315634217,31.922611850060463,16.34980988593156,18.71657754010695,0.6110989921936318,-56.61521780011827,-0.12418687167356524,5.668924534426246,2.3667676541753906,334.5139296482412,False,72.0,75.29107505070994,-0.18693142119627623,0.42567385165032856,0.5812375897700086,0.1856344821510088,0.3027444253859348,0.18100890207715134,0.1306532663316583,1999-03-16,27,0.12221979843872637
665506,"Pache, Cristian",R,2024,28.786928023899645,28.721585112942783,3.1557984363477067,3.4860008960710713,44.528885370596626,43.828207711046524,-18.57140399616765,-20.716749729369308,38.81894311799437,39.11685800830384,249.0,111.0,130.0,53.0,286.41220877925497,177.42250943396223,32.30769230769231,41.509433962264154,23.134328358208954,29.72972972972973,29.71887550200803,34.234234234234236,0.3302024597233646,-108.98969934529273,9.201741654571848,6.595401371520776,4.515358732226208,254.84688601805,False,74.0,71.08929663608563,0.3411088317131757,-2.542550569257689,-0.20389882549990215,0.09214642663506202,0.25065963060686014,0.3111111111111111,0.34972677595628415,1998-11-19,26,0.06604049194467292
665742,"Soto, Juan",L,2024,25.528125179963958,25.492473853881027,-18.7602055851624,-21.45839237422833,25.50719604072634,27.676747438528547,-12.761603842739826,-13.107112791095407,41.62729661889088,41.561988612380745,740.0,353.0,488.0,226.0,462.88194290442556,458.5663674130259,18.852459016393443,11.946902654867257,17.657822506861848,18.162393162393162,21.756756756756758,16.997167138810198,-2.698186789065929,-4.31557549139967,-6.905556361526186,0.5045706555313139,-4.75958961794656,461.5159484211534,False,73.0,74.58471794871795,2.583787420206601,-1.2610129223162745,1.4837930387751814,-0.550845075787299,0.1780909673286355,0.20219579139981703,0.16666666666666666,1998-10-25,26,-0.5396373578131858
665742,"Soto, Juan",L,2025,24.8181083859851,24.91453738230652,-22.78685264043995,-23.425385390036553,28.273216953935922,30.658014772693292,-9.856635350814237,-10.166761909345226,41.92855165843274,41.99662870106811,652.0,395.0,467.0,249.0,460.4879287114839,363.9945105650335,16.70235546038544,23.694779116465863,13.986013986013987,20.867768595041323,18.25153374233129,23.037974683544306,-0.6385327495966031,-96.49341814645038,6.9924236560804225,6.881754609027336,4.786440941213016,426.9308601102742,False,73.0,72.77867494824017,3.255814521261561,-1.9308403733919717,1.2580594413081512,-0.6065720558285436,0.1622895622895623,0.20057306590257878,0.19134078212290503,1998-10-25,27,-0.12770654991932062
665742,"Soto, Juan",L,2026,23.758436946491607,24.10214787404907,-30.10694249315287,-28.474681924822598,23.40886304513829,27.773192034246765,-12.412721998064724,-13.33293420465736,42.98441459288899,43.08633230760123,459.0,268.0,306.0,152.0,448.82250980392155,345.18278947368424,13.071895424836603,15.789473684210526,19.090909090909093,24.567474048442904,16.99346405228758,22.01492537313433,1.632260568330274,-103.63972033023731,2.717578259373923,5.47656495753381,5.021461320846747,414.4267947598253,False,73.0,71.72962406015037,3.1668412230905902,-1.8564155354333294,1.4044067487481782,-0.8436793532902305,0.20758693361433087,0.18844566712517194,0.13973799126637554,1998-10-25,28,0.3264521136660548
665804,"Amaya, Miguel",R,2024,29.34351791518397,29.14890064321821,9.543344300197843,8.907711856420732,27.16540915703668,27.222676909059718,-8.842468761828064,-9.065410516913891,37.529863037259354,36.661046981598304,170.0,524.0,94.0,271.0,271.76980498457345,307.0116272502938,14.893617021276595,17.712177121771216,31.57894736842105,33.81443298969072,17.058823529411764,22.137404580152673,-0.6356324437771104,35.24182226572037,2.8185601004946204,2.235485621269671,5.078581050740908,297.93565110514936,False,73.0,71.88740279937791,0.718688966787741,-1.2051583075052796,0.746795805073847,-0.4583761877927785,0.3328100470957614,0.20893371757925072,0.16986301369863013,1999-03-09,25,-0.12712648875542207
665804,"Amaya, Miguel",R,2026,27.504082063528692,27.196880485423243,1.243044877654453,1.9361979497293207,16.068774626997694,19.193598097967307,-4.282072734578159,-4.249134682155905,40.30316410044835,40.57921506502998,120.0,327.0,72.0,171.0,317.39577777777777,281.01878362573103,18.055555555555554,29.82456140350877,29.677419354838708,30.96446700507614,24.166666666666668,25.688073394495415,0.6931530720748678,-36.376994152046734,11.769005847953217,1.287047650237433,1.5214067278287473,291.7971522633745,False,73.0,69.49058823529411,2.9617097937519454,-0.09583927430567417,0.021084872703111983,-0.8415241942832554,0.30601092896174864,0.25279642058165547,0.26337448559670784,1999-03-09,27,0.13863061441497354
665833,"Cruz, Oneil",L,2024,26.12173364431877,26.537962506999754,20.93097738163275,22.325955856038206,48.77560563999295,47.9545968279998,-8.563085608490704,-9.032656538979394,40.8313885908787,41.47710545223156,819.0,282.0,445.0,154.0,360.76152331462634,298.59812060049467,30.112359550561795,30.519480519480517,30.65326633165829,33.56643356643357,33.21123321123321,31.20567375886525,1.3949784744054554,-62.16340271413168,0.40712096891872207,2.913167234775276,-2.005559452367958,344.7796134348663,False,79.0,77.35354497354498,1.5509406729011481,-1.8992883105981497,0.674276241983517,1.3768270324882448,0.31303669008587043,0.32697547683923706,0.3021702838063439,1998-10-04,26,0.2789956948810911
665833,"Cruz, Oneil",L,2025,27.802585476009348,27.920227978680778,19.578039495969346,20.907240066451592,47.43061424302386,50.171153387810925,-9.356410369610789,-10.396249117542325,40.567836111806905,40.807001899472844,726.0,203.0,420.0,125.0,341.32135715465773,260.04084671265065,30.952380952380953,35.199999999999996,28.48360655737705,27.692307692307693,30.303030303030305,38.91625615763547,1.3292005704822465,-81.28051044200708,4.247619047619043,-0.7912988650693578,8.613225854605169,322.6790382459405,False,79.0,77.81896551724138,1.3305818206144215,-1.854823145586819,-0.14809512305018402,1.2711511778951448,0.28317152103559873,0.3218514531754575,0.3192660550458716,1998-10-04,27,0.2658401140964493
665833,"Cruz, Oneil",L,2026,28.093623647687902,28.227004422628458,21.762789672144258,22.523143786548726,47.873869371031404,49.68978808505777,-10.095802753026602,-9.794947748853406,39.605390672752584,39.95751895069725,488.0,228.0,277.0,134.0,367.1911046931408,314.33537313432834,31.046931407942242,38.059701492537314,29.954614220877456,29.86111111111111,35.040983606557376,30.701754385964914,0.7603541144044677,-52.855731558812465,7.012770084595072,-0.09350310976634546,-4.339229220592461,349.9583357664233,False,79.0,76.59071117561683,0.7716050479048271,-1.68726471953081,0.0030848112222793965,1.2504901581206018,0.2992623814541623,0.3365921787709497,0.3333333333333333,1998-10-04,28,0.15207082288089352
665839,"Valdez, Enmanuel",L,2024,30.906877837711434,31.62175069272577,-22.627972887955497,-22.80410335814471,62.63322545653891,63.30756906646251,-17.380207849884197,-18.078606472531767,34.87728452838791,34.14134566916092,339.0,63.0,188.0,36.0,307.9848313339451,287.4650229468599,23.93617021276596,22.22222222222222,25.679012345679013,40.845070422535215,18.58407079646018,30.158730158730158,-0.17613047018921435,-20.51980838708522,-1.713947990543737,15.166058076856203,11.57465936226998,304.6870049860207,False,68.0,69.62832861189801,1.2213484219077801,-1.4066104538395667,-1.9747161972462366,1.1516895745856595,0.27941176470588236,0.20398009950248755,0.23660714285714285,1998-12-28,26,-0.03522609403784287
665862,"Chisholm Jr., Jazz",L,2024,22.33091406323869,22.635448769760334,9.14733817671008,9.481329929320907,63.574939733637315,63.048991063642376,-2.7978185673023077,-2.903512384803347,30.288062285060356,30.33707223596167,776.0,388.0,411.0,210.0,334.9727271226689,285.47974965465994,24.330900243309003,24.761904761904763,28.875739644970416,29.438202247191008,27.706185567010312,26.03092783505155,0.33399175261082625,-49.492977468008974,0.43100451859575983,0.5624626022205916,-1.6752577319587623,318.23597145715866,False,71.0,70.91394422310758,1.1483240676912871,-0.38308085598897973,-2.851042157374209,1.1077583388010157,0.29069767441860467,0.27147766323024053,0.24476650563607086,1998-02-01,26,0.06679835052216525
665862,"Chisholm Jr., Jazz",L,2025,30.06350458263259,30.7475144694929,7.133840759202674,7.419170916950973,60.37105922526523,60.71370009795621,-4.271848565187036,-4.675726967103919,29.470754798760645,30.087858878569232,728.0,269.0,384.0,147.0,356.16969296066407,317.809193866077,29.166666666666668,24.489795918367346,26.634382566585955,26.10294117647059,31.043956043956044,30.111524163568777,0.28533015774829895,-38.360499094587055,-4.676870748299322,-0.531441390115365,-0.9324318803872664,345.55011976498736,False,71.0,72.86409989594172,0.43391021857215045,-0.30820819714670605,-2.8429714465144693,1.0199856381093144,0.2650273224043716,0.30792377131394183,0.2787193973634652,1998-02-01,27,0.05706603154965979
665862,"Chisholm Jr., Jazz",L,2026,27.47565550253963,29.43721067347576,-2.5017828641152104,-4.55210724657573,63.05854753163003,64.2958983066656,-0.7523616616613583,-1.7156900482293718,25.773520156107,25.356394683751798,673.0,297.0,369.0,157.0,319.70689430894305,235.6596178343949,26.82926829268293,35.03184713375796,27.96092796092796,31.699346405228756,26.300148588410106,32.659932659932664,-2.0503243824605195,-84.04727647454814,8.202578841075027,3.7384184443007946,6.359784071522558,294.6205399239543,False,71.0,71.97980561555076,0.6840653383478923,0.8190194852023773,-2.570852241214242,1.0042871654471413,0.2897777777777778,0.2824742268041237,0.29277566539923955,1998-02-01,28,-0.4100648764921039
665877,"Fermín, José",R,2026,30.937948926458663,31.567319189287677,-0.7887789008324179,-1.3661728181518582,44.24620960130522,41.999176377174734,-3.6798933418247786,-3.526690912718854,26.503611494453853,26.8020389269149,278.0,311.0,160.0,199.0,312.96462499999996,281.43378894472363,11.25,14.07035175879397,22.686567164179106,21.649484536082475,10.79136690647482,10.610932475884244,-0.5773939173194403,-31.530836055276325,2.8203517587939704,-1.0370826280966305,-0.1804344305905765,295.4865292479108,False,70.0,67.19710144927537,0.9528869167867183,0.443079748254491,-1.2931417290213463,0.09304493635254006,0.22130013831258644,0.10696095076400679,0.12813370473537605,1999-03-29,27,-0.11547878346388807
665923,"Ruiz, Esteury",R,2026,28.36882884095914,28.183942071024063,-13.620405824016371,-12.073168224744625,39.161253070980244,39.58381008478716,-7.708926022742368,-8.354136270289597,34.35609758848639,34.11657174527025,231.0,222.0,116.0,126.0,283.24786206896545,274.8730476190476,33.62068965517241,30.158730158730158,31.428571428571427,31.40495867768595,34.1991341991342,24.324324324324326,1.547237599271746,-8.374814449917835,-3.4619594964422546,-0.02361275088547643,-9.874809874809873,278.88742148760326,False,71.0,70.58014527845036,1.1044397208078542,0.8295836200084971,-0.22199674583761317,0.1794709453053083,0.31417624521072796,0.293598233995585,0.3181818181818182,1999-02-15,27,0.3094475198543492
665926,"Giménez, Andrés",L,2024,24.19541500318321,24.282738874717438,6.437424103088696,6.9675960308834926,43.41422786401178,42.606288750321994,-2.815096690205334,-2.8900185786204013,37.810015860965194,37.96306270203873,961.0,372.0,462.0,172.0,311.9527287092201,268.4770271282475,15.367965367965366,15.11627906976744,36.42691415313225,38.53820598006645,21.852237252861602,18.27956989247312,0.5301719277947967,-43.475701580972554,-0.2516862981979262,2.111291826934199,-3.5726673603884826,300.1580588796818,False,71.0,67.3265716680637,2.1628301935651844,-1.6698837258829446,0.161375984595947,0.1477631737379578,0.3697334479793637,0.20855213803450862,0.1529968454258675,1998-09-04,26,0.10603438555895935
665926,"Giménez, Andrés",L,2025,26.865114623159,27.332776322736912,-0.062470956915789654,0.7707437308184143,40.605204201054875,39.31391068018934,-8.608896447901428,-13.147622456369573,32.943377614111114,31.78832647624214,587.0,162.0,284.0,86.0,316.11525563858333,267.5843047735618,16.901408450704224,20.930232558139537,33.33333333333333,42.14876033057851,19.591141396933562,20.37037037037037,0.8332146877342039,-48.53095086502151,4.028824107435312,8.815426997245183,0.7792289734368083,304.8350886807675,False,71.0,68.32932011331445,0.7991445786642531,-1.0815894787827693,0.18860533687410685,-0.35771345256713416,0.3492537313432836,0.19759679572763686,0.1783783783783784,1998-09-04,27,0.16664293754684079
665926,"Giménez, Andrés",L,2026,25.99818600679934,26.121440043344816,4.334998762825215,4.3676464912504835,37.30265490701499,37.33474017968365,-9.877217076982907,-11.158730857699092,34.20010276608759,34.16352420314786,759.0,270.0,355.0,142.0,273.0494197183098,271.4832394366198,20.0,14.788732394366196,43.162393162393165,44.03292181069959,23.056653491436098,20.37037037037037,0.03264772842526842,-1.5661802816900376,-5.211267605633804,0.8705286483064256,-2.6862831210657276,272.60193963782694,False,71.0,67.36497890295358,0.9655708451458973,-1.4215761328323064,0.1180043774590406,-0.4695929255806569,0.43386243386243384,0.22351797862001943,0.1851106639839034,1998-09-04,28,0.006529545685053683
665953,"Chaparro, Andrés",R,2024,28.676602642683513,29.14118753119116,8.879240977733579,9.49115640454848,37.30026187480009,39.91096221028993,-34.03276134504383,-35.488474056630366,31.946107555443213,30.874674210549315,96.0,185.0,45.0,88.0,413.7484040823791,243.40849790529904,20.0,17.045454545454543,32.69230769230769,31.097560975609756,17.708333333333336,24.324324324324326,0.6119154268149014,-170.33990617708008,-2.954545454545457,-1.5947467166979372,6.615990990990991,301.04230074716827,False,,,,,,,,,,1999-05-04,25,0.12238308536298029
665953,"Chaparro, Andrés",R,2026,26.18249970465947,26.024623767797312,2.954745990526518,1.3227969255777146,38.601594236808126,41.11209160477022,-25.28146565817635,-22.39185169553582,30.261432673208457,29.06451079840023,244.0,164.0,139.0,78.0,361.1010071942446,310.6579487179488,23.741007194244602,21.794871794871796,30.065359477124183,35.44303797468354,30.327868852459016,30.48780487804878,-1.6319490649488035,-50.44305847629579,-1.9461353993728068,5.377678497559359,0.15993602558976505,342.969400921659,False,72.0,73.59766233766233,-1.0446895119793862,-0.19320612491122352,1.424250600707753,-0.9612653564986254,0.31896551724137934,0.30392156862745096,0.2304147465437788,1999-05-04,27,-0.3263898129897607
665966,"Narváez, Carlos",R,2025,24.761307477485506,25.162531711955694,9.529005311903703,9.799437627311374,40.85859082678,41.52280627979781,-21.6888522090005,-21.770625907275083,25.87359103152798,26.189223323855,257.0,636.0,130.0,316.0,327.08923617047543,278.96940893869237,21.53846153846154,26.265822784810126,29.1044776119403,29.363784665579118,25.291828793774318,25.471698113207548,0.2704323154076711,-48.11982723178306,4.727361246348586,0.25930705363881756,0.17986931943323015,292.9953675488534,False,71.0,71.47526132404181,-1.8031342688512395,-0.4095388568082169,1.3762953479715123,-1.2792795516801654,0.29284903518728717,0.2541993281075028,0.24887892376681614,1998-11-26,27,0.05408646308153422
665966,"Narváez, Carlos",R,2026,25.90003995680501,26.0099127707644,9.79313676141887,9.516912647776342,41.03545003242403,39.73999568711947,-18.157026498982194,-21.284424481284983,29.008885659877688,28.986608814633854,165.0,407.0,76.0,201.0,225.74105263157892,273.2966368159204,28.947368421052634,33.83084577114428,30.72289156626506,32.992327365728904,29.6969696969697,32.67813267813268,-0.2762241136425274,47.555584184341484,4.883477350091649,2.269435799463846,2.981162981162978,260.2488953068592,False,71.0,71.3868029739777,-1.4210336227055498,-0.7163425748584433,1.2691220553587268,-1.1896149744247868,0.3231597845601436,0.3181818181818182,0.3249097472924188,1998-11-26,28,-0.055244822728505484
666018,"Aranda, Jonathan",L,2025,27.219308552697196,27.35749619106689,6.891542082860896,6.488150347435628,32.67735350754935,31.965389821477295,-16.683348758311453,-17.16974441002884,31.252038252828232,31.292246946408614,678.0,157.0,324.0,98.0,405.9069757232025,291.39545021645023,24.691358024691358,27.55102040816326,29.411764705882355,23.243243243243246,22.566371681415927,24.203821656050955,-0.4033917354252683,-114.51152550675226,2.8596623834719033,-6.168521462639109,1.6374499746350288,379.3142517903548,False,72.0,69.55320754716982,0.8319982808574444,-0.7948896557785129,0.910134066940663,0.22233467452895928,0.28038507821901326,0.22874251497005987,0.25355450236966826,1998-05-23,27,-0.08067834708505366
666018,"Aranda, Jonathan",L,2026,26.357907429972705,26.655491544257885,9.39423654000751,8.297038655614243,30.594810890823958,29.220701835210498,-14.778887227906162,-15.240912966060714,32.11245491595878,32.11160171539938,891.0,326.0,469.0,184.0,357.68339445629,310.69526086956523,22.388059701492537,27.717391304347828,30.4,24.641833810888254,18.967452300785634,20.858895705521473,-1.0971978843932675,-46.98813358672476,5.329331602855291,-5.758166189111744,1.8914434047358384,344.44324655436446,False,72.0,69.44147186147185,0.9723749649868887,-1.1364383181638955,0.9790006884972622,-0.007739062595293305,0.28910303928836173,0.19474116680361545,0.23889739663093415,1998-05-23,28,-0.2194395768786535
666023,"Fermin, Freddy",R,2024,28.596041307832753,29.05079939889047,-0.3085792615505594,0.6293326641603221,47.916630386000435,50.176900649933486,-2.397777849247834,-2.905205160489821,30.546359020433883,30.656900155245747,236.0,494.0,122.0,247.0,315.3651777907885,261.87903861064973,15.573770491803279,19.02834008097166,33.07692307692307,29.65235173824131,22.88135593220339,19.838056680161944,0.9379119257108814,-53.486139180138764,3.454569589168381,-3.424571338681762,-3.0432992520414466,279.5628027840289,False,70.0,70.13272450532725,0.9517280491430088,0.5037215902671581,-1.6329007154252675,0.42049522898508157,0.308411214953271,0.20821917808219179,0.17886178861788618,1995-05-16,29,0.1875823851421763
666023,"Fermin, Freddy",R,2025,28.608059193387504,29.297748187908912,3.220954067852832,4.982567858239764,45.07142937635092,47.26755069153225,-3.2403274668254154,-3.628549988083211,31.094970482191986,31.058716362559164,216.0,503.0,108.0,240.0,289.6490842506593,265.73577145369967,20.37037037037037,17.916666666666668,32.663316582914575,30.114942528735632,27.314814814814813,19.880715705765407,1.761613790386932,-23.913312796959644,-2.4537037037037024,-2.548374054178943,-7.434099109049406,273.1571443906871,False,70.0,68.8518740629685,1.1130836632029137,-0.021136834291509872,-1.176908658526954,0.5856116396511265,0.30914826498422715,0.2211404728789986,0.1867816091954023,1995-05-16,30,0.3523227580773864
666023,"Fermin, Freddy",R,2026,27.20881299849576,26.853719164103655,5.261812098986208,6.350777683314747,47.172692916083825,47.84807422918307,-5.652519059014892,-5.97486656174737,29.57006826424502,29.052613503401407,138.0,367.0,74.0,186.0,262.64567567567565,280.76006451612903,20.27027027027027,21.50537634408602,29.28571428571429,34.9869451697128,21.73913043478261,25.61307901907357,1.0889655843285393,18.114388840453387,1.23510607381575,5.701230883998509,3.873948584290961,275.60443076923076,False,70.0,69.01157205240175,0.5907199854441831,0.3855342835407649,-0.8224215552885921,0.6533604837513768,0.33460803059273425,0.24554455445544554,0.21153846153846154,1995-05-16,31,0.21779311686570785
666134,"Jones, Nolan",L,2024,25.881717257515035,26.312734379751557,12.38718968542069,14.436424257687863,32.12811054415197,31.54463849860343,-8.681180266952298,-10.812657458489786,32.256045335783405,32.5651165622564,360.0,159.0,205.0,92.0,313.90690988994874,239.94037510656432,28.780487804878046,34.78260869565217,21.961620469083158,24.69879518072289,22.77777777777778,25.157232704402517,2.0492345722671725,-73.96653478338442,6.002120890774126,2.7371747116397316,2.3794549266247387,290.99471729711587,False,76.0,69.76270022883295,0.319252053684014,-0.5368925346361475,0.9990419169154127,-0.5384513017120394,0.22677165354330708,0.2350674373795761,0.3063973063973064,1998-05-07,26,0.4098469144534345
666134,"Jones, Nolan",L,2025,27.089100718574386,27.12178949834721,10.472211074738137,10.642725368017883,31.207553264860195,31.922567392436374,-6.008975752540578,-6.994348741687688,29.865752755331606,29.56423055937007,622.0,164.0,322.0,85.0,318.60580764823806,215.00124064171123,25.15527950310559,37.64705882352941,25.88996763754045,29.47976878612717,23.79421221864952,27.439024390243905,0.1705142932797461,-103.60456700652682,12.491779320423824,3.5898011485867194,3.644812171594385,296.9684902144425,False,76.0,71.6530585106383,0.0782031855274717,0.18845509224165893,0.9150401549460481,-0.3865175138368351,0.2667509481668774,0.2455470737913486,0.27764127764127766,1998-05-07,27,0.03410285865594922
666139,"Lowe, Josh",L,2024,21.51448990453168,22.776483901278464,0.38578776617121047,-1.8730861750710777,48.11527497134815,48.36816276031178,-1.4947490659160736,-1.4682002018974158,30.729249697777725,31.034211184421434,749.0,108.0,338.0,50.0,307.08670353885225,216.05656695652172,31.360946745562128,34.0,32.47631935047362,40.816326530612244,26.56875834445928,30.555555555555557,-2.258873941242288,-91.03013658233053,2.639053254437872,8.340007180138628,3.9867972110962775,295.35601583494366,False,75.0,72.42021791767554,1.6220009373864466,0.6904726075213689,1.5217648127143892,1.1301734287187413,0.3345280764635603,0.2707117852975496,0.3170103092783505,1998-02-02,26,-0.4517747882484576
666139,"Lowe, Josh",L,2025,24.481933699802095,24.557136402825584,3.9886689265231072,3.151767205857131,46.56731194041328,46.43831817763341,-6.316132087511518,-5.461182647521313,33.81270298297852,35.10086397561647,723.0,276.0,311.0,125.0,322.694127300748,220.86576073371288,22.508038585209004,31.2,36.96969696969697,36.904761904761905,22.544951590594746,30.79710144927536,-0.8369017206659763,-101.82836656703512,8.691961414790995,-0.06493506493506374,8.252149858680614,293.50021486753843,False,75.0,71.50658174097664,1.8194003480548828,-0.13132193408810203,0.9479417042881911,1.1051688099993369,0.36951754385964913,0.24824824824824826,0.25,1998-02-02,27,-0.16738034413319527
666139,"Lowe, Josh",L,2026,25.010326285504092,25.919507391985167,-4.911718781312524,-5.692171071632123,45.31394721561092,48.291120572410996,-7.710570080675575,-7.779252130399562,32.88382837903093,32.61416067327304,660.0,106.0,275.0,51.0,307.0444218181819,195.08062745098036,29.09090909090909,31.372549019607842,35.294117647058826,33.00970873786408,29.242424242424242,30.18867924528302,-0.7804522903195998,-111.96379436720153,2.281639928698752,-2.2844089091947453,0.9462550028587771,289.52861349693256,False,75.0,72.77129380053908,1.6308473426175596,0.1500525479604017,1.1053417189111125,0.8445119582474154,0.34972677595628415,0.293733681462141,0.294478527607362,1998-02-02,28,-0.15609045806391997
666149,"Fitzgerald, Tyler",R,2024,27.914184159603252,27.992562507256626,-1.8001596287241004,-1.0719503652825708,38.24647594536897,38.38587262825437,-5.701272636351222,-5.028761395956209,32.417973759996165,31.3007481675345,227.0,393.0,116.0,225.0,344.20717962603595,264.12638581739435,29.310344827586203,32.88888888888889,26.31578947368421,26.904761904761905,26.431718061674008,31.806615776081426,0.7282092634415296,-80.0807938086416,3.57854406130269,0.5889724310776963,5.3748977144074175,291.3679461745862,False,74.0,69.5339527027027,1.2070282406336872,-0.392820875568865,-1.5425748864367321,-0.12848860259499367,0.26697530864197533,0.29838709677419356,0.31671554252199413,1997-09-15,27,0.14564185268830593
666149,"Fitzgerald, Tyler",R,2025,27.322764923259076,27.785859481561804,-0.09869581279459594,1.7489566298781527,36.153106483395966,37.2641350518075,-2.1527430399225786,-2.4625106284721223,33.311610289569046,33.694474621344476,156.0,322.0,75.0,168.0,245.9068184126984,247.47854699703683,32.0,27.380952380952383,31.666666666666664,32.73381294964029,32.69230769230769,28.26086956521739,1.8476524426727488,1.5717285843384161,-4.619047619047617,1.0671462829736242,-4.431438127090303,246.99344558211757,False,74.0,68.45078651685392,1.53972803608248,-0.46276042030673625,-1.1921066567777505,0.013062298731890574,0.3231441048034934,0.29707112970711297,0.2880658436213992,1997-09-15,28,0.36953048853454973
666150,"Fletcher, Dominic",L,2024,31.466739373803254,32.351669873701674,16.490493978693017,18.129951921249244,37.67724428487417,38.00660912034607,-1.365901296350222,-3.363060820679491,35.46920360472998,35.563298749056145,326.0,96.0,183.0,58.0,246.53746915648992,271.1035459770115,24.043715846994534,24.137931034482758,33.86581469648562,28.333333333333332,17.484662576687114,22.916666666666664,1.639457942556227,24.566076820521573,0.09421518748822422,-5.532481363152289,5.43200408997955,252.44963702200963,False,68.0,65.77376623376624,0.470960097525685,-0.5089741826535673,-1.0779980547286085,-0.31614512620694046,0.3233256351039261,0.1872037914691943,0.24066390041493776,1997-09-02,27,0.3278915885112454
666152,"Hamilton, David",L,2024,24.516585122408582,24.376694261676793,-3.0363608680262058,-3.8015135076030333,31.184369736905417,31.171702969302544,-0.14476187225414744,0.3630810595016944,23.989290606710156,24.09089953508334,449.0,85.0,268.0,51.0,291.1818929044974,242.4177734204793,23.134328358208954,35.294117647058826,22.540983606557376,35.0,21.380846325167038,30.58823529411765,-0.7651526395768276,-48.76411948401807,12.159789288849872,12.459016393442624,9.20738896895061,283.3857484101873,False,70.0,68.15040322580644,1.3834968962564596,1.650663694812958,-0.8312767815294716,-0.7028392615008464,0.24295774647887325,0.22846441947565543,0.2507836990595611,1997-09-29,27,-0.1530305279153655
666152,"Hamilton, David",L,2026,22.43640489035759,22.876374432824562,-4.723740826152705,-5.209827976271961,32.11565896469171,32.71252924394538,0.5857915269112393,-0.3570629218118729,24.76234096603023,23.652799452894953,533.0,115.0,297.0,74.0,276.5219259259259,242.48264864864868,21.21212121212121,24.324324324324326,28.524046434494192,30.985915492957744,19.324577861163228,25.217391304347824,-0.4860871501192561,-34.03927727727725,3.1122031122031153,2.4618690584635523,5.892813443184597,269.7324204851752,False,70.0,68.68330341113105,1.9188477300332445,1.3494499076909363,-0.23134196131756601,-0.5916567069224143,0.28993288590604027,0.2037037037037037,0.2183288409703504,1997-09-29,29,-0.09721743002385122
666158,"Lux, Gavin",L,2024,33.58414791346585,33.44158052478867,4.418979700834948,6.0972204160508605,26.292773869252763,27.2973741682204,-1.4863762690488267,-2.913375716040335,30.33333397813092,32.47771085669337,789.0,84.0,439.0,50.0,324.86679135116174,237.34724858934172,21.184510250569478,34.0,24.88738738738739,19.565217391304348,19.26489226869455,34.523809523809526,1.678240715215913,-87.51954276182002,12.815489749430522,-5.322169996083041,15.258917255114977,315.91796284790814,False,71.0,70.45372945638432,0.6294337213918674,1.8268378260302607,0.6795239962564863,-0.5045087934553325,0.24387755102040817,0.2073310423825888,0.2249488752556237,1997-11-23,27,0.3356481430431826
666158,"Lux, Gavin",L,2025,33.198992422800146,33.783577880645694,7.586306618775297,7.33357742770178,26.385895506560704,29.26497912628763,-6.675974246387777,-11.914428376792642,31.90840801751708,28.712125550553736,765.0,109.0,442.0,63.0,301.37834660888177,269.97102401302396,21.49321266968326,30.158730158730158,19.47608200455581,20.0,17.77777777777778,25.688073394495415,-0.25272919107351743,-31.407322595857806,8.665517489046898,0.5239179954441902,7.910295616717637,297.46020537415103,False,71.0,68.85816203143894,0.276851285102769,1.0495398291857667,0.5622775920513869,-0.19709071181841362,0.19536757301107754,0.18764302059496568,0.22574257425742575,1997-11-23,28,-0.05054583821470349
666160,"Moniak, Mickey",L,2024,25.456880973381033,24.696672422238766,2.4928205129858605,7.175452637591269,44.99666597989702,46.25638009085198,-11.021699964093534,-11.476069807402952,33.812243816872275,35.70317618073546,790.0,68.0,383.0,35.0,287.46742485231096,231.12573333333336,26.631853785900784,34.285714285714285,37.9020979020979,48.61111111111111,26.962025316455694,32.35294117647059,4.682632124605409,-56.3416915189776,7.653860499813501,10.709013209013207,5.390915860014893,282.74981910311425,False,73.0,72.24202192448233,1.6585159527680489,-1.1787675621957838,0.611700716376599,0.6270060978442589,0.38881829733163914,0.2738927738927739,0.2727272727272727,1998-05-13,26,0.9365264249210817
666160,"Moniak, Mickey",L,2025,25.754923333705772,25.902954602920826,2.1892701714776357,1.5454801924501878,42.950587995069064,43.200436964545354,-8.60580796074203,-10.412432509884663,31.88492913704009,32.021979073095814,796.0,100.0,401.0,60.0,341.8317776402042,285.5178188463583,22.693266832917704,31.666666666666664,39.26470588235294,28.82882882882883,26.13065326633166,26.0,-0.643789979027448,-56.31395879384593,8.97339983374896,-10.435877053524113,-0.13065326633165952,334.50241207050635,False,73.0,72.95202312138728,1.5263945047596859,-0.7680987247220993,0.260026072954191,0.3331268590784217,0.3780025284450063,0.2611607142857143,0.2386117136659436,1998-05-13,27,-0.12875799580548958
666160,"Moniak, Mickey",L,2026,26.213198310374306,26.071315377096404,0.17004823400468805,2.8051647193308673,46.94653090573179,48.08851069816377,-3.681011388297764,-4.122138754089527,32.440083500143615,33.209442057585264,714.0,164.0,340.0,89.0,298.1047411764706,198.102202247191,26.176470588235297,33.70786516853933,43.188854489164086,45.22292993630573,27.310924369747898,31.097560975609756,2.6351164853261793,-100.00253892927961,7.531394580304031,2.034075447141646,3.786636605861858,277.35829370629375,False,73.0,73.48525943396227,1.925280418315349,-0.383117961809386,-0.27406394926901595,0.5613862298878985,0.43586550435865506,0.28018223234624146,0.2773892773892774,1998-05-13,28,0.5270232970652359
666176,"Adell, Jo",R,2024,25.205295006938375,25.16640209319882,6.690622864403377,7.480404143289436,39.83609942161776,42.17154522933818,-1.6050525128542994,-2.0221789471728555,33.42575271229571,34.087388619666704,216.0,699.0,105.0,346.0,385.07330524451004,291.0971901638024,20.0,30.346820809248555,28.240740740740737,30.282637954239572,30.555555555555557,27.181688125894134,0.7897812788860596,-93.97611508070764,10.346820809248555,2.041897213498835,-3.3738674296614235,312.9763300384683,False,74.0,75.67097902097902,1.451960547206446,0.4605184891600624,0.052573824918778135,-0.03316663741108061,0.29822732012513037,0.2797814207650273,0.2793791574279379,1999-04-08,25,0.15795625577721192
666176,"Adell, Jo",R,2025,26.049268947642954,26.091110808483855,14.972206174370879,15.5146420998959,45.13956884295173,47.8467512644363,-11.580400866802348,-11.563262135125765,38.2155043531588,38.136934507980286,218.0,949.0,104.0,469.0,382.90050776250706,362.92032354506847,23.076923076923077,27.078891257995735,29.107981220657276,33.22751322751323,24.31192660550459,26.97576396206533,0.5424359255250213,-19.98018421743859,4.001968181072659,4.119532006855952,2.663837356560741,366.5467444152493,False,74.0,76.76850678733031,0.8021232720122089,-1.3241301375281875,0.00025085489682840696,0.7281804965968047,0.32469775474956825,0.2647814910025707,0.26352530541012215,1999-04-08,26,0.10848718510500426
666176,"Adell, Jo",R,2026,25.56523031353333,25.584144266946236,6.599430909275853,7.425250162816931,45.292115455951226,47.79889282886088,-9.813565986070587,-10.094437891610102,39.58628907573842,39.61338881374657,386.0,948.0,179.0,461.0,396.07521787709504,294.6670629067244,22.3463687150838,24.945770065075923,36.72316384180791,35.07692307692308,28.756476683937827,24.68354430379747,0.825819253541078,-101.40815497037062,2.5994013499921245,-1.6462407648848298,-4.072932380140358,323.02965624999996,False,74.0,76.51172305271439,0.9528712201269686,-1.3357429781690604,0.21490382867337465,0.14878303390150843,0.3551542513167795,0.25862068965517243,0.2421875,1999-04-08,27,0.1651638507082156
666181,"Benson, Will",L,2024,26.36971378154499,26.115740295810593,0.23563851546703776,1.3072221569493319,36.12032728040795,36.868042806476275,4.363675654859018,5.180153489116388,31.620806594648933,31.815507283759217,650.0,136.0,317.0,71.0,271.8648838327895,270.0326672392076,41.6403785488959,30.985915492957744,21.984732824427482,21.678321678321677,36.769230769230774,31.61764705882353,1.0715836414822941,-1.8322165935818475,-10.654463055938159,-0.30641114610580544,-5.151583710407245,271.5296070849949,False,76.0,71.36950867052023,2.4927992716238005,0.37040268047189223,-0.12507690661846743,-0.5362777639564574,0.21929824561403508,0.35877862595419846,0.39690721649484534,1998-06-16,26,0.2143167282964588
666182,"Bichette, Bo",R,2024,28.894231909036158,29.706424425475415,-15.077131308296027,-13.063271357051185,52.56120283005791,51.824509096169464,1.4156530279482555,1.32946296818797,30.52806046529997,30.427272193225175,136.0,533.0,62.0,274.0,326.36315486247764,300.7183563791136,16.129032258064516,19.708029197080293,39.09090909090909,36.36363636363637,11.76470588235294,21.575984990619137,2.013859951244841,-25.64479848336407,3.578996939015777,-2.7272727272727266,9.811279108266197,305.45043228973435,False,71.0,69.46802841918294,1.691037857389211,1.6402759603188823,-3.7940295968744358,-0.1674638961816947,0.3686868686868687,0.19581464872944693,0.19047619047619047,1998-03-05,26,0.40277199024896826
666182,"Bichette, Bo",R,2025,27.552122727967504,27.311980631590988,-13.152773001843649,-13.881417737058115,52.49769362380595,52.071602380010646,2.7629748761409854,2.368642732761896,33.476951830261655,33.86525008641146,294.0,931.0,139.0,491.0,363.52982578195116,347.40660229893183,10.071942446043165,15.682281059063136,40.0,33.47873500545256,16.3265306122449,17.078410311493016,-0.7286447352144663,-16.12322348301933,5.610338613019971,-6.521264994547437,0.7518796992481178,350.96394843248686,False,71.0,68.27969858156028,2.135425506601463,1.406057597665794,-3.1727585529732156,-0.6218910250341886,0.34962089300758215,0.1689795918367347,0.14444444444444443,1998-03-05,27,-0.14572894704289324
666182,"Bichette, Bo",R,2026,27.523562522546214,27.538366822381978,-9.44906517986281,-9.562334720102806,51.38105543637928,53.38096996490084,0.6646960347761149,0.25027557061109607,33.37248746923895,32.941941581317664,382.0,956.0,185.0,487.0,360.39703783783784,315.0351293634497,17.2972972972973,18.8911704312115,40.09661835748793,41.33192389006343,14.921465968586386,17.782426778242677,-0.11326954023999569,-45.361908474388144,1.593873133914201,1.2353055325755022,2.860960809656291,327.5231547619048,False,71.0,68.78045705279747,1.506208897497802,1.0900533516830377,-2.7900347460342236,-1.03189589148321,0.40955882352941175,0.1696562032884903,0.18452380952380953,1998-03-05,28,-0.02265390804799914
666211,"Trammell, Taylor",L,2026,29.91415667219649,31.485267194939265,-12.258714826171238,-7.152648604079429,42.47081742637462,47.80838936370938,-23.184332725457313,-24.55507474363679,30.486358472410238,29.787940687077917,441.0,71.0,237.0,41.0,311.6638312236287,192.62565853658538,31.645569620253166,24.390243902439025,28.177966101694917,25.333333333333336,36.961451247165535,32.3943661971831,5.106066222091808,-119.0381726870433,-7.2553257178141415,-2.8446327683615813,-4.567085049982431,294.1078417266187,False,73.0,75.67900207900207,-0.12590826652957926,-0.10749813129008895,-0.5173660957447379,0.5038703466206687,0.27787934186471663,0.36328125,0.3057553956834532,1997-09-13,29,1.0212132444183617
666310,"Naylor, Bo",L,2024,27.442380030951668,27.512549891204497,-1.2883529032917607,2.389538955818316,29.09723545466464,29.379085358556335,-28.853028419526588,-29.11432216074104,25.741701661154465,26.213860143791653,623.0,137.0,313.0,78.0,267.10919528445265,243.9690789740763,31.629392971246006,29.48717948717949,27.647058823529413,27.419354838709676,26.80577849117175,24.817518248175183,3.6778918591100767,-23.140116310376357,-2.1422134840665166,-0.22770398481973686,-1.9882602429965672,262.4930083990067,False,69.0,69.80287769784172,-1.296774973230824,0.273953975225735,1.2835007224506985,-1.4441936622389326,0.27611940298507465,0.2644736842105263,0.31202046035805625,2000-02-21,24,0.7355783718220154
666310,"Naylor, Bo",L,2025,27.10646555785903,27.59418988116859,8.953607272301138,11.418685399153132,30.52585617453932,30.738382137486848,-18.530149091968052,-19.87094567944296,31.51639180589589,31.347985789344822,624.0,167.0,329.0,85.0,304.8710933011534,239.98732458521874,26.13981762917933,15.294117647058824,24.691358024691358,33.33333333333333,20.51282051282051,19.760479041916167,2.465078126851994,-64.88376871593465,-10.845699982120506,8.641975308641971,-0.7523414709043443,291.54954658411367,False,69.0,71.59575033200531,-0.33181987695944065,-0.6277219738843965,1.7771060732149155,-1.4434875032869174,0.26208651399491095,0.20353982300884957,0.2391304347826087,2000-02-21,25,0.4930156253703988
666397,"Julien, Edouard",L,2025,28.886808570663646,29.300393285090923,11.71872791079195,10.515436028006123,43.39140991898474,42.5918514392526,-3.4390196424390362,-3.9656665013767114,33.44272249330735,32.48443867197166,282.0,71.0,163.0,46.0,340.2136588635125,279.68189030878705,28.834355828220858,30.434782608695656,19.596541786743515,21.052631578947366,24.822695035460992,23.943661971830984,-1.2032918827858268,-60.53176855472543,1.6004267804747982,1.4560897922038514,-0.8790330636300077,326.89087726773556,False,73.0,69.394395280236,1.182234515779419,0.3024486778247947,0.04866465750003877,0.9668000012429022,0.19909502262443438,0.24645892351274787,0.291866028708134,1999-04-30,26,-0.24065837655716535
666464,"Encarnacion, Jerar",R,2024,28.20557718982933,27.894145554764386,-10.002613968626557,-10.296535734028103,28.276185020749242,28.105347349016085,-0.8315911893190172,0.10240130265407259,31.332227189689192,30.993434227284496,79.0,158.0,44.0,75.0,315.7954075167257,381.303643139648,29.545454545454547,28.000000000000004,32.142857142857146,36.486486486486484,29.11392405063291,24.68354430379747,-0.2939217654015458,65.50823562292231,-1.5454545454545432,4.343629343629338,-4.430379746835442,357.08211064041626,False,,,,,,,,,,1997-10-22,27,-0.05878435308030916
666624,"Morel, Christopher",R,2024,27.259695775829314,27.102408427309243,12.658252790451531,12.188539357818952,42.92734155185823,44.20533390152034,-19.428385467857677,-18.252158822670868,22.53917752760787,22.82810523808711,227.0,878.0,128.0,484.0,297.54360855247796,320.2163704563765,24.21875,26.446280991735538,25.76419213973799,26.149131767109296,31.277533039647576,31.776765375854215,-0.46971343263257914,22.67276190389856,2.227530991735538,0.38493962737130616,0.49923233620663865,315.4743548947768,False,72.0,75.2769833496572,-1.043799733111826,0.9513918011574077,1.157557388880233,0.9479696264148711,0.26076158940397354,0.3167420814479638,0.25980392156862747,1999-06-24,25,-0.09394268652651583
666624,"Morel, Christopher",R,2025,27.54818995080361,27.31379004379728,13.737695967840578,14.441019259762008,47.85662990699018,48.61722186364471,-20.08884507121132,-20.100031907598694,24.210403466632766,24.20782491639593,338.0,295.0,160.0,146.0,273.0232948102924,336.27251871188116,35.0,36.3013698630137,29.154518950437318,33.33333333333333,33.43195266272189,40.0,0.7033232919214303,63.24922390158878,1.3013698630136972,4.178814382896011,6.568047337278109,303.20102909013536,False,72.0,74.97758913412564,-1.3677599039973272,0.5889148118215993,0.8040350942295327,1.2417305445846494,0.31006493506493504,0.36492890995260663,0.3562091503267974,1999-06-24,26,0.14066465838428605
666624,"Morel, Christopher",R,2026,26.5643167570023,25.686989215532105,14.251954456913497,14.122048983855931,38.96762881055007,40.87716371210578,-20.66241647686993,-20.554175107604724,23.51707352052919,24.097219235334205,77.0,105.0,42.0,60.0,179.70371428571426,240.98786666666663,38.095238095238095,30.0,40.27777777777778,31.62393162393162,35.064935064935064,29.523809523809526,-0.1299054730575655,61.28415238095238,-8.095238095238095,-8.653846153846157,-5.541125541125538,215.75321568627444,False,,,,,,,,,,1999-06-24,27,-0.0259810946115131
666915,"Dalbec, Bobby",R,2024,27.867764622583003,28.259944669293287,3.605861907349893,5.028157740600128,36.77100310804536,40.27816085815908,-6.8830203144667825,-8.147413281562361,23.000815496009714,22.660257593542884,81.0,113.0,39.0,54.0,156.5998205128205,204.253853909465,53.84615384615385,40.74074074074074,24.444444444444443,30.701754385964914,44.44444444444444,36.283185840707965,1.4222958332502351,47.65403339664451,-13.105413105413106,6.257309941520472,-8.161258603736478,184.26990442054955,False,,,,,,,,,,1995-06-29,29,0.284459166650047
666969,"García, Adolis",R,2024,28.19673771509525,28.6327031193443,-20.4133950502631,-20.345757232065186,35.66937817762369,36.25262737733056,-15.823954122118273,-15.215889609277026,31.108970460081036,31.305450833614856,346.0,972.0,162.0,475.0,299.65203638205264,311.64599781984816,30.864197530864196,26.736842105263158,33.33333333333333,33.64485981308411,26.878612716763005,34.15637860082305,0.06763781819791603,11.99396143779552,-4.1273554256010385,0.31152647975078196,7.277765884060042,308.5957281920258,False,72.0,71.04259567387687,0.5004455881923542,0.45348051447346793,-0.5713170096429127,-1.4636351668220202,0.3357245337159254,0.3224582701062215,0.2778649921507064,1993-03-02,31,0.013527563639583207
666969,"García, Adolis",R,2025,29.03770069054901,29.064844301423776,-14.382966491062131,-14.881891392753468,31.934087061695568,34.00572108012116,-16.494059212682192,-16.74207642119008,29.158392701568744,29.18179006588784,312.0,810.0,145.0,404.0,288.65577931881046,306.96603875246956,30.344827586206897,22.524752475247524,35.69023569023569,35.618115055079556,28.205128205128204,28.14814814814815,-0.4989249016913373,18.3102594336591,-7.8200751109593725,-0.0721206351561321,-0.05698005698005559,302.1299957326507,False,72.0,71.2213691026827,-0.04581916237665864,0.5427240067022077,-0.4520177623268557,-1.0812519170126027,0.35637342908438063,0.2816399286987522,0.2459016393442623,1993-03-02,32,-0.09978498033826746
666969,"García, Adolis",R,2026,30.637398225405054,29.69173733505131,-14.120949023098191,-12.575264538963637,31.316555547982652,35.09149592328732,-17.469135959155743,-17.582018924938904,28.423578722145663,28.780725317283753,128.0,363.0,68.0,191.0,365.2565882352941,268.14238743455496,23.52941176470588,35.602094240837694,28.37837837837838,30.2540415704388,25.0,33.608815426997246,1.5456844841345543,-97.11420080073913,12.072682476131813,1.875663192060422,8.608815426997246,293.6395521235521,False,72.0,70.73088235294118,-0.1846069329267184,0.4087053892965043,-0.05936455082168733,-1.1096587216881169,0.2977624784853701,0.3136456211812627,0.32432432432432434,1993-03-02,33,0.30913689682691087
666971,"Gurriel Jr., Lourdes",R,2024,29.000924925997026,29.0380080039423,5.1390018601378245,4.523977445215137,19.601708281254083,18.699316784750298,-11.622508743996999,-11.833613114217279,25.683720967416104,25.402955901364024,337.0,725.0,173.0,381.0,370.00331982990207,303.55344437976754,18.497109826589593,18.11023622047244,35.8433734939759,31.380753138075313,17.804154302670625,19.310344827586206,-0.6150244149226873,-66.44987545013453,-0.3868736061171525,-4.46262035590059,1.5061905249155814,324.3040372549901,False,75.0,69.69456066945607,-0.4774289983896749,0.4073392545488265,-0.9695326523573629,-1.432164465799242,0.3279313632030505,0.18832391713747645,0.18231046931407943,1993-10-10,31,-0.12300488298453746
666971,"Gurriel Jr., Lourdes",R,2025,28.735252120276588,28.777539416326633,9.186148900808048,8.39542280171794,17.91146785157621,16.874269936405224,-14.874008353372991,-14.705911801243875,24.78967658263858,24.781979288850646,316.0,725.0,156.0,391.0,335.65070514788675,305.2411033007258,7.6923076923076925,16.36828644501279,35.41666666666667,34.47782546494993,17.088607594936708,19.724137931034484,-0.7907260990901079,-30.409601847160957,8.675978752705095,-0.9388412017167411,2.6355303360977764,313.9136771364792,False,75.0,69.7308926780341,-0.7934270472038326,0.28552141559073474,-0.6823852490889618,-1.3694297396992805,0.3475177304964539,0.18924111431316043,0.13893967093235832,1993-10-10,32,-0.1581452198180216
666971,"Gurriel Jr., Lourdes",R,2026,28.97287009764165,29.3590719691075,9.58691647430174,7.977849086501095,21.171246560049127,17.988206437840436,-13.950803484136125,-14.319750754182277,23.517677457400808,23.163607613082156,112.0,272.0,54.0,147.0,297.1893333333333,264.56680272108844,12.962962962962962,21.08843537414966,45.76271186440678,38.652482269503544,23.214285714285715,20.955882352941178,-1.6090673878006445,-32.62253061224487,8.1254724111867,-7.110229594903238,-2.258403361344538,273.3310646766169,False,75.0,70.17621776504298,-0.7589023971862616,0.6182798191918212,-0.3185914165168282,-1.1953485313075753,0.4075,0.21614583333333334,0.1890547263681592,1993-10-10,33,-0.3218134775601289
667452,"Julks, Corey",R,2024,30.944559473735094,31.670010771361053,5.286751194916188,3.9529793053704108,38.17503691656679,38.236880818197726,-17.132953414975553,-16.89118273406656,27.47845845777921,27.640199172070425,165.0,186.0,91.0,98.0,278.3318551448551,261.61374388876436,30.76923076923077,22.448979591836736,31.57894736842105,30.18867924528302,26.666666666666668,21.50537634408602,-1.333771889545777,-16.718111256090765,-8.320251177394034,-1.390268123138032,-5.161290322580648,269.6632048639192,False,71.0,69.80909090909091,-0.49770991465276054,0.17891263909614463,0.3006422166012898,-0.8702232043274299,0.30809399477806787,0.23931623931623933,0.26455026455026454,1996-02-27,28,-0.2667543779091554
667472,"Myers, Dane",R,2024,31.63985916862991,31.981243466784978,14.151796655043205,9.986238323647086,29.413272751083714,28.47504543614398,-15.907701816328176,-13.34524615971034,21.787626055913467,19.506233228616292,106.0,77.0,66.0,42.0,325.18825808867524,285.65114960856135,28.78787878787879,40.476190476190474,25.71428571428571,25.0,25.471698113207548,27.27272727272727,-4.165558331396118,-39.537108480113886,11.688311688311686,-0.7142857142857117,1.8010291595197216,309.81271590196434,False,,,,,,,,,,1996-03-08,28,-0.8331116662792237
667472,"Myers, Dane",R,2025,31.646912142026576,31.584667052899018,7.025772441282211,6.373178369091786,30.11488853990548,30.088891816974083,-16.64265596681356,-19.15906607541404,20.603014839118817,19.52024202143503,177.0,378.0,117.0,217.0,373.70156772982244,265.7157453124969,17.94871794871795,25.806451612903224,18.0327868852459,27.810650887573964,18.64406779661017,23.544973544973544,-0.6525940721904249,-107.98582241732555,7.857733664185275,9.777864002328062,4.900905748363375,303.5431142431169,False,72.0,70.02405566600397,-2.463791732943162,2.158893132980201,2.13043096183446,-0.6812913530114173,0.2437619961612284,0.21981981981981982,0.23053892215568864,1996-03-08,29,-0.13051881443808497
667472,"Myers, Dane",R,2026,33.64121185449219,34.01668632010554,2.6911245740075325,3.1396845118703878,27.6029830824005,30.17355791406849,-3.6887205106477174,-6.971264543714606,21.33986508821865,19.882732913308487,249.0,338.0,143.0,187.0,333.3868811188811,288.64260962566846,22.377622377622377,25.668449197860966,20.065789473684212,29.1044776119403,17.269076305220885,20.414201183431953,0.4485599378628553,-44.744271493212636,3.290826820238589,9.038688138256088,3.1451248782110675,308.03179393939394,False,72.0,70.15961165048543,-1.0030291589690308,2.768277502897812,1.5355652498892904,-0.3307688739309169,0.2521246458923513,0.19080068143100512,0.24242424242424243,1996-03-08,30,0.08971198757257107
667670,"Rooker, Brent",R,2024,30.383652680847366,30.588664330302556,12.534898114118413,14.548654938434847,50.26630171668598,52.25549385494898,-12.378525416616437,-13.821720888438533,27.35274502259041,27.49921281074456,255.0,938.0,138.0,477.0,403.7045121354322,376.1160097867819,23.91304347826087,30.18867924528302,29.166666666666668,31.594488188976378,26.27450980392157,33.26226012793177,2.0137568243164345,-27.58850234865031,6.275635767022148,2.42782152230971,6.987750324010197,382.3066005576985,False,75.0,72.92012987012987,-0.7484689623281157,0.5442003250635854,-0.4476348546407788,1.1381890207799263,0.3109375,0.3176865046102263,0.28780487804878047,1994-11-01,30,0.4027513648632869
667670,"Rooker, Brent",R,2025,31.30695887556742,31.40508836113194,19.24440899324214,17.929675123164305,50.22670020181888,51.14521594114427,-17.796519828031318,-16.392203562094203,28.00875034963281,27.725609528970416,280.0,1007.0,161.0,538.0,372.2822293379752,345.6325156982084,16.149068322981368,23.977695167286246,26.18296529968454,26.653504442250743,27.500000000000004,28.599801390268127,-1.3147338700778342,-26.649713639766787,7.828626844304878,0.4705391425662029,1.099801390268123,351.7707186967813,False,75.0,72.82175732217573,-1.3978278344968291,-0.0727497801098931,-0.8225399942422841,1.218718275675925,0.2654135338345865,0.2836052836052836,0.2217453505007153,1994-11-01,31,-0.2629467740155668
667670,"Rooker, Brent",R,2026,31.01990556149673,31.07826520210866,14.380914612526672,16.228011032021737,47.612884243405375,49.99192838068747,-12.550123786581057,-14.439676959281826,26.088198665300403,25.82605492032925,97.0,265.0,48.0,154.0,270.59725,328.5533246753247,41.66666666666667,28.57142857142857,31.0,31.03448275862069,39.175257731958766,35.094339622641506,1.847096419495065,57.956074675324714,-13.095238095238102,0.03448275862069039,-4.08091810931726,314.78158415841585,False,75.0,73.1753709198813,-1.3546595152272278,0.3557447397821221,-1.0837173550577233,1.01162726813443,0.31025641025641026,0.36187845303867405,0.31683168316831684,1994-11-01,32,0.369419283899013
668227,"Arozarena, Randy",R,2024,17.624763126086062,18.37656750749431,-6.424525618417445,-6.815544526530569,29.99365217183343,31.36588412374194,2.114081601284068,1.1060849142485079,20.126312016013532,18.728616128366884,308.0,828.0,182.0,468.0,353.2478651642523,308.4318744780705,23.076923076923077,27.136752136752136,21.140142517814727,25.650916104146575,23.376623376623375,28.743961352657006,-0.3910189081131241,-44.815990686181806,4.05982905982906,4.510773586331847,5.367337976033632,320.9803518702014,False,70.0,71.85857002938296,-0.03030661048763574,2.6647929237757793,1.338746761304318,-0.7732147590225538,0.24348422496570646,0.272887323943662,0.26,1995-02-28,29,-0.07820378162262483
668227,"Arozarena, Randy",R,2025,22.25505438887996,22.731095457388236,-2.6593829029112155,-2.4407965899268795,30.7598744691473,30.53890711806988,3.2505816811098267,3.14415837355807,19.49451120071571,18.669987839785932,369.0,894.0,205.0,507.0,315.30914485447937,329.3821172197704,24.878048780487806,27.613412228796847,28.498727735368956,23.99232245681382,24.932249322493224,28.859060402684566,0.21858631298433595,14.072972365291037,2.735363448309041,-4.506405278555135,3.9268110801913423,325.33020804156166,False,70.0,71.41165381319622,-0.38208880982403154,2.8784835002945894,1.26487653797299,-0.7671523766101132,0.25226480836236936,0.2771179730799683,0.26825842696629215,1995-02-28,30,0.04371726259686719
668227,"Arozarena, Randy",R,2026,20.93260663982398,21.875283585688557,-1.0076348921757463,-1.4222880680931347,33.125947599162416,32.27507272213153,4.935950425727355,4.916261812194604,19.477714249698202,19.075098125147477,346.0,864.0,186.0,462.0,354.5936559139785,351.4805627705628,18.27956989247312,22.51082251082251,30.446927374301673,30.27698185291309,19.942196531791907,25.810185185185187,-0.4146531759173884,-3.1130931434157105,4.231252618349391,-0.1699455213885841,5.8679886533932795,352.37413580246914,False,70.0,70.11170117011702,-0.06847962765825216,2.663249884427617,0.9828348282808109,-0.5566547491686442,0.303202846975089,0.2413223140495868,0.21296296296296297,1995-02-28,31,-0.08293063518347768
668670,"Rogers, Jake",R,2024,24.01664603510828,23.898568995284045,0.7056760972941741,2.057591773580008,43.57481160397883,43.353883467172786,-3.0578628692835985,-5.712401016312681,14.793557131411474,14.585010928007208,177.0,422.0,94.0,243.0,289.7199148015105,302.3025236988608,28.723404255319153,29.629629629629626,23.655913978494624,27.098321342925658,29.943502824858758,31.04265402843602,1.351915676285834,12.58260889735027,0.9062253743104733,3.442407364431034,1.0991512035772608,298.7928345702231,False,71.0,70.11521335807049,-1.8620789090516905,2.573439604782013,0.03276535238529565,-1.349793962937261,0.2603648424543947,0.3071786310517529,0.29376854599406527,1995-04-18,29,0.2703831352571668
668670,"Rogers, Jake",R,2025,28.56567988079306,28.618373432426175,-4.463777434871248,-3.7645419668331703,40.302028753199906,41.48984952258521,14.535271460055878,15.356691638551325,18.116810508198174,17.871159885253125,71.0,179.0,36.0,107.0,335.6002214841307,250.22940637941704,27.77777777777778,27.102803738317753,20.77922077922078,22.994652406417114,18.30985915492958,24.581005586592177,0.6992354680380775,-85.37081510471367,-0.6749740394600252,2.2154316271963346,6.271146431662597,271.72135983235194,False,,,,,,,,,,1995-04-18,30,0.1398470936076155
668670,"Rogers, Jake",R,2026,29.91933539133809,30.119898253354037,-7.71934022446495,-6.93123994606169,43.04130186050843,43.95841868535966,-0.32158658555606673,0.12586379334693637,19.493308755419367,19.769534523468455,71.0,216.0,45.0,127.0,332.69884444444443,240.9514330708661,28.888888888888886,29.92125984251969,27.27272727272727,24.418604651162788,32.3943661971831,22.685185185185187,0.7881002784032596,-91.74741137357833,1.032370953630803,-2.854122621564482,-9.709181011997916,264.9551162790698,False,,,,,,,,,,1995-04-18,31,0.1576200556806519
668709,"Bleday, JJ",L,2024,27.38825733221873,27.771051698746174,12.32169000249752,12.936361089154373,29.140865011353192,29.45342766037906,-20.167348314733186,-21.183350517943538,35.32999463002544,35.02865833842263,897.0,222.0,519.0,125.0,328.5163954527233,288.0991901767563,17.91907514450867,25.6,23.85496183206107,28.80658436213992,22.630992196209586,27.47747747747748,0.6146710866568519,-40.417205275967035,7.68092485549133,4.951622530078851,4.846485281267892,320.67144101251233,False,74.0,70.99581304771178,-0.30092685381169265,-1.9330699145463652,2.1042953046868598,-0.33943544704017276,0.24786986831913246,0.2359249329758713,0.19409937888198758,1997-11-10,27,0.12293421733137037
668709,"Bleday, JJ",L,2025,26.717082224828392,27.63924450286723,2.5875802919607502,6.433267423955504,23.640505113818776,26.195618822268433,-10.56512298988738,-14.804835924126573,34.95964704346211,34.79499771542531,466.0,125.0,271.0,73.0,264.2427940103493,324.6684681434857,26.937269372693727,24.65753424657534,23.91713747645951,31.147540983606557,30.042918454935624,25.6,3.845687131994754,60.4256741331364,-2.2797351261183856,7.230403507147049,-4.442918454935622,277.0656841606951,False,74.0,70.99442446043166,1.2334438621891741,-1.352598355872252,1.4659830401268046,-0.6974932960298912,0.25267993874425726,0.2910321489001692,0.26453488372093026,1997-11-10,28,0.7691374263989508
668709,"Bleday, JJ",L,2026,27.279301664378476,27.81833678505795,9.697714555492695,11.050171994749915,31.004009881399778,32.16956019937581,-23.717543954963002,-26.022407203854684,34.69267531053787,34.71849330870599,674.0,282.0,379.0,149.0,363.62518205804747,294.28491275167784,21.372031662269126,23.48993288590604,21.524064171122994,26.4026402640264,23.44213649851632,28.01418439716312,1.3524574392572202,-69.34026930636963,2.1179012236369132,4.878576092903405,4.572047898646801,344.05756818181817,False,74.0,72.86462212486309,-0.25796985612844286,-1.7294138594043325,1.953071874721895,-0.01791794635525761,0.22930542340627974,0.24790794979079497,0.2196969696969697,1997-11-10,29,0.27049148785144406
668715,"Steer, Spencer",R,2024,27.823981326649264,27.885176380519994,-2.4917763967820465,-1.5684844260247617,37.807624070388904,38.04052832469506,-1.8294651535324553,-2.120254268059021,38.76706613954801,38.54526701859783,302.0,864.0,172.0,486.0,336.6144261376951,315.6619726931933,19.186046511627907,21.39917695473251,21.84873949579832,25.883575883575883,18.211920529801322,21.99074074074074,0.9232919707572849,-20.95245344450177,2.2131304431046033,4.034836387777563,3.7788202109394184,321.13890581242475,False,69.0,70.81158878504672,2.0631077555401798,-0.24341316413152111,-0.25966531666366244,-1.5720877380987412,0.24791508718726307,0.21012006861063465,0.20820668693009117,1997-12-07,27,0.18465839415145696
668715,"Steer, Spencer",R,2025,28.91306685341004,29.082357739263102,6.603211416066969,7.649973798309897,36.04059155433244,37.54280566786575,-4.945300092216058,-5.571520696289753,35.09972508774208,34.6856876008888,267.0,840.0,130.0,438.0,296.0755814611576,289.7374306974976,25.384615384615383,21.91780821917808,27.049180327868854,24.103831891223734,23.220973782771537,23.57142857142857,1.0467623822429282,-6.338150763659996,-3.4668071654373023,-2.9453484366451192,0.35045478865703217,291.1880637948141,False,69.0,70.16920903954802,0.3930763137290789,-0.008024590940249484,0.018856016986399795,-1.4562509490609672,0.24786324786324787,0.23486901535682023,0.22711267605633803,1997-12-07,28,0.20935247644858562
668715,"Steer, Spencer",R,2026,28.158860523125007,28.141302004244608,3.2390350193273854,3.6343322686837958,37.13072626077025,37.925350973843905,-3.3384819729534345,-3.6082314005608693,31.518963487832806,31.757021962969148,180.0,508.0,96.0,288.0,417.66954166666665,305.9518611111111,12.5,25.694444444444443,23.93617021276596,27.086882453151617,20.555555555555554,22.63779527559055,0.3952972493564104,-111.71768055555555,13.194444444444443,3.1507122403856584,2.0822397200349947,333.88128125,False,69.0,70.46853252647503,0.43487754590544186,0.5612180082372141,-0.14538707213931282,-1.260966145516723,0.2632258064516129,0.22093023255813954,0.22395833333333334,1997-12-07,29,0.07905944987128208
668723,"Vilade, Ryan",R,2026,30.649696786096648,30.61851960060822,7.551693310248991,5.774385270694671,30.653649438264427,30.369070843755622,-20.986262959573562,-20.72336853857679,28.052733943333788,28.680803147704186,335.0,173.0,166.0,96.0,342.87812048192774,316.646375,22.89156626506024,23.958333333333336,27.761194029850746,27.040816326530614,20.298507462686565,20.23121387283237,-1.7773080395543204,-26.23174548192776,1.0667670682730943,-0.720377703320132,-0.06729358985419509,333.2664885496184,False,73.0,75.673125,-0.8810592824185286,-0.16978816438312114,0.1950187154781088,-1.2541323072703439,0.2749529190207156,0.20275590551181102,0.23282442748091603,1999-02-18,27,-0.35546160791086406
668800,"Knizner, Andrew",R,2024,27.551980141091228,27.79903588254675,-2.258264298786936,-2.388052903092579,37.85023309376302,35.30680270575305,1.3013788124504797,3.1813443730209783,31.919109949522525,32.1305427289552,62.0,136.0,27.0,66.0,287.81196581196576,238.34113295290567,25.925925925925924,22.727272727272727,40.42553191489361,42.17687074829932,22.58064516129032,22.794117647058822,-0.12978860430564287,-49.470832859060096,-3.198653198653197,1.7513388334057112,0.2134724857685022,252.7036328152134,False,,,,,,,,,,1995-02-03,29,-0.025957720861128575
668845,"Schunk, Aaron",R,2024,24.120993462948192,23.99908821230299,-2.853519708030584,-2.6988099242482924,38.22713318239045,37.764840546317025,-14.52204289264896,-15.127813063037582,29.01915467746434,28.948529052255886,70.0,142.0,34.0,64.0,200.2685588235294,258.73231848404254,47.05882352941176,23.4375,35.714285714285715,46.28099173553719,30.0,25.352112676056336,0.1547097837822915,58.46375966051315,-23.62132352941176,10.566706021251477,-4.647887323943664,238.44897329570122,False,,,,,,,,,,1997-07-24,27,0.0309419567564583
668885,"Martin, Austin",R,2024,29.799619285773105,29.781509470574477,3.214016454945674,3.915298843785912,48.38321691022443,48.046473465841295,-6.137262964192915,-6.83301566620298,30.554169289583694,30.680014946620297,135.0,286.0,80.0,177.0,328.386731884058,289.7321486767767,18.75,18.07909604519774,16.666666666666664,20.56737588652482,17.037037037037038,19.93006993006993,0.7012823888402382,-38.65458320728129,-0.6709039548022595,3.9007092198581574,2.893032893032892,301.76470376075537,False,70.0,66.35148247978437,-0.1460328658630234,-0.8834564095789044,-1.5108962342613887,-1.5403118947437222,0.1917808219178082,0.19002375296912113,0.1828793774319066,1999-03-23,25,0.14025647776804764
668885,"Martin, Austin",R,2025,32.96902457018101,33.552445382994236,2.6232152369141213,3.849981698145434,48.13447697174301,49.07228256554533,-10.702424500605122,-11.332919812543789,29.984927961449525,29.990403651162307,100.0,201.0,57.0,124.0,365.1650860099499,333.79347748188064,17.543859649122805,16.93548387096774,19.047619047619047,18.587360594795538,20.0,15.422885572139302,1.2267664612313127,-31.37160852806926,-0.6083757781550645,-0.46025845282350986,-4.577114427860698,343.6729343111621,False,,,,,,,,,,1999-03-23,26,0.24535329224626254
668885,"Martin, Austin",R,2026,31.358999828709443,31.501218786065973,7.984110457102505,10.03479367214277,52.83379534052138,53.30944688380681,-8.086697850877357,-8.245092477743926,28.154687252393472,28.43454570354233,245.0,299.0,173.0,181.0,336.736739884393,272.76212154696134,16.184971098265898,20.994475138121548,13.753581661891118,22.028985507246375,16.73469387755102,19.063545150501675,2.050683215040265,-63.97461833743165,4.80950403985565,8.275403845355257,2.3288512729506543,304.02655367231637,False,70.0,68.55403225806452,-0.9925958536712283,-0.20060830633186796,-1.821238073153811,-1.030459531654368,0.1786743515850144,0.1801470588235294,0.1864406779661017,1999-03-23,27,0.41013664300805297
668901,"Vientos, Mark",R,2024,27.30213770952317,27.06391498229537,-6.541264527177809,-7.551651236186158,48.8663125444429,48.872203246986565,-10.308696172275887,-8.931971535121454,27.570040123146903,28.129911149078985,301.0,575.0,140.0,315.0,305.0546323017665,342.7307224193262,30.714285714285715,29.20634920634921,36.333333333333336,30.38397328881469,28.23920265780731,33.91304347826087,-1.0103867090083494,37.67609011755968,-1.5079365079365061,-5.949360044518645,5.673840820453556,331.13807930623085,False,75.0,71.10637254901961,1.0151688176989384,0.8124518089685894,0.3424275604257392,0.8906202221605098,0.3236929922135706,0.319634703196347,0.2967032967032967,1999-12-11,25,-0.20207734180166986
668901,"Vientos, Mark",R,2025,26.74498507468755,26.539114296730073,0.5476537492338607,-1.4050546844345084,48.273808903564145,49.756763989423966,-5.990462377509549,-6.233688549153243,26.105980053167567,26.824061254727386,283.0,632.0,136.0,327.0,321.4157060675731,319.3624421283799,22.794117647058822,25.688073394495415,35.07462686567165,31.914893617021278,30.3886925795053,30.37974683544304,-1.952708433668369,-2.0532639391932435,2.8939557474365927,-3.159733248650369,-0.008945744062259564,319.9655606936721,False,75.0,70.57205188679245,0.9477764278930956,0.9430632223732442,-0.3015674422321517,1.0945626268007826,0.32878270762229805,0.3038251366120219,0.24838012958963282,1999-12-11,26,-0.39054168673367384
668901,"Vientos, Mark",R,2026,27.14691691437432,27.226409844132654,-7.167386777114628,-7.642143696302088,52.95445068111632,53.54118104438994,-2.649318679736688,-3.616233346165676,26.835959047826577,25.955771669115048,216.0,333.0,116.0,167.0,345.9429655172414,285.90677844311375,21.551724137931032,25.748502994011975,31.308411214953267,37.53846153846154,21.75925925925926,34.83483483483483,-0.47475691918745966,-60.03618707412767,4.196778856080943,6.230050323508273,13.07557557557557,310.5152508833922,False,75.0,72.97599243856334,1.061956300583333,1.5454794901208126,-0.549552973065161,1.1718744293429506,0.35064935064935066,0.29690346083788705,0.24028268551236748,1999-12-11,27,-0.09495138383749194
668904,"Lewis, Royce",R,2024,20.864867718885854,21.004204312749604,5.8740354934499335,7.126790389999029,58.23055391002365,59.99226931844012,-3.057911296034974,-3.479872379708133,28.326463655111088,28.8601946995224,192.0,448.0,102.0,223.0,341.3916700734465,307.24155668628765,20.588235294117645,23.766816143497756,32.21153846153847,34.00447427293065,25.520833333333332,24.776785714285715,1.2527548965490958,-34.150113387158854,3.1785808493801113,1.7929358113921836,-0.7440476190476168,317.9594384262575,False,72.0,72.28865131578948,1.4319529916862928,0.4983963981998831,-0.18781779592705686,1.0900767842734422,0.33435114503816793,0.25,0.2276923076923077,1999-06-05,25,0.2505509793098192
668904,"Lewis, Royce",R,2025,24.24269015219583,24.719802500260343,3.920663551685293,4.80912185633387,58.250760189619584,60.05590799584708,-7.900462868765354,-7.7683628688625035,28.29737787373609,28.879599956962345,225.0,548.0,120.0,286.0,289.1817701759393,296.9885847219001,18.333333333333332,20.27972027972028,26.87224669603524,33.20235756385069,23.555555555555554,23.905109489051096,0.888458304648577,7.806814545960833,1.9463869463869479,6.330110867815449,0.3495539334955424,294.6811518511728,False,72.0,72.73642564802184,1.1125003846829757,0.31706924469747955,-0.4075971791990049,1.5216948172715308,0.3125,0.23803363518758086,0.19704433497536947,1999-06-05,26,0.1776916609297154
668904,"Lewis, Royce",R,2026,24.782183267805234,24.886094079297504,3.891176193113313,4.4760097529357905,54.56787551637529,56.1420269822768,4.576108843038436,3.9474198560117477,27.540022433512803,27.057082585980734,270.0,700.0,139.0,354.0,327.70860431654677,296.8744406779661,21.58273381294964,26.55367231638418,34.8122866894198,32.20108695652174,25.185185185185183,32.57142857142858,0.5848335598224774,-30.834163638580662,4.970938503434539,-2.611199732898058,7.386243386243393,305.5680486815416,False,72.0,74.12686084142395,1.8048587569226548,1.0028673196883782,0.2739029311970488,1.4231355059002382,0.3294460641399417,0.30515463917525776,0.2515212981744422,1999-06-05,27,0.11696671196449548
668930,"Turang, Brice",L,2024,25.226465169340663,25.737656678909413,-0.623786140173945,-0.703115518697208,37.57960689084446,34.882073437649666,1.2720098670452673,1.6442716248642049,38.50610745643877,37.29184975769162,913.0,236.0,491.0,128.0,306.9386718275045,276.4977083333333,16.08961303462322,20.3125,28.114663726571116,28.270042194092827,11.610076670317634,13.983050847457626,-0.07932937852326305,-30.44096349417117,4.22288696537678,0.15537846752171092,2.3729741771399926,300.6439330112623,False,72.0,65.31664994984955,1.953492934063876,-0.2544477178205931,0.28580120075845883,-1.063026512517249,0.28146853146853146,0.12097476066144473,0.16962843295638125,1999-11-21,25,-0.01586587570465261
668930,"Turang, Brice",L,2025,30.477044978846756,30.937548485284925,-0.3977149424633383,-0.20758665862459713,37.36458132557628,36.682549085841174,-5.73020243489697,-5.819608157952488,26.06369612659613,25.880838624507298,886.0,334.0,467.0,192.0,346.3586456903083,313.7089968237899,23.126338329764454,21.875,23.744769874476987,23.076923076923077,19.30022573363431,19.16167664670659,0.19012828383874114,-32.64964886651842,-1.2513383297644545,-0.66784679755391,-0.13854908692772128,336.84615315256696,False,72.0,69.73792502179599,-0.4981367535766605,1.20014127429394,-0.2055879140776376,-0.9367575984185686,0.2357032457496136,0.19262295081967212,0.2276176024279211,1999-11-21,26,0.03802565676774823
668930,"Turang, Brice",L,2026,31.266199761595576,31.73310877669142,-3.6802328840431895,-2.482757364118403,40.217957005830804,40.134981351564136,0.8572313873729909,-0.45667943843791003,25.335990846240527,25.192345388332612,850.0,346.0,469.0,194.0,360.32131343283584,288.998,24.733475479744136,25.257731958762886,25.857002938295786,22.05513784461153,20.0,22.832369942196532,1.1974755199247866,-71.32331343283585,0.5242564790187494,-3.801865093684256,2.8323699421965323,339.45144494720967,False,72.0,69.28509090909091,-0.3230756302359229,1.4750836971220853,-1.3528759960718166,-1.2242973830485693,0.24788732394366197,0.20819397993311037,0.248868778280543,1999-11-21,27,0.23949510398495732
668942,"Rojas, Josh",L,2024,29.50257801683376,29.41735756766987,7.27728571355399,8.181499162913388,48.65487232754664,48.35121952719721,3.5366408300807484,3.1922823889159235,25.49258908285067,25.910449032774807,741.0,117.0,409.0,67.0,311.7338318176536,213.52902487562187,20.78239608801956,34.32835820895522,21.052631578947366,28.225806451612907,20.242914979757085,36.75213675213676,0.9042134493593981,-98.20480694203172,13.545962120935663,7.173174872665541,16.50922177237967,297.9108863027038,False,73.0,65.84214559386973,0.5438993485372986,1.2508168090897365,-0.7540191788915173,-0.3344423108900286,0.2203765227021041,0.22494172494172493,0.226890756302521,1994-06-30,30,0.18084268987187962
668952,"Kreidler, Ryan",R,2026,27.349845412810723,27.56322659047675,-6.904097123279575,-6.577510359149451,27.244409043263158,30.280574751028553,3.8120754049571324,3.445923271614955,25.24704491717,24.642372784632514,208.0,297.0,112.0,151.0,321.05546428571427,279.9131920529801,16.071428571428573,27.81456953642384,23.809523809523807,31.20567375886525,25.48076923076923,30.976430976430976,0.32658676413012433,-41.14227223273417,11.743140964995266,7.396149949341442,5.495661745661746,297.43385551330795,False,75.0,73.21083333333333,1.2999138644996506,1.7956139831471956,1.4886064014624472,-1.0952700936490356,0.2804878048780488,0.2871287128712871,0.22813688212927757,1997-11-12,29,0.06531735282602487
669003,"Mitchell, Garrett",L,2026,29.344200599575426,30.439101730367003,2.8988366832824632,4.117855605203022,21.9040324425451,23.856566498744524,-25.72030194862961,-24.983815054625197,27.978707032882298,28.26611672993979,701.0,198.0,390.0,125.0,357.86353846153844,325.54201600000005,31.794871794871792,29.599999999999998,23.78640776699029,18.26086956521739,34.0941512125535,30.303030303030305,1.2190189219205592,-32.32152246153839,-2.194871794871794,-5.5255382017729,-3.791120909523194,350.01850873786407,False,74.0,76.752754982415,-1.0805693952439785,0.2132296095296162,1.8328482882472628,-0.9913282768163286,0.22580645161290322,0.3325917686318131,0.312621359223301,1998-09-04,28,0.24380378438411182
669004,"Melendez, MJ",L,2024,28.86464244933196,29.857328984863567,34.68381890762943,40.51190564403958,32.924558286640284,32.59837589376386,-35.31032746610542,-39.86700805267011,28.00214715791241,28.66916460352889,828.0,139.0,377.0,74.0,333.48609896735985,256.406290582508,25.9946949602122,20.27027027027027,28.994082840236686,26.923076923076923,27.294685990338163,22.302158273381295,5.82808673641015,-77.07980838485184,-5.72442468994193,-2.071005917159763,-4.992527716956868,320.83885768026664,False,72.0,71.99702643171807,-3.1595202937130913,-1.8240376372432632,0.882498412024327,-0.20646250062678656,0.2876712328767123,0.265770423991727,0.25055432372505543,1998-11-29,26,1.16561734728203
669016,"Marsh, Brandon",L,2024,26.731386046370623,27.40744623024268,16.25140333061089,17.914621181299264,46.165326170318,46.46659951760112,-10.560074748816035,-11.720738291846523,39.230375169123235,39.14913033269886,687.0,138.0,388.0,90.0,341.8130587755476,252.06628557425347,31.185567010309278,36.666666666666664,24.21171171171171,22.099447513812155,25.327510917030565,25.36231884057971,1.6632178506883726,-89.7467732012941,5.481099656357387,-2.112264197899556,0.034807923549145414,324.9151307669357,False,74.0,71.02830930537353,1.4157092635357769,-1.957426141458123,1.0496796640777677,1.0499050192517232,0.23854069223573432,0.25333333333333335,0.32217573221757323,1997-12-18,27,0.33264357013767454
669016,"Marsh, Brandon",L,2025,27.68870002110989,28.43928780954361,7.849099688561104,9.678368649325025,40.36321414904471,40.5302721657654,-6.14332606143248,-7.460841580328974,35.9082765606725,35.923064091455004,624.0,150.0,338.0,89.0,343.01750723383043,268.3938832405173,23.076923076923077,35.95505617977528,28.166915052160952,32.38636363636363,20.352564102564102,27.333333333333332,1.8292689607639208,-74.62362399331312,12.878133102852207,4.219448584202681,6.98076923076923,327.4636371274959,False,74.0,70.53539703903095,1.6654851159225617,-0.8412705599429325,0.8179027576660651,0.6231436065515638,0.29043683589138136,0.21705426356589147,0.2576112412177986,1997-12-18,28,0.36585379215278413
669016,"Marsh, Brandon",L,2026,27.074460853733395,28.766556021873562,-6.151128961804347,-5.524847743068615,41.72961393049847,42.84882633386925,-8.895026023070484,-9.71126392496924,34.103541132291134,34.01198276518085,818.0,248.0,426.0,129.0,324.1309577464789,227.1721550387597,21.36150234741784,37.2093023255814,34.348355663824606,41.935483870967744,19.193154034229828,33.46774193548387,0.6262812187357323,-96.95880270771917,15.847799978163557,7.587128207143138,14.274587901254044,301.59458738738743,False,74.0,70.63676042677012,1.9011721698480386,-0.3273180483100139,1.321535329864495,0.4821611596769818,0.36108512628624884,0.225140712945591,0.25045045045045045,1997-12-18,29,0.12525624374714645
669065,"Stowers, Kyle",L,2024,26.754933668581646,27.1441061194189,7.93987241664539,6.461270958998349,44.138217498077466,44.264079536343544,-2.9193368094301455,-2.742013350308411,33.565920460704895,33.32344660542151,352.0,94.0,166.0,44.0,290.3904168678843,280.6057446353487,37.34939759036144,27.27272727272727,32.33532934131736,35.64356435643564,34.090909090909086,31.914893617021278,-1.4786014576470405,-9.784672232535627,-10.076670317634171,3.308235015118278,-2.1760154738878086,288.34029506678166,False,74.0,72.64037558685446,0.6336758999063429,-0.608860915196543,-0.1455955777698649,-0.2833763683426881,0.3310344827586207,0.336322869955157,0.3523809523809524,1998-01-02,26,-0.2957202915294081
669065,"Stowers, Kyle",L,2025,29.45344529366878,30.216516475494842,18.72033275218751,19.95709079213082,48.05228915195328,50.18206044418804,-9.916897032834521,-10.334922944339418,35.063175189027476,34.66141398126223,723.0,200.0,354.0,103.0,393.40216310674026,309.0286974613554,29.37853107344633,20.388349514563107,25.987841945288753,35.754189944134076,30.70539419087137,28.000000000000004,1.236758039943311,-84.37346564538484,-8.990181558883222,9.766347998845323,-2.705394190871367,374.3858240225507,False,74.0,74.07349260523321,-0.49117806828339367,-1.1050522766989335,0.3557839876781288,0.8596484317397275,0.2807646356033453,0.30119176598049835,0.2735229759299781,1998-01-02,27,0.24735160798866218
669065,"Stowers, Kyle",L,2026,29.842515810489335,30.21829027047537,22.972533255231795,23.685650930998165,52.18344304533393,50.95030592266949,-16.071514736224447,-17.904453965986132,35.51555604770236,35.46191866337266,794.0,212.0,396.0,111.0,337.933101010101,286.6355315315315,32.07070707070707,29.72972972972973,34.5679012345679,31.30434782608696,34.130982367758186,27.830188679245282,0.7131176757663695,-51.29756947856947,-2.340977340977343,-3.263553408480938,-6.300793688512904,326.7022721893491,False,74.0,74.53367983367983,-0.8119268459212444,-1.5416325672131401,0.7563241581705846,1.2783220468804417,0.3384615384615385,0.32803180914512925,0.3155818540433925,1998-01-02,28,0.14262353515327392
669127,"Langeliers, Shea",R,2024,25.984878885350334,26.3992368528471,17.158796832955662,18.779755317259916,32.64794834787919,33.92630103572436,-18.38702085654683,-20.77960897416046,33.15899942409973,32.81139940813325,264.0,722.0,145.0,391.0,315.68863796243755,331.35736708643907,25.517241379310345,27.621483375959077,29.936305732484076,31.179775280898873,23.484848484848484,27.70083102493075,1.6209584843042535,15.668729124001516,2.1042419966487316,1.2434695484147973,4.2159825400822655,327.1186250659536,False,71.0,73.43971708378673,-0.6930763498914003,-0.86788728524204,2.0030118916778394,0.17063462856190667,0.3079922027290448,0.2657200811359026,0.27052238805970147,1997-11-18,27,0.3241916968608507
669127,"Langeliers, Shea",R,2025,27.258495108612887,27.12305542535092,11.262940949631219,13.18109810975018,38.64096863905023,37.964490723296755,-16.638622209927483,-17.839660824366813,35.57039313065924,35.74633675499043,250.0,759.0,122.0,400.0,375.66575947863873,315.95723303154614,20.491803278688526,19.25,41.013824884792626,29.668874172185433,22.400000000000002,22.92490118577075,1.9181571601189606,-59.708526447092595,-1.2418032786885256,-11.344950712607194,0.524901185770748,329.91209936592406,False,71.0,72.93486707566463,0.24562214866130636,-1.453258140864091,1.2846023650941156,0.583063344838968,0.3220164609053498,0.22794846382556988,0.19540229885057472,1997-11-18,28,0.38363143202379213
669127,"Langeliers, Shea",R,2026,28.384641053275217,28.54364292541464,12.936445667041324,14.438010745479492,38.95044499812258,43.39706754932537,-26.12870044434064,-27.72431124925906,33.985002407252324,34.058062573716434,249.0,602.0,134.0,313.0,395.1761791044776,343.3169329073482,20.8955223880597,23.642172523961662,29.67032967032967,34.76923076923077,21.285140562248998,28.23920265780731,1.5015650784381673,-51.85924619712944,2.7466501359019624,5.098901098901095,6.954062095558314,358.86310514541384,False,71.0,74.27480818414323,-0.8135294074884811,-1.5975167173582205,1.6024156468866355,0.873443723773202,0.3326110509209101,0.2620446533490012,0.22818791946308725,1997-11-18,29,0.30031301568763347
669134,"Campusano, Luis",R,2024,24.350338451621006,24.068545852227135,13.98792174680801,9.9234610674643,47.67015555368727,49.531312360663925,-43.66080854037675,-42.31253424296891,26.97968913479587,27.090250970141515,132.0,390.0,75.0,224.0,259.21308828439436,308.74793778824295,10.666666666666668,14.732142857142858,29.931972789115648,32.67045454545455,13.636363636363635,20.76923076923077,-4.064460679343709,49.53484950384859,4.06547619047619,2.7384817563388992,7.132867132867135,296.3228083140334,False,70.0,68.24977168949772,-2.9473953186040394,-1.4007652695747677,0.8855160091661616,-0.10888377515327284,0.3186372745490982,0.1896551724137931,0.13712374581939799,1998-09-29,26,-0.8128921358687418
669134,"Campusano, Luis",R,2026,21.703037439086472,22.43008175751078,0.44060393455029906,3.560998198206024,51.78593225719835,55.058698450600446,-17.117960874266057,-19.155563783707116,25.376138296731455,25.916318976499905,87.0,369.0,53.0,188.0,330.3564528301887,324.13142553191494,20.754716981132077,21.808510638297875,29.906542056074763,28.502415458937197,19.54022988505747,25.474254742547426,3.120394263655725,-6.225027298273744,1.053793657165798,-1.4041265971375658,5.9340248574899555,325.5004149377594,False,70.0,72.24611528822055,-0.18201861829718283,-0.38272210846970445,-0.5702631022433838,-0.3207151231286008,0.28790786948176583,0.24342105263157895,0.2157676348547718,1998-09-29,28,0.6240788527311449
669208,"Bliss, Ryan",R,2024,27.867162159598067,26.63051903105909,-30.336630469564653,-32.2625492385329,43.049141536334936,47.50816767654984,-0.16978132587621253,-2.024577101186949,19.249394144410818,17.995331758140495,63.0,65.0,34.0,37.0,367.73300226244345,264.37501419601415,35.294117647058826,27.027027027027028,21.21212121212121,19.607843137254903,36.507936507936506,30.76923076923077,-1.9259187689682449,-103.3579880664293,-8.267090620031798,-1.6042780748663077,-5.738705738705736,313.87038876303666,False,,,,,,,,,,1999-12-13,25,-0.385183753793649
669221,"Murphy, Sean",R,2024,31.90149390828607,32.52925982372219,7.875608326240945,8.930706515570014,53.894982452894844,55.115661833085525,-14.582250707572957,-14.423830136595654,27.096683824346094,27.26323999172112,132.0,354.0,70.0,194.0,278.4403536009526,320.4196798535763,35.714285714285715,21.649484536082475,29.1970802919708,27.77777777777778,35.60606060606061,24.858757062146893,1.055098189329069,41.97932625262371,-14.06480117820324,-1.4193025141930207,-10.747303543913716,309.28879789265335,False,75.0,72.45219298245614,-0.35910368915796365,-0.38140800231269545,-1.1705727106394834,0.6417812437221817,0.2815533980582524,0.2777777777777778,0.2537878787878788,1994-10-04,30,0.2110196378658138
669221,"Murphy, Sean",R,2025,29.662623648718085,30.016712300899734,5.3661349462138395,6.0552757008887,53.23334198534632,56.07395906371224,-18.524993418628352,-18.65720382865308,30.278589845610586,30.123081129374885,256.0,394.0,116.0,221.0,363.1337641471422,285.7687407901992,32.758620689655174,30.316742081447963,24.803149606299215,26.923076923076923,28.515625,29.949238578680205,0.6891407546748605,-77.36502335694297,-2.4418786082072117,2.1199273167777086,1.4336135786802053,312.3988378507493,False,75.0,71.7891447368421,-0.0666571547323016,-0.9412326806077894,0.06558102348485254,0.4967171687690638,0.2608695652173913,0.29384615384615387,0.3115727002967359,1994-10-04,31,0.13782815093497208
669221,"Murphy, Sean",R,2026,29.0751708075826,29.05681775744316,-7.4660736715138984,-2.185222617985614,54.36084932489769,56.62300520832157,-17.548781789163947,-17.539735915569526,31.437134584508783,32.0638130837505,60.0,139.0,30.0,77.0,242.78893333333335,265.0303376623377,33.33333333333333,31.16883116883117,36.666666666666664,34.72222222222222,36.666666666666664,29.496402877697843,5.280851053528284,22.241404329004325,-2.16450216450216,-1.9444444444444429,-7.170263788968821,258.79442990654206,False,,,,,,,,,,1994-10-04,32,1.0561702107056568
669222,"Senzel, Nick",R,2024,28.181057514580875,28.01138883427075,7.16351433326757,7.304843937685306,38.8974872218107,40.06194839643566,2.0035544319309317,2.696360915802966,28.00061801943789,28.1936701822868,136.0,337.0,74.0,193.0,344.04726179761,286.7152283030794,13.513513513513514,26.42487046632124,25.384615384615383,23.723723723723726,15.441176470588236,25.222551928783382,0.14132960441773612,-57.332033494530606,12.911356952807727,-1.6608916608916573,9.781375458195146,302.60500537646993,False,72.0,68.16446469248292,1.237891383809047,0.6533797122683652,-0.7988942351292724,-0.10809962538617465,0.24190064794816415,0.22410147991543342,0.22846441947565543,1995-06-29,29,0.028265920883547225
669224,"Wells, Austin",L,2024,29.872769633841024,29.616304356557013,-3.6288237344787975,-7.805875147748428,44.3851679577008,45.68124070651931,-7.877189179357948,-6.815434606971668,27.098071790259702,26.188377443501423,666.0,139.0,338.0,77.0,353.5167930574416,283.9679061583578,19.526627218934912,27.27272727272727,26.536731634182907,20.408163265306122,23.273273273273272,30.935251798561154,-4.177051413269631,-69.54888689908381,7.746100053792357,-6.128568368876785,7.661978525287882,340.61254175327423,False,73.0,71.59083557951483,0.2706613169284418,0.9950126244497197,-0.7912195107605828,0.4504168292588374,0.2542997542997543,0.24596273291925466,0.20963855421686747,1999-07-12,25,-0.8354102826539261
669224,"Wells, Austin",L,2025,30.85074444299215,30.59550962963084,-11.467763504727186,-11.690737813315751,47.040421999568096,48.450672936953666,-10.018580134865443,-7.407148202748737,26.977589035994168,26.939785931684426,627.0,282.0,312.0,137.0,296.218920918681,284.0492813122036,26.602564102564102,25.547445255474454,28.59560067681895,30.76923076923077,24.561403508771928,26.24113475177305,-0.22297430858856515,-12.169639606477404,-1.0551188470896484,2.1736300924118197,1.6797312430011218,292.5056901256133,False,73.0,72.6151724137931,-0.03855682368734158,1.2156816538345794,-1.534051116135114,0.7431216417610405,0.29304446978335236,0.2508250825082508,0.26280623608017817,1999-07-12,26,-0.04459486171771303
669224,"Wells, Austin",L,2026,28.718107937516667,28.815699292492198,-4.846066766085722,-5.8189011340965875,45.37038492254115,48.80633416492879,-9.388160238073397,-9.827730323684607,30.73068714976908,31.043979542598944,530.0,191.0,285.0,98.0,318.24538947368427,222.74946938775514,25.6140350877193,29.591836734693878,26.721311475409838,33.663366336633665,25.471698113207548,26.17801047120419,-0.9728343680108651,-95.49592008592913,3.9778016469745765,6.942054861223827,0.7063123579966408,293.8104020887729,False,73.0,71.96070381231671,0.39078438911965097,0.2681754290172137,-1.4861522511925431,0.2819738748779917,0.28448275862068967,0.2565880721220527,0.26631853785900783,1999-07-12,27,-0.194566873602173
669234,"Malloy, Justyn-Henry",R,2024,30.3226133228083,30.191037044009956,11.484564185481762,11.04332605199119,50.40515329438654,54.690278974365874,-0.4542813726656436,-0.32577516676813356,32.33099689967259,33.32232819429512,111.0,324.0,61.0,169.0,344.07519120453884,245.80655492726234,34.42622950819672,37.8698224852071,20.945945945945947,19.626168224299064,30.630630630630627,34.5679012345679,-0.4412381334905717,-98.2686362772765,3.4435929770103826,-1.319777721646883,3.9372706039372716,271.8691062877574,False,72.0,68.37382716049383,1.5526154542872461,0.30991220637422284,-1.349521563365977,1.4872031062044138,0.20042643923240938,0.335632183908046,0.3695652173913043,2000-02-19,24,-0.08824762669811434
669234,"Malloy, Justyn-Henry",R,2025,31.044328223161774,30.903113666438653,3.2282530460813064,5.0871264602804995,42.66212065012153,49.38643228836461,4.940146418592331,3.646344832677154,29.107875748807565,29.20934559789998,120.0,103.0,70.0,57.0,336.4260616705699,244.2803510544037,21.428571428571427,29.82456140350877,16.463414634146343,24.347826086956523,24.166666666666668,30.097087378640776,1.8588734141991932,-92.14571061616618,8.395989974937343,7.8844114528101805,5.930420711974108,295.0693254097709,False,,,,,,,,,,2000-02-19,25,0.3717746828398386
669236,"Jackson, Jeremiah",R,2025,29.137631093458534,28.927197298608874,2.5846752488573226,4.099611903253876,44.97062118300343,43.409994426132755,-11.668172136990549,-11.556605065826954,33.455084888809566,33.73105010187196,107.0,266.0,54.0,131.0,269.5504662867996,293.6825893214133,33.33333333333333,24.427480916030532,32.231404958677686,35.80246913580247,32.71028037383177,30.075187969924812,1.514936654396553,24.1321230346137,-8.905852417302796,3.571064177124782,-2.6350924039069596,286.638618273472,False,71.0,71.22727272727273,1.2554999574424104,-1.2738642605151564,0.3151374941122882,0.35503370236601367,0.34615384615384615,0.30831099195710454,0.2702702702702703,2000-03-26,25,0.3029873308793106
669236,"Jackson, Jeremiah",R,2026,27.515619983425506,27.465358038686208,-6.8985591354861,-6.2893854569512255,40.025158933816684,41.44903160235208,-11.247118362602617,-12.66096968150564,29.713236744054075,30.5741234354453,208.0,357.0,94.0,184.0,311.7191914893617,265.80582608695653,26.595744680851062,20.652173913043477,33.87096774193548,39.05723905723906,28.846153846153843,22.689075630252102,0.6091736785348747,-45.91336540240519,-5.943570767807586,5.186271315303578,-6.157078215901741,281.3304892086331,False,71.0,72.28638059701493,1.1356221353128224,-0.45998808926957463,0.23679956703289357,-0.25013972772680404,0.37060041407867494,0.24955752212389382,0.22661870503597123,2000-03-26,26,0.12183473570697494
669257,"Smith, Will",R,2024,32.85775681351196,33.34264738518943,11.476165186190125,16.61117490218806,34.6810230158156,36.35738199024632,-15.64053265364085,-20.994668755580584,19.047565048799218,19.452520079085566,277.0,773.0,154.0,393.0,366.0852502793906,323.64612932175055,14.935064935064934,20.865139949109416,28.391167192429023,25.27075812274368,18.050541516245488,18.36998706338939,5.135009715997937,-42.43912095764006,5.930075014044482,-3.120409069685344,0.3194455471439035,335.5942547833165,False,70.0,67.20952914798207,-2.862199851682246,0.6648877684721767,-1.2952335236931565,-1.3481890471344764,0.2613240418118467,0.18285714285714286,0.19195612431444242,1995-03-28,29,1.0270019431995874
669257,"Smith, Will",R,2025,32.8261871458683,32.948151469838784,6.764811404667287,9.318325331779816,36.27446129138459,37.07383778260509,-19.352912163187945,-23.76481837312952,16.263011994234194,16.438589852969063,169.0,578.0,112.0,326.0,375.67442855886543,376.47267218261544,23.214285714285715,19.32515337423313,17.813765182186234,20.704845814977972,20.118343195266274,19.72318339100346,2.5535139271125287,0.798243623750011,-3.889132340052587,2.8910806327917378,-0.39515980426281416,376.2685550916109,False,70.0,69.04246771879484,-2.9335293967690705,1.0763961153187436,-0.9710274365580799,-1.2488076274371935,0.19935344827586207,0.19812583668005354,0.20319634703196346,1995-03-28,30,0.5107027854225057
669257,"Smith, Will",R,2026,32.09506944890011,32.662142993185626,-0.2194551494551286,6.118257155571982,34.71154504413382,37.153767299487846,-7.962201683104939,-15.665318198576863,17.845449882590373,18.08344736269385,132.0,332.0,78.0,186.0,344.68871794871797,401.3547956989248,21.794871794871796,13.978494623655912,13.77245508982036,24.36548223350254,13.636363636363635,15.36144578313253,6.33771230502711,56.66607775020685,-7.816377171215883,10.59302714368218,1.7250821467688944,384.6125454545455,False,70.0,69.10788288288289,-1.6506362949290403,1.4077672490820496,-1.3991232476461426,-1.3502330452324711,0.21212121212121213,0.14870689655172414,0.16287878787878787,1995-03-28,31,1.267542461005422
669261,"Suwinski, Jack",L,2024,31.894844539538926,32.148962056314396,21.695058983174114,21.99127593533198,45.7308449448407,46.94771529623114,-11.127845504490598,-9.619616767375145,30.82514428750368,29.86593328680815,447.0,70.0,239.0,38.0,311.6183368920451,203.89126475279107,25.523012552301257,47.368421052631575,21.153846153846153,37.5,22.818791946308725,31.428571428571427,0.2962169521578666,-107.727072139254,21.84540850033032,16.346153846153847,8.609779482262702,296.839893782689,False,73.0,72.50772833723653,-0.4075017096712612,-0.25789672477745956,-0.8810898142414121,1.6146088905224063,0.22900763358778625,0.23984526112185686,0.2851985559566787,1998-07-29,26,0.05924339043157332
669289,"Espinal, Santiago",R,2024,34.24951258899243,34.19322914313558,-13.907118595615248,-17.581479267612174,43.10639534070751,41.40992542012438,0.6922962545256435,2.246750307795502,25.13069147969206,26.375122443419112,245.0,488.0,132.0,260.0,308.6374986131056,288.5811730242876,10.606060606060606,15.0,29.00763358778626,27.872340425531917,13.877551020408163,12.5,-3.6743606719969257,-20.056325588818027,4.3939393939393945,-1.1352931622543423,-1.3775510204081627,295.33483368174666,True,69.0,65.73993993993994,0.8145548439212033,1.6508180635122425,-2.8979656666877016,-0.9323207021110999,0.2827868852459016,0.1296043656207367,0.13520408163265307,1994-11-13,30,-0.7348721343993851
669289,"Espinal, Santiago",R,2025,36.60389945533711,36.65437013334164,0.8605309226529807,-2.5602006463976097,47.36745117079016,45.22324184767157,-15.61037270649418,-13.890997315600941,21.13776687612252,21.657738592236527,223.0,361.0,126.0,204.0,263.49780158730164,244.96822685185182,8.73015873015873,13.23529411764706,20.74688796680498,26.737967914438503,10.762331838565023,13.850415512465375,-3.4207315690505906,-18.529574735449813,4.50513538748833,5.991079947633523,3.0880836739003517,252.0431553872054,True,69.0,67.70816326530611,-1.6928669486194945,0.9851562161548894,-2.644104521549385,-0.15094615291892247,0.24390243902439024,0.1267123287671233,0.11515151515151516,1994-11-13,31,-0.6841463138101181
669304,"Miranda, Jose F",R,2024,28.736646437711457,29.20751629241643,-3.5633967223529517,-3.754903781867532,33.89332809028375,36.10828365764591,4.162227700857297,0.0012630385896944263,30.972783223531987,30.369835851668824,280.0,525.0,140.0,291.0,269.3046235110341,329.79102654198647,19.28571428571429,13.402061855670103,40.67164179104478,33.579335793357934,21.785714285714285,19.428571428571427,-0.19150705951458047,60.486403030952374,-5.883652430044185,-7.092305997686843,-2.3571428571428577,310.14347103309245,False,73.0,70.23142857142857,2.0342738977545967,1.7298204080716848,1.2847002012347373,0.32396521870317524,0.3592592592592593,0.20248447204968945,0.1531322505800464,1998-06-29,26,-0.0383014119029161
669326,"Teodosio, Bryce",R,2025,23.711198482137558,23.55316875051698,9.758067020956858,9.773797182304964,22.36248148245983,17.413055287007715,-6.73124251839582,-8.938109279261088,30.66407616113943,29.92279109790329,62.0,257.0,28.0,122.0,239.4995,218.28763871374525,32.142857142857146,31.147540983606557,46.34146341463415,35.751295336787564,37.096774193548384,34.24124513618677,0.01573016134810601,-21.21186128625476,-0.9953161592505886,-10.590168077846585,-2.8555290573616148,222.24718615384617,False,,,,,,,,,,1999-06-18,26,0.0031460322696212017
669357,"Gorman, Nolan",L,2024,32.562172365010326,33.64211273707627,22.116188372913253,30.1377715257303,30.132774137357412,32.76904173931621,-20.078350256248175,-26.47384956936859,25.448195608652913,25.94635381378551,603.0,209.0,290.0,114.0,330.93925762042505,242.61110044764754,37.24137931034483,37.719298245614034,29.10958904109589,32.6530612244898,36.650082918739635,35.88516746411483,8.021583152817048,-88.32815717277751,0.4779189352692015,3.543472183393906,-0.7649154546248056,306.0149756459284,True,72.0,72.33047337278107,-2.3945345914507383,0.11818584728543062,0.4174390726906642,0.25938490929314895,0.3,0.3645320197044335,0.37376237623762376,2000-05-10,24,1.6043166305634096
669357,"Gorman, Nolan",L,2025,30.842677727861126,32.46628001828513,16.671283162030278,27.031220341000562,28.140704992202664,31.18958398147993,-9.334773334578827,-17.224253524266533,27.79588082300568,28.430189967978063,623.0,160.0,310.0,93.0,291.47745044281464,305.0737454567778,35.80645161290323,26.881720430107524,27.692307692307693,29.629629629629626,30.658105939004816,31.25,10.359937178970284,13.596295013963129,-8.924731182795707,1.9373219373219328,0.5918940609951839,294.61505698449844,True,72.0,71.9534693877551,-0.771325450216509,0.4463135515908475,1.2972897115725068,0.13430384724008856,0.28078817733990147,0.30779054916985954,0.337468982630273,2000-05-10,25,2.071987435794057
669357,"Gorman, Nolan",L,2026,28.237859492312072,29.706661790760815,12.596568645285334,23.98450590132615,29.591550121146643,29.57142258487115,-7.3778370274143805,-16.48523882489359,30.915532340923722,31.49188222002229,493.0,101.0,247.0,46.0,279.9006315789474,281.12321739130437,32.388663967611336,28.26086956521739,30.698529411764707,37.362637362637365,35.902636916835704,33.663366336633665,11.387937256040814,1.2225858123569537,-4.1277944023939455,6.664107950872658,-2.2392705802020387,280.09257337883963,True,72.0,72.54392361111111,0.09156695713577091,0.3656746091450266,0.8451418393889307,0.21339526135477624,0.3165354330708661,0.3552188552188552,0.3174061433447099,2000-05-10,26,2.277587451208163
669392,"Taylor, Samad",R,2026,23.514531753575085,23.08491985248234,-2.5805656966700785,-1.5495951546854396,56.50718635889175,59.54363903024804,-1.7715273101600266,-1.128031202467814,25.412965450609608,26.431561358476884,78.0,176.0,49.0,111.0,245.46130612244895,359.3634234234234,26.53061224489796,24.324324324324326,31.73076923076923,26.905829596412556,17.94871794871795,23.295454545454543,1.0309705419846389,113.90211730097445,-2.206287920573633,-4.824939634356674,5.346736596736594,324.48089999999996,False,,,,,,,,,,1998-07-11,28,0.20619410839692778
669394,"Burger, Jake",R,2024,23.41817652865904,23.175440553947862,-30.100838857594578,-30.06217675464625,14.150666473119266,15.065154040550137,-3.895165520910452,-3.29026831192164,23.135376057031515,23.122614231803528,375.0,715.0,185.0,394.0,309.86405513248894,352.197357127552,24.864864864864867,26.39593908629442,40.75067024128686,35.488308115543326,28.799999999999997,28.391608391608393,0.03866210294832939,42.33330199506304,1.5310742214295523,-5.262362125743536,-0.4083916083916037,338.67117255227276,False,72.0,73.80169491525425,1.813626797148073,2.8340582738018036,2.5079002371455488,-0.6782696603425614,0.37272727272727274,0.2853211009174312,0.25906735751295334,1996-04-10,28,0.007732420589665878
669394,"Burger, Jake",R,2025,23.562742199110367,23.732256500682613,-26.404862492808974,-24.712579411863967,18.268528425004167,18.667817478427104,-2.190753823677908,-2.886222534874992,23.75159081779825,23.119980887929653,192.0,537.0,101.0,276.0,362.6915390137063,309.3217712608608,17.82178217821782,27.173913043478258,30.76923076923077,42.199999999999996,25.520833333333332,29.236499068901306,1.692283080945007,-53.36976775284546,9.352130865260438,11.430769230769226,3.715665735567974,323.6197727012783,False,72.0,73.83911806543385,1.8210359843658606,3.114891223937185,1.911404298828981,-0.7634474528521074,0.3931240657698057,0.2825788751714678,0.246684350132626,1996-04-10,29,0.33845661618900136
669394,"Burger, Jake",R,2026,22.146322593785627,22.221691015979687,-18.102198848632924,-16.871483689976518,21.239487711131584,21.70165245878914,4.041059008334811,4.565371502185847,25.61990771326501,25.645167847031242,303.0,822.0,166.0,434.0,369.351734939759,296.54184331797234,26.506024096385545,27.419354838709676,28.57142857142857,37.83185840707964,31.683168316831683,33.33333333333333,1.2307151586564054,-72.80989162178668,0.9133307423241313,9.260429835651074,1.6501650165016457,316.6859133333333,False,72.0,74.77863720073665,2.3641896491489067,3.0657360652952876,1.71857397482672,-0.8476139486652311,0.3532258064516129,0.3288888888888889,0.27166666666666667,1996-04-10,30,0.24614303173128108
669397,"Allen, Nick",R,2024,27.31955468295338,27.481363746460012,2.109987176378703,4.027764134689046,39.02764707681227,39.08695494060358,-6.358468989840069,-7.41801459747927,32.318152349640364,32.60911249661023,76.0,95.0,41.0,63.0,204.61516851441237,238.78609523809527,17.073170731707318,19.047619047619047,32.35294117647059,21.25,17.105263157894736,18.947368421052634,1.917776958310343,34.170926723682896,1.9744483159117294,-11.102941176470587,1.8421052631578974,225.3148645104895,False,,,,,,,,,,1998-10-08,26,0.3835553916620686
669397,"Allen, Nick",R,2025,27.379174547217833,27.284327724806833,-10.287485461936487,-8.971910966553555,41.97130892751851,40.786292936364724,-8.973388844610257,-9.373883043546272,29.179751610056247,29.210567694289185,224.0,526.0,112.0,303.0,270.6465941558441,243.4498679867987,17.857142857142858,25.742574257425744,26.31578947368421,25.146198830409354,14.285714285714285,21.673003802281368,1.3155744953829327,-27.196726169045434,7.8854314002828865,-1.169590643274855,7.387289516567083,250.78970733844466,False,67.0,64.13710407239819,0.2331603786977532,1.0817944720398087,0.5854405208300651,-0.9392012507667659,0.2548476454293629,0.19466666666666665,0.236144578313253,1998-10-08,27,0.26311489907658653
669397,"Allen, Nick",R,2026,27.464906256068378,27.335611110024715,-4.273990355280519,-2.7829074202993374,40.24249180398023,37.35593050360686,-26.174904269023504,-26.989959451264344,30.180283755697236,29.931660799005833,67.0,188.0,42.0,115.0,280.2154285714286,232.7304695652174,14.285714285714285,21.73913043478261,23.28767123287671,26.42487046632124,17.91044776119403,21.808510638297875,1.4910829349811818,-47.48495900621123,7.453416149068325,3.13719923344453,3.898062877103847,245.43345222929938,False,,,,,,,,,,1998-10-08,28,0.2982165869962364
669477,"Schmitt, Casey",R,2024,29.594540131504253,29.31284662187711,-9.815139671556125,-12.017366015866896,42.16532399321425,40.74616664741207,-1.7852405532253715,2.3700237484388897,23.98445944842449,23.76117638549022,86.0,110.0,49.0,64.0,354.8545868238042,282.466894039075,20.408163265306122,23.4375,34.44444444444444,39.42307692307692,20.930232558139537,26.36363636363636,-2.2022263443107715,-72.38769278472921,3.029336734693878,4.978632478632477,5.433403805496823,313.8562475474974,False,,,,,,,,,,1999-03-01,25,-0.4404452688621543
669477,"Schmitt, Casey",R,2025,29.069985893471202,29.511550622185855,-10.07236313230143,-9.02154952856258,39.81876443269233,40.758179345433234,2.7400118839579752,2.1204536734549966,25.513031587294943,25.334776361495603,255.0,431.0,120.0,228.0,323.21652500153976,330.2133988506451,25.833333333333336,22.807017543859647,34.72803347280335,29.97711670480549,23.92156862745098,24.361948955916475,1.050813603738849,6.996873849105327,-3.0263157894736885,-4.7509167679978574,0.44038032846549413,327.8006837302639,False,72.0,70.85847589424573,0.30951130319212367,2.1607242050900917,-1.1764467128496225,-0.4264084244944665,0.3165680473372781,0.24198250728862974,0.23850574712643677,1999-03-01,26,0.2101627207477698
669477,"Schmitt, Casey",R,2026,26.948089227444648,27.36276596382374,-7.6645742554067455,-8.138996204909365,39.59808933921169,39.9178229783196,4.346997767408527,4.992172018635119,27.870711259695486,27.61057575885578,215.0,563.0,106.0,303.0,388.23630188679243,341.83813861386136,15.09433962264151,21.45214521452145,41.05263157894737,34.78260869565217,19.53488372093023,20.24866785079929,-0.4744219495026192,-46.39816327293107,6.357805591879941,-6.270022883295198,0.7137841298690581,353.86309046454767,False,72.0,71.71838926174496,0.7530911802184985,1.8594812348605891,-0.4294360167792371,-0.5775253564506827,0.36439499304589706,0.20051413881748073,0.1980440097799511,1999-03-01,27,-0.09488438990052384
669701,"Smith, Josh",L,2024,33.4641699269917,33.69439885801867,5.847178215317224,5.743897706617945,37.01130112012231,37.91705065809436,-23.902380485582352,-24.56504219628098,17.96504120096625,17.7072412246658,822.0,260.0,451.0,141.0,315.3919044674616,288.88783940689586,18.181818181818183,27.659574468085108,25.754060324825982,25.691699604743086,18.856447688564476,23.846153846153847,-0.10328050869927896,-26.504065060565722,9.477756286266924,-0.06236072008289639,4.989706157589371,309.0792808635093,False,69.0,69.24396467124633,-2.660765469377626,1.0813618418773212,0.1035942881614648,-0.08210235231887578,0.25739910313901343,0.20055452865064696,0.20439189189189189,1997-08-07,27,-0.02065610173985579
669701,"Smith, Josh",L,2025,31.731214703211723,31.878471657213915,3.7144913700051068,3.06744319042217,31.770550515304834,33.39223199372111,-21.626944027975096,-21.350380309060718,22.02666635907622,21.920936528209438,788.0,242.0,443.0,121.0,333.90342073022254,221.45772176308543,15.349887133182843,26.446280991735538,25.205158264947247,28.699551569506728,15.355329949238577,27.27272727272727,-0.6470481795829368,-112.4456989671371,11.096393858552695,3.4943933045594804,11.917397323488693,309.77943212202473,False,69.0,68.18628048780488,-1.7479285731984873,0.6385317354742222,0.08410067266594147,-0.4482819251573647,0.25929368029739774,0.18155339805825244,0.1773049645390071,1997-08-07,28,-0.12940963591658736
669701,"Smith, Josh",L,2026,31.19750082866629,31.276523111018534,3.739922981755677,4.101833683004024,30.360536025491214,32.66324497531863,-19.923762004977437,-19.27692094847769,24.326948188481218,24.51046111131783,368.0,61.0,198.0,33.0,298.66551515151514,147.0168484848485,20.2020202020202,39.39393939393939,32.186732186732186,47.76119402985074,20.92391304347826,29.508196721311474,0.3619107012483469,-151.64866666666663,19.19191919191919,15.574461843118556,8.584283677833213,277.0014199134199,False,69.0,68.10223880597015,-1.6308286427263703,0.2633259638130706,0.034167842556910744,-0.594434131036929,0.3438818565400844,0.22144522144522144,0.22943722943722944,1997-08-07,29,0.07238214024966938
669707,"Triolo, Jared",R,2024,26.550407261259107,26.240632634269875,9.818493630782505,10.115815378442738,38.544827237417415,39.3947259078915,0.8571736650486752,1.0692062079752112,32.65576226265014,32.335793126177215,228.0,609.0,122.0,325.0,282.202173728949,299.8509121699075,27.049180327868854,26.153846153846157,22.633744855967077,26.232114467408586,25.438596491228072,25.12315270935961,0.29732174766023256,17.648738440958482,-0.8953341740226968,3.598369611441509,-0.31544378186846345,295.03403053725214,False,75.0,69.71991978609626,1.970696882301816,0.4340685086266003,-0.2245450860049653,0.5755717110783761,0.25229357798165136,0.2520908004778972,0.2639821029082774,1998-02-08,26,0.05946434953204651
669707,"Triolo, Jared",R,2025,29.373231268943066,29.483139796484977,6.258555152600591,6.971291876658509,38.236344789445106,41.06152733924169,-1.7609132307023472,-2.06152558025797,34.92337632243414,34.61055485096673,225.0,453.0,123.0,255.0,309.3201949681187,307.6691568691714,17.073170731707318,21.568627450980394,24.170616113744074,23.217922606924642,18.666666666666668,23.178807947019866,0.7127367240579181,-1.6510380989473106,4.495456719273076,-0.9526935068194327,4.512141280353198,308.20639942517806,False,75.0,71.02943089430894,1.968918885654864,-0.43300534972421056,-1.0609095027153457,0.3036514451666281,0.23504273504273504,0.2168141592920354,0.20105820105820105,1998-02-08,27,0.14254734481158363
669707,"Triolo, Jared",R,2026,31.50169189292806,31.416134042038518,6.807805199929729,5.9735068098754525,48.714016238163765,47.00902206393352,-4.289347274141934,-4.025333610773816,33.78169143796163,33.65036814039314,232.0,347.0,139.0,216.0,331.8564892086331,258.08785185185184,13.66906474820144,23.14814814814815,25.36764705882353,25.53191489361702,15.517241379310345,21.037463976945244,-0.8342983900542764,-73.76863735678126,9.47908339994671,0.16426783479349183,5.520222597634898,286.9719098591549,False,75.0,69.94505494505495,1.411212779569798,-1.0006040354498136,-1.8429633019556457,0.44493282940773604,0.25462962962962965,0.18825561312607944,0.19436619718309858,1998-02-08,28,-0.16685967801085527
669717,"Wilson, Will",R,2025,27.173356503574077,26.523698697515158,2.5969331537254483,5.4139137927178735,60.95844401446976,61.064687898868684,-3.2782291162874304,-4.862004267239812,27.056463084427623,26.49278804047197,105.0,98.0,49.0,42.0,238.6378374182209,210.72835714285713,36.734693877551024,38.095238095238095,32.38095238095238,39.56043956043956,36.19047619047619,30.612244897959183,2.8169806389924252,-27.909480275363762,1.360544217687071,7.179487179487182,-5.578231292517007,225.75653882959148,False,,,,,,,,,,1998-07-21,27,0.563396127798485
669720,"Hays, Austin",R,2024,12.665130927497668,12.559555285016923,-19.89454101350256,-19.26750011892467,46.02811439690236,47.43970288461819,4.671157188781608,4.199505167013305,28.273520329551932,28.795588933459957,164.0,296.0,90.0,165.0,356.6696285175234,257.73385009951846,26.666666666666668,21.21212121212121,36.94267515923567,35.907335907335906,32.31707317073171,24.66216216216216,0.6270408945778918,-98.93577841800493,-5.454545454545457,-1.0353392518997637,-7.654911008569549,292.65236012940255,False,70.0,71.91265206812652,3.151274706150323,1.0498781888029256,0.8182307225116716,-0.7243347487618959,0.3629807692307692,0.27391304347826084,0.23137254901960785,1995-07-05,29,0.12540817891557837
669720,"Hays, Austin",R,2025,12.314285257597318,12.629631219587084,2.471851236693771,2.552754301061742,52.534358582024375,53.23916661255263,-6.0296286403103885,-6.753498355398696,25.881444358516045,26.080071006392203,196.0,615.0,105.0,312.0,342.95296360132335,281.61063354980064,22.857142857142858,26.602564102564102,29.5,35.70247933884298,27.55102040816326,30.40650406504065,0.08090306436797112,-61.34233005152271,3.7454212454212445,6.202479338842977,2.8554836568773894,297.0565439944287,False,70.0,71.12110091743119,0.9852240384455289,0.41365869634608415,0.5069635640980338,0.057369946460197496,0.3416149068322981,0.2971639950678175,0.2565947242206235,1995-07-05,30,0.016180612873594225
669720,"Hays, Austin",R,2026,14.375738636909183,13.52790582931368,-4.871831719440795,-0.6551885037668637,53.632625540244334,50.07155223504705,0.7513426656994219,2.1690273481010607,24.361118542402174,24.943818393363166,99.0,99.0,51.0,45.0,340.226588235294,242.81235555555554,23.52941176470588,31.11111111111111,29.069767441860467,45.04504504504504,28.28282828282828,38.38383838383838,4.2166432156739315,-97.41423267973846,7.58169934640523,15.975277603184576,10.1010101010101,294.5636666666666,False,,,,,,,,,,1995-07-05,31,0.8433286431347863
669743,"Call, Alex",R,2024,31.38884603480185,32.60099645407519,35.751021139029504,35.67629309827295,53.86604641783882,50.92992248190738,-40.45303429452069,-38.842905758774066,25.609001286385123,26.03234844223841,71.0,138.0,36.0,78.0,299.4478337510443,324.0834388550518,22.22222222222222,14.102564102564102,19.718309859154928,18.471337579617835,25.352112676056336,12.318840579710146,-0.07472804075655404,24.63560510400748,-8.11965811965812,-1.2469722795370934,-13.03327209634619,316.3037740853652,False,,,,,,,,,,1994-09-27,30,-0.014945608151310807
669743,"Call, Alex",R,2025,33.45534011243337,33.83952356715749,36.74191983280687,35.87826469787318,51.365253243914296,52.367347847482144,-36.78427531000896,-35.78013491484851,25.536549178160126,25.5749210786662,187.0,307.0,119.0,205.0,333.0002392612547,301.23106569778105,18.487394957983195,16.097560975609756,19.230769230769234,15.691489361702127,19.25133689839572,15.309446254071663,-0.8636551349336941,-31.769173563473657,-2.389833982373439,-3.539279869067107,-3.941890644324058,312.89937327201983,False,71.0,65.40791208791208,-3.0837460202312648,-0.6032629902556953,0.01474293077364456,1.9538550819224032,0.1695205479452055,0.1680161943319838,0.1697530864197531,1994-09-27,31,-0.1727310269867388
669743,"Call, Alex",R,2026,30.82261702110101,30.546869833613282,25.253086911780162,22.55186171779901,50.098696462980044,51.84163550690541,-38.6253046909767,-36.86574987468026,26.400844014200032,25.58592289816929,153.0,199.0,76.0,116.0,294.947,260.786724137931,19.736842105263158,17.24137931034483,29.142857142857142,20.242914979757085,18.30065359477124,10.552763819095476,-2.701225193981152,-34.160275862069,-2.4954627949183283,-8.899942163100057,-7.747889775675764,274.3085,False,71.0,66.32145110410094,-2.7247700491183107,-0.38755744842979073,1.069193405870978,1.5196662634130835,0.23933649289099526,0.13920454545454544,0.18229166666666666,1994-09-27,32,-0.5402450387962304
670032,"Lopez, Nicky",L,2024,15.768840252411938,15.577663495995901,12.652358712173706,11.31290856613273,28.229321491643972,28.739858769876076,-5.79438455693211,-5.092804754694916,37.85492765288538,38.53670625916556,668.0,116.0,379.0,66.0,283.0673013198644,212.14324242424243,15.303430079155673,13.636363636363635,26.420454545454547,37.89473684210527,17.664670658682635,19.82758620689655,-1.339450146040976,-70.92405889562195,-1.6670664427920379,11.47428229665072,2.162915548213917,272.54822741624406,False,70.0,63.489411764705885,2.1845368863133046,-2.3345272335957534,2.212337788028705,-1.2822354372206715,0.27784730913642053,0.1798469387755102,0.15056179775280898,1995-03-13,29,-0.2678900292081952
670032,"Lopez, Nicky",L,2026,15.35890914890231,14.68944158604788,1.190720475393547,0.8846130451803137,26.183832757253157,25.635329222424954,5.527177147967091,5.494481157301108,38.553956833522676,38.452709923740166,373.0,114.0,202.0,59.0,273.17336633663365,228.57708474576268,16.33663366336634,15.254237288135593,33.33333333333333,34.57943925233645,17.962466487935657,12.280701754385964,-0.3061074302132333,-44.59628159087097,-1.0823963752307453,1.2461059190031207,-5.681764733549693,263.09221455938695,False,70.0,65.39955654101996,3.486198414135017,-1.522636997331236,2.059538970433611,-1.6753965745825847,0.33620689655172414,0.16632443531827515,0.16091954022988506,1995-03-13,31,-0.061221486042646656
670042,"Raley, Luke",L,2024,28.708345705188506,30.422319075413665,5.200879434224024,9.372088790988444,30.20677507393222,30.6627615515345,-13.770615124831272,-17.987947911899603,25.413863528727408,25.076216498821136,718.0,167.0,373.0,82.0,334.21184145424087,250.83472801182555,29.49061662198391,30.48780487804878,27.299270072992698,29.87012987012987,32.729805013927574,33.532934131736525,4.17120935676442,-83.37711344241532,0.9971882560648702,2.570859797137171,0.8031291178089504,319.1856363942891,True,75.0,73.89366626065772,-0.8946503028052651,0.7005175221279569,0.9982744998807398,0.00222286279146374,0.27771156138259834,0.3288135593220339,0.2967032967032967,1994-09-19,30,0.834241871352884
670042,"Raley, Luke",L,2025,25.03984077807794,26.658190691605242,6.1341630611966504,11.842383247212041,27.93738289181342,30.969629348920535,-10.487348065558784,-13.320298958294451,29.275450515740793,29.340602552012815,372.0,76.0,183.0,36.0,319.6319081657654,281.6857081807082,29.508196721311474,27.77777777777778,27.52808988764045,26.785714285714285,38.17204301075269,36.84210526315789,5.7082201860153905,-37.946199985057206,-1.7304189435336959,-0.7423756019261667,-1.3299377475947978,313.39417666137246,True,75.0,72.85957943925234,0.44167634676585565,0.04794545498459293,1.5505140210759676,-0.07014371683700445,0.27427184466019416,0.3794642857142857,0.2922374429223744,1994-09-19,31,1.141644037203078
670224,"Misner, Kameron",L,2025,26.306644571129407,27.225520094035883,1.1216325433031595,0.6901566772566656,42.216372850417386,41.47741485126589,-7.385489157333132,-8.544921775535698,29.759328121384787,29.534389293720448,355.0,75.0,175.0,42.0,267.78865602571625,173.30874310776943,30.28571428571429,38.095238095238095,28.686327077747993,40.0,30.985915492957744,42.66666666666667,-0.4314758660464939,-94.47991291794682,7.809523809523807,11.313672922252007,11.680751173708927,249.50222126740397,False,75.0,72.3141089108911,0.6485621292498035,-0.06888223351554168,0.21379448560733172,-0.5759974326819841,0.30580357142857145,0.3302325581395349,0.31797235023041476,1998-01-09,27,-0.08629517320929878
670231,"Rave, John",L,2026,26.049412840365566,27.373490603766125,7.426615873187248,5.650424422399719,54.24377217237935,54.81126343233486,-30.197256432957996,-30.718223142470762,25.448390022202954,25.228221324519684,175.0,64.0,108.0,38.0,341.03503703703694,219.9766315789474,22.22222222222222,28.947368421052634,23.981900452488688,31.08108108108108,22.285714285714285,21.875,-1.776191450787529,-121.05840545808954,6.725146198830412,7.099180628592393,-0.4107142857142847,309.5266849315068,False,,,,,,,,,,1997-12-30,29,-0.3552382901575058
670242,"Wallner, Matt",L,2024,26.53397672481397,27.685039898585867,31.593262058494602,30.198675853452194,37.76442029053297,35.47358844421837,-43.618051780242176,-45.91622095595687,33.710715808904496,32.38798034151604,389.0,103.0,217.0,44.0,377.37160785456314,270.8136186748035,34.10138248847927,47.72727272727273,24.361948955916475,31.73076923076923,35.98971722365039,36.89320388349515,-1.3945862050424083,-106.55798917975966,13.62589023879346,7.368820274852755,0.9034866598447593,359.4078089123814,False,76.0,76.32539682539682,-3.1584161811485383,-2.3997373817416348,3.4083979414642367,-0.11312396495430502,0.25794392523364484,0.3617886178861789,0.36398467432950193,1997-12-12,27,-0.27891724100848164
670242,"Wallner, Matt",L,2025,26.35098956850166,28.071388417553642,28.31177529786256,27.318485127846138,36.29976299315547,34.677676808170084,-46.22856613557591,-46.375743265494386,30.166548359217842,29.75588282107558,588.0,197.0,296.0,97.0,329.2089830305174,304.64016174823416,31.756756756756754,20.618556701030926,27.591973244147155,29.09090909090909,36.564625850340136,23.3502538071066,-0.9932901700164223,-24.56882128228324,-11.138200055725829,1.4989358467619347,-13.214372043233535,323.14492281580624,False,76.0,75.67759784075574,-3.3685009642681956,-1.7975998972300806,3.5078512328525013,-0.13013037309022493,0.27916120576671033,0.332484076433121,0.2900763358778626,1997-12-12,28,-0.19865803400328447
670242,"Wallner, Matt",L,2026,26.64699342873044,27.52533061363449,25.368604809706905,27.232651173740415,35.757781808943534,37.25742461478801,-31.73769047009301,-32.462416930382965,35.04536619601764,34.88153790778492,202.0,91.0,88.0,47.0,284.3230909090909,275.20400000000006,40.909090909090914,36.17021276595745,30.952380952380953,33.33333333333333,43.56435643564357,35.16483516483517,1.8640463640335092,-9.119090909090858,-4.738878143133462,2.380952380952376,-8.3995212708084,281.14829629629634,False,,,,,,,,,,1997-12-12,29,0.37280927280670184
670541,"Alvarez, Yordan",L,2024,26.50769622704947,26.526308338307118,5.186284846315582,5.040782826302449,38.82657416358758,38.38634541886042,-6.8829397572790985,-6.827046208021158,39.690891583907536,39.72821060319311,711.0,369.0,426.0,209.0,422.115154894016,398.0410830119763,13.145539906103288,18.660287081339714,28.55421686746988,34.97409326424871,17.440225035161745,21.138211382113823,-0.14550202001313295,-24.074071882039675,5.514747175236426,6.419876396778829,3.697986346952078,414.19156273126595,False,76.0,75.62226680040119,1.9945873611461509,-1.2275293917834642,1.0305656172309339,-0.5171111275925077,0.3059210526315789,0.18703703703703703,0.14960629921259844,1997-06-27,27,-0.02910040400262659
670541,"Alvarez, Yordan",L,2025,25.710884114019027,25.621852920330547,4.269418732863986,4.461490320368306,37.159658239981276,37.010118927360274,-9.21386700199803,-9.760122610375749,39.19923804625682,39.598610178510334,282.0,70.0,161.0,38.0,371.62032397433666,483.9417120007148,18.012422360248447,10.526315789473683,27.246376811594203,25.609756097560975,21.27659574468085,22.857142857142858,0.1920715875043193,112.32138802637814,-7.486106570774764,-1.6366207140332278,1.580547112462007,393.06862922560487,False,76.0,75.17758620689655,1.8703699263408813,-1.4061610496858419,1.0035105673574989,-0.663907603445089,0.2693208430913349,0.2159090909090909,0.1658291457286432,1997-06-27,28,0.03841431750086386
670541,"Alvarez, Yordan",L,2026,27.688892068748878,27.48279115795669,11.009894368517065,11.344596106509108,40.72440133563458,41.857179707524246,-9.003765358116285,-9.183829424760809,38.66484320496553,38.895931885995346,790.0,312.0,489.0,178.0,452.49698977505113,411.3116853932585,17.791411042944784,15.168539325842698,27.598896044158234,33.62573099415205,16.70886075949367,18.269230769230766,0.3347017379920434,-41.18530438179266,-2.622871717102086,6.026834949993816,1.5603700097370954,441.50600899550227,False,76.0,75.32488393686165,1.0226950192008801,-1.5863490911712708,0.5863279607778659,-0.009005502443968527,0.2904128761371588,0.17150635208711434,0.17091454272863568,1997-06-27,29,0.06694034759840868
670623,"Paredes, Isaac",R,2024,32.7414395914387,32.567558004457226,29.421045329270058,30.403129384817206,33.91508174789352,33.672448180820204,-38.86371824105455,-39.19965305537066,27.52636583695883,27.58189381627025,284.0,992.0,159.0,483.0,319.6598804626924,305.762761333643,15.723270440251572,16.563146997929607,26.627218934911244,26.188418323249785,14.43661971830986,16.834677419354836,0.9820840555471477,-13.897119129049372,0.8398765576780356,-0.4388006116614598,2.3980577010449764,309.2045712113982,False,71.0,67.2590206185567,-4.709985014655363,-1.7536993942310843,-0.12680113164994883,-1.295288310708886,0.262876254180602,0.16300940438871472,0.16355140186915887,1999-02-18,25,0.19641681110942955
670623,"Paredes, Isaac",R,2025,31.041903537302677,30.833991557488098,24.023311365151383,24.321535029335895,34.00477131339214,32.916968468199315,-36.42483951788392,-36.765258468651794,30.16866378290171,29.986915245732007,118.0,677.0,71.0,368.0,309.81878107239925,319.05958276028616,12.676056338028168,18.206521739130434,24.18300653594771,20.930232558139537,15.254237288135593,14.32791728212703,0.29822366418451196,9.240801687886915,5.530465401102266,-3.2527739778081752,-0.926320006008563,317.5650567469832,False,71.0,67.97637130801688,-3.6586454699679973,-1.8405762560275505,0.4181699668452448,-1.557402990793851,0.21443298969072164,0.14465408805031446,0.17312072892938496,1999-02-18,26,0.059644732836902394
670623,"Paredes, Isaac",R,2026,30.63437261531348,30.927533604413338,22.501960614912033,22.963774904740983,34.444038140387875,33.702244368530714,-37.693991915641455,-38.677158883542404,29.74024838159781,29.91283064297047,300.0,929.0,153.0,485.0,332.92938562091496,318.2585649484537,15.686274509803921,12.577319587628866,31.65680473372781,25.8008658008658,13.0,14.531754574811625,0.46181428982895056,-14.670820672461275,-3.108954922175055,-5.85593893286201,1.5317545748116252,321.77680250783703,False,71.0,66.40891719745223,-3.844987846524203,-1.8742037040046327,-0.06872407485779565,-1.8501278602930078,0.2712659075686537,0.14157851912123678,0.13322884012539185,1999-02-18,27,0.09236285796579011
670770,"Friedl, TJ",L,2024,31.43970587213784,32.57794566635589,38.66618993067561,39.46409942380255,62.01194259061443,63.179472265454244,-26.492149724147247,-27.720790911029678,29.961364250837025,30.61485948153715,436.0,118.0,261.0,81.0,287.2627896411669,311.6476645702306,13.409961685823754,20.98765432098765,22.338204592901878,29.1970802919708,13.990825688073393,24.576271186440678,0.7979094931269444,24.3848749290637,7.577692635163897,6.858875699068921,10.585445498367285,293.03815475594513,False,68.0,69.72194174757283,-4.092031264257512,-1.6634667837337886,0.19898123676248447,1.1942215988579243,0.23863636363636365,0.1624548736462094,0.15204678362573099,1995-08-14,29,0.15958189862538888
670770,"Friedl, TJ",L,2025,32.18736186586953,32.60497191812037,34.67179190827852,39.40157825938748,58.04433271233048,60.29937002945336,-27.12996348495073,-31.39384601299477,29.71479250590966,29.698786556217513,751.0,267.0,488.0,199.0,314.90179615355237,259.37058835996316,16.39344262295082,17.587939698492463,16.89189189189189,18.285714285714285,14.780292942743008,20.59925093632959,4.729786351108956,-55.5312077935892,1.1944970755416442,1.3938223938223935,5.818957993586581,298.8163371274618,False,68.0,69.10903426791278,-4.191796733053668,-1.6473229700983532,-0.47882183479327883,0.9550998600261389,0.172859450726979,0.16306483300589392,0.16739446870451238,1995-08-14,30,0.9459572702217912
671056,"Herrera, Iván",R,2024,32.211828399386235,32.07543235562238,-22.539503876611956,-20.982424107002767,33.801812553634065,33.64670968616955,-37.53009073038543,-36.09953847411752,33.80279562915705,33.80367746249862,147.0,305.0,84.0,176.0,369.7357881668596,367.74397809060315,22.61904761904762,19.318181818181817,21.568627450980394,28.04532577903683,22.448979591836736,20.983606557377048,1.5570797696091887,-1.9918100762564563,-3.300865800865804,6.476698328056436,-1.465373034459688,368.3874859613937,False,71.0,72.27129186602872,-2.109004955652359,-1.10824668323438,0.9784911455608638,-1.489229431871688,0.2608695652173913,0.21460176991150443,0.20384615384615384,2000-06-01,24,0.31141595392183774
671056,"Herrera, Iván",R,2025,31.56929511755044,31.989880996695366,-1.8163057126804043,0.9350305871589543,34.02959742505161,36.21117042026904,-44.729460781438306,-46.6888596411455,33.67685437406391,32.775477954861756,218.0,596.0,124.0,328.0,452.34231766099947,341.5325270602417,14.516129032258066,20.121951219512198,22.55639097744361,25.97402597402597,19.724770642201836,21.97986577181208,2.7513362998393585,-110.80979060075776,5.605822187254132,3.417634996582361,2.2550951296102433,371.9316731542549,False,71.0,73.284554973822,-3.478858558490022,-1.3451225136937177,1.4426876810879017,-1.1060282672667847,0.2494331065759637,0.21375921375921375,0.18584070796460178,2000-06-01,25,0.5502672599678717
671056,"Herrera, Iván",R,2026,30.92540088116374,30.7014017209919,-1.566070739335442,-0.46713965036782545,37.14787231177963,38.71787633469656,-41.464220300147126,-42.455272171219036,35.78840167654552,35.60124231874889,387.0,847.0,212.0,484.0,373.2343396226415,312.5443057851239,15.566037735849056,20.24793388429752,25.89641434262948,29.547844374342798,19.379844961240313,19.244391971664697,1.0989310889676167,-60.6900338375176,4.681896148448464,3.6514300317133177,-0.13545298957561513,331.03035057471266,False,71.0,72.76204188481675,-2.693045432340918,-1.5005672514285506,1.720881037029152,-0.4360425200028353,0.282863041982106,0.19286871961102106,0.1882183908045977,2000-06-01,26,0.21978621779352334
671213,"Casas, Triston",L,2024,31.895636137371827,32.42361033286087,1.0620643671347592,1.5224474184613948,30.030607176570093,30.923744506469408,-0.462047851754091,-0.8829808776730235,21.299048755561454,21.66689191750084,326.0,115.0,183.0,61.0,325.11040122468984,331.68937310041616,30.601092896174865,34.42622950819672,24.258760107816713,21.84873949579832,30.368098159509206,33.04347826086956,0.4603830513266356,6.5789718757263245,3.825136612021854,-2.4100206120183927,2.675380101360357,326.75514419362145,False,76.0,73.76900269541778,-0.7825356257478855,2.1257550203332634,0.6357360667504801,-0.1558349273698879,0.23673469387755103,0.31065759637188206,0.3155737704918033,2000-01-15,24,0.09207661026532712
671218,"Ramos, Heliot",R,2024,24.471302768610524,24.643296573614357,2.3636323160363726,3.288802037273447,49.11694181143262,50.458987957829436,-3.1173421796238263,-3.178750250084442,30.162228194081088,29.977668966147082,282.0,730.0,123.0,395.0,459.34149607431493,304.27264483824604,23.577235772357724,26.83544303797468,28.31541218637993,30.33112582781457,25.53191489361702,27.671232876712327,0.9251697212370744,-155.0688512360689,3.2582072656169565,2.0157136414346404,2.1393179830953066,341.0940129888956,False,71.0,74.41612903225807,1.2489342706214732,0.6786768298764396,0.13920434884270613,-0.07811384051346182,0.2978723404255319,0.2707509881422925,0.2606177606177606,1999-09-07,25,0.18503394424741487
671218,"Ramos, Heliot",R,2025,24.79730888969445,25.0007400965943,9.65031447027949,10.294801008255298,56.91811802341886,56.914931548179396,-4.648356224239511,-5.311009570950384,29.65347044288925,29.757677992798573,366.0,901.0,189.0,506.0,338.6709144868671,314.8267142595158,25.925925925925924,21.541501976284586,29.591836734693878,30.095036958817317,22.131147540983605,21.75360710321865,0.6444865379758085,-23.84420022735128,-4.384423949641338,0.5032002241234395,-0.3775404377649565,321.31096439328473,False,71.0,73.0324546952224,0.8415475354762543,0.5605689622347146,0.030365222935694443,0.9922692301927173,0.2994772218073189,0.21862667719021311,0.2273381294964029,1999-09-07,26,0.1288973075951617
671218,"Ramos, Heliot",R,2026,27.799652526344566,28.051830686074045,9.607769401368683,8.419492896232702,51.6217365046893,51.563775540081174,-6.627828109033957,-6.700361394335497,26.36630218509483,25.710486869905083,214.0,636.0,108.0,317.0,396.18625925925915,303.2300063091483,25.0,28.391167192429023,31.666666666666664,33.33333333333333,28.037383177570092,25.471698113207548,-1.1882765051359812,-92.95625295011087,3.391167192429023,1.6666666666666643,-2.565685064362544,326.85183058823526,False,71.0,71.90768292682927,0.18873065703124065,1.1478692844466218,0.24159490729369126,0.5056307106218448,0.32875143184421535,0.2611764705882353,0.2752941176470588,1999-09-07,27,-0.23765530102719623
671277,"García Jr., Luis",L,2024,28.055554682535366,28.758582554570076,-14.040522301465883,-16.829902392111233,41.57840406432118,43.6233272934045,-10.923402056996128,-10.816464495201,31.26314278395079,30.62316240172615,761.0,206.0,414.0,114.0,350.9901992093931,282.36949451113924,15.70048309178744,18.421052631578945,36.21134020618557,34.285714285714285,18.528252299605782,20.87378640776699,-2.7893800906453503,-68.62070469825386,2.720569539791505,-1.9256259204712833,2.345534108161207,336.17436524045195,False,73.0,70.63634311512416,1.4113227010637026,0.1849366452434119,-0.5779797486693956,0.13247712418333937,0.3580121703853955,0.19027921406411583,0.16287878787878787,2000-05-16,24,-0.5578760181290701
671277,"García Jr., Luis",L,2025,28.076652321061175,28.535168371213615,3.854028648446918,2.533217662248414,39.03820471195468,42.03688197885809,-10.885730887487174,-11.067974705920033,32.20341485777421,32.25915514757435,789.0,196.0,421.0,107.0,361.2649798568305,243.76892044424494,15.676959619952493,16.822429906542055,38.15620998719591,36.99421965317919,17.61723700887199,26.02040816326531,-1.320810986198504,-117.49605941258557,1.1454702865895623,-1.1619903340167212,8.40317115439332,337.45422539253764,False,73.0,71.47787144362486,0.9290959757952697,-0.45281565940554014,-0.3141597593649821,0.2847512866618743,0.37945492662473795,0.19289340101522842,0.1590909090909091,2000-05-16,25,-0.2641621972397008
671277,"García Jr., Luis",L,2026,29.552377960424376,30.658571774053442,0.05415880268404964,-3.901216760208917,44.647410778600346,47.95762996156557,-14.946378554811325,-14.52334534447499,28.569035022701843,27.7211717916529,867.0,162.0,449.0,85.0,356.1415679287305,248.6026352941177,17.37193763919822,20.0,37.980241492864984,42.592592592592595,17.301038062283737,18.51851851851852,-3.9553755628929665,-107.53893263461282,2.6280623608017812,4.612351099727611,1.2174804562347816,339.02394756554315,False,73.0,73.45363908275175,-0.10073800738573808,0.4668063401387844,-0.5513100411014018,0.5744967276619464,0.38676607642124883,0.1749271137026239,0.17790262172284643,2000-05-16,26,-0.7910751125785933
671289,"Freeman, Tyler",R,2024,31.24978295973505,31.114271451308674,8.098814925103826,8.623636460280723,41.30341398794211,41.465775581364674,-19.168248960298296,-19.217079201542802,27.973625230798856,27.6541789087028,232.0,409.0,136.0,248.0,323.67034197397186,295.74058626006615,14.705882352941178,13.306451612903224,26.217228464419474,30.975609756097562,15.948275862068966,13.691931540342297,0.5248215351768977,-27.929755713905706,-1.3994307400379533,4.758381291678088,-2.2563443217266688,305.63237474207443,False,71.0,70.86109154929578,-1.8371880552161515,-0.5171730075390085,0.18065730634829769,-0.30103535070850174,0.29098966026587886,0.14508580343213728,0.13802083333333334,1999-05-21,25,0.10496430703537954
671289,"Freeman, Tyler",R,2025,30.58954266361018,30.425958597120573,31.420486106895616,35.87768103322352,41.34300440504496,40.18232484484895,-18.521730885705953,-18.34991812071209,29.089453520427575,29.847843106098978,214.0,530.0,119.0,309.0,306.21626290516207,330.7198630048271,11.76470588235294,11.974110032362459,23.83177570093458,25.734024179620036,9.813084112149532,12.075471698113208,4.457194926327901,24.50360009966505,0.20940415000951873,1.9022484786854577,2.262387585963676,323.9069461546866,False,71.0,70.41848137535817,-1.0461159636297563,-1.1196033778994525,0.889138109821788,0.08331817671166936,0.25220680958385877,0.11424731182795698,0.1191588785046729,1999-05-21,26,0.8914389852655802
671289,"Freeman, Tyler",R,2026,29.42761579998956,29.407112962537585,30.675903281384617,33.11805202094513,32.646410801402666,34.20753319356532,-14.97510457429635,-16.307611002436346,29.681862659928274,29.770187149181993,194.0,310.0,101.0,187.0,275.18954455445544,321.6489411764706,14.85148514851485,10.16042780748663,31.70731707317073,27.564102564102566,11.855670103092782,10.967741935483872,2.442148739560512,46.45939662201516,-4.69105734102822,-4.143214509068166,-0.8879281676089104,305.3558888888889,False,71.0,69.48466522678186,-0.7283644400092838,-1.0520456809556318,1.3071274455357904,-0.5956308575108258,0.29206963249516443,0.1130952380952381,0.11805555555555555,1999-05-21,27,0.48842974791210236
671732,"Butler, Lawrence",L,2024,26.898456133351154,26.028797991363945,12.316630307802923,9.928575623525004,36.67982081830759,43.13096808986007,4.267295557189676,4.45182305162478,33.01062413405709,41.11289575613316,699.0,165.0,362.0,89.0,350.36382755528683,315.3172433604171,23.480662983425415,25.842696629213485,26.137841352405722,32.48407643312102,25.035765379113016,23.636363636363637,-2.3880546842779182,-35.04658419486975,2.3620336457880704,6.346235080715296,-1.3994017427493795,343.44776105119945,False,75.0,73.18558673469387,2.3850773507915033,0.8921391542446858,0.9310409321440936,0.5404809693151711,0.27213822894168466,0.24768518518518517,0.2394678492239468,2000-07-10,24,-0.47761093685558365
671732,"Butler, Lawrence",L,2025,26.078697796763738,25.002488563875858,11.44699265558324,7.692513668475409,33.6258810252997,39.356133927979144,3.7570404190031867,4.362452422319054,32.96712911564638,39.546938122035286,960.0,218.0,509.0,123.0,316.91786300851305,245.57804750980637,25.540275049115913,39.83739837398374,26.402321083172147,25.877192982456144,29.062500000000004,35.77981651376147,-3.7544789871078317,-71.33981549870668,14.297123324867826,-0.5251281007160031,6.717316513761464,303.0336900554419,False,75.0,72.87842435094001,2.2834675982766868,0.9095567507468566,1.673027692577032,0.5846580374079369,0.2630744849445325,0.3030560271646859,0.28322784810126583,2000-07-10,25,-0.7508957974215663
671732,"Butler, Lawrence",L,2026,25.6182600324478,24.933555002092245,8.71157610318239,7.114268418944184,41.62601583606696,42.703215383480064,0.6964550594567365,0.7436992342717017,34.603056506881984,36.851215724580165,745.0,249.0,374.0,146.0,337.82608556149734,287.8961095890411,26.203208556149733,26.027397260273972,24.42002442002442,25.252525252525253,24.563758389261743,21.285140562248998,-1.5973076842382055,-49.92997597245625,-0.17581129587576072,0.8325008325008341,-3.278617827012745,323.8072846153846,False,75.0,72.68894967177242,1.8336210600900023,0.571497448323955,1.4308791322118566,0.9769319097395208,0.246415770609319,0.23742454728370221,0.26153846153846155,2000-07-10,26,-0.3194615368476411
671739,"Harris II, Michael",L,2024,30.91126177416576,30.567292755218844,-4.419349178569023,-3.762381946058892,38.837934877555924,39.687877820046445,-13.335349155566899,-13.706736983584996,17.556672588772923,17.510449888864336,651.0,274.0,324.0,146.0,345.1733841614266,349.70804305032925,19.1358024691358,21.91780821917808,38.56893542757417,41.92139737991266,22.427035330261134,26.277372262773724,0.656967232510131,4.534658888902641,2.7820057500422806,3.352461952338494,3.8503369325125902,346.582022880107,False,71.0,73.86921212121212,-1.1883339925219185,1.9911189580368651,0.19715470328992707,-0.20288766745187392,0.39526184538653364,0.23567567567567568,0.2,2001-03-07,23,0.1313934465020262
671739,"Harris II, Michael",L,2025,31.06868741286874,30.823725287766568,-13.885608177509594,-12.187248408584395,38.06666735736206,38.367643120514884,-17.948850117506193,-17.981045252424213,20.4952396895818,20.713076451516685,912.0,319.0,458.0,184.0,330.6948815255606,273.914818767468,19.432314410480352,21.195652173913043,43.5960591133005,42.25352112676056,20.942982456140353,27.586206896551722,1.698359768925199,-56.78006275809264,1.7633377634326912,-1.3425379865399378,6.64322444041137,314.4214679001883,False,71.0,73.52041166380789,-0.8072576721864685,1.5248149319051696,-0.14670568223596747,-0.2832601289157674,0.4324817518248175,0.22664500406173843,0.19937694704049844,2001-03-07,24,0.3396719537850398
671739,"Harris II, Michael",L,2026,29.806973756757007,29.833726264200514,-18.480295860126123,-16.138603013626735,38.57746893623205,39.71192017236305,-27.42422882184643,-27.527322939536926,21.696277379374692,21.694217504728478,786.0,414.0,388.0,221.0,351.5094639175258,312.27395475113116,19.84536082474227,18.099547511312217,45.278137128072444,43.969849246231156,21.755725190839694,22.22222222222222,2.341692846499388,-39.23550916639465,-1.7458133134300517,-1.308287881841288,0.4664970313825272,337.2712906403941,False,71.0,74.05463286713287,-1.265171674900922,1.2749108648329581,0.5114805551592903,-0.22496775991586826,0.448334756618275,0.21916666666666668,0.1921182266009852,2001-03-07,25,0.4683385692998776
671976,"Peters, Tristan",L,2026,26.015886914475963,26.601986534854838,-29.420029615208485,-29.0281081214785,54.609930551482655,53.30388099469609,-5.2303213240484965,-7.018304666126469,30.18661359635885,30.049721254316918,804.0,94.0,408.0,64.0,316.64246078431376,287.59950000000003,18.137254901960784,20.3125,33.33333333333333,24.545454545454547,20.398009950248756,22.340425531914892,0.39192149372998486,-29.04296078431372,2.175245098039216,-8.787878787878782,1.9424155816661361,312.7044322033899,False,72.0,68.81680572109654,1.6274052451687633,1.0180314404652873,0.9306111062990124,0.6910715526093336,0.3219741480611046,0.20601336302895323,0.1843220338983051,2000-02-29,26,0.07838429874599698
672016,"Clarke, Denzel",R,2025,23.802088656644685,23.54126149295082,10.312920287881838,8.443621354190276,55.44152848032443,55.10905623524648,-10.213948560385576,-11.29625375112287,39.289000896297814,39.918569566760375,61.0,229.0,31.0,128.0,216.99159530791792,257.4345547184885,38.70967741935484,38.28125,24.675324675324674,31.428571428571427,34.42622950819672,29.257641921397383,-1.869298933691562,40.44295941057061,-0.42842741935483986,6.753246753246753,-5.168587586799337,249.54944942460367,False,,,,,,,,,,2000-05-01,25,-0.3738597867383124
672016,"Clarke, Denzel",R,2026,26.291674639586518,25.041959615941945,11.36648931155174,12.448438341276775,52.25971312646099,54.61296087910297,-12.241453777678199,-11.053543598058441,36.305573846785194,37.44809566024889,64.0,72.0,36.0,46.0,254.01855555555554,190.10391304347826,25.0,41.30434782608695,23.170731707317074,24.444444444444443,28.125,34.72222222222222,1.0819490297250347,-63.91464251207728,16.304347826086953,1.2737127371273687,6.597222222222221,218.16400000000002,False,,,,,,,,,,2000-05-01,26,0.21638980594500695
672279,"Siani, Michael",L,2024,28.89904422369616,28.307102809774236,20.594719747453134,21.999236453693413,44.587775899479034,44.54687535041939,-9.78311960007717,-11.698755630556056,30.947781735133404,31.914256025409415,415.0,197.0,226.0,107.0,262.5519879250543,209.58024442846872,26.991150442477874,28.037383177570092,27.06766917293233,32.075471698113205,26.987951807228917,25.888324873096447,1.4045167062402797,-52.97174349658556,1.046232735092218,5.007802525180875,-1.0996269341324698,245.5310373120373,False,71.0,68.07345454545455,-0.45486657631249694,-0.5957697191855789,0.5419147485442033,0.5644680270342308,0.2849462365591398,0.26633986928104575,0.2732732732732733,1999-07-16,25,0.28090334124805594
672284,"Kelenic, Jarred",L,2024,29.743082026745064,29.877609905446604,0.48165250097099493,4.267655667741993,35.64721592624708,37.70608992966999,-7.36552614292494,-7.6452434140906345,26.268010492472378,24.12414300995961,736.0,139.0,378.0,72.0,316.5463749284226,279.4410978525283,29.365079365079367,30.555555555555557,28.761651131824234,33.89830508474576,31.25,30.935251798561154,3.786003166770998,-37.10527707589432,1.1904761904761898,5.136653952921524,-0.31474820143884585,310.6095305962795,False,71.0,71.83877551020407,-0.31541941074075047,0.8455295747391587,-0.8953112945093142,-1.1134934077361154,0.2945914844649022,0.312,0.29555555555555557,1999-07-16,25,0.7572006333541996
672356,"Arias, Gabriel",R,2024,30.59834102349135,30.400422255472588,-9.424769158630154,-9.92932863347116,35.08435311950747,35.87641444345451,-2.4548194779528094,-2.8267256716005598,30.608775881755545,30.821739739740327,140.0,208.0,65.0,96.0,281.8349198139088,277.1507967461307,33.84615384615385,32.29166666666667,39.81481481481482,39.1566265060241,38.57142857142858,34.61538461538461,-0.504559474841006,-4.684123067778103,-1.5544871794871753,-0.6581883087907201,-3.9560439560439633,279.04190233250074,False,73.0,73.8279365079365,1.1188183820338735,0.6295408314921078,1.0616558039016424,-1.0911112278478856,0.39416058394160586,0.3620689655172414,0.32919254658385094,2000-02-27,24,-0.10091189496820122
672356,"Arias, Gabriel",R,2025,29.456076723316198,28.99246934688511,-8.700573329060722,-8.611036915155708,29.77315633483726,31.68758870386842,-4.456108312880825,-4.364467551725669,26.49281982411796,26.57245098584513,327.0,698.0,135.0,336.0,265.2386006593146,294.75660844003767,37.77777777777778,33.035714285714285,39.00709219858156,39.10355486862442,42.50764525993883,35.24355300859599,0.0895364139050141,29.518007780723053,-4.742063492063494,0.09646267004286102,-7.264092251342845,286.29603296148645,False,73.0,74.22660550458716,0.4194743836582432,1.5188962705771052,2.2837749178479347,-1.4878140205765185,0.3907427341227126,0.375609756097561,0.34394904458598724,2000-02-27,25,0.01790728278100282
672356,"Arias, Gabriel",R,2026,31.746129943330153,31.311339714372746,-7.661768771425818,-7.677431382311508,29.749309186151763,32.16767233200875,-6.5110371649754395,-6.652865690856082,26.35504825470771,26.117942812865515,101.0,189.0,50.0,97.0,188.21112,318.4261443298969,50.0,36.08247422680412,41.05263157894737,36.89320388349515,52.475247524752476,40.74074074074074,-0.01566261088569032,130.2150243298969,-13.917525773195877,-4.159427695452223,-11.734506784011735,274.13531972789116,False,,,,,,,,,,2000-02-27,26,-0.003132522177138064
672386,"Kirk, Alejandro",R,2024,22.306153395644106,22.313000278772908,-30.560176047517967,-30.282860721022285,57.89104544354227,58.86211444482581,8.14445803892847,7.211138961245481,23.968934764168722,24.471910371888473,194.0,502.0,100.0,286.0,307.9948108296464,334.7965043043786,20.0,10.839160839160838,31.65137614678899,26.838235294117645,15.463917525773196,12.749003984063744,0.2773153264956818,26.80169347473219,-9.160839160839162,-4.813140852671346,-2.7149135417094516,327.8530603990075,False,68.0,69.2326194398682,2.011482020381011,2.537645808723628,0.5483972823480145,1.2539769629896407,0.2821522309711286,0.13505747126436782,0.13212435233160622,1998-11-06,26,0.05546306529913636
672386,"Kirk, Alejandro",R,2025,22.015819282739958,21.493542817967,-14.244300157707189,-14.072141884429051,59.57586341927912,62.218648984498444,4.497465552310074,4.312894840106255,28.475631831557365,28.46420906627996,260.0,674.0,144.0,362.0,349.8918710457592,361.6958639740371,13.194444444444445,11.049723756906078,31.46853146853147,28.471248246844322,16.153846153846153,16.468842729970326,0.17215827327813749,11.803992928277864,-2.144720687538367,-2.997283221687148,0.3149965761241731,358.3366248798236,False,68.0,71.66277533039649,2.244661671870341,2.0194619604733037,0.9265500713653064,2.0493736866212853,0.2932932932932933,0.16381156316916487,0.116600790513834,1998-11-06,27,0.034431654655627496
672386,"Kirk, Alejandro",R,2026,19.812798289257533,19.214298363103513,-9.715687162516417,-11.465152679206154,58.352944939936165,61.469229670594125,0.6560397966716146,0.5213749228960323,25.945412410532985,25.39389072180254,137.0,361.0,91.0,208.0,295.0317802197802,318.9808076923076,17.582417582417584,9.615384615384617,25.581395348837212,30.56234718826406,18.97810218978102,11.357340720221606,-1.749465516689737,23.949027472527405,-7.967032967032967,4.980951839426847,-7.6207614695594135,311.69197324414716,False,68.0,70.74636174636174,1.9927275600441074,2.1850340706623035,1.6604693749613286,2.0127572597538563,0.2908777969018933,0.13453815261044177,0.12040133779264214,1998-11-06,28,-0.34989310333794743
672515,"Moreno, Gabriel",R,2024,29.14992137914472,29.082257923166406,10.911272059632266,10.208160866766187,24.349261086246905,24.980850772927976,-9.065464328918344,-9.77821035548626,34.8026206421043,34.021238368719594,233.0,398.0,120.0,231.0,327.0484395969528,330.7610578597221,10.0,17.316017316017316,25.287356321839084,20.085470085470085,14.592274678111588,17.839195979899497,-0.7031111928660785,3.712618262769297,7.316017316017316,-5.201886236368999,3.246921301787909,329.4917866587753,False,69.0,69.65426497277677,1.1810886260524025,-0.9243042870967084,-0.01924893955815634,-1.7441368210071937,0.2194787379972565,0.1664025356576862,0.14814814814814814,2000-02-14,24,-0.1406222385732157
672515,"Moreno, Gabriel",R,2025,28.338308494809205,28.145169944589114,5.862937351462602,6.30586616324053,27.830943598588462,28.51994393593026,-12.344275794205592,-12.363415958466792,32.07824003947394,31.726453650403894,143.0,434.0,77.0,232.0,339.58941638985254,350.7334430971496,14.285714285714285,18.103448275862068,29.559748427672954,24.261603375527425,15.384615384615385,16.359447004608295,0.44292881177792864,11.14402670729703,3.817733990147783,-5.298145052145529,0.9748316199929103,347.95645262316293,False,69.0,69.90035587188612,0.5013012248123941,-0.023193448541422277,0.41783493805806593,-0.995241546552591,0.2559241706161137,0.1611785095320624,0.1715210355987055,2000-02-14,25,0.08858576235558573
672515,"Moreno, Gabriel",R,2026,29.48507580448913,29.414143179919776,22.647219413029525,21.59505172309575,35.92301296522906,35.8789348924435,-21.724911617433108,-21.73312602570376,28.626380579158376,28.577217252190938,285.0,676.0,146.0,386.0,376.059397260274,357.6011295336788,14.383561643835616,14.766839378238341,32.05882352941177,27.59776536312849,14.385964912280702,13.609467455621301,-1.0521676899337749,-18.45826772659524,0.38327773440272495,-4.4610581662832764,-0.776497456659401,362.6667443609022,False,69.0,70.70614886731393,-1.8450246429165686,-0.5164097006964645,0.11863379375830316,-0.4884435017790889,0.28825910931174087,0.1383975026014568,0.14661654135338345,2000-02-14,26,-0.21043353798675496
672580,"Garcia, Maikel",R,2024,30.49092756283999,30.273474648117727,-17.41428271808831,-18.81334711044423,33.619746514550805,33.94791318894244,4.001724576540034,4.822980795200083,32.39777042191412,32.22540817678553,268.0,749.0,160.0,467.0,311.7852282870358,301.27462114263915,11.25,18.201284796573873,23.106060606060606,20.60535506402794,10.44776119402985,15.7543391188251,-1.3990643923559212,-10.510607144396658,6.951284796573873,-2.500705542032666,5.306577924795251,303.9567537472699,False,73.0,69.92633297062024,1.2719478799175663,2.6013286591835905,0.23304017764640744,-0.652962896006427,0.21193232413178986,0.14355948869223206,0.16427432216905902,2000-03-03,24,-0.27981287847118425
672580,"Garcia, Maikel",R,2025,30.50228778426221,30.505499815419306,0.7138397233800581,1.0240536466625196,37.44552630484013,37.84072735875723,3.397536306443172,2.8980424985630586,35.156130781273724,35.23620837103063,213.0,797.0,139.0,530.0,346.8103520494763,328.52343024472333,14.388489208633093,12.075471698113208,24.242424242424242,19.84978540772532,16.901408450704224,12.547051442910917,0.31021392328246156,-18.28692180475298,-2.3130175105198845,-4.392638834698921,-4.354357007793308,332.32295510400684,False,73.0,71.08276220145379,1.1687232763887412,1.8086968977618407,0.17983323086794825,0.12243864091523737,0.20819397993311037,0.13465346534653466,0.12556053811659193,2000-03-03,25,0.06204278465649231
672580,"Garcia, Maikel",R,2026,29.392680416807117,29.16230608830643,4.984841892724408,6.523949009023419,39.363292705859905,41.101952025341184,3.6713148260008617,3.2707628770269497,37.22351322901926,38.00556104169744,115.0,379.0,75.0,256.0,387.2133866666667,290.927984375,13.333333333333334,15.625,21.935483870967744,23.7791932059448,8.695652173913043,15.303430079155673,1.5391071162990118,-96.28540229166668,2.291666666666666,1.8437093349770564,6.60777790524263,312.744918429003,False,73.0,70.8759493670886,1.4870216612118308,1.2825458588642353,0.030176611267599223,0.26394211090860814,0.23322683706070288,0.13765182186234817,0.1510574018126888,2000-03-03,26,0.30782142325980233
672640,"Lopez, Otto",R,2024,29.55621765344613,29.042360366726133,1.6256887362201744,2.22360876888805,51.69092549089552,53.55328785527718,-6.5883424014044,-7.211916801722695,31.272658643186823,31.18308175388659,259.0,531.0,137.0,298.0,294.445351231984,326.5747163544294,19.708029197080293,16.10738255033557,42.857142857142854,28.413284132841326,22.393822393822393,18.64406779661017,0.5979200326678757,32.12936512244545,-3.6006466467447247,-14.443858724301528,-3.749754597212224,316.45581285609603,False,70.0,69.76273712737128,1.0115189030113587,1.3387705536261976,-0.24959183366247892,1.5816294807768287,0.32729624838292365,0.19873417721518988,0.1724137931034483,1998-10-01,26,0.11958400653357515
672640,"Lopez, Otto",R,2025,29.364970086774708,29.26901554934873,-1.253444328391854,-1.1821847503720977,52.17711654460332,51.62411399401305,0.2767749953870301,-0.28610110134427597,32.11860891474949,32.18356429944377,335.0,650.0,191.0,403.0,282.96811444694254,351.02235948577135,15.706806282722512,12.903225806451612,29.914529914529915,28.98134863701578,18.507462686567163,16.307692307692307,0.07125957801975624,68.05424503882881,-2.8035804762709002,-0.9331812775141337,-2.199770378874856,329.1395971921412,False,70.0,70.77693121693122,1.8119731315835224,1.8510431087011852,-0.2995638684803483,1.6534991440516715,0.2929389312977099,0.17055837563451776,0.13804713804713806,1998-10-01,27,0.014251915603951249
672640,"Lopez, Otto",R,2026,28.24122453293521,27.869815017534155,-4.742675802275766,-4.211493444069312,50.705070408606545,52.45669337589223,-3.3951427171434987,-3.888861065807798,31.568823609018096,31.682715969050708,288.0,839.0,165.0,507.0,321.6296484848485,329.37496646942805,13.333333333333334,13.017751479289942,31.210191082802545,30.71965628356606,18.055555555555554,17.044100119189512,0.5311823582064541,7.745317984579572,-0.31558185404339234,-0.49053479923648524,-1.0114554363660417,327.4732142857143,False,70.0,71.04107485604607,1.3169163963466353,1.796987150410043,-0.08863463443447517,1.4241243083971546,0.30843373493975906,0.1730257320319432,0.13095238095238096,1998-10-01,28,0.10623647164129082
672724,"Peraza, Oswald",R,2025,27.490028764783446,27.731763383387847,0.3724040300617123,0.47092155377834233,40.474225695425154,37.21234537914827,-9.86495578091742,-11.338135025238655,30.18692390320777,29.426159047893908,167.0,360.0,82.0,183.0,189.68293432583678,275.62765073838955,35.36585365853659,27.86885245901639,30.434782608695656,29.581993569131832,32.93413173652694,30.0,0.09851752371663003,85.94471641255276,-7.497001199520195,-0.8527890395638238,-2.9341317365269433,249.03343660318455,False,71.0,72.6912109375,0.3855931304478262,-0.6329753016595332,0.1826259603899001,-0.11029426529734751,0.298728813559322,0.3092979127134725,0.3018867924528302,2000-06-15,25,0.019703504743326005
672724,"Peraza, Oswald",R,2026,29.64538048036293,29.468969307419698,-4.762220208299562,-3.5268937193430103,36.41225263492836,37.07175015978247,-6.138954457748263,-6.793413610693024,33.93675774799783,34.22531262283171,289.0,474.0,136.0,230.0,325.562,240.34321739130434,28.676470588235293,30.434782608695656,36.55913978494624,39.16849015317287,26.643598615916954,27.42616033755274,1.2353264889565514,-85.21878260869568,1.7583120204603624,2.609350368226629,0.782561721635787,272.0092131147541,False,71.0,71.74475138121547,0.9776665081347925,-1.0389706363905333,-0.1963592099126684,-0.6356456035061465,0.38179347826086957,0.2712975098296199,0.2978142076502732,2000-06-15,26,0.24706529779131028
672744,"Canario, Alexander",R,2025,28.066488733109537,28.49716239615678,1.018387818853577,1.2541715630926484,40.589845450759334,42.25264218452577,-19.108006953191158,-21.18479530820173,30.74355403605221,29.901007803217322,215.0,264.0,108.0,126.0,316.4766220308913,276.4051345852684,34.25925925925926,34.12698412698413,30.097087378640776,32.916666666666664,40.93023255813954,31.818181818181817,0.23578374423907134,-40.07148744562289,-0.132275132275133,2.8195792880258885,-9.11205073995772,294.899667252479,False,72.0,75.02967741935484,-0.4648375656046018,-0.06961412840988129,0.23625090014228706,-0.05670592282917894,0.31614349775784756,0.35908141962421714,0.3418803418803419,2000-05-07,25,0.04715674884781427
672820,"Sosa, Lenyn",R,2024,30.240525028018492,29.91907547669078,10.042556385710963,10.516087326584977,36.47647749664905,36.96084560308829,-7.574098953149958,-8.196064890123774,29.627745977411642,29.507354933804017,226.0,499.0,121.0,248.0,318.45415653117635,324.3192481012288,19.834710743801654,21.370967741935484,34.08071748878923,39.479392624728845,15.486725663716813,19.03807615230461,0.4735309408740136,5.865091570052471,1.5362569981338297,5.398675135939612,3.5513504885877953,322.39600669207886,False,71.0,70.75305832147937,0.25757318580865657,-0.0003158808797339716,-0.5637896743207189,-1.2563603879921152,0.37719298245614036,0.1793103448275862,0.2086720867208672,2000-01-25,24,0.09470618817480272
672820,"Sosa, Lenyn",R,2025,30.725072119475257,30.217884744363822,11.078008012557211,11.49856526907224,37.610706099508796,39.014737184316196,-7.791359316870527,-7.942891239325562,30.42845839509885,30.668797969995445,285.0,764.0,140.0,404.0,349.7318973763,316.18453125657265,20.714285714285715,24.257425742574256,43.59861591695502,40.158520475561424,18.596491228070175,21.335078534031414,0.4205572565150284,-33.54736611972737,3.5431400282885406,-3.440095441393595,2.7385873059612393,324.8180445962084,False,71.0,71.6180924287119,-0.05019215484587169,0.024115817563169835,-0.20496827517004265,-1.0009309306178569,0.4110898661567878,0.20591039084842708,0.23345588235294118,2000-01-25,25,0.08411145130300568
672820,"Sosa, Lenyn",R,2026,29.419878650294347,29.17294780287371,7.129356856567543,8.344654654695214,35.57552982565463,37.4799151110937,-5.490367185115446,-7.6418661394986245,30.827403096528606,30.994393086999672,106.0,138.0,45.0,72.0,271.7901333333333,234.43738888888888,31.11111111111111,15.277777777777779,55.00000000000001,46.043165467625904,26.41509433962264,13.768115942028986,1.2152977981276711,-37.352744444444426,-15.833333333333332,-8.956834532374103,-12.646978397593655,248.803829059829,False,,,,,,,,,,2000-01-25,26,0.24305955962553422
672960,"Okamoto, Kazuma",R,2026,27.348009393280645,27.064274934915353,-5.339100901084989,-5.524395795134259,35.737876306758785,35.83067846476536,4.204885633250796,3.6794374843116273,23.563389366089815,23.26140527768454,315.0,912.0,163.0,454.0,366.8642944785276,313.42214096916297,25.153374233128833,30.176211453744493,22.492401215805472,29.233870967741936,26.984126984126984,31.25,-0.18529489404927002,-53.44215350936463,5.02283722061566,6.741469751936464,4.265873015873016,327.5405705024311,False,73.0,72.14242685025818,1.2743538573420858,3.0248502403904287,0.5125268151121999,0.11322323130112423,0.27554882664647995,0.3015484922575387,0.2884927066450567,1996-06-30,30,-0.037058978809854
673237,"Diaz, Yainer",R,2024,29.930862396338767,29.606054144795493,-4.210274821550825,-6.056880140039989,34.13806142772039,36.0290051271181,-2.7400793538802906,-1.827485637293815,31.84413873468414,31.89662274974677,369.0,883.0,171.0,450.0,355.7637518707072,335.4884207190991,16.374269005847953,17.555555555555554,41.21405750798722,43.3939393939394,23.306233062330623,22.083805209513024,-1.8466053184891642,-20.2753311516081,1.1812865497076004,2.1798818859521774,-1.2224278528175994,341.07148292026653,False,71.0,71.61413520632134,1.1550328247947335,1.0899346033335695,0.06933746463985134,-0.21432546118932147,0.4279437609841828,0.2244408945686901,0.1723027375201288,1998-09-21,26,-0.36932106369783285
673237,"Diaz, Yainer",R,2025,30.076637715850783,28.766725718721208,-5.612566104821696,-7.167735874762618,37.115817542385344,38.279852659132075,-2.6619369322354114,-1.0894132443806597,32.17685547909093,32.62181592375652,256.0,857.0,120.0,450.0,322.583916053391,323.61101307511063,20.833333333333336,15.555555555555555,43.11926605504588,44.810744810744815,25.0,21.003500583430572,-1.555169769940922,1.0270970217196123,-5.27777777777778,1.6914787556989381,-3.996499416569428,323.3947821231697,False,71.0,71.46051379638439,1.583416588123509,1.2093541533149055,0.29003445086409685,0.35081777718459295,0.4445515911282546,0.2192273135669362,0.16666666666666666,1998-09-21,27,-0.3110339539881844
673237,"Diaz, Yainer",R,2026,29.407856204127594,28.475997407691672,-8.527537113113251,-10.67843488353317,37.61246163219667,38.85281990915349,-0.730926356131717,0.4420951537864475,29.300756345418204,29.652730949259006,177.0,445.0,92.0,247.0,261.7795217391304,325.9653117408907,19.565217391304348,14.17004048582996,43.529411764705884,42.092457420924575,23.163841807909606,18.651685393258425,-2.1508977704199186,64.18579000176027,-5.395176905474388,-1.4369543437813093,-4.51215641465118,308.5461592920354,False,71.0,71.745,1.3813132249042432,1.6699170020295864,0.5411672567427311,0.3029997263419012,0.42512908777969016,0.19935691318327975,0.15634218289085547,1998-09-21,28,-0.43017955408398373
673357,"Robert Jr., Luis",R,2024,31.310654914860166,31.45097098818833,-2.2310608380276817,-3.2473074973118026,40.405896896671806,39.91917670457354,-12.646334438616357,-15.311277908496955,31.11952742832237,29.773448960013642,193.0,661.0,107.0,318.0,265.02006214543906,289.6226079713005,30.8411214953271,33.9622641509434,32.057416267942585,36.54434250764526,32.12435233160622,33.13161875945537,-1.0162466592841208,24.602545825861455,3.1211426556162962,4.486926239702676,1.007266427849153,283.4285552574954,False,74.0,73.48354755784061,0.7425640912522468,-1.3048148146186251,-1.7850804602942523,-0.7411871773723628,0.354577056778679,0.32903981264637,0.33176470588235296,1997-08-03,27,-0.20324933185682417
673357,"Robert Jr., Luis",R,2025,31.42571339929585,31.24577033338204,7.26858667222514,8.185995667551795,41.89004401106028,43.20041591081052,-19.599585109039452,-19.84761461051758,32.94416224603251,32.63186669252485,191.0,622.0,113.0,318.0,371.38985323961026,305.565669192804,19.469026548672566,28.30188679245283,26.767676767676768,34.232715008431704,27.225130890052355,30.22508038585209,0.9174089953266549,-65.82418404680624,8.832860243780264,7.465038240754936,2.999949495799733,322.82351791041214,False,74.0,74.58906048906049,-0.0919041827552742,-2.1005142519107385,-1.4229437428568132,-0.20519637167119223,0.32364096080910243,0.2952029520295203,0.25986078886310904,1997-08-03,28,0.18348179906533096
673357,"Robert Jr., Luis",R,2026,27.932446392222023,28.272788998605396,-3.9266173459875833,-2.1445210597934823,38.80122495985487,40.23176428678482,-4.760162075254001,-5.501315257277249,32.11517013476704,32.60055751203001,133.0,312.0,68.0,162.0,380.01311764705883,296.4595802469136,22.058823529411764,24.691358024691358,32.21476510067114,33.033033033033036,24.06015037593985,26.602564102564102,1.782096286194101,-83.55353740014522,2.632534495279593,0.8182679323618984,2.542413726624254,321.16236521739137,False,74.0,75.95545243619489,2.033443762279319,-1.01125099147786,-1.487580570725221,-0.5105933655638017,0.3278008298755187,0.25842696629213485,0.2391304347826087,1997-08-03,29,0.3564192572388202
673490,"Kim, Ha-Seong",R,2024,32.86552250669957,32.56393154112238,9.36486629451593,10.634126289484014,50.25047517676467,51.427394308146084,-23.276560665872694,-23.305535067084826,16.66588239294991,17.000344733269383,209.0,541.0,132.0,338.0,321.7407982285693,315.03405650067054,13.636363636363635,17.45562130177515,15.352697095435685,19.88388969521045,11.483253588516746,15.341959334565619,1.2692599949680847,-6.706741727898759,3.8192576654115147,4.531192599774764,3.858705746048873,316.91765204978253,False,70.0,68.11918238993711,-2.9626821715591785,1.4516019458393437,-0.9984961010245936,0.7177735236566132,0.1870967741935484,0.14266666666666666,0.16382978723404254,1995-10-17,29,0.25385199899361693
673490,"Kim, Ha-Seong",R,2025,33.489864328695205,33.19543550061523,6.574894502730452,6.8893424322897,51.89804001154981,53.45270077622891,-18.986287709245968,-20.539710704531657,15.84779472142657,16.077308477516,109.0,205.0,60.0,131.0,309.69630641025634,291.1683433802492,15.0,22.900763358778626,25.71428571428571,19.742489270386265,10.091743119266056,17.073170731707318,0.3144479295592477,-18.52796303000713,7.900763358778626,-5.971796443899446,6.981427612441262,296.9886459027645,False,70.0,69.48006644518273,-2.9033229158385065,1.828358616295269,-0.9712160433643862,0.9516558597465886,0.21597633136094674,0.1464968152866242,0.20418848167539266,1995-10-17,30,0.06288958591184954
673490,"Kim, Ha-Seong",R,2026,31.930222046347062,31.863222796398837,2.3580684829380463,3.4624898795867036,53.06067769662389,53.606560016058545,-16.90694062976839,-18.510698998099056,18.510661395895553,18.470451622377084,113.0,131.0,61.0,74.0,174.3479344262295,236.9256216216216,29.508196721311474,22.972972972972975,29.166666666666668,24.528301886792452,17.699115044247787,17.557251908396946,1.1044213966486573,62.57768719539209,-6.535223748338499,-4.638364779874216,-0.14186313585084065,208.64977777777779,False,,,,,,,,,,1995-10-17,31,0.22088427932973148
673548,"Suzuki, Seiya",R,2024,29.793005052938398,28.888236722193195,8.751061895091873,8.84072950605563,22.307338365324465,23.655007726345993,-6.067862786519027,-6.70355427552784,28.718421482494403,29.017662368334346,241.0,753.0,138.0,447.0,364.9034616068759,344.95259471260937,20.28985507246377,29.53020134228188,19.936708860759495,21.00926879505664,16.59751037344398,24.169986719787516,0.0896676109637582,-19.95086689426654,9.240346269818112,1.0725599342971464,7.572476346343535,349.6589530568979,False,71.0,71.9978021978022,0.36622987329535756,0.8088365005853345,0.6271484416384453,-1.5555553844027206,0.20745920745920746,0.22334004024144868,0.27350427350427353,1994-08-18,30,0.017933522192751638
673548,"Suzuki, Seiya",R,2025,28.408082084983924,27.87153886405537,11.471005315521435,10.433762306214604,26.72189503624198,27.29703553435523,-4.53499661249481,-4.504982370456114,29.474297646667427,29.48088642603088,311.0,797.0,184.0,467.0,399.50765151760004,333.1199975733175,23.369565217391305,25.910064239828696,16.793893129770993,22.17245240761478,18.327974276527332,23.337515683814303,-1.037243009306831,-66.38765394428253,2.540499022437391,5.378559277843788,5.009541407286971,351.88394277415927,False,71.0,72.41890359168242,0.22362210055445017,0.7867519958536335,0.5640339168495229,-1.233459192131741,0.2052877138413686,0.21931407942238268,0.2519201228878648,1994-08-18,31,-0.2074486018613662
673548,"Suzuki, Seiya",R,2026,28.38881191589187,28.270490974214454,7.823502946113858,6.564828345645199,25.15971936222106,25.96858040413007,-3.1447660249616876,-2.9896340775131085,29.487075386435105,29.572588677373002,265.0,801.0,163.0,454.0,394.88584049079753,316.85949779735677,17.791411042944784,26.651982378854626,18.258426966292134,23.814133591481124,14.339622641509434,23.220973782771537,-1.2586746004686589,-78.02634269344077,8.860571335909842,5.555706625188989,8.881351141262103,337.4726158833063,False,71.0,72.48303921568628,0.3544380061084859,0.9180711045213492,0.36017532568759564,-1.311516445731683,0.22390208783297336,0.2101313320825516,0.24311183144246354,1994-08-18,32,-0.2517349200937318
673962,"Jung, Josh",R,2024,20.82912340769576,21.542025465269504,-0.8415734612309423,0.04203363232371831,34.638849431782596,35.32338563819831,-0.7802933892883781,-1.4592009101671994,25.193926563676087,25.28069392493394,82.0,278.0,37.0,151.0,292.08934538434545,296.41311952360434,24.324324324324326,25.82781456953642,30.0,36.8231046931408,31.70731707317073,28.05755395683453,0.8836070935546606,4.323774139258887,1.5034902452120953,6.823104693140799,-3.649763116336203,295.56216397492045,False,73.0,71.17894736842106,0.6407772957000377,1.4925435878661533,0.47742037251265934,-1.8068338689851764,0.35294117647058826,0.28888888888888886,0.2553191489361702,1998-02-12,26,0.1767214187109321
673962,"Jung, Josh",R,2025,22.611909954654994,22.550087977304578,-0.3672682358995015,-0.16063243391266505,39.014787218399505,41.51457360469722,-4.472044557849066,-5.472375923626369,23.115489225134077,23.39406744636868,316.0,671.0,146.0,365.0,328.01187670465873,296.7489916632177,21.232876712328768,26.84931506849315,33.557046979865774,32.796486090775986,21.202531645569618,23.69597615499255,0.20663580198683648,-31.262885041441052,5.616438356164384,-0.7605608890897884,2.4934445094229325,305.6812445322008,False,73.0,69.62505241090147,-0.18415653298366463,1.504251407874633,0.002964633633557655,-1.0231119040523788,0.3302752293577982,0.22897669706180346,0.25244618395303325,1998-02-12,27,0.041327160397367294
673962,"Jung, Josh",R,2026,22.142653775944638,21.175761431667453,-1.9436366617134593,-1.177166660064142,34.64653542412397,38.103151136284794,-0.7970794640509484,-2.3905020080823247,24.161262341581796,24.406069137924643,178.0,576.0,112.0,323.0,370.9439285714286,336.2000866873065,13.392857142857142,20.123839009287924,25.101214574898783,31.022530329289427,14.606741573033707,18.40277777777778,0.7664700016493173,-34.743841884122105,6.730981866430781,5.921315754390644,3.7960362047440714,345.1456275862069,False,73.0,69.80884831460675,0.47613916403630996,1.437164054722642,-0.19891648793335107,-1.332163943086917,0.2924757281553398,0.17506631299734748,0.1839080459770115,1998-02-12,28,0.15329400032986346
675961,"Williams, Alika",R,2026,32.592320385683294,32.35318182986066,-16.0702471153438,-17.683038376269963,36.19218649056878,40.346989479431926,-20.979764579113045,-23.902460582108255,25.43731682258267,24.95574204213289,205.0,225.0,102.0,125.0,262.44384313725493,226.026176,19.607843137254903,24.0,36.92307692307693,36.89320388349515,18.536585365853657,24.0,-1.612791260926162,-36.41766713725494,4.392156862745097,-0.029873039581779892,5.463414634146343,242.39006167400885,False,73.0,68.60849315068492,-1.098105187807426,0.8750879243488312,-1.298450293917432,-1.5941830261628016,0.3690773067331671,0.21395348837209302,0.22026431718061673,1999-03-12,27,-0.32255825218523243
676059,"Westburg, Jordan",R,2024,23.492714983707913,23.56261687459538,-2.0789076979678094,-1.7290686293360953,31.1644160275072,31.369460542093755,-10.514028894602207,-11.06579486534604,29.932042660915297,29.805953829884956,211.0,621.0,110.0,337.0,345.5635278977655,357.08829716342746,29.09090909090909,19.287833827893174,30.582524271844658,30.31301482701812,33.649289099526065,23.18840579710145,0.3498390686317141,11.524769265661973,-9.803075263015916,-0.2695094448265394,-10.460883302424616,354.25222418977467,False,73.0,70.25362517099863,0.9970386103970906,0.3061405872185583,1.9060021106227334,-0.5844552002036032,0.3038130381303813,0.25841346153846156,0.21700223713646533,1999-02-18,25,0.06996781372634282
676059,"Westburg, Jordan",R,2025,23.693286692907495,23.53114863371627,-1.2758883518785753,-0.40119271075332136,30.388257727435025,31.687443103350684,-9.52652089898822,-9.647025559719477,28.913903572212753,29.080894622916112,213.0,440.0,108.0,244.0,326.1468159910057,327.91954243600924,20.37037037037037,23.770491803278688,28.365384615384613,25.295508274231675,29.577464788732392,25.681818181818183,0.874695641125254,1.7727264450035136,3.4001214329083176,-3.0698763411529377,-3.895646606914209,327.3756377312923,False,73.0,70.02545454545455,1.288970576585922,0.4123378551834602,2.071924643057442,-0.1860536722507919,0.2630744849445325,0.26952526799387444,0.22727272727272727,1999-02-18,26,0.1749391282250508
676356,"DeLuca, Jonny",R,2024,29.011738086861758,28.134657691092162,21.39603918193673,21.591554964950255,44.304790907779406,46.582490344750326,-0.5894751832148624,0.35666777255941445,32.34287601465139,32.793097952033534,203.0,515.0,101.0,263.0,295.90880845227383,267.0053304669198,24.752475247524753,19.771863117870723,33.82352941176471,39.91935483870967,28.57142857142857,18.83495145631068,0.19551578301352635,-28.903477985354016,-4.98061212965403,6.0958254269449625,-9.73647711511789,275.02525155626256,False,70.0,69.99807976366321,0.3535107462973058,0.4126251252215569,-0.5721317884890811,0.678392647183501,0.38142857142857145,0.21587743732590528,0.21153846153846154,1998-07-10,26,0.03910315660270527
676356,"DeLuca, Jonny",R,2026,27.953216620236123,28.19065344818332,16.465893319200244,16.03828299136402,44.32883418202114,45.08362310264109,2.4724937711003045,2.2993919593795957,31.005972123078294,30.940968849312714,299.0,359.0,149.0,200.0,243.03879194630872,265.49002,23.48993288590604,19.5,39.73063973063973,33.61823361823362,22.40802675585284,21.72701949860724,-0.42761032783622355,22.451228053691295,-3.9899328859060397,-6.112406112406113,-0.6810072572456001,255.90482521489972,False,70.0,72.57516025641026,0.11033822044440816,0.7676564367859094,-0.3449180075919188,0.39658419647364,0.36419753086419754,0.22036474164133737,0.21203438395415472,1998-07-10,28,-0.0855220655672447
676369,"Velázquez, Nelson",R,2024,30.519340602007638,30.917370668835726,8.971831805397446,8.779915474998866,45.585999331764405,46.77256856856403,-15.253652683227658,-14.39947812138562,29.822718285378205,30.661158528700643,139.0,281.0,70.0,160.0,313.91073865265173,304.1281602589863,27.142857142857142,26.25,23.684210526315788,26.888217522658607,31.654676258992804,33.45195729537366,-0.19191633039858047,-9.782578393665403,-0.8928571428571423,3.2040069963428195,1.7972810363808556,307.10546672662366,False,71.0,72.60661375661375,0.07472973160474626,-0.3522750298954573,-1.0589737819664016,0.6075212655847764,0.2587991718426501,0.32857142857142857,0.26521739130434785,1998-12-26,26,-0.038383266079716094
676391,"Clement, Ernie",R,2024,22.271652003803915,22.203043541240014,3.0734751343797524,3.4223494428015124,46.98732977824023,48.33252972455206,-0.3961802172535229,-1.365773700521128,33.1161827338838,33.48553730673836,276.0,544.0,145.0,306.0,294.714748472839,280.418937814245,8.96551724137931,9.15032679738562,47.34513274336283,40.88050314465409,14.492753623188406,11.580882352941178,0.34887430842176004,-14.295810658594007,0.18480955600631077,-6.46462959870874,-2.9118712702472287,285.0151518840812,False,72.0,66.07619047619048,1.1264115757997513,-0.5164184652298152,-0.33380557375252606,-1.2092736434249582,0.4295874822190612,0.12560975609756098,0.09090909090909091,1996-03-22,28,0.06977486168435201
676391,"Clement, Ernie",R,2025,22.53997534847636,22.663082120458608,4.144811877672098,4.969565305463181,48.20114165057358,49.41073694073062,-1.324555938993231,-1.875553542491778,31.60438508268428,31.521031121843116,325.0,676.0,187.0,401.0,310.4892311544349,279.202076642125,10.16042780748663,10.473815461346634,38.435374149659864,35.58282208588957,11.384615384615385,14.644970414201183,0.8247534277910828,-31.287154512309883,0.3133876538600031,-2.852552063770297,3.2603550295857975,289.15224312818276,False,72.0,66.992096597146,0.9294994382889037,0.01398554960219655,0.09626231078138496,-0.9221666911919044,0.36469344608879495,0.13586413586413587,0.10374149659863946,1996-03-22,29,0.16495068555821657
676391,"Clement, Ernie",R,2026,23.094652997174883,23.024199445026223,2.699927021347392,3.160600379016518,48.385290145988876,49.77112087145658,-0.24738238825218986,-0.788649438613163,27.75529897707119,27.64553991516109,379.0,697.0,198.0,407.0,267.1562626262626,255.31517444717446,9.090909090909092,9.336609336609335,45.95375722543353,43.87596899224806,13.192612137203167,14.347202295552366,0.46067335766912576,-11.84108817908816,0.2457002457002435,-2.0777882331854656,1.1545901583491993,259.19043966942144,False,72.0,66.6088888888889,0.33602263585561143,0.6423545699333039,-0.06873274724406365,-1.4660445947752332,0.44601412714429867,0.13940520446096655,0.09256198347107437,1996-03-22,30,0.09213467153382515
676439,"Feduccia, Hunter",L,2026,24.648722676515344,25.130985869633985,7.832431236199214,7.035723801170962,46.6105580373801,47.8749057691894,-1.566098651725633,-1.0164733698036075,31.931837683291924,32.38163517353626,336.0,74.0,200.0,41.0,327.16473999999994,246.94039024390244,25.5,19.51219512195122,24.88888888888889,21.12676056338028,21.428571428571427,18.91891891891892,-0.7967074350282513,-80.2243497560975,-5.987804878048781,-3.762128325508609,-2.5096525096525077,313.51661410788375,False,73.0,70.44960835509139,0.9792941373245749,0.39769906260272625,-0.1975725347547503,0.0910628543078737,0.2437619961612284,0.2097560975609756,0.24481327800829875,1997-06-05,29,-0.15934148700565026
676475,"Burleson, Alec",L,2024,35.31505500053777,35.69815196495243,18.787320995168518,23.702762223860848,52.03495324002178,52.053068304106226,-27.90467725277528,-23.266490719055682,21.306814203394108,23.554901444566525,886.0,293.0,453.0,142.0,351.18714795022635,280.9795606672405,13.024282560706402,11.971830985915492,34.62002412545235,35.44303797468354,16.591422121896162,18.088737201365188,4.91544122869233,-70.20758728298586,-1.0524515747909096,0.823013849231188,1.4973150794690255,334.43172375832046,False,72.0,70.16149584487535,-3.0275119797382546,0.5749121265542724,-2.023585315243372,1.7494897653832697,0.34803001876172607,0.16963528413910092,0.12773109243697478,1998-11-25,26,0.9830882457384661
676475,"Burleson, Alec",L,2025,33.720220123338464,34.877323059249655,27.897492347319112,26.671731987623254,57.11084266626628,56.456640057740984,-27.507887561125745,-24.0982376935673,18.072675776940105,19.45394866612435,718.0,231.0,419.0,127.0,355.6815239002258,305.57116365413515,14.081145584725538,15.748031496062993,28.940217391304344,29.493087557603687,15.041782729805014,20.346320346320347,-1.2257603596958582,-50.110360246090636,1.6668859113374541,0.5528701662993427,5.304537616515333,344.02581739609843,False,72.0,71.3859649122807,-3.6897687131234376,0.9975200368280843,-1.2222702848763751,2.3382320216249224,0.2906610703043022,0.16332982086406744,0.1446886446886447,1998-11-25,27,-0.24515207193917163
676475,"Burleson, Alec",L,2026,31.670549925652992,32.68895721553447,32.71721237603287,26.81454786522431,54.974293652345814,54.21543076217204,-28.70000883792502,-23.54540633781175,21.294327582779292,20.668937173648125,899.0,381.0,453.0,203.0,399.6307902869758,305.53477832512317,17.439293598233995,17.733990147783253,38.22314049586777,37.07865168539326,20.57842046718576,20.73490813648294,-5.90266451080856,-94.09601196185264,0.2946965495492577,-1.1444888104745061,0.15648766929717794,370.5126646341464,False,72.0,72.77072181670722,-3.327589810648172,0.4463031823091791,-1.5455875243218244,1.978202456505141,0.37915407854984895,0.20625,0.17530487804878048,1998-11-25,28,-1.180532902161712
676572,"Wagaman, Eric",R,2025,24.924684806808454,25.20492729548596,-0.6855411721154612,-1.5446539840450213,44.51705596459492,43.91724173321859,-2.952626764290148,-3.162603146514801,28.49228113233694,28.65926219789471,293.0,591.0,184.0,330.0,352.9638828764586,293.4211165898919,19.565217391304348,19.393939393939394,23.684210526315788,27.099841521394612,22.866894197952217,21.658206429780034,-0.8591128119295601,-59.542766286566746,-0.1712779973649532,3.415630995078825,-1.208687768172183,314.73603681698967,False,76.0,72.59987922705314,0.5515314573123339,1.3417971074899722,0.7669935231826399,-0.7266881149527933,0.2589928057553957,0.22058823529411764,0.19455252918287938,1997-08-14,28,-0.17182256238591204
676609,"Caballero, José",R,2024,16.097612219128898,15.63438868798768,34.47009835678848,34.34507571815013,53.27286516341689,54.82209128314628,-18.657547924083982,-18.705982444254253,34.67906614675932,34.58842209977743,263.0,670.0,127.0,357.0,230.55926303894694,278.03611656834744,35.43307086614173,24.649859943977592,37.63837638376384,32.91316526610644,34.22053231939163,24.47761194029851,-0.12502263863835594,47.4768535294005,-10.783210922164141,-4.725211117657402,-9.742920379093121,265.5783471505089,False,69.0,68.97769328263625,-0.7358270195248987,-3.2869987573159456,-0.7692079560663132,-0.1255258623852796,0.34213197969543147,0.2722400857449089,0.27479338842975204,1996-08-30,28,-0.02500452772767119
676609,"Caballero, José",R,2025,20.8715341208687,21.028149717357678,31.50325918297596,30.769445796506538,57.296604776226054,57.45263046419087,-27.310734215609617,-27.63699254143949,28.913307222001286,28.644050185568087,200.0,457.0,124.0,247.0,322.7384241689999,286.94375630045624,29.03225806451613,25.101214574898783,22.348484848484848,30.158730158730158,25.0,23.851203501094094,-0.7338133864694214,-35.794667868543684,-3.9310434896173483,7.81024531024531,-1.1487964989059058,298.90747278482127,False,69.0,68.37783333333333,-2.122633209721965,-1.8073623557409508,-0.6652154678127878,0.3483389842983025,0.2747395833333333,0.2420091324200913,0.2641509433962264,1996-08-30,29,-0.14676267729388429
676609,"Caballero, José",R,2026,17.572220589459693,17.473091758500026,32.011484354017554,33.13268785529185,56.638060308878224,58.26228012970456,-21.845828666798575,-22.247912158128255,29.71796782976136,29.73953951532084,302.0,581.0,144.0,300.0,272.97875,282.27653333333336,31.944444444444443,20.0,35.3125,36.42172523961661,27.81456953642384,23.06368330464716,1.1212035012742945,9.29778333333337,-11.944444444444443,1.1092252396166131,-4.750886231776679,279.26103603603605,False,69.0,67.98723926380367,-1.427090092620102,-2.223539871937816,-0.9698336625131795,-0.06647580405365106,0.36046511627906974,0.24688561721404303,0.23873873873873874,1996-08-30,30,0.2242407002548589
676694,"Meyers, Jake",R,2024,28.58296969835471,28.771260944362542,15.19937725975845,15.217237307438488,31.68767527920117,32.406939725439045,-3.5989139077163532,-3.408965955408011,32.0674621570769,32.28779079927991,246.0,638.0,146.0,368.0,316.0803675695829,301.8228450995084,21.91780821917808,23.097826086956523,25.357142857142854,32.46153846153847,26.422764227642276,25.54858934169279,0.01786004768003835,-14.257522470074491,1.1800178677784423,7.104395604395613,-0.8741748859494862,305.8726472019031,False,72.0,67.94363395225464,0.7613057970600468,-0.34223821577559416,1.544201953768829,-0.4970178144699227,0.3032258064516129,0.2579185520361991,0.22762645914396887,1996-06-18,28,0.00357200953600767
676694,"Meyers, Jake",R,2025,30.53225306949419,30.62175359159009,8.872391315404245,9.750026410926935,31.224897256867948,32.310830992903945,-2.723213807976305,-2.31331813927702,31.521012266959605,31.75144135972145,113.0,515.0,71.0,311.0,286.22764475743344,332.5338750034664,15.492957746478872,18.006430868167204,20.408163265306122,23.800738007380073,15.929203539823009,19.611650485436893,0.8776350955226899,46.30623024603295,2.5134731216883317,3.3925747420739505,3.6824469456138846,323.92721964360163,False,72.0,67.63803571428572,0.7540149186032631,-0.037723717421333916,0.5945984894133687,-0.4836216556743257,0.2328125,0.18949044585987262,0.17539267015706805,1996-06-18,29,0.175527019104538
676694,"Meyers, Jake",R,2026,29.20272263019026,28.824700797038627,12.961317073070699,14.144230945741757,35.30743615534201,36.205608947023286,-2.3989820839627902,-2.732323725698511,31.76550185591201,31.991746192558836,103.0,177.0,55.0,98.0,223.92930909090907,274.1932653061225,21.818181818181817,19.387755102040817,37.234042553191486,29.508196721311474,25.24271844660194,16.94915254237288,1.1829138726710582,50.263956215213426,-2.4304267161409996,-7.725845831880012,-8.293565904229062,256.12452287581704,False,,,,,,,,,,1996-06-18,30,0.23658277453421164
676724,"Young, Jared",L,2026,23.50809728603837,23.328831930146276,1.9878863719476223,3.5825492272929895,39.32713542360579,40.142654387741295,-0.7161829807352037,-1.5433351561431092,22.769102324131882,23.408795444368597,521.0,107.0,280.0,63.0,327.6507142857143,284.5024126984127,17.142857142857142,23.809523809523807,26.495726495726498,32.0,21.113243761996163,26.168224299065418,1.5946628553453672,-43.1483015873016,6.666666666666664,5.5042735042735025,5.054980537069255,319.72551603498545,False,74.0,72.36538461538461,0.6052221160607087,1.8326445465906676,1.7310137763474112,0.739380988258722,0.2746478873239437,0.2197452229299363,0.1836734693877551,1995-07-09,31,0.31893257106907347
676801,"McCormick, Chas",R,2024,20.258968717395025,20.231477596861925,0.5891193992597564,1.1390344855576637,32.61200707096293,32.32462927280862,10.044054956510474,8.87889307897761,27.075724115523844,27.205679531013608,187.0,344.0,89.0,178.0,326.3431338008765,264.97728715060805,22.47191011235955,29.213483146067414,36.312849162011176,31.594202898550726,26.737967914438503,32.26744186046512,0.5499150862979073,-61.36584665026845,6.741573033707866,-4.71864626346045,5.5294739460266165,285.4325693673642,False,71.0,69.90108459869849,2.432917492929802,0.2692521213154189,2.5580628538281847,-1.142192643304407,0.3320610687022901,0.3032015065913371,0.2696629213483146,1995-04-19,29,0.10998301725958146
676801,"McCormick, Chas",R,2025,19.868144073894477,21.20831975451834,2.441683324640698,2.544982962475379,41.26384323524368,39.846627806869215,4.464070666545407,1.1483318910376996,28.698095737306033,29.468639765643548,107.0,127.0,49.0,67.0,361.21983177213144,256.0938194772743,22.448979591836736,29.850746268656714,34.34343434343434,39.849624060150376,34.57943925233645,33.07086614173229,0.10329963783468088,-105.12601229485716,7.401766676819978,5.506189716716037,-1.5085731106041607,300.50049708458465,False,,,,,,,,,,1995-04-19,30,0.020659927566936177
676914,"Schneider, Davis",R,2024,32.28317140490626,32.12966994516027,-1.6174452398199046,2.0421392262708205,63.208765780863594,61.81597125633232,-5.012675616912852,-5.531432706500616,25.31583926121785,25.959113820393583,273.0,566.0,139.0,317.0,270.46988629191884,301.5956364339535,35.25179856115108,29.96845425867508,26.461538461538463,21.787709497206702,34.065934065934066,25.795053003533567,3.659584466090725,31.125750142034633,-5.283344302475996,-4.673828964331761,-8.270881062400498,292.1077432985526,False,68.0,69.21054091539528,-0.3318406773752725,1.4995379248529506,-2.0786512978522875,1.3647767876284558,0.23246878001921228,0.28486293206197855,0.3157894736842105,1999-01-26,25,0.731916893218145
676914,"Schneider, Davis",R,2025,31.340631464336717,31.131299772190875,8.615252076356596,10.190227582378803,65.27127552783413,63.22230322529399,-11.015832399337615,-13.580306897407507,24.97671490500225,24.02698413617569,254.0,178.0,128.0,99.0,301.2341460551736,351.20277320540674,28.90625,23.232323232323232,21.070234113712374,20.491803278688526,28.346456692913385,25.280898876404496,1.5749755060222075,49.96862715023315,-5.673926767676768,-0.5784308350238483,-3.065557816508889,323.0266310237775,False,68.0,70.73451776649746,-1.644799884272804,1.053685404051853,-1.3084452170503154,1.3388681512814276,0.20810313075506445,0.2708333333333333,0.2643171806167401,1999-01-26,26,0.3149951012044415
676914,"Schneider, Davis",R,2026,31.528483921495017,31.66270722785898,5.270264811015184,0.6546675037126602,66.74615033559908,67.59465931860376,-11.048418381834962,-12.251386716313606,25.93692840131129,25.990411208489746,147.0,105.0,80.0,64.0,262.54315,282.88199999999995,38.75,28.125,20.379146919431278,20.155038759689923,28.57142857142857,26.666666666666668,-4.615597307302524,20.338849999999923,-10.625,-0.22410815974135545,-1.9047619047619015,271.5826388888888,False,,,,,,,,,,1999-01-26,27,-0.9231194614605048
677588,"Tena, José",L,2024,32.41837101165586,32.956412886556855,-18.045281940964735,-16.318262663342434,58.42282476763075,57.916539265750814,-37.487261902472625,-37.27883408017213,21.735598329178497,21.41257261833603,244.0,91.0,121.0,48.0,320.7218520936483,250.26216026101528,23.96694214876033,25.0,32.80632411067194,32.5,22.950819672131146,16.483516483516482,1.7270192776223006,-70.45969183263301,1.0330578512396684,-0.30632411067193743,-6.467303188614665,300.7096319281667,False,70.0,70.27932098765432,-2.402274601772858,0.8558089040614575,-1.2593031711463591,0.6239358422188581,0.32732732732732733,0.21194029850746268,0.24260355029585798,2001-03-20,23,0.3454038555244601
677592,"Pereira, Everson",R,2025,29.130830980963076,28.67061703056237,-8.576196496470748,-6.032486617127983,37.702514249972104,44.144284260091844,-0.7434800979899119,-1.610715114641112,33.33904679803935,33.584183391666414,76.0,68.0,36.0,37.0,232.92860709064334,251.68167140825025,47.22222222222222,29.72972972972973,23.456790123456788,22.5,48.68421052631579,33.82352941176471,2.5437098793427655,18.753064317606913,-17.49249249249249,-0.9567901234567877,-14.860681114551078,242.43358489545778,False,,,,,,,,,,2001-04-10,24,0.5087419758685531
677592,"Pereira, Everson",R,2026,28.347932713408046,28.98610352358879,-16.768525230819318,-15.847872108597,41.114769142002835,42.3340364141237,-2.3426260112220665,-2.389595890792311,34.915152230802875,34.72008073456105,79.0,136.0,44.0,67.0,289.36836363636365,303.3371343283582,38.63636363636363,29.850746268656714,32.0,41.32231404958678,37.9746835443038,33.82352941176471,0.9206531222223173,13.968770691994564,-8.78561736770692,9.32231404958678,-4.151154132539091,297.799963963964,False,,,,,,,,,,2001-04-10,25,0.18413062444446346
677594,"Rodríguez, Julio",R,2024,24.005448914287058,23.65938636291808,-5.376272665521342,-5.227828757286202,31.18355784162735,32.37529299903904,2.0823543942230285,1.8008593198940532,28.211576051815744,28.319078358447705,343.0,952.0,165.0,450.0,332.4619839479444,348.0707103220763,24.848484848484848,25.555555555555554,36.28048780487805,37.291666666666664,29.737609329446062,28.256302521008404,0.14844390823513987,15.60872637413189,0.7070707070707059,1.0111788617886148,-1.4813068084376582,343.88300324608974,False,76.0,75.36090289608177,2.0095417733253162,1.8838234833290055,1.738612769411961,-0.22281458717151711,0.3703416149068323,0.2864864864864865,0.25365853658536586,2000-12-29,24,0.029688781647027974
677594,"Rodríguez, Julio",R,2025,20.603165528441764,20.233029716687646,-1.0620317192374311,0.6177772874829299,29.60315186802337,32.94177424665857,1.3713806186957518,0.8143082662992718,31.158628707075017,31.290535827024712,360.0,1021.0,186.0,524.0,342.6572022039365,344.3825451583124,24.193548387096776,20.419847328244277,32.34421364985163,36.904761904761905,27.22222222222222,26.444662095984327,1.679809006720361,1.7253429543758898,-3.773701058852499,4.560548254910273,-0.7775601262378942,343.9305539054759,False,76.0,75.39772899318697,2.4376997029839442,1.2543946005737625,2.2349261885694993,0.09536802054090508,0.3568596352101507,0.2664735698769008,0.2140845070422535,2000-12-29,25,0.3359618013440722
677594,"Rodríguez, Julio",R,2026,20.993728344946582,20.94344768667496,3.5686141180614843,4.498563410863612,34.66404763581211,36.8761864919389,-1.1741481378862964,-1.7625231601198112,33.43002193745135,33.3333204934668,398.0,821.0,199.0,437.0,354.14544723618087,323.9769244851258,24.623115577889447,21.052631578947366,36.84210526315789,38.89541715628672,27.63819095477387,23.995127892813642,0.929949292802128,-30.168522751055093,-3.5704839989420805,2.0533118931288286,-3.643063061960227,333.41644654088043,False,76.0,75.6509385665529,2.324779436643404,0.7744214200114323,1.9677752101665356,0.4755683491096816,0.3817903596021423,0.25184577522559476,0.22169811320754718,2000-12-29,26,0.1859898585604256
677649,"Duran, Ezequiel",R,2024,29.808446659507553,29.486212498916693,9.164577097443534,6.1861550772837575,39.29483233415126,36.16635353496365,-14.638685723955943,-13.740653730309095,26.341245415451294,25.751970054707552,187.0,374.0,92.0,193.0,226.7602898550725,273.10717345969914,23.91304347826087,21.243523316062177,40.625,39.08045977011494,24.06417112299465,22.994652406417114,-2.978422020159776,46.34688360462664,-2.669520162198694,-1.5445402298850581,-1.0695187165775373,258.1460741908372,False,70.0,71.78934911242602,-1.268045488645047,0.8935826284742425,0.6307129636597751,-0.6455116583279152,0.3956692913385827,0.23351158645276293,0.22105263157894736,1999-05-22,25,-0.5956844040319552
677649,"Duran, Ezequiel",R,2025,31.72865269288149,31.3145723983477,7.918421717269741,9.385681133837778,37.692446943336094,38.71941439040968,-15.587664378641227,-15.769252518616586,28.261875865448854,27.945179941851322,173.0,251.0,94.0,125.0,243.78653816278288,248.33667800440654,30.851063829787233,20.8,37.735849056603776,36.134453781512605,24.85549132947977,21.115537848605577,1.4672594165680373,4.550139841623661,-10.051063829787232,-1.6013952750911713,-3.739953480874192,246.38364994453156,False,70.0,70.56641975308642,-1.2797647904178409,0.36216505303218105,-0.07035998488293067,-0.46377235659541954,0.3677581863979849,0.22641509433962265,0.2511415525114155,1999-05-22,26,0.29345188331360744
677649,"Duran, Ezequiel",R,2026,28.49571025799005,28.30377661981369,6.023766508863061,5.407904756977437,32.09668340920918,30.78259348041307,-10.610028893104326,-10.801499197908246,27.109140294565478,27.002188411399946,324.0,840.0,161.0,418.0,339.69078260869566,287.41211483253585,21.73913043478261,24.16267942583732,30.0,37.648456057007124,22.530864197530864,24.642857142857146,-0.6158617518856238,-52.27866777615981,2.4235489910547123,7.648456057007124,2.111992945326282,301.9490155440414,False,70.0,71.78555858310627,-0.26417298707011727,0.8838483588783703,0.8949066028335088,-1.1851249440535687,0.35357737104825293,0.24054982817869416,0.23488773747841105,1999-05-22,27,-0.12317235037712475
677800,"Abreu, Wilyer",L,2024,30.939024092423995,31.244434684155987,-35.2524727506987,-34.23815633095917,41.85920726069541,42.37924059237316,-20.363529150814212,-20.5232940553738,28.555320801554842,28.9539433749364,736.0,128.0,382.0,67.0,330.43127983163635,260.75257273334825,28.01047120418848,26.865671641791046,26.878980891719745,35.43307086614173,26.08695652173913,26.5625,1.0143164197395294,-69.6787070982881,-1.1447995623974343,8.554089974421988,0.47554347826087096,320.0337890174152,False,70.0,73.71039119804401,0.372646970679698,0.5922237704180628,-0.7461542707250349,-0.05037155378432246,0.2807017543859649,0.26157407407407407,0.27839643652561247,1999-06-24,25,0.20286328394790587
677800,"Abreu, Wilyer",L,2025,29.778524304440765,30.07083433083493,-2.643363032163868,-0.8704785381398944,38.49702798127887,39.16423142935785,-24.502574291418714,-26.308027520375507,30.667856470424805,30.035137062388888,690.0,140.0,349.0,68.0,344.31032700406945,302.4227841809054,24.92836676217765,20.588235294117645,28.78787878787879,28.8135593220339,21.014492753623188,25.71428571428571,1.7728844940239736,-41.88754282316404,-4.3401314680600045,0.025680534155110735,4.699792960662524,337.4797444813472,False,70.0,73.48279301745636,-0.4737237200848464,-0.7068323461354574,-0.3429915016159505,-0.07278494763500554,0.2879177377892031,0.21807228915662652,0.2422062350119904,1999-06-24,26,0.3545768988047947
677800,"Abreu, Wilyer",L,2026,29.98698588414256,30.269230041097302,2.395555791479681,3.298292019577703,38.04168321465038,40.05091187015119,-27.096485198327564,-27.63209852627647,33.329428469552376,33.221624801009376,887.0,382.0,459.0,204.0,348.66560348583874,349.6334117647058,22.440087145969496,16.176470588235293,30.91095189355169,26.914660831509845,21.98421645997745,20.94240837696335,0.9027362280980222,0.9678082788670395,-6.263616557734203,-3.996291062041845,-1.0418080830141,348.9633906485671,False,70.0,72.98231017770598,-0.4436116782767092,-1.8096602511567292,-0.5999261522902023,-0.15553328677030862,0.296373779637378,0.21670606776989756,0.20512820512820512,1999-06-24,27,0.18054724561960445
677870,"Jiménez, Leo",R,2024,25.511607252349457,26.185889852003942,-14.722128774640014,-14.37912303289268,22.17520129549568,21.264006940031475,-0.8622956339319162,-1.3667124796730594,34.548647282011075,34.5496697829848,137.0,254.0,61.0,149.0,320.35903507844176,309.90852163340236,36.0655737704918,24.832214765100673,23.48993288590604,30.627306273062732,28.467153284671532,24.803149606299215,0.34300574174733356,-10.450513445039405,-11.23335900539113,7.137373387156693,-3.6640036783723176,312.9441469674376,False,70.0,68.83646112600536,2.7468748647440764,-0.1308140419965409,0.6796566185611717,-2.2013325947288847,0.28095238095238095,0.2608695652173913,0.28095238095238095,2001-05-17,23,0.0686011483494667
677870,"Jiménez, Leo",R,2026,26.14199359285878,27.879676594090135,-1.1660839388121513,-1.449968439288972,31.21573449922177,30.99985456758871,-25.175669657840157,-26.498054287159622,26.729994075221814,24.102180760604124,167.0,161.0,95.0,101.0,307.4406315789474,310.4265742574258,20.0,18.81188118811881,26.47058823529412,25.90909090909091,22.15568862275449,21.73913043478261,-0.2838845004768207,2.985942678478409,-1.1881188118811892,-0.5614973262032095,-0.41655818797188005,308.979306122449,False,70.0,71.07051282051282,-1.4305285272343307,0.019038353311214805,1.2305680782676809,-1.3992867717649156,0.2617924528301887,0.21951219512195122,0.19387755102040816,2001-05-17,25,-0.05677690009536414
677942,"Alexander, Blaze",R,2024,26.712655630379867,27.348124346799672,-0.20092942422974566,0.08763593770399157,45.41648153137462,45.182612220952386,-12.891491491306141,-14.929615607439064,34.89082456796778,34.81036737452842,172.0,194.0,84.0,101.0,313.9094833951872,217.98089408940896,28.57142857142857,24.752475247524753,25.443786982248522,32.663316582914575,21.511627906976745,27.835051546391753,0.2885653619337372,-95.92858930577822,-3.8189533239038163,7.219529600666053,6.323423639415008,261.53765896338393,False,71.0,72.09718749999999,1.0091952112216827,-1.0316273123698008,0.4260453523013547,0.6970856381954623,0.29347826086956524,0.24863387978142076,0.2648648648648649,1999-06-11,25,0.057713072386747444
677942,"Alexander, Blaze",R,2025,27.72475179713969,27.641403040359588,-1.4182655699860474,-2.1068250618782742,47.12457369834581,48.34799748042122,-10.149026227763002,-10.799145389697214,34.59151284427091,34.616720105975084,149.0,339.0,85.0,181.0,350.9862747690989,283.23987022819796,28.235294117647058,34.25414364640884,22.085889570552148,25.454545454545453,25.503355704697988,29.793510324483773,-0.6885594918922269,-67.74640454090093,6.018849528761784,3.3686558839933056,4.290154619785785,304.8881573935235,False,71.0,71.18957871396896,1.2023247715197563,-0.8165389376362249,-0.27970388957805936,0.9590482438903154,0.2434077079107505,0.2848360655737705,0.3233082706766917,1999-06-11,26,-0.13771189837844539
677942,"Alexander, Blaze",R,2026,29.35867079884228,30.02585541611394,-5.519904856497185,-4.015869371908619,51.53167508134418,50.424118357929096,-11.923311698247334,-14.088482304400905,31.189814354226073,31.928336504173995,225.0,390.0,104.0,186.0,306.62823076923075,374.3045161290323,25.0,19.892473118279568,29.468599033816425,29.76878612716763,22.22222222222222,23.076923076923077,1.5040354845885657,67.67628535980157,-5.107526881720432,0.3001870933512052,0.8547008547008552,350.0344,False,71.0,71.40207612456747,0.8024288776770392,-0.41180713131536745,-0.5949964663107643,0.9428907667872607,0.2965641952983725,0.22764227642276422,0.21724137931034482,1999-06-11,27,0.3008070969177131
677950,"Thomas, Alek",L,2025,20.53892491195565,20.364946614626326,21.030639525196747,19.515335283594332,37.342778306247205,38.42412304740054,-26.40565731292225,-24.314170083756316,17.09556904828895,17.020660462111977,727.0,150.0,381.0,89.0,295.80005750645154,254.8945449643989,26.77165354330709,22.47191011235955,33.38414634146341,39.568345323741006,25.584594222833562,27.333333333333332,-1.515304241602415,-40.905512542052634,-4.29974343094754,6.184198982277593,1.7487391104997698,288.0541200250841,False,69.0,70.35300613496932,-3.3081396699694525,-0.006534620237854633,1.0508781829979998,-1.426611636724553,0.34465408805031444,0.2588369441277081,0.25957446808510637,2000-04-28,25,-0.30306084832048297
677951,"Witt Jr., Bobby",R,2024,28.865012689901633,28.33360231700687,22.46787504084836,22.51343821282204,33.880890825135054,35.437188658206395,-13.143066583068894,-13.303473123598986,29.999777629819093,30.638886188828174,281.0,1049.0,144.0,566.0,387.0469529338838,411.1725139091302,12.5,15.547703180212014,39.130434782608695,30.275229357798167,16.72597864768683,20.019065776930407,0.04556317197368287,24.1255609752464,3.0477031802120145,-8.855205424810528,3.2930871292435775,406.27944238739013,False,73.0,73.71215653621982,-0.9613131462742918,-0.36601674966116976,-0.578310734956213,-1.268603475304493,0.3206442166910688,0.19323308270676692,0.14929577464788732,2000-06-14,24,0.009112634394736575
677951,"Witt Jr., Bobby",R,2025,27.67181895363485,27.407175145791413,30.919738728432133,31.323833920433973,34.93824851253816,35.889699351161084,-16.969144084007695,-17.06682738114633,32.339499064835195,32.58349053835321,271.0,1012.0,146.0,541.0,372.57322300036196,361.6772451401994,20.54794520547945,17.56007393715342,29.268292682926827,30.869130869130867,20.66420664206642,22.035573122529645,0.4040951920018401,-10.895977860162589,-2.987871268326032,1.6008381862040402,1.371366480463223,363.9928386883562,False,73.0,73.37325581395348,-0.9052255651205173,-1.1460802282678366,-0.026245092038463987,-0.8512110713614623,0.30553327987169204,0.21745908028059235,0.1819505094614265,2000-06-14,25,0.08081903840036801
677951,"Witt Jr., Bobby",R,2026,26.70019794571203,26.27852206120161,26.319066808048706,28.5510525354996,35.871468954102134,37.59260575514963,-16.138258725954614,-16.461230489495986,31.272358195751107,31.835824032647796,290.0,798.0,165.0,446.0,390.61282424242415,373.018798206278,14.545454545454545,18.161434977578477,36.93181818181818,32.10702341137124,21.03448275862069,22.681704260651628,2.231985727450894,-17.594026036146147,3.6159804321239317,-4.8247947704469425,1.6472215020309378,377.7700490998363,False,73.0,73.02912621359224,-0.8079343813236514,-0.8166943801546744,0.43440848126809445,-0.7021044092215039,0.33466773418734985,0.22242647058823528,0.1718494271685761,2000-06-14,26,0.44639714549017884
677956,"Hinds, Rece",R,2026,27.419552852317462,27.974660596514195,11.922487422768464,11.793143591432163,64.27099650560294,61.51833977475623,-4.966941108837292,-4.360827734047977,36.00969685788117,34.8632970801643,75.0,65.0,31.0,35.0,201.94270967741932,184.1728,51.61290322580645,31.428571428571427,37.64705882352941,38.35616438356164,42.66666666666667,38.46153846153847,-0.12934383133630156,-17.76990967741932,-20.18433179723502,0.7091055600322278,-4.205128205128204,192.5192727272727,False,,,,,,,,,,2000-09-05,26,-0.025868766267260312
678009,"Meadows, Parker",L,2024,25.926439445723783,26.392273942099326,6.350596219786633,6.812706513572152,38.63539783214785,38.09454581167504,-8.226210066042858,-9.69770703205321,37.019816666770375,37.27210387863069,436.0,114.0,236.0,62.0,306.74312670052234,272.17210829493087,23.728813559322035,32.25806451612903,25.101214574898783,28.92561983471074,25.0,27.192982456140353,0.4621102937855195,-34.571018405591474,8.529250956806997,3.8244052598119573,2.192982456140353,299.55049871009726,False,77.0,69.77300613496932,1.0232179095168241,-0.7347050723215448,1.055064001321715,-0.72603818063978,0.25853658536585367,0.2545454545454545,0.2550335570469799,1999-11-02,25,0.0924220587571039
678009,"Meadows, Parker",L,2025,27.528252563923072,26.738262623412815,2.4151807730507424,1.7390045598874089,35.28774296750963,36.61431807294797,-8.366847874707368,-9.10928753745588,37.01094053047142,37.179929770300994,303.0,78.0,167.0,46.0,305.2872141259851,233.92524102079392,26.94610778443114,23.91304347826087,25.219941348973606,16.455696202531644,26.072607260726073,25.64102564102564,-0.6761762131633335,-71.36197310519117,-3.0330643061702673,-8.764245146441962,-0.4315816197004345,289.87570819716444,False,77.0,69.19521126760563,1.2548576057445906,-0.5105694525379755,1.4804208289850211,-0.8329559385889952,0.2357142857142857,0.25984251968503935,0.26291079812206575,1999-11-02,26,-0.1352352426326667
678246,"Vargas, Miguel",R,2024,28.904056662662175,28.24292702069658,-3.235955955312993,-3.83295745840552,37.547460980600086,39.85068265215039,-1.5151228823467386,-1.4655355021015164,30.666088775540462,30.865972552212984,170.0,280.0,92.0,145.0,262.81778660349306,266.09705256046556,16.304347826086957,28.965517241379313,20.3125,23.15112540192926,18.823529411764707,18.571428571428573,-0.5970015030925273,3.2792659569724947,12.661169415292356,2.83862540192926,-0.25210084033613356,264.8240885602906,False,74.0,69.0737089201878,1.2280295440650209,1.2794144474296465,0.6525050064722384,-0.34957736298794584,0.220675944333996,0.18666666666666668,0.24050632911392406,1999-11-17,25,-0.11940030061850546
678246,"Vargas, Miguel",R,2025,31.03979248364163,30.416363867294574,1.4825707768840992,1.5079574173465025,40.36807334159005,40.85901966252954,-6.069922215793555,-6.398773523606969,28.594358140912988,28.73966182573309,290.0,782.0,154.0,416.0,296.0847050431411,325.63454657969464,18.181818181818183,17.307692307692307,22.903225806451612,20.99378881987578,15.862068965517242,18.286445012787723,0.025386640462403243,29.549841536553515,-0.8741258741258768,-1.9094369865758338,2.4243760472704814,317.6509051820995,False,74.0,69.75629335976214,0.3331978975922659,1.2696135332399443,0.5892234198840357,0.22976684761248292,0.21524663677130046,0.17630597014925373,0.17543859649122806,1999-11-17,26,0.005077328092480649
678246,"Vargas, Miguel",R,2026,32.026210229533284,31.76069001011546,11.27520676909833,11.20400886900563,46.43931164235604,47.018655533774435,-6.843362904704602,-6.787385804790515,22.92506398395668,22.879155109983714,352.0,841.0,204.0,481.0,413.51531372549016,367.06635343035344,17.15686274509804,18.08731808731809,20.792079207920793,21.063189568706118,15.056818181818182,18.549346016646847,-0.07119790009270055,-46.448960295136715,0.9304553422200499,0.27111036078532535,3.4925278348286657,380.8993284671533,False,74.0,73.03588850174216,-1.0027225687730525,1.7604289351712232,0.3090869887699189,0.9918552215032426,0.20985010706638116,0.1751886001676446,0.1781021897810219,1999-11-17,27,-0.01423958001854011
678391,"Vivas, Jorbit",L,2026,33.45531682683719,33.526250046717394,5.884509751937903,5.126334814811833,50.38744015082034,48.14072469611857,-9.492143997093356,-8.062081417051191,29.99794688722514,29.55926159621135,546.0,93.0,310.0,51.0,294.28847741935476,288.3399215686274,15.161290322580644,11.76470588235294,28.877887788778878,28.125,16.666666666666664,20.43010752688172,-0.7581749371260695,-5.9485558507273595,-3.396584440227704,-0.7528877887788781,3.7634408602150557,293.44809972299157,False,69.0,68.51451876019576,-0.14054480767181513,0.16488207323818352,-1.3006724855067073,0.6695477343714964,0.28774928774928776,0.17214397496087636,0.14681440443213298,2001-03-09,25,-0.15163498742521392
678545,"Basabe, Osleivis",R,2026,28.40274918922718,28.376252655079025,12.231163906216253,12.568421847002405,42.85968126517745,45.2281084163787,-20.786174771264886,-21.591123809911124,33.765405923467114,33.45813458707355,111.0,139.0,59.0,83.0,257.66644067796614,300.15855421686746,18.64406779661017,20.481927710843372,36.56716417910448,32.23684210526316,18.91891891891892,19.424460431654676,0.33725794078615223,42.49211353890132,1.8378599142332028,-4.330322073841323,0.505541512735757,282.50338028169017,False,,,,,,,,,,2000-09-13,26,0.06745158815723044
678554,"Mead, Curtis",R,2024,31.503440920537773,31.518092253025188,7.36683542970556,6.5428013885332765,44.42911109762416,48.00609672747269,-3.5201302828548466,-5.612493090984116,17.491017664578617,15.472631981443392,108.0,139.0,50.0,82.0,359.260243030303,240.72803302101866,20.0,24.390243902439025,36.440677966101696,38.23529411764706,15.74074074074074,22.302158273381295,-0.8240340411722835,-118.53221000928434,4.390243902439025,1.7946161515453625,6.561417532640554,285.62659741847483,False,,,,,,,,,,2000-10-26,24,-0.1648068082344567
678554,"Mead, Curtis",R,2025,33.71417500484479,33.282699631465555,16.760802513302057,14.326664941406802,48.166680429404344,46.20996477346536,-10.036238293978629,-10.368372680285683,21.322450307126715,20.615584275709477,224.0,265.0,126.0,140.0,305.1661107872973,278.53901192245377,18.253968253968253,28.57142857142857,24.463519313304722,31.55893536121673,14.732142857142858,21.88679245283019,-2.4341375718952545,-26.62709886484356,10.317460317460316,7.095416047912007,7.1546495956873315,291.15184822685336,False,73.0,72.60502183406113,-2.077807213076781,1.3728273263689243,-0.8035121148580593,0.1011581206322472,0.28225806451612906,0.18609406952965235,0.23684210526315788,2000-10-26,25,-0.4868275143790509
678554,"Mead, Curtis",R,2026,34.07046789787055,33.8537155080292,3.6608712638130965,4.683934273447434,43.20632307076156,44.37841261488315,-16.185831447867212,-16.383354202182577,15.774316016617167,15.442678929120902,246.0,322.0,142.0,189.0,376.71042253521125,339.8426666666666,19.014084507042252,19.047619047619047,21.895424836601308,27.1461716937355,15.040650406504067,17.391304347826086,1.0230630096343378,-36.867755868544634,0.03353454057679528,5.250746857134192,2.350653941322019,355.6590453172205,False,73.0,71.78488805970149,-2.4952962347621077,2.2078770391982228,-0.8195563554195755,0.23705368911949065,0.2496607869742198,0.1637323943661972,0.1903323262839879,2000-10-26,26,0.20461260192686756
678662,"Tovar, Ezequiel",R,2024,27.297674614359963,26.994467164222332,-11.033728554924789,-10.998724892981636,53.70678615391509,54.349657168484356,0.11971131931057924,0.6236867903627499,38.28377197546848,38.81243997974619,468.0,1099.0,209.0,488.0,311.42204901763216,283.673202209777,29.665071770334926,28.278688524590162,39.73684210526316,45.91947769314472,33.33333333333333,29.936305732484076,0.03500366194315241,-27.74884680785516,-1.3863832457447636,6.182635587881563,-3.3970276008492526,291.9938750689473,False,72.0,70.38329764453961,2.135521154317168,0.6770995083358387,-1.720076864446777,0.4762759704931576,0.44110854503464203,0.30950861518825784,0.28694404591104733,2001-08-01,23,0.007000732388630482
678662,"Tovar, Ezequiel",R,2025,28.676956869317195,28.223476424104167,-11.618409026010697,-9.667152561899613,53.15283984110669,53.16497485895554,1.0555601077563366,1.0573910771365436,34.57066183276696,35.36310973222752,213.0,674.0,90.0,301.0,392.0764978833459,295.81193418892894,27.77777777777778,24.25249169435216,37.234042553191486,41.75257731958763,27.699530516431924,29.22848664688427,1.9512564641110846,-96.26456369441695,-3.5252860834256197,4.518534766396144,1.5289561304523467,317.9700179037564,False,72.0,70.63376470588236,1.6042520046861843,0.8610315894917786,-1.9048686758368634,0.5947995996227193,0.4064935064935065,0.28861330326944756,0.2506393861892583,2001-08-01,24,0.39025129282221693
678662,"Tovar, Ezequiel",R,2026,29.217437385160814,28.632705796010306,-14.223199061650801,-10.64837113046367,51.546266918379786,52.33199616424712,1.2806658412860215,1.0793509087901338,36.37013823210485,36.72329856468538,378.0,715.0,160.0,330.0,246.626025,290.5483151515151,31.25,22.727272727272727,40.67278287461774,45.18633540372671,26.984126984126984,26.153846153846157,3.574827931187132,43.922290151515114,-8.522727272727273,4.513552529108971,-0.8302808302808273,276.20634285714283,False,72.0,71.21661779081134,2.0737528850721385,0.8706317597906335,-1.8314475113190596,0.35038831421358546,0.43666323377960864,0.2644098810612992,0.25510204081632654,2001-08-01,25,0.7149655862374263
678877,"Noel, Jhonkensy",R,2024,28.577961845269474,28.89677042379447,-25.249515702991296,-26.05980974388101,44.63140473285627,46.889039211839325,-6.3908337944064115,-6.995901969292077,35.38465313446256,35.45671439770534,142.0,250.0,63.0,135.0,434.42577331577786,273.6567608895146,26.984126984126984,34.074074074074076,47.85714285714286,43.884892086330936,23.943661971830984,36.4,-0.8102940408897155,-160.76901242626326,7.089947089947092,-3.9722507708119252,12.456338028169014,324.8105375705984,False,76.0,76.87116883116883,2.4066435348149877,0.266410004197427,0.6710283144971889,-0.035553505151215734,0.45215311004784686,0.31887755102040816,0.3181818181818182,2001-07-15,23,-0.1620588081779431
678877,"Noel, Jhonkensy",R,2025,29.0312220356841,28.832010054238868,-27.818756973821806,-25.754941382474808,45.95261088724671,48.719921005830656,-1.1960052684476012,-1.404974685363436,40.57614774160368,39.25983185541766,195.0,148.0,86.0,67.0,219.24425901169414,180.81678760045924,37.2093023255814,29.850746268656714,50.877192982456144,47.5177304964539,32.82051282051282,29.72972972972973,2.063815591346998,-38.427471411234905,-7.358556056924684,-3.3594624860022435,-3.0907830907830878,202.41654277278735,False,76.0,76.86827794561934,3.6025250680049643,0.13303487429764219,1.2090884614490456,0.036989071252683234,0.4935897435897436,0.31486880466472306,0.33986928104575165,2001-07-15,24,0.4127631182693996
678882,"Rafaela, Ceddanne",R,2024,30.43946061741223,30.579804603371414,1.5642518450009726,3.2141652486918626,35.54172430429603,32.95969585502951,-24.60472165598758,-25.1779949558453,23.63536398570797,23.036596582091637,345.0,928.0,152.0,419.0,244.42086188867987,287.3560584779709,35.526315789473685,23.15035799522673,45.08474576271186,46.83870967741935,33.33333333333333,29.310344827586203,1.64991340369089,42.93519658929105,-12.375957794246954,1.7539639147074908,-4.022988505747126,275.9267241844994,False,70.0,69.30405872193437,-2.1993571244364407,0.24744627464790644,-0.35026785468903354,-1.2820763841425704,0.4635514018691589,0.3040062843676355,0.26444833625218916,2000-09-18,24,0.329982680738178
678882,"Rafaela, Ceddanne",R,2025,30.503145150080904,30.492953985547473,-3.6589113501697503,-2.958299304535976,38.744466762772134,38.28171410381675,-18.757246100447645,-19.176555309185787,23.3834066178988,23.3620459555424,363.0,877.0,163.0,426.0,332.19104160451644,292.4503801423562,20.245398773006134,19.718309859154928,38.46153846153847,43.2,28.09917355371901,23.14709236031927,0.7006120456337745,-39.74066146216023,-0.5270889138512054,4.738461538461536,-4.952081193399739,303.4482202413921,False,70.0,70.07744360902255,-1.2082058089302163,0.47826074777584454,-0.915095398051998,-0.9556139473114766,0.4184938036224976,0.24596774193548387,0.19864176570458403,2000-09-18,25,0.14012240912675492
678882,"Rafaela, Ceddanne",R,2026,30.013884482028942,29.69749607348068,-0.44991392911539496,-1.4654959115897546,37.814930763726224,36.9287841934861,-10.51975044156594,-11.169237960144882,22.902499870921726,22.576750911936468,318.0,867.0,149.0,420.0,279.10281879194633,284.37318095238095,24.161073825503358,18.80952380952381,44.13793103448276,45.56962025316456,24.842767295597483,22.26066897347174,-1.0155819824743597,5.270362160434615,-5.351550015979548,1.4316892186817967,-2.5820983221257414,282.99306854130054,False,70.0,68.58656716417912,-0.9231334795700081,0.8801272827720824,-1.4044405354074114,-0.8905423074670339,0.45185185185185184,0.22953586497890296,0.20210896309314588,2000-09-18,26,-0.20311639649487195
679032,"Rojas, Johan",R,2024,26.597551465438087,25.96519450887501,-5.0455081604786685,-7.7517240753759165,36.79927830201285,37.761208099926534,-5.381684106072246,-5.413179190416924,32.14922174957174,31.556213081397463,182.0,446.0,106.0,257.0,251.21175471698115,264.4435508749067,22.641509433962266,17.509727626459142,34.63687150837989,34.46808510638298,17.582417582417584,22.6457399103139,-2.706215914897248,13.231796157925544,-5.131781807503124,-0.1687864019969112,5.063322327896316,260.5797205918761,False,71.0,70.39712230215828,1.415292156796156,0.7152338504944125,-0.2319055853478145,0.10117742655779562,0.34514637904468415,0.21178343949044587,0.19008264462809918,2000-08-14,24,-0.5412431829794496
679032,"Rojas, Johan",R,2025,28.315665350863583,28.90725879313277,-0.12777895368587716,-3.0624113079255464,42.395892869693675,42.03274165069472,-9.44851484050516,-11.439633558768305,27.861135021419525,27.39185977023607,132.0,181.0,75.0,97.0,269.88719892829,266.1815664038811,20.0,25.773195876288657,35.0,38.92215568862276,18.181818181818183,23.756906077348066,-2.9346323542396693,-3.705632524408884,5.773195876288657,3.922155688622759,5.575087895529883,267.7973945395245,False,,,,,,,,,,2000-08-14,25,-0.5869264708479338
679529,"Torkelson, Spencer",R,2024,28.08675118668792,28.130805061064972,13.150087681619278,13.690269136949029,49.193495491769625,47.865485719389326,-1.810091848128732,-1.816558744594764,36.59519390098288,36.803352519353886,179.0,554.0,90.0,293.0,298.4527240697574,280.91088738347275,16.666666666666664,30.716723549488055,21.22905027932961,23.498233215547703,13.966480446927374,27.617328519855594,0.5401814553297513,-17.541836686284626,14.05005688282139,2.269182936218094,13.65084807292822,285.03298999904877,False,73.0,72.84691358024692,1.2066620729615574,-0.4041253276072155,-0.9126659525725304,-0.17079200643518683,0.2295302013422819,0.24283765347885403,0.2741514360313316,1999-08-26,25,0.10803629106595025
679529,"Torkelson, Spencer",R,2025,33.1078781306608,32.88408020581949,6.823044358479762,6.922459168905639,50.175021387205334,50.785823312573186,-17.200868537174607,-17.37127506553991,25.891255334951204,25.916630538680067,338.0,836.0,190.0,459.0,343.1884770723821,330.8557098170648,22.105263157894736,27.66884531590414,24.137931034482758,21.896162528216703,23.668639053254438,23.80382775119617,0.09941481042587696,-12.332767255317322,5.563582158009403,-2.2417685062660553,0.13518869794173227,334.4662271953549,False,73.0,72.36734693877551,-1.3036523100209219,0.02660768844057477,-1.310734370722978,-0.2903566443694335,0.2260061919504644,0.23764906303236796,0.26040061633281975,1999-08-26,26,0.01988296208517539
679529,"Torkelson, Spencer",R,2026,30.26029574464208,30.792156662046146,8.269631887788504,8.488077043741004,45.783820381746615,46.62206948991241,-9.171762910447203,-9.554349057354196,27.683814333101182,27.626585365705036,326.0,750.0,178.0,420.0,300.01878651685394,321.55715238095235,29.775280898876407,31.666666666666664,20.833333333333336,21.79775280898876,26.68711656441718,31.6,0.2184451559524998,21.53836586409841,1.8913857677902577,0.9644194756554256,4.91288343558282,315.1460668896321,False,73.0,72.46692381870781,-0.2572644645459499,0.15020454162841876,-1.0305791071539485,-0.6097702946360224,0.21482602118003025,0.30111524163568776,0.3110367892976589,1999-08-26,27,0.04368903119049996
679822,"Foscue, Justin",R,2026,29.548969292517455,29.892042615907027,-1.301616173965483,-0.3569680510690767,45.979764047067256,48.46815636778675,-24.009203718513298,-26.491071240640395,26.857604420157035,27.055207043551892,295.0,155.0,156.0,86.0,356.53371794871794,270.43209302325585,24.358974358974358,26.744186046511626,24.758842443729904,33.557046979865774,17.28813559322034,21.29032258064516,0.9446481228964063,-86.10162492546209,2.385211687537268,8.79820453613587,4.002186987424821,325.93561983471074,False,71.0,70.0446261682243,-1.7878835337668688,0.644227156412196,1.5628633085594936,1.1971820262002668,0.27608695652173915,0.18666666666666668,0.25206611570247933,1999-03-02,27,0.18892962457928125
679845,"Loftin, Nick",R,2024,29.99160612251593,30.220825949044418,-7.795846782758368,-5.822751435918739,51.94680169155249,51.719242764221526,3.542779307783166,3.0844251674095498,26.844737724056245,26.80053974257083,82.0,186.0,52.0,119.0,271.4205192307693,291.8262516530558,11.538461538461538,15.126050420168067,26.0,18.385650224215247,10.975609756097562,15.591397849462366,1.9730953468396297,20.40573242228652,3.5875888817065285,-7.614349775784753,4.615788093364804,285.6209996883839,False,,,,,,,,,,1998-09-25,26,0.39461906936792596
679845,"Loftin, Nick",R,2025,28.855877599758916,28.822302545374903,-6.938868712362797,-8.247889532209882,51.95612803024429,51.72723133669861,1.3644632611197347,1.508597312716668,24.58484345368863,24.69252362651674,129.0,185.0,68.0,120.0,307.1388356462171,290.75546651072943,16.176470588235293,13.333333333333334,26.31578947368421,23.88888888888889,21.705426356589147,14.594594594594595,-1.3090208198470856,-16.38336913548767,-2.8431372549019596,-2.4269005847953196,-7.110831761994552,296.6813659852676,False,,,,,,,,,,1998-09-25,27,-0.26180416396941714
679845,"Loftin, Nick",R,2026,28.781554732614392,28.462031362993173,-10.351303592690906,-10.214104576931707,52.98702588535544,52.51305696625935,-10.36602134254071,-10.718507629026977,28.377768824243482,28.91797044249455,258.0,384.0,169.0,255.0,313.41377514792896,279.32086274509805,16.56804733727811,16.862745098039216,25.77639751552795,24.236252545824847,17.441860465116278,16.40625,0.13719901575919913,-34.092912402830905,0.29469776076110676,-1.5401449697031033,-1.035610465116278,292.9097830188679,False,71.0,68.13902027027028,0.6394038764936364,0.9768508049701642,0.5021552012194322,0.18094068210568495,0.24846248462484624,0.16822429906542055,0.16745283018867924,1998-09-25,28,0.027439803151839824
680118,"Blanco, Dairon",R,2024,27.771975098146147,27.64196334480699,12.746617463528073,13.784141755030802,42.16005544719294,43.03164859084446,-1.746798446715469,-3.2148538401165947,22.031527230806706,22.318261699683525,122.0,112.0,69.0,63.0,349.1155570665757,218.93651404151407,20.28985507246377,28.57142857142857,28.18181818181818,32.231404958677686,27.86885245901639,34.82142857142857,1.037524291502729,-130.17904302506165,8.2815734989648,4.049586776859506,6.952576112412178,286.9846501682508,False,,,,,,,,,,1993-04-26,31,0.2075048583005458
680474,"Schuemann, Max",R,2024,29.22617316579347,29.26410451455096,-6.034837957305582,-5.211553661357692,33.580690217536315,35.375341339050046,3.109805213975682,3.4589174402627183,27.678039995642294,28.296115078856378,175.0,591.0,105.0,354.0,286.7295812341753,304.5698908828812,25.71428571428571,25.98870056497175,18.39622641509434,22.060957910014515,24.0,26.903553299492383,0.8232842959478903,17.840309648705897,0.2744148506860391,3.6647314949201757,2.9035532994923834,300.48877429657597,False,72.0,67.59286713286714,2.285781069828449,1.7752630229948745,-0.00853860587192228,0.3692133283364106,0.21198668146503885,0.26240208877284593,0.25925925925925924,1997-06-11,27,0.16465685918957806
680474,"Schuemann, Max",R,2025,30.47660717734612,30.1245317741034,-5.720280767339278,-6.173201417515652,37.46162211274559,40.08373484270347,0.08437601719606361,-0.14201709500954296,29.10153540753903,29.71516542824342,123.0,253.0,65.0,148.0,304.4262074441687,292.19169144868806,10.76923076923077,18.91891891891892,18.181818181818183,18.345323741007196,21.138211382113823,24.50592885375494,-0.45292065017637384,-12.234515995480649,8.14968814968815,0.16350555918901222,3.367717471641118,295.9252291937878,False,72.0,67.80691642651297,1.8613391118853424,1.3594698967560057,-0.7789246141703602,0.5579281687059369,0.18295739348370926,0.23404255319148937,0.1643192488262911,1997-06-11,28,-0.09058413003527477
680474,"Schuemann, Max",R,2026,30.23292200678532,30.423352410044856,-4.667845660798787,-4.820700587530501,41.65838359805808,44.18357851645449,0.0027553592882058366,-0.630795029772683,32.4007715672991,32.958701609954325,86.0,65.0,45.0,44.0,297.7295111111111,311.73454545454547,20.0,27.27272727272727,22.448979591836736,20.43010752688172,23.25581395348837,26.153846153846157,-0.15285492673171408,14.005034343434374,7.27272727272727,-2.0188720649550156,2.898032200357786,304.6533483146068,False,,,,,,,,,,1997-06-11,29,-0.030570985346342817
680574,"McLain, Matt",R,2025,27.712659747559364,28.238102997809545,12.506030750839074,12.140097622351275,28.39512199069961,29.99053300949793,-18.401393709225143,-18.10629129648243,27.66521751485572,27.600661115890077,235.0,782.0,131.0,446.0,298.44459705339943,284.91966554340206,30.53435114503817,28.475336322869953,23.595505617977526,26.931818181818183,24.680851063829788,26.47058823529412,-0.36593312848779824,-13.524931509997373,-2.0590148221682156,3.336312563840657,1.7897371714643313,287.9903172380462,False,68.0,69.13618843683084,-0.6557006649155521,0.26457471527414883,-0.05263445658254743,-1.2239443833452441,0.26155187445510025,0.2605703048180924,0.28942807625649913,1999-08-06,26,-0.07318662569755965
680574,"McLain, Matt",R,2026,25.749263365443806,25.378072204641114,-4.856688865314223,-6.210429815303834,27.546879685887202,29.9649179978041,-13.628750925183711,-12.888803752814024,26.84426148149277,27.196442814709965,225.0,619.0,123.0,359.0,336.9661138211382,281.83202228412256,21.951219512195124,29.805013927576603,27.413127413127413,26.063829787234045,17.77777777777778,27.948303715670438,-1.3537409499896107,-55.13409153701565,7.853794415381479,-1.3492976258933673,10.17052593789266,295.90151037344395,False,68.0,70.86687657430731,0.31457714259012565,0.8351269475443149,-0.17785953370196694,-1.7585140892694293,0.26409495548961426,0.2523696682464455,0.27800829875518673,1999-08-06,27,-0.27074818999792216
680664,"Valencia, Eduardo",R,2026,29.56904827064314,29.271470926962415,-26.941231166372834,-26.34943341781992,42.89915277660158,43.13178800320895,-31.279577890233906,-31.7651298501027,24.912293305168948,24.939400126927758,125.0,129.0,53.0,70.0,310.95267924528304,396.24514285714287,35.84905660377358,12.857142857142856,40.707964601769916,31.62393162393162,27.200000000000003,20.155038759689923,0.5917977485529136,85.29246361185983,-22.99191374663073,-9.084032977838294,-7.04496124031008,359.49310569105694,False,,,,,,,,,,2000-01-25,26,0.11835954971058271
680700,"Palacios, Richie",L,2026,31.665882729707704,32.49002890021763,7.714628153020397,6.900336315905154,41.26403996080648,44.74990000341354,-3.874526047261437,-4.359550850610219,24.84036926990886,24.615572056784877,578.0,107.0,324.0,60.0,320.1764197530864,217.12119999999996,16.666666666666664,20.0,31.170662905500706,38.05309734513274,18.858131487889274,18.69158878504673,-0.8142918371152428,-103.05521975308645,3.3333333333333357,6.882434439632036,-0.1665427028425448,304.07404166666663,False,68.0,68.63059006211179,-1.1642632512635664,1.764092514023407,0.2761369263374976,0.9396387540152731,0.32116788321167883,0.18832116788321168,0.171875,1997-05-16,29,-0.16285836742304854
680718,"Barger, Addison",L,2025,33.15973871724294,33.46745356375802,-21.600137550418598,-18.292117314527953,48.23741627425455,47.61732852648987,-53.755392659057954,-53.286088645169045,20.5216838611233,21.244425542365104,812.0,149.0,414.0,89.0,346.2849706541844,262.4465120871638,22.705314009661837,30.337078651685395,31.242158092848182,31.724137931034484,23.15270935960591,26.174496644295303,3.3080202358906448,-83.83845856702061,7.631764642023558,0.48197983818630163,3.021787284689392,331.4507304703577,False,71.0,74.9551282051282,-4.566842630066288,0.7359055481141666,-0.754659878853382,-0.6496127790462756,0.31316348195329086,0.23621227887617066,0.24055666003976142,1999-11-12,26,0.6616040471781289
680737,"Helman, Michael",R,2025,32.33841299310007,32.5537309223933,24.590369375120446,25.435380939681902,46.56036831071016,47.2123167684685,-27.774742610144244,-27.660372952593338,18.936697159742707,19.060508392749398,108.0,111.0,50.0,60.0,257.539460114632,260.1298315850816,22.0,16.666666666666664,37.66233766233766,25.53191489361702,30.555555555555557,15.315315315315313,0.8450115645614567,2.590371470449611,-5.333333333333336,-12.130422768720642,-15.240240240240244,258.9523900076045,False,,,,,,,,,,1996-05-23,29,0.16900231291229134
680757,"Kwan, Steven",L,2024,24.51324093313212,24.177485025431146,11.78214911182487,11.373902810443317,43.42610602587669,43.7776165207778,-10.655263625982155,-11.278218368365412,8.769471512940804,8.706150962870947,600.0,243.0,384.0,159.0,328.5281814870578,348.8895659839811,8.333333333333332,11.949685534591195,19.835841313269494,18.06020066889632,6.0,9.876543209876543,-0.4082463013815527,20.36138449692328,3.616352201257863,-1.7756406443731727,3.8765432098765427,334.49035484803534,False,68.0,63.87859154929578,-2.1120796343805286,1.5096324096292417,-1.9427223871376877,-0.5739261978264057,0.19320388349514564,0.0711743772241993,0.09392265193370165,1997-09-05,27,-0.08164926027631055
680757,"Kwan, Steven",L,2025,22.830649269268154,22.904090379192002,17.204956773894235,16.997407606180282,40.01613620848014,41.46440624739033,-15.648416666045476,-17.959884102763002,7.04087983519689,7.139805990260338,801.0,361.0,472.0,226.0,319.34776548260004,282.6560745225897,8.47457627118644,8.849557522123893,22.885032537960953,22.192513368983956,7.990012484394507,7.756232686980609,-0.20754916771395315,-36.69169096001036,0.37498125093745394,-0.6925191689769967,-0.23377979741389776,307.4676477792156,False,68.0,63.06094210009813,-2.9395728596311765,1.2191449876816296,-1.4359695683471143,-0.685495581470677,0.22685185185185186,0.07917383820998279,0.08595988538681948,1997-09-05,28,-0.04150983354279063
680757,"Kwan, Steven",L,2026,31.690361161981734,31.431646418293802,14.079333700526076,13.942928091801653,36.930995519035406,38.80055188012645,-9.832533176314566,-9.103995825736249,7.950507446437353,8.010989709948827,616.0,287.0,425.0,196.0,330.6891670588235,315.1734489795918,8.470588235294118,13.26530612244898,19.253910950661854,20.5,5.194805194805195,9.059233449477352,-0.13640560872442364,-15.515718079231704,4.794717887154862,1.2460890493381456,3.8644282546721573,325.79209661835745,False,68.0,61.82496984318456,-2.733051120939915,2.0592519529673226,-1.9585488433659413,-0.5859049570922368,0.1965881397238018,0.06423034330011074,0.0998389694041868,1997-09-05,29,-0.02728112174488473
680776,"Duran, Jarren",L,2024,27.34518025643396,27.416595419298556,11.276159519787944,11.523683305334778,48.143424967604304,42.26513669652672,0.1801472444231281,0.053199915557081645,19.472980249243268,19.556888368365573,967.0,403.0,507.0,230.0,352.0092325677742,311.19673353178257,20.51282051282051,24.347826086956523,27.51817237798546,29.107981220657276,20.682523267838675,24.81389578163772,0.24752378554683396,-40.81249903599161,3.8350055741360123,1.5898088426718147,4.131372513799043,339.2726317831364,False,72.0,72.72182410423453,-0.8801091178766793,2.421185004588429,2.8613992235235295,1.0865012799985327,0.28005759539236863,0.21897810218978103,0.21709633649932158,1996-09-05,28,0.04950475710936679
680776,"Duran, Jarren",L,2025,28.454586916066408,28.76662421415597,10.01572337618531,10.613334848383637,41.314807787043044,36.471003200524954,-1.599499902083103,-2.225806236312742,23.98886281571143,24.164675569218186,850.0,386.0,488.0,209.0,341.897720314709,284.5884666838164,22.950819672131146,27.27272727272727,29.30672268907563,34.81675392670157,25.176470588235293,28.497409326424872,0.5976114721983272,-57.309253630892556,4.3219076005961234,5.510031237625942,3.3209387381895787,324.7131664999937,False,72.0,73.94285714285715,-0.9298514175003103,2.024643696603094,3.3133151317124034,0.14751903939694305,0.30884557721139433,0.2621359223300971,0.242467718794835,1996-09-05,29,0.11952229443966544
680776,"Duran, Jarren",L,2026,29.02284569564512,29.15699504964337,5.88272213225303,6.103421869090965,46.73885034911335,42.379993589904736,0.2676648050944215,-0.28916874401220055,25.11908267410303,26.594718862302315,881.0,230.0,463.0,135.0,291.52561555075596,319.33783703703705,28.293736501079913,23.703703703703706,35.19736842105263,31.140350877192986,30.87400681044268,30.434782608695656,0.2206997368379353,27.81222148628109,-4.590032797376207,-4.057017543859644,-0.4392242017470238,297.8042943143813,False,72.0,74.33317535545024,-0.5030468773879107,2.0480825254930473,2.732688560581733,0.5186613193984475,0.34385964912280703,0.30783078307830786,0.2725752508361204,1996-09-05,30,0.044139947367587064
680777,"Jeffers, Ryan",R,2024,27.34332487236891,27.044579094958937,10.278711203923761,10.349181548123665,41.13441583751473,41.740081385666336,-4.809140188490806,-4.472639270081722,37.436097737602594,38.183768371665465,262.0,613.0,141.0,324.0,287.3072522529892,315.8695993473769,24.113475177304963,18.51851851851852,34.76702508960574,33.582089552238806,21.374045801526716,22.02283849918434,0.07047034419990439,28.56234709438769,-5.594956658786444,-1.1849355373669326,0.6487926976576226,307.20875861553026,False,74.0,71.94327044025158,1.6027223504253512,-0.7044825062938377,-0.041938951350122,-0.17767840317745284,0.339304531085353,0.21828571428571428,0.2021505376344086,1997-06-03,27,0.014094068839980878
680777,"Jeffers, Ryan",R,2025,28.536784990158658,28.137866815005747,18.533721001206843,17.627763216221638,42.74823248462697,44.27280669933097,-8.017941584524458,-7.266167709324241,35.960307946592444,36.25986509412312,216.0,514.0,145.0,321.0,376.2539679284782,301.75455101835877,15.862068965517242,21.18380062305296,20.241691842900302,26.825396825396826,21.296296296296298,18.482490272373543,-0.9059577849852047,-74.49941691011941,5.321731657535718,6.583704982496524,-2.813806023922755,324.9357000569152,False,74.0,71.2821997105644,1.1339827586343585,-0.7295060676041335,0.08761761406736138,0.051131040882924035,0.24557752341311134,0.19315068493150686,0.19527896995708155,1997-06-03,28,-0.18119155699704095
680777,"Jeffers, Ryan",R,2026,30.40018393994522,30.630037597105108,18.685986872697253,19.755609590147067,41.07191364083461,43.08156954483435,-11.263609343637091,-12.943714658150189,32.87278097213504,33.44873456369835,209.0,387.0,134.0,223.0,352.5125074626866,340.33949775784754,15.671641791044777,18.83408071748879,21.140939597315437,29.166666666666668,12.918660287081341,16.5374677002584,1.069622717449814,-12.173009704839046,3.162438926444011,8.02572706935123,3.618807413177059,344.90863865546214,False,74.0,72.53780918727915,-0.18214035770573672,-0.24527839057782524,0.4052108498470271,-0.26769261771217995,0.2609254498714653,0.15268456375838926,0.17647058823529413,1997-06-03,29,0.21392454348996282
680779,"Davis, Henry",R,2025,32.43915153847008,32.361765458846385,12.715952823359142,13.7776695446291,64.14753619677512,61.88427104793397,-10.362792439187357,-10.447796002884948,35.557486231106246,35.72131772612373,137.0,449.0,62.0,221.0,278.2742699490662,303.30875054392527,24.193548387096776,27.601809954751133,30.252100840336134,36.04938271604938,24.087591240875913,26.7260579064588,1.061716721269958,25.034480594859076,3.408261567654357,5.797281875713246,2.638466665582886,297.82416468922116,False,71.0,72.95663082437277,0.5412426694257304,-1.0671741779288775,-0.5738184053402108,2.6124837687937537,0.3473282442748092,0.26109215017064846,0.26855123674911663,1999-09-21,26,0.21234334425399162
680779,"Davis, Henry",R,2026,33.30084522249045,32.92388536187487,7.778402455258593,7.622047554523369,63.459535466957895,62.6448751798838,-8.805585565109903,-8.161297399341834,32.515053582259846,30.77581809032042,181.0,382.0,90.0,202.0,225.46297777777775,320.91998019801986,24.444444444444443,18.81188118811881,36.36363636363637,29.381443298969074,24.861878453038674,22.774869109947645,-0.1563549007352245,95.4570024202421,-5.632563256325632,-6.9821930646672925,-2.0870093430910295,291.49830136986304,False,71.0,73.524670433145,0.3003455553723467,0.10349770190765692,-0.598728208559819,2.4594505429745115,0.31560283687943264,0.2344582593250444,0.2054794520547945,1999-09-21,27,-0.0312709801470449
680862,"MacIver, Willie",R,2025,28.283931142840487,27.66612584939177,11.46022622929934,10.356683767791393,46.73375457968136,45.17570439020329,-5.5682647602307105,-4.466249384430458,31.69499066472734,31.34121643576834,80.0,137.0,40.0,71.0,293.3292189042842,234.7087505499195,20.0,26.76056338028169,31.428571428571427,30.357142857142854,16.25,24.087591240875913,-1.1035424615079474,-58.620468354364675,6.760563380281688,-1.071428571428573,7.837591240875913,255.83324365059144,False,,,,,,,,,,1996-10-28,29,-0.22070849230158948
680869,"Gelof, Zack",R,2024,22.372658592190756,22.420274011584265,2.2245620527956347,2.055825516056021,44.04356573707297,44.34548519991511,-3.876631190277659,-3.6780355785321452,39.7696916685014,40.144511257857076,233.0,821.0,125.0,423.0,238.7234446084293,284.06783786242005,36.0,33.80614657210402,27.350427350427353,30.698287220026348,40.772532188841204,32.886723507917175,-0.16873653673961364,45.344393253990745,-2.1938534278959807,3.347859869598995,-7.885808680924029,273.724682466893,False,74.0,70.90625651720543,2.2607566407631965,-0.9454006875439178,1.4634869401655277,-0.06783168852556437,0.2990936555891239,0.34629981024667933,0.34306569343065696,1999-10-19,25,-0.03374730734792273
680869,"Gelof, Zack",R,2025,21.578734003781687,21.309657737974657,-5.366432845262865,-4.332035678957109,40.47974688631972,44.23183338465926,-0.3021186103729093,-0.3871894918441225,38.53212395298395,37.503140307426236,64.0,148.0,26.0,75.0,122.72355058905057,251.78137763954712,61.53846153846154,40.0,26.923076923076923,26.0,51.5625,35.810810810810814,1.034397166305756,129.05782705049654,-21.53846153846154,-0.9230769230769234,-15.751689189189186,218.55857067605297,False,,,,,,,,,,1999-10-19,26,0.2068794332611512
680869,"Gelof, Zack",R,2026,19.215089835570375,18.98896554034793,4.727433276334597,5.481690314740507,43.87298602733619,44.33225806135687,-3.2210153822289715,-3.2928433759273275,42.669302795470124,42.73889495141496,225.0,527.0,113.0,302.0,319.03486725663714,318.53540397350986,23.008849557522122,25.165562913907287,20.388349514563107,26.20689655172414,28.000000000000004,26.755218216318788,0.7542570384059095,-0.49946328312728383,2.156713356385165,5.818547037161032,-1.2447817836812156,318.6714024096385,False,74.0,73.05935198821797,2.8799409992370477,-1.912815384834092,2.6160679113654743,0.35786952178085385,0.24681933842239187,0.2712765957446808,0.2457831325301205,1999-10-19,27,0.1508514076811819
680977,"Donovan, Brendan",L,2024,27.882531314655893,27.54886341191391,6.736360191483059,8.796645202926156,41.76726057579934,42.500823152827614,-8.751873989944011,-10.806189945565098,38.699249265990716,39.00002088388649,781.0,306.0,458.0,194.0,353.38592249488187,320.01872610321755,12.882096069868995,11.34020618556701,24.20814479638009,22.049689440993788,12.804097311139564,15.032679738562091,2.0602850114430966,-33.36719639166432,-1.541889884301984,-2.1584553553863017,2.228582427422527,343.45764626791424,False,71.0,68.6731434384537,0.9303485720057383,-1.4807136093206974,0.805664645760794,1.1309849344754186,0.236318407960199,0.1343146274149034,0.12423312883435583,1997-01-16,27,0.4120570022886193
680977,"Donovan, Brendan",L,2025,26.706959575731165,25.775471462643228,4.871140235085949,7.037796020685797,45.286333337165196,41.78747730492065,-7.255094608475944,-8.348622122169168,36.16455238700022,36.778563199708636,545.0,290.0,347.0,170.0,374.3388046299417,283.5578178964839,10.951008645533141,17.058823529411764,22.815533980582526,27.609427609427613,10.825688073394495,14.827586206896552,2.166655785599848,-90.78098673345778,6.107814883878623,4.793893628845087,4.001898133502056,344.4881900367351,False,71.0,68.34704402515723,1.2031734371605658,-0.9545850681281027,0.8718670706734416,1.1983051529069864,0.24371584699453552,0.12215568862275449,0.12959381044487428,1997-01-16,28,0.43333115711996956
680977,"Donovan, Brendan",L,2026,26.524384244137927,26.327098461033255,4.767698415586026,7.32275943764051,41.749798093181944,40.2597436979477,-4.160809836993606,-6.17237010971947,37.76105073103347,38.149296720763246,177.0,86.0,107.0,53.0,334.01057943925235,257.0218867924528,12.149532710280374,18.867924528301888,26.244343891402718,23.076923076923077,13.559322033898304,17.441860465116278,2.555061022054484,-76.98869264679956,6.718391818021514,-3.167420814479641,3.8825384312179736,308.508075,False,,,,,,,,,,1997-01-16,29,0.5110122044108968
681082,"Stott, Bryson",L,2024,23.997002281715712,24.975934630838353,18.630566624985786,19.21356373587384,61.030876301993715,60.59060808871213,-4.746669965612984,-5.962972578837104,40.838350053745756,41.1540134920725,802.0,210.0,442.0,129.0,314.2664614534048,305.87269484434603,15.158371040723981,20.155038759689923,30.055248618784532,22.916666666666664,14.33915211970075,15.714285714285714,0.582997110888055,-8.393766609058787,4.996667718965941,-7.1385819521178675,1.3751335945849643,312.3701464051236,False,72.0,67.45965292841649,2.315656049290032,-1.072109884269942,-1.9257176378825467,2.1338281527911556,0.28558951965065504,0.14624505928853754,0.1628721541155867,1997-10-06,27,0.11659942217761099
681082,"Stott, Bryson",L,2025,26.488115058714172,27.158785079414223,13.778510947444623,14.590964920692812,59.68457624841337,60.772725972239485,-3.951471107884677,-5.493284226215415,37.99421639038504,38.03838741741454,780.0,213.0,440.0,123.0,319.43699546771364,279.8668767817548,15.681818181818183,17.88617886178862,24.160346695557962,21.27659574468085,13.333333333333334,17.370892018779344,0.8124539732481892,-39.570118685958846,2.204360679970435,-2.8837509508771113,4.03755868544601,310.79201394307256,False,72.0,68.48789144050104,1.6814621151124935,-0.3671558912541513,-1.922687882184866,2.1241332696792297,0.23575129533678757,0.1419939577039275,0.16163410301953818,1997-10-06,28,0.16249079464963784
681082,"Stott, Bryson",L,2026,26.35949444531594,27.150142010736197,14.722069529760262,15.149493650894168,67.01472586338944,67.56125015803295,-11.581753022116233,-13.55128907499592,32.25860493808442,32.07840321224635,779.0,238.0,447.0,141.0,332.20806263982104,308.2887943262412,17.002237136465325,16.312056737588655,30.76923076923077,27.816901408450708,16.174582798459564,17.647058823529413,0.4274241211339067,-23.919268313579835,-0.6901803988766702,-2.9523293607800625,1.4724760250698488,326.4723197278912,False,72.0,69.20396659707724,-0.27978200464197156,-0.41307970297670954,-1.2914577738457553,2.2126443591682974,0.3011006289308176,0.16519174041297935,0.1683673469387755,1997-10-06,29,0.08548482422678134
681146,"Bride, Jonah",R,2024,27.18231536040896,27.2561471954588,19.953315445446528,21.536319638450546,29.002536294008284,30.105862231015998,-21.90094663105211,-22.452884560065115,27.41046101812235,27.707040447073442,175.0,265.0,99.0,174.0,293.8765666501076,309.21477369495676,23.232323232323232,18.39080459770115,24.782608695652176,23.214285714285715,18.285714285714285,13.584905660377359,1.5830041930040188,15.338207044849185,-4.8415186346220835,-1.5683229813664603,-4.700808625336926,303.6525667446269,False,71.0,66.98483290488431,-2.523902645479806,-1.2976599924111087,2.3674193506333068,-1.9785225845589696,0.23851590106007067,0.15454545454545454,0.20146520146520147,1995-12-27,29,0.3166008386008038
681146,"Bride, Jonah",R,2025,25.6936548147347,26.511862249417014,20.061410068033904,23.8315425277127,25.541306511425613,30.35807526486252,-19.705287818738274,-20.63232933444622,30.39192872403326,30.988042683888384,102.0,83.0,68.0,59.0,224.26124579831932,217.66589939857846,27.941176470588236,33.89830508474576,18.88111888111888,21.487603305785125,19.607843137254903,27.710843373493976,3.770132459678795,-6.595346399740862,5.957128614157522,2.6064844246662453,8.103000236239073,221.19726597481767,False,,,,,,,,,,1995-12-27,30,0.754026491935759
681198,"Rumfield, TJ",L,2026,28.874638800039783,29.916242688514554,-2.9731806372546488,-0.012242679124529551,48.87091992040725,49.415044658241335,-31.46428685440299,-34.84986719723774,33.48299591948235,33.67254965804951,813.0,314.0,426.0,193.0,338.3522723004695,324.6441865284974,14.319248826291082,12.953367875647666,30.82706766917293,29.085872576177284,16.851168511685117,16.878980891719745,2.960937958130119,-13.708085771972094,-1.3658809506434153,-1.7411950929956461,0.027812380034628603,334.0781841680129,False,77.0,67.52432432432433,-2.2618493318747865,-1.1032108300478458,0.8247061753611163,1.410560810465261,0.30340557275541796,0.16858917480035493,0.13893376413570274,2000-05-17,26,0.5921875916260239
681297,"Cowser, Colton",L,2024,27.045657475547145,27.505499604096045,7.153178847074887,6.443854942555042,28.9163157798074,29.786846775047827,-0.49285676175451765,-0.20627230700538324,32.757932334735585,33.16565897569496,779.0,244.0,416.0,147.0,346.3739860587229,292.0301786347135,29.086538461538463,34.69387755102041,25.534308211473565,23.076923076923077,28.754813863928113,28.278688524590162,-0.7093239045198452,-54.34380742400941,5.607339089481943,-2.4573851345504885,-0.4761253393379512,332.184750372525,False,75.0,72.90568769389866,1.2450667868214318,0.46473848508584364,1.4594545955477676,-1.0037973408364418,0.24978241949521324,0.28641251221896386,0.30550621669627,2000-03-20,24,-0.14186478090396903
681297,"Cowser, Colton",L,2025,27.371406176127127,28.33653018576461,7.932946658688567,6.748771345685733,33.247116020388454,34.50045609421748,-4.015874304663391,-4.023013630604606,32.338380844384254,31.938256485971976,483.0,144.0,268.0,92.0,299.49798837276177,283.069640222272,35.44776119402985,35.869565217391305,23.985890652557316,24.848484848484848,33.33333333333333,27.77777777777778,-1.184175313002834,-16.42834815048974,0.42180402336145306,0.8625941959275316,-5.55555555555555,295.2996327343033,False,75.0,72.7240614334471,0.7720531873604228,0.27322163876255534,1.0018643154623375,-0.8854493070075086,0.24180327868852458,0.32057416267942584,0.35555555555555557,2000-03-20,25,-0.2368350626005668
681297,"Cowser, Colton",L,2026,27.855988340807997,28.70580572067254,-5.036136806840596,-4.928469033668045,33.22730493313411,33.26106040554654,-6.557412788108654,-7.4022769748708654,26.336977589132168,26.544581587533397,596.0,120.0,317.0,64.0,336.7716719242902,193.802125,28.706624605678233,43.75,29.32761087267525,30.985915492957744,29.697986577181208,35.0,0.10766777317255105,-142.96954692429023,15.043375394321767,1.6583046202824931,5.302013422818792,312.7557900262467,False,75.0,73.74925373134329,0.08159862172898978,1.4495204429099582,0.9257294817560342,-0.9177016072422595,0.29607609988109396,0.3058659217877095,0.3123359580052493,2000-03-20,26,0.02153355463451021
681351,"O'Hoppe, Logan",R,2024,25.00541998116493,25.051821111700512,-6.983934151437347,-8.089709299053817,46.37412999392724,48.988500954500694,1.08856317861617,0.7550401132792721,34.481704834620665,33.69745253581872,230.0,802.0,111.0,411.0,327.9866087779859,333.5711622990338,32.432432432432435,28.953771289537713,29.2,35.80402010050251,30.0,31.92019950124688,-1.1057751476164706,5.584553521047894,-3.4786611428947225,6.604020100502513,1.9201995012468807,332.38364229743166,False,74.0,70.03568232662192,2.2180128561160295,2.101689560323412,0.8230950905280353,1.9469182066760173,0.3422562141491396,0.31492248062015504,0.29693486590038315,2000-02-09,24,-0.2211550295232941
681351,"O'Hoppe, Logan",R,2025,27.629615109337127,27.526542495868213,-3.6070292506197,-1.4088369268549912,46.19410289427485,47.338176091848744,-3.64890870798176,-4.978432520131166,32.7884285274744,33.078227240999034,158.0,759.0,81.0,373.0,367.20081566289554,283.67826576338405,23.456790123456788,32.171581769437,28.662420382165603,31.935047361299052,25.31645569620253,31.0935441370224,2.198192323764709,-83.52254989951149,8.71479164598021,3.272626979133449,5.777088440819867,298.57986607585195,False,74.0,71.07946943483276,1.747570927851025,1.5541917725308745,1.1494379123878395,2.0142922975415116,0.31361607142857145,0.3009814612868048,0.30616740088105726,2000-02-09,25,0.43963846475294177
681351,"O'Hoppe, Logan",R,2026,26.96354345246622,26.994103879426017,-2.3458100416973022,-1.6779507227128283,47.991627287727546,51.33818017414963,-4.112586999434603,-4.980039561637795,32.08654079796111,33.56427750653272,152.0,352.0,87.0,188.0,289.80206896551726,258.48187234042547,21.839080459770116,26.063829787234045,33.72093023255814,35.230352303523034,24.342105263157894,28.40909090909091,0.6678593189844739,-31.320196625091796,4.224749327463929,1.5094220709648951,4.066985645933016,268.3904436363636,False,74.0,71.44816414686825,1.325271826000943,1.3512453005491705,-0.023659048746411632,1.8039560207888492,0.34750462107208874,0.2718253968253968,0.24727272727272728,2000-02-09,26,0.13357186379689479
681393,"Norby, Connor",R,2024,28.559829492220633,28.025786113221233,3.7579548793812863,3.270977888182074,45.81159738542412,44.54668505920383,-9.634341815356125,-9.085678352635783,30.213937105938456,30.116279171204067,146.0,291.0,63.0,133.0,289.9899810622868,323.77992746917624,39.682539682539684,29.32330827067669,38.13559322033898,32.41106719367589,33.56164383561644,29.896907216494846,-0.48697699119921234,33.78994640688944,-10.359231411862993,-5.724526026663092,-3.664736619121591,312.9188732669618,False,70.0,69.38402948402948,0.8192597451426741,-0.05949643041032954,-0.20250033047326385,-0.552455420343834,0.3423180592991914,0.3112128146453089,0.32653061224489793,2000-06-08,24,-0.09739539823984247
681393,"Norby, Connor",R,2025,26.567966102936587,26.793277655330144,7.363964937759086,6.430285964272975,47.856860984105886,46.27724313297901,-9.794627593997056,-9.309001193059903,34.8813738086136,34.947138974941,213.0,462.0,101.0,236.0,334.9719120483477,293.62453451007104,26.732673267326735,26.69491525423729,28.31050228310502,34.474327628361856,28.169014084507044,28.354978354978357,-0.9336789734861108,-41.347377538276646,-0.037758013089444376,6.163825345256836,0.18596427047131314,306.016478520059,False,70.0,68.7046925566343,1.0767227446302026,-0.6625626778725898,0.0729761919075661,0.2353031434558835,0.3232484076433121,0.28296296296296297,0.26706231454005935,2000-06-08,25,-0.18673579469722218
681393,"Norby, Connor",R,2026,28.394009986204274,27.85426971196828,2.8883205564342607,3.804626356354711,49.25539132274751,47.80782727413438,-19.248100350535474,-17.128738394659326,28.100193171730645,29.72571557696829,244.0,481.0,129.0,243.0,324.7603720930232,291.8375144032922,24.8062015503876,30.45267489711934,24.22145328719723,30.41575492341357,23.770491803278688,28.690228690228693,0.9163057999204502,-32.92285768973102,5.646473346731742,6.194301636216338,4.919736886950005,303.25431182795694,False,70.0,69.88171262699565,-0.1370054358541605,-0.021886583178764085,-0.2782019830549768,0.016707879860622277,0.2801608579088472,0.27034482758620687,0.2849462365591398,2000-06-08,26,0.18326115998409004
681481,"Carpenter, Kerry",L,2024,32.23204832602515,32.972428088804214,0.739306136426479,1.978409023927074,41.7247414356162,43.74621563015383,-10.492134485273453,-10.153688531653918,23.3612979751165,23.06885038836195,511.0,60.0,264.0,32.0,400.85904237054643,215.25198699116743,24.62121212121212,31.25,31.31115459882583,32.3943661971831,27.788649706457925,30.0,1.239102887500595,-185.607055379379,6.628787878787879,1.0832115983572734,2.2113502935420755,380.7934147619649,False,73.0,70.71513944223108,-0.41262457546511555,1.0584714914054303,-0.4879019223120045,-0.0372250797993473,0.31443298969072164,0.28021015761821366,0.2533783783783784,1997-09-02,27,0.247820577500119
681481,"Carpenter, Kerry",L,2025,32.310781846575004,33.03661930158309,-2.24214215084011,-1.1211561427382644,43.539113245025234,44.1622552721766,-10.148106949999978,-10.026948734104534,21.588940496249556,22.461761667710096,798.0,121.0,401.0,63.0,348.76162464930485,285.4851860567724,22.942643391521198,22.22222222222222,34.3421052631579,30.909090909090907,24.686716791979947,18.181818181818183,1.1209860081018457,-63.27643859253243,-0.7204211692989766,-3.433014354066991,-6.504898610161764,340.1702116507498,False,73.0,71.1184597961495,-0.5640855439345758,1.4643271008805976,-1.1338970158612829,-0.06099333187051783,0.3390804597701149,0.2383025027203482,0.22844827586206898,1997-09-02,28,0.22419720162036913
681546,"Outman, James",L,2025,27.49304692119688,27.058303119732262,-5.266300260598323,-5.387508226763759,48.79883047802573,49.497065902592475,-6.236738584185057,-6.44247046800509,34.81589250754018,35.137182450411295,203.0,84.0,107.0,42.0,283.45659557281886,213.40862799812797,42.05607476635514,42.857142857142854,25.70093457943925,34.523809523809526,36.45320197044335,40.476190476190474,-0.12120796616543661,-70.04796757469089,0.8010680907877159,8.822874944370277,4.022988505747122,263.7115308873355,False,,,,,,,,,,1997-05-14,28,-0.024241593233087323
681624,"Pages, Andy",R,2024,30.028878061279652,29.999996850194744,-3.1837768851523696,-3.196313804248913,41.8021687520518,43.77725895509319,-13.845143618282238,-14.434678615195178,20.30401869874467,20.037937301866673,206.0,671.0,107.0,337.0,345.1977136533468,316.43744220087996,22.429906542056074,24.92581602373887,30.392156862745097,30.625000000000004,20.388349514563107,22.801788375558868,-0.012536919096543642,-28.76027145246684,2.495909481682798,0.2328431372549069,2.413438860995761,323.3684085193799,False,73.0,72.23305084745763,-0.7863883035457415,1.2055084137642864,-0.5221850966928435,-0.5312475045423969,0.3056872037914692,0.22234891676168758,0.24324324324324326,2000-12-08,24,-0.0025073838193087282
681624,"Pages, Andy",R,2025,31.682815188277065,31.538391562927394,-0.8725533456783529,-0.16776470266756188,38.03814168896958,40.38665797127855,-16.231083374437695,-17.10506318708623,17.354711107922203,17.22332989515673,317.0,939.0,155.0,470.0,319.03260524906557,312.304267002741,22.58064516129032,21.27659574468085,31.164383561643838,33.863080684596575,21.13564668769716,19.488817891373802,0.704788643010791,-6.72833824632454,-1.3040494166094696,2.698697122952737,-1.6468287963233585,313.9728948878295,False,73.0,71.76543933054393,-1.7232905774514387,1.820370118845792,0.3646777095227782,-0.7973016956878464,0.33153153153153153,0.19904458598726116,0.216,2000-12-08,25,0.14095772860215822
681624,"Pages, Andy",R,2026,30.23935572054484,30.118011027947638,5.6164627697897185,4.176644023337343,34.51095454105395,35.70146867478514,-20.180100823864052,-19.6376337372101,22.978105261557456,23.329924705216325,293.0,772.0,163.0,393.0,403.24505521472395,315.2366717557252,17.177914110429448,20.10178117048346,28.488372093023255,32.68348623853211,17.4061433447099,20.077720207253886,-1.4398187464523753,-88.00838345899876,2.923867060054011,4.195114145508857,2.6715768625439864,341.037690647482,False,73.0,72.25497536945814,-1.548702958515004,0.510434147153146,-0.05552475301114284,-1.3290025144567175,0.3149671052631579,0.19342723004694837,0.19244604316546762,2000-12-08,26,-0.2879637492904751
681715,"Hernández, Heriberto",R,2025,28.9697065022205,29.377469736434094,15.160265895366498,17.33713765610432,58.70759706582116,58.71361463758446,-16.384421798981254,-17.39277868503877,33.90726244397618,34.30684395184014,220.0,294.0,125.0,171.0,329.72575553304995,329.1103020079415,28.799999999999997,23.976608187134502,22.448979591836736,21.035598705501616,33.63636363636363,30.952380952380953,2.176871760737823,-0.6154535251084212,-4.823391812865495,-1.4133808863351192,-2.6839826839826806,329.3702063682069,False,71.0,72.41782786885246,0.18823209243506336,-1.2792299083998173,-0.13077465595636298,1.8458422477119978,0.21660649819494585,0.321011673151751,0.26013513513513514,1999-12-16,26,0.43537435214756465
681715,"Hernández, Heriberto",R,2026,28.062630652335322,28.191063372132948,11.06131263895441,11.901337346426807,62.38922759100737,61.588172438828444,-9.649159805903095,-10.128802929503573,34.16311113564933,33.90699012223396,283.0,591.0,158.0,327.0,405.99572151898735,317.25042201834856,21.518987341772153,29.66360856269113,23.837209302325583,23.768115942028984,28.621908127208478,31.472081218274113,0.8400247074723968,-88.7452995006388,8.144621220918978,-0.0690933602965984,2.850173091065635,346.16126185567003,False,71.0,73.57871825876663,1.0840763552326473,-0.42937558344326543,-0.1403417508011781,1.9716453135333056,0.2379110251450677,0.30549199084668194,0.27010309278350514,1999-12-16,27,0.16800494149447937
681807,"Fry, David",R,2024,28.487768426058295,28.542728753974874,1.2193600074839064,1.6303281523191755,56.874190347489325,58.24869060928663,0.6030886475636095,0.2675017647629517,27.11361082490773,27.447701933984806,288.0,458.0,165.0,228.0,379.4078389444177,297.0717145099427,20.606060606060606,21.929824561403507,22.254335260115607,33.49514563106796,24.305555555555554,21.61572052401747,0.4109681448352691,-82.33612443447498,1.3237639553429013,11.240810370952357,-2.6898350315380846,331.64031637174514,False,73.0,69.89327485380117,1.181287934607349,0.8643311304051192,0.08453833997734723,1.5273310065696535,0.2836411609498681,0.22654155495978553,0.21374045801526717,1995-11-20,29,0.08219362896705382
681807,"Fry, David",R,2025,28.826366550442987,28.076021964280923,0.6427027183176044,2.674782513170964,60.00803269410351,59.286964610028335,1.347494513836609,2.6243594611960708,23.872959352060555,24.482000418797263,244.0,82.0,119.0,37.0,204.14800347023055,202.55643243243242,36.134453781512605,37.83783783783784,32.142857142857146,40.845070422535215,30.737704918032787,28.04878048780488,2.0320797948533595,-1.5915710377981327,1.703384056325234,8.70221327967807,-2.6889244302279067,203.77051546767586,False,73.0,69.69193548387096,1.053877719134387,1.5518545276461555,0.643846482713178,2.0323569491097198,0.3423728813559322,0.3006134969325153,0.36538461538461536,1995-11-20,30,0.4064159589706719
681807,"Fry, David",R,2026,27.006780247625684,26.684437643344406,5.158670985594165,4.141352075763361,59.13114044651587,55.16165789465064,0.8992926862428309,1.5341769984304872,29.626206988895483,29.730696234433132,267.0,112.0,138.0,64.0,272.97660869565215,241.566,31.15942028985507,21.875,26.05042016806723,32.773109243697476,24.719101123595504,33.035714285714285,-1.017318909830804,-31.410608695652144,-9.28442028985507,6.722689075630246,8.31661316211878,263.0247326732673,False,73.0,70.57793696275071,1.881559589184221,0.470499876000898,0.6049362564944412,1.836711794886285,0.2773109243697479,0.2717678100263852,0.28217821782178215,1995-11-20,31,-0.2034637819661608
681962,"Capra, Vinny",R,2025,27.843496185335958,27.266933319754752,-15.935009268120083,-13.17869401013199,36.437994374139464,41.18878225229493,1.0749594235317452,-0.3739911715698939,26.32554270763098,27.370641209622782,89.0,73.0,56.0,49.0,239.71925755494507,192.08757142857147,25.0,22.448979591836736,34.93975903614458,14.492753623188406,28.08988764044944,16.43835616438356,2.756315257988094,-47.63168612637361,-2.5510204081632644,-20.447005412956173,-11.65153147606588,217.4911373626374,False,,,,,,,,,,1996-07-07,29,0.5512630515976188
681987,"Eaton, Nate",R,2025,28.337010220610637,28.56588935019422,-1.1417104158645124,0.06606346216545297,52.519426785778194,52.77611896465811,-15.338876392388787,-16.115941711483188,25.072608442417184,24.965608618012602,87.0,70.0,49.0,41.0,296.52577777777776,285.58947126301246,20.408163265306122,21.951219512195124,27.0,32.25806451612903,14.942528735632186,21.428571428571427,1.2077738780299654,-10.936306514765306,1.5430562468890017,5.258064516129032,6.486042692939241,291.543682587718,False,,,,,,,,,,1996-12-22,29,0.2415547756059931
682177,"Schneemann, Daniel",L,2024,28.744361277720426,29.400823919324857,-8.626730635825037,-12.326286389855644,57.10674482018414,55.46359019405404,-14.23904670700957,-12.92777240507626,26.280599677721924,26.19459242480354,364.0,78.0,185.0,36.0,272.5735990685024,316.1683066778901,30.810810810810814,36.11111111111111,24.47368421052632,25.0,27.472527472527474,26.923076923076923,-3.699555754030607,43.59470760938768,5.300300300300293,0.5263157894736814,-0.549450549450551,279.6749994030633,False,72.0,70.14235294117647,-0.7845892906535662,0.9247064786999828,-0.2796705942310806,0.6264383918888737,0.24561403508771928,0.2737556561085973,0.3167420814479638,1997-01-23,27,-0.7399111508061214
682177,"Schneemann, Daniel",L,2025,28.925317788545954,29.685919922065818,-8.237397208727623,-10.193663766653218,57.565183059849446,54.607285323395026,-8.999601304975132,-6.608730885174548,29.867721601906027,29.843533495494782,648.0,104.0,360.0,62.0,309.43000694498966,212.7704516129032,26.38888888888889,35.483870967741936,25.21246458923513,26.666666666666668,26.543209876543212,34.61538461538461,-1.956266557925595,-96.65955533208646,9.094982078853047,1.454202077431539,8.072174738841401,295.22884004785845,False,72.0,70.12582025677602,0.1425313541119548,0.8210141559134659,-0.12374017306876821,0.7205202073118707,0.2542372881355932,0.2765957446808511,0.2772511848341232,1997-01-23,28,-0.391253311585119
682177,"Schneemann, Daniel",L,2026,31.885770539998575,32.313730987638465,0.15667201911713752,-1.4955664502311117,65.57371490431272,61.78807896084975,-15.383687504963726,-13.17991809975383,32.54510546949353,32.59363242033992,448.0,111.0,218.0,64.0,290.19677064220184,271.10075,30.275229357798167,28.125,35.52036199095023,25.581395348837212,28.57142857142857,33.33333333333333,-1.6522384693482493,-19.096020642201836,-2.1502293577981675,-9.938966642113016,4.761904761904759,285.8629219858156,False,72.0,70.42862453531598,-0.6542190442585728,0.09523168060149334,-0.6758613315159651,1.3759766329033087,0.3327495621716287,0.295169946332737,0.2978723404255319,1997-01-23,29,-0.33044769386964984
682622,"Marte, Noelvi",R,2024,28.6714025722674,28.88157864127031,25.185680237563485,23.712929443042242,46.86936325850452,47.4044111123523,-25.00825932518746,-26.18548773126607,30.610857244119856,29.418456150743832,105.0,372.0,45.0,198.0,255.68095555555553,274.06531337966095,42.22222222222222,28.28282828282828,39.603960396039604,36.74540682414698,34.285714285714285,26.881720430107524,-1.472750794521243,18.38435782410542,-13.939393939393941,-2.858553571892621,-7.40399385560676,270.6608026714933,False,74.0,72.25649350649351,-1.8928946524236911,-0.7823684084333534,0.43398847626791304,0.2091830386541326,0.37344398340248963,0.2851153039832285,0.30864197530864196,2001-10-16,23,-0.2945501589042486
682622,"Marte, Noelvi",R,2025,27.376668797719883,26.788462478586833,23.94344325010821,24.304437787333033,43.42509765497697,44.1201930506809,-20.800403683495038,-21.0182575550738,27.593153154190095,27.763027185855627,199.0,457.0,104.0,257.0,268.6554835164835,316.32698345120735,26.923076923076923,22.17898832684825,29.064039408866993,35.714285714285715,24.120603015075375,24.50765864332604,0.36099453722482266,47.67149993472384,-4.744088596228675,6.650246305418722,0.3870556282506641,302.5933657414808,False,74.0,72.37539936102236,-1.6376621556570585,-0.11003881051312674,1.6668289965865402,0.0845543394779806,0.3359497645211931,0.24390243902439024,0.23545706371191136,2001-10-16,24,0.07219890744496453
682622,"Marte, Noelvi",R,2026,27.25794858904218,26.184026700681365,23.023768458900104,23.20504271404557,40.30743560926371,41.51437655778742,-17.061611565393658,-16.296637622516517,26.083808723592707,26.513478703961322,110.0,284.0,53.0,148.0,205.54928301886792,257.8273513513513,35.84905660377358,22.2972972972973,42.241379310344826,40.728476821192054,25.454545454545453,25.704225352112676,0.18127425514546758,52.27806833248337,-13.551759306476285,-1.512902489152772,0.24967989756722275,244.04258706467658,False,74.0,71.5494623655914,-1.5950125885763349,0.35082901239241976,1.6827763663476036,-0.25055813891233486,0.41148325358851673,0.2563451776649746,0.25870646766169153,2001-10-16,25,0.03625485102909352
682626,"Alvarez, Francisco",R,2024,26.305319225237827,27.041781198126166,-2.986974486904323,-4.411642085121415,39.573701186674704,41.70460326138996,-4.707472249487002,-5.795743856610852,36.522131206824895,36.39699438689204,140.0,474.0,82.0,260.0,340.3115376867316,282.539026193695,18.29268292682927,27.307692307692307,25.142857142857146,29.563492063492063,22.142857142857142,28.270042194092827,-1.4246675982170922,-57.772511493036575,9.015009380863038,4.420634920634917,6.127185051235685,296.3909149142477,False,70.0,72.55130597014926,2.4685162229829545,-0.49757042773771104,-1.3008211401588952,-0.042594592336377746,0.28424153166421207,0.2687296416938111,0.25146198830409355,2001-11-19,23,-0.28493351964341845
682626,"Alvarez, Francisco",R,2025,26.060621679094723,25.83996183245128,-2.3918632272113554,-4.185538363659384,48.70553531478911,47.252236595799666,-10.899187365984288,-9.741754044896064,34.56529018747201,34.62332008445449,118.0,396.0,66.0,211.0,369.8001053384399,312.9191615519281,21.21212121212121,27.96208530805687,23.076923076923077,30.0,27.11864406779661,32.323232323232325,-1.7936751364480283,-56.88094378651181,6.74996409593566,6.923076923076923,5.204588255435716,326.47202180431,False,70.0,73.23700623700624,1.5030198649866942,-0.1041826405385795,-0.45312660149480427,0.38078997294570127,0.28187919463087246,0.311284046692607,0.26353790613718414,2001-11-19,24,-0.35873502728960566
682626,"Alvarez, Francisco",R,2026,25.56972568219144,25.876124656071227,-5.043312529150549,-5.450834737652923,54.447918445459415,55.35993116727236,-13.45010806421311,-13.741322533995323,34.30344248315331,34.579408455088334,222.0,548.0,114.0,294.0,328.94880701754386,324.3142040816326,33.33333333333333,29.591836734693878,33.33333333333333,31.41122913505311,33.78378378378378,30.83941605839416,-0.40752220850237375,-4.634602935911232,-3.7414965986394506,-1.9221041982802198,-2.944367725389622,325.6091666666666,False,70.0,73.28067114093959,1.6169868229922002,-0.406148219234199,-0.1777142761399215,1.1720121700970496,0.31965442764578833,0.3168831168831169,0.30637254901960786,2001-11-19,25,-0.08150444170047474
682641,"Matos, Luis",R,2024,28.835666494450702,28.346372406067978,-6.755569381402225,-5.9933346040595215,55.99655311045424,57.32870627379155,-5.818465120393838,-6.098721322791663,34.69977717135875,36.95450723206578,106.0,189.0,51.0,105.0,259.8607035430136,276.9702337868481,21.568627450980394,12.380952380952381,42.35294117647059,38.62433862433862,15.09433962264151,12.698412698412698,0.7622347773427034,17.109530243834513,-9.187675070028012,-3.7286025521319672,-2.395926924228812,271.3767335148253,False,,,,,,,,,,2002-01-28,22,0.15244695546854067
682641,"Matos, Luis",R,2025,27.06160164762652,26.54018557925733,-13.01506317119933,-14.227019097336655,56.967398594091954,57.57315734098431,-9.019880052027128,-9.075040840052715,44.20086208967914,45.238968687697586,158.0,195.0,86.0,98.0,277.7812059303718,270.992456107802,15.11627906976744,14.285714285714285,38.036809815950924,36.26373626373626,19.62025316455696,17.435897435897434,-1.2119559261373247,-6.788749822569798,-0.8305647840531556,-1.7730735522146617,-2.1843557286595257,274.165458742264,False,71.0,71.29315476190476,2.7135315166024174,-2.5035966625129134,-0.46540681154557684,-0.13994576913055085,0.3710144927536232,0.18413597733711048,0.14673913043478262,2002-01-28,23,-0.24239118522746494
682663,"Ramírez, Agustín",R,2025,27.575954536681984,28.550658096967386,2.191807899850604,2.5280327634146893,41.51702386869699,41.238626812184144,-16.14191261308462,-16.274237118287218,37.3805483874787,37.388676075783145,311.0,748.0,166.0,420.0,337.62359491530844,327.4148572442323,25.903614457831324,16.666666666666664,32.86908077994429,31.973684210526315,29.260450160771708,20.855614973262032,0.3362248635640852,-10.208737671076165,-9.23694779116466,-0.8953965694179757,-8.404835187509676,330.30675221590235,False,73.0,74.38059113300493,1.0411670637739654,-1.0934249636689084,0.9525365858072316,0.8232183357763339,0.322609472743521,0.2332389046270066,0.19283276450511946,2001-09-10,24,0.06724497271281704
682663,"Ramírez, Agustín",R,2026,27.47869370188308,27.32448246732696,-7.858318537114917,-6.3277724281300305,35.91730806755854,37.234957236217376,-17.215991559705934,-17.00807621154817,34.21669578155242,35.33756888193137,171.0,282.0,87.0,149.0,341.70942528735634,253.66851006711417,24.137931034482758,24.161073825503358,27.63819095477387,29.72027972027972,30.409356725146196,26.595744680851062,1.5305461089848862,-88.04091522024217,0.02314279102060013,2.0820887655058513,-3.813612044295134,286.1242711864407,False,73.0,74.93673469387755,1.0024563622547056,-0.6435293855363626,1.972740073033572,0.1127119725237006,0.28865979381443296,0.2803532008830022,0.24152542372881355,2001-09-10,25,0.30610922179697725
682668,"Acuña, Luisangel",R,2025,28.718486940800222,27.733230908897607,-16.746637717087996,-18.33521774608167,35.721739658257206,35.773454121961024,-3.3372394362624855,-2.4650454663813397,24.0763134123172,24.496535152835744,117.0,213.0,67.0,126.0,249.27674144316015,274.2836770527141,23.88059701492537,16.666666666666664,29.00763358778626,31.4410480349345,18.803418803418804,22.065727699530516,-1.5885800289936753,25.00693560955395,-7.213930348258707,2.433414447148241,3.262308896111712,265.60251287737674,False,67.0,69.8873786407767,0.40689807780903414,2.32064377336351,-0.4189861120471036,-1.823874736060457,0.3055555555555556,0.20909090909090908,0.19170984455958548,2002-03-12,23,-0.31771600579873505
682668,"Acuña, Luisangel",R,2026,30.237391387537357,31.117120203861504,17.580449581129802,15.385243871230868,41.71672151083858,40.94248008943226,-24.5103284339825,-23.963383364946157,28.885674883959275,28.849227519115118,193.0,187.0,106.0,114.0,257.1289433962264,261.94585964912284,16.037735849056602,22.807017543859647,33.663366336633665,33.65853658536586,23.83419689119171,25.668449197860966,-2.195205709898934,4.816916252896419,6.769281694803045,-0.004829751267806159,1.8342523066692564,259.6249818181818,False,67.0,71.38885714285713,-2.2270986938255564,-0.44383837763539385,0.0021842062572677992,-1.1295463344448402,0.3366093366093366,0.24736842105263157,0.19545454545454546,2002-03-12,24,-0.4390411419797868
682674,"Bericoto, Victor",R,2026,29.593189927706224,29.732378924811535,-2.1764563409653186,2.181365372372627,53.608350082678214,55.99915876176703,-1.8946887882026218,-3.062137201046495,27.188784104137877,27.227490038297976,120.0,102.0,55.0,47.0,288.9555636363636,310.2577021276595,30.909090909090907,25.53191489361702,42.74193548387097,43.67816091954023,32.5,24.509803921568626,4.3578217133379455,21.30213849129592,-5.377176015473886,0.9362254356692645,-7.990196078431374,298.77125490196073,False,,,,,,,,,,2001-12-03,25,0.8715643426675891
682818,"Piñango, Yohendrick",L,2026,25.81725814999251,25.144391962076128,8.645269796444445,8.490551239925722,39.84090130504112,42.82408580370299,-14.218574491752818,-14.12987769393469,31.449439156665097,31.534566806318814,293.0,62.0,148.0,32.0,315.98727027027024,275.5,20.945945945945947,40.625,33.222591362126245,46.2962962962963,19.112627986348123,35.483870967741936,-0.15471855651872346,-40.487270270270244,19.679054054054053,13.073704934170053,16.371242981393813,308.7895333333333,False,70.0,74.6606413994169,-0.34221870976615487,-1.0437760909645664,0.3460404188266128,-0.27233950662577,0.352112676056338,0.21971830985915494,0.24444444444444444,2002-05-07,24,-0.03094371130374469
682868,"Ramos, Bryan",R,2024,27.97399769967996,26.740055300664952,15.386144566729719,13.318068184331013,52.56839164495468,52.51291944133687,2.9238758247708523,3.3354899058707415,42.89251205504425,41.83449234724911,71.0,112.0,41.0,67.0,301.5287018076774,290.47815590639084,17.073170731707318,22.388059701492537,30.434782608695656,22.62773722627737,30.985915492957744,25.0,-2.068076382398706,-11.050545901286569,5.314888969785219,-7.807045382418284,-5.985915492957744,294.67327055410146,False,,,,,,,,,,2002-03-12,22,-0.4136152764797412
682928,"Abrams, CJ",L,2024,26.938874975466383,27.17819654149225,0.9406874499166089,0.8258289583515507,40.78635912398198,43.00303184551468,2.7609125951771762,2.420728126907043,26.299286284283166,26.338657792762003,828.0,372.0,417.0,188.0,329.7526993539891,290.68582053461114,18.94484412470024,26.063829787234045,35.063291139240505,35.8974358974359,21.3768115942029,26.0752688172043,-0.11485849156505823,-39.06687881937796,7.118985662533806,0.8341447581953929,4.698457223001402,317.61290891094274,False,72.0,71.41537753222836,0.8808290159945991,1.3172850005993002,1.5704808681865998,0.7367302682260498,0.352994555353902,0.22833333333333333,0.2115702479338843,2000-10-03,24,-0.022971698313011647
682928,"Abrams, CJ",L,2025,27.765377885207098,28.022241590704787,-7.0366473331524935,-4.769579079249702,39.71078622474593,41.673706108325625,-3.6491737579446752,-4.002036260113289,31.90658446159183,31.990115395441915,812.0,361.0,439.0,200.0,329.5677482634212,256.5696473325383,16.40091116173121,26.5,30.283505154639172,36.950146627565985,19.82758620689655,28.53185595567867,2.2670682539027913,-72.99810093088291,10.099088838268791,6.666641472926813,8.704269748782117,306.72014233826224,False,72.0,71.4761045987376,1.2994460800606893,0.5320990372442833,1.9444131977218846,0.5223832313210688,0.3231871083258729,0.22506393861892582,0.19561815336463223,2000-10-03,25,0.4534136507805583
682928,"Abrams, CJ",L,2026,28.613844569291274,29.095444575144867,6.307124134900047,6.512356211623677,46.039519977295285,45.7846416600242,-8.495292389614253,-9.26513813442418,30.585045206455955,29.718019125597397,851.0,407.0,441.0,199.0,356.5446893424036,269.8668140703518,20.861678004535147,31.65829145728643,34.24657534246575,42.673521850899746,25.616921269095183,30.95823095823096,0.20523207672363064,-86.67787527205184,10.796613452751284,8.426946508433993,5.341309689135777,329.5932875,False,72.0,72.26117154811716,0.12419024934019603,0.41306043280322,1.6081078481415132,1.234104693313895,0.36696562032884905,0.27344992050874406,0.2421875,2000-10-03,26,0.041046415344726125
682985,"Greene, Riley",L,2024,26.13099075434521,26.496194520253333,20.70433595519234,21.298922916486248,42.99739231349795,45.51522175412624,-10.561865482016037,-10.584059308221478,26.748083933904365,27.353587426022038,775.0,294.0,434.0,152.0,361.5395317989076,322.2514288734892,25.57603686635945,29.605263157894733,22.502628811777075,27.30496453900709,25.161290322580644,24.149659863945576,0.5945869612939063,-39.2881029254184,4.029226291535284,4.802335727230016,-1.011630458635068,351.3487610742257,False,74.0,73.81553497942386,-1.286162195032257,-0.5305277288074862,-1.4393867982214568,-0.29884029628742564,0.2360097323600973,0.2488306828811974,0.26621160409556316,2000-09-28,24,0.11891739225878126
682985,"Greene, Riley",L,2025,29.842372346927554,29.952772041792368,17.061931009487807,17.514228511259866,38.65726281303778,41.48573441763539,-8.108100863314956,-8.843363063857824,28.027906286345438,28.051398098661085,996.0,427.0,455.0,201.0,358.2776075835457,271.71094001403463,30.98901098901099,29.850746268656714,31.784582893347412,30.37974683544304,28.614457831325304,25.995316159250585,0.4522975017720583,-86.56666756951108,-1.1382647203542753,-1.4048360579043724,-2.6191416720747185,331.75336950203393,False,74.0,74.67820043891734,-0.9572701689913312,-0.4381978741801834,-1.2610125350909833,-0.42863047454312975,0.3137108792846498,0.2782853127196065,0.30640243902439024,2000-09-28,25,0.09045950035441166
682985,"Greene, Riley",L,2026,30.757820558603363,30.851631317285772,17.890672317168367,17.91823551874565,40.593307807925214,43.35560926118475,-8.570963306677518,-8.802896350284193,27.003775106178107,27.050095541377075,767.0,340.0,397.0,178.0,377.90972292191435,360.17038202247187,26.700251889168765,26.40449438202247,26.382488479262673,25.94458438287154,27.509778357235987,27.647058823529413,0.027563201577283536,-17.73934089944248,-0.2957575071462948,-0.4379040963911329,0.13728046629342572,372.41824,False,74.0,74.7888679245283,-1.3123742633306963,-0.23511422027180542,-1.1817501365735035,-0.1613898809829668,0.2624505928853755,0.2755194218608853,0.26608695652173914,2000-09-28,26,0.005512640315456707
682987,"Jones, Spencer",L,2026,20.75884715383402,20.49877063638311,26.184371552821858,27.264053523016152,39.74934012601845,41.32449447974496,-33.12779362017484,-34.086183793827146,34.28960552960572,34.92866556674006,516.0,110.0,223.0,54.0,314.21578475336327,403.8465925925926,37.66816143497758,29.629629629629626,35.73943661971831,34.25925925925926,38.95348837209303,29.09090909090909,1.0796819701942937,89.6308078392293,-8.03853180534795,-1.4801773604590522,-9.862579281183937,331.6889386281589,False,79.0,76.1510067114094,-1.744815363837495,-3.100920798386011,1.4474508024196195,0.8815173849513219,0.35502958579881655,0.3722044728434505,0.36101083032490977,2001-05-14,25,0.21593639403885873
682988,"Locklear, Tyler",R,2025,16.327364437031633,15.88120613872774,4.304737536543944,5.695838321201275,53.2983512329989,57.439300264592454,-6.6447877509635465,-5.988956842880231,27.844389260774392,27.721401495022963,74.0,159.0,37.0,79.0,258.360327951328,249.66204430379744,43.24324324324324,34.177215189873415,28.915662650602407,36.51685393258427,27.027027027027028,31.446540880503143,1.391100784657331,-8.69828364753053,-9.066028053369827,7.601191281981862,4.419513853476115,252.43649684654426,False,,,,,,,,,,2000-11-24,25,0.2782201569314662
682998,"Carroll, Corbin",L,2024,28.955371360116544,29.019433796928677,14.192706499699492,15.317798086991662,27.794071559230602,30.14359768215909,-2.3823703175975433,-3.6472029924356315,28.891957418851092,29.11951173834242,769.0,314.0,475.0,209.0,335.4383245234187,306.4463487061684,17.263157894736842,22.966507177033492,23.076923076923077,28.39506172839506,17.945383615084527,19.745222929936308,1.1250915872921698,-28.991975817250307,5.703349282296649,5.318138651471983,1.7998393148517806,326.5796652459256,False,70.0,72.96608961303463,-1.2004494941753485,0.7629537949685727,3.130375697704784,-0.7245361294446591,0.24623115577889448,0.18467220683287167,0.19005847953216373,2000-08-21,24,0.22501831745843398
682998,"Carroll, Corbin",L,2025,30.53674787691917,30.979472562457726,16.656565973804554,17.178739257605198,35.44523912549459,36.9754912931017,-2.5840697296862944,-3.112545344797295,25.762540635191186,25.90364477756688,866.0,354.0,442.0,203.0,374.36540898943554,358.172898009199,24.660633484162897,21.67487684729064,32.696390658174096,29.289940828402365,22.51732101616628,23.163841807909606,0.5221732838006439,-16.192510980236534,-2.9857566368722566,-3.4064498297717307,0.646520791743324,369.26916134759364,False,70.0,73.85592497868713,-1.5133564140561337,1.305439878573422,2.535534962982691,0.0915721426003667,0.31796875,0.22704918032786886,0.2372093023255814,2000-08-21,25,0.10443465676012878
682998,"Carroll, Corbin",L,2026,29.888421268395156,30.308911224773304,15.334078289929346,16.537056436314344,35.00779216668703,37.07381400408832,-5.2887506053001365,-7.048570737956117,24.955538080408605,25.14590727427651,831.0,327.0,444.0,206.0,338.954927927928,356.1298834951456,23.1981981981982,21.35922330097087,30.713547052740438,26.987951807228917,25.27075812274368,24.464831804281346,1.2029781463849982,17.17495556721758,-1.8389748972273274,-3.7255952455115207,-0.8059263184623333,344.39806769230773,False,70.0,74.75714285714285,-1.433064949129559,1.3108555752857893,2.8026783235846127,0.05862724708881147,0.2959479015918958,0.2504317789291883,0.22615384615384615,2000-08-21,26,0.24059562927699965
683002,"Henderson, Gunnar",L,2024,24.912710609965508,24.724197698437994,-11.146054770937974,-10.610621405604704,39.76473629741302,41.15274615476309,-1.7974523459206344,-2.033359746932523,32.28055831658495,32.58375306487206,917.0,364.0,502.0,217.0,398.4973661614982,318.45177026248246,20.916334661354583,24.88479262672811,24.31924882629108,20.689655172413794,21.374045801526716,24.725274725274726,0.5354333653332706,-80.04559589901572,3.9684579653735277,-3.6295936538772864,3.3512289237480104,374.338959610613,False,75.0,75.32510356255177,1.3530418896027194,1.3638348995905616,1.022376134743987,-0.40320916765659837,0.23266666666666666,0.2232630757220921,0.2211404728789986,2001-06-29,23,0.10708667306665412
683002,"Henderson, Gunnar",L,2025,26.664085708364343,26.67531359556532,-7.648805735664053,-6.894854563342247,39.99004756751213,41.07100664494099,-3.9392768540771725,-4.262386279803681,31.088355535131384,30.960309397264307,817.0,371.0,441.0,210.0,357.47902508162065,305.1426023879528,19.501133786848072,24.285714285714285,28.50574712643678,25.38860103626943,22.52141982864137,24.528301886792452,0.7539511723218055,-52.33642269366783,4.784580498866212,-3.117146090167349,2.0068820581510813,340.59630808366325,False,75.0,74.48179419525066,0.5720614828309847,1.3076731155358434,0.8523245456494761,-0.2862756000992993,0.2754777070063694,0.23148148148148148,0.21044546850998463,2001-06-29,24,0.1507902344643611
683002,"Henderson, Gunnar",L,2026,27.527209640612764,27.98734388825808,-0.5186507707514645,-0.53837067464986,37.900874683460465,39.20289178131571,-5.794559326718867,-6.347126141704826,31.9992221022571,31.936395930430912,898.0,399.0,468.0,223.0,342.3153333333333,281.9857219730942,21.581196581196583,22.421524663677133,30.547263681592042,29.97601918465228,20.71269487750557,20.80200501253133,-0.019719903898395508,-60.329611360239085,0.8403280824805499,-0.5712444969397623,0.0893101350257588,322.8457192474674,False,75.0,73.22913008778931,0.2188890478364319,0.7901930277282764,0.22042338493581684,-0.6059596174635735,0.3037974683544304,0.20740169622205087,0.21852387843704776,2001-06-29,25,-0.003943980779679101
683011,"Volpe, Anthony",R,2024,30.158710010221004,29.94224433354041,-0.2726058452886107,-0.35049393034303794,57.89815159237493,56.536669662361305,1.1953730865117755,1.7904472915083105,24.399452035367215,24.75949829100561,367.0,963.0,191.0,500.0,294.03150804041195,270.39324967903946,20.94240837696335,23.200000000000003,27.131782945736433,29.861849096705633,20.16348773841962,21.079958463136034,-0.07788808505442724,-23.638258361372493,2.257591623036653,2.7300661509692006,0.9164707247164152,276.92712427675605,False,70.0,68.38112582781457,0.4404127310108424,2.2797803909848806,-1.0452799477359276,0.5835342849127161,0.29066265060240964,0.20827067669172933,0.22575976845151954,2001-04-28,23,-0.015577617010885447
683011,"Volpe, Anthony",R,2025,28.966411206602505,28.55268551892913,2.3744262601308637,2.5184994749491367,56.9149807998655,56.94826478131792,3.9995563462472097,3.8277041798248086,27.05517548084006,26.885215802513518,306.0,791.0,173.0,424.0,298.57129023894663,300.0982275793651,23.699421965317917,25.707547169811324,24.10958904109589,23.82198952879581,19.934640522875817,23.13527180783818,0.14407321481827307,1.526937340418442,2.008125204493407,-0.28759951230007985,3.2006312849623626,299.6557482495621,False,70.0,71.65605338417541,1.3438349488018704,1.891824651957413,-1.13292523929279,0.6270272773724952,0.2391496899911426,0.22242479489516864,0.25125628140703515,2001-04-28,24,0.028814642963654612
683011,"Volpe, Anthony",R,2026,28.610794812370283,28.573840192087772,-3.6026226459659134,-3.4428291014172814,54.34859410746977,56.88871217832518,5.672385028558717,4.769213349236975,27.21504111686753,28.153768727765993,158.0,268.0,95.0,139.0,313.92635789473684,274.8945323741006,17.894736842105264,25.179856115107913,23.369565217391305,26.573426573426573,21.518987341772153,22.761194029850746,0.15979354454863204,-39.03182552063623,7.28511927300265,3.2038613560352687,1.2422066880785927,290.74078632478626,False,70.0,70.15199004975123,1.515678860889718,2.2443126633566854,-1.4217248889233298,0.3955070545956257,0.2531914893617021,0.22300469483568075,0.2222222222222222,2001-04-28,25,0.03195870890972641
683021,"Stefanic, Michael",R,2024,26.475563911549518,26.428120295893777,27.881856841964865,26.0497512566226,64.61929453430271,64.54394640750981,-14.820823233443821,-14.228577628883125,30.458290668417934,30.58345496566578,82.0,115.0,44.0,81.0,253.9135562770563,255.99697530864196,15.909090909090908,16.049382716049383,29.11392405063291,19.68503937007874,8.536585365853659,10.434782608695652,-1.8321055853422656,2.083419031585663,0.14029180695847465,-9.42888468055417,1.8981972428419933,255.26361180952378,False,,,,,,,,,,1996-02-24,28,-0.36642111706845315
683146,"Baty, Brett",L,2024,26.413895428991143,26.399714346467707,0.8027785218947381,3.1848643831834864,51.84321792335224,48.74418289157829,-3.8464605578251008,-5.44948065690606,38.63616857275511,39.5489731653949,266.0,73.0,134.0,37.0,299.98440856085676,225.63088888888893,23.134328358208954,29.72972972972973,33.09090909090909,28.07017543859649,24.06015037593985,21.91780821917808,2.3820858612887483,-74.35351967196783,6.595401371520776,-5.020733652312604,-2.1423421567617673,283.89622009382276,False,,,,,,,,,,1999-11-13,25,0.47641717225774965
683146,"Baty, Brett",L,2025,30.113922234622848,29.640318460586002,-15.465538011457074,-17.412533115507664,45.421831076791086,43.62084460492519,-8.01654954401402,-8.40312832623159,25.97043958876051,25.6033313514542,675.0,140.0,349.0,83.0,336.48185602015343,323.19616601097135,25.501432664756447,22.89156626506024,24.637681159420293,26.811594202898554,25.62962962962963,14.285714285714285,-1.9469951040505897,-13.285690009182076,-2.6098663996962053,2.1739130434782616,-11.343915343915345,333.9292813193152,False,75.0,73.89845161290323,0.5119646868948199,1.4848616692022898,0.09371355629322459,-0.008651552999926605,0.25,0.23680981595092024,0.25,1999-11-13,26,-0.38939902081011796
683146,"Baty, Brett",L,2026,28.111827804716853,28.405629455313456,-17.301461505497826,-17.04140045096556,51.575127006702004,49.24602876429922,-6.6376119736572665,-8.590807190420048,30.65050343473562,30.540354888752077,751.0,150.0,374.0,86.0,326.991679144385,275.1052558139535,25.40106951871658,31.3953488372093,30.388219544846052,22.905027932960895,27.163781624500665,28.000000000000004,0.26006105453226525,-51.88642333043151,5.9942793184927226,-7.483191611885157,0.8362183754993389,317.2911739130435,False,75.0,74.4531865585168,1.16950287137,1.1112580311136884,0.279014888401582,0.32754290605480957,0.2894168466522678,0.2730299667036626,0.26521739130434785,1999-11-13,27,0.05201221090645305
683227,"Freeman, Cody",R,2025,28.19370643288416,26.329466483361728,14.04846740427149,13.37016430728229,26.060774732387742,30.23823428188959,-7.167789262079033,-6.085058863606923,27.71639943433064,27.961758025908733,89.0,138.0,48.0,73.0,230.72337079973116,281.6617977030579,16.666666666666664,15.068493150684931,39.361702127659576,32.48407643312102,12.359550561797752,10.869565217391305,-0.6783030969892003,50.93842690332676,-1.598173515981733,-6.877625694538558,-1.4899853444064473,261.4548184356225,False,,,,,,,,,,2001-01-05,24,-0.13566061939784008
683227,"Freeman, Cody",R,2026,26.63592110079877,26.671542730053634,12.36446921497945,10.412487162655397,27.166697819926124,28.468841953061354,-6.41507007544767,-6.0992392255381205,29.49653135396433,29.90795925128851,81.0,79.0,47.0,46.0,241.18544680851068,234.18843478260868,14.893617021276595,15.217391304347828,29.166666666666668,25.0,17.28395061728395,11.39240506329114,-1.9519820523240536,-6.997012025901995,0.32377428307123246,-4.166666666666668,-5.89154555399281,237.72455913978496,False,,,,,,,,,,2001-01-05,25,-0.3903964104648107
683357,"Caissie, Owen",L,2026,28.651857948865704,29.024656304411387,-1.3418685312316192,-1.1529493103968294,25.398928725053555,25.243573666344087,-5.373225570440118,-5.783178518137274,29.498758889541197,29.346452502585787,558.0,68.0,292.0,41.0,310.7752602739726,214.69765853658535,35.61643835616438,46.34146341463415,30.141287284144425,27.058823529411764,32.795698924731184,36.76470588235294,0.18891922083478985,-96.07760173738725,10.725025058469768,-3.082463754732661,3.969006957621758,298.9458858858859,False,76.0,74.26505823627288,1.1253853900155295,1.0125611026805998,1.1110539107719426,-0.2499444850486036,0.29778393351800553,0.33226837060702874,0.36936936936936937,2002-07-08,24,0.03778384416695797
683734,"Vaughn, Andrew",R,2024,30.765989497631878,30.426482463047513,-15.85227188779659,-15.474180396140321,56.92872776123467,58.91622518298825,-0.4970043588988449,0.42854608690207635,32.347815769137576,31.941147721904645,304.0,850.0,156.0,464.0,349.752404692529,309.02034078690843,17.307692307692307,22.629310344827587,34.82428115015975,32.23981900452489,19.407894736842106,20.352941176470587,0.378091491656269,-40.73206390562058,5.321618037135281,-2.584462145634859,0.9450464396284808,319.2690536405807,False,70.0,69.8269338303821,2.1648725779940703,1.2424727774751958,-0.8473606503673242,1.1626815530411228,0.329156223893066,0.20103986135181975,0.2129032258064516,1998-04-03,26,0.0756182983312538
683734,"Vaughn, Andrew",R,2025,31.77754498844217,31.58447212569615,-8.091735709427253,-8.819692110795508,56.5696784999958,58.68619975155835,-2.077857408120014,-1.5420652162063635,33.3425768670759,33.12882643975759,248.0,559.0,132.0,315.0,397.74975847144566,328.58359491733637,13.636363636363635,19.682539682539684,26.394052044609666,29.66101694915254,16.129032258064516,22.361359570661897,-0.7279564013682549,-69.16616355410929,6.046176046176049,3.266964904542874,6.232327312597381,349.00850227559687,False,70.0,69.79795134443022,2.0240412709165634,0.8194017806929322,-1.2791066239973317,1.3650713996584152,0.28637951105937137,0.20446096654275092,0.1789709172259508,1998-04-03,27,-0.14559128027365098
683734,"Vaughn, Andrew",R,2026,31.781093729380665,31.662619708744323,-1.3694164952144168,-1.5066685089088423,59.562070672150654,60.27972780259549,-5.968031948116735,-4.850633778406909,36.65598081032802,36.66646241951778,190.0,329.0,133.0,200.0,349.94610526315796,314.77734,13.533834586466165,17.5,21.140939597315437,25.240384615384613,15.789473684210526,18.541033434650455,-0.13725201369442552,-35.16876526315798,3.966165413533835,4.099445018069176,2.751559750439929,328.82372372372373,False,70.0,69.75819327731092,1.8952513351091689,-0.3060454981840003,-1.356270112143832,1.6663921134658317,0.23529411764705882,0.17533718689788053,0.15915915915915915,1998-04-03,28,-0.027450402738885105
683737,"Busch, Michael",L,2024,29.907986304677934,30.64736529554787,-2.7347042591956727,3.543262395889403,36.03492918589661,37.60473466498116,-4.406329283142341,-6.302667482125494,31.227254900321462,31.41832772432511,876.0,188.0,468.0,100.0,329.1342672947739,294.86230985167845,29.273504273504276,25.0,23.791102514506772,22.0,26.25570776255708,22.340425531914892,6.277966655085075,-34.27195744309546,-4.273504273504276,-1.7911025145067718,-3.9152822306421875,323.10047197028524,False,71.0,69.38221993833504,0.7588199649842627,0.837427705623082,0.09886355379738523,-0.13635234495492407,0.23500810372771475,0.2556390977443609,0.2852112676056338,1997-11-09,27,1.255593331017015
683737,"Busch, Michael",L,2025,30.921134542027236,31.247686297658063,13.299242467126213,15.249196288852666,38.27832648210264,37.74865375431504,0.5791861643290958,-0.16463212924330675,31.33998826251003,31.821670797778907,921.0,162.0,498.0,95.0,396.32745288191387,273.2776191806306,22.690763052208833,27.368421052631582,23.265741728922094,21.301775147928996,23.669923995656895,23.456790123456788,1.949953821726453,-123.04983370128326,4.677658000422749,-1.9639665809930982,-0.21313387220010682,376.6145790174587,False,71.0,68.78879056047198,0.6784033716393296,0.456184990261109,-0.8648014168306892,-0.028214267554894656,0.22965641952983726,0.2363804247460757,0.23440134907251264,1997-11-09,28,0.38999076434529056
683737,"Busch, Michael",L,2026,29.74009122101828,29.972674078753226,18.874588812779358,21.473455625861707,38.02295465396008,39.03588226826408,0.39919711339219893,-0.7949772460588866,30.194422375795096,30.37949841424415,868.0,321.0,494.0,199.0,327.2046072874494,339.38818090452264,23.88663967611336,21.105527638190953,25.633802816901408,22.727272727272727,25.460829493087555,19.314641744548286,2.598866813082349,12.18357361707325,-2.7811120379224086,-2.9065300896286814,-6.146187748539269,330.7032092352093,False,71.0,67.89406474820143,0.41027741670656376,0.23733718648610516,-0.26743351496253626,0.04639449552354323,0.24878387769284224,0.2380151387720774,0.23088023088023088,1997-11-09,29,0.5197733626164698
683748,"Mesa Jr., Victor",L,2026,28.566006120961102,28.584957993632937,-0.9223280442720527,0.42515021167550116,37.81079080220935,37.305418738226855,-20.43291579910654,-23.86594406267694,22.920915106560855,22.247591353620113,361.0,108.0,182.0,61.0,348.5546373626374,293.2586885245902,21.978021978021978,13.114754098360656,35.1123595505618,30.927835051546392,24.653739612188367,15.74074074074074,1.347478255947554,-55.295948838047195,-8.863267879661322,-4.1845244990154065,-8.912998871447627,334.67376131687246,False,71.0,73.2117381489842,-1.4563346322662545,0.8912997016238984,-0.018328748651474283,-0.09218559218329597,0.34216335540838855,0.2260127931769723,0.19753086419753085,2001-09-08,25,0.2694956511895108
683766,"Koss, Christian",R,2025,27.948954768011703,26.772740910527705,6.2705033220307875,8.86447338509306,39.14065547238659,40.484363029898155,-2.972814579475793,-4.105563296129924,24.715466187763866,24.66668081739599,83.0,267.0,47.0,144.0,286.2602105263158,316.3724176349867,36.17021276595745,19.444444444444446,33.75,34.13461538461539,33.734939759036145,25.468164794007492,2.5939700630622724,30.112207108670873,-16.725768321513005,0.3846153846153868,-8.266774965028652,308.9626075087692,False,73.0,69.21273291925466,0.5033690410012079,1.6174326721066148,1.2321834964457663,1.236399112981232,0.3402777777777778,0.2742857142857143,0.2356020942408377,1998-01-27,27,0.5187940126124545
683766,"Koss, Christian",R,2026,26.906127374384795,27.121701205537185,-3.5703860045835065,-3.3764051171841696,37.76026183549118,38.2139518646306,0.8198311289432189,0.530221146179928,26.82030433621269,26.76036019805834,114.0,254.0,59.0,148.0,210.6459661016949,257.0397027027027,20.33898305084746,25.675675675675674,40.49586776859504,36.964980544747085,28.07017543859649,25.984251968503933,0.19398088739933694,46.39373660100779,5.336692624828213,-3.530887223847955,-2.085923470092556,243.81636714975843,False,73.0,68.64082840236686,1.1222023436687114,1.8777869341650284,1.176928544247495,0.837604091104327,0.38095238095238093,0.266304347826087,0.24154589371980675,1998-01-27,28,0.03879617747986739
683953,"Bazzana, Travis",L,2026,30.48548417962917,30.632844644244436,15.142333513565024,16.929822181427983,60.1412010363679,62.31706544592743,-0.11432859030759568,-1.608667308348315,25.512102086533336,26.066164303707993,611.0,276.0,344.0,154.0,319.95939534883723,259.17815584415587,18.313953488372093,25.324675324675322,26.412429378531073,26.10062893081761,21.76759410801964,21.73913043478261,1.7874886678629593,-60.781239504681366,7.0107218363032295,-0.3118004477134626,-0.028463673237030918,301.16359036144576,False,71.0,68.90694789081886,-1.114823563334257,1.4792546464277925,-0.4117230829806006,1.1503689561084816,0.2631578947368421,0.21758737316798196,0.20481927710843373,2002-08-28,24,0.35749773357259185
685133,"Meckler, Wade",L,2026,12.891852903720956,13.660393128459672,-5.20098159963759,-5.016213257578801,54.490852062957345,58.73685251573999,-22.408798766613767,-22.936468604591145,26.86123741629326,26.474486581440317,424.0,77.0,267.0,50.0,317.81438202247193,279.52544,19.101123595505616,18.0,22.641509433962266,25.742574257425744,19.81132075471698,19.480519480519483,0.18476834205878845,-38.28894202247193,-1.1011235955056158,3.101064823463478,-0.3308012741974977,311.7751167192429,False,69.0,68.3522198731501,-0.286030029618648,-0.6979336418349633,-0.29370568664335195,-0.08478847461797613,0.23183391003460208,0.19760479041916168,0.1892744479495268,2000-04-21,26,0.03695366841175769
686217,"Frelick, Sal",L,2024,30.301460004609563,31.138577051840823,15.314695714076558,15.539930026037764,20.907534659785945,22.72505233678069,-5.5242591176625,-6.542411758196917,30.988884475472563,30.435715920705984,702.0,143.0,430.0,94.0,292.20456228276527,248.4160531914893,14.651162790697676,15.957446808510639,26.560587515299876,22.22222222222222,11.538461538461538,11.888111888111888,0.2252343119612057,-43.788509091275955,1.3062840178129633,-4.338365293077654,0.34965034965035,284.34937172058983,False,69.0,65.49682119205298,0.2737490031957992,0.12318297781691369,0.6952585487467614,-0.8680144980389171,0.25745526838966204,0.11597633136094675,0.14885496183206107,2000-04-19,24,0.045046862392241135
686217,"Frelick, Sal",L,2025,30.775621854316206,31.301992864841782,11.395543126163854,11.842603484378014,24.079206276968833,26.25972586502224,-8.596907717800667,-9.557960481155028,25.620661128168063,25.42935097601337,734.0,276.0,420.0,174.0,309.3434515481748,281.9242873563219,13.571428571428571,13.218390804597702,25.03128911138924,29.15129151291513,9.945504087193461,11.231884057971014,0.44706035821415924,-27.41916419185293,-0.3530377668308695,4.120002401525891,1.2863799707775527,301.31157516874316,False,69.0,67.40982905982906,-0.8366120817338507,0.9942921810213805,0.6901644317536915,-0.9553249690504444,0.2607476635514019,0.10297029702970296,0.13468013468013468,2000-04-19,25,0.08941207164283185
686217,"Frelick, Sal",L,2026,32.159051854150405,32.87972796690925,13.687351455911923,14.662597551956194,24.05685650341855,27.538871503793533,-11.434690675064125,-12.982774423829866,25.511004865898457,25.154266444624096,460.0,144.0,276.0,96.0,279.79069565217395,305.3783333333334,10.144927536231885,10.416666666666668,25.198412698412696,21.637426900584796,7.391304347826087,12.5,0.9752460960442715,25.587637681159435,0.27173913043478315,-3.5609857978279003,5.108695652173913,286.39395698924733,False,69.0,67.5097966728281,-0.8688948909993757,0.308355265202504,0.12784348068168655,-0.6821232014555343,0.24296296296296296,0.08609271523178808,0.10215053763440861,2000-04-19,26,0.1950492192088543
686469,"Pasquantino, Vinnie",L,2024,26.881816672767574,27.49475391112975,31.685842971662932,33.15604277584322,58.49600057910412,59.5829629880138,-23.41557769475605,-23.809444704499892,37.952988117201556,38.2981614819215,778.0,238.0,434.0,122.0,349.4357374460752,283.4023414448823,11.059907834101383,18.852459016393443,30.0,34.8936170212766,11.182519280205655,17.647058823529413,1.470199804180286,-66.0333960011929,7.79255118229206,4.893617021276597,6.464539543323758,334.94639515804374,False,75.0,70.86761904761904,-0.7634844871542245,-2.8449504464404156,1.7447146969400276,2.791673960398721,0.31040723981900453,0.12696850393700787,0.12769784172661872,1997-10-10,27,0.2940399608360572
686469,"Pasquantino, Vinnie",L,2025,28.511281291031914,28.923592179674497,38.53419297730087,38.890843124505736,56.86379679168538,56.70653411430623,-21.87306445190684,-22.07296200835125,39.24206144973795,39.788608675615606,914.0,316.0,520.0,164.0,350.99589193640907,272.10236108434907,13.076923076923078,23.78048780487805,29.97946611909651,32.05574912891986,15.75492341356674,19.303797468354432,0.3566501472048671,-78.89353085206,10.703564727954971,2.076283009823346,3.5488740547876922,332.0798991590146,False,75.0,71.68220910623947,-0.6573115804625261,-3.1993176416641034,1.8314607178044533,2.692613788404808,0.3045202220459952,0.16666666666666666,0.1564327485380117,1997-10-10,28,0.07133002944097341
686469,"Pasquantino, Vinnie",L,2026,29.116698835361824,29.81619265171764,33.347345432925614,34.98980159969282,56.451325738585886,57.38531936587408,-19.966285643856576,-20.84261874610281,36.69363884891677,37.13588840810109,602.0,238.0,334.0,128.0,358.4926826347305,271.72696874999997,14.071856287425149,19.53125,29.514824797843666,32.075471698113205,12.956810631229235,16.80672268907563,1.6424561667672037,-86.76571388473053,5.459393712574851,2.560646900269539,3.849912057846396,334.4536969696969,False,75.0,69.79730722154223,-0.6743473867519777,-2.6009334773130677,1.6941641531713105,2.5237626508113435,0.3018867924528302,0.14047619047619048,0.15584415584415584,1997-10-10,29,0.32849123335344077
686475,"Tolbert, Tyler",R,2026,31.95830948426992,31.96469329455981,9.132327145712347,8.967825347421186,59.8287385468945,56.83425853339594,-26.232233245835946,-26.123888005694866,31.371782877150377,30.951725628830886,136.0,103.0,82.0,61.0,293.08,315.3869508196721,18.29268292682927,21.311475409836063,25.97402597402597,24.46808510638298,26.47058823529412,30.097087378640776,-0.16450179829116074,22.306950819672124,3.018792483006795,-1.505940867642991,3.6264991433466562,302.59555244755245,False,,,,,,,,,,1998-01-27,28,-0.032900359658232146
686527,"Canzone, Dominic",L,2025,31.210081176233253,33.2877517297643,-18.144895727669283,-18.621399300377163,31.62147852818444,33.07377563984535,-6.075782695212978,-5.718412182879362,29.268533325258105,27.90303109080691,413.0,117.0,201.0,68.0,386.6517767460912,339.48411781845607,21.890547263681594,22.058823529411764,39.130434782608695,29.838709677419356,23.97094430992736,26.495726495726498,-0.47650357270788035,-47.1676589276351,0.16827626573017085,-9.29172510518934,2.524782185799136,374.7283536714474,False,72.0,72.09158316633265,-0.07627103655571302,1.1956805730236526,0.41223579519548925,-1.5070940919023073,0.36988847583643125,0.24528301886792453,0.21933085501858737,1997-08-16,28,-0.09530071454157607
686527,"Canzone, Dominic",L,2026,31.428195830086114,33.224372392334786,-8.414786730006302,-1.1800335599243532,28.055171553824774,29.553112004659937,-9.848141343309292,-15.807982617352224,27.840368790839886,29.893169407971687,689.0,223.0,377.0,133.0,352.02739522546415,359.707067669173,21.485411140583555,20.30075187969925,37.34610123119015,28.027681660899656,25.25399129172714,23.766816143497756,7.234753170081949,7.679672443708853,-1.184659260884306,-9.31841957029049,-1.4871751482293831,354.0301333333333,False,72.0,73.3555928411633,-0.9148881168036616,0.7949165663220414,1.2084435961060316,-1.7012437506182314,0.34705882352941175,0.24890350877192982,0.21176470588235294,1997-08-16,29,1.4469506340163898
686611,"Crews, Dylan",R,2024,31.790227914362294,31.997276459063837,10.10657444646183,11.018994995423219,28.78325218154755,26.84588942160166,-13.729429752409303,-13.979085044160817,30.204454503800488,30.324380098455002,75.0,157.0,42.0,91.0,352.69846897546904,308.51549863255985,21.428571428571427,18.681318681318682,26.666666666666668,27.74566473988439,24.0,21.656050955414013,0.9124205489613892,-44.18297034290919,-2.7472527472527446,1.078998073217722,-2.3439490445859867,322.4680155829522,False,,,,,,,,,,2002-02-26,22,0.18248410979227786
686611,"Crews, Dylan",R,2025,29.75290333435893,29.989036006918482,14.672623602744752,13.581923968918996,30.79732331798752,31.615029211901504,-14.632452324254913,-15.124923502852244,29.614846653787378,29.33372279710943,132.0,420.0,79.0,243.0,272.7869315056154,313.69228752898175,22.78481012658228,23.868312757201647,24.137931034482758,31.235955056179776,21.96969696969697,30.476190476190478,-1.0906996338257553,40.90535602336632,1.0835026306193676,7.098024021697018,8.50649350649351,303.65650142387017,False,71.0,72.41108949416343,-0.8551969412545195,0.011186508572909494,0.4303592051890418,-1.0099553632967555,0.2976827094474153,0.28442028985507245,0.2360248447204969,2002-02-26,23,-0.21813992676515107
686611,"Crews, Dylan",R,2026,31.2750433476211,31.204833517728062,8.57796012310214,8.169645546276135,32.90552595276326,33.34423838131433,-7.8464200643840964,-7.921836714341445,25.316240479947087,25.258984674929017,240.0,569.0,136.0,291.0,357.5159117647059,301.22284536082475,21.323529411764707,25.42955326460481,28.62595419847328,33.92539964476021,25.416666666666664,28.998242530755714,-0.4083145768260046,-56.29306640388114,4.106023852840103,5.299445446286931,3.58157586408905,319.15225292740047,False,71.0,73.5129117259552,-0.7593306203307026,0.911086632339063,0.21021738997330425,-1.4418766942828065,0.32242424242424245,0.27935723114956734,0.24121779859484777,2002-02-26,24,-0.08166291536520091
686668,"Doyle, Brenton",R,2024,25.54370372450583,24.784995439979497,0.5200432241880384,-0.4026333472457323,39.36515095414539,38.97976184181873,-5.657331706785951,-4.735241902797288,41.04887539870991,41.474347818644816,323.0,779.0,164.0,439.0,348.35637767922367,321.25495883943483,20.73170731707317,27.10706150341686,28.84012539184953,30.451127819548873,25.696594427244584,27.856225930680363,-0.9226765714337707,-27.101418839788835,6.375354186343689,1.6110024276993435,2.1596315034357794,328.62582565489976,False,75.0,70.241046277666,3.0020644997651487,-2.2373243049190754,-0.2603094627308225,-0.2603247407128562,0.2999104744852283,0.27223230490018147,0.2537313432835821,1998-05-14,26,-0.18453531428675413
686668,"Doyle, Brenton",R,2025,24.34543589710918,23.971379478057635,6.034266532913087,5.701661489898089,34.50165590927141,36.5689010118676,-7.487079389625039,-7.75210386929033,41.47517723066974,41.50601553038387,259.0,720.0,136.0,402.0,349.557496283519,282.9318212972323,20.588235294117645,27.363184079601986,28.793774319066145,30.547945205479454,22.779922779922778,29.305555555555557,-0.3326050430149978,-66.6256749862867,6.774948785484341,1.7541708864133092,6.525632775632779,299.7739993606803,False,75.0,70.16307857911733,3.006191269367853,-2.1989800516281135,0.19172815471619253,-0.4832317072184027,0.3009118541033435,0.27579162410623087,0.25650557620817843,1998-05-14,27,-0.06652100860299956
686668,"Doyle, Brenton",R,2026,25.41001109700178,24.699636733482528,-13.110949349098844,-12.782882576839162,38.66113135467156,38.879466451006955,0.17089777074182558,-0.5523375873858156,36.768837600764144,37.29124616674762,180.0,218.0,93.0,122.0,263.4552258064516,233.46996721311478,30.107526881720432,35.24590163934426,37.362637362637365,32.804232804232804,31.666666666666664,27.981651376146786,0.3280667722596817,-29.985258593336823,5.138374757623829,-4.558404558404561,-3.6850152905198783,246.44033488372096,False,75.0,71.85354330708661,3.821185357785889,0.5736535595928263,-0.24500239353790101,-0.23872933000838129,0.3504043126684636,0.2964824120603015,0.3302325581395349,1998-05-14,28,0.06561335445193635
686676,"Lee, Korey",R,2024,28.449936251176947,28.195636604564317,-14.62401482523441,-13.608404938414328,47.52012927690277,49.08403696721255,-18.521761661686526,-18.335424380729304,25.332443278744233,25.628743020078087,233.0,605.0,104.0,291.0,261.0042334181696,255.8192520941297,29.807692307692307,31.27147766323024,35.13513513513514,35.28225806451613,29.184549356223176,34.87603305785124,1.0156098868200818,-5.184981324039882,1.463785355537933,0.14712292938099125,5.691483701628062,257.1844117338769,False,72.0,70.71782553729457,-0.9967922605350266,1.0375026363901187,0.6122483384140001,-0.6896955457133249,0.3524229074889868,0.3329355608591885,0.30886075949367087,1998-07-25,26,0.20312197736401635
686681,"Massey, Michael",L,2024,26.53587948685667,27.02867761765633,-3.234410317437849,-2.260221778309728,55.23877265673395,55.89144306109426,-4.915474029690448,-6.458641185579524,32.25031020701148,33.03117856814947,568.0,123.0,290.0,66.0,332.1711055758278,236.56954901285587,13.10344827586207,27.27272727272727,35.602094240837694,43.925233644859816,13.732394366197184,27.64227642276423,0.9741885391281211,-95.60155656297195,14.1692789968652,8.323139404022122,13.909882056567046,314.4472214939285,False,72.0,70.10582959641256,1.1514556628509365,-0.4543461903460966,-0.7724732989506148,0.9358924255431879,0.36911764705882355,0.16208393632416787,0.15730337078651685,1998-03-22,26,0.1948377078256242
686681,"Massey, Michael",L,2025,27.063331361332395,27.07907698531962,0.6856926433446086,1.8722929133453938,55.652677054514115,55.79408520606707,-4.483173208067192,-6.535091102782227,30.30960617245319,31.269213288344464,452.0,93.0,228.0,49.0,277.88412136210724,205.52429690585907,14.912280701754385,18.367346938775512,37.31707317073171,36.708860759493675,15.70796460176991,18.27956989247312,1.1866002700007852,-72.35982445624816,3.4550662370211267,-0.6082124112380356,2.571605290703209,265.084008010641,False,72.0,69.325,0.791995817659129,-0.12995741360102891,-0.8569189430201639,1.1630951906440798,0.3721881390593047,0.1614678899082569,0.1552346570397112,1998-03-22,27,0.23732005400015704
686681,"Massey, Michael",L,2026,24.021807656405183,23.964937091152642,3.070734403467806,3.829149875894629,56.083849090412905,58.041961072760145,-5.544783439909429,-6.6240552052930886,30.759667360476065,31.705988890608772,644.0,185.0,335.0,100.0,318.5147820895522,258.50224,14.925373134328357,22.0,39.1640866873065,34.5679012345679,16.304347826086957,24.324324324324326,0.7584154724268228,-60.012542089552255,7.074626865671643,-4.596185452738602,8.01997649823737,304.7187954022988,False,72.0,71.2177722152691,1.156186364378643,-0.5544059745907793,0.0015153076066390797,0.9531655076385467,0.38242574257425743,0.18094089264173704,0.16551724137931034,1998-03-22,28,0.15168309448536457
686780,"Pagés, Pedro",R,2024,28.62357306298564,28.507319375482723,5.688825785786506,8.405719362806677,34.2527406558163,35.592473339884876,-7.0297774944914355,-8.770431099048873,38.041236035943214,38.3814684977437,165.0,267.0,83.0,136.0,284.2562659506806,275.55303194692397,25.301204819277107,27.205882352941174,33.33333333333333,36.940298507462686,23.03030303030303,23.595505617977526,2.716893577020171,-8.70323400375662,1.9046775336640671,3.606965174129357,0.565202587674495,278.8515178935532,False,71.0,70.7490243902439,1.292842456871272,-0.967815845316356,0.6444331241830242,-0.5183149310850867,0.3566265060240964,0.2337962962962963,0.2648401826484018,1998-09-17,26,0.5433787154040342
686780,"Pagés, Pedro",R,2025,27.276827146353103,27.09910558800457,8.346897011996873,6.816542946976438,35.793859854395606,37.23111339796406,-5.555339795850353,-5.280473468504244,28.649284692960094,30.60757768336757,233.0,534.0,113.0,276.0,247.57660105308074,265.54445656473314,30.973451327433626,26.08695652173913,36.17021276595745,35.908141962421716,26.609442060085836,23.970037453183522,-1.5303540650204353,17.967855511652402,-4.886494805694497,-0.2620708035357353,-2.639404606902314,260.3250023929678,False,71.0,71.78967391304347,0.5804201610924462,0.8010875431236628,1.1391975491737996,-0.4070969592224026,0.3599439775910364,0.24771838331160365,0.2750642673521851,1998-09-17,27,-0.30607081300408706
686780,"Pagés, Pedro",R,2026,27.243486810720746,26.846460987099494,5.394691730394332,5.511206644158183,35.264178020780186,38.58244343305995,-13.23636417412949,-13.519945468330766,31.38275287739675,34.442051118740494,207.0,212.0,94.0,114.0,252.7754468085107,267.7084561403509,28.723404255319153,24.561403508771928,33.78378378378378,36.607142857142854,25.60386473429952,26.88679245283019,0.1165149137638517,14.933009331840196,-4.162000746547225,2.8233590733590717,1.2829277185306687,260.9598846153847,False,71.0,72.17908163265307,0.30720113352209566,-0.14677013838228622,1.0093335591417736,-0.9622257532581245,0.35201793721973096,0.26252983293556087,0.2644230769230769,1998-09-17,28,0.02330298275277034
686823,"Brennan, Will",L,2024,27.676511898326304,27.58580833127372,19.750926553189,19.520103646416732,47.0409754650991,48.52258195332617,-2.4674548032470622,-1.5611642790770677,29.255217356409037,28.675943841006635,609.0,63.0,318.0,36.0,318.28219864455275,192.38985042735047,13.20754716981132,16.666666666666664,34.18181818181818,30.18867924528302,15.763546798029557,17.46031746031746,-0.2308229067722678,-125.89234821720228,3.459119496855344,-3.9931389365351606,1.6967706622879017,305.47958696144747,False,71.0,68.3,0.312844599825882,-0.5196756415281983,-0.036886323627300516,0.7565672258401048,0.3383084577114428,0.15922619047619047,0.13559322033898305,1998-02-02,26,-0.04616458135445356
686948,"Baldwin, Drake",L,2025,26.43777308327089,27.17314163191246,20.18149549001809,24.281603649615928,43.69195964898103,45.72468428670083,-10.015240947037224,-14.601669972875683,32.30073549078477,32.490667048708794,688.0,179.0,351.0,95.0,360.2332955123069,327.50567222505975,15.0997150997151,15.789473684210526,29.829545454545453,25.149700598802394,17.00581395348837,16.75977653631285,4.100108159597838,-32.72762328724713,0.6897585844954257,-4.67984485574306,-0.24603741717552197,353.26216499148074,True,72.0,74.32253855278766,-0.5380745303464983,-0.6862608995451938,1.7154310613020545,1.028320564457407,0.2893226176808266,0.1695501730103806,0.15246636771300448,2001-03-28,24,0.8200216319195676
686948,"Baldwin, Drake",L,2026,27.456558483294092,27.95868593464765,24.133083295836514,28.191203439439494,44.03700886499948,46.30954377647275,-16.716728088302116,-20.61188634062242,31.231120346332144,31.05313507540081,797.0,384.0,378.0,218.0,382.98803174603177,340.2611376146789,21.693121693121693,21.55963302752294,34.57382953181273,33.57664233576642,23.588456712672524,22.395833333333336,4.058120143602981,-42.72689413135288,-0.1334886655987546,-0.9971871960463048,-1.1926233793391887,367.3597382550335,True,72.0,74.32044247787611,-1.6557526398103997,-0.9424389310514824,2.005064806778746,0.7396162565476652,0.342443729903537,0.23200677392040644,0.21644295302013422,2001-03-28,25,0.8116240287205961
687093,"Grissom, Vaughn",R,2026,26.48751323271654,26.152881692087963,-26.04382710704339,-24.221597730420015,33.672111995774415,37.93686428251548,-14.096888313366941,-14.42464451287486,37.38543151483744,37.39297114533304,316.0,526.0,171.0,280.0,323.5982923976608,301.0974142857143,15.789473684210526,20.0,29.859154929577464,32.015810276679844,18.670886075949365,20.342205323193916,1.8222293766233761,-22.50087811194652,4.210526315789474,2.1566553471023795,1.6713192472445506,309.62878935698456,False,74.0,70.01382428940568,1.8605045420953137,-0.5563256432114309,0.8266544711067235,-1.1025082781763873,0.31126596980255516,0.19714964370546317,0.18403547671840353,2001-01-05,25,0.3644458753246752
687221,"Rushing, Dalton",L,2025,29.956962576458192,29.765043710524157,7.284878352164165,6.623413962598889,50.74149280784138,49.06047398932724,-5.053988686736259,-5.458040371752994,37.23463769729413,37.16562626803756,201.0,68.0,114.0,41.0,293.92443410970316,252.2729857768644,37.719298245614034,36.58536585365854,20.28985507246377,15.625,34.82587064676617,26.47058823529412,-0.6614643895652765,-41.651448332838754,-1.133932391955497,-4.664855072463769,-8.35528241147205,282.90695422811353,False,,,,,,,,,,2001-02-21,24,-0.1322928779130553
687221,"Rushing, Dalton",L,2026,30.90042401202129,30.874763366341163,1.561900356429644,2.162197935134085,49.54162073767077,50.82933577188428,-3.756327726886597,-4.088783489167762,37.829636903784184,38.05044092271763,352.0,110.0,184.0,66.0,354.97545652173915,285.07218181818183,29.347826086956523,28.78787878787879,30.585106382978722,28.947368421052634,30.681818181818183,26.36363636363636,0.6002975787044411,-69.90327470355732,-0.5599472990777343,-1.6377379619260886,-4.318181818181824,336.52099200000004,False,72.0,71.64537246049662,0.47730047732330805,-1.6513964830619066,-0.5095432300256738,-1.0238104428460795,0.3020408163265306,0.29653679653679654,0.292,2001-02-21,25,0.12005951574088822
687231,"Hernaiz, Darell",R,2024,30.406157974621028,30.645130833501835,7.35339145242807,5.142079695396225,43.662741694011466,45.49553347070883,-9.172553957673783,-9.874808288867158,32.21450653626858,31.9181957109706,100.0,137.0,50.0,85.0,297.9270846153846,261.6854911764707,16.0,22.35294117647059,21.21212121212121,27.659574468085108,20.0,22.62773722627737,-2.2113117570318455,-36.241593438913924,6.3529411764705905,6.447453255963897,2.6277372262773717,275.10830356125365,False,,,,,,,,,,2001-08-03,23,-0.4422623514063691
687231,"Hernaiz, Darell",R,2025,30.735419685131536,30.85017867847554,4.0735183934266646,4.406272078043564,47.35446835325962,46.012007331472326,-17.399646302068554,-18.048807621805956,32.86841349960627,32.882328677832696,106.0,255.0,57.0,140.0,295.9118596491228,306.5205470368113,10.526315789473683,12.857142857142856,30.8411214953271,30.737704918032787,16.9811320754717,15.686274509803921,0.33275368461689947,10.60868738768852,2.3308270676691727,-0.10341657729431475,-1.2948575656677779,303.4510283510334,False,71.0,67.42121212121212,-0.6632397206691636,-1.8044377351175689,-0.762933070907164,0.14978290575816736,0.3076923076923077,0.16066481994459833,0.1218274111675127,2001-08-03,24,0.0665507369233799
687231,"Hernaiz, Darell",R,2026,30.049825555186544,30.1751889239377,3.467200633990201,5.600962264084797,46.06133519206748,46.10922837643956,-13.142651547304158,-13.346020281670864,31.46300728950382,31.696571469802482,114.0,197.0,58.0,99.0,271.8851034482758,255.30355555555556,18.96551724137931,20.2020202020202,38.34586466165413,34.48275862068966,21.052631578947366,23.3502538071066,2.133761630094596,-16.581547892720238,1.236502960640891,-3.8631060409644746,2.2976222281592342,261.42922292993626,False,,,,,,,,,,2001-08-03,25,0.42675232601891916
687263,"Neto, Zach",R,2024,23.023131859950297,22.19487771536587,0.9369091055674378,0.28118519851140666,40.10695662793892,40.80977618826609,-5.198647399356104,-4.827779337789698,34.50529026591768,34.41526647322444,211.0,900.0,117.0,487.0,376.60463779143396,303.9270379453679,18.803418803418804,24.229979466119097,34.68468468468468,29.245283018867923,23.22274881516588,26.444444444444443,-0.6557239070560311,-72.67759984606607,5.426560662700293,-5.43940166581676,3.221695629278564,318.00531473674164,False,71.0,70.19712820512821,1.4672440126853667,-0.3625382352232835,-1.3830453501628834,-1.31430747418569,0.30272108843537415,0.2583258325832583,0.23178807947019867,2001-01-31,23,-0.13114478141120622
687263,"Neto, Zach",R,2025,18.62569290520996,18.33474999430477,6.287732466070642,7.649203239406497,34.54940262941296,34.85509230237537,-3.593631811535522,-4.4247650032751675,39.696818193301624,39.81715547443696,212.0,838.0,110.0,445.0,381.63396507293123,334.22199959469634,31.818181818181817,25.617977528089884,33.80281690140845,29.087048832271762,35.84905660377358,25.894988066825775,1.3614707733358555,-47.41196547823489,-6.200204290091932,-4.715768069136686,-9.954068536947808,343.6189657255177,False,71.0,70.78287461773701,2.4162935224361424,-1.2246339259456869,-1.743571579988022,-1.9020135651252459,0.2995670995670996,0.27904761904761904,0.26846846846846845,2001-01-31,24,0.2722941546671711
687263,"Neto, Zach",R,2026,16.448694212162867,16.445708101093434,4.892097559322409,5.712393202083023,35.69645131675121,37.41497249441704,-6.062948819150436,-6.360001149622979,39.26631211160645,39.301416207323065,364.0,1015.0,187.0,493.0,339.77510160427806,302.3598701825558,25.668449197860966,32.657200811359026,35.43689320388349,37.87346221441125,29.395604395604398,31.822660098522164,0.8202956427606134,-37.41523142172224,6.98875161349806,2.436569010527755,2.427055702917766,312.64905882352946,False,71.0,70.75500782472614,2.1011105105369765,-1.835203284873555,-1.3856917740758372,-2.29338286063853,0.37225806451612903,0.3118201595358956,0.3073529411764706,2001-01-31,25,0.16405912855212268
687363,"Scott II, Victor",L,2024,28.63405401135729,30.023868269820028,-28.65842337175749,-31.50426936344554,42.96885003230106,45.56201877427566,-12.192757605083571,-16.182154863565465,34.159693021306566,33.35374052440053,207.0,71.0,113.0,43.0,238.50669846181347,276.3759738027392,24.778761061946902,32.55813953488372,30.0,25.37313432835821,23.67149758454106,28.169014084507044,-2.8458459916880514,37.86927534092575,7.77937847293682,-4.6268656716417915,4.4975164999659825,248.94502435706863,False,,,,,,,,,,2001-02-12,23,-0.5691691983376103
687363,"Scott II, Victor",L,2025,23.294332202566782,23.895974364575824,-4.395182946550586,-4.106621146876603,31.784813509253954,35.49956399283588,-47.12023895794658,-49.12064585024534,20.05420916077158,20.16196301282395,596.0,205.0,329.0,130.0,294.9075208829911,273.47506923076924,21.88449848024316,26.923076923076923,23.064250411861615,23.25581395348837,23.657718120805367,26.82926829268293,0.28856179967398266,-21.432451652221857,5.038578442833764,0.19156354162675626,3.1715501718775627,288.837327604584,False,70.0,68.51156661786237,-2.4874792970108333,0.31524707143013564,0.20855355678678633,-0.34478664434323164,0.23114355231143552,0.24469413233458176,0.23311546840958605,2001-02-12,24,0.05771235993479653
687363,"Scott II, Victor",L,2026,25.25701511916109,25.785566912439368,3.8677859147030644,4.020779979378037,35.39388419615259,38.40607049553196,-10.922750958923332,-10.231689360096734,27.78313562882915,27.80365453948175,232.0,91.0,130.0,62.0,279.15596923076924,256.17103225806454,26.923076923076923,16.129032258064516,20.816326530612244,26.136363636363637,25.862068965517242,17.582417582417584,0.152994064674973,-22.984936972704702,-10.794044665012407,5.320037105751393,-8.279651383099658,271.73375000000004,False,,,,,,,,,,2001-02-12,25,0.030598812934994602
687401,"Ortiz, Joey",R,2024,29.906247263753475,29.872995662818784,7.601864714314929,6.732652481985445,26.540352653891198,29.582731582655725,-24.881972948106657,-27.077345124029428,30.727996097565214,30.582527926328165,271.0,562.0,155.0,359.0,310.5586633302829,299.87861673921407,23.870967741935484,18.384401114206128,25.846153846153847,24.86111111111111,16.605166051660518,14.05693950177936,-0.8692122323294837,-10.680046591068844,-5.486566627729356,-0.985042735042736,-2.548226549881159,303.09925335714337,False,70.0,72.38837803320561,-1.0005975517088923,-0.5398807746065204,0.8252535422931434,-1.3391502957995391,0.2516746411483254,0.148859543817527,0.20038910505836577,1998-07-14,26,-0.17384244646589675
687401,"Ortiz, Joey",R,2025,31.825050809497135,32.0135081004245,2.902087944684326,2.9490910575934475,28.68816838857054,32.15314178111634,-10.054367079877629,-9.368692875285381,28.758473838193737,28.95415208834402,252.0,611.0,143.0,365.0,269.978003792955,275.75737717898727,13.986013986013987,14.794520547945206,34.61538461538461,33.05227655986509,13.095238095238097,15.875613747954173,0.04700311290912129,5.779373386032262,0.8085065619312193,-1.5631080555195211,2.780375652716076,274.1305063242577,False,70.0,71.32721822541967,0.15114603620867456,1.0354327385211133,-0.2918636522602691,-0.6974404778368474,0.3349455864570738,0.15063731170336037,0.14566929133858267,1998-07-14,27,0.009400622581824258
687401,"Ortiz, Joey",R,2026,31.5148743203541,31.72749663796934,0.987996316797751,0.7816424668707701,32.29175882048358,35.702282098925835,-4.952809118738372,-6.06975564952167,27.47576208346077,27.279748581481787,267.0,425.0,149.0,254.0,279.3400805369127,303.62296062992124,21.476510067114095,18.11023622047244,33.33333333333333,31.914893617021278,16.479400749063668,19.058823529411764,-0.20635384992698091,24.282880093008544,-3.366273846641654,-1.4184397163120508,2.5794227803480965,294.644923076923,False,70.0,72.32546012269938,0.30374892557040284,1.5593010750544938,-1.5142174495859808,-0.7892977828186654,0.3248730964467005,0.18063583815028902,0.1935483870967742,1998-07-14,28,-0.04127076998539618
687462,"Horwitz, Spencer",L,2024,29.14789901020674,29.564961786546057,-24.559026480660297,-25.755874850612877,44.24208306162573,44.28181957101019,-7.849454853855707,-8.166550082696979,23.766228491465778,23.727113671959046,555.0,173.0,301.0,81.0,344.88310184619024,319.5179264233709,18.6046511627907,17.28395061728395,25.4606365159129,26.34730538922156,16.756756756756758,17.91907514450867,-1.1968483699525798,-25.365175422819334,-1.3207005455067495,0.8866688733086612,1.1623183877519132,339.50462224082804,False,70.0,68.58067349926793,-0.5867319044462035,0.8585143262092528,-1.8555118490221583,-1.1274698859262533,0.25654450261780104,0.17032967032967034,0.18324607329842932,1997-11-14,27,-0.23936967399051595
687462,"Horwitz, Spencer",L,2025,29.238174481856824,30.647269317409037,-10.50091302860266,-13.083316087782835,43.46272597374228,39.69444081597983,-11.316788274840924,-11.024351638369605,25.740510903087273,24.78063722728339,676.0,109.0,360.0,51.0,333.2986517265783,263.5909075773532,16.666666666666664,25.49019607843137,23.680456490727533,26.785714285714285,14.940828402366865,24.770642201834864,-2.5824030591801748,-69.7077441492251,8.823529411764707,3.105257794986752,9.829813799467999,324.64878566426574,False,70.0,67.75406896551723,-1.1853070444390237,-0.19561301497267153,-1.5413689483145712,-1.0261767590638295,0.24108241082410825,0.16305732484076432,0.17761557177615572,1997-11-14,28,-0.516480611836035
687462,"Horwitz, Spencer",L,2026,32.03774962194192,33.19904622862186,-10.944373052674726,-9.459712046867061,47.592733615675165,47.88709130593266,-17.94997547049573,-17.800008164676743,24.6373195918096,24.812907241406563,568.0,146.0,350.0,86.0,317.7550171428571,304.21046511627907,15.428571428571427,17.441860465116278,24.897959183673468,24.137931034482758,14.084507042253522,19.863013698630137,1.4846610058076646,-13.54455202657806,2.013289036544851,-0.7600281491907097,5.778506656376615,315.08338532110093,False,70.0,67.90971168437027,-2.105864337998194,-0.09512211290382058,-1.9672871436478854,-0.7500084368091589,0.24752475247524752,0.15266106442577032,0.15825688073394495,1997-11-14,29,0.2969322011615329
687515,"Thomas, Colby",R,2025,29.748591199849034,29.6742081036682,-1.520296809212709,0.9489859816722755,57.295645513560444,56.99702220928463,-32.44156048125857,-30.89865107594798,32.8930512541278,33.991740061351194,140.0,136.0,69.0,63.0,336.24247018305283,212.6159540157148,36.231884057971016,38.095238095238095,36.36363636363637,45.535714285714285,32.857142857142854,35.294117647058826,2.4692827908849844,-123.62651616733802,1.8633540372670794,9.172077922077918,2.436974789915972,277.2389056486415,False,,,,,,,,,,2001-01-26,24,0.49385655817699686
687551,"Gilbert, Drew",L,2026,30.531224773096323,30.98943792344948,13.760677291064088,12.998523311886583,59.03356546568648,62.860759485716734,-13.837955579473812,-15.309532441192744,27.5409282406604,27.76064905189313,546.0,92.0,338.0,49.0,350.4962366863905,193.37061224489793,15.976331360946746,32.6530612244898,22.98507462686567,36.79245283018868,18.681318681318682,27.173913043478258,-0.7621539791775049,-157.12562444149256,16.676729863543052,13.807378203323008,8.492594362159576,330.6017777777778,False,69.0,68.9966499162479,-0.286218558807134,-0.26141594537106283,-0.5389933129205674,2.0715551901001774,0.24871134020618557,0.19905956112852666,0.18087855297157623,2000-09-27,26,-0.15243079583550098
687597,"Beck, Jordan",R,2024,22.35813122676029,21.891330849541898,-0.8709658243606503,1.2245784857715447,34.463194264302444,36.33407498972204,-9.570162746730913,-10.192846503881352,30.02123772058673,29.308207168656878,111.0,242.0,56.0,128.0,271.49232022704297,263.6815567702788,35.714285714285715,35.15625,37.07865168539326,32.61802575107296,32.432432432432435,30.165289256198346,2.095544310132195,-7.810763456764164,-0.5580357142857153,-4.460625934320298,-2.2671431762340895,266.05874564842446,False,74.0,70.52792792792792,1.899328302840557,0.0013201881946695163,0.6747253465502262,-1.3419879074216226,0.3385093167701863,0.3087818696883853,0.3532608695652174,2001-04-19,23,0.419108862026439
687597,"Beck, Jordan",R,2025,17.712162132232063,17.633828682143147,6.75827362083082,7.282084069756486,34.22039724527682,35.316193700928146,-1.2167966696568202,-1.8351188537994965,31.76248505980164,31.625750144585894,266.0,833.0,137.0,452.0,328.947721751826,291.5813204644052,30.656934306569344,29.20353982300885,28.888888888888886,26.659167604049493,25.93984962406015,30.132052821128454,0.5238104489256665,-37.366401287420786,-1.4533944835604942,-2.2297212848393926,4.192203197068302,300.2726565872857,False,74.0,72.19707317073171,3.0318665148881174,0.028851886488303984,-0.14860128542607318,-1.185505335589974,0.271786022433132,0.2911737943585077,0.29541595925297115,2001-04-19,24,0.10476208978513331
687597,"Beck, Jordan",R,2026,19.97533352761697,19.204153701167854,5.690776553773324,7.09473090523223,36.83805299298399,40.751496245696366,-2.689941462812332,-2.9031324586107154,33.221907344947454,32.66934168587271,183.0,158.0,90.0,78.0,289.3876888888889,218.9971794871795,33.33333333333333,25.64102564102564,38.04347826086957,37.267080745341616,28.415300546448087,27.21518987341772,1.4039543514589061,-70.39050940170938,-7.69230769230769,-0.7763975155279539,-1.2001106730303661,256.7063809523809,False,74.0,72.98553459119498,2.7340133747038027,-0.1294082008824889,0.590655159695256,-1.0248787638212202,0.37681159420289856,0.2785923753665689,0.2976190476190476,2001-04-19,25,0.28079087029178124
687637,"Beavers, Dylan",L,2026,30.871744546257414,31.234422381907738,11.228617875176164,10.051280573372969,49.774597178676025,47.69199194134919,-0.8502857237186874,-1.6108817234492954,30.079663808502275,30.427179078624864,485.0,107.0,277.0,67.0,309.34815884476535,220.84746268656716,26.714801444043324,26.865671641791046,24.74048442906574,20.74074074074074,22.474226804123713,21.49532710280374,-1.1773373018031954,-88.5006961581982,0.1508701977477216,-3.999743688325001,-0.9788997013199747,292.1111046511628,False,77.0,71.64886561954626,0.21114859966951233,0.642551454452178,-0.4875460678816773,0.8076238106672411,0.23983169705469845,0.22297297297297297,0.26744186046511625,2001-08-11,25,-0.2354674603606391
687749,"Bowen, Jase",R,2026,29.18294322834777,28.868916783273114,-5.361975945781749,-4.823801648831173,52.53107323425867,56.57054925822079,-14.367466554049445,-13.721373546452412,26.283110908495896,25.66367109012754,86.0,86.0,50.0,48.0,246.30224,249.26125,38.0,39.58333333333333,34.090909090909086,50.0,36.04651162790697,40.69767441860465,0.5381742969505758,2.959009999999978,1.5833333333333286,15.909090909090914,4.651162790697676,247.7515510204082,False,,,,,,,,,,2000-09-02,26,0.10763485939011516
687859,"Johnston, Troy",L,2026,33.71436591519056,34.75446819736394,-11.836032451168062,-9.46100284083129,37.46342322099242,37.78400832488254,-51.02599961340983,-52.144956543016505,19.65174911611183,18.290011485714242,625.0,217.0,331.0,110.0,343.3026344410876,276.9024727272727,18.429003021148034,17.272727272727273,35.25835866261398,38.54166666666667,22.56,21.19815668202765,2.3750296103367727,-66.4001617138149,-1.1562757484207609,3.2833080040526923,-1.3618433179723475,326.7402358276644,False,71.0,69.26982323232323,-3.7821067552732375,1.056012464443781,-0.04027281059638422,-0.8512206976275921,0.36,0.22209026128266032,0.18140589569160998,1997-06-22,29,0.47500592206735454
687952,"Encarnacion-Strand, Christian",R,2024,30.429813362025804,30.502448198708645,25.615112562563958,25.843319919690995,26.861529623558265,26.864586835226874,-21.735732822038997,-20.89083332746759,29.306080253171576,29.235994194541476,78.0,174.0,38.0,85.0,227.52916194331982,324.91875289934404,34.21052631578947,25.882352941176475,41.0958904109589,41.509433962264154,29.48717948717949,25.862068965517242,0.22820735712703666,97.38959095602422,-8.328173374612998,0.4135435513052528,-3.625110521662247,294.8309117909788,False,,,,,,,,,,1999-12-01,25,0.04564147142540733
687952,"Encarnacion-Strand, Christian",R,2025,30.556866565755893,30.18743266323906,33.94925911127,31.678646117375227,24.624143901308116,26.361363813142294,-27.824922341519155,-26.075159403109197,30.455168211365674,29.88512425029079,71.0,193.0,33.0,104.0,140.72283440465262,314.2332674824393,33.33333333333333,20.192307692307693,53.333333333333336,43.575418994413404,22.535211267605636,23.316062176165804,-2.270612993894776,173.5104330777867,-13.141025641025635,-9.757914338919932,0.7808509085601685,272.43878360238847,False,,,,,,,,,,1999-12-01,26,-0.4541225987789552
687952,"Encarnacion-Strand, Christian",R,2026,25.969366772971547,25.961748023287583,16.67868769128804,16.732277312058386,18.752407044372184,17.74820741938162,-5.973498779066312,-6.647626470545869,37.7732228525985,37.52721590139473,171.0,276.0,78.0,123.0,421.6074871794872,277.8954796747967,30.76923076923077,24.390243902439025,47.53086419753087,46.44351464435147,31.57894736842105,24.637681159420293,0.0535896207703459,-143.71200750469046,-6.378986866791745,-1.0873495531794006,-6.941266209000759,333.66431840796014,False,73.0,72.74337349397591,1.0316986211101975,-1.4289035364961178,1.3512566890481756,-1.7231619683048431,0.4688279301745636,0.27293064876957496,0.26865671641791045,1999-12-01,27,0.010717924154069181
689172,"Wisely, Brett",L,2024,22.29963703868311,22.87238693831087,17.41979982473284,19.08124737308983,58.060800423261774,61.16759405430254,-20.920042896113348,-23.136654640770722,19.012536915175538,18.41398032785146,382.0,100.0,213.0,60.0,264.7765654668753,261.90746073124404,20.657276995305164,35.0,30.319148936170215,29.213483146067414,16.230366492146597,35.0,1.661447548356989,-2.869104735631254,14.342723004694836,-1.105665790102801,18.769633507853403,264.1459929975058,False,69.0,66.71461716937355,-2.2907712424371467,-0.13936369963880593,-2.1136400277686147,0.854753445316199,0.3010752688172043,0.2012448132780083,0.23809523809523808,1999-05-08,25,0.3322895096713978
689414,"Hicks, Liam",L,2025,27.400373287895434,27.51479989198441,9.077356705407698,12.979050692189677,53.33382158678049,54.78635470304072,-19.296625136447975,-20.706518976903325,24.384920356795558,25.280435059889797,476.0,99.0,326.0,66.0,313.71854711011656,299.5260303030303,14.11042944785276,15.151515151515152,17.15210355987055,20.0,13.445378151260504,12.121212121212121,3.9016939867819787,-14.192516807086236,1.041085703662393,2.8478964401294498,-1.3241660300483833,311.3289907089234,False,69.0,66.63445065176909,-1.7020044543715707,-0.5362779450636108,-0.6925146291864998,0.5425086313153644,0.17598908594815826,0.13217391304347825,0.14285714285714285,1999-06-02,26,0.7803387973563958
689414,"Hicks, Liam",L,2026,28.579109615923127,28.909717965753913,15.438310199824187,18.26238898545762,58.82932969313615,61.1005452712199,-35.63708581747125,-39.17001459116736,21.746628949045313,21.921008016301702,647.0,161.0,421.0,115.0,339.7046745843231,241.54386086956518,8.551068883610451,14.782608695652174,25.41766109785203,30.96446700507614,10.046367851622875,12.422360248447205,2.824078785633432,-98.1608137147579,6.2315398120417225,5.546805907224112,2.37599239682433,318.64405223880595,False,69.0,67.56379084967321,-4.199586829219047,-0.8355325048128119,-0.8040213760288121,1.0430118381744067,0.2647342995169082,0.1051980198019802,0.09888059701492537,1999-06-02,27,0.5648157571266864
690022,"Ritter, Ryan",R,2025,25.986412089259396,25.79837729277617,12.470429460293898,13.342901547134971,56.429233229002016,55.677869868196055,-3.139204194011015,-3.6903369489892186,33.70385397612918,33.902038727122715,97.0,313.0,44.0,162.0,281.6996818181818,239.1432255572892,20.454545454545457,31.48148148148148,38.57142857142858,31.506849315068493,30.927835051546392,35.46325878594249,0.8724720868410731,-42.55645626089256,11.026936026936024,-7.0645792563600835,4.535423734396101,248.23295407903325,False,73.0,68.43333333333334,0.8596064048876471,-0.41035917100804303,-0.2740798609027318,1.6619462988029814,0.3287292817679558,0.3439024390243902,0.2912621359223301,2000-11-10,25,0.17449441736821464
690924,"Fulford, Braxton",R,2025,22.36458158636011,22.32900621096671,8.25628094643703,9.557828072636585,49.7756298979857,49.179177117365434,-9.338936721121042,-9.292974009218499,29.93934340881403,30.1520253371065,83.0,139.0,43.0,77.0,327.8194697070312,224.77301976284585,23.25581395348837,33.76623376623377,18.6046511627907,33.33333333333333,24.096385542168676,30.935251798561154,1.301547126199555,-103.04644994418535,10.510419812745397,14.72868217054263,6.838866256392478,261.6979976595123,False,,,,,,,,,,1998-12-09,27,0.260309425239911
690984,"Halpin, Petey",L,2026,32.685806892712534,32.83061398701885,4.566633811481528,13.283409729295457,49.90241325722266,51.488267141841554,-14.603419208621128,-21.108477336449635,35.54700229788928,36.26638845905442,286.0,86.0,141.0,45.0,313.5373333333333,217.86915555555555,17.02127659574468,22.22222222222222,40.243902439024396,33.33333333333333,21.328671328671327,26.744186046511626,8.71677591781393,-95.66817777777777,5.200945626477541,-6.910569105691067,5.415514717840299,290.39180645161287,False,71.0,68.89830028328612,-0.6206135131995341,-0.9284220723206503,-0.4805834734400282,0.9641815644715542,0.38580246913580246,0.22580645161290322,0.1827956989247312,2002-05-26,24,1.743355183562786
690993,"Keith, Colt",L,2024,26.159067311942863,25.885331502462343,8.470130675936328,8.666987432015302,34.921291672042884,34.32854140234882,-5.371491605516315,-5.153649850681477,33.76624704619311,33.97501750930531,832.0,151.0,468.0,88.0,326.1167346034873,249.00943686868686,18.37606837606838,27.27272727272727,30.600461893764436,25.503355704697988,20.91346153846154,24.503311258278146,0.19685675607897402,-77.10729773480045,8.896658896658892,-5.097106189066448,3.5898497198166055,313.9127018684829,False,74.0,70.4171650055371,1.3132374082223788,-0.3030289322810727,0.7272745484377517,-0.0070204126373630245,0.29852216748768473,0.21464903357070192,0.19784172661870503,2001-08-14,23,0.039371351215794805
690993,"Keith, Colt",L,2025,22.799855672657362,22.76272345548518,-11.7020296275204,-2.2432588726814027,29.415973326822776,31.47192430016515,-8.677277518001532,-8.965724753259087,32.34330752523981,31.574152886283713,741.0,78.0,422.0,46.0,351.91722125369546,245.61165568022443,21.32701421800948,26.08695652173913,25.440806045340054,24.731182795698924,20.3778677462888,21.794871794871796,9.458770754838998,-106.30556557347103,4.759942303729648,-0.7096232496411297,1.4170040485829958,341.46838361185854,False,74.0,70.097425997426,1.5434417829802765,0.2868926759794414,1.6338525164814368,-0.8281323241931113,0.25366403607666294,0.20512820512820512,0.21794871794871795,2001-08-14,24,1.8917541509677995
691016,"Soderstrom, Tyler",L,2025,28.846651740440564,28.597009686323503,9.969051815323809,9.89722304962435,29.232300221597143,33.69699128095202,-6.272023868895498,-6.5258128570328955,32.96927212627602,33.71822165295136,830.0,257.0,478.0,146.0,346.93297955861584,318.8354050844261,21.548117154811717,26.027397260273972,27.771156138259833,34.552845528455286,21.325301204819276,24.90272373540856,-0.0718287656994594,-28.09757447418974,4.479280105462255,6.781689390195453,3.577422530589285,340.358867582283,False,74.0,73.23278048780489,0.02101419438244956,-0.9389370848743421,1.012120936647889,-1.0765797237250905,0.29308755760368665,0.22171113155473782,0.22596153846153846,2001-11-24,24,-0.01436575313989188
691016,"Soderstrom, Tyler",L,2026,27.965969009281803,28.193102845427514,8.76323119636657,8.673928821372302,34.99781145188892,36.81723440368869,-4.713599746004631,-4.774519547422197,33.94059161032679,33.977779484362024,532.0,266.0,309.0,145.0,343.3674951456311,293.1835034482758,16.181229773462782,28.27586206896552,24.22360248447205,30.14705882352941,18.60902255639098,25.18796992481203,-0.08930237499426852,-50.18399169735528,12.094632295502738,5.92345633905736,6.578947368421051,327.3395682819383,False,74.0,73.75084033613444,0.055821552398363915,-0.9197808556264648,0.8220735111717885,-0.6739202023173515,0.259825327510917,0.20802005012531327,0.20044052863436124,2001-11-24,25,-0.017860474998853702
691019,"Teel, Kyle",L,2025,30.156458206168864,30.8488031065817,2.3321919386776915,0.7971277852347484,41.85079827464559,35.815139940837035,-15.638205012482599,-15.21763941579845,33.25233809996358,32.89657286525758,456.0,87.0,245.0,52.0,355.71010309409326,244.1790786549286,23.26530612244898,38.46153846153847,24.00793650793651,24.03846153846154,25.657894736842106,34.48275862068966,-1.535064153442943,-111.53102443916467,15.196232339089487,0.030525030525030417,8.824863883847552,336.1827856838691,False,71.0,68.35363984674329,-0.3255303679696352,-1.2859701153034613,-0.1596019310401447,-0.9066700328815028,0.24013157894736842,0.27071823204419887,0.25925925925925924,2002-02-15,23,-0.3070128306885886
691019,"Teel, Kyle",L,2026,26.702870675593793,27.394093539159293,1.3036660484428855,1.7543141384290908,46.4056665876579,47.45595953107101,-15.48630325672867,-15.904405782765249,32.95233255984565,33.90483391180605,175.0,73.0,91.0,35.0,307.44747252747254,292.87760000000003,38.46153846153847,34.285714285714285,31.363636363636367,34.78260869565217,32.0,34.24657534246575,0.4506480899862053,-14.569872527472512,-4.175824175824182,3.418972332015805,2.2465753424657535,303.4002857142857,False,,,,,,,,,,2002-02-15,24,0.09012961799724106
691023,"Walker, Jordan",R,2024,28.03549807635745,28.093351071742298,15.844048878078747,21.86996349027925,48.13846762691159,50.14186392796394,-40.00093684005233,-43.06665012078052,24.48056990523368,25.25402297314156,111.0,221.0,58.0,124.0,327.75451402136065,245.56601757269445,17.24137931034483,32.25806451612903,28.448275862068968,33.33333333333333,19.81981981981982,35.294117647058826,6.025914612200504,-82.1884964486662,15.016685205784203,4.885057471264361,15.474297827239006,271.75795600139026,False,,,,,,,,,,2002-05-22,22,1.2051829224401007
691023,"Walker, Jordan",R,2025,24.169170490757555,23.669248343978143,10.535137588434308,12.754087167102062,41.54503575407984,42.0004905036363,-17.007646249641002,-16.750001414827658,28.246276768845167,28.85517235264761,194.0,568.0,107.0,289.0,302.9586200974332,268.5518901664463,29.906542056074763,32.52595155709342,35.609756097560975,34.090909090909086,30.927835051546392,34.33098591549296,2.218949578667754,-34.4067299309869,2.6194095010186587,-1.5188470066518889,3.4031508639465677,277.8486581023443,False,78.0,77.08577235772358,0.323845272472613,0.15142491507752176,2.437716653263218,0.7723122789490524,0.3447015834348356,0.3346456692913386,0.3181818181818182,2002-05-22,23,0.4437899157335508
691023,"Walker, Jordan",R,2026,26.64141785126783,26.353881398271277,15.488827999895687,16.154404167666335,42.383639966979295,45.42350259331304,0.07339227627604208,-1.1742631252485543,22.743255002021716,22.394191665761095,320.0,889.0,171.0,476.0,408.89218713450293,318.6451512605041,22.22222222222222,27.100840336134453,32.707774798927616,37.04545454545455,26.5625,30.59617547806524,0.6655761677706487,-90.24703587399881,4.878618113912232,4.337679746526931,4.033675478065241,342.4971499227202,False,78.0,78.25494313210848,0.6241064665827433,1.884127940153632,2.0738982643583452,1.0885080205865374,0.3575418994413408,0.29528535980148884,0.2581143740340031,2002-05-22,24,0.13311523355412974
691026,"Winn, Masyn",R,2024,31.44419773311873,32.33092013691108,4.863798511743751,5.527739987081961,44.062120883635785,40.76498170196921,-44.64325715170261,-49.207291553985726,13.847323162312067,13.056197848028898,371.0,819.0,195.0,442.0,286.28933932205507,299.7458243029215,20.0,15.837104072398189,30.12345679012346,30.28083028083028,18.059299191374663,16.23931623931624,0.6639414753382091,13.456484980866435,-4.162895927601811,0.15737349070682072,-1.8199829520584245,295.62649216592155,False,69.0,69.22682481751825,-4.813460663495383,1.3455781235034279,-0.3479637440844482,-0.843211039677043,0.3022875816993464,0.16806722689075632,0.17111459968602827,2002-03-21,22,0.13278829506764184
691026,"Winn, Masyn",R,2025,33.20614613852852,33.771802269841245,3.191425946145528,5.329216229882681,42.868012809033445,41.28439830035664,-55.09190500668524,-55.169401188399526,15.812589279351124,16.442483332857282,343.0,670.0,163.0,375.0,311.26526778630017,274.20992069244596,19.018404907975462,18.933333333333334,29.03225806451613,24.661654135338345,14.285714285714285,16.716417910447763,2.1377902837371527,-37.05534709385421,-0.08507157464212867,-4.370603929177786,2.4307036247334786,285.436726596346,False,69.0,70.15720164609054,-4.898079389240169,1.2354888698064297,-0.33302012890685373,-0.8709755653485458,0.26229508196721313,0.15893385982230998,0.1895910780669145,2002-03-21,23,0.4275580567474305
691026,"Winn, Masyn",R,2026,32.975494358167225,33.0509600886899,5.23880195590912,5.28521978976101,40.89635769975825,39.36035144324013,-36.99338557551506,-36.55426272428036,16.968697537818677,17.461899682681896,228.0,630.0,137.0,384.0,312.3953576642336,292.6205729166667,21.16788321167883,21.09375,22.602739726027394,24.731182795698924,17.543859649122805,22.380952380952383,0.04641783385188969,-19.774784747566912,-0.07413321167883069,2.1284430696715297,4.837092731829578,297.82046833013436,False,69.0,70.48932038834951,-3.8846450681621083,1.3375690168897088,-0.23225947772487132,-1.090563305215929,0.2413127413127413,0.21095571095571095,0.21113243761996162,2002-03-21,24,0.009283566770377939
691406,"Caminero, Junior",R,2025,28.179121562070804,28.251597918471266,11.382695554614704,11.720615081355508,45.52315585910783,47.03911818296997,-34.53167775030277,-34.64607769163175,27.506083861009454,26.61216957886031,365.0,893.0,192.0,461.0,335.26245739452844,349.13555545127565,16.145833333333336,20.390455531453362,31.59268929503917,31.797752808988765,23.56164383561644,23.06830907054871,0.3379195267408033,13.87309805674721,4.244622198120027,0.20506351394959665,-0.4933347650677291,345.0564822094755,False,73.0,77.56350550381033,-3.3525419495633053,-0.23982413538555794,2.232695548099178,0.15594350737702117,0.3173605655930872,0.23211446740858505,0.19142419601837674,2003-07-05,22,0.06758390534816065
691406,"Caminero, Junior",R,2026,27.185545313600013,28.043157108827252,6.156485945183147,7.558872690181548,36.94264651875367,39.41559548851191,-29.811834619581322,-31.688903083733653,28.654379293566386,28.059176591294776,310.0,861.0,191.0,498.0,400.25162303664916,344.11745381526106,13.612565445026178,20.080321285140563,25.890736342042754,32.38007380073801,18.387096774193548,22.299651567944252,1.4023867449984015,-56.134169221388106,6.4677558401143855,6.489337458695257,3.9125547937507044,359.678595065312,False,73.0,78.4345259391771,-2.9254032658496674,-0.20466182014589807,2.7678709673729585,-0.6973754559007902,0.30564784053156147,0.2126387702818104,0.18287373004354138,2003-07-05,23,0.2804773489996803
691458,"Jordan, Blaze",R,2026,31.638512814847147,31.542580975974452,25.595468122877854,24.845416106821308,43.276798901575106,43.27940375780214,-15.322763013284806,-14.402019212606648,21.90275595350932,21.638226530926467,143.0,247.0,76.0,123.0,350.3515263157895,294.33463414634144,11.842105263157894,17.073170731707318,37.5,34.54545454545455,16.783216783216783,20.242914979757085,-0.7500520160565465,-56.016892169448056,5.231065468549424,-2.9545454545454533,3.4596981965403018,315.7280201005025,False,73.0,71.99494680851063,-1.3424327320612732,0.8295455105718863,1.0391232817233953,0.8161866820891854,0.35714285714285715,0.18974358974358974,0.1507537688442211,2002-12-19,24,-0.1500104032113093
691594,"Sanoja, Javier",R,2025,20.576571204062287,21.237544366506828,-2.3702231215631793,-2.9274205490860945,48.896475216611925,50.82795058203269,-25.5460340401791,-28.15757762072565,24.7734371444432,25.467315942176935,234.0,324.0,133.0,209.0,278.2698882085991,280.65702949544834,14.285714285714285,10.526315789473683,32.0,27.076923076923077,15.384615384615385,8.024691358024691,-0.5571974275229152,2.3871412868492143,-3.7593984962406015,-4.923076923076923,-7.359924026590694,279.72869677278476,False,67.0,67.47964774951076,-1.2230559082189625,-0.6584003934086095,-0.2579528444702717,-0.5252635873209218,0.2909090909090909,0.1111111111111111,0.11988304093567251,2002-09-03,23,-0.11143948550458305
691594,"Sanoja, Javier",R,2026,20.559349647931302,21.5683210760939,-10.295275487731656,-12.065663489528173,49.471710833317765,50.49316977471716,-19.603990079304296,-19.010671968247287,26.46021977706093,26.470590480634552,254.0,571.0,147.0,325.0,307.0166530612245,287.2967753846154,10.884353741496598,6.769230769230769,41.11111111111111,38.095238095238095,13.779527559055119,9.807355516637479,-1.7703880017965172,-19.719877676609087,-4.115122972265829,-3.0158730158730123,-3.9721720424176397,293.4383474576271,False,67.0,68.3587786259542,0.026002564700215787,0.24529737582103808,-0.6482381288362087,-0.2344233475008841,0.3906810035842294,0.1103030303030303,0.08050847457627118,2002-09-03,24,-0.35407760035930347
691718,"Crow-Armstrong, Pete",L,2024,28.013771720343073,31.494837975066464,10.267588939369084,7.6685096474951395,41.594494679464674,41.32535703401866,-3.2409478309648536,-3.004231638806495,28.223468735550927,28.24209725340495,670.0,170.0,318.0,90.0,302.5440367990445,234.9363049382716,23.58490566037736,23.333333333333332,41.36690647482014,40.458015267175576,26.56716417910448,27.647058823529413,-2.5990792918739443,-67.60773186077287,-0.2515723270440269,-0.9088912076445652,1.0798946444249324,287.6305665356387,False,72.0,69.7279542566709,-0.3900166621624042,0.5050705768805286,-0.5633787738091887,-0.0701603365535956,0.4119359534206696,0.26785714285714285,0.23529411764705882,2002-03-25,22,-0.5198158583747888
691718,"Crow-Armstrong, Pete",L,2025,30.064492214986217,30.745236266223174,7.4935388646956005,6.418622078021047,42.80460211827131,44.989668248144234,-2.2331068742492497,-2.7961710618837627,33.95469266031872,33.07507240796619,977.0,399.0,460.0,187.0,347.7459153018339,269.90432353878174,21.73913043478261,28.87700534759358,42.30769230769231,41.37931034482759,25.895598771750254,28.82205513784461,-1.074916786674554,-77.84159176305218,7.137874912810972,-0.9283819628647194,2.9264563660943566,325.2476499854649,False,72.0,71.83537878787878,0.4558311992206092,0.34673202016324267,0.4902157339689806,0.3739775923754746,0.42045454545454547,0.26744186046511625,0.23802163833075735,2002-03-25,23,-0.21498335733491078
691718,"Crow-Armstrong, Pete",L,2026,32.39377064884998,32.92911231834385,6.710437053464418,7.149287144791802,41.172798082472255,44.22178909712904,1.560874576553275,0.09931090149537601,22.993600558228305,23.11603938878662,970.0,423.0,483.0,224.0,397.6382194616977,328.65282142857143,24.637681159420293,28.125,36.337760910815945,29.411764705882355,24.84536082474227,23.87706855791962,0.4388500913273834,-68.98539803312627,3.4873188405797073,-6.92599620493359,-0.9682922668226475,375.781459688826,False,72.0,74.21755319148936,-1.2927959099955333,1.9749335375764034,-0.3294824747776089,0.05200024000084668,0.34236615994712494,0.2455132806891601,0.25742574257425743,2002-03-25,24,0.08777001826547667
691720,"Karros, Kyle",R,2025,19.4623801351293,19.111056686739044,13.180905287018918,11.28192121438437,48.09973510794009,47.30715553701985,4.232922513468837,4.2406377424636545,43.41890905204498,42.851387207687786,72.0,213.0,34.0,122.0,219.6909117647059,266.13096637242535,23.52941176470588,27.049180327868854,28.767123287671232,21.991701244813278,29.166666666666668,23.943661971830984,-1.8989840726345477,46.440054607719446,3.519768563162973,-6.775422042857954,-5.223004694835684,256.0094160092045,False,,,,,,,,,,2002-07-26,23,-0.37979681452690955
691720,"Karros, Kyle",R,2026,22.971187326066126,22.970747233717177,8.684900481620602,7.556691376665744,52.7947062048817,52.199902029603315,-12.167199360997827,-13.07799131054427,37.11381501198931,37.36757381702693,300.0,509.0,153.0,303.0,352.3575424836601,328.3417161716172,19.607843137254903,20.792079207920793,26.646706586826348,23.655913978494624,23.0,22.593320235756384,-1.1282091049548582,-24.01582631204292,1.1842360706658894,-2.9907926083317236,-0.4066797642436164,336.39965789473683,False,77.0,69.36702997275205,1.1910373068216138,-3.305906937876039,-1.226268557684525,-0.16116224226413176,0.2467005076142132,0.22744128553770088,0.20394736842105263,2002-07-26,24,-0.22564182099097163
691723,"Mayo, Coby",R,2025,24.444961945786783,24.86185623433267,4.844134262929569,3.690871539374026,37.7862487438686,37.198093445573086,-4.774570961140197,-5.534623957208098,37.524369729930896,37.46324343249432,170.0,342.0,97.0,197.0,300.9290241933492,280.986414355203,25.773195876288657,29.949238578680205,26.923076923076923,28.64864864864865,26.47058823529412,29.53216374269006,-1.1532627235555433,-19.94260983814621,4.176042702391548,1.7255717255717258,3.06157550739594,287.56611896166623,False,77.0,74.04074844074844,1.9385491165664601,-0.09988451980832991,0.0352331930953384,0.31253720910112087,0.2807971014492754,0.28515625,0.2857142857142857,2001-12-10,24,-0.23065254471110866
691723,"Mayo, Coby",R,2026,25.12902424777585,25.544269498981038,7.363078158781483,8.041717769950695,41.95997811946883,43.17071265972895,-21.617158257847603,-21.09182814108997,28.124267714771225,28.299639594644542,301.0,532.0,159.0,278.0,438.32558490566043,277.750345323741,25.78616352201258,32.73381294964029,28.698224852071007,33.05921052631579,26.245847176079735,29.887218045112785,0.6786396111692126,-160.57523958191945,6.947649427627709,4.36098567424478,3.64137086903305,336.17474599542334,False,77.0,74.81971090670172,-0.16740504141627152,-0.17216625979217934,-1.1627240279908007,0.38363252726716673,0.3150105708245243,0.2857142857142857,0.30205949656750575,2001-12-10,25,0.1357279222338425
691740,"Susac, Daniel",R,2026,28.002929687485477,28.34430386762011,-1.640804591419242,-1.7579232941078078,43.51085751873554,42.12154459206131,3.4868649106804313,3.2930563405029325,32.482439673927615,32.418548082609156,102.0,218.0,50.0,111.0,369.45336,261.668972972973,16.0,25.225225225225223,39.44954128440367,41.904761904761905,26.47058823529412,21.55963302752294,-0.11711870268856583,-107.78438702702698,9.225225225225223,2.455220620358233,-4.910955207771181,295.1423850931677,False,77.0,67.92748344370861,2.0728172117927883,0.6654461436195138,0.08115124896151532,-0.3289414292424496,0.4106583072100313,0.23125,0.2236024844720497,2001-05-14,25,-0.023423740537713168
691777,"Muncy, Max",R,2025,25.204701973065987,25.573362202501354,13.765246121471332,13.933771668257249,55.51942789339235,53.523185856225226,-17.865580838489148,-19.16426365428158,33.9936464572744,33.77352552163722,87.0,325.0,44.0,176.0,258.7468701298701,272.2080904891392,31.818181818181817,30.681818181818183,26.744186046511626,32.68608414239482,31.03448275862069,29.53846153846154,0.1685255467859168,13.461220359269078,-1.1363636363636331,5.941898095883193,-1.4960212201591503,269.5158464172854,False,72.0,72.30409207161125,0.4306285775106915,-1.4322133296458779,0.1226605166499833,1.1290602268486702,0.3139240506329114,0.29854368932038833,0.3090909090909091,2002-08-25,23,0.03370510935718336
691777,"Muncy, Max",R,2026,24.4272495715321,24.405064227943818,12.34437295416003,13.900319655744486,59.6806907531656,62.80579156731718,-7.573814426441744,-8.411223676678397,30.845985311521996,30.71070095506915,209.0,346.0,105.0,180.0,309.0544761904762,273.4718,30.476190476190478,32.77777777777778,28.947368421052634,35.674157303370784,31.100478468899524,29.47976878612717,1.555946701584455,-35.58267619047621,2.3015873015873005,6.72678888231815,-1.620709682772354,286.5812070175438,False,72.0,73.33636363636364,0.5803521246234422,-0.29488488150900527,-0.5481401142274281,1.6342365203543963,0.3304794520547945,0.3009009009009009,0.3192982456140351,2002-08-25,24,0.311189340316891
691781,"House, Brady",R,2025,22.555688642270674,22.34135556209244,7.395712224558652,5.397397811073702,47.02552547273215,46.38747187212986,-5.193721228456119,-4.422377625093996,32.87534499997094,32.58158776037605,162.0,392.0,82.0,192.0,283.844715220532,282.8328778510521,31.70731707317073,27.083333333333332,34.10852713178294,38.066465256797585,33.33333333333333,26.785714285714285,-1.99831441348495,-1.011837369479906,-4.623983739837399,3.9579381250146426,-6.547619047619044,283.1356904944731,False,76.0,71.7553903345725,1.742254931466329,-0.6339604215102154,-0.6473108627006913,0.024232270910661127,0.3695652173913043,0.2870036101083033,0.2846715328467153,2003-06-04,22,-0.39966288269699
691781,"House, Brady",R,2026,25.168127411087934,24.836361160214484,-2.13702412811611,-1.9404303689377946,44.570272208599164,46.29273611208783,-5.306731516379942,-5.417917936225668,31.337524403239048,31.588445016460934,214.0,412.0,108.0,232.0,410.7706296296297,296.56146551724134,23.14814814814815,27.155172413793103,33.193277310924366,34.33874709976798,28.037383177570092,26.941747572815533,0.19659375917831534,-114.20916411238835,4.007024265644954,1.145469788843613,-1.095635604754559,332.8396705882353,False,76.0,72.67081967213115,1.340752837339785,-0.009511866285369689,-0.31514274078560395,-0.5281167505395402,0.3393124065769806,0.2731629392971246,0.25882352941176473,2003-06-04,23,0.039318751835663066
691783,"Lawlar, Jordan",R,2025,26.487584169394076,26.99507872355629,20.148286520939376,19.00794786887209,39.74561771260327,40.619760146515596,-13.449494625875381,-13.695990850863557,35.176678808913216,34.78689706936005,62.0,63.0,37.0,37.0,286.31458064275455,220.14278378378376,27.027027027027028,43.24324324324324,21.12676056338028,31.428571428571427,24.193548387096776,38.095238095238095,-1.1403386520672854,-66.1717968589708,16.216216216216214,10.301810865191147,13.901689708141319,253.22868221326914,False,,,,,,,,,,2002-07-17,23,-0.22806773041345707
691783,"Lawlar, Jordan",R,2026,25.029234083384072,25.638689666425925,12.85290672066029,13.481001425365074,39.86284208718558,39.49543574542385,-16.40195171219857,-17.351591005620282,27.49777258585277,27.431419070249575,99.0,126.0,57.0,71.0,364.1529122807018,271.91571830985924,26.31578947368421,32.3943661971831,21.951219512195124,28.965517241379313,20.2020202020202,26.984126984126984,0.6280947047047842,-92.23719397084255,6.0785767234988946,7.0142977291841895,6.7821067821067835,312.9900937500001,False,,,,,,,,,,2002-07-17,24,0.12561894094095685
691788,"Mack, Joe",L,2026,28.67707673388175,29.463239876306577,-5.202941853636912,-5.173713498978445,52.23611026985479,53.49457683204611,-25.55935017608635,-24.824253613165496,21.82130915320902,22.30372687524515,481.0,113.0,258.0,66.0,296.98359689922484,223.53369696969696,25.1937984496124,25.757575757575758,26.953125,28.455284552845526,23.284823284823286,23.008849557522122,0.029228354658467737,-73.44989992952787,0.5637773079633561,1.5021595528455265,-0.27597372730116376,282.02158024691363,False,72.0,73.272,-1.5433222338425903,1.115200111137856,-0.42212204583037405,-0.06413814434046246,0.27244094488188975,0.23232323232323232,0.25308641975308643,2002-12-27,24,0.005845670931693548
692225,"Campbell, Kristian",R,2025,28.428305782029717,27.635429279343228,-4.376708208200952,-3.95118144434855,46.40026813537962,48.740973942481986,12.560009898642944,13.259341585399776,32.226797476867304,32.06595388857191,138.0,312.0,74.0,189.0,291.04464226314224,294.223678950252,20.27027027027027,30.158730158730158,19.727891156462583,24.42159383033419,19.565217391304348,28.205128205128204,0.4255267638524023,3.1790366871097717,9.888459888459888,4.693702673871606,8.639910813823857,293.32919714475344,False,75.0,72.37605633802816,1.898832616433972,2.2934295983364392,1.0173897259301583,1.4032610197700435,0.23134328358208955,0.25555555555555554,0.2737642585551331,2002-06-28,23,0.08510535277048045
693304,"Gonzales, Nick",R,2024,31.172526510638868,31.075743134132015,30.073321485892127,30.705246502239465,41.63133014904386,40.46367940380351,-20.58393090867902,-21.71696022258116,24.328020000990026,24.18177637683535,197.0,573.0,98.0,290.0,333.89881167596593,314.14676610381827,23.46938775510204,17.586206896551722,45.06172839506173,31.85328185328185,26.903553299492383,21.640488656195462,0.6319250163473384,-19.752045572147665,-5.883180858550318,-13.208446541779878,-5.2630646432969215,319.13568483080405,False,68.0,70.24442916093534,-3.4864937319206644,-0.31475555519823256,0.24431343566851896,-0.07606330755366478,0.35,0.22987012987012986,0.19072164948453607,1999-05-27,25,0.1263850032694677
693304,"Gonzales, Nick",R,2025,31.663386636689882,31.94795279174969,20.146290786019932,20.877372251197883,37.958521317125474,39.93748607888055,-18.668837552819483,-18.93287529099469,24.976237340647554,25.27453554642959,198.0,607.0,100.0,309.0,341.49518535621854,273.3872828723496,18.0,17.79935275080906,27.044025157232703,32.58196721311475,22.22222222222222,23.064250411861615,0.7310814651779509,-68.10790248386894,-0.2006472491909399,5.5379420558820485,0.8420281896393931,290.0395817681611,False,68.0,69.73360215053764,-1.9392865071452927,-0.444683118266614,-0.589230099928738,-0.031371757973405696,0.312210200927357,0.22857142857142856,0.1784841075794621,1999-05-27,26,0.1462162930355902
693304,"Gonzales, Nick",R,2026,32.148348193614005,32.22566525613458,17.61053980433684,17.428149379482743,45.60674686014458,44.12155368493858,-21.22299328719102,-21.82098380346107,26.479283706808076,26.62328815141446,380.0,759.0,189.0,404.0,288.8108994708994,338.0394356435644,15.873015873015872,16.584158415841586,31.351351351351354,31.208499335989377,20.789473684210527,20.28985507246377,-0.1823904248540984,49.228536172664974,0.7111425428257139,-0.1428520153619779,-0.49961861174675803,322.34939629005055,False,68.0,70.07582314205081,-2.071115732926203,-1.1349150063647173,-1.1106131952032994,-0.026802700980191923,0.31255565449688333,0.20456540825285338,0.163575042158516,1999-05-27,27,-0.03647808497081968
693307,"Dingler, Dillon",R,2024,26.092235496143754,25.676239272402995,12.103049030733303,13.798279031076973,40.029840520621875,38.59330687640318,-6.508627788118128,-7.6407443781933235,35.71024739713942,35.667122975637895,60.0,121.0,25.0,62.0,233.96,304.3313862594436,32.0,35.483870967741936,44.18604651162791,34.21052631578947,16.666666666666664,27.27272727272727,1.6952300003436704,70.3713862594436,3.483870967741936,-9.975520195838435,10.606060606060606,284.10972354121265,False,,,,,,,,,,1998-09-17,26,0.3390460000687341
693307,"Dingler, Dillon",R,2025,25.88741373596654,25.53460222453851,9.05924076432089,11.12716507853716,36.762367052908765,37.78286760184158,-12.449193325856244,-11.994428261302211,38.642054966394795,38.532150663531226,211.0,659.0,121.0,349.0,398.74527615121616,331.4384999528274,22.31404958677686,23.78223495702006,22.46696035242291,32.60504201680672,17.061611374407583,24.88619119878604,2.0679243142162704,-67.30677619838877,1.468185370243198,10.138081664383812,7.824579824378457,348.76641467624233,False,73.0,70.93669833729216,1.2186057964422867,-2.033344956540868,0.7641409237024309,-0.3641657796186679,0.2980535279805353,0.22988505747126436,0.23404255319148937,1998-09-17,27,0.4135848628432541
693307,"Dingler, Dillon",R,2026,27.614009944198248,27.524150184977113,1.591738406394365,2.9421198609951666,42.85088611129632,43.71561868782074,-21.985718966194487,-22.84880989578672,37.50573579439026,37.3445072818329,368.0,734.0,185.0,409.0,290.6005405405405,362.9575256723716,28.10810810810811,20.78239608801956,36.25,32.521315468940315,21.73913043478261,19.754768392370572,1.3503814546008017,72.3569851318311,-7.325712020088549,-3.7286845310596846,-1.9843620424120374,340.422101010101,False,73.0,70.95074766355141,-0.09655794375301154,-1.9345171075841188,0.6148502204108736,-0.4484178706548327,0.33742833742833744,0.20417422867513613,0.23063973063973064,1998-09-17,28,0.27007629092016033
694192,"Chourio, Jackson",R,2024,24.62514669390039,25.021057045479136,8.689382813320673,9.543477011685145,31.71813987097429,35.537328771781496,-2.403225069364693,-2.9415393923633344,39.89716300481961,39.91299374624113,323.0,703.0,176.0,397.0,321.76713809185674,329.1035411690705,19.886363636363637,21.662468513853906,28.333333333333332,33.59683794466403,22.910216718266255,25.03556187766714,0.8540941983644714,7.336403077213788,1.776104877490269,5.263504611330699,2.125345159400883,326.8501259132422,False,73.0,72.26843243243243,2.4682376974042537,-0.2849034140084233,0.5709936259154046,-0.44374607033869934,0.3210576015108593,0.24366471734892786,0.2111692844677138,2004-03-11,20,0.1708188396728943
694192,"Chourio, Jackson",R,2025,24.817032120233144,24.71774932507494,5.596021560076844,6.001650136110424,37.61321807280605,41.11676360431353,1.5367071381951871,1.5164986009321666,39.897718928208505,40.368305462393465,256.0,865.0,149.0,441.0,343.5764140329635,295.04884666499026,22.14765100671141,19.954648526077097,33.33333333333333,37.62376237623762,23.046875,23.930635838150287,0.40562857603358005,-48.527567367973234,-2.1930024806343127,4.290429042904293,0.8837608381502875,307.3041136782581,False,73.0,72.98564727954971,3.097199351147955,0.26801284374750733,0.5826017966462576,0.19571102658398445,0.36585365853658536,0.23728813559322035,0.20508474576271185,2004-03-11,21,0.081125715206716
694192,"Chourio, Jackson",R,2026,25.63794744677816,25.901064742343593,6.77033438949864,6.4414800471858085,36.037832789841545,41.15479014522843,3.65022850676296,2.9560736063589896,40.440325902728574,40.669646916695456,288.0,725.0,164.0,393.0,349.0311951219512,338.05879898218825,21.341463414634145,24.681933842239186,31.594202898550726,35.30166880616174,22.569444444444446,24.137931034482758,-0.32885434231283117,-10.972396139762964,3.340470427605041,3.7074659076110166,1.5684865900383116,341.28945062836624,False,73.0,73.51880341880343,3.0270957575532007,0.3911550003726572,1.1281135135036573,0.3497757225708406,0.3416370106761566,0.23692003948667326,0.236983842010772,2004-03-11,22,-0.06577086846256623
694203,"Guzman, Denzer",R,2026,29.71276663685344,29.826348239215896,3.67023692955583,4.1905305994708195,44.513057577112136,46.44771068198254,-2.3542731177979666,-3.825432402837389,25.357027419386682,25.339286523939368,197.0,365.0,98.0,189.0,291.48983673469394,264.17134391534387,26.53061224489796,24.33862433862434,31.60377358490566,33.84615384615385,29.441624365482234,20.82191780821918,0.5202936699149894,-27.31849281935007,-2.1919879062736207,2.2423802612481865,-8.619706557263054,273.4996097560975,False,73.0,73.36366972477063,0.23952365014855387,0.9824714028758234,-1.5223397680924475,-0.2670000154213604,0.329608938547486,0.23843416370106763,0.2508710801393728,2004-02-08,22,0.10405873398299788
694208,"Ballesteros, Moisés",L,2026,31.141659010315234,32.65997994704068,1.582908491513439,1.0630731373857987,23.15005548952855,26.664711660907347,-24.11965938584613,-23.442677944797403,22.79370933893919,23.975083983855995,532.0,123.0,278.0,60.0,298.5268201438849,265.42673333333335,22.302158273381295,23.333333333333332,35.98673300165838,40.49586776859504,25.75187969924812,19.51219512195122,-0.5198353541276404,-33.100086810551545,1.0311750599520373,4.509134766936661,-6.239684577296902,292.65106508875743,False,68.0,71.44728171334431,-1.8687885166356628,0.7083484007031687,1.0066512853308873,-2.4664960628183947,0.3674033149171271,0.24580152671755726,0.22485207100591717,2003-11-08,23,-0.10396707082552807
694212,"Basallo, Samuel",L,2026,33.202618944751045,33.65225717541021,16.92187744139277,16.23897747024756,35.976838531485086,36.56160541325022,-23.870293488133363,-21.17512801208132,28.71750499088249,27.13547989521736,587.0,177.0,300.0,99.0,353.3760666666667,214.39668686868688,23.0,37.37373737373738,39.130434782608695,41.14285714285714,25.72402044293015,38.4180790960452,-0.6828999711452113,-138.97937979797982,14.373737373737377,2.0124223602484435,12.694058653115047,318.8924611528822,False,76.0,73.34357239512856,-2.6293407157562365,-0.9846331565994662,-0.7717277763354641,-0.6915123649404337,0.3956043956043956,0.28664921465968585,0.2656641604010025,2004-08-13,22,-0.13657999422904227
694362,"Dunn, Blake",R,2026,28.6470788204833,28.78811432895939,3.2437474824004524,2.382165967107888,42.88408260020194,44.414399126329975,-5.961094606892847,-7.418158400527088,26.003491820636924,26.12245979006508,81.0,171.0,42.0,113.0,261.25399999999996,279.8484601769911,26.190476190476193,19.469026548672566,37.34939759036144,24.043715846994534,25.925925925925924,17.543859649122805,-0.8615815152925643,18.594460176991163,-6.721449641803627,-13.305681743366907,-8.382066276803119,274.8099612903225,False,,,,,,,,,,1998-09-05,28,-0.17231630305851287
694371,"Troy, Tommy",R,2026,28.621321557728123,28.254898567327682,-0.17798413073951058,0.4302591216671847,26.67537149859876,27.79287793357957,-10.831206763885158,-11.399292628122478,25.151122611824395,24.710451740867274,61.0,188.0,31.0,113.0,320.8602580645162,296.3766371681416,22.58064516129032,23.893805309734514,34.78260869565217,24.553571428571427,21.311475409836063,26.063829787234045,0.6082432524066953,-24.48362089637459,1.3131601484441937,-10.229037267080745,4.752354377397982,301.6474166666667,False,,,,,,,,,,2002-01-17,24,0.12164865048133906
694374,"Tawa, Tim",R,2025,27.376114116872003,27.76018159010516,11.63990040111346,11.759779385760677,30.39888331809215,31.135717791591272,-7.636833296113475,-8.255319355595415,29.544215065657347,29.359776657291764,159.0,260.0,82.0,143.0,272.39521633586776,296.096052853964,29.268292682926827,27.972027972027973,28.57142857142857,28.57142857142857,28.30188679245283,31.538461538461537,0.11987898464721702,23.700836518096253,-1.2962647108988534,0.0,3.2365747460087064,287.45841465625784,False,71.0,72.45937500000001,-0.43062295826309377,0.1309223892880778,-0.5246614325706195,-1.8194707068213398,0.2857142857142857,0.3031026252983294,0.28444444444444444,1999-04-07,26,0.023975796929443405
694374,"Tawa, Tim",R,2026,29.801676515177796,30.147898606334735,11.244740208815916,10.94065691105907,32.55420276352814,32.86852978730723,-10.309474843365576,-11.22181149651969,25.984248337072057,25.34038250351989,171.0,460.0,89.0,241.0,296.08368539325846,315.35273029045646,26.96629213483146,23.651452282157674,30.952380952380953,31.762295081967213,26.900584795321635,25.65217391304348,-0.3040832977568453,19.269044897198,-3.314839852673785,0.8099141295862609,-1.2484108822781543,310.1559272727273,False,71.0,73.28973913043478,-1.5140859593282687,0.4524855353804584,-1.017072025027198,-1.7552831949631698,0.3151862464183381,0.25990491283676703,0.24545454545454545,1999-04-07,27,-0.06081665955136906
694376,"Whitcomb, Shay",R,2026,30.155814801229045,30.489029714739797,-4.326810132847778,-1.8525583863190171,54.8862830534706,55.76966225732369,-10.869228948829129,-11.809742399574109,26.647632134509568,26.326082311852808,63.0,145.0,39.0,74.0,217.87179487179492,280.8273513513514,30.76923076923077,27.027027027027028,32.8125,38.56209150326798,26.984126984126984,26.89655172413793,2.4742517465287612,62.95555647955649,-3.742203742203742,5.749591503267979,-0.08757525998905535,259.0993274336284,False,,,,,,,,,,1998-09-28,28,0.4948503493057522
694377,"Yorke, Nick",R,2026,30.549339377606305,30.538180946257988,11.652912406710755,9.275170634606663,47.56229573838235,47.431871249849436,-5.476378985716264,3.699714351439619,27.972016135507854,28.665195221737434,127.0,101.0,61.0,56.0,269.9308196721312,307.4322857142858,26.229508196721312,17.857142857142858,33.098591549295776,30.097087378640776,25.984251968503933,15.841584158415841,-2.377741772104091,37.50146604215462,-8.372365339578455,-3.001504170655,-10.142667810088092,287.8802393162394,False,,,,,,,,,,2002-04-02,24,-0.4755483544208182
694378,"Gonzalez, Jacob",L,2026,28.016422226010743,28.552682048121238,8.807327718091274,5.538558908311345,34.03182292835905,33.6165614062768,-10.130008570945972,-9.784355235722328,28.239171544862014,27.16041988254247,415.0,63.0,188.0,33.0,302.13265957446805,297.307393939394,19.148936170212767,18.181818181818183,39.166666666666664,28.78787878787879,19.03614457831325,12.698412698412698,-3.268768809779929,-4.825265635074061,-0.967117988394584,-10.378787878787875,-6.337731879900554,301.4121447963801,False,74.0,70.1239651416122,0.11498479032403154,0.40361634933190343,0.514572816275143,-0.2929010954961834,0.3755868544600939,0.18200836820083682,0.19004524886877827,2002-05-30,24,-0.6537537619559858
694384,"Schanuel, Nolan",L,2024,30.449228860413637,31.106260756678644,10.81029571659115,18.64944652111758,36.92056747742995,37.62190302206404,1.9650539493073294,1.7725726352663624,38.600825182362264,42.05540075636129,760.0,218.0,466.0,141.0,331.93493426010406,286.03120780675096,16.09442060085837,19.858156028368796,21.80616740088106,19.272727272727273,13.421052631578947,12.385321100917432,7.839150804526428,-45.9037264533531,3.763735427510426,-2.533440128153785,-1.035731530661515,321.2719599109726,False,74.0,64.37892857142857,1.5454992718767022,-0.3521588605999384,-2.5693635892283835,-0.9188883787814695,0.2121724429416737,0.13190184049079753,0.1696869851729819,2002-02-14,22,1.5678301609052856
694384,"Schanuel, Nolan",L,2025,29.89035530901162,30.47921459305872,4.507950835427282,7.458757812786052,35.72133238786745,37.41672555173576,0.04223225251832117,-1.1579307673277843,33.78047121131809,36.160211742270945,757.0,210.0,440.0,125.0,331.76026531429505,318.16661731103676,12.727272727272727,11.200000000000001,25.36231884057971,19.158878504672895,14.266842800528401,12.857142857142856,2.95080697735877,-13.593648003258295,-1.5272727272727256,-6.203440335906816,-1.4096999433855455,328.7528210657866,False,74.0,66.60570125427594,0.7467858212341801,0.13890074849554215,-2.099630081943968,-1.509590461720744,0.24088291746641075,0.13960703205791106,0.12389380530973451,2002-02-14,23,0.590161395471754
694384,"Schanuel, Nolan",L,2026,28.58413363123322,30.636983092590988,1.5218879787286268,2.5396884744267654,37.69906463675204,39.54536366410869,-3.7670350694630965,-5.457119505500634,29.756786564967953,30.483020084256843,568.0,177.0,327.0,119.0,352.5026911314985,283.9741512605042,11.926605504587156,15.966386554621847,29.003021148036257,20.526315789473685,15.140845070422534,10.734463276836157,1.0178004956981386,-68.52853987099434,4.039781050034691,-8.476705358562572,-4.406381793586377,334.21817040358746,False,74.0,67.30029069767441,-0.4369421477822401,0.6107728739479957,-1.1959861471352582,-1.6661512476742804,0.2711267605633803,0.14093959731543623,0.13004484304932734,2002-02-14,24,0.20356009913962772
694388,"Loperfido, Joey",L,2024,25.98419089964893,25.739584994348988,-12.79323131591284,-12.35326876123088,26.776153909172464,29.846155344765677,-1.1764068654004525,-2.3714788994800107,32.84236349394196,32.26237854905574,425.0,99.0,212.0,50.0,263.01637337759274,226.2188142857143,36.79245283018868,34.0,33.021077283372364,30.681818181818183,32.23529411764706,33.33333333333333,0.4399625546819603,-36.79755909187844,-2.7924528301886795,-2.3392591015541804,1.0980392156862706,255.99393843639456,False,75.0,72.01858585858585,1.149289091357695,-0.23347733047095473,1.4795855784945497,-2.0519953958990063,0.3262135922330097,0.3244274809160305,0.36259541984732824,1999-05-11,25,0.08799251093639207
694497,"Carter, Evan",L,2026,26.911060951011464,25.914012636971517,6.702173434307597,6.976123812882363,33.7689968039444,33.5240865006245,-11.490668400124115,-11.496676910195552,27.741507388871508,28.686077412752233,610.0,116.0,366.0,76.0,300.1728306010929,170.06289473684208,23.224043715846996,35.526315789473685,20.323014804845222,24.46043165467626,25.245901639344265,31.03448275862069,0.27395037857476545,-130.10993586425084,12.302272073626689,4.1374168498310375,5.788581119276426,277.8009864253394,False,74.0,70.63130990415335,-0.41339681193312655,0.43834435025794505,0.3042881536634352,-0.3058600538015232,0.20975056689342403,0.26170798898071623,0.25339366515837103,2002-08-29,24,0.05479007571495309
694671,"Langford, Wyatt",R,2024,28.30172575248818,28.718819984966377,-2.0252103814521645,-2.2667946249676434,28.79835873698828,29.182617305139054,4.626816860794384,3.0401276713855503,28.317789911295694,28.07377584064938,187.0,779.0,114.0,445.0,372.1895050016737,318.565770840372,22.807017543859647,20.0,19.665271966527197,24.281150159744406,19.786096256684495,20.539152759948653,-0.2415842435154789,-53.623734161301684,-2.807017543859647,4.61587819321721,0.7530565032641583,329.5015592024264,False,72.0,73.50315315315315,1.3885752998970395,2.2877105951374257,0.9383378204301988,0.22056002654483592,0.233446519524618,0.2039337474120083,0.20572450805008943,2001-11-15,23,-0.048316848703095785
694671,"Langford, Wyatt",R,2025,28.83211988406796,28.854648283559488,2.3180108568076294,3.2222036058320915,31.522115468600546,32.54096808371762,-0.7332404988085865,-1.5547175914374116,29.642184988181608,29.604292183922528,289.0,715.0,165.0,409.0,372.16276998171037,335.14165362905527,24.848484848484848,26.894865525672373,21.522309711286088,24.546553808948005,26.297577854671278,23.356643356643357,0.9041927490244621,-37.0211163526551,2.046380677187525,3.024244097661917,-2.9409344980279215,345.783612162484,False,72.0,72.33006198347107,1.1334696516667746,1.401639308974696,0.2658644279094176,0.3978757468131433,0.2359271523178808,0.24203187250996017,0.26306620209059234,2001-11-15,24,0.18083854980489242
694671,"Langford, Wyatt",R,2026,26.543767801894905,26.521704113911802,9.535683564686488,8.091461952476537,30.861118214530602,30.298848779896986,-1.131019587368527,-1.44014425347027,28.588404679998295,28.55859670257281,302.0,539.0,152.0,299.0,309.93750000000006,331.8994515050167,25.657894736842106,20.735785953177256,26.82215743440233,25.757575757575758,22.8476821192053,21.89239332096475,-1.444221612209951,21.961951505016657,-4.92210878366485,-1.064581676826574,-0.9552887982405487,324.4976407982262,False,72.0,71.84443069306931,0.40357349439790813,1.469384640772395,1.1694840869776373,0.4541121452743074,0.26147278548559233,0.22235434007134364,0.22394678492239467,2001-11-15,25,-0.2888443224419902
694728,"Matthews, Brice",R,2026,26.799980526614636,27.524954275626623,-1.3928616902964943,-1.9322505142159652,41.317980276104734,44.58705938160287,-0.9487637040951116,-1.1174842893226153,29.916529629853503,28.53604664773969,171.0,265.0,86.0,148.0,259.73516279069764,257.2275135135135,32.55813953488372,31.08108108108108,20.670391061452513,27.81456953642384,35.08771929824561,33.9622641509434,-0.5393888239194709,-2.507649277184157,-1.4770584538026412,7.144178474971326,-1.1254551473022119,258.1491282051282,False,70.0,72.28316831683169,0.5851356682951364,1.3882658676878652,-0.5021792235646424,-0.3692816505809134,0.2515592515592516,0.3440366972477064,0.3162393162393162,2002-03-16,24,-0.10787776478389417
695336,"Saggese, Thomas",R,2025,22.667362929524195,22.23892423917479,5.87219954623231,6.817420832613584,51.847884266922385,54.36870649812147,-4.231569884500671,-4.844095104949212,23.719066516539616,24.379977281329275,146.0,446.0,68.0,227.0,273.16998914177645,281.41791222709634,29.411764705882355,27.75330396475771,35.53719008264463,34.0,22.602739726027394,23.094170403587444,0.9452212863812735,8.247923085319883,-1.658460741124646,-1.5371900826446279,0.4914306775600501,279.51669605827686,False,70.0,69.0145421903052,0.5114735291258475,1.0615026301432977,-1.449201631578127,0.4213201775437182,0.3432574430823117,0.22972972972972974,0.28135593220338984,2002-04-10,23,0.18904425727625468
695336,"Saggese, Thomas",R,2026,21.580367045865792,21.612191469912762,2.0501581801633195,3.875311504879587,51.024864452857486,50.026654036346685,-0.774693445981536,-2.205013849433413,23.266871456563354,23.05324353599021,95.0,241.0,50.0,115.0,349.24896000000007,304.228452173913,34.0,22.608695652173914,32.773109243697476,37.05357142857143,32.631578947368425,20.74688796680498,1.8251533247162675,-45.020507826087055,-11.391304347826086,4.280462184873954,-11.884690980563445,317.8710303030303,False,70.0,71.51104294478527,0.6584129466255951,1.3724623415395787,-0.70146620616954,0.11956812620741197,0.3556851311953353,0.24107142857142858,0.2606060606060606,2002-04-10,24,0.3650306649432535
695491,"Báez, Joshua",R,2026,26.077410179877795,25.875876630306504,7.5306803865654794,6.004629549418701,29.338798859936325,29.093311013283685,0.9772551984296356,0.6421545459916874,31.696976397172488,31.936188917057603,82.0,128.0,43.0,65.0,341.89627906976744,276.80246153846156,34.883720930232556,27.692307692307693,44.70588235294118,35.51401869158878,31.70731707317073,32.03125,-1.5260508371467782,-65.09381753130589,-7.191413237924863,-9.1918636613524,0.32393292682926855,302.71944444444443,False,,,,,,,,,,2003-06-28,23,-0.30521016742935564
695506,"Caglianone, Jac",L,2025,21.644263117106057,22.754215869238855,3.057707341913297,2.929868311637,46.9932612225019,51.16560059256042,-11.042544054460986,-11.202866847524733,42.581145561145924,43.588208615428336,330.0,110.0,165.0,67.0,317.8816941386996,330.2536917927525,22.424242424242426,22.388059701492537,39.335180055401665,38.88888888888889,23.636363636363637,29.09090909090909,-0.12783903027629684,12.371997654052905,-0.03618272274988854,-0.446291166512772,5.454545454545453,321.4546417370683,False,76.0,76.44917257683215,1.6721982204554955,-2.3537166949376536,1.453336547932526,-0.12633785651813112,0.3921971252566735,0.25,0.22413793103448276,2003-02-09,22,-0.02556780605525937
695506,"Caglianone, Jac",L,2026,22.347778082394225,22.74303163815189,0.4929337398302633,0.054724983318163826,42.43254804791045,43.904765604400815,-10.410879312754957,-11.197007436120924,40.08981056952992,39.757543044172586,717.0,322.0,373.0,163.0,388.3339195710455,289.48203680981595,24.664879356568363,29.447852760736197,36.51006711409396,45.77922077922078,26.638772663877262,29.19254658385093,-0.43820875651209945,-98.85188276122955,4.782973404167834,9.269153665126822,2.5537739199736684,358.27261940298496,False,76.0,76.05167984189724,2.338036944222207,-1.832270920862285,1.4145048773986604,-1.0033785428462445,0.3922127255460589,0.2743022136669875,0.26119402985074625,2003-02-09,23,-0.08764175130241988
695578,"Wood, James",L,2024,27.841396663552626,28.42667218730685,-2.4583170933511993,-1.6185907719270525,49.26198897788423,51.706098040396135,-20.185108464385458,-20.300096007052503,30.41533328594614,30.267840866836256,337.0,200.0,212.0,125.0,356.24036127067103,345.93490920948375,33.490566037735846,20.8,18.711018711018713,26.76056338028169,28.783382789317507,25.0,0.8397263214241468,-10.305452061187282,-12.690566037735845,8.049544669262975,-3.783382789317507,352.41786421533453,False,78.0,72.620156555773,-0.5827524386832202,0.15682270684888502,2.433221716771617,1.1352442300651868,0.21181556195965417,0.2737430167597765,0.2878338278931751,2002-09-17,22,0.16794526428482937
695578,"Wood, James",L,2025,30.85194567471736,31.185889195519668,-21.032167666603524,-19.747108561174244,39.60433065036162,42.409977478375225,-20.50991631548694,-21.391927295899663,27.881940012731775,28.22292568575253,751.0,410.0,463.0,228.0,367.4811879211904,340.1084330049123,32.39740820734342,31.140350877192986,22.165474974463738,29.128440366972473,30.892143808255657,31.463414634146343,1.28505910542928,-27.372754916278097,-1.257057330150431,6.962965392508735,0.5712708258906858,358.4493671962824,False,78.0,75.03639672429482,-0.22273952946566417,1.1613406392181835,1.7877698241359858,0.4237641412077277,0.2431095406360424,0.31093884582256676,0.31982633863965265,2002-09-17,23,0.25701182108585596
695578,"Wood, James",L,2026,30.62218621891167,31.067036106884274,-10.061781605320506,-8.92148577847137,42.102105119233705,44.62634660344562,-21.339217898384582,-22.15601861413466,30.33405991861113,30.53119317861743,597.0,360.0,400.0,208.0,435.14599,349.01950000000005,26.75,32.21153846153847,18.756698821007504,27.522935779816514,25.963149078726964,32.22222222222222,1.1402958268491368,-86.12648999999993,5.461538461538467,8.76623695880901,6.259073143495257,405.68166447368424,False,78.0,75.87853170189099,-0.6415061194842204,0.4486534239498554,1.2868140400378207,0.580657982881655,0.21548575602629658,0.2831765935214211,0.28618421052631576,2002-09-17,24,0.22805916536982734
695600,"Jensen, Carter",L,2026,25.81893227974495,26.86201864187044,5.124020740845447,8.117460422931135,37.19561660083785,38.45226207763643,-10.895833027953229,-15.994909384193656,33.07145664150246,32.99442937725899,801.0,269.0,420.0,166.0,319.16006666666664,283.1793253012048,27.142857142857142,31.32530120481928,25.52742616033755,20.123839009287924,26.217228464419474,27.509293680297397,2.993439682085688,-35.980741365461824,4.182444061962137,-5.403587151049628,1.2920652158779227,308.96756996587027,False,72.0,73.28103277060576,-0.48391811917836863,0.24232077264805085,1.589604938733574,-0.9901380692070306,0.24154209284028325,0.26542056074766357,0.2832764505119454,2003-07-03,23,0.5986879364171376
695657,"Montgomery, Colson",L,2025,32.13402122181315,32.52093277982274,0.5825089315691977,1.6530082357379925,63.87647459508954,65.04212353673873,-11.740989808111493,-12.66165844492651,25.315311212944486,25.566249483967315,393.0,156.0,201.0,83.0,359.7676007941547,300.71728472953885,32.83582089552239,20.481927710843372,29.230769230769234,35.507246376811594,31.043256997455472,28.846153846153843,1.070499304168795,-59.050316064615856,-12.353893184679016,6.27647714604236,-2.1971031513016293,342.5099380006226,False,75.0,76.31033834586466,-0.6645355993903047,0.5970117192058324,-0.9668124843004379,1.9634221912685264,0.3087121212121212,0.30418943533697634,0.29225352112676056,2002-02-27,23,0.21409986083375898
695657,"Montgomery, Colson",L,2026,28.85040842194169,28.701291434426178,-6.287751417994071,-5.247544629837995,64.2344875935493,65.90559202630848,-11.0429935298807,-11.920572589845305,25.899377649695857,26.22114479204274,867.0,361.0,432.0,190.0,290.0208703703704,321.8561684210527,37.5,30.0,32.7922077922078,31.412103746397698,35.294117647058826,31.301939058171747,1.040206788156076,31.835298050682297,-7.5,-1.3801040458101,-3.9921785888870787,299.7454790996785,False,75.0,75.92538330494037,0.032809329072614066,0.5242941818674867,-0.9647344569017159,1.5791729821793576,0.3241542092840283,0.34120521172638435,0.3520900321543408,2002-02-27,24,0.20804135763121517
695670,"Ford, Harry",R,2026,27.89791887884786,27.856987021401864,14.85284796995394,15.946108273115833,45.369698350663704,45.61570340250961,-13.997530219248544,-16.0291101417615,31.510896582223946,31.463436078476196,102.0,110.0,53.0,59.0,291.95184905660375,279.37938983050844,28.30188679245283,20.33898305084746,18.96551724137931,18.181818181818183,25.49019607843137,24.545454545454547,1.0932603031618928,-12.572459226095305,-7.96290374160537,-0.7836990595611262,-0.9447415329768241,285.3288571428571,False,,,,,,,,,,2003-02-21,23,0.21865206063237858
695681,"Moore, Christian",R,2025,28.496984982279365,28.557495148501864,3.432673371939579,3.599200273429597,42.94512737454418,41.701026792450605,-6.9572534546637055,-6.472056085338505,40.21155794256445,40.01840598989348,89.0,280.0,42.0,142.0,289.24189021871376,279.8479293333311,33.33333333333333,33.80281690140845,31.25,21.21212121212121,34.831460674157306,35.0,0.16652690149001792,-9.393960885382683,0.4694835680751197,-10.037878787878789,0.16853932584269415,281.99220301369013,False,72.0,72.08289855072464,1.2922181370265382,-1.1890103886737664,-0.531610985644492,-0.41171049269580523,0.23342175066312998,0.34959349593495936,0.33695652173913043,2002-10-21,23,0.03330538029800358
695681,"Moore, Christian",R,2026,29.096790510038712,28.78902424785171,-2.8944011964109873,-3.097867438584791,49.564343923562696,48.72884336327562,-7.257317435948629,-7.369101545250144,35.29823183952983,35.25903729570352,95.0,164.0,46.0,81.0,267.11356521739134,202.95945679012343,28.26086956521739,35.80246913580247,26.666666666666668,32.33532934131736,31.57894736842105,29.878048780487802,-0.20346624217380382,-64.15410842726791,7.541599570585078,5.668662674650694,-1.7008985879332492,226.19637795275588,False,,,,,,,,,,2002-10-21,24,-0.04069324843476076
695720,"White, Tommy",R,2026,22.9259983169207,22.77462928926926,-1.3685900492350558,-0.43122733679616243,43.59669877268797,45.01039337081884,-5.587456618249688,-5.529706039811306,42.530562913364996,42.765413282416695,139.0,220.0,65.0,120.0,278.0017230769231,299.7389,18.461538461538463,14.166666666666666,44.827586206896555,40.0,18.705035971223023,20.454545454545457,0.9373627124388934,21.737176923076902,-4.294871794871797,-4.827586206896555,1.7495094833224343,292.1015135135135,False,72.0,68.33994169096209,1.3736875564280122,-2.7663661904313965,-1.4129667471686123,-2.10559704818957,0.41595441595441596,0.1977715877437326,0.15675675675675677,2003-03-02,23,0.18747254248777867
695734,"Lile, Daylen",L,2025,28.952017891098734,28.963643753346314,15.110120045451108,14.42001843242764,43.67472060373664,44.74135097904639,-13.325767012993865,-14.359985287695887,24.447378812862805,24.4390522388718,526.0,154.0,274.0,77.0,362.7054152568472,297.5908260152546,14.233576642335766,22.07792207792208,25.8,31.40495867768595,14.638783269961978,22.727272727272727,-0.6901016130234687,-65.11458924159257,7.8443454355863125,5.60495867768595,8.088489457310748,348.4210181867542,False,71.0,68.34373088685015,-0.8444768129720224,0.17174042113657184,-0.8904691297058207,0.5028938856971017,0.2689210950080515,0.16470588235294117,0.15954415954415954,2002-11-30,23,-0.13802032260469374
695734,"Lile, Daylen",L,2026,30.119629779142674,30.351915313341454,4.164397914164994,5.720001660410847,44.860221095432024,46.359236616168765,-12.733041158867959,-14.462018208930258,24.77865617309563,24.833020770358115,935.0,366.0,469.0,176.0,350.0427377398721,257.24136363636364,18.123667377398718,23.295454545454543,37.06896551724138,40.94955489614243,19.893048128342247,25.40983606557377,1.5556037462458532,-92.80137410350846,5.171787168055825,3.8805893789010497,5.516787937231523,324.72019224806206,False,71.0,70.6989524576954,-0.5979542062640673,0.7580816423131019,-1.0003217656851051,0.484360603993791,0.38102766798418974,0.21445042275172943,0.19534883720930232,2002-11-30,24,0.31112074924917066
696030,"Osuna, Alejandro",L,2026,30.01421161074032,29.622142289626165,-12.81065816343261,-8.819950162171677,45.46611773958955,45.591251909001926,-25.058379098535443,-25.135464753276814,21.778715905894554,21.491779353701478,309.0,76.0,178.0,49.0,302.40114606741577,307.0631836734693,14.606741573033707,14.285714285714285,30.930930930930934,32.3943661971831,13.268608414239482,17.105263157894736,3.9907080012609324,4.662037606053559,-0.3210272873194224,1.4634352662521692,3.836654743655254,303.40748898678413,False,69.0,70.66191780821917,-1.6084121645436111,1.2337435496145381,-0.4004359048197372,0.5237383935345072,0.3118811881188119,0.14025974025974025,0.14537444933920704,2002-10-10,24,0.7981416002521865
696100,"Goodman, Hunter",R,2024,27.360726233494667,27.324879781904485,-2.5909692193327722,1.0099601551185176,58.71817386126375,60.04585279416065,-17.6715355000189,-18.813900370616334,22.320831295787794,22.255794948900938,199.0,281.0,92.0,132.0,294.7648804122786,269.0237631106713,31.521739130434785,26.515151515151516,43.386243386243386,37.24696356275304,32.663316582914575,27.046263345195733,3.60092937445129,-25.74111730160729,-5.006587615283269,-6.139279823490348,-5.617053237718842,279.59600771668863,False,71.0,74.07505720823798,-1.673829774126772,1.6198284468005428,2.2538705715517073,1.2556966287945863,0.39908256880733944,0.29375,0.2857142857142857,1999-10-08,25,0.720185874890258
696100,"Goodman, Hunter",R,2025,28.598269235520775,28.700645524116425,-11.709478746204212,-9.497385343500596,54.811317819907686,57.16226209314679,-18.044074726080122,-20.159233007368186,19.314030473349312,19.577186874694956,292.0,889.0,140.0,439.0,352.94729702339407,309.389704641121,24.285714285714285,26.879271070615037,31.353135313531354,38.600723763570564,29.794520547945208,30.033745781777277,2.2120934027036157,-43.55759238227307,2.593556784900752,7.24758845003921,0.2392252338320695,319.9217649753494,False,71.0,73.67183856502243,-1.581708781355812,2.218733144584906,1.9810750133742634,1.004746015627208,0.3666077738515901,0.29974597798475866,0.26252158894645944,1999-10-08,26,0.44241868054072314
696100,"Goodman, Hunter",R,2026,28.578783607568365,28.23901771334049,-1.627747587077498,-0.9370100354551292,57.273417737762074,58.31096618454006,-19.556096789646755,-20.211915106883467,18.8800694048398,19.053023424395487,380.0,741.0,182.0,371.0,307.9585274725275,327.42145552560646,35.714285714285715,29.110512129380055,40.13921113689095,40.0,33.68421052631579,31.44399460188934,0.6907375516223688,19.46292805307894,-6.60377358490566,-0.13921113689094966,-2.2402159244264475,321.0159349005425,False,71.0,74.1981852913085,-1.3746225865367645,2.156403902458218,2.420289967781411,1.3019748263759017,0.4005037783375315,0.3220338983050847,0.3128390596745027,1999-10-08,27,0.13814751032447375
696285,"Young, Jacob",R,2024,33.92111546954439,33.56181156161486,15.659220685149151,13.480785592020615,33.98870093494538,33.8127681154538,-4.5289120450581,-3.553405166020641,29.455994512664507,29.219111142206103,263.0,575.0,160.0,362.0,319.48063439018426,272.8215307954531,16.875,20.718232044198896,25.795053003533567,27.170418006430868,12.927756653992395,18.782608695652172,-2.1784350931285363,-46.659103594731164,3.8432320441988956,1.3753650028973006,5.854852041659777,287.1231717440297,False,71.0,67.36131578947368,-0.02412119326119314,0.523474403120171,0.1510986995750277,-0.7883439126009687,0.2674033149171271,0.16945107398568018,0.19540229885057472,1999-07-27,25,-0.43568701862570725
696285,"Young, Jacob",R,2025,29.74605394464956,29.82067409811651,17.465306440764387,18.17756219250823,33.800141273149066,34.35758144691179,-8.443130964683318,-9.558448578716867,32.860525233014,32.75185978710413,165.0,412.0,103.0,261.0,314.66435937740795,289.5086826434066,18.446601941747574,17.24137931034483,18.181818181818183,25.179856115107913,16.363636363636363,14.320388349514563,0.712255751743843,-25.15567673400136,-1.2052226314027443,6.99803793328973,-2.043248014121801,296.62690985110476,False,71.0,67.57627118644068,0.3673571201099126,-0.5516950096438369,1.2611611682434183,-0.6052770254295969,0.23013245033112584,0.14904679376083188,0.17582417582417584,1999-07-27,26,0.1424511503487686
696285,"Young, Jacob",R,2026,30.48952403672403,30.259797785082803,14.72207463345024,14.569390493803281,42.00116852347303,42.93085516972167,-7.769929937099244,-8.539015032761332,31.339427912249533,31.727306020469868,265.0,465.0,161.0,299.0,327.4239751552795,305.69068896321073,16.149068322981368,16.722408026755854,28.434504792332266,26.865671641791046,20.37735849056604,19.35483870967742,-0.1526841396469596,-21.73328619206876,0.5733397037744865,-1.56883315054122,-1.0225197808886186,313.2973391304348,False,71.0,68.81461649782923,0.6179809093977228,-0.09488537401916756,0.6357821648387553,0.6053100478425232,0.2744405182567727,0.19726027397260273,0.16521739130434782,1999-07-27,27,-0.03053682792939192
699013,"Valdez, Esmerlyn",R,2026,30.08305374993529,30.22442099673491,0.396883418545588,-0.7045280961353404,53.48696921522254,52.63886169849591,-15.357537003389643,-15.870628884292163,30.665932807877173,30.66198561898929,198.0,325.0,111.0,176.0,369.77185585585585,308.6827727272727,34.234234234234236,39.77272727272727,20.54794520547945,21.336760925449873,36.868686868686865,35.69230769230769,-1.1014115146809285,-61.08908312858313,5.538493038493037,0.7888157199704224,-1.1763791763791716,332.30956097560977,False,74.0,73.75202429149797,0.3408027175806763,-0.3534614607249806,0.47830825952049594,1.2697063514912506,0.20998531571218795,0.361376673040153,0.37630662020905925,2004-01-27,22,-0.2202823029361857
699302,"Rodríguez, Héctor",L,2026,30.111369299809667,31.051141090036378,3.224422029864435,5.523735967744079,56.47392229986498,60.48174981561405,-27.187522903091445,-27.48305261223428,22.1175881294376,21.431666617955692,196.0,81.0,96.0,40.0,271.9519166666667,179.2,23.958333333333336,35.0,43.14720812182741,38.15789473684211,26.02040816326531,30.864197530864196,2.299313937879644,-92.75191666666672,11.041666666666664,-4.9893133849853015,4.8437893675988875,244.67194117647063,False,,,,,,,,,,2004-03-11,22,0.4598627875759288
699912,"Fernandez, Jose",R,2026,27.792792254899293,27.79518595986066,3.9401189626595188,2.867845710476636,32.35851691895582,34.38046935366023,-3.274792913651409,-4.003805936217943,33.611729149456856,33.0516301133329,144.0,244.0,69.0,150.0,305.78585507246373,260.48922666666664,24.637681159420293,22.0,40.44943820224719,34.074074074074076,25.694444444444443,22.131147540983605,-1.0722732521828826,-45.296628405797094,-2.6376811594202927,-6.375364128173111,-3.563296903460838,274.7607671232876,False,75.0,72.82436974789915,2.1204246861047533,0.3047314027456215,-0.07016057678892344,-0.10147481154267995,0.36607142857142855,0.2345360824742268,0.228310502283105,2003-09-22,23,-0.21445465043657652
700242,"Sweeney, Trey",L,2025,27.607828709256065,27.584987853193738,9.320417226884997,15.610944663068597,35.611234891717146,35.57571369504589,-19.811462909399275,-21.74710462665519,23.642840105833873,23.904228265154195,516.0,86.0,277.0,50.0,242.72842184635914,242.13026056680164,28.158844765342963,30.0,28.008298755186722,33.80281690140845,25.968992248062015,25.581395348837212,6.2905274361836,-0.5981612795575018,1.8411552346570375,5.794518146221726,-0.38759689922480334,242.63695987700783,False,74.0,72.82344827586206,-1.874313401217227,0.28949596245775516,0.4740497296431385,-1.480237907007858,0.2875226039783002,0.2591362126245847,0.28440366972477066,2000-04-24,25,1.25810548723672
700246,"Williams, Carson",R,2025,27.35567195955694,27.359268602292435,17.065489502185798,16.476308684984577,49.04407615424123,48.237605083232374,-15.083248143031437,-16.782316600359902,30.194408214848124,29.79889153216935,79.0,127.0,38.0,69.0,314.5872472247617,184.54324319794245,39.473684210526315,42.028985507246375,31.428571428571427,28.346456692913385,39.24050632911392,34.645669291338585,-0.5891808172012212,-130.04400402681927,2.55530129672006,-3.082114735658042,-4.594837037775335,230.72709509531754,False,,,,,,,,,,2003-06-25,22,-0.11783616344024424
700250,"Rice, Ben",L,2024,30.01310219309161,30.932076977875212,-6.3205106839708005,-7.512869463474135,40.66315538685498,45.93353537981694,-7.580795339272877,-8.458966528988704,31.94399733019845,31.739961376524345,251.0,82.0,133.0,45.0,344.41351331427467,317.4060457755359,27.819548872180448,24.444444444444443,22.064056939501782,18.27956989247312,21.91235059760956,25.609756097560975,-1.1923587795033344,-27.00746753873875,-3.375104427736005,-3.7844870470286622,3.697405499951415,337.58578275672835,False,74.0,70.60683229813665,1.3254867350438728,-1.5165801042442988,-0.995589029912549,-0.6599743382266112,0.21122994652406418,0.22822822822822822,0.2696629213483146,1999-02-22,25,-0.23847175590066688
700250,"Rice, Ben",L,2025,30.43918053568265,32.24195817686402,11.399693562311672,12.821689996228868,45.21134953068512,50.77601015633638,-28.356076084437763,-30.941399656751482,33.69215787997499,32.90030218677278,676.0,211.0,411.0,120.0,411.3732712709853,321.3321669990387,16.30170316301703,27.500000000000004,20.1765447667087,25.738396624472575,17.45562130177515,26.540284360189574,1.4219964339171955,-90.04110427194661,11.198296836982973,5.561851857763873,9.084663058414424,391.024999119133,False,74.0,72.58281990521327,-0.6517109018239149,-2.5862194701240226,-0.8279273339108576,0.16703942415140058,0.2145631067961165,0.19616685456595265,0.18832391713747645,1999-02-22,26,0.2843992867834391
700250,"Rice, Ben",L,2026,32.43289905659582,32.78953757538069,9.619328030532392,11.595848025493995,47.638615945913635,50.773426922557974,-28.663100124762092,-31.579036924696577,35.1690423565856,35.03747657925094,757.0,375.0,435.0,216.0,387.07435402298853,345.50914814814814,22.758620689655174,26.851851851851855,22.863247863247864,28.400954653937948,22.457067371202115,26.13333333333333,1.9765199949616026,-41.56520587484039,4.09323116219668,5.537706790690084,3.6762659621312146,373.283133640553,False,74.0,71.77752293577981,-0.4620077887535538,-2.5682783349586944,-1.047025778093952,0.11312918790067913,0.24575645756457565,0.23674911660777384,0.2411674347158218,1999-02-22,27,0.3953039989923205
700932,"Manzardo, Kyle",L,2025,22.77549116960909,22.439490376129083,4.2790844704556665,4.0553606886284115,19.720141060951146,19.521072471276227,-2.694776717284396,-2.288608424271174,36.14840911280394,36.192979766280466,811.0,165.0,436.0,96.0,324.3703535111289,311.42225595787687,25.229357798165136,26.041666666666668,27.03045685279188,30.718954248366014,23.42786683107275,29.09090909090909,-0.22372378182725505,-12.948097553252012,0.8123088685015318,3.688497395574135,5.663042259836342,322.033854704527,False,71.0,69.86873638344227,2.1775468934805517,-0.2568361195965133,2.217499073178704,-1.3415140643798114,0.2763018065887354,0.24385245901639344,0.25375939849624063,2000-07-18,25,-0.04474475636545101
700932,"Manzardo, Kyle",L,2026,23.100332451071207,23.371644307005106,2.7678543092071353,3.2611170730686627,25.234148935948067,29.446148306146256,-2.146016860166339,-2.2585234327194055,34.47413092404574,34.48584542803228,555.0,124.0,283.0,73.0,297.093371024735,335.92526027397264,33.215547703180206,27.397260273972602,29.545454545454547,35.41666666666667,27.207207207207208,35.483870967741936,0.49326276386152745,38.83188924923763,-5.818287429207604,5.871212121212125,8.276663760534728,305.0560898876405,False,71.0,69.12090483619345,2.0283557191577812,0.08616775547457202,2.09096484977458,-1.0216537633493448,0.30657894736842106,0.28718703976435933,0.3202247191011236,2000-07-18,26,0.09865255277230549
701162,"Malgeri, Ben",R,2026,26.76658135573917,26.5740244299416,15.784698024815969,15.1337830767728,50.96434901226557,52.05840955119957,5.828543442467871,5.088938943487885,25.070688423360156,24.7790092613077,131.0,96.0,79.0,52.0,285.4690126582278,358.7958461538462,27.848101265822784,25.0,25.595238095238095,23.157894736842106,25.190839694656486,26.041666666666668,-0.6509149480431677,73.32683349561836,-2.848101265822784,-2.4373433583959887,0.8508269720101822,314.57584732824427,False,,,,,,,,,,2000-01-12,26,-0.13018298960863356
701350,"Anthony, Roman",L,2025,28.949521006077244,29.040915787994525,4.171232484568583,4.617522770994556,60.45119300588096,60.40272329736306,-7.00937283039891,-6.948588831929675,24.494281937517638,24.735454212126825,326.0,154.0,205.0,98.0,410.4866283015846,287.72173857085744,22.439024390243905,38.775510204081634,18.243243243243242,25.116279069767444,26.07361963190184,33.76623376623377,0.446290286425973,-122.76488973072713,16.33648581383773,6.873035826524202,7.692614134331929,370.7804923490722,False,75.0,73.96778523489932,-0.9116181570996957,1.1671792362497593,-0.579132828659427,0.9430670978563442,0.20485584218512898,0.28541666666666665,0.27722772277227725,2004-05-13,21,0.0892580572851946
701350,"Anthony, Roman",L,2026,29.35439896642171,29.32186331560381,-0.7162577368035971,-1.6841602111996292,63.72595005021135,64.78767405186429,-8.863508308310324,-9.64058154224952,23.174449310052402,23.407078920571873,245.0,110.0,156.0,73.0,351.6164615384616,308.6134246575342,30.128205128205128,19.17808219178082,22.67080745341615,23.387096774193548,27.755102040816325,18.181818181818183,-0.9679024743960322,-43.00303688092737,-10.950122936424307,0.716289320777399,-9.573283858998142,337.90806986899565,False,75.0,74.8960960960961,-1.3248040126483203,1.3505153659971967,-1.13966461738925,0.9552012906791759,0.22869955156950672,0.24788732394366197,0.2663755458515284,2004-05-13,22,-0.19358049487920642
701358,"Smith, Cam",R,2025,25.436652623137107,25.333050010186895,-3.902487897945585,-3.8860155789754347,24.30352963879162,25.505469203422024,-8.17312514816243,-10.4497736115867,33.44784135099865,33.46501243400587,271.0,709.0,139.0,356.0,339.79763770537386,288.8400784865757,27.33812949640288,27.808988764044944,23.905723905723907,32.00589970501475,28.044280442804425,25.52891396332863,0.016472318970150113,-50.95755921879817,0.47085926764206576,8.100175799290842,-2.5153664794757944,303.1493728934705,False,75.0,73.67783669141039,1.791531600838267,0.199416529356869,2.090574871244972,-0.7395676008094006,0.2953846153846154,0.26224489795918365,0.2767676767676768,2003-02-22,22,0.0032944637940300224
701358,"Smith, Cam",R,2026,29.867500485492982,29.576649725977866,3.0627696224388883,3.48277723151922,30.978224741532998,31.75603024179015,-2.07976359040931,-2.1237441427222485,34.03745271948128,34.13065168715443,308.0,790.0,144.0,404.0,320.8618055555555,314.2030396039604,24.305555555555554,26.237623762376238,30.513595166163142,29.383886255924168,26.623376623376622,26.708860759493668,0.4200076090803315,-6.6587659515951145,1.9320682068206843,-1.1297089102389748,0.08548413611704575,315.9527883211679,False,75.0,76.99469696969696,1.580346660613007,0.7451063920476495,1.5909986437758357,0.6027323957706137,0.2970212765957447,0.2668488160291439,0.2572992700729927,2003-02-22,23,0.08400152181606631
701398,"Stewart, Sal",R,2026,21.570652945574786,21.18061343127417,8.236890543563819,8.735836922022152,55.70941907361038,55.939014130973696,-12.246589554537154,-11.025079189520682,33.19585583517323,34.083837285310565,341.0,969.0,178.0,501.0,356.1457528089888,336.43057085828343,23.595505617977526,21.157684630738522,29.145728643216078,32.5,22.58064516129032,24.251805985552117,0.49894637845833323,-19.715181950705357,-2.4378209872390038,3.354271356783922,1.671160824261797,341.5989101620029,False,73.0,71.20626016260162,1.3457273721471783,-0.9773009550046784,0.5639365095195806,0.9930815116494158,0.315450643776824,0.2381679389312977,0.21796759941089838,2003-12-07,23,0.09978927569166665
701538,"Merrill, Jackson",L,2024,26.957665250432434,27.279875527837607,1.6142036874555779,2.5699569534117477,27.9412066457797,29.335182986846817,2.222354621831555,1.626221889879603,24.711611971139288,24.864676760102697,954.0,302.0,438.0,156.0,387.72943578612933,333.91510461191234,17.80821917808219,14.743589743589745,35.406698564593306,32.3943661971831,18.658280922431867,20.198675496688743,0.9557532659561698,-53.81433117421699,-3.0646294344924456,-3.0123323674102025,1.5403945742568759,373.5963791141128,False,74.0,71.41053105310532,0.11611626656695065,1.3105528348413331,-1.0297713806121782,-2.7299643015651878,0.3464285714285714,0.19028662420382167,0.17003367003367004,2003-04-19,21,0.19115065319123398
701538,"Merrill, Jackson",L,2025,24.546474448878673,24.772327284920824,2.626610239739976,3.2888116992960503,26.02494740125196,26.684856210716156,0.48537680606551276,-0.02070964936333767,23.96049304200007,24.112893003357172,656.0,336.0,314.0,171.0,360.584336960627,317.1886809674756,23.56687898089172,19.883040935672515,37.67857142857143,38.92617449664429,25.304878048780488,22.916666666666664,0.6622014595560741,-43.39565599315142,-3.683838045219204,1.2476030680728627,-2.3882113821138233,345.28401288881486,False,74.0,71.06720604099245,0.06963993469984117,1.02545922120628,-0.27732340132417116,-3.1940546866453294,0.3811188811188811,0.24495967741935484,0.22268041237113403,2003-04-19,22,0.1324402919112148
701538,"Merrill, Jackson",L,2026,26.737082319301294,26.96928827736814,4.577061642005207,5.336405684689223,26.072955840232993,26.1043044100479,0.931866339351311,0.7885801883983012,24.129282176865555,24.554424396413193,1014.0,384.0,469.0,182.0,355.93115565031985,314.7436043956044,23.02771855010661,26.373626373626376,37.53694581280788,36.63663663663664,25.14792899408284,24.21875,0.7593440426840159,-41.18755125471546,3.3459078235197666,-0.9003091761712412,-0.9291789940828394,344.416356374808,False,74.0,72.60225624496374,-0.3458904479642103,1.2128732870421577,-0.39965243088589913,-3.3892004529793778,0.3731454005934718,0.24892703862660945,0.23963133640552994,2003-04-19,23,0.15186880853680318
701675,"Church, Nathan",L,2026,29.267532083793444,30.237075432755574,19.26774306845441,19.423623952161766,46.84692221302896,46.40152056405529,-11.271774225144554,-11.805526811151152,32.776594250062516,31.9442838163302,761.0,187.0,354.0,101.0,292.0029378531073,269.6165544554455,18.07909604519774,12.871287128712872,42.71978021978022,37.91208791208791,19.97371879106439,14.973262032085561,0.1558808837073542,-22.386383397661803,-5.207808916484868,-4.807692307692307,-5.000456758978828,287.03365274725275,False,70.0,68.7232967032967,-0.2620516199778862,-0.8988845821195407,0.09816754917584249,-0.8304687338751543,0.4175824175824176,0.189873417721519,0.16923076923076924,2000-07-12,26,0.03117617674147084
701678,"Lee, Hao-Yu",R,2026,28.490800312235727,28.617734794133582,2.6428008204738753,0.9794670405838916,42.41073518542994,43.134604993814044,7.182668351697984,8.444551014386317,26.195735354286136,25.589167172984958,256.0,358.0,141.0,204.0,311.2868652482269,298.93413725490194,24.113475177304963,24.509803921568626,26.640926640926644,30.73170731707317,24.21875,25.69832402234637,-1.6633337798899839,-12.352727993324947,0.3963287442636627,4.090780676146526,1.4795740223463696,303.98264347826085,False,69.0,70.64275741710297,0.9752842915637985,2.8197100609564876,-0.3204444145306209,0.9753526170090399,0.2914798206278027,0.250814332247557,0.24347826086956523,2003-02-03,23,-0.3326667559779968
701762,"Kurtz, Nick",L,2025,23.415436203520443,23.452152333066934,8.459106794800121,9.442528768247966,53.855166377702396,55.51485224992103,-10.823320350635605,-9.872121909452966,32.887177733957834,32.79423627257421,585.0,257.0,336.0,154.0,424.10160503276626,257.1917115063998,28.869047619047617,35.064935064935064,19.910846953937593,26.89655172413793,32.99145299145299,33.07392996108949,0.9834219734478449,-166.90989352636643,6.195887445887447,6.985704770200336,0.08247696963650242,371.64420992447964,False,77.0,76.16407643312102,0.7706834963441876,-1.4073912114136284,-0.6894563275702905,0.869292092925425,0.2201453790238837,0.33016627078384797,0.3081632653061224,2003-03-12,22,0.19668439468956897
701762,"Kurtz, Nick",L,2026,22.849046015807758,23.231337197001356,12.895066220737728,14.163557320742505,51.20797620589166,53.356409928405526,-16.75344458415941,-17.913966326069534,30.212132356874886,30.659428657102254,501.0,296.0,278.0,158.0,419.4726762589928,288.5062784810126,29.136690647482016,37.9746835443038,22.406015037593985,25.225225225225223,32.93413173652694,34.12162162162162,1.268491100004777,-130.9663977779802,8.837992896821785,2.8192101876312385,1.1874898850946778,372.01237614678894,False,77.0,77.32086230876216,-0.17765592054538795,-1.6844983232584887,-0.0064432036381494705,0.779410181004116,0.23346693386773548,0.3337515683814304,0.32339449541284404,2003-03-12,23,0.2536982200009554
701785,"Culpepper, Kaelen",R,2026,29.270842827419468,28.956520806006168,2.794167867323642,2.682414033400321,54.778425655298115,51.930834455372846,-11.512746250746241,-11.662668328193671,32.27681805918352,32.808346083360405,102.0,148.0,46.0,74.0,274.1421739130435,321.2535675675676,23.91304347826087,18.91891891891892,46.36363636363636,40.41095890410959,26.47058823529412,22.2972972972973,-0.11175383392332128,47.11139365452408,-4.994124559341952,-5.952677459526768,-4.173290937996821,303.1942,False,,,,,,,,,,2002-12-29,24,-0.022350766784664255
701807,"Benge, Carson",L,2026,28.200961078544587,28.084513593054837,2.5301495492000137,0.817929656711239,54.25705582095293,54.55083612877988,-8.274973226914712,-7.192274120402461,33.8111940435523,33.95149476920804,841.0,330.0,456.0,175.0,337.88018421052624,342.0954514285714,19.956140350877195,26.285714285714285,29.126213592233007,24.930747922437675,19.738406658739596,20.606060606060606,-1.7122198924887746,4.215267218045142,6.329573934837089,-4.1954656697953325,0.8676539473210099,339.049236133122,False,73.0,70.22767695099817,0.012822579737133244,-0.46546233992021907,0.42644627653245076,0.4573069269776476,0.2795031055900621,0.19982920580700256,0.21711568938193343,2003-01-20,23,-0.34244397849775493
702222,"Crawford, Justin",L,2026,26.235895907700424,26.945535016591588,8.704374537327627,10.624079417948753,68.53586246142787,67.20846431962114,0.7118357672060888,-1.502057181487538,44.59117781477899,44.35057450988866,738.0,117.0,387.0,63.0,275.88444444444445,307.4477460317461,17.571059431524546,17.46031746031746,36.75832127351664,40.67796610169492,14.905149051490515,13.675213675213676,1.9197048806211257,31.563301587301623,-0.11074197120708718,3.919644828178278,-1.2299353762768384,280.3033066666667,False,74.0,68.43953201970443,3.5221419299744543,-1.2927501083716293,1.4438065093104817,2.9557608604446317,0.37330037082818296,0.14736842105263157,0.17555555555555555,2004-01-13,22,0.3839409761242251
702284,"Young, Cole",L,2025,23.330550321577242,26.200779988934542,15.509913135536598,19.245637201763547,37.31409228872365,36.9399807607378,-6.113763379591567,-12.40947271511534,33.87958817594787,32.88342621702163,344.0,112.0,190.0,67.0,296.77151049644004,295.7675526978572,17.36842105263158,20.8955223880597,24.043715846994534,20.155038759689923,19.476744186046513,23.214285714285715,3.7357240662269486,-1.00395779858286,3.527101335428121,-3.888677087304611,3.737541528239202,296.50977830770444,False,70.0,70.32943925233644,1.223371987944629,-0.622125361794672,-0.6210631414791654,0.4376557934335145,0.23030303030303031,0.20394736842105263,0.1828793774319066,2003-07-29,22,0.7471448132453897
702284,"Young, Cole",L,2026,29.571989135060775,31.00111126771402,17.433191862332652,17.952486684870816,38.27799408076717,38.52263789490109,-28.261389711306176,-33.63307915196754,22.392446005312383,21.164650836447368,743.0,383.0,415.0,206.0,323.1205108433735,289.72363106796115,15.66265060240964,19.902912621359224,30.873308733087327,29.82005141388175,16.1507402422611,19.06005221932115,0.5192948225381642,-33.396879775412344,4.2402620189495845,-1.0532573192055779,2.9093119770600495,312.04199677938806,False,70.0,70.71374187558031,-3.108168534191631,0.3734256914249517,-0.21306634165017957,0.3020347963140721,0.305324459234609,0.1714031971580817,0.1706924315619968,2003-07-29,23,0.10385896450763284
702332,"Durbin, Caleb",R,2025,32.549791812237615,32.30433179496342,-18.62339777478654,-17.90369182349153,54.021056831998585,57.35943863104057,-19.64661892323109,-19.840871416539876,27.70290672191038,27.502843474323463,214.0,589.0,133.0,374.0,303.89842477961184,313.105016029322,5.263157894736842,11.497326203208557,21.02803738317757,25.49019607843137,9.813084112149532,12.39388794567063,0.7197059512950084,9.20659124971013,6.234168308471715,4.462158695253802,2.580803833521097,310.6898747350193,False,66.0,67.29986504723347,0.09305723341941043,-0.22006045435710989,-2.2120377549538754,0.6618073548980371,0.24334140435835352,0.11706102117061021,0.09861932938856016,2000-02-22,25,0.14394119025900168
702332,"Durbin, Caleb",R,2026,30.98204750171117,30.6324479319012,-23.123040625489732,-22.91001311962381,59.6523916874683,61.63735718419834,-6.186720609691431,-5.896564569929197,27.218593442975493,27.190522225615386,267.0,687.0,156.0,417.0,310.8121025641026,287.208479616307,12.82051282051282,13.908872901678656,26.551724137931032,28.04232804232804,15.730337078651685,14.556040756914118,0.21302750586592367,-23.6036229477956,1.0883600811658365,1.490603904397009,-1.1742963217375664,293.63459685863876,False,66.0,68.50582959641255,1.3274663838154062,1.5278361147066295,-2.4250364613451936,1.326769725234327,0.2762906309751434,0.1488469601677149,0.13612565445026178,2000-02-22,26,0.042605501173184734
702358,"Lipscomb, Trey",R,2024,29.96109111764278,29.747788200382143,2.7055626769109202,1.72835660832502,27.936876023975866,28.456512965104302,2.441207523426728,3.4079573273464283,36.874957487277726,37.781470391118745,159.0,236.0,75.0,136.0,238.61752701754384,289.295276857802,17.333333333333336,19.852941176470587,30.344827586206897,34.5679012345679,20.125786163522015,25.423728813559322,-0.9772060685859003,50.677749840258144,2.5196078431372513,4.223073648361002,5.297942650037307,271.28185866813675,False,74.0,68.95760233918129,2.978070077056515,0.6512687712087298,0.22151702106856222,-0.3490848201475442,0.32989690721649484,0.23291139240506328,0.1895734597156398,2000-06-14,24,-0.19544121371718007
702616,"Holliday, Jackson",L,2024,26.954651613675825,26.620071304577113,-8.043496883889636,-10.914383868625615,50.31865931215195,52.686456266515606,-2.1235105518375605,-0.15933755942423625,25.45882228353137,27.440619481599867,297.0,81.0,162.0,46.0,261.1498490165399,268.6677455920701,32.71604938271605,34.78260869565217,27.15654952076677,27.450980392156865,28.28282828282828,35.80246913580247,-2.8708869847359786,7.517896575530187,2.0665593129361213,0.2944308713900945,7.519640852974188,262.81246075920524,False,71.0,70.54748603351955,0.9257576018570001,2.1545659855673778,-0.05879971306910325,0.29455364810169904,0.27228915662650605,0.29894179894179895,0.3317307692307692,2003-12-04,21,-0.5741773969471957
702616,"Holliday, Jackson",L,2025,25.790340404893985,26.07126993217647,-6.284270666189854,-7.747073951948606,51.12817424857221,55.97860030515366,-5.272731816896397,-4.78584621717758,24.721134266340158,24.726271781419538,841.0,306.0,471.0,179.0,332.48207206351924,260.07084094355844,20.59447983014862,24.022346368715084,22.74939172749392,22.8476821192053,20.80856123662307,24.18300653594771,-1.4628032857587518,-72.4112311199608,3.4278665385664624,0.09829039171138021,3.374445299324641,312.5411330320223,False,71.0,69.85219012115563,0.46663688191377634,2.251243456435321,0.3867102643156832,0.6021202081292635,0.2277580071174377,0.21708805579773321,0.2153846153846154,2003-12-04,22,-0.2925606571517504
702616,"Holliday, Jackson",L,2026,26.011542233227168,25.880319421681595,-5.899593354453591,-6.05845027805967,52.574950311804166,55.71729478717234,-3.5458155242632667,-4.054296058678015,26.989731952295177,27.47102929170649,452.0,146.0,264.0,91.0,294.42343939393936,285.5275164835165,22.348484848484848,27.472527472527474,27.416173570019726,24.725274725274726,23.008849557522122,25.34246575342466,-0.15885692360607884,-8.895922910422883,5.124042624042627,-2.690898844745,2.333616195902536,292.143076056338,False,71.0,69.86952714535902,0.7059579519108844,1.927849621063604,-0.5082418035186668,0.5567758973169794,0.26705370101596515,0.23578595317725753,0.23661971830985915,2003-12-04,23,-0.03177138472121577
703520,"Bateman, Brett",L,2026,26.055000939365147,27.5835849313375,38.05503489038185,37.54090107449873,24.151988873360473,25.277311843216072,-33.36641536493031,-32.58362891428027,17.072893576890728,17.675831021663075,199.0,94.0,112.0,61.0,333.0153571428571,248.6255737704918,19.642857142857142,19.672131147540984,27.42616033755274,31.428571428571427,13.06532663316583,17.02127659574468,-0.5141338158831203,-84.38978337236532,0.02927400468384178,4.002411091018686,3.955949962578851,303.25942196531787,False,,,,,,,,,,2002-03-19,24,-0.10282676317662406
703601,"Clark, Max",L,2026,32.072833406310636,32.18878096124218,11.68834088881104,11.626589787378498,48.181872182139216,47.050579245663876,-9.07057044577072,-9.44149142086205,27.609708190085957,28.30909606319971,214.0,102.0,127.0,61.0,309.9381732283465,367.044524590164,21.25984251968504,16.39344262295082,29.535864978902953,24.242424242424242,13.084112149532709,13.725490196078432,-0.06175110143254159,57.106351361817474,-4.866399896734222,-5.293440736478711,0.6413780465457233,328.46736170212773,False,71.0,72.78983606557378,-1.5974982633757433,1.0626570705247818,-0.1473828727097414,0.05356596343851249,0.27976190476190477,0.13291139240506328,0.19680851063829788,2004-12-21,22,-0.012350220286508317
703607,"Bolte, Henry",R,2026,27.746719826080852,27.577324160524988,13.19784901286645,14.14686827562131,58.24254004168365,58.40190622653583,-11.296814184197851,-13.436596882827068,30.371949049053573,29.89159229773327,269.0,572.0,145.0,306.0,348.3380689655172,305.4344183006536,33.793103448275865,25.49019607843137,26.53061224489796,29.34232715008432,30.855018587360593,30.594405594405593,0.9490192627548595,-42.90365066486362,-8.302907369844494,2.81171490518636,-0.26061299295500007,319.2282749445676,False,75.0,75.97189119170984,-0.474649748521497,-0.49246761384315474,-0.6756081262344039,1.943495300744023,0.28410372040586246,0.30677764565992865,0.28159645232815966,2003-08-04,23,0.1898038525509719
800050,"DeLauter, Chase",L,2026,25.82497560396736,26.062261332962862,22.196419766902,20.55301789664724,44.17164791075877,47.214444620668466,-18.72030115934543,-18.547260574387803,31.79718283035237,31.717565360781723,587.0,293.0,369.0,171.0,362.6989376693767,307.05099415204677,12.195121951219512,18.71345029239766,19.650067294751008,25.297619047619047,11.584327086882453,17.4061433447099,-1.6434018702547597,-55.64794351732991,6.518328341178147,5.64755175286804,5.821816257827447,345.0770888888889,False,75.0,70.74616306954437,-1.6972083698118279,-1.2424822124250428,0.9210399705069092,-1.2750770777108633,0.21408711770157554,0.13522727272727272,0.1425925925925926,2001-10-08,25,-0.32868037405095196
802139,"Wetherholt, JJ",L,2026,33.037386084436164,33.315077374442616,38.2276073415731,38.557104827401744,43.18409419741379,43.38103071043207,-29.731117702294238,-30.60826712992181,22.661285737309278,22.657639054859647,641.0,359.0,390.0,213.0,347.9195794871795,356.20259154929573,16.923076923076923,16.431924882629108,21.0062893081761,21.67487684729064,19.03276131045242,16.434540389972145,0.3294974858286466,8.283012062116256,-0.49115204044781535,0.6685875391145402,-2.598220920480273,350.84541956882254,False,69.0,71.23462749213012,-4.320970605095117,-0.9745349107413004,0.2019373388131721,-0.6811232734257694,0.21232306411323898,0.181,0.16749585406301823,2002-09-10,24,0.06589949716572932
802415,"Simpson, Chandler",L,2025,27.308742600163146,26.94591062126459,8.03644984797904,7.477950861466847,54.4398950699866,52.87574629729971,-9.980946194477838,-9.514512835700897,32.30306142286567,32.56933189670431,533.0,192.0,328.0,113.0,299.8977286585366,294.8626991150443,10.365853658536585,7.964601769911504,28.991596638655466,33.95061728395062,9.193245778611631,13.020833333333334,-0.5584989865121921,-5.035029543492328,-2.4012518886250804,4.959020645295155,3.8275875547217026,298.60757369614515,False,71.0,63.44487951807229,1.3194010778073142,-0.41875790653191414,0.8713662873220199,2.0393286735982357,0.30250783699059564,0.10206896551724139,0.09750566893424037,2000-11-18,25,-0.11169979730243842
802415,"Simpson, Chandler",L,2026,26.16696927532951,26.56442929191544,10.199071090484955,10.63785015200106,58.238315784651626,60.45505988881954,-10.111830920668336,-10.840704854931394,31.37558364330148,31.44215286585046,594.0,310.0,398.0,209.0,281.2066130653266,229.6921913875598,6.78391959798995,9.569377990430622,26.677316293929714,36.7003367003367,8.080808080808081,10.32258064516129,0.43877906151610624,-51.51442167776682,2.785458392440672,10.023020406406985,2.2417725643532087,263.46935749588135,False,71.0,64.48695652173913,0.7904164924664036,-0.5948254972049933,0.3922466128779995,2.202469818479857,0.2990249187432286,0.08849557522123894,0.07742998352553541,2000-11-18,26,0.08775581230322124
803011,"Antonacci, Sam",L,2026,30.35097923374719,30.22325420032144,9.952995885387718,11.326801823307608,65.24640881186716,63.31643126528719,-6.6052908965680786,-7.870053452552068,39.35819248679521,39.53992208082234,717.0,173.0,428.0,108.0,351.3362990654206,284.9231481481482,13.551401869158877,21.296296296296298,20.944309927360774,25.225225225225223,12.552301255230125,12.716763005780345,1.3738059379198901,-66.41315091727239,7.744894427137421,4.28091529786445,0.1644617505502204,337.95454477611946,False,71.0,68.71164705882353,0.3097789696851642,-2.291147365937123,-1.8341465950185591,1.2993111518375213,0.21851145038167938,0.1258426966292135,0.15111940298507462,2003-02-06,23,0.27476118758397805
804606,"Griffin, Konnor",R,2026,30.318156322791406,29.711264340829587,13.038492105472704,13.182413989395892,39.681345413526614,38.68125986477462,-13.17428254084084,-9.505859496294594,29.380839500161553,30.69577213308195,182.0,465.0,84.0,235.0,347.94447619047617,286.8032,25.0,24.680851063829788,37.5,38.064516129032256,25.82417582417583,27.311827956989248,0.14392188392318772,-61.14127619047616,-0.3191489361702118,0.5645161290322562,1.4876521328134196,302.9030971786834,False,75.0,74.59685430463576,-0.29499604918853045,0.0918628287111209,1.6876921258386326,-0.9589262492155637,0.37894736842105264,0.2689335394126739,0.2476489028213166,2006-04-24,20,0.028784376784637543
804668,"Flores Jr., Rafael",R,2026,29.276823037419895,29.076277805037343,8.800970681023845,8.832357717562598,42.20959263286757,40.53402226210203,-4.900717018604774,-4.855824844885988,26.65429615720772,26.694020240954984,122.0,149.0,73.0,78.0,338.3075068493151,373.2735384615384,27.397260273972602,28.205128205128204,27.857142857142858,28.965517241379313,27.86885245901639,28.187919463087248,0.031387036538752966,34.96603161222333,0.8078679311556023,1.1083743842364555,0.3190670040708561,356.3694304635762,False,,,,,,,,,,2000-11-07,26,0.006277407307750593
805249,"Kemp, Otto",R,2025,26.888343380999643,28.37187974503563,12.393018494653308,11.751324787268775,38.74275841364318,38.8326279456285,-0.11233325349655048,-0.1799908381234284,32.10653272693529,31.67714530940585,142.0,278.0,74.0,144.0,338.80732557485186,294.9052243902758,35.13513513513514,28.47222222222222,29.53020134228188,30.158730158730158,38.028169014084504,29.496402877697843,-0.6416937073845332,-43.902101184576054,-6.662912912912915,0.6285288164482772,-8.531766136386661,309.80777249880157,False,71.0,71.93358974358974,0.33677303986171386,-0.04609714875322943,-2.3464501874117043,-0.7190538128190068,0.29925187032418954,0.3238095238095238,0.3073394495412844,1999-09-09,26,-0.12833874147690666
805300,"Marsee, Jakob",L,2025,30.326928994049176,30.49041533099758,3.962857396007986,8.03217651934753,30.002210336709876,33.60941036862842,4.161344615718655,2.374630155892976,26.11897927026643,25.154093350946024,255.0,122.0,153.0,81.0,347.0138865278271,342.51320593395735,19.607843137254903,22.22222222222222,18.96551724137931,22.807017543859647,15.686274509803921,19.672131147540984,4.069319123339544,-4.500680593869731,2.614379084967318,3.8415003024803376,3.9858566377370632,345.4559586299491,True,72.0,69.75449591280655,-0.018131901932086164,0.7138265476419048,0.7821620195538692,-0.8919205624835416,0.2004950495049505,0.16976127320954906,0.20512820512820512,2001-06-28,24,0.8138638246679089
805300,"Marsee, Jakob",L,2026,30.852137874826315,30.73252026899657,5.932803590291715,13.87854597872885,31.49376022223533,34.75636266889212,1.9786361766214222,-3.4863698205984455,25.34584751957157,25.519158790578444,716.0,207.0,464.0,140.0,314.5672758620689,294.54948571428577,18.318965517241377,27.142857142857142,21.070234113712374,24.0,13.8268156424581,25.120772946859905,7.945742388437135,-20.01779014778316,8.823891625615765,2.929765886287626,11.293957304401804,309.92739072847684,True,72.0,69.49271445358403,-0.6656286648786066,1.0135317049923358,0.6490619123939849,-0.5215172654584279,0.2175767918088737,0.1635969664138678,0.20364238410596028,2001-06-28,25,1.589148477687427
805367,"Meidroth, Chase",R,2025,31.599540716551925,31.58077446585211,12.414785168688374,12.696695055253617,28.148724432416547,31.13045329316356,-19.092009083306788,-19.392992334415855,30.52386914421845,30.366886799685144,262.0,525.0,156.0,349.0,311.2626594659315,291.8646010481173,17.307692307692307,12.893982808022923,20.06472491909385,23.8390092879257,10.305343511450381,12.19047619047619,0.2819098865652432,-19.398058417814184,-4.413709499669384,3.7742843688318466,1.8851326790258085,297.8568725593629,False,69.0,66.70837837837837,-0.7751139880752987,-0.4086490241283002,0.39583140569315467,-1.1215032605532462,0.2261780104712042,0.1156289707750953,0.14257425742574256,2001-07-23,24,0.056381977313048635
805367,"Meidroth, Chase",R,2026,29.54087666768438,29.673998658657617,2.3309619282928993,3.03036500261432,28.39965963728072,30.24739117177757,-30.441483616466776,-30.11231149061112,26.609093717382763,26.722629975926246,315.0,768.0,181.0,454.0,344.65040883977906,281.47168281938326,17.12707182320442,23.788546255506606,28.385416666666668,28.678038379530918,14.920634920634921,18.619791666666664,0.6994030743214208,-63.1787260203958,6.661474432302185,0.29262171286424987,3.6991567460317434,299.4801070866142,False,69.0,66.1109268292683,-1.8748012429607745,-0.09689712233877795,1.2170249731588905,-1.7725810699725433,0.2859304084720121,0.17543859649122806,0.2188976377952756,2001-07-23,25,0.13988061486428416
805373,"Alvarez Jr., Nacho",R,2025,32.78096793790853,31.95927530591855,11.114311921339663,10.338225121996661,36.06734305796116,36.046558488685015,-5.788788877965016,-6.2058294521398905,31.70861501534255,31.17610282782287,93.0,256.0,56.0,154.0,239.17818831168833,276.2124831798748,25.0,22.727272727272727,24.561403508771928,25.0,16.129032258064516,21.09375,-0.7760867993430018,37.03429486818649,-2.2727272727272734,0.438596491228072,4.964717741935484,266.3366712150251,False,70.0,66.8879746835443,-0.11626334449021282,-0.36906672922234623,-1.2266785104166795,-0.821151531863999,0.24866310160427807,0.1977077363896848,0.23333333333333334,2003-04-11,22,-0.15521735986860036
805779,"Wilson, Jacob",R,2025,28.064475187134864,28.682068872896448,25.50268524034801,29.238188664293467,49.448100267405934,50.12086852937553,-27.285474828121107,-33.62459216783453,29.08809887964108,28.573725768759427,230.0,634.0,118.0,406.0,311.7934343124885,300.94803885894396,6.779661016949152,7.635467980295567,31.914893617021278,32.7718223583461,4.3478260869565215,9.779179810725552,3.735503423945456,-10.84539545354454,0.8558069633464145,0.8569287413248219,5.43135372376903,303.39032256794826,False,74.0,63.174358974358974,-3.0551653489055655,-1.179405500770433,0.7263017859057747,1.2047439917579124,0.3258026159334126,0.08333333333333333,0.07442748091603053,2002-03-30,23,0.7471006847890912
805779,"Wilson, Jacob",R,2026,28.458696754278403,28.842962678534406,17.62178385650193,18.06583324380234,50.11079015717558,48.71328187969508,-15.593788697448492,-17.61332150821967,25.488784847263098,25.52633459855185,223.0,412.0,116.0,221.0,262.192,292.85464253393667,10.344827586206897,12.217194570135746,47.05882352941176,39.686684073107045,13.004484304932735,12.864077669902912,0.4440493873004101,30.662642533936662,1.872366983928849,-7.372139456304716,-0.14040663502982298,282.30014243323444,False,74.0,63.91550522648084,-2.1943032494839434,0.5221886818547108,0.4248120090599691,0.4909209830843937,0.42248722316865417,0.12913385826771653,0.11572700296735905,2002-03-30,24,0.08880987746008202
805808,"McGonigle, Kevin",L,2026,29.086877154448395,29.235414109426667,6.245664762196513,6.44469722557961,59.727880472264054,59.294462083945255,3.156070135509701,2.785080001775314,35.7284379660242,36.031532045251225,841.0,339.0,490.0,202.0,377.0009387755102,301.81546534653467,11.63265306122449,18.81188118811881,18.830525272547078,20.65491183879093,12.128418549346016,18.87905604719764,0.1990324633830971,-75.18547342897551,7.179228126894321,1.8243865662438523,6.750637497851624,355.05373410404627,False,69.0,70.39282550930027,1.4181583461644558,0.12421298310617215,0.5022831979002224,1.2869905114427425,0.1934566145092461,0.14067796610169492,0.13728323699421965,2004-08-18,22,0.03980649267661942
805811,"Eldridge, Bryce",L,2026,24.537843324579413,25.612199603010886,2.770464552767043,5.441795863405025,34.49586529078984,34.88901153059422,-1.4037185932920917,-2.843239790859412,39.55728416238835,40.072826869563926,571.0,240.0,305.0,143.0,349.64523278688523,376.19197202797204,26.229508196721312,27.27272727272727,25.79310344827586,21.554770318021202,25.04378283712785,25.0,2.671331310637982,26.54673924108681,1.0432190760059576,-4.238333130254659,-0.043782837127849916,358.11885714285717,False,79.0,72.61836734693878,3.094750849795013,-1.8729028391293703,-0.5064662162594362,-0.43030315604137664,0.24603174603174602,0.25030826140567203,0.265625,2004-10-20,22,0.5342662621275964
805999,"Ewing, A.J.",L,2026,24.68919136676819,24.61659028999298,7.849994581336561,7.688318862612235,43.50139130895663,42.91535525442132,2.981361574807515,2.540511483664865,34.081126220931075,34.122514834666205,623.0,230.0,345.0,129.0,323.5193391304348,302.0477829457364,25.217391304347824,24.8062015503876,28.238719068413392,22.01492537313433,21.34831460674157,26.521739130434785,-0.16167571872432607,-21.471556184698386,-0.41118975396022606,-6.223793695279063,5.173424523693214,317.67581434599157,False,70.0,69.77613636363635,1.2967028466981723,0.5999300287949594,-0.9493876604334602,-1.1610609090123951,0.2649214659685864,0.22743259085580306,0.2510548523206751,2004-08-10,22,-0.032335143744865215
806068,"Emerson, Colt",L,2026,32.55467335575646,32.02252013481477,16.63476761854095,17.27001745215594,44.60804561877395,44.601194457715316,-13.859945880835593,-13.087026689709635,26.18057636968999,26.786844260423553,356.0,157.0,161.0,81.0,228.2491677018633,283.13837037037035,34.161490683229815,34.5679012345679,40.652818991097924,33.54430379746836,31.46067415730337,28.662420382165603,0.6352498336149921,54.88920266850704,0.4064105513380838,-7.1085151936295645,-2.7982537751377663,246.621173553719,False,72.0,71.6182364729459,-1.2757715711553352,0.3414637128610004,0.23062102307580437,0.49103193212590884,0.3838383838383838,0.3060428849902534,0.34297520661157027,2005-07-20,21,0.12704996672299843
806198,"Pratt, Cooper",R,2026,31.912178400272815,31.843663318333878,-0.11225306534606419,-0.17608957383912868,47.962441559978124,48.28091215485681,0.6721354269804237,0.7201064587593167,29.98727884232799,30.594477701552073,120.0,333.0,68.0,185.0,274.9598823529412,326.6675675675675,22.058823529411764,16.756756756756758,31.538461538461537,29.085872576177284,20.833333333333336,18.31831831831832,-0.06383650849306449,51.70768521462634,-5.302066772655007,-2.4525889622842527,-2.515015015015017,312.76984980237154,False,76.0,69.0724537037037,0.46035681511239607,1.0659844476551303,-2.062915442497377,0.5062255032168098,0.2973523421588595,0.18984547461368653,0.18181818181818182,2004-08-18,22,-0.012767301698612898
807712,"Keaschall, Luke",R,2025,23.465699732797606,23.295643548139314,19.19342681484076,18.597678805724122,59.90227848594171,63.90640742078672,-16.510598185678713,-16.466189139468028,35.38357689380414,35.127826356986,114.0,210.0,66.0,141.0,256.28723039923034,356.1208551365219,22.727272727272727,9.929078014184398,27.34375,16.260162601626014,21.929824561403507,13.80952380952381,-0.5957480091166367,99.83362473729159,-12.798194713088328,-11.083587398373986,-8.120300751879697,324.2898443507188,False,,,,,,,,,,2002-08-15,23,-0.11914960182332734
807712,"Keaschall, Luke",R,2026,25.82775472814653,25.603492709618028,17.51997319913006,17.655172338675303,60.94888428639493,63.966398564465656,-17.739480098235937,-18.13983475271643,35.61309232589199,35.64123579622443,317.0,639.0,195.0,408.0,311.9534769230769,318.8026372549019,15.897435897435896,13.480392156862745,23.61111111111111,22.420382165605098,17.350157728706623,15.023474178403756,0.13519913954524299,6.849160331825033,-2.417043740573151,-1.190728945506013,-2.3266835503028673,316.58773466003316,False,72.0,68.4552787663108,-0.6897626277711608,-2.157422198987041,-0.5044474354576646,0.1321833670077316,0.2279475982532751,0.1579497907949791,0.14262023217247097,2002-08-15,24,0.027039827909048596
807713,"Shaw, Matt",R,2025,30.169333426678513,29.51588192394304,-27.91302342578293,-19.203590964026677,56.19958175953311,60.91648260460367,-10.606476149486868,-17.92910120209482,19.211485170747125,19.068796339454522,227.0,591.0,111.0,327.0,310.63859877707057,299.56141048048005,19.81981981981982,22.018348623853214,29.797979797979796,30.153321976149915,14.977973568281937,21.150592216582066,8.709432461756254,-11.07718829659052,2.198528804033394,0.3553421781701189,6.172618648300128,302.3686431309859,False,70.0,68.68679738562092,-0.8345529524713247,2.4429516682901133,0.5688154155553824,1.472080515841794,0.3006369426751592,0.19437652811735942,0.2146118721461187,2001-11-06,24,1.741886492351251
807713,"Shaw, Matt",R,2026,31.441446911863128,31.377847015225214,-1.401207468237266,-1.1898967529597906,58.76665230983405,57.981459830969705,-1.0077648360666653,-2.7479415973073644,21.142820682056612,20.88775277748568,165.0,178.0,91.0,101.0,293.11586813186807,296.69358415841583,16.483516483516482,19.801980198019802,35.638297872340424,29.545454545454547,19.393939393939394,17.97752808988764,0.21131071527747536,3.577716026547762,3.31846371450332,-6.092843326885877,-1.4164113040517528,294.9978958333333,False,70.0,68.5108024691358,-0.8075001537890747,2.2508131057552068,-0.17218732448847593,1.5069683880068567,0.3235294117647059,0.18658892128279883,0.18229166666666666,2001-11-06,25,0.04226214305549507
807727,"McAdoo, Charles",R,2026,23.984411983325092,24.059252528239657,4.110646902009302,4.164422823216969,45.11984142589239,45.776383943006685,13.028098534615202,13.342188035940456,33.8438495025726,33.15273820130961,101.0,78.0,55.0,40.0,270.7596363636364,270.7389,29.09090909090909,17.5,31.30434782608696,40.0,23.762376237623762,16.666666666666664,0.05377592120766739,-0.020736363636387978,-11.59090909090909,8.69565217391304,-7.095709570957098,270.7509052631579,False,,,,,,,,,,2002-03-06,24,0.010755184241533478
807799,"Yoshida, Masataka",L,2024,31.020154778319085,30.96328764984788,12.812253470159424,14.115172063772144,31.006393342968014,31.644372517187758,-11.358583545234007,-12.694638227524726,25.076383644431953,25.29180229002318,558.0,166.0,314.0,108.0,337.65214144273534,293.3785468046988,13.375796178343949,9.25925925925926,27.040816326530614,20.670391061452513,13.261648745519713,12.650602409638553,1.3029185936127199,-44.27359463803657,-4.116536919084689,-6.370425265078101,-0.6110463358811593,326.32145845480187,False,68.0,69.8921568627451,-1.154771392474399,0.6006161179062383,-1.922036647263302,-1.0120511551535043,0.25554106910039115,0.13121546961325967,0.12322274881516587,1993-07-15,31,0.260583718722544
808959,"Murakami, Munetaka",L,2026,28.856733033887206,29.232031080129335,18.642088967094697,20.838350057479364,37.64509462924551,38.353203937375405,-8.182661237687864,-9.546950782858218,27.42470857853131,27.594546529033533,656.0,289.0,369.0,162.0,338.17160975609755,356.1776296296297,35.50135501355013,35.80246913580247,23.448275862068964,19.329896907216497,40.243902439024396,39.10034602076124,2.1962610903846667,18.006019873532125,0.30111412225233636,-4.118378954852467,-1.1435564182631524,343.66497175141245,False,74.0,73.86622222222223,-1.2421319326810305,0.5711858358912857,1.1586534123035137,1.5631586520699963,0.2217806041335453,0.39894179894179893,0.3559322033898305,2000-02-02,26,0.4392522180769333
808982,"Lee, Jung Hoo",L,2024,25.27254074784696,25.446963110228115,43.405325540385554,41.64621533598598,57.78714415247,57.35600264062193,-31.961308651647418,-36.15018849860435,25.711368592781902,27.461384297687104,177.0,71.0,112.0,46.0,346.1298045676381,261.97468084645385,7.142857142857142,10.869565217391305,23.684210526315788,33.33333333333333,5.649717514124294,15.492957746478872,-1.759110204399576,-84.15512372118422,3.7267080745341623,9.649122807017541,9.843240232354578,321.62894576273635,False,,,,,,,,,,1998-08-20,26,-0.3518220408799152
808982,"Lee, Jung Hoo",L,2025,26.705966722218147,26.625466645908155,51.91672636557639,54.72100514659043,51.893337584761404,53.527728773605446,-42.92660065779677,-42.263126338853965,28.194315182535128,27.777257191415824,753.0,296.0,451.0,166.0,341.0471494609634,262.9014858906171,9.090909090909092,18.072289156626507,20.652173913043477,28.92857142857143,11.288180610889773,14.18918918918919,2.804278781014041,-78.1456635703463,8.981380065717415,8.276397515527954,2.9010085782994164,320.02254629617005,False,72.0,67.37612387612387,-4.6828719465337585,-1.9210591954385057,0.02169526358689811,1.711586771600979,0.22743682310469315,0.12106768350810296,0.11507293354943274,1998-08-20,27,0.5608557562028083
808982,"Lee, Jung Hoo",L,2026,28.41173145169003,28.443965342517938,43.89242338459082,43.651583430804095,59.349075321483554,59.134028265908334,-37.19433173910435,-38.47695954185806,26.26830970287875,26.338935941031327,711.0,297.0,402.0,178.0,333.11366169154235,271.30516853932585,8.706467661691542,12.359550561797752,28.62796833773087,36.42611683848797,9.845288326300984,13.468013468013467,-0.2408399537867254,-61.8084931522165,3.6530829001062095,7.798148500757101,3.6227251417124826,314.1448482758621,False,72.0,67.58918640576725,-4.626080871828212,-1.7633632451550953,-0.8348676033587603,2.0952995892600588,0.30791229742612014,0.10912698412698413,0.09827586206896552,1998-08-20,28,-0.04816799075734508
810938,"Williamson, Ben",R,2025,27.814426891296783,27.7183425581374,-1.5543275772466367,-0.32054228846284627,22.53004089630083,23.70917432549903,-0.3954551260211874,-1.4260531902144233,21.594969701454087,21.784367441468536,201.0,383.0,94.0,201.0,277.42623161123055,265.9200081741764,20.212765957446805,22.388059701492537,31.976744186046513,34.29319371727749,16.417910447761194,21.93211488250653,1.2337852887837903,-11.506223437054132,2.1752937440457316,2.316449531230976,5.514204434745334,269.58639801513607,False,72.0,68.70558558558558,-0.3684838148370862,1.6812933457148076,0.6803951484892297,-1.2119121438547664,0.33574007220216606,0.20034246575342465,0.21694915254237288,2000-11-05,25,0.24675705775675807
810938,"Williamson, Ben",R,2026,29.052370022466977,29.17217072964908,19.604811904216,21.007527012866188,26.24563745734212,26.51486343914086,-27.29255274772519,-28.64440437955071,26.18786819333323,26.260416769135794,234.0,229.0,128.0,150.0,279.095875,292.48554666666666,17.96875,18.666666666666668,33.46153846153846,30.201342281879196,15.384615384615385,16.157205240174672,1.4027151086501881,13.389671666666686,0.6979166666666679,-3.260196179659264,0.7725898555592874,286.3205179856115,False,72.0,68.39549763033176,-1.7956141668691938,-0.37588696371714864,1.8564941818311036,-0.39763906087134915,0.3172043010752688,0.15766738660907129,0.18345323741007194,2000-11-05,26,0.28054302173003764
813841,"Cox, Jonah",R,2026,26.76111576208003,25.75747102785635,12.381753884966571,14.416187046048073,39.463411775907936,42.46086694740464,-12.641076290447883,-12.44084364199509,31.472962315023345,32.62311181714493,156.0,138.0,78.0,75.0,293.69661538461537,254.26224000000002,43.58974358974359,34.66666666666667,34.868421052631575,29.32330827067669,37.17948717948718,32.608695652173914,2.034433161081502,-39.43437538461535,-8.92307692307692,-5.545112781954884,-4.570791527313268,274.36603921568627,False,,,,,,,,,,2001-08-04,25,0.4068866322163004
814439,"Waldschmidt, Ryan",R,2026,22.087789898254343,22.07055049991467,-2.479953976674057,-2.753007996470646,31.347170138510457,34.69536341192282,-4.447154591453749,-5.007816462388593,41.557560415387606,42.04352649414496,143.0,333.0,86.0,196.0,293.55302325581397,301.75577551020405,24.418604651162788,32.142857142857146,18.857142857142858,26.80965147453083,23.776223776223777,31.23123123123123,-0.2730540197965894,8.202752254390077,7.724252491694358,7.9525086173879735,7.455007455007454,299.2542269503546,False,72.0,71.63406593406593,3.115066950271592,-0.7933564312783401,-1.008642430949856,-0.7885815344136119,0.2427007299270073,0.28991596638655465,0.2978723404255319,2002-10-07,24,-0.054610803959317875
