batter,name,side,year,opp,same,chase_opp,chase_same,rv100_opp,rv100_same,swings_opp,swings_same,whiff_opp,whiff_same,xwcon_opp,xwcon_same,diff,depth_all,gap_chase,gap_whiff,gap_rv100,gap_xwcon,is_R,depth_ft,diff_ft
453568,"Blackmon, Charlie",L,2024,26.827877234474176,27.266872483140368,30.31496062992126,25.906735751295336,0.6205009887936718,-0.10218446601941751,724.0,195.0,19.337016574585636,9.743589743589743,335.1965050695433,323.6784685666077,0.4389952486661919,27.047374858807274,-4.408224878625923,-9.593426830995893,-0.7226854548130893,-11.518036502935615,0.0,2.253947904900606,0.036582937388849324
455117,"Maldonado, Martín",R,2024,26.055666712870863,25.707193656369192,27.058823529411764,34.11764705882353,-4.597849462365591,-2.204312668463612,83.0,190.0,26.50602409638554,37.36842105263158,211.21659891598918,342.35657856026523,-0.34847305650167115,25.88143018462003,7.0588235294117645,10.862396956246041,2.3935367939019794,131.13997964427605,1.0,2.156785848718336,-0.029039421375139263
455117,"Maldonado, Martín",R,2025,26.03239863023458,26.304225396818612,28.282828282828284,32.903225806451616,0.9757575757575756,-2.2627397260273976,84.0,167.0,36.904761904761905,37.724550898203596,449.1922101668585,330.0692793394588,0.2718267665840308,26.168312013526595,4.620397523623332,0.8197889934416906,-3.238497301784973,-119.12293082739973,1.0,2.180692667793883,0.022652230548669234
456781,"Solano, Donovan",R,2024,28.033186628270943,28.208817827605984,27.734375,31.232876712328768,0.8175648702594809,0.315006468305304,228.0,373.0,19.29824561403509,22.5201072386059,357.9708606426253,364.7199712873319,0.17563119933504012,28.12100222793846,3.4985017123287676,3.22186162457081,-0.5025584019541769,6.749110644706548,1.0,2.3434168523282053,0.01463593327792001
456781,"Solano, Donovan",R,2025,27.085826452519704,27.423741778532133,37.055837563451774,35.66433566433567,-2.4158924205378973,1.1938983050847458,212.0,152.0,25.0,24.342105263157894,278.66031144781147,331.21687479187483,0.33791532601242835,27.25478411552592,-1.3915018991161077,-0.6578947368421062,3.609790725622643,52.55656334406336,1.0,2.27123200962716,0.028159610501035697
457705,"McCutchen, Andrew",R,2024,30.396315225306015,30.75005980102169,17.100371747211895,17.17557251908397,0.02682926829268284,0.5592964824120602,248.0,660.0,27.419354838709676,25.90909090909091,386.7592502776858,386.2159450204345,0.3537445757156732,30.57318751316385,0.07520077187207619,-1.510263929618766,0.5324672141193774,-0.5433052572512906,1.0,2.5477656260969876,0.029478714642972765
457705,"McCutchen, Andrew",R,2025,30.163058310298975,29.674553349453937,23.91304347826087,19.38382541720154,-0.13037383177570097,-0.34212765957446806,275.0,758.0,25.09090909090909,24.010554089709764,379.29410809359325,378.96847400848264,-0.488504960845038,29.918805829876455,-4.529218061059332,-1.080355001199326,-0.21175382779876709,-0.32563408511060743,1.0,2.493233819156371,-0.0407087467370865
457705,"McCutchen, Andrew",R,2026,30.628970631975836,30.605864335148908,14.43298969072165,27.848101265822784,-1.2146341463414634,-1.6092715231788077,91.0,69.0,26.373626373626372,36.231884057971016,254.82857142857145,263.11764705882354,-0.023106296826927775,30.61741748356237,13.415111575101134,9.858257684344643,-0.39463737683734434,8.289075630252086,1.0,2.5514514569635307,-0.0019255247355773146
457759,"Turner, Justin",R,2024,31.696665544585088,31.276205264930375,27.044025157232703,24.433849821215734,0.37218749999999995,0.11762270845653458,291.0,763.0,13.058419243986254,15.858453473132371,406.81567227793835,330.231191975765,-0.4204602796547121,31.48643540475773,-2.610175336016969,2.8000342291461173,-0.25456479154346534,-76.58448030217335,1.0,2.623869617063144,-0.035038356637892676
457759,"Turner, Justin",R,2025,32.960630492796014,33.4798945979838,28.571428571428573,26.11464968152866,-0.0884120171673819,-2.685671641791045,220.0,161.0,15.454545454545455,16.770186335403725,395.5727907993072,225.93367346938774,0.5192641051877871,33.22026254538991,-2.456778889899912,1.31564088085827,-2.597259624623663,-169.63911732991946,1.0,2.7683552121158255,0.04327200876564893
500743,"Rojas, Miguel",R,2024,29.79133840095272,29.11300599870643,28.761061946902654,26.273458445040216,-0.17009345794392516,0.5766283524904214,201.0,359.0,12.437810945273633,12.534818941504179,306.3213733075436,318.59547691294665,-0.6783324022462907,29.452172199829576,-2.487603501862438,0.09700799623054657,0.7467218104343466,12.27410360540307,1.0,2.4543476833191313,-0.05652770018719089
500743,"Rojas, Miguel",R,2025,29.402192072103837,29.577944112059495,18.939393939393938,32.59493670886076,1.9391385767790261,-1.4054054054054055,226.0,290.0,14.15929203539823,18.620689655172413,329.2119122911099,296.83072486882554,0.17575203995565758,29.490068092081664,13.65554276946682,4.461397619774182,-3.3445439821844314,-32.38118742228437,1.0,2.4575056743401387,0.014646003329638132
500743,"Rojas, Miguel",R,2026,28.73509078494718,29.27429859423251,31.309904153354633,34.69387755102041,1.2134380453752183,-2.0316363636363635,273.0,139.0,14.652014652014651,17.985611510791365,323.8,305.4202898550725,0.5392078092853296,29.004694689589844,3.3839733976657733,3.3335968587767137,-3.2450744090115817,-18.379710144927515,1.0,2.417057890799154,0.0449339841071108
502054,"Pham, Tommy",R,2024,29.837325994909232,30.45639446323061,15.0,19.883040935672515,-0.09092827004219414,-0.07646652864044168,186.0,593.0,17.204301075268816,22.596964586846543,380.38236577783704,382.7187891742801,0.6190684683213767,30.146860229069922,4.883040935672515,5.392663511577727,0.014461741401752465,2.336423396443081,1.0,2.5122383524224934,0.05158903902678139
502054,"Pham, Tommy",R,2025,30.953807798800423,31.61671564703178,19.444444444444443,20.075046904315197,-0.2860416666666667,0.0775526742301459,199.0,530.0,18.592964824120603,21.32075471698113,398.98875627261054,341.3172472935564,0.662907848231356,31.2852617229161,0.6306024598707545,2.727789892860528,0.3635943408968126,-57.671508979054124,1.0,2.6071051435763417,0.05524232068594633
502110,"Martinez, J.D.",R,2024,31.30090834757064,31.423327021523995,28.307692307692307,30.614973262032084,1.2947723440134906,-0.4026009582477756,280.0,716.0,27.5,30.58659217877095,555.5754077060966,421.74830885964457,0.12241867395335504,31.362117684547318,2.3072809543397774,3.0865921787709496,-1.6973733022612663,-133.82709884645203,1.0,2.61350980704561,0.010201556162779587
502671,"Goldschmidt, Paul",R,2024,25.23629046555526,24.906864443402533,24.571428571428573,31.30081300813008,1.1617478510028654,-0.20970443349753703,299.0,998.0,18.06020066889632,27.354709418837675,392.7648772795832,441.5888603249601,-0.3294260221527274,25.0715774544789,6.729384436701508,9.294508749941354,-1.3714522845004025,48.823983045376906,1.0,2.089298121206575,-0.027452168512727287
502671,"Goldschmidt, Paul",R,2025,26.632350278564353,25.607006322205596,20.915032679738562,30.333817126269956,1.927450980392157,-0.8046366782006921,277.0,722.0,13.71841155234657,20.083102493074794,476.65809909058726,333.9688688186469,-1.025343956358757,26.119678300384976,9.418784446531394,6.364690940728224,-2.732087658592849,-142.68923027194035,1.0,2.1766398583654145,-0.08544532969656309
502671,"Goldschmidt, Paul",R,2026,20.82119012821089,19.72590334637211,25.839793281653748,39.39393939393939,2.0179624664879356,-1.6027662517289072,317.0,389.0,18.29652996845426,28.79177377892031,416.9426229508196,328.8939393939394,-1.0952867818387801,20.2735467372915,13.554146112285643,10.49524381046605,-3.620728718216843,-88.04868355688023,1.0,1.689462228107625,-0.09127389848656502
514888,"Altuve, Jose",R,2024,11.187277728707905,11.253092989558288,36.857142857142854,37.07070707070707,2.301482701812191,0.17745790331341657,319.0,931.0,19.435736677115987,20.83780880773362,379.5293508281193,347.8164058435582,0.0658152608503837,11.220185359133097,0.21356421356421862,1.4020721306176327,-2.1240247984987746,-31.71294498456109,1.0,0.9350154465944248,0.005484605070865308
514888,"Altuve, Jose",R,2025,13.081415217677494,12.778307678502522,37.79527559055118,38.6969397828233,0.9170626349892009,0.32881081081081087,223.0,913.0,21.973094170403588,17.086527929901425,328.24987276821514,322.29267089486154,-0.303107539174972,12.929861448090008,0.901664192272122,-4.886566240502162,-0.5882518241783901,-5.957201873353597,1.0,1.0774884540075007,-0.025258961597914336
514888,"Altuve, Jose",R,2026,11.82075334721334,12.48909091101444,34.10852713178294,37.54601226993865,0.7194154488517744,-0.382103825136612,230.0,714.0,21.304347826086957,20.448179271708682,337.0888888888889,291.44224422442244,0.6683375638010993,12.15492212911389,3.437485138155708,-0.8561685543782751,-1.1015192739883863,-45.646644664466464,1.0,1.0129101774261575,0.05569479698342494
516782,"Marte, Starling",R,2024,17.58555818945399,17.046063310002,25.991189427312776,32.096069868995635,0.9268131868131869,-0.4814968814968815,224.0,482.0,24.107142857142858,25.933609958506224,460.243407352881,381.24384159425597,-0.5394948794519898,17.315810749727994,6.104880441682859,1.8264671013633667,-1.4083100683100684,-78.99956575862501,1.0,1.4429842291439996,-0.044957906620999154
516782,"Marte, Starling",R,2025,18.635462997314185,18.419966755603443,28.467153284671532,30.8411214953271,0.1355060034305318,0.1493293591654247,289.0,333.0,23.18339100346021,24.324324324324323,368.96241402484753,346.01989563980356,-0.215496241710742,18.527714876458816,2.373968210655569,1.1409333208641144,0.013823355734892906,-22.942518385043968,1.0,1.5439762397049013,-0.017958020142561832
516782,"Marte, Starling",R,2026,19.651946625634107,20.163329440581144,36.134453781512605,32.926829268292686,-0.9373949579831933,-1.718343195266272,250.0,92.0,25.2,21.73913043478261,322.8333333333333,402.41379310344826,0.5113828149470372,19.907638033107624,-3.207624513219919,-3.46086956521739,-0.7809482372830787,79.58045977011494,1.0,1.658969836092302,0.04261523457891977
518595,"d'Arnaud, Travis",R,2024,31.740186447239267,31.455970621019063,25.0,27.96934865900383,2.0647619047619052,-0.2967307692307693,165.0,521.0,29.696969696969695,29.558541266794627,505.5885167055166,373.54702101993917,-0.2842158262202048,31.598078534129165,2.969348659003831,-0.13842843017506823,-2.3614926739926747,-132.04149568557744,1.0,2.6331732111774304,-0.023684652185017068
518595,"d'Arnaud, Travis",R,2025,28.330673542288523,28.695640867086535,38.55421686746988,30.90909090909091,-1.7065868263473054,-1.088243626062323,95.0,378.0,35.78947368421053,29.1005291005291,424.18032493665675,341.41484157591276,0.3649673247980125,28.51315720468753,-7.645125958378973,-6.688944583681426,0.6183432002849825,-82.76548336074399,1.0,2.3760964337239607,0.03041394373316771
518595,"d'Arnaud, Travis",R,2026,30.371039960273063,29.669126159968744,34.883720930232556,30.76923076923077,-1.1497041420118344,-2.930656934306569,80.0,71.0,33.75,25.35211267605634,252.03846153846155,324.77272727272725,-0.7019138003043182,30.020083060120903,-4.114490161001786,-8.39788732394366,-1.7809527922947346,72.7342657342657,1.0,2.5016735883434085,-0.058492816692026516
518692,"Freeman, Freddie",L,2024,29.545596702214212,28.2980640863637,24.14187643020595,31.49425287356322,1.43570581257414,0.12809248554913294,796.0,449.0,18.21608040201005,17.59465478841871,415.69060866176466,354.6009628151291,-1.2475326158505133,28.921830394288953,7.352376443357269,-0.6214256135913416,-1.307613327025007,-61.08964584663556,0.0,2.410152532857413,-0.10396105132087612
518692,"Freeman, Freddie",L,2025,29.317976370680427,28.690761270273025,28.079911209766927,29.449838187702266,0.9837037037037036,1.4864823348694318,887.0,349.0,25.028184892897407,28.08022922636103,409.11547583194346,399.57869155481376,-0.6272151004074011,29.004368820476728,1.3699269779353394,3.0520443334636234,0.5027786311657282,-9.536784277129698,0.0,2.4170307350397273,-0.05226792503395009
518692,"Freeman, Freddie",L,2026,29.993953062478024,29.337432419077224,29.002079002079004,29.571106094808126,0.9971666666666668,-0.4064965197215777,884.0,439.0,19.79638009049774,24.145785876993166,416.67207792207796,382.4662162162162,-0.6565206434007997,29.665692740777622,0.5690270927291223,4.349405786495428,-1.4036631863882445,-34.205861705861764,0.0,2.4721410617314685,-0.05471005361673331
518934,"LeMahieu, DJ",R,2024,29.27010123073545,29.008095029837563,25.46583850931677,31.225296442687746,-2.686792452830189,-1.029657794676806,130.0,245.0,15.384615384615385,14.693877551020408,302.49213547646383,333.76669830933963,-0.2620062008978863,29.139098130286506,5.759457933370975,-0.6907378335949765,1.657134658153383,31.2745628328758,1.0,2.4282581775238756,-0.021833850074823857
518934,"LeMahieu, DJ",R,2025,30.59190868339047,30.22607354117572,18.095238095238095,27.5,-1.0214634146341466,0.56996996996997,74.0,152.0,16.216216216216218,21.710526315789473,300.8128078817734,368.3807719477251,-0.36583514221475255,30.408991112283097,9.404761904761905,5.494310099573255,1.5914333846041164,67.56796406595174,1.0,2.534082592690258,-0.03048626185122938
519203,"Rizzo, Anthony",L,2024,32.167199001026866,30.876448146843025,35.24150268336315,28.877005347593585,-0.3038139534883721,-1.1835195530726257,531.0,172.0,17.137476459510356,18.6046511627907,338.19930970524064,274.36919504643964,-1.290750854183841,31.521823573934945,-6.364497335769567,1.4671747032803424,-0.8797055995842535,-63.830114658800994,0.0,2.6268186311612456,-0.10756257118198675
519317,"Stanton, Giancarlo",R,2024,25.01718617001299,24.916462423806287,32.72727272727273,30.312035661218424,-0.2817164179104478,0.8424521072796936,267.0,590.0,30.337078651685392,32.3728813559322,448.141727022977,512.7265082181918,-0.10072374620670388,24.96682429690964,-2.4152370660543028,2.0358027042468088,1.1241685251901414,64.58478119521482,1.0,2.0805686914091366,-0.008393645517225323
519317,"Stanton, Giancarlo",R,2025,27.098330119712347,26.737926740725705,25.274725274725274,25.570776255707763,1.298533724340176,1.6737797956867195,135.0,368.0,34.81481481481482,34.78260869565217,424.01119844620155,549.4972262720684,-0.36040337898664276,26.918128430219028,0.29605098098248916,-0.0322061191626446,0.37524607134654353,125.48602782586681,1.0,2.243177369184919,-0.030033614915553564
521692,"Perez, Salvador",R,2024,29.69557681252987,29.439628797680236,45.96491228070175,42.10009813542689,0.8494382022471909,0.3144524735964424,321.0,1009.0,27.414330218068535,25.569871159563924,426.96551505651803,429.17053552035,-0.2559480148496327,29.567602805105054,-3.864814145274863,-1.8444590585046114,-0.5349857286507484,2.205020463831943,1.0,2.463966900425421,-0.02132900123746939
521692,"Perez, Salvador",R,2025,29.438713043051077,29.61644509577115,50.390625,40.12474012474012,-2.0547572815533983,0.37763975155279494,324.0,977.0,22.22222222222222,25.588536335721596,368.25580404916917,443.0530716248547,0.1777320527200743,29.527579069411114,-10.265884875259879,3.3663141134993744,2.4323970331061933,74.79726757568551,1.0,2.4606315891175927,0.014811004393339525
521692,"Perez, Salvador",R,2026,29.455128405489905,29.18630689274183,47.05882352941177,44.11764705882353,0.10878594249201289,-0.9847332924586143,360.0,906.0,21.11111111111111,24.944812362030905,388.90551181102364,349.94153846153847,-0.268821512748076,29.320717649115867,-2.941176470588239,3.8337012509197947,-1.093519234950627,-38.96397334948517,1.0,2.4433931374263222,-0.02240179272900633
527038,"Flores, Wilmer",R,2024,28.021498372658932,27.994544666242614,28.251121076233183,28.87323943661972,-0.757210401891253,-1.1116022099447511,192.0,231.0,11.979166666666666,11.688311688311689,310.1967898904284,283.1789887131502,-0.026953706416318113,28.00802151945077,0.622118360386537,-0.290854978354977,-0.3543918080534981,-27.017801177278216,1.0,2.3340017932875643,-0.002246142201359843
527038,"Flores, Wilmer",R,2025,27.744888357077674,27.658032532697145,27.0,30.33175355450237,-0.6551155115511551,0.19088145896656541,286.0,610.0,19.58041958041958,18.524590163934427,307.23773030045356,302.87903221747285,-0.08685582438052819,27.70146044488741,3.33175355450237,-1.0558294164851532,0.8459969705177205,-4.358698082980709,1.0,2.308455037073951,-0.007237985365044016
542194,"Bethancourt, Christian",R,2024,19.94086867685066,20.399780873975143,44.89795918367347,49.729729729729726,-0.7000000000000002,-1.4329376854599405,101.0,211.0,32.67326732673267,27.488151658767773,386.37317806521435,322.87968447289023,0.4589121971244836,20.1703247754129,4.831770546056255,-5.185115667964897,-0.7329376854599403,-63.493493592324114,1.0,1.680860397951075,0.038242683093706965
542303,"Ozuna, Marcell",R,2024,34.95762810268464,35.41402785826409,25.742574257425744,26.727726894254786,1.4484005563282334,1.6465341959334565,335.0,1010.0,30.149253731343283,28.712871287128714,459.31626904394585,525.6670124448598,0.45639975557945434,35.185827980474365,0.9851526368290422,-1.4363824442145692,0.19813363960522312,66.35074340091393,1.0,2.932152331706197,0.038033312964954526
542303,"Ozuna, Marcell",R,2025,34.50000909597842,34.38578424640085,20.895522388059703,22.884615384615383,0.360625,0.48052920619071404,241.0,798.0,19.91701244813278,24.93734335839599,362.0487748542943,420.14190154257443,-0.11422484957756751,34.44289667118964,1.98909299655568,5.020330910263208,0.11990420619071407,58.09312668828011,1.0,2.870241389265803,-0.009518737464797292
542303,"Ozuna, Marcell",R,2026,34.24398615448105,34.779010735997446,30.036630036630036,24.371859296482413,-0.7111349036402571,-1.090616966580977,198.0,330.0,29.7979797979798,27.575757575757574,391.734375,376.0961538461538,0.5350245815163959,34.51149844523925,-5.664770740147624,-2.222222222222225,-0.37948206294071996,-15.638221153846189,1.0,2.875958203769937,0.04458538179303299
543309,"Higashioka, Kyle",R,2024,30.783394361925765,30.197412471349143,30.508474576271187,26.345609065155806,0.22640449438202237,-0.028245363766048477,172.0,315.0,23.837209302325583,24.444444444444443,445.98814277872003,366.8566210844115,-0.5859818905766225,30.490403416637456,-4.162865511115381,0.60723514211886,-0.25464985814807084,-79.13152169430856,1.0,2.540866951386455,-0.048831824214718544
543309,"Higashioka, Kyle",R,2025,30.710605633213746,30.177064730434285,29.81651376146789,26.31578947368421,0.11738148984198646,-0.24641148325358853,210.0,366.0,18.095238095238095,23.224043715846996,401.96156228540593,318.77939545033564,-0.5335409027794604,30.443835181824014,-3.5007242877836795,5.128805620608901,-0.363792973095575,-83.18216683507029,1.0,2.536986265152001,-0.044461741898288366
543309,"Higashioka, Kyle",R,2026,31.109343324074537,30.289100092332223,36.134453781512605,28.467153284671532,1.013679245283019,-0.7100548446069468,99.0,234.0,27.272727272727273,24.358974358974358,377.1714285714286,325.0481927710843,-0.8202432317423138,30.699221708203382,-7.667300496841072,-2.9137529137529157,-1.7237340898899658,-52.123235800344276,1.0,2.558268475683615,-0.06835360264519282
543510,"McCann, James",R,2024,26.40226938878699,26.667613671616863,31.543624161073826,34.065934065934066,-0.8869565217391303,0.1085454545454545,171.0,280.0,25.730994152046783,26.785714285714285,384.2121705183099,394.0358663897124,0.2653442828298722,26.534941530201927,2.52230990486024,1.0547201336675016,0.9955019762845848,9.823695871402492,1.0,2.2112451275168272,0.02211202356915602
543510,"McCann, James",R,2025,24.23415102072115,24.24712892282943,29.702970297029704,33.75796178343949,0.42526881720430104,0.31635220125786173,85.0,163.0,25.88235294117647,30.67484662576687,410.3477366255144,354.1062902614627,0.012977902108278982,24.240639971775288,4.0549914864097865,4.792493684590401,-0.10891661594643931,-56.24144636405174,1.0,2.020053330981274,0.0010814918423565818
543510,"McCann, James",R,2026,24.40743565314048,25.009773618009422,35.38461538461539,43.604651162790695,-1.2170305676855893,0.8791044776119403,113.0,174.0,28.31858407079646,31.03448275862069,278.7317073170732,419.26984126984127,0.6023379648689406,24.70860463557495,8.220035778175308,2.715898687824229,2.0961350452975296,140.53813395276808,1.0,2.0590503862979124,0.05019483040574505
543760,"Semien, Marcus",R,2024,26.62421797993081,26.589404132462132,23.121387283236995,26.2,0.567117117117117,-0.18237684103605892,304.0,1009.0,15.789473684210526,20.118929633300297,395.1374515542024,319.2024464033796,-0.03481384746867633,26.60681105619647,3.078612716763004,4.3294559490897715,-0.7494939581531759,-75.9350051508228,1.0,2.217234254683039,-0.0029011539557230273
543760,"Semien, Marcus",R,2025,28.184405486127083,27.944070327705433,22.468354430379748,23.880597014925375,-0.8138648180242634,-0.24656437625083383,265.0,751.0,23.77358490566038,19.573901464713714,374.20899902205076,329.1669577595086,-0.24033515842165087,28.064237906916258,1.412242584545627,-4.199683440946664,0.5673004417734295,-45.04204126254217,1.0,2.3386864922430215,-0.020027929868470906
543760,"Semien, Marcus",R,2026,27.800494815477304,27.718231199327775,25.423728813559322,27.722772277227723,-0.5082892416225749,-0.978690807799443,263.0,722.0,20.15209125475285,21.46814404432133,358.0408163265306,324.3824561403509,-0.08226361614952893,27.75936300740254,2.2990434636684007,1.3160527895684808,-0.470401566176868,-33.65836018617972,1.0,2.3132802506168786,-0.006855301345794078
543807,"Springer, George",R,2024,25.290234810182938,24.98581336462809,19.72318339100346,24.9093107617896,-0.7906937394247039,0.10069930069930064,262.0,869.0,25.572519083969464,22.32451093210587,361.3942123185488,354.56988057482135,-0.30442144555484774,25.138024087405512,5.186127370786142,-3.248008151863594,0.8913930401240046,-6.824331743727441,1.0,2.094835340617126,-0.02536845379623731
543807,"Springer, George",R,2025,27.31491249622053,26.8632435355221,19.9288256227758,20.63305978898007,0.8781942078364564,2.521077012159815,269.0,797.0,24.1635687732342,23.337515683814303,411.6552825952192,480.5875161421407,-0.45166896069843077,27.089078015871316,0.7042341662042695,-0.8260530894198972,1.6428828043233585,68.93223354692151,1.0,2.2574231679892764,-0.037639080058202566
543807,"Springer, George",R,2026,26.753134948883485,26.679395220660595,23.529411764705884,26.051560379918588,0.16503378378378378,0.7125538020086084,295.0,662.0,20.677966101694917,21.45015105740181,297.84403669724776,338.06349206349205,-0.07373972822288977,26.71626508477204,2.5221486152127035,0.7721849557068943,0.5475200182248247,40.21945536624429,1.0,2.2263554237310035,-0.006144977351907481
543877,"Vázquez, Christian",R,2024,28.71351163042247,28.042356486767076,34.44444444444444,33.95225464190982,-1.6935211267605634,-1.0987261146496816,185.0,404.0,17.83783783783784,18.564356435643564,332.2228704171496,324.4881603595782,-0.671155143655394,28.377934058594775,-0.4921898025346252,0.7265185978057254,0.5947950121108818,-7.7347100575713625,1.0,2.364827838216231,-0.055929595304616164
543877,"Vázquez, Christian",R,2025,27.23606751723549,27.494824804089536,23.529411764705884,26.666666666666668,-2.4549800796812753,-0.5566037735849055,101.0,255.0,16.831683168316832,14.901960784313726,235.41737891737893,283.4116123303683,0.25875728685404553,27.365446160662515,3.137254901960784,-1.9297223840031066,1.8983763060963699,47.99423341298939,1.0,2.2804538467218762,0.021563107237837126
543877,"Vázquez, Christian",R,2026,28.69068000533601,29.39540281023124,37.93103448275862,35.86698337292162,-1.2666666666666668,-1.304123711340206,124.0,361.0,16.129032258064516,18.559556786703602,280.41304347826093,246.73758865248226,0.7047228048952299,29.043041407783626,-2.0640511098370027,2.4305245286390864,-0.037457044673539164,-33.67545482577867,1.0,2.4202534506486355,0.05872690040793582
545341,"Grichuk, Randal",R,2024,25.432792717001995,25.67459333230276,28.840970350404312,28.205128205128204,1.8031944444444443,-0.17304582210242603,352.0,163.0,18.181818181818183,18.404907975460123,424.5700249886759,382.36935636901103,0.24180061530076458,25.553693024652375,-0.6358421452761078,0.2230897936419396,-1.9762402665468703,-42.200668619664896,1.0,2.1294744187210313,0.020150051275063714
545341,"Grichuk, Randal",R,2025,24.98062343559102,25.142442656940204,33.0188679245283,29.12621359223301,-0.3176737160120847,-1.1639618138424823,332.0,193.0,19.27710843373494,15.544041450777202,427.1157203859791,335.5016199791037,0.1618192213491838,25.061533046265613,-3.8926543322952902,-3.733066982957739,-0.8462880978303976,-91.61410040687542,1.0,2.088461087188801,0.013484935112431984
545341,"Grichuk, Randal",R,2026,24.717955790207835,25.6612068106674,36.06060606060606,35.97560975609756,2.1382488479262673,-0.908049535603715,346.0,166.0,18.208092485549134,30.120481927710845,471.4634146341464,343.0,0.9432510204595665,25.189581300437617,-0.08499630450850049,11.912389442161711,-3.046298383529982,-128.46341463414637,1.0,2.099131775036468,0.07860425170496388
545361,"Trout, Mike",R,2025,29.83018695025299,29.9739453581702,23.868312757201647,20.0,-0.1673596673596673,0.8687192118226602,179.0,783.0,27.932960893854748,26.81992337164751,465.3452521564633,490.17507209902874,0.14375840791721117,29.902066154211596,-3.8683127572016467,-1.1130375222072395,1.0360788791823274,24.82981994256545,1.0,2.4918388461842995,0.011979867326434265
545361,"Trout, Mike",R,2026,27.506355032717277,27.80711414677619,17.36842105263158,21.547502448579824,0.6373173970783533,0.8582595101615424,291.0,758.0,19.93127147766323,23.7467018469657,443.38,468.10878661087867,0.30075911405891276,27.656734589746733,4.179081395948245,3.8154303693024687,0.22094211308318912,24.72878661087867,1.0,2.3047278824788946,0.025063259504909396
547180,"Harper, Bryce",L,2024,22.880976831783848,22.935551586619265,34.375,31.712473572938688,1.2635531135531135,1.5302857142857142,860.0,443.0,23.953488372093023,27.08803611738149,409.2988809245213,463.84376802121864,0.05457475483541785,22.908264209201555,-2.6625264270613123,3.134547745288465,0.26673260073260074,54.54488709669732,0.0,1.909022017433463,0.004547896236284821
547180,"Harper, Bryce",L,2025,23.547561715586923,23.580816819244696,32.94422827496757,39.69957081545064,1.133879374534624,0.9475294117647057,677.0,499.0,26.144756277695716,32.66533066132264,422.23927055757866,426.66532995888616,0.03325510365777262,23.56418926741581,6.7553425404830705,6.520574383626926,-0.18634996276991833,4.426059401307498,0.0,1.9636824389513174,0.0027712586381477187
547180,"Harper, Bryce",L,2026,24.53140651858264,24.668202813347968,31.53846153846154,33.82838283828383,2.4553739786297926,-0.4844632768361582,770.0,540.0,27.532467532467532,30.185185185185187,475.79026217228466,358.24675324675326,0.13679629476532895,24.5998046659653,2.2899212998222893,2.652717652717655,-2.939837255465951,-117.5435089255314,0.0,2.049983722163775,0.011399691230444079
547989,"Abreu, José",R,2024,25.38489297769068,25.11508488799669,27.848101265822784,36.024844720496894,-2.833974358974359,-2.6693939393939394,79.0,170.0,22.78481012658228,25.88235294117647,221.78879310344826,237.39725800515276,-0.2698080896939885,25.249988932843685,8.17674345467411,3.097542814594192,0.1645804195804197,15.608464901704508,1.0,2.1041657444036406,-0.02248400747449904
553869,"Díaz, Elias",R,2024,27.017688452239593,26.529218032981827,35.13513513513514,32.25806451612903,-0.7330917874396136,0.07579062159214826,225.0,487.0,23.11111111111111,28.13141683778234,308.34515275257115,326.52238605659863,-0.4884704192577658,26.77345324261071,-2.877070619006105,5.0203057266712285,0.8088824090317618,18.17723330402748,1.0,2.2311211035508927,-0.04070586827148048
553869,"Díaz, Elias",R,2025,26.752396525059357,26.504149563958514,34.81012658227848,27.855153203342617,-1.9303405572755419,-0.779532967032967,184.0,360.0,28.26086956521739,35.55555555555556,265.3442648622447,351.5419434871901,-0.24824696110084332,26.628273044508937,-6.954973378935861,7.2946859903381664,1.1508075902425747,86.19767862494541,1.0,2.219022753709078,-0.02068724675840361
553869,"Díaz, Elias",R,2026,25.051614481503396,25.2338395098026,42.0,34.94423791821561,0.2742499999999999,-1.8978599221789885,224.0,275.0,23.660714285714285,29.09090909090909,389.43243243243245,284.9418604651163,0.18222502829920373,25.142726995653,-7.055762081784387,5.430194805194805,-2.172109922178988,-104.49057196731616,1.0,2.09522724963775,0.015185419024933644
553993,"Suárez, Eugenio",R,2024,23.982369290810585,23.94785347903898,24.205378973105134,28.62190812720848,0.444636251541307,0.6900692840646652,350.0,850.0,31.142857142857142,25.529411764705884,499.46853728032306,403.93987365595046,-0.03451581177160534,23.965111384924782,4.416529154103348,-5.613445378151258,0.24543303252335819,-95.5286636243726,1.0,1.9970926154103985,-0.0028763176476337784
553993,"Suárez, Eugenio",R,2025,18.368862182842275,18.270586607746996,29.473684210526315,31.986899563318776,0.018701298701298788,1.230827474310438,368.0,946.0,33.42391304347826,29.80972515856237,407.95705711829766,423.65036991191397,-0.09827557509527907,18.319724395294635,2.5132153527924608,-3.6141878849158893,1.212126175609139,15.693312793616315,1.0,1.5266436996078863,-0.008189631257939922
553993,"Suárez, Eugenio",R,2026,21.287416636271377,20.73048207141442,24.76780185758514,29.726027397260275,0.45936395759717313,0.09548022598870064,225.0,680.0,34.22222222222222,29.705882352941178,416.64912280701753,390.49999999999994,-0.5569345648569559,21.0089493538429,4.958225539675134,-4.516339869281044,-0.3638837316084725,-26.14912280701759,1.0,1.7507457794869083,-0.04641121373807966
570482,"Urshela, Gio",R,2024,31.478628517216904,31.077652202493084,36.734693877551024,36.321483771251934,-2.5170103092783505,-0.17767584097859326,218.0,704.0,14.220183486238533,18.892045454545453,287.22446886446886,359.5078648837204,-0.40097631472382034,31.278140359854994,-0.41321010629908983,4.671861968306921,2.339334468299757,72.28339601925154,1.0,2.6065116966545827,-0.0334146928936517
570482,"Urshela, Gio",R,2025,31.01227473740447,30.906435165908388,44.66019417475728,37.638376383763834,-1.5156976744186048,-0.8636697247706422,94.0,305.0,37.234042553191486,24.59016393442623,359.6144862155388,321.80249714607623,-0.1058395714960838,30.95935495165643,-7.021817790993445,-12.643878618765257,0.6520279496479626,-37.811989069462584,1.0,2.579946245971369,-0.008819964291340318
571448,"Arenado, Nolan",R,2024,29.14807721215705,28.450169492418983,32.720588235294116,29.25311203319502,-0.5591474245115453,0.1913684210526316,284.0,864.0,14.084507042253522,16.087962962962962,341.01272772937006,308.06252400276657,-0.697907719738069,28.799123352288017,-3.467476202099096,2.00345592070944,0.7505158455641769,-32.95020372660349,1.0,2.3999269460240016,-0.05815897664483908
571448,"Arenado, Nolan",R,2025,32.53686752063273,31.767813145340675,39.39393939393939,32.19512195121951,-0.34102564102564104,-0.5795548227535037,204.0,574.0,13.72549019607843,17.59581881533101,319.42439380232724,290.5467566233817,-0.7690543752920576,32.152340332986704,-7.198817442719879,3.8703286192525805,-0.23852918172786264,-28.87763717894552,1.0,2.6793616944155585,-0.06408786460767146
571448,"Arenado, Nolan",R,2026,32.360444783806884,31.476240363572497,30.37249283667622,32.70300333704116,1.6866043613707165,0.4014907573047108,292.0,783.0,23.28767123287671,21.455938697318008,356.68518518518516,313.70307167235495,-0.8842044202343864,31.918342573689692,2.330510500364941,-1.8317325355587037,-1.2851136040660056,-42.98211351283021,1.0,2.6598618811408077,-0.07368370168619887
571657,"Farmer, Kyle",R,2024,24.217673228152577,25.507267591634548,28.92156862745098,36.607142857142854,0.06940639269406391,-1.336,202.0,226.0,18.81188118811881,20.353982300884955,407.5003855682685,244.61250434887637,1.2895943634819709,24.86247040989356,7.685574229691873,1.5421011127661437,-1.405406392694064,-162.8878812193921,1.0,2.0718725341577966,0.1074661969568309
571657,"Farmer, Kyle",R,2025,27.14210990416276,27.081480050942417,27.918781725888326,31.20805369127517,0.6080898876404495,-1.4541158536585366,210.0,324.0,20.952380952380953,18.82716049382716,353.4500530759424,318.45598609007334,-0.06062985322034109,27.111794977552588,3.289271965386842,-2.125220458553791,-2.0622057412989863,-34.99406698586904,1.0,2.2593162481293825,-0.0050524877683617575
571745,"Haniger, Mitch",R,2024,28.95489942812566,28.4518182810274,26.199261992619927,22.818791946308725,-1.4917098445595856,-0.3705682782018661,270.0,504.0,31.85185185185185,29.563492063492063,396.88214568929857,372.5365334765183,-0.5030811470982606,28.70335885457653,-3.3804700463112027,-2.288359788359788,1.1211415663577196,-24.34561221278028,1.0,2.3919465712147105,-0.041923428924855045
571771,"Hernández, Enrique",R,2024,26.799396587508493,27.44273038964594,26.470588235294116,26.35135135135135,-0.6077060931899642,-0.6743215031315241,259.0,481.0,18.91891891891892,23.492723492723492,363.83318434878066,307.53389555995074,0.6433338021374482,27.121063488577217,-0.1192368839427651,4.573804573804573,-0.0666154099415599,-56.29928878882993,1.0,2.2600886240481013,0.05361115017812068
571771,"Hernández, Enrique",R,2025,28.884707235295505,28.67023241769459,30.0,33.333333333333336,-0.6884615384615385,-1.1686688311688311,213.0,314.0,23.004694835680752,27.070063694267517,380.4247413681056,344.52902652063995,-0.2144748176009159,28.777469826495047,3.3333333333333357,4.0653688585867656,-0.4802072927072927,-35.89571484746563,1.0,2.3981224855412537,-0.01787290146674299
571912,"Maile, Luke",R,2024,27.202670241592543,27.883014034409825,25.714285714285715,26.52173913043478,-0.33604060913705586,-2.2278911564625847,86.0,201.0,19.767441860465116,28.855721393034827,311.5271978021978,300.29238365800865,0.6803437928172826,27.542842138001184,0.8074534161490661,9.088279532569711,-1.891850547325529,-11.234814144189158,1.0,2.295236844833432,0.056695316068106884
571970,"Muncy, Max",L,2024,26.339478769991544,27.42133936744072,20.081135902636916,20.80536912751678,1.1681270536692223,0.12889610389610384,362.0,129.0,28.7292817679558,31.007751937984494,439.29137263841875,369.62166236003446,1.0818605974491753,26.880409068716133,0.724233224879864,2.278470170028694,-1.0392309497731185,-69.66971027838429,0.0,2.240034089059678,0.09015504978743127
571970,"Muncy, Max",L,2025,26.734134897000654,27.95040429638912,19.43620178041543,21.951219512195124,1.6348450491307636,-1.359940652818991,553.0,146.0,21.15732368896926,26.027397260273972,418.1174719037115,396.6557048021778,1.216269399388466,27.342269596694887,2.515017731779693,4.870073571304712,-2.9947857019497546,-21.461767101533667,0.0,2.2785224663912405,0.10135578328237216
571970,"Muncy, Max",L,2026,28.297127350592593,29.52135550300125,24.053452115812917,32.196969696969695,1.1108796296296297,0.7237354085603115,755.0,244.0,25.43046357615894,29.508196721311474,429.5725190839695,392.94871794871796,1.2242281524086565,28.90924142679692,8.143517581156779,4.077733145152536,-0.38714422106931823,-36.62380113525154,0.0,2.4091034522330768,0.10201901270072138
572138,"Singleton, Jon",L,2024,29.32336725044391,29.90229330455316,22.633136094674555,23.170731707317074,0.8220169361046958,-1.817629179331307,539.0,122.0,25.602968460111317,40.16393442622951,403.311600397617,295.13644380311047,0.5789260541092531,29.612830277498535,0.5375956126425194,14.560965966118193,-2.639646115436003,-108.17515659450652,0.0,2.4677358564582113,0.04824383784243776
572191,"Taylor, Michael A.",R,2024,18.015907143118657,18.040526928814607,30.373831775700936,30.026109660574413,-1.300702576112412,-1.669649805447471,216.0,368.0,38.888888888888886,36.41304347826087,389.91253920965937,376.66992392607693,0.02461978569595047,18.028217035966634,-0.3477221151265226,-2.4758454106280183,-0.3689472293350591,-13.242615283582438,1.0,1.502351419663886,0.0020516488079958726
572191,"Taylor, Michael A.",R,2025,22.50592549280263,22.45502817126111,31.620553359683793,28.40909090909091,-0.3228624535315984,-1.14726507713885,292.0,337.0,36.986301369863014,36.201780415430264,424.334236871571,343.3220628035289,-0.0508973215415196,22.48047683203187,-3.211462450592883,-0.7845209544327503,-0.8244026236072515,-81.0121740680421,1.0,1.8733730693359891,-0.0042414434617933
572233,"Walker, Christian",R,2024,28.385816337514186,28.23023090955788,23.765432098765434,24.59584295612009,0.10500758725341416,0.9163265306122449,314.0,798.0,24.522292993630572,23.55889724310777,383.0556999690754,446.6047637483812,-0.15558542795630714,28.30802362353603,0.8304108573546571,-0.9633957505228032,0.8113189433588307,63.549063779305754,1.0,2.3590019686280024,-0.012965452329692262
572233,"Walker, Christian",R,2025,28.765662369645952,28.564700407937583,27.309236947791163,28.34170854271357,-0.31590909090909086,0.09984932194876944,282.0,1031.0,24.46808510638298,29.873908826382152,355.12295615993645,415.43062394102327,-0.20096196170836933,28.665181388791765,1.0324715949224057,5.405823719999173,0.4157584128578603,60.30766778108682,1.0,2.3887651157326473,-0.01674683014236411
572233,"Walker, Christian",R,2026,28.873617059834913,29.22270476027986,28.104575163398692,32.7,0.3700361010830324,-0.20751757706868584,258.0,952.0,27.131782945736433,26.470588235294116,305.8636363636364,360.13271604938274,0.3490877004449473,29.048160910057387,4.59542483660131,-0.6611947104423166,-0.5775536781517183,54.26907968574636,1.0,2.4206800758381157,0.029090641703745607
573262,"Yastrzemski, Mike",L,2024,28.075491387893805,28.240881300106732,23.086734693877553,26.81564245810056,0.24601381042059006,-0.2732044198895029,702.0,155.0,22.507122507122507,30.322580645161292,376.74625291666166,355.4762742303601,0.16538991221292676,28.15818634400027,3.728907764223006,7.815458138038785,-0.519218230310093,-21.269978686301556,0.0,2.346515528666689,0.013782492684410563
573262,"Yastrzemski, Mike",L,2025,29.08372204183922,28.861209851188065,21.03049421661409,26.842105263157894,0.5546025104602511,-2.2313725490196075,778.0,185.0,16.452442159383033,20.0,373.7533361574621,285.3918484505497,-0.22251219065115535,28.972465946513644,5.811611046543803,3.5475578406169674,-2.7859750594798585,-88.36148770691244,0.0,2.4143721622094705,-0.018542682554262946
575929,"Contreras, Willson",R,2024,18.8905648953749,18.030701106908698,28.415300546448087,30.337078651685392,1.1623563218390804,0.9249280920421861,160.0,528.0,30.625,34.09090909090909,433.6071601354621,455.96966842241807,-0.8598637884662033,18.4606330011418,1.9217781052373049,3.4659090909090935,-0.23742822979689437,22.362508286955972,1.0,1.5383860834284835,-0.07165531570551693
575929,"Contreras, Willson",R,2025,23.83433876378468,22.23277436937369,25.838926174496645,31.723237597911226,0.9242105263157896,0.4931489629164047,252.0,794.0,25.793650793650794,26.574307304785894,469.34776481835416,428.4683251538327,-1.601564394410989,23.033556566579186,5.88431142341458,0.7806565111350992,-0.4310615633993849,-40.87943966452144,1.0,1.919463047214932,-0.13346369953424908
575929,"Contreras, Willson",R,2026,27.355082520178744,26.79578151235665,30.88235294117647,35.17835178351783,2.7436860068259383,1.6394736842105264,266.0,736.0,28.195488721804512,29.483695652173914,474.340909090909,443.7422222222222,-0.5593010078220928,27.075432016267698,4.295998842341362,1.2882069303694017,-1.104212322615412,-30.598686868686798,1.0,2.2562860013556416,-0.04660841731850773
578428,"Iglesias, Jose",R,2024,19.946782776157395,20.132529457005912,37.967914438502675,40.294117647058826,2.2655913978494624,0.07344632768361574,193.0,371.0,12.435233160621761,15.36388140161725,365.63056202553486,322.0659309054477,0.1857466808485171,20.039656116581654,2.3262032085561515,2.9286482409954893,-2.1921450701658465,-43.56463112008714,1.0,1.669971343048471,0.015478890070709758
578428,"Iglesias, Jose",R,2025,22.649742705461605,22.271174683887697,33.333333333333336,34.308510638297875,-0.06852173913043474,-1.0977272727272729,270.0,344.0,18.14814814814815,15.988372093023257,286.5990168970814,295.4611238827623,-0.37856802157390845,22.46045869467465,0.9751773049645394,-2.159776055124892,-1.0292055335968382,8.862106985680896,1.0,1.8717048912228875,-0.03154733513115904
592178,"Bryant, Kris",R,2024,25.930435844663023,25.89441963172412,37.80487804878049,28.80658436213992,-3.1175324675324676,0.030396475770925045,77.0,213.0,38.96103896103896,32.394366197183096,320.66074380165287,365.8970052083333,-0.03601621293890389,25.91242773819357,-8.998293686640569,-6.566672763855863,3.1479289433033926,45.236261406680455,1.0,2.1593689781827976,-0.0030013510782419908
592192,"Canha, Mark",R,2024,23.125219997019332,22.35004144362368,21.47887323943662,24.525547445255473,0.6029059829059829,-0.2034306569343066,238.0,570.0,17.22689075630252,20.17543859649123,359.2251937671919,281.66039653074057,-0.7751785533956514,22.737630720321505,3.046674205818853,2.9485478401887093,-0.8063366398402895,-77.56479723645134,1.0,1.8948025600267921,-0.06459821278297095
592192,"Canha, Mark",R,2025,25.149996658191274,25.16826462798967,32.231404958677686,24.786324786324787,-1.4322097378277154,-2.423430962343096,127.0,105.0,15.748031496062993,28.571428571428573,327.5804580497889,242.4051282051282,0.018267969798397843,25.15913064309047,-7.445080172352899,12.82339707536558,-0.9912212245153806,-85.1753298446607,1.0,2.0965942202575394,0.0015223308165331535
592200,"Casali, Curt",R,2024,26.62401090593797,26.194449269603467,14.285714285714286,20.512820512820515,-1.1951690821256038,-1.1846441947565542,79.0,124.0,20.253164556962027,14.516129032258064,266.83125,273.74200358484785,-0.4295616363345012,26.409230087770716,6.227106227106228,-5.737035524703963,0.010524887369049551,6.910753584847839,1.0,2.200769173980893,-0.0357968030278751
592206,"Castellanos, Nick",R,2024,28.46555525604153,28.665548721786116,36.90851735015773,37.981859410430836,0.907740916271722,0.11370499419279913,363.0,997.0,26.446280991735538,28.18455366098295,447.2281760368226,383.3171238565344,0.19999346574458698,28.565551988913825,1.0733420602731059,1.7382726692474115,-0.7940359220789229,-63.91105218028821,1.0,2.3804626657428187,0.01666612214538225
592206,"Castellanos, Nick",R,2025,30.01957442980143,29.68272042326491,43.19371727748691,39.974779319041616,-0.4176553672316384,-0.13006849315068494,433.0,841.0,26.09699769053118,27.46730083234245,365.79840501089853,363.87823675850717,-0.33685400653651953,29.85114742653317,-3.218937958445295,1.37030314181127,0.2875868740809534,-1.9201682523913632,1.0,2.4875956188777644,-0.02807116721137663
592206,"Castellanos, Nick",R,2026,29.115004791859043,29.158284688668022,44.285714285714285,38.86010362694301,-1.803875968992248,-0.833048433048433,69.0,203.0,26.08695652173913,33.99014778325123,394.91666666666663,376.66101694915255,0.043279896808979146,29.136644740263534,-5.4256106587712765,7.903191261512102,0.9708275359438149,-18.255649717514075,1.0,2.4280537283552945,0.0036066580674149287
592273,"Drury, Brandon",R,2024,31.81118342489602,30.58852292845194,35.57046979865772,24.11873840445269,-2.9367346938775514,-1.5144021739130435,144.0,508.0,25.694444444444443,21.653543307086615,270.70815928710664,302.3974750811754,-1.2226604964440781,31.19985317667398,-11.45173139420503,-4.040901137357828,1.4223325199645078,31.68931579406876,1.0,2.5999877647228318,-0.10188837470367318
592450,"Judge, Aaron",R,2024,29.737354034076233,29.7102816061042,19.471153846153847,18.47426470588235,3.5430188679245282,3.1868238557558946,299.0,914.0,31.103678929765888,28.00875273522976,625.8020090699404,621.7760485552875,-0.027072427972033353,29.72381782009022,-0.9968891402714952,-3.0949261945361286,-0.3561950121686337,-4.025960514652866,1.0,2.4769848183408514,-0.0022560356643361126
592450,"Judge, Aaron",R,2025,26.373094944646148,26.19382108278188,23.905723905723907,22.17111315547378,3.45,2.6912796208530807,252.0,897.0,34.12698412698413,31.884057971014492,651.6732260391321,571.3280239681492,-0.1792738618642673,26.283458013714014,-1.734610750250127,-2.2429261559696343,-0.7587203791469195,-80.34520207098296,1.0,2.190288167809501,-0.014939488488688943
592450,"Judge, Aaron",R,2026,25.248909651859943,25.38509573731901,24.0,27.4468085106383,1.5709944751381217,1.292316513761468,142.0,385.0,35.2112676056338,29.09090909090909,531.0,539.125,0.13618608545906596,25.317002694589476,3.4468085106382986,-6.12035851472471,-0.2786779613766537,8.125,1.0,2.109750224549123,0.011348840454922163
592518,"Machado, Manny",R,2024,24.141857730854948,24.593214131188493,26.070038910505836,30.90507726269316,0.5662790697674418,0.6099523557437798,240.0,992.0,26.25,21.27016129032258,429.6655353134277,392.3417813014389,0.4513564003335446,24.36753593102172,4.835038352187322,-4.97983870967742,0.04367328597633802,-37.3237540119888,1.0,2.03062799425181,0.03761303336112872
592518,"Machado, Manny",R,2025,24.44215317079674,24.75714483432969,27.647058823529413,30.541368743615934,0.7352209944751383,0.26017516743946417,349.0,974.0,24.355300859598852,24.229979466119097,397.8696858913427,417.8105565810923,0.3149916635329504,24.599649002563215,2.8943099200865205,-0.12532139347975502,-0.47504582703567416,19.9408706897496,1.0,2.049970750213601,0.026249305294412533
592518,"Machado, Manny",R,2026,28.107585682978183,28.59451150961831,32.11267605633803,29.69814995131451,-0.44175654853620955,0.15252165053489558,303.0,936.0,23.102310231023104,23.076923076923077,373.9908256880734,370.5866261398176,0.4869258266401282,28.35104859629825,-2.4145261050235227,-0.02538715410002723,0.5942781990711051,-3.4041995482558036,1.0,2.362587383024854,0.04057715222001068
592626,"Pederson, Joc",L,2024,29.546557303056954,33.18274814463156,30.4247990815155,23.80952380952381,1.857836508912108,1.002688172043011,732.0,60.0,21.584699453551913,35.0,447.1707379650799,376.8809523809523,3.6361908415746065,31.36465272384426,-6.615275271991688,13.415300546448087,-0.8551483368690971,-70.28978558412763,0.0,2.613721060320355,0.30301590346455054
592626,"Pederson, Joc",L,2026,29.65524306566059,31.700936248319103,29.987452948557088,29.213483146067414,0.9556265984654733,-1.3765060240963856,744.0,65.0,27.419354838709676,30.76923076923077,403.21317829457365,386.47058823529414,2.045693182658514,30.678089656989847,-0.773969802489674,3.349875930521094,-2.3321326225618586,-16.742590059279507,0.0,2.5565074714158205,0.17047443188820952
592663,"Realmuto, J.T.",R,2024,30.234202272307424,30.585249770727582,30.56768558951965,30.297397769516728,0.8557377049180326,-0.15245009074410165,244.0,555.0,20.901639344262296,23.423423423423422,454.63147142590157,413.49001113576185,0.3510474984201579,30.409726021517503,-0.27028782000292395,2.521784079161126,-1.0081877956621343,-41.14146029013972,1.0,2.5341438351264585,0.029253958201679826
592663,"Realmuto, J.T.",R,2025,31.080504755833314,31.616589668110613,31.545741324921135,32.58706467661692,-0.8325153374233129,0.10232408005164628,306.0,762.0,22.22222222222222,20.99737532808399,378.0681519120855,382.23202706543043,0.5360849122772997,31.34854721197196,1.0413233516957838,-1.2248468941382313,0.9348394174749591,4.163875153344918,1.0,2.6123789343309967,0.044673742689774976
592663,"Realmuto, J.T.",R,2026,30.704180117791783,31.034397253136454,31.297709923664122,29.446935724962632,-0.9796680497925312,-0.621592649310873,221.0,611.0,18.099547511312217,23.404255319148938,325.09523809523813,375.7556561085973,0.3302171353446717,30.86928868546412,-1.8507741987014903,5.304707807836721,0.3580754004816582,50.66041801335916,1.0,2.572440723788677,0.027518094612055972
592669,"Renfroe, Hunter",R,2024,29.301561875299136,29.717581766389333,30.364372469635626,24.786324786324787,0.3175257731958763,-0.028339041095890468,230.0,504.0,18.695652173913043,23.214285714285715,343.41493498213134,318.3251975247831,0.41601989109019755,29.509571820844236,-5.578047683310839,4.518633540372672,-0.3458648142917668,-25.089737457348235,1.0,2.459130985070353,0.03466832425751646
592669,"Renfroe, Hunter",R,2025,28.8632756368524,28.834941852405706,20.28985507246377,28.68217054263566,-1.2260273972602742,-3.2412244897959184,64.0,108.0,14.0625,25.925925925925927,369.7704274891775,220.5607442203187,-0.02833378444669421,28.849108744629053,8.39231547017189,11.863425925925927,-2.015197092535644,-149.2096832688588,1.0,2.4040923953857543,-0.002361148703891184
592885,"Yelich, Christian",L,2024,27.943708197059312,27.89299016242935,24.291497975708502,26.595744680851062,1.6559734513274336,1.0355013550135501,409.0,169.0,20.04889975550122,21.301775147928993,436.01347796329173,375.7505430922921,-0.050718034629962716,27.918349179744332,2.3042467051425604,1.2528753924277716,-0.6204720963138834,-60.26293487099963,0.0,2.3265290983120277,-0.004226502885830226
592885,"Yelich, Christian",L,2025,27.68340375620856,27.931267897738113,25.24271844660194,26.30272952853598,1.0530395984383714,-0.3112607099143207,813.0,365.0,26.445264452644526,26.575342465753426,439.90499965867735,340.4403365400054,0.24786414152955416,27.807335826973336,1.0600110819340394,0.13007801310889988,-1.3643003083526921,-99.46466311867198,0.0,2.317277985581111,0.020655345127462848
592885,"Yelich, Christian",L,2026,27.872012752863593,28.24369241441434,23.84020618556701,25.641025641025642,-0.17553333333333335,-0.9288073394495414,667.0,253.0,29.835082458770614,21.73913043478261,389.82191780821915,350.68674698795184,0.37167966155074694,28.05785258363897,1.8008194554586332,-8.095952023988005,-0.7532740061162081,-39.13517082026732,0.0,2.338154381969914,0.030973305129228912
593160,"Merrifield, Whit",R,2024,26.221481300708152,29.280468919620585,26.027397260273972,25.376344086021504,-0.6986301369863014,-0.6629504504504505,212.0,388.0,21.22641509433962,14.948453608247423,292.95637896556417,308.811191008842,3.0589876189124325,27.75097511016437,-0.6510531742524677,-6.277961486092199,0.03567968653585085,15.854812043277832,1.0,2.312581259180364,0.25491563490936936
593428,"Bogaerts, Xander",R,2024,15.58034952961991,15.896335580824744,22.641509433962263,26.710097719869708,-0.5020979020979021,-0.192008797653959,178.0,613.0,17.97752808988764,16.150081566068515,316.810662331561,353.53279944002986,0.3159860512048329,15.738342555222328,4.068588285907445,-1.8274465238191269,0.31008910444394305,36.72213710846887,1.0,1.3115285462685273,0.026332170933736077
593428,"Bogaerts, Xander",R,2025,19.551261603211145,19.771781134713812,21.140939597315437,24.615384615384617,-0.0014128728414443028,-0.3215499660095173,256.0,621.0,17.1875,20.933977455716587,394.91575307909335,341.62367837599766,0.22051953150266712,19.66152136896248,3.4744450180691793,3.7464774557165867,-0.320137093168073,-53.29207470309569,1.0,1.6384601140802066,0.01837662762522226
593428,"Bogaerts, Xander",R,2026,24.283086849794326,24.618963169538205,25.0,21.914648212226066,-0.4707438016528926,-0.2269888037713612,255.0,698.0,20.0,21.48997134670487,327.825,341.87152777777777,0.3358763197438783,24.451025009666267,-3.0853517877739343,1.4899713467048699,0.2437549978815314,14.046527777777783,1.0,2.037585417472189,0.02798969331198986
594807,"Duvall, Adam",R,2024,26.37790952331465,26.532662690260015,29.921259842519685,35.732647814910024,1.1483122362869198,-2.4982051282051283,225.0,389.0,23.11111111111111,27.249357326478147,457.66973099066223,312.6445444888445,0.15475316694536545,26.455286106787334,5.811387972390339,4.138246215367037,-3.6465173644920483,-145.02518650181776,1.0,2.204607175565611,0.012896097245447121
595281,"Kiermaier, Kevin",L,2024,28.338194458442487,28.721584196548296,32.49370277078086,33.00970873786408,-1.418641975308642,-1.828,451.0,99.0,32.37250554323725,35.35353535353536,332.47852693021747,255.14839572192517,0.3833897381058087,28.52988932749539,0.516005967083224,2.9810298102981037,-0.4093580246913582,-77.3301312082923,0.0,2.3774907772912823,0.03194914484215072
595879,"Báez, Javier",R,2024,25.864420137817692,27.44752197114601,42.27642276422764,43.26086956521739,-2.8633484162895932,-1.6683107274969173,119.0,419.0,23.529411764705884,29.832935560859188,300.5743835874271,340.10785746739197,1.5831018333283176,26.655971054481853,0.9844468009897511,6.3035237961533035,1.195037688792676,39.533473879964845,1.0,2.221330921206821,0.1319251527773598
595879,"Báez, Javier",R,2025,19.23097495458067,19.763411482123,47.84313725490196,45.18388791593695,0.18949579831932772,-0.7638497652582159,264.0,583.0,23.484848484848484,30.53173241852487,390.7151618452149,320.1526915343322,0.5324365275423304,19.497193218351835,-2.6592493389650116,7.046883933676387,-0.9533455635775436,-70.5624703108827,1.0,1.6247661015293196,0.044369710628527535
595879,"Báez, Javier",R,2026,28.377979172369976,27.528062476087065,47.524752475247524,47.22222222222222,-0.425668449197861,-1.6840816326530612,110.0,262.0,26.363636363636363,28.625954198473284,380.2888888888889,276.1530612244898,-0.8499166962829108,27.95302082422852,-0.3025302530253029,2.262317834836921,-1.2584131834552001,-104.13582766439907,1.0,2.3294184020190434,-0.07082639135690923
595909,"Cave, Jake",L,2024,23.231970857494687,23.336177973592083,33.73083475298126,31.428571428571427,-0.13109807208717525,-4.492307692307692,622.0,84.0,24.437299035369776,34.523809523809526,384.5314637659803,245.4782608695652,0.10420711609739541,23.284074415543387,-2.3022633244098323,10.08651048843975,-4.361209620220517,-139.0532028964151,0.0,1.9403395346286156,0.008683926341449618
595978,"Hedges, Austin",R,2024,27.57312953020367,28.794894223522647,25.96153846153846,29.655172413793103,-1.9689075630252102,-3.225165562913907,136.0,154.0,32.35294117647059,30.51948051948052,266.08985507246376,171.90484330484333,1.2217646933189776,28.18401187686316,3.6936339522546433,-1.8334606569900664,-1.256257999888697,-94.18501176762044,1.0,2.3486676564052633,0.10181372444324814
595978,"Hedges, Austin",R,2025,30.55801533484472,30.6858126021058,29.585798816568047,29.281767955801104,-1.6273775216138326,-1.8994117647058826,178.0,173.0,29.775280898876403,27.745664739884393,281.99883945598714,256.91900002069497,0.1277972672610801,30.62191396847526,-0.3040308607669431,-2.0296161589920096,-0.27203424309204993,-25.079839435292172,1.0,2.5518261640396047,0.010649772271756675
595978,"Hedges, Austin",R,2026,31.324059949290508,32.128284352193184,24.267782426778243,27.391304347826086,0.9600436681222706,-0.5134361233480176,202.0,203.0,21.287128712871286,25.123152709359605,279.4157303370786,297.7341772151899,0.8042244029026762,31.726172150741846,3.1235219210478427,3.8360239964883185,-1.4734797914702882,18.318446878111274,1.0,2.6438476792284873,0.06701870024188968
596103,"Slater, Austin",R,2024,28.49554681728416,28.302827668547906,20.333333333333332,14.615384615384615,-0.8202702702702704,-0.053684210526315626,261.0,113.0,27.586206896551722,27.43362831858407,329.3311281618283,427.02056492582807,-0.19271914873625562,28.399187242916035,-5.717948717948717,-0.1525785779676525,0.7665860597439548,97.68943676399977,1.0,2.3665989369096696,-0.016059929061354634
596103,"Slater, Austin",R,2025,33.81173414739422,33.98407067006284,28.88888888888889,26.717557251908396,-0.06216931216931213,-1.6087452471482888,196.0,122.0,21.93877551020408,24.59016393442623,545.0386965423861,360.65209151959147,0.17233652266862265,33.89790240872853,-2.1713316369804936,2.651388424222148,-1.5465759349789767,-184.38660502279464,1.0,2.824825200727377,0.014361376889051888
596115,"Story, Trevor",R,2025,25.480954005273382,25.786547496871144,35.714285714285715,35.08968609865471,0.4012403100775192,0.13427947598253273,362.0,982.0,24.585635359116022,28.105906313645622,400.07795348423303,404.9072928634744,0.3055934915977616,25.633750751072263,-0.6245996156310056,3.5202709545296003,-0.2669608340949865,4.8293393792413895,1.0,2.1361458959226884,0.02546612429981347
596115,"Story, Trevor",R,2026,25.113584434693916,25.519132163534422,40.55944055944056,44.6927374301676,-0.2929961089494164,-1.0162241887905605,138.0,382.0,30.434782608695652,26.701570680628272,416.77500000000003,328.12295081967216,0.4055477288405065,25.31635829911417,4.133296870727037,-3.73321192806738,-0.7232280798411441,-88.65204918032788,1.0,2.1096965249261808,0.03379564407004221
596117,"Stubbs, Garrett",L,2024,26.840942856039852,26.773498573353628,31.782945736434108,30.70175438596491,-1.3843999999999999,-0.8756410256410256,244.0,113.0,24.59016393442623,18.58407079646018,280.64688644688647,266.1797297297297,-0.06744428268622471,26.80722071469674,-1.0811913504691972,-6.006093137966051,0.5087589743589742,-14.467156717156797,0.0,2.233935059558062,-0.0056203568905187256
596142,"Sánchez, Gary",R,2024,32.11551305725458,32.2053948758293,25.099601593625497,28.115942028985508,0.6645999999999999,-0.32355623100303954,216.0,255.0,25.925925925925927,29.41176470588235,421.1596399972102,352.6835317494412,0.08988181857471744,32.16045396654194,3.0163404353600107,3.485838779956424,-0.9881562310030394,-68.47610824776899,1.0,2.6800378305451615,0.00749015154789312
596142,"Sánchez, Gary",R,2025,32.93816345727147,32.64536997734188,32.95454545454545,17.54385964912281,-1.8196531791907515,0.8293388429752064,80.0,96.0,26.25,20.833333333333332,316.49605869512493,453.05375206745816,-0.2927934799295926,32.79176671730667,-15.410685805422645,-5.416666666666668,2.6489920221659577,136.55769337233323,1.0,2.732647226442223,-0.024399456660799384
596142,"Sánchez, Gary",R,2026,34.401186493043596,33.91917529247392,24.731182795698924,20.327868852459016,1.094,0.5529605263157894,175.0,222.0,28.0,24.324324324324323,352.45454545454544,355.8571428571429,-0.48201120056967284,34.16018089275876,-4.403313943239908,-3.675675675675677,-0.5410394736842107,3.4025974025974506,1.0,2.84668174106323,-0.04016760004747274
596146,"Kepler, Max",L,2024,34.362346110225886,34.47524072373275,29.915966386554622,32.098765432098766,-0.08120748299319733,-0.1298136645962733,615.0,167.0,21.6260162601626,22.75449101796407,348.59069962248753,351.3939491770001,0.11289461350686736,34.41879341697932,2.1827990455441437,1.1284747578014702,-0.048606181603075976,2.803249554512547,0.0,2.8682327847482765,0.009407884458905613
596146,"Kepler, Max",L,2025,32.325470966265414,32.92013322452303,26.682986536107713,26.41509433962264,-0.13190145293746056,-1.4585657370517928,751.0,127.0,21.70439414114514,23.62204724409449,386.0360768328679,298.00365085837825,0.594662258257614,32.62280209539422,-0.26789219648507157,1.9176531029493482,-1.3266642841143323,-88.03242597448963,0.0,2.718566841282852,0.0495551881881345
602104,"Urías, Ramón",R,2024,30.125935429279156,30.214393307357035,27.32919254658385,25.176470588235293,1.1836923076923074,0.14539951573849874,172.0,398.0,22.093023255813954,25.376884422110553,381.077102611401,363.0023890565864,0.08845787807787886,30.170164368318098,-2.1527219583485575,3.2838611662965995,-1.0382927919538085,-18.074713554814593,1.0,2.514180364026508,0.007371489839823238
602104,"Urías, Ramón",R,2025,29.541068044269025,29.63498651283423,30.923694779116467,25.963488843813387,0.30605427974947813,-0.7171511627906977,243.0,497.0,25.925925925925927,23.138832997987926,363.1895592266957,329.1627473748815,0.09391846856520658,29.58802727855163,-4.96020593530308,-2.7870929279380015,-1.0232054425401758,-34.02681185181416,1.0,2.4656689398793024,0.007826539047100548
602104,"Urías, Ramón",R,2026,29.893436796290395,29.62201842716418,20.987654320987655,29.0,3.028947368421052,-3.3047846889952157,65.0,109.0,18.46153846153846,22.01834862385321,514.4230769230769,177.00000000000003,-0.2714183691262164,29.757727611727287,8.012345679012345,3.5568101623147506,-6.333732057416268,-337.4230769230769,1.0,2.479810634310607,-0.0226181974271847
605113,"Ahmed, Nick",R,2024,35.82584944354969,35.68184978038031,35.46099290780142,36.134453781512605,0.06666666666666662,-2.2608614232209736,171.0,289.0,20.46783625730994,25.60553633217993,364.46340212046886,286.45855555641987,-0.14399966316938162,35.753849611965,0.6734608737111856,5.13770007486999,-2.32752808988764,-78.00484656404899,1.0,2.97948746766375,-0.011999971930781802
605131,"Barnes, Austin",R,2024,27.14525868987977,26.96560953369801,14.516129032258064,20.689655172413794,0.9487012987012987,-1.171559633027523,77.0,201.0,14.285714285714286,21.890547263681594,373.86884311340833,287.9727490421456,-0.17964915618176036,27.05543411178889,6.1735261401557295,7.604832977967307,-2.1202609317288217,-85.89609407126272,1.0,2.254619509315741,-0.014970763015146696
605141,"Betts, Mookie",R,2024,24.55976987619321,24.78234902460938,24.169184290030213,19.751381215469614,0.7539291217257318,1.4073309608540925,269.0,557.0,11.152416356877323,15.439856373429084,397.3004606268033,351.2107240101226,0.22257914841616966,24.671059450401295,-4.417803074560599,4.287440016551761,0.6534018391283607,-46.08973661668068,1.0,2.0559216208667745,0.01854826236801414
605141,"Betts, Mookie",R,2025,25.870922444051708,25.64467481132758,22.067039106145252,21.420118343195266,0.6366713681241185,0.15280771412365282,285.0,728.0,13.68421052631579,14.697802197802197,324.51423956416915,331.7353583265365,-0.22624763272412807,25.757798627689645,-0.6469207629499856,1.0135916714864077,-0.4838636540004657,7.221118762367382,1.0,2.146483218974137,-0.01885396939367734
605141,"Betts, Mookie",R,2026,26.844730243920516,26.409408261745924,20.394736842105264,19.633943427620633,0.4554294975688818,0.6399678972712682,242.0,523.0,7.43801652892562,13.001912045889101,362.9632352941177,337.9520295202952,-0.4353219821745924,26.62706925283322,-0.7607934144846311,5.563895516963481,0.18453839970238645,-25.011205773822496,1.0,2.2189224377361016,-0.0362768318478827
605204,"Davis, J.D.",R,2024,29.289658799116513,30.61150028784336,22.123893805309734,26.41509433962264,-0.7898734177215191,-0.9644886363636367,111.0,191.0,27.92792792792793,31.413612565445025,353.39574961080336,335.71302206455834,1.3218414887268466,29.950579543479936,4.291200534312907,3.485684637517096,-0.1746152186421176,-17.68272754624502,1.0,2.495881628623328,0.11015345739390388
605361,"Martini, Nick",L,2024,29.7622263653199,29.95194532476197,25.619834710743802,47.36842105263158,-0.18636363636363623,-1.1754237288135592,238.0,72.0,20.58823529411765,22.22222222222222,342.1159534158559,274.3946083788707,0.18971895944206807,29.857085845040935,21.74858634188778,1.633986928104573,-0.9890600924499229,-67.72134503698521,0.0,2.4880904870867444,0.015809913286839006
606115,"Arcia, Orlando",R,2024,27.880285660233664,27.86693412914751,27.68729641693811,27.40998838559814,-1.1246231155778896,-0.49838709677419357,286.0,857.0,23.076923076923077,23.687281213535588,300.3326406260549,297.8407091429897,-0.013351531086154722,27.87360989469059,-0.2773080313399703,0.6103581366125113,0.6262360188036961,-2.4919314830652297,1.0,2.322800824557549,-0.0011126275905128935
606115,"Arcia, Orlando",R,2025,28.329176299256204,28.009808927132383,34.065934065934066,32.74021352313167,-0.5364583333333333,-1.6844594594594593,107.0,316.0,20.560747663551403,22.151898734177216,271.5373511812967,281.12976093903956,-0.31936737212382127,28.169492613194294,-1.3257205428023937,1.5911510706258127,-1.148001126126126,9.592409757742871,1.0,2.3474577177661913,-0.026613947676985106
606192,"Hernández, Teoscar",R,2024,31.5118285726456,31.1217164351886,28.143712574850298,29.054726368159205,1.3325227963525836,0.8823319755600812,330.0,1004.0,30.606060606060606,31.772908366533866,517.5091459040964,437.27544818511046,-0.39011213745700246,31.3167725039171,0.9110137933089071,1.16684776047326,-0.4501908207925024,-80.23369771898592,1.0,2.6097310419930917,-0.03250934478808354
606192,"Hernández, Teoscar",R,2025,30.720776100826875,30.73695839895683,29.583333333333332,30.208333333333332,0.2378881987577641,0.07287522603978294,253.0,825.0,28.063241106719367,29.939393939393938,383.6855164964289,416.9049520301233,0.016182298129955086,30.728867249891852,0.625,1.8761528326745704,-0.16501297271798115,33.21943553369442,1.0,2.5607389374909877,0.0013485248441629238
606192,"Hernández, Teoscar",R,2026,31.639348086643903,31.493107117492094,31.952662721893493,29.562594268476623,1.3969018932874353,-0.18912710566615618,275.0,617.0,30.181818181818183,29.497568881685574,472.09574468085106,395.8536585365854,-0.1462409691518083,31.566227602067997,-2.3900684534168697,-0.6842493001326098,-1.5860289989535914,-76.24208614426567,1.0,2.630518966839,-0.012186747429317357
607043,"Nimmo, Brandon",L,2024,26.59827287291684,26.79312448594527,22.39089184060721,29.938271604938272,0.3292601431980907,0.19908116385911176,929.0,300.0,20.344456404736274,24.333333333333332,395.6485621130087,378.1344320061448,0.19485161302842968,26.695698679431054,7.547379764331062,3.9888769285970582,-0.13017897933897896,-17.514130106863945,0.0,2.2246415566192543,0.016237634419035807
607043,"Nimmo, Brandon",L,2025,28.193327778202608,28.405656419512383,22.85012285012285,27.688172043010752,0.22239554317548743,-0.13563501849568438,831.0,394.0,21.660649819494584,21.82741116751269,375.1933431392866,372.57858736399186,0.21232864130977447,28.299492098857495,4.838049192887901,0.16676134801810605,-0.3580305616711718,-2.614755775294725,0.0,2.3582910082381248,0.017694053442481206
607043,"Nimmo, Brandon",L,2026,26.474450339364804,27.01546113125903,29.336437718277065,28.531073446327685,-0.7188248716486023,1.5319350473612992,881.0,389.0,19.863791146424518,22.36503856041131,426.97577854671283,376.1793103448276,0.5410107918942266,26.74495573531192,-0.8053642719493794,2.5012474139867926,2.2507599190099015,-50.796468201885205,0.0,2.228746311275993,0.04508423265785222
607208,"Turner, Trea",R,2024,27.711513848288657,27.64795426577571,31.47632311977716,35.20923520923521,1.6128129602356405,0.6421245421245422,362.0,736.0,23.480662983425415,24.72826086956522,397.5917650810861,358.08751643535146,-0.0635595825129478,27.679734057032185,3.7329120894580505,1.247597886139804,-0.9706884181110983,-39.50424864573466,1.0,2.3066445047526822,-0.005296631876078983
607208,"Turner, Trea",R,2025,28.714564576917727,28.963553467159763,31.862745098039216,30.834340991535672,0.8057915057915058,0.9259327217125382,410.0,828.0,18.536585365853657,25.241545893719806,355.4762983474508,355.528386940361,0.2489888902420354,28.839059022038747,-1.0284041065035439,6.704960527866149,0.12014121592103233,0.052088592910195075,1.0,2.403254918503229,0.020749074186836285
607208,"Turner, Trea",R,2026,26.89228681062226,26.720885619991193,30.12295081967213,36.93181818181818,-0.7422863485016648,-0.047438215792646156,438.0,850.0,20.091324200913242,28.58823529411765,344.4071856287425,335.94303797468353,-0.17140119063106596,26.806586215306726,6.808867362146049,8.496911093204407,0.6948481327090186,-8.46414765405899,1.0,2.233882184608894,-0.01428343255258883
607680,"Pillar, Kevin",R,2024,28.588753823391652,28.53132425314489,38.57677902621723,37.28813559322034,1.168559837728195,-1.487904360056259,253.0,377.0,24.50592885375494,20.159151193633953,352.48095302946683,288.483736107832,-0.057429570246760875,28.560039038268272,-1.288643432996892,-4.346777660120988,-2.656464197784454,-63.997216921634845,1.0,2.3800032531890225,-0.004785797520563406
607732,"Stallings, Jacob",R,2024,25.952567199185285,25.908996134411048,28.35820895522388,23.45679012345679,1.9036363636363638,-0.08292329956584653,172.0,313.0,28.488372093023255,24.28115015974441,371.8737760094369,359.5974240337613,-0.043571064774237556,25.93078166679817,-4.901418831767089,-4.207221933278845,-1.9865596632022102,-12.276351975675595,1.0,2.1608984722331805,-0.003630922064519796
607732,"Stallings, Jacob",R,2025,26.272054693619495,26.8617030571048,42.68292682926829,38.311688311688314,-4.169512195121951,-2.512420382165605,88.0,177.0,34.09090909090909,30.508474576271187,219.70000000000002,275.6436217662801,0.5896483634853062,26.56687887536215,-4.371238517579975,-3.5824345146379066,1.6570918129563457,55.943621766280074,1.0,2.2139065729468457,0.04913736362377552
608324,"Bregman, Alex",R,2024,29.28111662591436,29.349933829028114,21.661721068249257,24.497041420118343,-0.3575667655786351,0.7252613240418118,289.0,786.0,6.920415224913495,13.104325699745548,348.2748553588236,345.2960457037202,0.06881720311375261,29.315525227471237,2.835320351869086,6.183910474832053,1.0828280896204467,-2.978809655103362,1.0,2.442960435622603,0.005734766926146051
608324,"Bregman, Alex",R,2025,28.924501346122636,28.569150418102325,18.045112781954888,20.54380664652568,1.1228675136116153,0.7862411347517732,201.0,590.0,13.432835820895523,13.559322033898304,361.23246614418093,340.3547994485571,-0.3553509280203109,28.746825882112482,2.498693864570793,0.1264862130027815,-0.33662637885984215,-20.877666695623816,1.0,2.3955688235093735,-0.029612577335025907
608324,"Bregman, Alex",R,2026,30.374287462636712,30.23531010048406,20.281690140845072,24.440116845180135,1.5494334277620398,0.5829172785119923,272.0,868.0,12.5,14.746543778801843,318.8333333333333,325.7994791666667,-0.13897736215265155,30.304798781560386,4.158426704335064,2.2465437788018434,-0.9665161492500476,6.966145833333371,1.0,2.5253998984633657,-0.011581446846054297
608336,"Gallo, Joey",L,2024,25.90744273353931,27.276316468610588,22.22222222222222,19.81981981981982,0.05937500000000002,-3.192592592592592,367.0,119.0,37.05722070844686,35.294117647058826,416.7526795748541,388.86586080646583,1.3688737350712792,26.59187960107495,-2.4024024024024015,-1.763103061388037,-3.2519675925925924,-27.886818768388252,0.0,2.2159899667562457,0.11407281125593993
608348,"Kelly, Carson",R,2024,28.88126423089429,28.952186305201824,25.806451612903224,24.137931034482758,0.7238636363636363,-0.3879759519038077,86.0,448.0,17.441860465116278,21.651785714285715,479.5388047138047,318.23325570706186,0.07092207430753561,28.916725268048054,-1.6685205784204662,4.209925249169437,-1.111839588267444,-161.30554900674287,1.0,2.409727105670671,0.0059101728589613005
608348,"Kelly, Carson",R,2025,29.843020433503877,29.962955408152304,25.384615384615383,20.422535211267604,0.2554655870445344,0.01601362862010226,243.0,505.0,21.810699588477366,17.425742574257427,383.9964853968206,332.0875144691382,0.11993497464842662,29.90298792082809,-4.962080173347779,-4.384957014219939,-0.23945195842443218,-51.90897092768239,1.0,2.4919156600690076,0.009994581220702218
608348,"Kelly, Carson",R,2026,30.703709007050435,30.857764967599763,26.829268292682926,24.280575539568346,1.2099457504520796,-0.28907563025210087,266.0,468.0,20.67669172932331,16.45299145299145,371.0824742268041,304.18840579710144,0.15405596054932857,30.7807369873251,-2.5486927531145795,-4.223700276331858,-1.4990213807041806,-66.89406842970266,1.0,2.5650614156104248,0.012837996712444047
608369,"Seager, Corey",L,2024,26.656866532367204,26.438260178950983,27.20797720797721,29.45736434108527,2.0436681222707422,-0.5498148148148146,701.0,292.0,19.686162624821684,26.027397260273972,456.8625951671806,446.8221738178866,-0.21860635341622014,26.547563355659094,2.249387133108062,6.341234635452288,-2.593482937085557,-10.040421349293979,0.0,2.2122969463049245,-0.018217196118018347
608369,"Seager, Corey",L,2025,26.55021897415435,26.364242648971743,20.73170731707317,27.59856630824373,1.9414222222222222,-0.04785591766723848,527.0,306.0,22.960151802656547,29.084967320261438,489.8675141562754,414.3846785328205,-0.1859763251826081,26.457230811563047,6.8668589911705595,6.12481551760489,-1.9892781398894606,-75.48283562345489,0.0,2.2047692342969207,-0.015498027098550674
608369,"Seager, Corey",L,2026,26.5251642776451,26.769945420192307,27.574171029668413,29.181494661921707,0.06614634146341464,0.3934489402697495,529.0,267.0,29.111531190926275,31.46067415730337,412.32222222222225,425.35955056179773,0.2447811425472075,26.647554848918702,1.6073236322532942,2.3491429663770944,0.3273025988063349,13.037328339575481,0.0,2.2206295707432253,0.020398428545600627
608385,"Winker, Jesse",L,2024,26.372086131580225,27.071621277606173,18.60759493670886,20.87912087912088,0.8046107784431138,-0.05137157107231935,732.0,158.0,18.169398907103826,20.253164556962027,352.6465698939822,383.5536113632155,0.6995351460259478,26.7218537045932,2.271525942412019,2.0837656498582007,-0.8559823495154332,30.90704146923332,0.0,2.2268211420494333,0.058294595502162316
608701,"Refsnyder, Rob",R,2024,31.08663211224342,31.68041073719935,22.66187050359712,26.578073089700997,1.662911611785095,0.08269841269841248,262.0,291.0,27.862595419847327,23.367697594501717,432.8814836401822,372.1557910097039,0.5937786249559274,31.383521424721387,3.916202586103875,-4.49489782534561,-1.5802131990866826,-60.72569263047831,1.0,2.6152934520601154,0.049481552079660616
608701,"Refsnyder, Rob",R,2025,30.372901420731715,30.905431698912032,15.845070422535212,25.333333333333332,1.2900169204737733,-1.0963455149501662,227.0,136.0,19.383259911894275,27.205882352941178,453.8100458818575,332.9704570051161,0.5325302781803174,30.639166559821874,9.48826291079812,7.822622441046903,-2.3863624354239397,-120.8395888767414,1.0,2.553263879985156,0.044377523181693114
608841,"Meneses, Joey",R,2024,33.668143797698384,32.98611584979375,42.076502732240435,29.14572864321608,-2.0222222222222226,-0.5893216080402011,182.0,398.0,24.175824175824175,20.100502512562816,322.0009238842298,314.5798531556135,-0.6820279479046363,33.32712982374606,-12.930774089024354,-4.075321663261359,1.4329006141820215,-7.421070728616314,1.0,2.7772608186455052,-0.05683566232538636
609280,"Andujar, Miguel",R,2024,28.511862271026818,28.66777520080636,36.8421052631579,35.84905660377358,2.2288793103448277,-0.7451271186440678,114.0,479.0,12.280701754385966,14.405010438413361,366.642380952381,294.19871658991246,0.15591292977954296,28.589818735916587,-0.9930486593843142,2.1243086840273957,-2.9740064289888952,-72.44366436246855,1.0,2.3824848946597155,0.012992744148295246
609280,"Andujar, Miguel",R,2025,28.551541091419004,28.08942259938564,40.0,34.27947598253275,2.3870870870870875,0.3007900677200903,185.0,465.0,14.594594594594595,16.774193548387096,373.2717258823564,309.55459155579985,-0.4621184920333654,28.32048184540232,-5.720524017467248,2.1795989537925013,-2.086297019366997,-63.71713432655656,1.0,2.3600401537835265,-0.03850987433611378
609280,"Andujar, Miguel",R,2026,28.134737286966416,28.099903540925904,45.23809523809524,38.41269841269841,-0.7549839228295822,-0.04358974358974357,175.0,329.0,14.857142857142858,17.933130699088146,322.15625,329.7226277372263,-0.034833746040511926,28.11732041394616,-6.82539682539683,3.075987841945288,0.7113941792398386,7.566377737226276,1.0,2.3431100344955134,-0.0029028121700426603
620443,"Torrens, Luis",R,2024,27.76192675367755,28.467206752689197,28.125,23.076923076923077,0.2288888888888884,-0.8310030395136779,88.0,148.0,20.454545454545453,20.27027027027027,302.22691676139954,414.2970023256313,0.7052799990116476,28.114566753183375,-5.048076923076923,-0.18427518427518308,-1.0598919284025663,112.07008556423176,1.0,2.342880562765281,0.05877333325097064
620443,"Torrens, Luis",R,2025,26.874824267542017,27.433558072940453,27.868852459016395,25.348189415041784,-0.9875912408759125,-0.8007556675062973,140.0,386.0,18.571428571428573,19.17098445595855,375.48288836464906,400.5800403082092,0.5587338053984361,27.154191170241234,-2.5206630439746114,0.5995558845299769,0.1868355733696152,25.097151943560164,1.0,2.2628492641867695,0.04656115044986967
620443,"Torrens, Luis",R,2026,27.567712721971457,27.76909017835066,36.904761904761905,30.456852791878173,-0.1214521452145212,-0.4161842105263157,149.0,360.0,19.463087248322147,18.61111111111111,316.1694915254237,338.9323308270677,0.2013774563792019,27.668401450161056,-6.447909112883732,-0.8519761372110359,-0.2947320653117945,22.762839301643965,1.0,2.3057001208467547,0.016781454698266824
621020,"Swanson, Dansby",R,2024,32.419149404572224,32.1622109163812,20.18348623853211,25.0,2.0796943231441047,-0.6481908757210278,218.0,930.0,23.853211009174313,27.741935483870968,428.740074191938,381.79084866751623,-0.25693848819102527,32.29068016047671,4.816513761467888,3.888724474696655,-2.7278851988651325,-46.94922552442176,1.0,2.690890013373059,-0.02141154068258544
621020,"Swanson, Dansby",R,2025,30.611334616833695,30.427622909000068,23.55212355212355,25.547445255474454,1.3825,-0.5833166833166833,265.0,1001.0,30.943396226415093,28.07192807192807,510.9020130085442,424.10234200010757,-0.183711707833627,30.519478762916883,1.9953217033509034,-2.8714681544870224,-1.9658166833166835,-86.79967100843663,1.0,2.5432898969097404,-0.015309308986135584
621020,"Swanson, Dansby",R,2026,31.764452550896227,31.956233135641853,29.50191570881226,25.320056899004268,-0.09961685823754791,-0.0635736196319018,259.0,604.0,32.818532818532816,27.483443708609272,363.64705882352945,345.94117647058823,0.19178058474562576,31.860342843269038,-4.181858809807991,-5.335089109923544,0.03604323860564611,-17.705882352941217,1.0,2.6550285702724197,0.015981715395468814
621028,"Newman, Kevin",R,2024,27.317897417700525,27.31159003585445,30.136986301369863,26.71232876712329,0.05053995680345565,-0.6036303630363037,236.0,285.0,11.440677966101696,19.29824561403509,275.5382920509442,330.8743401759531,-0.006307381846074378,27.314743726777486,-3.424657534246574,7.857567647933394,-0.6541703198397594,55.33604812500886,1.0,2.276228643898124,-0.0005256151538395315
621028,"Newman, Kevin",R,2025,26.41016184681359,26.030802870236055,30.88235294117647,31.70731707317073,-1.9680272108843535,-1.8946969696969695,69.0,144.0,14.492753623188406,15.277777777777779,267.25925925925924,268.390762444792,-0.37935897657753515,26.220482358524823,0.8249641319942604,0.7850241545893724,0.07333024118738396,1.1315031855327788,1.0,2.1850401965437354,-0.03161324804812793
621035,"Taylor, Chris",R,2024,32.4470825474318,32.98308674233339,17.857142857142858,20.60810810810811,-0.9298543689320389,-0.5442857142857144,198.0,297.0,33.83838383838384,27.272727272727273,328.89680674264,402.03767812872275,0.5360041949015937,32.715084644882594,2.750965250965251,-6.5656565656565675,0.3855686546463245,73.14087138608272,1.0,2.726257053740216,0.04466701624179947
621035,"Taylor, Chris",R,2025,31.811443306009007,32.36946748004194,33.333333333333336,21.153846153846153,-4.907079646017699,-0.47290502793296085,63.0,179.0,38.095238095238095,36.312849162011176,310.59090909090907,382.1377436813635,0.5580241740329335,32.09045539302547,-12.179487179487182,-1.782388933226919,4.434174618084739,71.54683459045441,1.0,2.674204616085456,0.04650201450274446
621043,"Correa, Carlos",R,2024,25.9415444308643,25.114683441419448,21.59090909090909,26.83823529411765,2.0712609970674487,1.7734479465138493,147.0,466.0,14.965986394557824,19.742489270386265,425.620539681375,381.46597569964604,-0.8268609894448531,25.528113936141875,5.247326203208559,4.776502875828442,-0.2978130505535994,-44.154563981728984,1.0,2.1273428280118227,-0.06890508245373776
621043,"Correa, Carlos",R,2025,26.419468801482743,25.544375323239123,27.7602523659306,29.308323563892145,0.22749140893470796,-0.2015606936416185,267.0,806.0,20.59925093632959,19.975186104218363,411.38232822459025,383.8420123309158,-0.8750934782436204,25.981922062360933,1.5480711979615442,-0.6240648321112268,-0.4290521025763264,-27.54031589367446,1.0,2.1651601718634113,-0.0729244565203017
621043,"Correa, Carlos",R,2026,26.37762191185595,26.390106057461093,30.275229357798164,32.863849765258216,2.6747474747474747,-0.6709511568123395,88.0,174.0,20.454545454545453,21.264367816091955,471.97058823529414,365.79365079365084,0.012484145605142771,26.38386398465852,2.588620407460052,0.8098223615465017,-3.3456986315598143,-106.1769374416433,1.0,2.198655332054877,0.001040345467095231
621438,"Taylor, Tyrone",R,2024,28.941203264958897,29.2097215394518,36.32286995515695,30.4147465437788,-0.46746411483253597,0.2919603524229075,217.0,436.0,20.276497695852534,21.10091743119266,365.30896090928894,371.7386361616328,0.26851827449290155,29.075462402205346,-5.908123411378153,0.8244197353401255,0.7594244672554435,6.429675252343884,1.0,2.422955200183779,0.02237652287440846
621438,"Taylor, Tyrone",R,2025,26.447312519066536,26.828471496125673,31.25,29.974160206718345,-1.2732647814910025,-1.1009302325581394,197.0,413.0,18.274111675126903,21.54963680387409,359.4841918299146,349.9982310900581,0.3811589770591368,26.637892007596104,-1.275839793281655,3.275525128747187,0.17233454893286315,-9.485960739856523,1.0,2.219824333966342,0.0317632480882614
621438,"Taylor, Tyrone",R,2026,28.70884219852765,28.89685194858808,40.63926940639269,28.19383259911894,1.5374717832957112,-0.1643705463182899,234.0,187.0,18.376068376068375,21.390374331550802,369.6144578313253,316.64835164835165,0.18800975006043075,28.802847073557864,-12.445436807273751,3.0143059554824276,-1.701842329614001,-52.96610618297365,1.0,2.400237256129822,0.015667479171702563
621439,"Buxton, Byron",R,2024,25.23207882060063,25.356808409594436,31.472081218274113,33.272394881170015,1.569924812030075,0.9016949152542372,214.0,574.0,29.439252336448597,31.010452961672474,451.73741808657917,451.7336152829227,0.12472958899380515,25.294443615097535,1.8003136628959027,1.5712006252238773,-0.6682298967758379,-0.0038028036564696777,1.0,2.107870301258128,0.010394132416150429
621439,"Buxton, Byron",R,2025,23.36549750612086,23.623777688822106,26.457399103139014,30.264817150063053,2.5330526315789474,1.0575142675967026,235.0,815.0,25.106382978723403,31.042944785276074,456.54860816404357,457.5057919821374,0.2582801827012453,23.49463759747148,3.807418046924038,5.936561806552671,-1.4755383639822448,0.9571838180938244,1.0,1.9578864664559568,0.02152334855843711
621439,"Buxton, Byron",R,2026,23.92837524473471,24.08628889238315,34.1991341991342,34.48275862068966,-0.37391304347826076,0.8209888059701493,220.0,570.0,27.727272727272727,29.649122807017545,453.14473684210526,412.53061224489795,0.15791364764843863,24.00733206855893,0.28362442155545864,1.921850079744818,1.19490184944841,-40.61412459720731,1.0,2.0006110057132442,0.013159470637369886
621493,"Ward, Taylor",R,2024,31.09440837335151,31.044312505581868,20.76271186440678,20.941402497598464,1.0932926829268292,0.09577999051683259,214.0,910.0,21.02803738317757,24.175824175824175,445.95402366792155,414.41194659493766,-0.0500958677696417,31.06936043946669,0.17869063319168532,3.147786792646606,-0.9975126924099966,-31.542077072983886,1.0,2.5891133699555575,-0.004174655647470142
621493,"Ward, Taylor",R,2025,31.46873851043245,31.69893843613894,19.742489270386265,20.79646017699115,1.4257201646090534,0.4599566160520608,190.0,859.0,19.473684210526315,22.235157159487777,512.9873371034319,385.6189509956824,0.23019992570648995,31.583838473285695,1.053970906604885,2.761472948961462,-0.9657635485569926,-127.36838610774947,1.0,2.6319865394404744,0.019183327142207496
621493,"Ward, Taylor",R,2026,32.01902477655725,32.31026799806132,17.1990171990172,13.785046728971963,-0.08746867167919797,-0.14863609982588508,297.0,566.0,16.4983164983165,18.197879858657245,377.30172413793105,333.0956175298805,0.2912432215040681,32.16464638730929,-3.4139704700452356,1.699563360340747,-0.0611674281466871,-44.20610660805056,1.0,2.680387198942441,0.024270268458672344
621512,"Nido, Tomás",R,2024,27.977540149695884,27.457621205016196,45.54455445544554,39.0728476821192,-2.662295081967213,-0.303416149068323,109.0,196.0,38.53211009174312,28.571428571428573,315.9568833943834,395.74120787828934,-0.5199189446796879,27.71758067735604,-6.471706773326339,-9.960681520314548,2.35887893289889,79.78432448390595,1.0,2.30979838977967,-0.04332657872330733
621550,"Wisdom, Patrick",R,2024,28.67681931293269,29.035565258611975,28.229665071770334,21.804511278195488,-0.4621103117505996,-0.8264084507042253,215.0,129.0,31.162790697674417,24.8062015503876,449.13286220484497,364.0470036340254,0.35874594567928497,28.85619228577233,-6.425153793574847,-6.356589147286819,-0.3642981389536257,-85.0858585708196,1.0,2.4046826904810277,0.029895495473273748
621566,"Olson, Matt",L,2024,30.671014063797855,30.137925402418418,28.360797918473548,29.894179894179896,0.4328054298642533,1.0500660501981505,1080.0,384.0,23.24074074074074,24.21875,428.43173202398197,382.32807939762966,-0.5330886613794377,30.404469733108137,1.533381975706348,0.9780092592592595,0.6172606203338972,-46.1036526263523,0.0,2.5337058110923447,-0.04442405511495314
621566,"Olson, Matt",L,2025,31.162632892097964,31.14149006970865,23.534409515717925,28.571428571428573,1.2250663129973474,0.44956043956043973,997.0,437.0,23.069207622868607,26.31578947368421,432.7932754318896,429.78282171164324,-0.021142822389315086,31.152061480903306,5.037019055710648,3.246581850815602,-0.7755058734369076,-3.010453720246346,0.0,2.596005123408609,-0.001761901865776257
621566,"Olson, Matt",L,2026,30.244658619074045,30.23021622024741,26.421404682274247,29.893238434163703,0.937183908045977,0.7935398230088496,805.0,529.0,20.496894409937887,25.141776937618147,453.5862068965517,412.79120879120876,-0.014442398826634673,30.23743741966073,3.4718337518894558,4.644882527680259,-0.14364408503712733,-40.79499810534293,0.0,2.519786451638394,-0.0012035332355528894
622534,"Margot, Manuel",R,2024,25.770474328717256,26.6217756615654,29.131652661064425,31.972789115646258,0.025394548063127607,-2.088998357963875,337.0,307.0,14.836795252225519,22.80130293159609,361.6859510148112,315.7235494129768,0.8513013328481449,26.19612499514133,2.8411364545818323,7.964507679370572,-2.114392906027003,-45.962401601834415,1.0,2.1830104162617774,0.0709417777373454
622761,"Mateo, Jorge",R,2024,33.29437090694923,33.358755041136384,35.19553072625698,31.759656652360515,0.23333333333333336,-1.4563169164882228,179.0,237.0,20.11173184357542,23.628691983122362,366.09749375475184,317.1188397581255,0.06438413418715072,33.32656297404281,-3.4358740738964677,3.516960139546942,-1.6896502498215562,-48.97865399662635,1.0,2.777213581170234,0.005365344515595893
622761,"Mateo, Jorge",R,2025,31.88151877659704,32.2909781904917,40.27777777777778,38.46153846153846,-2.8938775510204082,-2.07379679144385,77.0,97.0,29.87012987012987,29.896907216494846,304.6617549117549,277.5489130434783,0.409459413894659,32.08624848354437,-1.8162393162393187,0.02677734636497675,0.820080759576558,-27.112841868276575,1.0,2.673854040295364,0.03412161782455492
622761,"Mateo, Jorge",R,2026,32.571079448251346,32.617074068775345,45.911949685534594,42.605633802816904,-1.5831081081081082,-1.0835341365461848,166.0,262.0,27.710843373493976,31.6793893129771,359.8727272727272,390.52631578947364,0.04599462052399872,32.594076758513346,-3.3063158827176906,3.968545939483125,0.4995739715619234,30.653588516746424,1.0,2.7161730632094456,0.00383288504366656
623912,"Ramírez, Harold",R,2024,30.122611220644583,30.09238357741981,46.875,44.285714285714285,-0.7539130434782609,-1.671294559099437,192.0,301.0,27.604166666666668,30.232558139534884,301.63105763311785,313.7871181587483,-0.030227643224773004,30.107497399032198,-2.5892857142857153,2.6283914728682163,-0.9173815156211761,12.156060525630437,1.0,2.5089581165860166,-0.0025189702687310835
624413,"Alonso, Pete",R,2024,24.86370126612901,24.34414678106183,24.870466321243523,26.330798479087452,0.5201079622132253,0.6280642023346303,322.0,870.0,19.25465838509317,24.022988505747126,380.68669377946435,431.4143415739849,-0.5195544850671787,24.603924023595418,1.4603321578439292,4.768330120653957,0.10795624012140503,50.72764779452058,1.0,2.0503270019662847,-0.04329620708893156
624413,"Alonso, Pete",R,2025,24.692071385214987,24.280699143678664,27.045454545454547,27.596741344195518,-0.07075144508670525,1.7256632653061226,385.0,915.0,26.233766233766232,21.639344262295083,460.5473363017116,475.14636485361945,-0.41137224153632346,24.486385264446824,0.5512867987409713,-4.594421971471149,1.7964147103928279,14.59902855190785,1.0,2.0405321053705685,-0.03428102012802695
624413,"Alonso, Pete",R,2026,24.11524337526521,23.906329467817685,26.940639269406393,26.779026217228463,0.21220657276995303,1.5391658189216684,391.0,868.0,24.808184143222505,24.42396313364055,474.7080291970803,494.6323024054982,-0.20891390744752414,24.010786421541447,-0.16161305217793043,-0.38422100958195315,1.3269592461517155,19.9242732084179,1.0,2.000898868461787,-0.017409492287293677
624424,"Conforto, Michael",L,2024,26.640712492800475,26.65377427879725,23.970037453183522,27.127659574468087,0.07023581899298914,1.3175,700.0,181.0,22.285714285714285,25.414364640883978,418.6538397311935,488.41282973421767,0.013061785996775654,26.647243385798863,3.1576221212845645,3.128650355169693,1.2472641810070106,69.75899000302417,0.0,2.2206036154832387,0.0010884821663979711
624424,"Conforto, Michael",L,2025,27.141764365198004,27.153261639890925,22.837370242214533,26.24113475177305,-0.659301659988552,0.047540983606557355,780.0,144.0,22.564102564102566,25.0,372.1695985293673,448.1644542882357,0.011497274692921167,27.147513002544464,3.403764509558517,2.4358974358974343,0.7068426435951093,75.99485575886837,0.0,2.2622927502120387,0.0009581062244100972
624428,"Frazier, Adam",L,2025,21.125709112278205,21.00493756065513,28.49462365591398,35.11450381679389,-0.30845518118245385,-0.6507518796992481,794.0,142.0,15.365239294710328,23.943661971830984,305.07503282894106,313.80486522024984,-0.12077155162307562,21.06532333646667,6.619880160879912,8.578422677120656,-0.34229669851679423,8.729832391308776,0.0,1.7554436113722225,-0.010064295968589635
624431,"Trevino, Jose",R,2024,18.4616292370495,19.500544251844715,24.358974358974358,32.773109243697476,0.00619266055045853,-0.5127982646420823,168.0,194.0,17.261904761904763,16.49484536082474,278.69592929074435,279.9731389770322,1.038915014795215,18.981086744447108,8.414134884723119,-0.7670594010800222,-0.5189909251925409,1.277209686287847,1.0,1.5817572287039257,0.0865762512329346
624431,"Trevino, Jose",R,2025,20.393963780526168,21.22656213302406,34.12698412698413,31.56498673740053,-1.5460076045627376,-0.8982478097622026,126.0,368.0,10.317460317460318,19.293478260869566,250.96184111296338,314.96903412880295,0.832598352497893,20.810262956775112,-2.5619973895835955,8.976017943409248,0.6477597948005349,64.00719301583956,1.0,1.7341885797312593,0.06938319604149108
624431,"Trevino, Jose",R,2026,18.6605298320951,19.96025403683419,41.42857142857143,36.702127659574465,-2.8353333333333333,-0.9044502617801047,77.0,188.0,20.77922077922078,22.340425531914892,276.38709677419354,268.1724137931035,1.2997242047390891,19.310391934464647,-4.726443768996965,1.5612047526941133,1.9308830715532286,-8.21468298109005,1.0,1.609199327872054,0.1083103503949241
624503,"Gordon, Nick",L,2024,27.307814451425777,26.915192598565707,42.16101694915254,43.63636363636363,-1.0502227171492207,-1.6018691588785048,539.0,61.0,30.055658627087197,26.229508196721312,346.33878696404923,226.22723475355056,-0.3926218528600707,27.11150352499574,1.4753466872110934,-3.8261504303658853,-0.5516464417292841,-120.11155221049867,0.0,2.2592919604163115,-0.03271848773833922
624585,"Soler, Jorge",R,2024,27.32815853631119,27.808250153304712,26.170798898071624,27.090301003344482,1.5064661654135336,0.4834905660377357,293.0,757.0,24.914675767918087,28.005284015852048,400.5665783703832,427.1838548019638,0.48009161699352276,27.568204344807953,0.9195021052728585,3.090608247933961,-1.0229755993757979,26.617276431580592,1.0,2.2973503620673292,0.04000763474946023
624585,"Soler, Jorge",R,2025,28.211566112707754,28.692289100525993,19.642857142857142,25.543478260869566,0.058951965065502286,0.09868173258003772,95.0,479.0,23.157894736842106,29.018789144050103,452.3912984548658,357.7501413110578,0.48072298781823974,28.451927606616874,5.900621118012424,5.860894407207997,0.039729767514535434,-94.64115714380802,1.0,2.3709939672180727,0.04006024898485331
624585,"Soler, Jorge",R,2026,27.19461694702,27.49579550356716,28.04232804232804,27.177700348432055,-0.587292817679558,-0.156581352833638,173.0,515.0,31.791907514450866,35.14563106796116,358.8,392.24489795918373,0.3011785565471605,27.34520622529358,-0.8646276938959865,3.353723553510296,0.43071146484592,33.44489795918372,1.0,2.2787671854411315,0.02509821304559671
624641,"Sosa, Edmundo",R,2024,27.53859891477283,27.53464912425736,39.67611336032389,41.157556270096464,1.6913043478260867,-0.7620748299319727,268.0,326.0,27.611940298507463,31.901840490797547,385.8420934681074,361.1103345622607,-0.003949790515470397,27.536624019515095,1.481442909772575,4.289900192290084,-2.4533791777580594,-24.731758905846732,1.0,2.2947186682929246,-0.0003291492096225331
624641,"Sosa, Edmundo",R,2025,28.04052056055169,28.69698914405021,48.24561403508772,43.18181818181818,1.3653110047846888,-0.381142857142857,243.0,295.0,25.102880658436213,23.728813559322035,372.9253423830975,333.8888446226758,0.6564685834985191,28.368754852300953,-5.063795853269539,-1.3740670991141783,-1.7464538619275458,-39.036497760421696,1.0,2.3640629043584127,0.05470571529154326
624641,"Sosa, Edmundo",R,2026,28.782048056471996,29.142879613162645,48.0565371024735,58.673469387755105,1.7855769230769232,-2.292737430167598,305.0,228.0,24.59016393442623,25.0,395.030612244898,404.6623376623377,0.36083155669064837,28.96246383481732,10.616932285281607,0.4098360655737707,-4.0783143532445205,9.631725417439668,1.0,2.4135386529014435,0.030069296390887363
628451,"Ibáñez, Andy",R,2024,26.533529441467596,27.077975460104543,29.553264604810998,37.35632183908046,0.9107334525939178,-2.539775910364146,289.0,193.0,25.60553633217993,29.015544041450777,338.87332132494765,307.1723931623932,0.5444460186369469,26.80575245078607,7.80305723426946,3.4100077092708467,-3.450509362958064,-31.700928162554476,1.0,2.2338127042321725,0.0453705015530789
628451,"Ibáñez, Andy",R,2025,28.460171092388084,29.03684575831344,28.571428571428573,32.69230769230769,-0.3578125,-1.772549019607843,255.0,113.0,16.862745098039216,15.929203539823009,344.28043779473467,249.02173913043478,0.5766746659253563,28.748508425350764,4.1208791208791204,-0.9335415582162074,-1.414736519607843,-95.25869866429989,1.0,2.395709035445897,0.04805622216044636
630105,"Cronenworth, Jake",L,2024,35.92092920791518,35.6258892498618,23.15270935960591,21.47239263803681,0.8608695652173913,-1.5741797432239657,909.0,322.0,14.96149614961496,15.527950310559007,406.9238998778857,272.4610479321858,-0.2950399580533798,35.77340922888849,-1.6803167215691026,0.5664541609440459,-2.435049308441357,-134.46285194569987,0.0,2.9811174357407073,-0.02458666317111498
630105,"Cronenworth, Jake",L,2025,33.475780675424076,33.24787840610071,22.580645161290324,20.689655172413794,0.19550637156270959,0.47785817655571633,630.0,296.0,16.984126984126984,14.864864864864865,330.80200979753124,321.4348316131348,-0.22790226932336566,33.36182954076239,-1.8909899888765302,-2.1192621192621193,0.2823518049930067,-9.367178184396437,0.0,2.7801524617301996,-0.018991855776947137
630105,"Cronenworth, Jake",L,2026,29.727062800636663,29.389609439905836,28.402366863905325,30.285714285714285,-0.4396591789310611,-0.7624649859943977,576.0,171.0,20.65972222222222,15.2046783625731,319.8811881188119,233.23529411764704,-0.33745336073082655,29.55833612027125,1.8833474218089599,-5.4550438596491215,-0.3228058070633366,-86.64589400116486,0.0,2.463194676689271,-0.028121113394235547
640492,"Azócar, José",R,2024,26.81722392794875,27.053778336004665,51.13636363636363,47.142857142857146,-2.2006211180124224,-1.0511627906976744,105.0,75.0,24.761904761904763,29.333333333333332,290.9505376344086,371.9827495159303,0.2365544080559161,26.935501131976707,-3.9935064935064872,4.571428571428569,1.149458327314748,81.03221188152173,1.0,2.244625094331392,0.019712867337993007
641313,"Anderson, Tim",R,2024,20.485954421221503,21.187714652165273,40.67796610169491,35.932203389830505,-1.7943019943019942,-2.9282352941176475,206.0,310.0,31.553398058252426,27.419354838709676,295.16333333333336,322.71266464627814,0.7017602309437692,20.836834536693388,-4.745762711864408,-4.13404321954275,-1.1339332998156533,27.549331312944787,1.0,1.7364028780577823,0.0584800192453141
641343,"Bauers, Jake",L,2024,30.61005986785096,31.264043158402178,19.631901840490798,21.428571428571427,-0.3413169319826339,-1.438345864661654,628.0,64.0,27.388535031847134,25.0,413.58484738342236,375.25634990009985,0.6539832905512171,30.93705151312657,1.7966695880806292,-2.388535031847134,-1.0970289326790201,-38.32849748332251,0.0,2.5780876260938808,0.05449860754593475
641343,"Bauers, Jake",L,2026,32.79597025116321,32.98134946245809,20.723684210526315,23.21981424148607,1.2824582338902148,1.079019908116386,650.0,283.0,29.384615384615383,22.261484098939928,484.29493087557603,398.3913043478261,0.18537921129487955,32.88865985681065,2.4961300309597547,-7.123131285675456,-0.2034383257738288,-85.9036265277499,0.0,2.740721654734221,0.01544826760790663
641355,"Bellinger, Cody",L,2024,32.52158000433681,32.18920076430576,31.352718078381795,35.88709677419355,0.45362508164598303,0.4332179930795848,732.0,306.0,21.038251366120218,18.627450980392158,322.42009692310654,337.9345080304124,-0.33237924003105235,32.35539038432128,4.534378695811757,-2.4108003857280593,-0.020407088566398224,15.514411107305875,0.0,2.6962825320267734,-0.027698270002587694
641355,"Bellinger, Cody",L,2025,32.70323199610938,32.75359557410739,31.443298969072163,26.3768115942029,0.2828511309836928,1.942857142857143,935.0,314.0,15.72192513368984,15.92356687898089,333.54887961789547,352.14838595110336,0.05036357799801294,32.72841378510839,-5.066487374869265,0.2016417452910506,1.6600060118734503,18.5995063332079,0.0,2.727367815425699,0.004196964833167745
641355,"Bellinger, Cody",L,2026,33.33417939378789,33.523810044304334,30.068027210884352,30.44776119402985,0.7278881530537159,0.7033519553072626,634.0,340.0,19.71608832807571,15.0,375.8858267716535,324.7086092715232,0.1896306505164418,33.428994719046116,0.3797339831454991,-4.71608832807571,-0.024536197746453325,-51.177217500130325,0.0,2.7857495599205095,0.015802554209703484
641487,"Crawford, J.P.",L,2024,35.43305514148412,35.45735814417694,19.66966966966967,15.040650406504065,-1.0675775480059086,0.47884267631103067,565.0,218.0,18.053097345132745,15.596330275229358,341.4376928178896,354.26555432741407,0.02430300269282526,35.44520664283053,-4.629019263165604,-2.4567670699033872,1.5464202243169394,12.827861509524439,0.0,2.953767220235877,0.002025250224402105
641487,"Crawford, J.P.",L,2025,34.84025983017883,35.12494125573891,23.292273236282195,18.4,0.1960148777895856,-0.08492343934040038,865.0,360.0,17.572254335260116,19.444444444444443,374.05449357793367,320.5046974856735,0.28468142556008047,34.98260054295887,-4.892273236282197,1.8721901091843272,-0.28093831712998596,-53.54979609226018,0.0,2.915216711913239,0.023723452130006706
641487,"Crawford, J.P.",L,2026,33.60015824113026,34.40995436946196,19.703703703703702,17.628205128205128,-0.1971175166297117,0.20507692307692305,538.0,222.0,15.055762081784387,13.513513513513514,349.7692307692307,298.1875,0.8097961283316977,34.00505630529611,-2.0754985754985746,-1.5422485682708729,0.4021944397066347,-51.58173076923072,0.0,2.833754692108009,0.06748301069430813
641584,"Fraley, Jake",L,2024,28.86651769424983,29.15480322678376,30.700179533213646,38.80597014925373,-0.015004262574595154,-2.279245283018868,675.0,96.0,20.296296296296298,18.75,327.16779751890886,287.42257683215126,0.28828553253392997,29.010660460516796,8.105790616040085,-1.5462962962962976,-2.2642410204442727,-39.74522068675759,0.0,2.4175550383763995,0.024023794377827496
641598,"Garver, Mitch",R,2024,27.309883252553824,27.48527439463365,18.156424581005588,21.223021582733814,0.5708154506437767,-1.1253584229390683,267.0,435.0,18.726591760299627,33.793103448275865,388.1576388660164,304.60689731084403,0.17539114207982465,27.397578823593737,3.0665970017282262,15.066511687976238,-1.696173873582845,-83.55074155517235,1.0,2.2831315686328115,0.014615928506652054
641598,"Garver, Mitch",R,2025,26.79657784113168,27.332156285808857,18.971061093247588,22.709163346613547,0.33374613003095976,-1.3921755725190839,258.0,218.0,24.41860465116279,35.321100917431195,383.25846482138934,331.9610506853671,0.5355784446771779,27.064367063470268,3.738102253365959,10.902496266268404,-1.7259217025500435,-51.29741413602221,1.0,2.2553639219558557,0.04463153705643149
641598,"Garver, Mitch",R,2026,23.4610546826249,24.44363797604878,25.78616352201258,24.083769633507853,0.49062500000000003,-0.576453488372093,122.0,139.0,26.229508196721312,37.410071942446045,310.13513513513516,431.55,0.982583293423879,23.95234632933684,-1.7023938885047265,11.180563745724733,-1.067078488372093,121.41486486486485,1.0,1.99602886077807,0.08188194111865658
641658,"Hampson, Garrett",R,2024,33.96978687856362,34.55775484703354,24.892703862660944,27.428571428571427,-1.3802494802494802,-1.962307692307692,214.0,193.0,20.093457943925234,22.797927461139896,295.5138149842707,321.1516870006067,0.5879679684699255,34.26377086279858,2.5358675659104826,2.7044695172146618,-0.5820582120582118,25.63787201633602,1.0,2.855314238566548,0.048997330705827125
641658,"Hampson, Garrett",R,2025,35.18284235802307,34.89661029799725,22.857142857142858,21.782178217821784,-2.184967320261438,-1.9745535714285716,62.0,85.0,17.741935483870968,22.352941176470587,257.81818181818176,225.15769230769232,-0.28623206002582435,35.03972632801016,-1.074964639321074,4.611005692599619,0.21041374883286657,-32.66048951048944,1.0,2.9199771940008468,-0.023852671668818697
641857,"McMahon, Ryan",L,2024,21.297324261644693,20.992490595368228,25.50561797752809,28.433734939759034,-0.02568277310924381,-0.17978468899521538,893.0,384.0,26.98768197088466,29.427083333333332,433.50890099165935,390.6308090789767,-0.30483366627646546,21.14490742850646,2.928116962230945,2.439401362448674,-0.15410191588597158,-42.878091912682635,0.0,1.762075619042205,-0.02540280552303879
641857,"McMahon, Ryan",L,2025,24.194785017476935,23.23180752424784,24.94866529774127,24.481327800829874,-0.0668188736681887,-0.9962049335863378,898.0,231.0,31.514476614699333,34.63203463203463,444.7486128814147,363.5463843093027,-0.9629774932290935,23.713296270862386,-0.4673374969113979,3.1175580173352984,-0.929386059918149,-81.202228572112,0.0,1.9761080225718655,-0.0802481244357578
641857,"McMahon, Ryan",L,2026,26.667372085173035,26.555317548035237,28.59504132231405,26.126126126126128,-0.6618243243243244,-1.8196787148594376,543.0,107.0,27.624309392265193,26.16822429906542,374.2651933701658,387.3888888888889,-0.1120545371377979,26.611344816604138,-2.468915196187922,-1.4560850931997713,-1.157854390535113,13.123695518723139,0.0,2.217612068050345,-0.00933787809481649
641933,"O'Neill, Tyler",R,2024,25.369833188671414,24.883016333269698,21.22093023255814,28.693181818181817,3.7763392857142852,-0.2800901577761082,260.0,625.0,30.76923076923077,32.96,609.9672192712542,414.83192698240197,-0.4868168554017167,25.126424760970558,7.4722515856236775,2.190769230769231,-4.056429443490393,-195.1352922888522,1.0,2.09386873008088,-0.04056807128347639
641933,"O'Neill, Tyler",R,2025,24.998467759638498,25.29681085205591,31.53846153846154,26.936026936026938,-0.8314285714285716,-0.507044673539519,114.0,275.0,33.333333333333336,26.90909090909091,469.50677030724177,427.2469049422835,0.2983430924174115,25.147639305847203,-4.602434602434602,-6.424242424242426,0.32438389788905264,-42.25986536495827,1.0,2.0956366088206004,0.024861924368117627
641933,"O'Neill, Tyler",R,2026,30.065210319009857,30.042617397296137,30.18867924528302,25.838926174496645,0.30530612244897964,-1.2595706618962432,235.0,260.0,26.382978723404257,29.23076923076923,419.67088607594945,329.21250000000003,-0.02259292171371996,30.053913858152995,-4.349753070786374,2.847790507364973,-1.564876784345223,-90.45838607594942,1.0,2.5044928215127498,-0.00188274347614333
642086,"Smith, Dominic",L,2024,30.181236378198985,30.63150528114593,27.5,24.299065420560748,-0.04142131979695436,-0.22114537444933935,451.0,98.0,23.503325942350333,18.367346938775512,368.13281365770223,340.56777146464646,0.4502689029469451,30.406370829672458,-3.2009345794392523,-5.135979003574821,-0.179724054652385,-27.565042193055774,0.0,2.533864235806038,0.03752240857891209
642086,"Smith, Dominic",L,2026,32.59623242528904,32.75152268729317,31.931166347992352,27.692307692307693,-0.3189516129032258,-1.752985074626866,486.0,63.0,19.958847736625515,12.698412698412698,335.88601036269426,176.85185185185188,0.15529026200412943,32.6738775562911,-4.238858655684659,-7.260435038212817,-1.43403346172364,-159.0341585108424,0.0,2.722823129690925,0.012940855167010787
642133,"Tellez, Rowdy",L,2024,27.338094679196164,27.156118541857698,26.417704011065005,34.57943925233645,-0.25422012153950035,-0.24000000000000007,639.0,81.0,19.561815336463223,32.098765432098766,352.86735710353526,353.38963210702343,-0.18197613733846651,27.24710661052693,8.161735241271444,12.536950095635543,0.01422012153950028,0.5222750034881756,0.0,2.270592217543911,-0.015164678111538876
642136,"Thaiss, Matt",L,2024,28.6887880225449,29.107484265854403,21.13564668769716,23.80952380952381,-0.14461028192371478,-1.7893333333333337,265.0,71.0,40.37735849056604,25.35211267605634,385.7066277085547,289.59687499999995,0.41869624330950117,28.898136144199654,2.6738771218266493,-15.025245814509699,-1.644723051409619,-96.10975270855477,0.0,2.408178012016638,0.0348913536091251
642201,"White, Eli",R,2025,28.34185545684542,27.89696688887273,28.47682119205298,29.530201342281877,-0.5596541786743515,-0.4302147239263804,191.0,335.0,26.701570680628272,23.28358208955224,440.08312274769764,382.3681162897221,-0.44488856797268994,28.119411172859074,1.0533801502288966,-3.417988591076032,0.12943945474797114,-57.71500645797556,1.0,2.343284264404923,-0.03707404733105749
642201,"White, Eli",R,2026,29.414450050186336,28.966100028331848,31.297709923664122,35.13513513513514,0.35578093306288033,-0.20097402597402603,255.0,164.0,28.627450980392158,17.682926829268293,324.0270270270271,309.66666666666663,-0.4483500218544876,29.19027503925909,3.8374252114710146,-10.944524151123865,-0.5567549590369063,-14.36036036036046,1.0,2.4325229199382576,-0.037362501821207296
642215,"Wilson, Weston",R,2024,25.281918337893572,25.515406775791735,28.431372549019606,26.31578947368421,2.797814207650273,-0.20459183673469394,86.0,88.0,26.74418604651163,31.818181818181817,531.8389172592597,279.8248616432524,0.23348843789816343,25.398662556842652,-2.1155830753353975,5.073995771670187,-3.0024060443849674,-252.01405561600728,1.0,2.116555213070221,0.019457369824846953
642215,"Wilson, Weston",R,2025,25.84753025987233,26.528069564456516,22.16216216216216,31.25,-0.12845528455284538,-0.30303030303030304,154.0,80.0,29.87012987012987,21.25,464.06928926226396,333.0442579466887,0.6805393045841868,26.187799912164422,9.087837837837839,-8.620129870129869,-0.17457501847745766,-131.0250313155753,1.0,2.1823166593470353,0.056711608715348895
642215,"Wilson, Weston",R,2026,24.946186142150477,25.201017440861193,26.907630522088354,22.48062015503876,-0.8772916666666667,-0.3108949416342413,222.0,112.0,29.27927927927928,30.357142857142858,314.04615384615386,324.3888888888889,0.25483129871071597,25.073601791505837,-4.4270103670495935,1.0778635778635781,0.5663967250324253,10.342735042735058,1.0,2.08946681595882,0.02123594155922633
642350,"Siri, Jose",R,2024,26.501455847346826,25.919954404097933,34.10852713178294,35.736196319018404,-0.3472803347280335,-0.8298003072196621,240.0,660.0,42.916666666666664,38.78787878787879,455.4997433342671,449.6059368216558,-0.581501443248893,26.210705125722377,1.6276691872354618,-4.128787878787875,-0.48251997249162865,-5.89380651261132,1.0,2.1842254271435313,-0.048458453604074414
642350,"Siri, Jose",R,2026,27.492586722177627,27.189388554633016,38.492063492063494,43.776824034334766,-0.3778481012658227,-0.2954853273137699,241.0,248.0,34.024896265560166,37.096774193548384,456.9855072463768,388.7746478873239,-0.30319816754461115,27.340987638405323,5.284760542271272,3.0718779279882185,0.08236277395205277,-68.2108593590529,1.0,2.278415636533777,-0.02526651396205093
642708,"Rosario, Amed",R,2024,24.057129048889863,24.14992725635145,40.25974025974026,37.9746835443038,-0.1104408352668215,-0.1997435897435898,237.0,430.0,24.47257383966245,20.697674418604652,350.43685003867006,339.142694734107,0.09279820746158762,24.103528152620655,-2.285056715436461,-3.774899421057796,-0.0893027544767683,-11.294155304563049,1.0,2.008627346051721,0.007733183955132302
642708,"Rosario, Amed",R,2025,20.487156659888065,21.52867407280843,36.318407960199,37.38317757009346,0.4314148681055156,-0.6737991266375548,239.0,122.0,16.317991631799163,28.688524590163933,381.05573559386715,370.0571028996883,1.0415174129203635,21.007915366348247,1.064769609894455,12.37053295836477,-1.1052139947430704,-10.998632694178866,1.0,1.7506596138623538,0.08679311774336362
642708,"Rosario, Amed",R,2026,23.267430439443864,25.362366223997256,40.26845637583892,41.875,-0.9446043165467625,1.1103333333333334,308.0,164.0,23.051948051948052,27.4390243902439,354.280701754386,438.6346153846154,2.0949357845533925,24.31489833172056,1.6065436241610769,4.387076338295849,2.0549376498800958,84.35391363022944,1.0,2.02624152764338,0.17457798204611605
642715,"Adames, Willy",R,2024,32.027928743946,32.44855533479417,24.603174603174605,29.34131736526946,-0.5893004115226338,0.7511155180961824,339.0,1011.0,25.073746312684367,26.409495548961424,360.84026470626077,437.5331600557795,0.42062659084817255,32.238242039370085,4.738142762094856,1.3357492362770564,1.3404159296188163,76.69289534951872,1.0,2.686520169947507,0.03505221590401438
642715,"Adames, Willy",R,2025,29.142687967467733,29.09481032015204,25.79787234042553,27.136150234741784,0.14601889338731444,0.6003872216844144,318.0,988.0,26.729559748427672,27.530364372469634,369.9744758610816,403.0029543241683,-0.047877647315694105,29.118749143809886,1.3382778943162528,0.8008046240419624,0.45436832829709994,33.028478463086685,1.0,2.426562428650824,-0.0039898039429745085
642715,"Adames, Willy",R,2026,29.82170543334222,30.139929741315605,32.103321033210335,31.43989431968296,-0.265981308411215,0.30547091412742394,261.0,691.0,32.18390804597701,25.180897250361795,397.22891566265054,365.41563786008237,0.3182243079733844,29.980817587328914,-0.6634267135273753,-7.003010795615218,0.5714522225386389,-31.813277802568166,1.0,2.4984014656107427,0.026518692331115368
642731,"Estrada, Thairo",R,2024,27.124220308242144,27.417157230234437,35.18518518518518,34.90759753593429,-2.081114551083591,-0.902741116751269,175.0,496.0,19.428571428571427,19.556451612903224,309.7862449683726,313.06139564549704,0.29293692199229326,27.27068876923829,-0.27758764925088997,0.12788018433179715,1.1783734343323222,3.2751506771244294,1.0,2.272557397436524,0.02441141016602444
642731,"Estrada, Thairo",R,2025,26.97283006283817,26.90845762502789,30.379746835443036,37.01923076923077,-0.685,-0.7322429906542055,73.0,233.0,15.068493150684931,22.317596566523605,278.89012345679015,292.5195794550148,-0.06437243781028101,26.94064384393303,6.63948393378773,7.249103415838674,-0.04724299065420545,13.629455998224671,1.0,2.245053653661086,-0.005364369817523418
642851,"Wynns, Austin",R,2025,28.44392712392054,29.285794950532736,35.294117647058826,25.43859649122807,-0.9644171779141104,2.1878571428571427,86.0,140.0,24.41860465116279,25.714285714285715,401.07238504035655,398.0677674900037,0.841867826612198,28.86486103722664,-9.855521155830758,1.2956810631229239,3.1522743207712534,-3.0046175503528616,1.0,2.4054050864355534,0.07015565221768316
642851,"Wynns, Austin",R,2026,27.571619191826475,26.614194734030168,47.540983606557376,36.44859813084112,-2.995419847328244,-2.8151219512195125,75.0,107.0,24.0,22.429906542056074,360.3333333333333,257.44117647058823,-0.9574244577963071,27.09290696292832,-11.092385475716256,-1.5700934579439263,0.1802978961087316,-102.89215686274508,1.0,2.2577422469106936,-0.0797853714830256
643217,"Benintendi, Andrew",L,2024,31.350084643250025,31.76969425634189,24.175824175824175,27.467811158798284,-0.4083058668424523,-1.036610878661088,712.0,240.0,16.151685393258425,23.333333333333332,338.4433484251564,360.02931793013187,0.41960961309186473,31.559889449795957,3.291986982974109,7.181647940074907,-0.6283050118186356,21.58596950497548,0.0,2.6299907874829964,0.03496746775765539
643217,"Benintendi, Andrew",L,2025,30.82114893149601,31.100072214056105,25.925925925925927,42.76315789473684,0.3937411095305832,1.0237500000000002,671.0,192.0,20.268256333830106,30.729166666666668,352.6722322702485,329.29317136143436,0.2789232825600969,30.960610572776055,16.837231968810915,10.460910332836562,0.630008890469417,-23.379060908814154,0.0,2.5800508810646714,0.023243606880008077
643217,"Benintendi, Andrew",L,2026,28.788016817644884,29.390474196287347,33.00852618757612,40.42553191489362,0.13099146421536448,-1.488235294117647,778.0,111.0,25.06426735218509,32.432432432432435,366.0537634408602,394.65384615384613,0.6024573786424625,29.089245506966115,7.417005727317495,7.368165080247344,-1.6192267583330116,28.60008271298591,0.0,2.4241037922471764,0.050204781553538545
643265,"Cooper, Garrett",R,2024,34.408193378500805,34.87582187923764,43.61702127659574,32.16783216783217,-0.8263473053892215,-1.391166077738516,90.0,120.0,32.22222222222222,23.333333333333332,528.0515869760538,382.4509108644978,0.46762850073683637,34.64200762886922,-11.449189108763576,-8.88888888888889,-0.5648187723492945,-145.60067611155603,1.0,2.8868339690724354,0.0389690417280697
643289,"Dubón, Mauricio",R,2024,22.702377882279404,21.90274124950108,40.17467248908297,41.633466135458164,-0.40282608695652156,-0.42900608519269784,281.0,587.0,20.640569395017792,14.821124361158432,283.81381341797106,302.61799856212184,-0.7996366327783235,22.302559565890242,1.4587936463751916,-5.81944503385936,-0.026179998236176283,18.80418514415078,1.0,1.8585466304908536,-0.06663638606486029
643289,"Dubón, Mauricio",R,2025,26.63845205741533,25.996967939670792,34.76190476190476,34.96659242761692,0.09597156398104277,-1.2612445414847164,229.0,492.0,14.410480349344978,14.634146341463415,287.9264671305993,279.6074839054349,-0.6414841177445361,26.31770999854306,0.20468766571216435,0.22366599211843763,-1.3572161054657592,-8.318983225164402,1.0,2.1931424998785882,-0.053457009812044674
643289,"Dubón, Mauricio",R,2026,31.08299949007274,31.2985169739665,35.26315789473684,38.87530562347188,-0.1828532235939642,-0.013508064516128992,396.0,791.0,11.11111111111111,15.423514538558786,302.46285714285716,327.81290322580645,0.21551748389375902,31.19075823201962,3.6121477287350388,4.312403427447675,0.1693451590778352,25.35004608294929,1.0,2.5992298526683015,0.01795979032447992
643376,"Jansen, Danny",R,2024,22.6332940722592,23.21675640943213,19.555555555555557,20.638297872340427,-0.0038740920096852365,-0.2596053997923157,165.0,394.0,23.636363636363637,17.512690355329948,293.8628779710856,297.98499376505276,0.5834623371729286,22.925025240845663,1.08274231678487,-6.123673281033689,-0.2557313077826305,4.122115793967168,1.0,1.910418770070472,0.048621861431077384
643376,"Jansen, Danny",R,2025,22.717627695844502,22.878641462094404,21.484375,18.639798488664987,0.10402298850574707,0.22919179734620013,226.0,356.0,29.20353982300885,17.415730337078653,330.7643635637057,337.6624232062414,0.16101376624990138,22.798134578969453,-2.8445765113350134,-11.787809485930197,0.12516880884045306,6.8980596425357135,1.0,1.8998445482474544,0.013417813854158448
643376,"Jansen, Danny",R,2026,22.813265747721704,22.530313343416697,21.774193548387096,24.363636363636363,-1.2396825396825395,-0.34771126760563387,114.0,258.0,27.19298245614035,21.705426356589147,304.125,285.4329896907217,-0.2829524043050071,22.6717895455692,2.5894428152492672,-5.4875560995512025,0.8919712720769056,-18.692010309278317,1.0,1.8893157954641,-0.02357936702541726
643396,"Kiner-Falefa, Isiah",R,2024,27.68279168162188,27.648977435018335,24.878048780487806,31.788079470198674,-0.6441241685144125,-0.028719172633253843,197.0,588.0,12.690355329949238,12.755102040816327,319.3005750377074,319.2601383424503,-0.03381424660354426,27.66588455832011,6.910030689710869,0.06474671086708916,0.6154049958811586,-0.040436695257085375,1.0,2.305490379860009,-0.0028178538836286884
643396,"Kiner-Falefa, Isiah",R,2025,29.94765548164209,29.35791344767234,31.372549019607842,32.17550274223035,-1.7556306306306306,-0.5731583403895004,223.0,571.0,14.349775784753364,11.38353765323993,290.3680262664165,292.123643337735,-0.5897420339697526,29.652784464657216,0.8029537226225081,-2.9662381315134336,1.1824722902411302,1.755617071318511,1.0,2.471065372054768,-0.04914516949747938
643396,"Kiner-Falefa, Isiah",R,2026,27.40203077826427,27.76869450085617,34.905660377358494,30.136986301369863,-2.349751243781095,-0.030582524271844647,99.0,195.0,17.171717171717173,15.384615384615385,305.33333333333337,299.4301075268818,0.36666372259190183,27.58536263956022,-4.768674075988631,-1.787101787101788,2.3191687195092503,-5.903225806451587,1.0,2.298780219963352,0.03055531021599182
643446,"McNeil, Jeff",L,2024,29.72853297132535,29.176930946550726,31.189710610932476,28.92156862745098,0.11031249999999995,-0.8631090487238979,696.0,244.0,16.95402298850575,13.524590163934427,303.502255024511,289.23038114014327,-0.5516020247746241,29.45273195893804,-2.2681419834814953,-3.4294328245713217,-0.9734215487238979,-14.271873884367722,0.0,2.454394329911503,-0.04596683539788534
643446,"McNeil, Jeff",L,2025,31.132309213032276,29.841936242749107,26.644736842105264,27.31958762886598,0.32670713201820945,0.007055961070559624,696.0,209.0,13.505747126436782,19.617224880382775,317.5573314376353,360.61731389783904,-1.290372970283169,30.487122727890693,0.6748507867607145,6.111477753945993,-0.31965117094764983,43.05998246020374,0.0,2.5405935606575576,-0.10753108085693075
643446,"McNeil, Jeff",L,2026,31.381746675246312,30.2846511814886,36.71988388969521,32.83582089552239,-0.3115044247787611,-1.3164921465968586,807.0,215.0,14.12639405204461,12.55813953488372,325.4704049844237,248.13953488372093,-1.0970954937577133,30.833198928367455,-3.8840629941728224,-1.5682545171608897,-1.0049877218180976,-77.33087010070275,0.0,2.569433244030621,-0.09142462447980944
643565,"Tauchman, Mike",L,2024,29.87266408669106,30.06896859879114,23.052959501557634,20.895522388059703,0.13216838760921368,-0.061209964412811436,582.0,125.0,19.072164948453608,21.6,347.6809742362244,376.3631875221361,0.19630451210008104,29.970816342741102,-2.157437113497931,2.5278350515463934,-0.1933783520220251,28.6822132859117,0.0,2.4975680285617585,0.01635870934167342
643565,"Tauchman, Mike",L,2025,33.43221452888527,33.42998612013662,23.993558776167472,22.65625,0.5217457886676876,1.6258741258741256,603.0,141.0,19.402985074626866,34.04255319148936,354.92405452057034,376.4845447235691,-0.002228408748649713,33.43110032451094,-1.3373087761674718,14.639568116862495,1.104128337206438,21.56049020299878,0.0,2.7859250270425786,-0.00018570072905414273
645302,"Robles, Victor",R,2024,13.01188333389345,13.841267621764493,31.176470588235293,31.932773109243698,-0.24798761609907127,1.9967261904761904,172.0,360.0,22.093023255813954,24.72222222222222,369.6623133014331,354.28793995407193,0.8293842878710418,13.426575477828973,0.7563025210084042,2.629198966408268,2.2447138065752616,-15.374373347361143,1.0,1.118881289819081,0.06911535732258682
645302,"Robles, Victor",R,2025,9.18630653701794,9.649918527023386,44.57831325301205,40.0,-1.5070063694267517,-0.8331775700934578,98.0,126.0,22.448979591836736,26.19047619047619,255.79398496240603,295.5869255744256,0.46361199000544673,9.418112532020663,-4.578313253012048,3.741496598639454,0.6738287993332939,39.79294061201958,1.0,0.7848427110017219,0.038634332500453894
645302,"Robles, Victor",R,2026,11.839137216191196,12.712534417335446,34.95145631067961,35.632183908045974,-0.33475935828877024,-1.1255384615384614,94.0,181.0,24.46808510638298,19.88950276243094,357.72222222222223,257.5789473684211,0.8733972011442503,12.27583581676332,0.6807275973663636,-4.578582343952039,-0.7907791032496911,-100.14327485380113,1.0,1.02298631806361,0.0727831000953542
645305,"Sánchez, Ali",R,2026,28.070880901029906,27.60724680496822,27.63157894736842,41.666666666666664,0.5031847133757962,-3.739705882352941,74.0,71.0,24.324324324324323,18.309859154929576,398.9615384615384,265.13793103448273,-0.4636340960616856,27.83906385299906,14.035087719298243,-6.014465169394747,-4.2428905957287375,-133.82360742705566,1.0,2.3199219877499218,-0.03863617467180713
646240,"Devers, Rafael",L,2024,20.81398900665846,23.470311723364937,28.465346534653467,33.78378378378378,1.86188605108055,-0.26872928176795574,727.0,481.0,25.997248968363134,31.80873180873181,485.4051310736395,409.57650361497724,2.6563227167064767,22.142150365011698,5.318437249130316,5.811482840368676,-2.130615332848506,-75.82862745866225,0.0,1.845179197084308,0.2213602263922064
646240,"Devers, Rafael",L,2025,21.806904555800287,23.919700393835512,24.779541446208114,27.85388127853881,1.3025821596244131,0.12206185567010304,953.0,491.0,30.535152151101784,26.069246435845216,481.00055863917504,398.13530251845697,2.1127958380352254,22.8633024748179,3.074339832330697,-4.465905715256568,-1.1805203039543102,-82.86525612071807,0.0,1.905275206234825,0.17606631983626878
646240,"Devers, Rafael",L,2026,24.850419869474237,26.428677395883415,28.460686600221482,33.04157549234136,2.142579505300353,-1.390065502183406,765.0,460.0,25.751633986928105,28.043478260869566,463.7953667953668,344.07092198581563,1.5782575264091783,25.639548632678824,4.5808888921198765,2.291844273941461,-3.532645007483759,-119.72444480955119,0.0,2.1366290527232352,0.1315214605340982
647304,"Naylor, Josh",L,2024,24.076671369037054,24.807362496126117,32.5,31.626506024096386,0.7587020648967552,-0.02747967479674811,852.0,297.0,19.718309859154928,23.569023569023567,370.0070228467989,354.12513865355584,0.730691127089063,24.442016932581588,-0.8734939759036138,3.8507137098686393,-0.7861817396935032,-15.881884193243081,0.0,2.036834744381799,0.06089092725742192
647304,"Naylor, Josh",L,2025,25.27977548476029,25.688103585783683,34.63687150837989,41.935483870967744,1.3684931506849314,0.3156346749226006,739.0,345.0,17.997293640054128,26.3768115942029,375.4229300533018,306.10768120494924,0.40832810102339323,25.483939535271986,7.298612362587853,8.37951795414877,-1.0528584757623307,-69.31524884835255,0.0,2.1236616279393323,0.034027341751949436
647304,"Naylor, Josh",L,2026,26.86671902634167,27.30612904231643,39.57503320053121,35.80562659846547,-0.8472242783123611,-0.4646575342465754,725.0,349.0,14.068965517241379,19.770773638968482,325.3253012048193,326.20958083832335,0.4394100159747616,27.08642403432905,-3.769406602065736,5.701808121727103,0.3825667440657857,0.8842796335040362,0.0,2.2572020028607542,0.03661750133123013
649966,"Urías, Luis",R,2024,29.315178190917223,29.12193206592668,28.440366972477065,27.966101694915253,-0.017889908256880693,-0.0621276595744682,100.0,111.0,25.0,16.216216216216218,429.5925268817204,360.65651909022876,-0.1932461249905444,29.21855512842195,-0.4742652775618126,-8.783783783783782,-0.044237751317587504,-68.93600779149165,1.0,2.4348795940351624,-0.016103843749212032
649966,"Urías, Luis",R,2025,29.816504250363216,29.543407760812336,28.244274809160306,21.413721413721415,-1.3568904593639577,0.2226692836113837,126.0,423.0,7.142857142857143,13.47517730496454,220.87870619946094,315.4215455078826,-0.2730964895508805,29.679956005587776,-6.830553395438891,6.332320162107396,1.5795597429753414,94.54283930842169,1.0,2.473329667132315,-0.02275804079590671
650333,"Arraez, Luis",L,2024,33.27961442207893,33.27845369657218,35.47215496368039,34.25076452599389,0.507176196032672,-0.5488011283497884,848.0,347.0,4.599056603773585,8.93371757925072,336.07610575168667,309.7973781512605,-0.001160725506750282,33.279034059325554,-1.2213904376865017,4.334660975477135,-1.0559773243824604,-26.27872760042618,0.0,2.7732528382771293,-9.67271255625235e-05
650333,"Arraez, Luis",L,2025,34.31625815307439,34.37253762946518,35.41927409261577,31.014492753623188,-0.06514084507042257,-0.9173333333333333,841.0,364.0,3.56718192627824,5.21978021978022,301.73107194964024,260.4485080691977,0.056279476390784566,34.344397891269786,-4.404781338992585,1.6525982935019798,-0.8521924882629107,-41.282563880442524,0.0,2.8620331576058153,0.004689956365898714
650333,"Arraez, Luis",L,2026,34.86764622953156,35.19790913665794,32.896305125148984,33.633633633633636,0.10762016412661199,0.6870833333333333,808.0,362.0,5.074257425742574,8.56353591160221,307.6297229219144,279.4719101123596,0.3302629071263823,35.03277768309475,0.7373285084846515,3.4892784858596366,0.5794631692067213,-28.157812809554798,0.0,2.9193981402578957,0.027521908927198524
650391,"Jiménez, Eloy",R,2024,16.146561376206943,16.76435410217665,37.640449438202246,31.397849462365592,-1.5892307692307692,-1.1509648127128262,163.0,441.0,22.699386503067483,23.12925170068027,320.8999708624709,360.75541869215715,0.6177927259697071,16.455457739191797,-6.242599975836654,0.42986519761278785,0.438265956517943,39.85544782968623,1.0,1.3712881449326497,0.05148272716414226
650402,"Torres, Gleyber",R,2024,32.91629419689471,32.504994373772824,21.83288409703504,21.25984251968504,1.0516778523489931,-0.38260240963855424,338.0,950.0,21.597633136094675,20.105263157894736,348.43269709070773,351.7017136113185,-0.41129982312188673,32.71064428533377,-0.5730415773500006,-1.4923699781999389,-1.4342802619875474,3.269016520610762,1.0,2.725887023777814,-0.03427498526015723
650402,"Torres, Gleyber",R,2025,32.94529292553738,32.39052700648789,16.91919191919192,17.179215270413575,1.7389542483660132,0.06691371095817897,284.0,797.0,17.253521126760564,16.687578419071517,404.60425718907175,370.94090987778924,-0.5547659190494869,32.66790996601264,0.26002335122165476,-0.5659427076890466,-1.6720405374078342,-33.66334731128251,1.0,2.722325830501053,-0.04623049325412391
650402,"Torres, Gleyber",R,2026,31.974111574063844,31.544643364775684,13.915857605177994,21.46422628951747,0.7756388415672913,-0.19908180300500838,202.0,546.0,19.801980198019802,20.695970695970697,403.49999999999994,321.8212560386474,-0.4294682092881601,31.759377469419764,7.548368684339476,0.8939904979508952,-0.9747206445722998,-81.67874396135255,1.0,2.646614789118314,-0.035789017440680006
650490,"Díaz, Yandy",R,2024,29.27370960441147,29.36699957041628,21.804511278195488,23.134328358208954,1.5593065693430657,-0.1320439100888657,248.0,831.0,11.693548387096774,12.755716004813477,417.6727060073292,350.3020543245287,0.09328996600481076,29.320354587413874,1.3298170800134663,1.0621676177167032,-1.6913504794319314,-67.37065168280054,1.0,2.4433628822844895,0.007774163833734231
650490,"Díaz, Yandy",R,2025,29.638594723899107,29.20354688845523,26.843657817109143,22.895622895622896,1.228449502133713,0.8658510059815117,325.0,795.0,11.384615384615385,17.232704402515722,398.4114429947981,369.5910018856177,-0.4350478354438785,29.42107080617717,-3.948034921486247,5.848089017900337,-0.3625984961522013,-28.820441109180422,1.0,2.451755900514764,-0.03625398628698987
650490,"Díaz, Yandy",R,2026,28.545697263738425,28.349209469911337,31.770833333333332,28.173719376391983,0.26074766355140183,1.1945382882882882,358.0,832.0,11.452513966480447,12.98076923076923,374.0662251655629,370.61690140845064,-0.1964877938270888,28.44745336682488,-3.5971139569413495,1.5282552642887826,0.9337906247368863,-3.4493237571122677,1.0,2.3706211139020734,-0.016373982818924066
650559,"De La Cruz, Bryan",R,2024,27.609077898735844,27.754357230762523,32.748538011695906,32.62092238470191,0.43198263386396535,-0.7479203280609257,386.0,893.0,26.424870466321245,27.547592385218366,444.591215989122,382.8532491745456,0.14527933202667853,27.681717564749185,-0.1276156269939932,1.1227219188971205,-1.179902961924891,-61.737966814576396,1.0,2.306809797062432,0.012106611002223211
650559,"De La Cruz, Bryan",R,2026,26.85606202151857,25.93654170805801,30.120481927710845,40.27777777777778,-0.2685897435897438,1.5355555555555551,76.0,73.0,23.68421052631579,23.28767123287671,315.03999999999996,295.14814814814815,-0.9195203134605627,26.396301864788292,10.157295850066934,-0.3965392934390799,1.8041452991452989,-19.89185185185181,1.0,2.199691822065691,-0.07662669278838023
650968,"Pozo, Yohel",R,2025,23.031241972209664,23.803447586953936,43.037974683544306,49.59349593495935,0.11801242236024848,-0.6169767441860464,95.0,264.0,16.842105263157894,19.696969696969695,315.93009377664106,294.32727042276537,0.7722056147442729,23.4173447795818,6.555521251415044,2.8548644338118017,-0.7349891665462949,-21.602823353875692,1.0,1.9514453982984834,0.06435046789535608
655316,"Monasterio, Andruw",R,2024,26.80643508878752,27.13991269764663,19.653179190751445,20.408163265306122,0.1594594594594594,-1.1951456310679611,134.0,136.0,19.402985074626866,25.735294117647058,289.41873336540004,427.8864529831582,0.33347760885910915,26.973173893217073,0.7549840745546774,6.332309043020192,-1.3546050905274205,138.46771961775818,1.0,2.2477644911014227,0.027789800738259096
655316,"Monasterio, Andruw",R,2025,27.59549391146411,27.4105019158611,24.299065420560748,28.30188679245283,1.0230414746543777,-0.5103244837758111,97.0,163.0,18.556701030927837,25.766871165644172,359.7749677300387,321.47774920175794,-0.18499199560300994,27.502997913662604,4.002821371892082,7.210170134716336,-1.5333659584301889,-38.29721852828078,1.0,2.291916492805217,-0.015415999633584162
655316,"Monasterio, Andruw",R,2026,29.116121593762628,29.13705195190617,23.79182156133829,28.60411899313501,0.09237435008665514,-0.9487297921478062,279.0,400.0,15.412186379928315,18.25,392.67058823529413,285.4052287581699,0.020930358143541383,29.1265867728344,4.812297431796722,2.8378136200716852,-1.0411041422344613,-107.2653594771242,1.0,2.4272155644028666,0.001744196511961782
656180,"Adams, Riley",R,2024,27.94905331361241,28.26922918840078,24.074074074074073,34.41558441558441,-1.272850678733032,0.05559105431309894,97.0,165.0,25.77319587628866,23.636363636363637,285.4128803245436,401.3068264873034,0.32017587478836873,28.109141251006594,10.34151034151034,-2.136832239925024,1.328441733046131,115.89394616275979,1.0,2.342428437583883,0.02668132289903073
656180,"Adams, Riley",R,2025,28.758050540989295,28.415259598291737,28.350515463917525,32.09549071618037,-1.4717948717948715,-1.3353246753246755,179.0,381.0,31.28491620111732,30.183727034120736,364.8593824398458,431.262450980524,-0.34279094269755817,28.586655069640514,3.744975252262847,-1.1011891669965834,0.13647019647019598,66.40306854067825,1.0,2.382221255803376,-0.02856591189146318
656248,"Bouchard, Sean",R,2024,28.482535839684186,27.626443926470653,26.31578947368421,20.54794520547945,0.06734693877551026,-0.7246478873239438,65.0,121.0,29.23076923076923,30.578512396694215,326.3219015280136,296.3439908668567,-0.8560919132135325,28.05448988307742,-5.767844268204758,1.3477431659249852,-0.791994826099454,-29.977910661156898,1.0,2.3378741569231183,-0.07134099276779438
656305,"Chapman, Matt",R,2024,28.58721116471683,28.550557118085187,21.813031161473088,25.18440463645943,0.7511756569847856,0.7664832416208103,319.0,888.0,17.86833855799373,21.846846846846848,417.17505660258047,415.73536387828744,-0.036654046631642956,28.568884141401007,3.371373474986342,3.978508288853117,0.015307584636024663,-1.4396927242930246,1.0,2.3807403451167506,-0.0030545038859702465
656305,"Chapman, Matt",R,2025,28.225895978057867,28.43701676529688,21.311475409836067,19.71326164874552,0.13648915187376726,0.7511723329425557,223.0,714.0,21.076233183856502,23.10924369747899,393.0342618408446,385.6775749030708,0.21112078723901462,28.331456371677376,-1.5982137610905482,2.0330105136224894,0.6146831810687885,-7.356686937773759,1.0,2.3609546976397815,0.017593398936584553
656305,"Chapman, Matt",R,2026,27.169691599722498,27.33997765512404,19.0,29.26356589147287,0.6487373737373737,-0.4865758754863813,165.0,466.0,19.393939393939394,21.673819742489272,330.96610169491527,306.58083832335325,0.17028605540154373,27.25483462742327,10.263565891472869,2.2798803485498773,-1.135313249223755,-24.38526337156202,1.0,2.2712362189519393,0.01419050461679531
656413,"Fairchild, Stuart",R,2024,30.1718968307875,30.55403417678672,20.481927710843372,31.428571428571427,1.3177215189873417,-1.6048648648648651,223.0,196.0,30.94170403587444,33.673469387755105,388.98985438342146,332.8812193219328,0.3821373459992188,30.36296550378711,10.946643717728055,2.7317653518806644,-2.922586383852207,-56.108635061488656,1.0,2.5302471253155923,0.03184477883326823
656537,"Hill, Derek",R,2024,30.677600592144632,29.91000988666875,37.03703703703704,34.193548387096776,2.358,-2.108100558659218,137.0,192.0,31.386861313868614,34.375,471.6297800428236,397.7534104491999,-0.7675907054758824,30.29380523940669,-2.8434886499402623,2.9881386861313857,-4.4661005586592175,-73.87636959362368,1.0,2.5244837699505576,-0.0639658921229902
656537,"Hill, Derek",R,2025,29.445953414621528,29.567311051898923,29.545454545454547,46.15384615384615,-0.7196969696969697,-0.7106451612903225,137.0,168.0,28.467153284671532,33.92857142857143,472.17141873278234,399.4894313986433,0.12135763727739501,29.506632233260227,16.608391608391607,5.461418143899898,0.00905180840664721,-72.68198733413902,1.0,2.4588860194383524,0.010113136439782918
656537,"Hill, Derek",R,2026,29.45518036959576,30.08126717380182,35.12396694214876,33.333333333333336,0.44253112033195025,0.24086687306501547,260.0,154.0,31.153846153846153,29.87012987012987,391.13095238095235,418.0,0.6260868042060608,29.76822377169879,-1.7906336088154262,-1.2837162837162843,-0.20166424726693477,26.86904761904765,1.0,2.4806853143082326,0.052173900350505065
656541,"Hilliard, Sam",L,2024,26.607586143584115,26.94345614629996,26.4,32.5,0.11501057082452434,2.723463687150838,214.0,88.0,39.7196261682243,37.5,412.9347717701893,498.78326794733044,0.335870002715847,26.77552114494204,6.100000000000001,-2.219626168224302,2.608453116326314,85.84849617714116,0.0,2.23129342874517,0.02798916689298725
656555,"Hoskins, Rhys",R,2024,32.379808875971115,32.351092840629114,24.014336917562723,25.766871165644172,1.072222222222222,0.09832535885167454,242.0,719.0,19.834710743801654,24.061196105702365,360.94865144929224,387.6931077408743,-0.028716035342000623,32.365450858300115,1.7525342480814494,4.226485361900711,-0.9738968633705474,26.744456291582082,1.0,2.697120904858343,-0.0023930029451667187
656555,"Hoskins, Rhys",R,2025,31.577710546907554,30.950317180275228,21.367521367521366,19.23076923076923,0.275974025974026,0.2582474226804124,192.0,385.0,21.875,25.974025974025974,337.9891267072788,399.6900768023803,-0.6273933666323259,31.26401386359139,-2.1367521367521363,4.099025974025974,-0.017726603293613585,61.70095009510152,1.0,2.6053344886326157,-0.05228278055269383
656555,"Hoskins, Rhys",R,2026,31.21441724131119,30.982023864161256,20.357142857142858,23.444976076555022,-0.4543362831858407,0.06387096774193549,249.0,315.0,28.91566265060241,30.476190476190474,378.20312500000006,338.06796116504853,-0.2323933771499327,31.098220552736223,3.0878332194121647,1.5605278255880641,0.5182072509277762,-40.13516383495153,1.0,2.591518379394685,-0.01936611476249439
656577,"Jackson, Alex",R,2024,30.030891222389464,30.001514118645083,37.03703703703704,35.64356435643565,-2.7775000000000003,-1.9302872062663183,134.0,192.0,35.82089552238806,38.020833333333336,266.15341117216116,296.38241879254207,-0.029377103744380406,30.016202670517274,-1.3934726806013913,2.199937810945279,0.847212793733682,30.229007620380912,1.0,2.501350222543106,-0.002448091978698367
656577,"Jackson, Alex",R,2025,30.689404609276735,30.76934812099721,35.294117647058826,27.083333333333332,2.5973684210526313,-1.092982456140351,63.0,140.0,31.746031746031747,35.714285714285715,441.28086013261037,352.06825998076,0.07994351172047587,30.72937636513697,-8.210784313725494,3.9682539682539684,-3.6903508771929823,-89.21260015185038,1.0,2.5607813637614143,0.006661959310039656
656582,"Joe, Connor",R,2024,34.34514216603548,34.336663774839536,21.978021978021978,21.902654867256636,0.33960948396094826,-0.1878464818763327,310.0,402.0,23.870967741935484,22.388059701492537,282.2328886010489,307.76021248758906,-0.008478391195943402,34.34090297043751,-0.07536711076534175,-1.4829080404429469,-0.5274559658372809,25.52732388654016,1.0,2.861741914203126,-0.0007065325996619501
656582,"Joe, Connor",R,2025,34.85616803335814,34.7876078456764,21.53846153846154,17.857142857142858,-2.5516339869281044,-1.5519337016574588,63.0,72.0,14.285714285714286,23.61111111111111,286.94814955159785,351.2835697940503,-0.0685601876817401,34.82188793951727,-3.6813186813186825,9.325396825396824,0.9997002852706456,64.33542024245247,1.0,2.901823994959772,-0.005713348973478342
656716,"McKinstry, Zach",L,2025,27.40388852320388,27.13894974743934,27.027027027027028,24.50980392156863,-0.14221105527638195,0.786036036036036,748.0,201.0,20.855614973262032,19.90049751243781,353.8430761124344,314.19092970521547,-0.26493877576453784,27.271419135321608,-2.517223105458399,-0.9551174608242228,0.9282470913124179,-39.652146407218936,0.0,2.2726182612768007,-0.022078231313711488
656716,"McKinstry, Zach",L,2026,29.104767860553228,28.81616480654126,29.720853858784892,23.026315789473685,-0.492,-2.436716417910448,611.0,156.0,14.893617021276595,10.897435897435898,288.20416666666665,284.65000000000003,-0.2886030540119684,28.960466333547245,-6.694538069311207,-3.9961811238406977,-1.9447164179104481,-3.5541666666666174,0.0,2.4133721944622706,-0.024050254500997365
656775,"Mullins, Cedric",L,2024,30.880311771882905,28.51003490971303,27.54569190600522,28.402366863905325,0.5936280884265279,-2.3978494623655915,771.0,198.0,17.509727626459146,17.67676767676768,324.1080697053726,293.50404232778453,-2.3702768621698738,29.695173340797968,0.8566749579001041,0.16704005030853253,-2.991477550792119,-30.604027377588068,0.0,2.4745977783998305,-0.1975230718474895
656775,"Mullins, Cedric",L,2025,31.787077147631138,31.68814422905563,26.614987080103358,25.76923076923077,-0.6918918918918918,0.3564102564102564,749.0,258.0,22.563417890520693,15.891472868217054,327.1141806243894,294.28335502827537,-0.09893291857550679,31.737610688343384,-0.8457563108725878,-6.671945022303639,1.0483021483021482,-32.83082559611404,0.0,2.644800890695282,-0.008244409881292233
656775,"Mullins, Cedric",L,2026,30.148265579244352,31.39861973088785,30.171277997364953,33.20610687022901,-0.5156821378340365,-1.1549356223175964,701.0,231.0,19.40085592011412,22.51082251082251,297.5573122529644,189.79746835443038,1.2503541516434993,30.773442655066102,3.034828872864054,3.109966590708389,-0.6392534844835599,-107.759843898534,0.0,2.564453554588842,0.10419617930362494
656811,"O'Hearn, Ryan",L,2024,26.577260558787284,26.940319571870607,25.39149888143177,35.44303797468354,0.7111678004535147,-1.302439024390244,819.0,78.0,15.384615384615385,23.076923076923077,384.1209225672567,270.57142857142856,0.36305901308332267,26.758790065328945,10.051539093251773,7.692307692307692,-2.013606824843759,-113.54949399582813,0.0,2.2298991721107453,0.030254917756943556
656811,"O'Hearn, Ryan",L,2025,25.978463906519945,26.344566855842377,26.643990929705215,28.019323671497585,0.6348797250859106,0.4180586907449211,816.0,199.0,19.852941176470587,24.12060301507538,385.2131250193525,363.0048546806366,0.3661029493224319,26.16151538118116,1.37533274179237,4.267661838604791,-0.21682103434098954,-22.20827033871592,0.0,2.1801262817650966,0.03050857911020266
656811,"O'Hearn, Ryan",L,2026,24.82104166978878,24.835237763011012,30.489731437598735,34.72803347280335,1.0532821824381926,-1.447464503042596,548.0,233.0,20.62043795620438,18.88412017167382,379.4492753623189,330.8804347826087,0.01419609322223181,24.828139716399896,4.238302035204612,-1.7363177845305593,-2.500746685480789,-48.568840579710184,0.0,2.0690116430333245,0.0011830077685193174
656896,"Rivera, Emmanuel",R,2024,25.41178604301975,25.18892289786971,31.439393939393938,26.724137931034484,-0.3627291242362526,-0.7597875569044007,246.0,312.0,27.235772357723576,26.28205128205128,357.6296932231011,388.1305025323483,-0.2228631451500398,25.30035447044473,-4.715256008359454,-0.9537210756722949,-0.3970584326681481,30.500809309247188,1.0,2.108362872537061,-0.018571928762503315
656896,"Rivera, Emmanuel",R,2025,23.825313928513403,22.866436755223308,31.16883116883117,36.7816091954023,0.2945205479452054,-2.08969696969697,75.0,176.0,25.333333333333332,27.84090909090909,390.9230769230769,269.0186783804431,-0.9588771732900945,23.345875341868357,5.612778026571128,2.507575757575758,-2.3842175176421754,-121.90439854263383,1.0,1.945489611822363,-0.07990643110750788
656941,"Schwarber, Kyle",L,2024,21.646169104560887,21.852299164358516,22.04246713852376,18.8,0.6442578548212351,1.8406862745098036,749.0,390.0,30.97463284379172,26.923076923076923,512.4930278606224,445.52515917508356,0.20613005979762988,21.7492341344597,-3.242467138523761,-4.051555920714797,1.1964284196885684,-66.96786868553886,0.0,1.8124361778716418,0.017177504983135822
656941,"Schwarber, Kyle",L,2025,21.163150675105708,20.92170020257096,21.7,21.166666666666668,1.560494476591268,1.8597972972972976,781.0,498.0,30.089628681177977,32.1285140562249,511.115573020693,516.9965897142728,-0.24145047253474772,21.042425438838336,-0.5333333333333314,2.038885375046924,0.29930282070602954,5.881016693579795,0.0,1.753535453236528,-0.020120872711228976
656941,"Schwarber, Kyle",L,2026,19.99167078900381,20.008806765100047,28.066732090284592,22.045855379188712,1.0871599564744285,1.7631192660550459,814.0,467.0,31.44963144963145,27.623126338329765,498.9668246445497,482.25,0.01713597609623818,20.000238777051926,-6.02087671109588,-3.8265051113016852,0.6759593095806173,-16.716824644549718,0.0,1.6666865647543272,0.0014279980080198484
657041,"Thomas, Lane",R,2024,24.210342215509428,23.53358759119437,21.95945945945946,23.18244170096022,1.6917398945518451,-0.491875825627477,247.0,663.0,20.242914979757085,20.663650075414782,431.87164374972747,359.41647941350317,-0.6767546243150591,23.8719649033519,1.222982241500759,0.4207350956576974,-2.183615720179322,-72.4551643362243,1.0,1.9893304086126582,-0.056396218692921586
657041,"Thomas, Lane",R,2025,23.04017581280602,21.903861126772377,26.0,20.23121387283237,-1.3036458333333332,-2.229120879120879,89.0,154.0,28.089887640449437,29.22077922077922,227.45744514106585,324.70538029247774,-1.1363146860336428,22.472018469789198,-5.76878612716763,1.1308915803297843,-0.925475045787546,97.2479351514119,1.0,1.8726682058157664,-0.09469289050280356
657041,"Thomas, Lane",R,2026,24.064543952764,24.1001615166612,19.08831908831909,21.91142191142191,0.8325892857142856,-0.8662398137369034,271.0,361.0,22.509225092250922,18.559556786703602,394.09708737864077,331.12878787878793,0.03561756389719761,24.0823527347126,2.823102823102822,-3.94966830554732,-1.698829099451189,-62.96829949985283,1.0,2.0068627278927167,0.002968130324766468
657077,"Verdugo, Alex",L,2024,31.23193060667489,31.459940044549914,27.66531713900135,21.306818181818183,-0.6629582806573957,-0.8959102902374669,736.0,305.0,12.771739130434783,15.737704918032787,339.2081807998427,293.0353077719048,0.22800943787502348,31.345935325612402,-6.358498957183166,2.9659657875980034,-0.23295200958007123,-46.1728730279379,0.0,2.612161277134367,0.01900078648958529
657136,"Wong, Connor",R,2024,27.222410897039044,27.29230671892376,24.6875,31.889081455805893,0.9643518518518518,0.03231907894736834,318.0,640.0,23.270440251572328,28.125,357.9174608477208,341.2115189031698,0.06989582188471744,27.257358807981404,7.2015814558058935,4.854559748427672,-0.9320327729044835,-16.705941944551,1.0,2.271446567331784,0.005824651823726453
657136,"Wong, Connor",R,2025,28.382901442466068,28.73468072881431,23.853211009174313,35.984848484848484,-1.4382775119617224,-1.693245778611632,90.0,267.0,21.11111111111111,24.719101123595507,334.0714285714285,286.19977359804943,0.3517792863482434,28.558791085640188,12.131637475674172,3.6079900124843967,-0.25496826664990957,-47.871654973379066,1.0,2.379899257136682,0.029314940529020284
657136,"Wong, Connor",R,2026,28.002863408255553,27.949573083888986,28.45528455284553,32.93413173652694,-0.05696202531645565,-0.6603100775193798,112.0,306.0,18.75,25.163398692810457,366.64705882352945,305.2244897959184,-0.05329032436656789,27.97621824607227,4.478847183681413,6.413398692810457,-0.6033480522029241,-61.422569027611075,1.0,2.3313515205060225,-0.004440860363880657
657557,"DeJong, Paul",R,2024,27.618233832458152,27.207286727884057,32.113821138211385,35.15981735159817,-0.9549382716049383,-0.06688644688644689,274.0,800.0,39.051094890510946,30.75,359.9378673313271,417.72271098049777,-0.41094710457409533,27.412760280171106,3.045996213386786,-8.301094890510946,0.8880518247184914,57.78484364917068,1.0,2.2843966900142587,-0.03424559204784128
657557,"DeJong, Paul",R,2025,28.449195119537546,28.101480614009933,41.666666666666664,33.99209486166008,-0.36050724637681164,-0.9852125693160814,153.0,314.0,37.908496732026144,28.02547770700637,344.0351758473636,370.0589592407936,-0.3477145055276125,28.27533786677374,-7.674571805006586,-9.883019025019774,-0.6247053229392697,26.02378339343005,1.0,2.3562781555644783,-0.02897620879396771
657656,"Laureano, Ramón",R,2024,29.59131932347655,29.798774256551273,27.45098039215686,32.0,1.2852657004830919,-0.15117493472584848,222.0,395.0,29.72972972972973,28.860759493670887,461.43808514462415,409.7079952577542,0.20745493307472174,29.69504679001391,4.549019607843139,-0.8689702360588427,-1.4364406352089403,-51.73008988686996,1.0,2.4745872325011593,0.017287911089560144
657656,"Laureano, Ramón",R,2025,30.531060892139973,30.348649981479088,23.88535031847134,26.69826224328594,1.692272024729521,0.7783763837638377,304.0,648.0,24.013157894736842,25.771604938271604,468.9555940518101,442.82720624875435,-0.18241091066088444,30.43985543680953,2.8129119248145997,1.7584470435347619,-0.9138956409656834,-26.128387803055773,1.0,2.5366546197341275,-0.01520090922174037
657656,"Laureano, Ramón",R,2026,28.477484198542903,28.149342830418163,27.77777777777778,34.66257668711656,-1.5618025751072961,0.12052117263843651,110.0,318.0,30.0,30.18867924528302,361.62857142857143,431.04761904761904,-0.32814136812474004,28.313413514480533,6.884798909338784,0.18867924528301927,1.6823237477457327,69.4190476190476,1.0,2.3594511262067113,-0.027345114010395005
657757,"Sheets, Gavin",L,2024,30.42175146027096,31.188420687205017,32.979851537645814,28.64864864864865,-0.3810185185185186,-1.2435616438356165,799.0,164.0,19.524405506883603,27.4390243902439,363.6866864551858,338.3684791882905,0.7666692269340558,30.80508607373799,-4.331202888997165,7.914618883360298,-0.8625431253170979,-25.318207266895286,0.0,2.5670905061448326,0.06388910224450466
657757,"Sheets, Gavin",L,2025,29.03296466051128,29.91672805727577,31.397849462365592,31.226765799256505,0.47739644970414197,-0.28285229202037354,745.0,271.0,21.476510067114095,22.509225092250922,411.35922280034373,340.861793614471,0.8837633967644898,29.474846358893522,-0.17108366310908707,1.0327150251368273,-0.7602487417245155,-70.4974291858727,0.0,2.45623719657446,0.07364694973037415
657757,"Sheets, Gavin",L,2026,29.858918797103364,29.68113354135507,31.097560975609756,29.45205479452055,0.29140148950575495,-2.3861486486486485,629.0,136.0,17.488076311605724,24.264705882352942,346.3973799126638,297.1333333333334,-0.17778525574829374,29.77002616922922,-1.6455061810892069,6.776629570747218,-2.6775501381544036,-49.2640465793304,0.0,2.4808355141024347,-0.014815437979024479
658668,"Olivares, Edward",R,2024,29.662318871781032,30.31734973470665,33.142857142857146,32.68292682926829,-0.45857142857142863,-1.1349282296650718,173.0,217.0,23.121387283236995,20.276497695852534,386.4595955519684,366.66401012694337,0.6550308629256172,29.98983430324384,-0.45993031358885617,-2.8448895873844613,-0.6763568010936432,-19.795585425025024,1.0,2.499152858603653,0.054585905243801434
660271,"Ohtani, Shohei",L,2024,28.79660312207959,30.23850573301777,27.116935483870968,25.619834710743802,3.0822268687924725,1.2688796680497922,907.0,436.0,27.45314222712238,24.31192660550459,593.8571903088183,481.50036626507426,1.4419026109381825,29.51755442754868,-1.4971007731271655,-3.1412156216177927,-1.8133472007426803,-112.35682404374404,0.0,2.4597962022957236,0.12015855091151521
660271,"Ohtani, Shohei",L,2025,28.45349366888559,30.179460207903116,24.1674595623216,30.415754923413566,2.3845202769535114,1.6427480916030535,865.0,424.0,31.44508670520231,31.839622641509433,586.8763994596325,497.4247987575512,1.7259665390175272,29.316476938394352,6.248295361091966,0.3945359363071219,-0.741772185350458,-89.4516007020813,0.0,2.443039744866196,0.14383054491812727
660271,"Ohtani, Shohei",L,2026,30.49411877681412,31.700748687101687,29.52158693115519,31.016042780748663,1.2001235330450895,1.0677871148459386,727.0,331.0,28.335625859697387,29.003021148036254,511.0769230769231,478.57142857142856,1.2066299102875675,31.097433731957903,1.4944558495934714,0.6673952883388665,-0.13233641819915087,-32.50549450549454,0.0,2.591452810996492,0.10055249252396396
660670,"Acuña Jr., Ronald",R,2024,30.049763976291633,29.969462984677733,24.271844660194176,20.64896755162242,1.3055045871559632,0.23959243085880635,95.0,330.0,22.105263157894736,25.454545454545453,395.41458858305873,414.50993104546035,-0.0803009916138997,30.00961348048468,-3.622877108571757,3.349282296650717,-1.0659121562971567,19.095342462401618,1.0,2.5008011233737233,-0.006691749301158308
660670,"Acuña Jr., Ronald",R,2025,31.681102382294448,31.096122678135742,22.794117647058822,23.333333333333332,1.4666051660516606,2.0961348684210526,239.0,565.0,30.96234309623431,25.663716814159294,424.3904908363242,501.1838961675933,-0.5849797041587053,31.388612530215095,0.5392156862745097,-5.298626282075016,0.629529702369392,76.79340533126907,1.0,2.615717710851258,-0.048748308679892105
660670,"Acuña Jr., Ronald",R,2026,30.719787542472368,30.024470827533538,25.56179775280899,29.86425339366516,0.3336434108527132,1.068212478920742,296.0,600.0,24.324324324324323,27.166666666666668,406.7931034482759,439.8181818181818,-0.69531671493883,30.372129185002954,4.30245564085617,2.842342342342345,0.7345690680680287,33.02507836990594,1.0,2.5310107654169127,-0.05794305957823583
660707,"Montero, Elehuris",R,2024,31.44974569705732,31.891834850815854,43.333333333333336,37.46556473829201,-2.1237903225806454,-0.8424556213017751,134.0,365.0,26.865671641791046,30.136986301369863,346.4259562143283,313.7092890815124,0.4420891537585341,31.67079027393659,-5.867768595041326,3.2713146595788167,1.2813347012788703,-32.71666713281593,1.0,2.639232522828049,0.03684076281321117
660757,"Gonzalez, Oscar",R,2025,26.33745732769823,25.79732140571489,51.785714285714285,52.72727272727273,-2.65,-2.4224489795918367,83.0,61.0,28.91566265060241,22.950819672131146,381.77089985486214,352.4302109181141,-0.5401359219833388,26.067389366706557,0.9415584415584419,-5.964842978471264,0.22755102040816322,-29.34068893674805,1.0,2.1722824472255464,-0.0450113268319449
660766,"Yepez, Juan",R,2024,30.766873304243916,30.95183893289133,34.183673469387756,31.402439024390244,1.2351906158357773,-0.3340255591054314,170.0,314.0,24.705882352941178,16.878980891719745,332.8297640043671,330.41185669717436,0.18496562864741506,30.859356118567625,-2.781234444997512,-7.826901461221432,-1.5692161749412086,-2.4179073071927633,1.0,2.5716130098806356,0.015413802387284589
660821,"Sánchez, Jesús",L,2024,27.685679755777265,27.66729111607468,35.1764705882353,39.301310043668124,0.6372523961661342,-2.332101616628176,810.0,246.0,28.271604938271604,30.08130081300813,471.4293747371829,336.27171271886886,-0.018388639702585863,27.676485435925972,4.124839455432827,1.8096958747365264,-2.96935401279431,-135.15766201831406,0.0,2.3063737863271645,-0.0015323866418821552
660821,"Sánchez, Jesús",L,2025,26.245866875373142,26.884618239425997,29.41176470588235,38.1294964028777,0.04342105263157895,-2.898867924528302,815.0,135.0,23.926380368098158,30.37037037037037,394.5233309629935,293.22795138888887,0.6387513640528546,26.56524255739957,8.717731696995347,6.443990002272212,-2.942288977159881,-101.29537957410463,0.0,2.213770213116631,0.05322928033773788
661388,"Contreras, William",R,2024,28.403367484039805,29.262945892838204,27.46113989637306,24.95069033530572,1.1186721991701245,1.0863013698630137,333.0,935.0,27.32732732732733,25.454545454545453,396.88486316083555,411.3701961793912,0.8595784087983986,28.833156688439004,-2.5104495610673396,-1.872781872781875,-0.03237082930711077,14.48533301855565,1.0,2.402763057369917,0.07163153406653322
661388,"Contreras, William",R,2025,28.45619097225122,28.57602728090238,22.905027932960895,26.21359223300971,0.5450704225352113,0.6874328678839957,318.0,870.0,22.0125786163522,22.298850574712645,347.2954783772176,348.23219826135596,0.11983630865115913,28.5161091265768,3.3085643000488147,0.2862719583604445,0.1423624453487844,0.9367198841383697,1.0,2.3763424272147335,0.00998635905426326
661388,"Contreras, William",R,2026,28.441696578353525,28.77923720517508,28.337874659400544,28.375,0.5265129682997118,0.4105229180116204,316.0,734.0,20.569620253164558,17.847411444141688,333.1374045801527,365.31065088757396,0.3375406268215535,28.610466891764304,0.037125340599455825,-2.72220880902287,-0.11599005028809145,32.173246307421266,1.0,2.384205574313692,0.028128385568462793
661531,"Serven, Brian",R,2026,21.788071126990815,21.407587955117624,32.20338983050848,28.235294117647058,-1.6362903225806449,-1.7693181818181818,63.0,84.0,19.047619047619047,36.904761904761905,327.037037037037,372.6551724137931,-0.38048317187319114,21.597829541054217,-3.9680957128614196,17.857142857142858,-0.1330278592375369,45.61813537675607,1.0,1.7998191284211849,-0.03170693098943259
662139,"Varsho, Daulton",L,2024,31.63100530824563,31.26497147161247,26.30359212050985,23.728813559322035,-0.5197041420118343,0.8715083798882681,806.0,163.0,24.317617866004962,22.699386503067483,322.9606154444215,268.4510320999651,-0.3660338366331608,31.44798838992905,-2.5747785611878165,-1.618231362937479,1.3912125219001026,-54.50958334445636,0.0,2.6206656991607544,-0.030502819719430068
662139,"Varsho, Daulton",L,2025,28.923915777018465,28.671702184440015,31.48148148148148,28.0,1.7948783610755443,-0.31400966183574863,426.0,112.0,28.63849765258216,26.785714285714285,454.79405546018097,356.32285583461635,-0.25221359257844966,28.79780898072924,-3.481481481481481,-1.8527833668678753,-2.1088880229112927,-98.47119962556462,0.0,2.39981741506077,-0.021017799381537472
662139,"Varsho, Daulton",L,2026,28.338642839173115,28.593014743675624,36.56716417910448,36.059479553903344,-0.7322341857335127,-0.9389105058365758,789.0,265.0,20.278833967046896,16.22641509433962,326.38351254480284,300.88888888888886,0.25437190450250924,28.46582879142437,-0.5076846252011364,-4.052418872707275,-0.20667632010306303,-25.494623655913983,0.0,2.372152399285364,0.021197658708542438
663457,"Nootbaar, Lars",L,2024,30.57620632165791,31.589543859612448,17.171717171717173,16.589861751152075,0.2661436829066887,0.7660792951541848,457.0,160.0,15.536105032822757,17.5,406.9638806594828,380.1914770078494,1.0133375379545377,31.082875090635177,-0.5818554205650983,1.963894967177243,0.4999356122474961,-26.772403651633397,0.0,2.5902395908862648,0.08444479482954481
663457,"Nootbaar, Lars",L,2025,29.027372400302472,29.39316324536393,21.561338289962826,22.448979591836736,0.45107526881720433,-1.2412949640287771,668.0,257.0,18.7125748502994,21.40077821011673,369.80713705055274,297.66702263731935,0.36579084506145776,29.210267822833202,0.8876413018739093,2.6882033598173294,-1.6923702328459815,-72.14011441323339,0.0,2.4341889852361,0.030482570421788147
663457,"Nootbaar, Lars",L,2026,27.820022806034977,29.047658852957145,20.616570327552985,17.699115044247787,0.04762340036563075,-2.204225352112676,414.0,71.0,16.183574879227052,23.943661971830984,387.8793103448276,328.6206896551724,1.2276360469221679,28.433840829496063,-2.9174552833051983,7.760087092603932,-2.2518487524783066,-59.25862068965523,0.0,2.3694867357913387,0.10230300391018066
663527,"Nevin, Tyler",R,2024,23.23929857199651,23.97385798997401,27.272727272727273,24.489795918367346,0.21309523809523817,-1.0678082191780822,244.0,270.0,19.262295081967213,25.555555555555557,358.7019860757651,335.20413651019123,0.7345594179775006,23.60657828098526,-2.7829313543599277,6.293260473588344,-1.2809034572733204,-23.49784956557386,1.0,1.9672148567487717,0.06121328483145838
663538,"Hoerner, Nico",R,2024,29.607637009353716,29.919580222986394,34.8,30.95512082853855,0.9926732673267327,-0.1473451327433629,260.0,853.0,10.384615384615385,11.019929660023447,359.3319027703418,306.942297809944,0.3119432136326772,29.763608616170053,-3.8448791714614465,0.6353142754080618,-1.1400184000700955,-52.389604960397776,1.0,2.480300718014171,0.0259952678027231
663538,"Hoerner, Nico",R,2025,29.1767749737365,29.93106455869205,37.72727272727273,31.077981651376145,2.182875264270613,-0.22037138175860185,252.0,867.0,10.317460317460318,10.149942329873126,361.6905759722564,306.7580605805779,0.7542895849555507,29.553919766214275,-6.649291075896581,-0.1675179875871926,-2.403246646029215,-54.93251539167852,1.0,2.462826647184523,0.06285746541296255
663538,"Hoerner, Nico",R,2026,27.89063649322799,28.466322945289452,36.87943262411348,32.01320132013201,-0.12055749128919856,-0.34515235457063714,290.0,836.0,12.068965517241379,10.526315789473685,315.4751773049646,321.2038369304557,0.5756864520614613,28.17847971925872,-4.866231303981465,-1.542649727767694,-0.22459486328143857,5.728659625491105,1.0,2.3482066432715603,0.04797387100512177
663586,"Riley, Austin",R,2024,28.736830581439243,29.12173327253397,23.728813559322035,29.62962962962963,0.6479820627802689,0.758200290275762,213.0,700.0,23.943661971830984,26.142857142857142,458.7795224709669,464.8337932330848,0.38490269109472663,28.929281926986604,5.900816070307595,2.199195171026158,0.11021822749549304,6.054270762117881,1.0,2.4107734939155505,0.032075224257893886
663586,"Riley, Austin",R,2025,28.67277429725784,28.882676456054693,23.463687150837988,29.013254786450663,-0.4834625322997417,0.42751773049645403,192.0,721.0,22.916666666666668,28.71012482662968,364.01550397800395,466.44853101356426,0.20990215879685437,28.777725376656264,5.549567635612675,5.793458159963013,0.9109802627961957,102.43302703556031,1.0,2.398143781388022,0.01749184656640453
663586,"Riley, Austin",R,2026,29.084748301688172,28.920303033830567,31.567328918322296,32.95964125560538,-0.6701550387596898,-0.7889283599763174,362.0,838.0,30.11049723756906,28.400954653937948,395.43,393.4846153846154,-0.16444526785760516,29.00252566775937,1.3923123372830872,-1.7095425836311122,-0.11877332121662754,-1.9453846153846257,1.0,2.4168771389799475,-0.013703772321467097
663604,"Lockridge, Brandon",R,2025,26.433397944128597,27.267557374644447,31.147540983606557,32.8,-1.970609318996416,-0.882394366197183,144.0,150.0,22.22222222222222,20.666666666666668,322.2233802037561,326.33333333333337,0.8341594305158502,26.85047765938652,1.6524590163934398,-1.5555555555555536,1.088214952799233,4.1099531295772636,1.0,2.237539804948877,0.06951328587632084
663604,"Lockridge, Brandon",R,2026,29.255032873957823,29.573210264334524,33.333333333333336,30.827067669172934,-1.2654255319148937,0.5329670329670328,86.0,122.0,29.069767441860463,22.131147540983605,305.12500000000006,312.8333333333333,0.31817739037670023,29.414121569146175,-2.506265664160402,-6.9386199008768585,1.7983925648819266,7.7083333333332575,1.0,2.451176797428848,0.026514782531391685
663616,"Larnach, Trevor",L,2025,28.582332565497676,28.68767952065196,27.508455467869222,27.391304347826086,0.42378502001143514,-0.7564732142857142,780.0,196.0,25.897435897435898,31.632653061224488,386.81367652721644,281.06371406371403,0.10534695515428538,28.635006043074817,-0.1171511200431361,5.73521716378859,-1.1802582342971495,-105.74996246350241,0.0,2.3862505035895683,0.008778912929523782
663616,"Larnach, Trevor",L,2026,29.6235761894964,29.601205437131593,28.880407124681934,35.45454545454545,0.9504054054054055,-0.030046948356807355,649.0,96.0,25.115562403697997,27.083333333333332,357.6420664206642,315.33333333333337,-0.022370752364807345,29.612390813313997,6.574138329863519,1.9677709296353356,-0.9804523537622128,-42.308733087330836,0.0,2.4676992344428332,-0.0018642293637339453
663624,"Mountcastle, Ryan",R,2024,26.476749262349426,26.201191469205448,40.225563909774436,37.13892709766162,1.3887867647058822,-0.007279411764705897,312.0,755.0,20.192307692307693,24.23841059602649,442.6730701748926,402.62441984535275,-0.2755577931439781,26.338970365777435,-3.0866368121128147,4.046102903718797,-1.3960661764705882,-40.04865032953984,1.0,2.1949141971481194,-0.022963149428664842
663624,"Mountcastle, Ryan",R,2025,25.746590067069747,25.51471471102292,40.78212290502793,38.9662027833002,-0.6375000000000001,-0.21711177052423353,201.0,577.0,30.34825870646766,28.596187175043326,374.9569121176511,421.87391506248525,-0.23187535604682807,25.630652389046332,-1.8159201217277356,-1.7520715314243347,0.42038822947576654,46.91700294483417,1.0,2.1358876990871942,-0.019322946337235674
663647,"Hayes, Ke'Bryan",R,2024,31.372457337105185,31.768307289647645,27.513227513227513,28.11387900355872,1.4666666666666668,-2.25884476534296,164.0,494.0,12.195121951219512,16.80161943319838,359.7065635023846,310.0721746689869,0.39584995254245925,31.570382313376413,0.6006514903312059,4.606497481978867,-3.7255114320096268,-49.63438883339768,1.0,2.6308651927813678,0.032987496045204935
663647,"Hayes, Ke'Bryan",R,2025,32.60228455300588,33.06481381081692,29.26829268292683,26.167076167076168,-1.6161490683229813,-1.02393776181927,218.0,728.0,15.596330275229358,18.681318681318682,288.483635020344,326.7670390397022,0.4625292578110418,32.8335491819114,-3.1012165158506626,3.084988406089325,0.5922113065037113,38.28340401935816,1.0,2.7361290984926168,0.03854410481758682
663647,"Hayes, Ke'Bryan",R,2026,32.14654582837551,31.970740988815084,30.392156862745097,30.67484662576687,-1.877777777777778,-2.5553259141494435,99.0,283.0,21.21212121212121,22.968197879858657,359.8571428571429,334.28,-0.17580483956042414,32.058643408595294,0.28268976302177506,1.756076667737446,-0.6775481363716656,-25.577142857142917,1.0,2.671553617382941,-0.014650403296702011
663656,"Tucker, Kyle",L,2024,29.55173769557269,29.174990861090915,16.163793103448278,19.82758620689655,3.0327293318233295,1.2376569037656902,346.0,217.0,18.497109826589597,16.129032258064516,466.1803386935146,368.3425669077111,-0.37674683448177504,29.3633642783318,3.663793103448274,-2.368077568525081,-1.7950724280576393,-97.83777178580351,0.0,2.446947023194317,-0.03139556954014792
663656,"Tucker, Kyle",L,2025,27.831782592107626,27.902451887641572,17.945383615084527,16.61807580174927,1.0518401015228425,0.9892998678996037,689.0,351.0,18.432510885341074,16.80911680911681,391.51809305198896,374.8353643893631,0.0706692955339463,27.8671172398746,-1.3273078133352563,-1.6233940762242653,-0.0625402336232388,-16.682728662625834,0.0,2.3222597699895497,0.005889107961162192
663656,"Tucker, Kyle",L,2026,29.841503798926578,29.837678961051743,23.787528868360276,22.92817679558011,-0.136428149024246,0.8255259467040673,817.0,341.0,19.583843329253366,16.715542521994134,340.9023569023569,357.16,-0.0038248378748342304,29.83959137998916,-0.8593520727801653,-2.8683008072592315,0.9619540957283133,16.257643097643097,0.0,2.4866326149990967,-0.0003187364895695192
663662,"Cameron, Daz",R,2024,25.530366412463195,27.764744163209336,24.30939226519337,27.083333333333332,0.8190883190883191,-3.340495867768595,159.0,187.0,30.81761006289308,23.529411764705884,389.99442843017664,332.67545147844373,2.234377750746141,26.647555287836266,2.773941068139962,-7.288198298187197,-4.159584186856915,-57.31897695173291,1.0,2.220629607319689,0.18619814589551176
663697,"India, Jonathan",R,2024,30.0466818984353,29.756964055102248,17.827298050139277,18.53813559322034,1.0603905160390514,0.18531540847983446,259.0,756.0,16.216216216216218,17.857142857142858,385.09641338240385,381.4315556257397,-0.28971784333305095,29.901822976768774,0.7108375430810625,1.64092664092664,-0.8750751075592169,-3.664857756664162,1.0,2.4918185813973976,-0.02414315361108758
663697,"India, Jonathan",R,2025,28.97826951038746,28.641249954392393,14.150943396226415,19.883040935672515,-0.18633540372670804,-0.4620726495726495,184.0,762.0,18.47826086956522,17.322834645669293,323.6886995191144,337.0294308267011,-0.3370195559950666,28.809759732389928,5.7320975394461,-1.155426223895926,-0.27573724584594145,13.340731307586736,1.0,2.400813311032494,-0.028084962999588885
663698,"Bart, Joey",R,2024,29.047164230890665,29.647999273676216,27.1523178807947,26.342710997442456,1.4142857142857141,0.26756756756756755,136.0,354.0,25.735294117647058,23.728813559322035,522.1762018058324,383.5399001615828,0.6008350427855511,29.34758175228344,-0.8096068833522452,-2.0064805583250234,-1.1467181467181466,-138.6363016442496,1.0,2.4456318126902867,0.050069586898795926
663698,"Bart, Joey",R,2025,30.851359332248883,30.716698710939653,21.85792349726776,23.629489603024574,1.85425219941349,-0.7936381709741549,142.0,400.0,28.169014084507044,26.0,455.68267753038424,355.72363036221736,-0.13466062130923007,30.784029021594268,1.7715661057568148,-2.169014084507044,-2.647890370387645,-99.95904716816688,1.0,2.5653357517995223,-0.011221718442435838
663698,"Bart, Joey",R,2026,31.28234943659718,31.316086482198543,33.77483443708609,31.57894736842105,-0.6835205992509364,1.307174887892377,126.0,107.0,30.952380952380953,21.49532710280374,286.4864864864865,399.63414634146346,0.033737045601363036,31.29921795939786,-2.1958870686650407,-9.457053849577214,1.9906954871433133,113.14765985497695,1.0,2.6082681632831552,0.002811420466780253
663743,"Fortes, Nick",R,2024,30.939698081874504,31.20564768095621,33.93939393939394,29.319371727748692,-1.8023598820058997,-1.290738423028786,175.0,377.0,14.285714285714286,11.405835543766578,259.16666666666663,258.20282919330606,0.2659495990817078,31.072672881415357,-4.620022211645246,-2.8798787419477083,0.5116214589771138,-0.9638374733605701,1.0,2.5893894067846133,0.022162466590142316
663743,"Fortes, Nick",R,2025,30.725548984671946,30.714677430639632,30.803571428571427,29.910714285714285,-0.6115468409586057,-0.10618101545253864,219.0,213.0,12.785388127853881,19.718309859154928,263.50954543220803,318.8775971131749,-0.010871554032313213,30.72011320765579,-0.8928571428571423,6.932921731301047,0.505365825506067,55.36805168096686,1.0,2.5600094339713158,-0.0009059628360261011
663743,"Fortes, Nick",R,2026,29.944035458820068,30.21734974880906,35.153583617747444,38.148148148148145,-0.5878787878787878,-0.1809055118110236,287.0,261.0,15.679442508710801,15.708812260536398,283.3114754098361,285.98387096774195,0.273314289988992,30.080692603814562,2.9945645304007016,0.029369751825596424,0.4069732760677642,2.6723955579058725,1.0,2.5067243836512136,0.022776190832416
663757,"Grisham, Trent",L,2024,33.90900554222977,33.469337606417525,12.658227848101266,17.80821917808219,0.09869753979739507,-1.213125,251.0,61.0,21.91235059760956,21.311475409836067,364.30506537925896,360.92709709616844,-0.4396679358122455,33.68917157432365,5.149991329980924,-0.600875187773493,-1.311822539797395,-3.3779682830905244,0.0,2.807430964526971,-0.03663899465102046
663757,"Grisham, Trent",L,2025,33.27967315065507,33.40299199785894,16.7458432304038,18.466898954703833,1.2218911174785099,0.24562500000000004,672.0,249.0,19.49404761904762,22.48995983935743,436.7336746909106,425.71094150475017,0.1233188472038691,33.34133257425701,1.721055724300033,2.9959122203098083,-0.9762661174785099,-11.022733186160451,0.0,2.778444381188084,0.010276570600322424
663757,"Grisham, Trent",L,2026,33.300287626533695,33.232482648140014,18.854748603351954,20.0,0.24397212543554012,-0.1461977186311787,562.0,201.0,16.725978647686834,17.412935323383085,367.75732217573227,344.9784946236559,-0.06780497839368138,33.266385137336854,1.145251396648046,0.6869566756962513,-0.39016984406671884,-22.778827552076393,0.0,2.772198761444738,-0.005650414866140115
663837,"Vierling, Matt",R,2024,36.98860941776791,37.23705706216784,24.516129032258064,20.979899497487438,-0.3603503184713375,0.17565320665083128,269.0,720.0,17.843866171003718,17.5,403.2031005226535,353.14562794213396,0.24844764439993128,37.11283323996788,-3.5362295347706265,-0.3438661710037181,0.5360035251221689,-50.057472580519516,1.0,3.0927361033306564,0.02070397036666094
663837,"Vierling, Matt",R,2025,36.58891651507002,36.9510578554517,25.77319587628866,24.761904761904763,-0.236683417085427,-1.6645569620253164,86.0,109.0,13.953488372093023,16.513761467889907,497.1485522681489,339.22620744737327,0.3621413403816831,36.76998718526086,-1.0112911143838978,2.560273095796884,-1.4278735449398894,-157.9223448207756,1.0,3.0641655987717384,0.030178445031806927
663837,"Vierling, Matt",R,2026,36.375226153571624,36.61524374066533,30.20408163265306,34.11371237458194,0.45289079229122065,-2.6082539682539685,215.0,311.0,12.093023255813954,18.971061093247588,349.6195652173913,328.06976744186045,0.24001758709370336,36.495234947118476,3.9096307419288756,6.878037837433634,-3.061144760545189,-21.549797775530863,1.0,3.04126957892654,0.020001465591141947
663853,"Gonzalez, Romy",R,2024,27.50439653213449,27.039318265606447,33.45323741007194,42.40506329113924,0.9684615384615384,-2.0314935064935065,281.0,175.0,29.537366548042705,23.428571428571427,481.65061810474594,318.7539682539683,-0.4650782665280424,27.271857398870466,8.9518258810673,-6.108795119471278,-2.999955044955045,-162.89664985077764,1.0,2.2726547832392057,-0.0387565222106702
663853,"Gonzalez, Romy",R,2025,27.663359113602635,28.752060950685703,32.846715328467155,36.61971830985915,2.3866920152091256,0.11440559440559434,273.0,393.0,27.83882783882784,27.989821882951652,488.08122543955994,391.54687556081274,1.0887018370830681,28.20771003214417,3.773002981391997,0.1509940441238129,-2.2722864208035314,-96.53434987874721,1.0,2.350642502678681,0.09072515309025568
663853,"Gonzalez, Romy",R,2026,29.494139564696273,29.52143071973785,29.347826086956523,38.095238095238095,-0.7530487804878047,-1.729032258064516,82.0,69.0,32.926829268292686,24.63768115942029,376.73913043478257,341.23809523809524,0.027291155041577753,29.50778514221706,8.747412008281572,-8.289148108872396,-0.9759834775767114,-35.501035196687326,1.0,2.458982095184755,0.0022742629201314792
663886,"Stephenson, Tyler",R,2024,26.708566907269617,26.427826700416265,22.59259259259259,24.200278164116828,1.6296015180265653,0.694113524877365,222.0,620.0,14.414414414414415,23.548387096774192,374.386809118829,378.9003042016737,-0.280740206853352,26.56819680384294,1.607685571524236,9.133972682359778,-0.9354879931492003,4.513495082844713,1.0,2.214016400320245,-0.02339501723777933
663886,"Stephenson, Tyler",R,2025,27.07955194507078,27.036998842195203,19.41176470588235,27.06333973128599,0.8631901840490797,-0.043017806935332734,140.0,465.0,25.714285714285715,27.526881720430108,402.56302507357714,439.9365062984097,-0.04255310287557634,27.05827539363299,7.651575025403638,1.8125960061443926,-0.9062079909844124,37.373481224832574,1.0,2.254856282802749,-0.0035460919062980287
663886,"Stephenson, Tyler",R,2026,27.909529903029146,27.77087765606019,19.39163498098859,23.628048780487806,-0.39470588235294113,0.12074074074074072,218.0,615.0,17.889908256880734,27.317073170731707,330.1969696969697,428.63679245283015,-0.13865224696895595,27.840203779544666,4.236413799499214,9.427164913850973,0.5154466230936818,98.43982275586046,1.0,2.320016981628722,-0.011554353914079663
663898,"Rodgers, Brendan",R,2024,28.096450500947135,28.150818621605833,28.8659793814433,29.205921938088828,0.8212389380530972,-0.38524374176548093,277.0,747.0,24.187725631768952,23.56091030789826,358.7436597181426,373.5576587689327,0.05436812065869745,28.123634561276482,0.3399425566455285,-0.6268153238706908,-1.2064826798185782,14.813999050790073,1.0,2.343636213439707,0.0045306767215581205
663993,"Lowe, Nathaniel",L,2024,26.94538071729811,27.223135139988244,23.102678571428573,24.429967426710096,0.4519442832269298,0.48103448275862065,739.0,268.0,18.26792963464141,20.149253731343283,372.28909166074277,378.1302915720436,0.2777544226901334,27.084257928643176,1.3272888552815232,1.8813240967018743,0.02909019953169084,5.841199911300805,0.0,2.257021494053598,0.02314620189084445
663993,"Lowe, Nathaniel",L,2025,26.220821026024993,26.46769480503044,23.90139335476956,24.375,0.20221870047543583,-1.4186980609418283,848.0,316.0,21.816037735849058,20.88607594936709,391.1983021501856,300.5695439108201,0.2468737790054476,26.344257915527717,0.47360664523043994,-0.929961786481968,-1.6209167614172642,-90.62875823936554,0.0,2.1953548262939764,0.020572814917120635
663993,"Lowe, Nathaniel",L,2026,27.451788763527492,28.098978591445835,26.61596958174905,36.666666666666664,1.0769922879177378,-2.934857142857143,701.0,89.0,18.54493580599144,26.96629213483146,426.29098360655735,252.9,0.6471898279183428,27.775383677486666,10.050697084917616,8.42135632884002,-4.01184943077488,-173.39098360655734,0.0,2.314615306457222,0.053932485659861897
664034,"France, Ty",R,2024,29.786511424579523,29.53145419160506,26.90909090909091,26.859504132231404,-0.00982658959537583,-0.4477167438782264,251.0,787.0,27.49003984063745,19.440914866581956,372.0676795333354,337.71897900968446,-0.2550572329744618,29.65898280809229,-0.04958677685950619,-8.049124974055495,-0.43789015428285055,-34.34870052365096,1.0,2.4715819006743573,-0.021254769414538483
664034,"France, Ty",R,2025,28.647085844832105,28.220802617117997,31.92982456140351,31.075110456553755,-0.3379965457685664,-0.26494607087827426,303.0,668.0,19.141914191419144,20.059880239520957,381.1977875238457,349.33283239519335,-0.42628322771410865,28.43394423097505,-0.8547141048497551,0.9179660481018139,0.07305047489029215,-31.864955128652355,1.0,2.369495352581254,-0.03552360230950905
664034,"France, Ty",R,2026,29.05463157297808,29.15535061328189,32.67326732673267,34.97191011235955,1.4527681660899654,1.3855963990997748,300.0,736.0,26.333333333333332,23.641304347826086,396.98837209302326,377.95833333333326,0.10071904030380807,29.104991093129986,2.298642785626882,-2.692028985507246,-0.06717176699019056,-19.03003875969,1.0,2.4254159244274986,0.008393253358650673
664040,"Lowe, Brandon",L,2024,27.706163770098716,28.03734376191422,31.223628691983123,28.181818181818183,0.4463057790782735,1.3863636363636365,746.0,151.0,30.428954423592494,29.801324503311257,433.42530891519783,466.5212447035983,0.33117999181550317,27.871753766006467,-3.0418105101649395,-0.6276299202812368,0.940057857285363,33.09593578840048,0.0,2.3226461471672057,0.02759833265129193
664040,"Lowe, Brandon",L,2025,27.027671384994193,27.099701287773343,31.41025641025641,33.204633204633204,0.9621536523929471,-1.0507168458781364,883.0,305.0,29.44507361268403,35.08196721311475,468.31025341544023,334.6378432831998,0.07202990277914978,27.063686336383768,1.7943767943767952,5.636893600430721,-2.0128704982710834,-133.67241013224043,0.0,2.255307194698647,0.006002491898262481
664040,"Lowe, Brandon",L,2026,27.23951967639301,27.704612952695257,30.76923076923077,40.90909090909091,1.5117051209904335,-0.6191815856777494,886.0,408.0,30.69977426636569,37.254901960784316,445.9675090252708,375.62608695652176,0.46509327630224817,27.472066314544133,10.139860139860136,6.555127694418626,-2.130886706668183,-70.34142206874901,0.0,2.2893388595453446,0.03875777302518735
664056,"Bader, Harrison",R,2024,26.104955922814064,25.95732799162908,34.666666666666664,32.83582089552239,-0.9852791878172588,-0.2869114877589454,279.0,488.0,20.07168458781362,24.18032786885246,367.5477134302845,346.6135241631514,-0.14762793118498507,26.03114195722157,-1.8308457711442756,4.108643281038837,0.6983677000583133,-20.934189267133092,1.0,2.1692618297684643,-0.012302327598748755
664056,"Bader, Harrison",R,2025,26.59939644663733,27.447047498895085,32.378223495702,32.64401772525849,-0.029331306990881385,0.9380841121495327,322.0,607.0,29.81366459627329,24.71169686985173,354.1643184118304,364.2396814341022,0.8476510522577563,27.02322197276621,0.2657942295564908,-5.101967726421563,0.9674154191404141,10.075363022271802,1.0,2.251935164397184,0.07063758768814636
664238,"Moore, Dylan",R,2024,24.043902663744795,24.165128220424084,18.87323943661972,16.95906432748538,0.6035862068965516,-0.5788354898336414,297.0,466.0,21.54882154882155,22.103004291845494,377.6466085067233,315.2646810593374,0.12122555667928836,24.10451544208444,-1.9141751091343409,0.5541827430239437,-1.182421696730193,-62.38192744738586,1.0,2.0087096201737036,0.01010212972327403
664238,"Moore, Dylan",R,2025,22.701783544512686,22.30361432298877,23.928571428571427,26.17801047120419,-1.1534129692832766,-0.3245862884160757,272.0,218.0,33.8235294117647,26.146788990825687,368.3677756039001,336.7281358523701,-0.398169221523915,22.50269893375073,2.249439042632762,-7.676740420939016,0.8288266808672009,-31.639639751530012,1.0,1.875224911145894,-0.03318076846032625
664702,"Straw, Myles",R,2025,29.57485911315094,28.807222016238963,33.333333333333336,20.089285714285715,-0.2783783783783783,-0.16128440366972477,271.0,242.0,14.760147601476016,12.809917355371901,345.99994079683154,306.9534711844574,-0.7676370969119759,29.19104056469495,-13.24404761904762,-1.9502302461041143,0.11709397470865354,-39.04646961237415,1.0,2.432586713724579,-0.06396975807599799
664702,"Straw, Myles",R,2026,28.11367494088468,28.040487048159928,20.94395280235988,25.67049808429119,-0.5748180494905385,-0.4311068702290077,275.0,214.0,12.727272727272727,8.878504672897197,288.5952380952381,310.84033613445376,-0.07318789272475357,28.077080994522305,4.726545281931308,-3.8487680543755296,0.14371117926153082,22.24509803921569,1.0,2.3397567495435254,-0.006098991060396131
664728,"Isbel, Kyle",L,2024,27.34302590442652,25.982188620350055,31.316187594553707,27.049180327868854,-0.0895975702353835,-2.408745247148289,614.0,109.0,15.960912052117264,22.01834862385321,328.4303774911999,280.2307692307692,-1.3608372840764638,26.662607262388285,-4.267007266684853,6.057436571735947,-2.3191476769129054,-48.19960826043069,0.0,2.221883938532357,-0.11340310700637198
664728,"Isbel, Kyle",L,2025,28.301091846563185,28.417780955082176,27.28937728937729,26.446280991735538,-0.6476149914821124,-1.41,541.0,115.0,14.417744916820702,25.217391304347824,281.1826544226872,247.2045454545455,0.11668910851899028,28.35943640082268,-0.8430962976417504,10.799646387527122,-0.7623850085178875,-33.978108968141726,0.0,2.3632863667352235,0.009724092376582524
664728,"Isbel, Kyle",L,2026,27.080917661181065,27.808419897446452,35.22975929978118,34.82142857142857,-0.9599523241954707,-3.2162162162162162,401.0,120.0,15.71072319201995,14.166666666666666,312.8944099378882,261.6792452830189,0.7275022362653871,27.44466877931376,-0.40833072835260964,-1.5440565253532839,-2.2562638920207454,-51.21516465486934,0.0,2.2870557316094797,0.060625186355448925
664761,"Bohm, Alec",R,2024,24.974881350815533,25.100323786005056,24.918032786885245,28.21917808219178,0.8541195476575122,0.4125082726671078,304.0,750.0,11.513157894736842,16.8,377.6165507444725,375.16868355954506,0.12544243518952314,25.037602568410293,3.3011452953065366,5.286842105263158,-0.44161127499040437,-2.447867184927418,1.0,2.0864668807008577,0.010453536265793595
664761,"Bohm, Alec",R,2025,25.72172094250707,25.701494982120614,27.586206896551722,25.87646076794658,1.1491902834008096,-0.11521406727828737,241.0,627.0,10.78838174273859,13.875598086124402,344.9169150676874,364.99004128904454,-0.020225960386454744,25.711607962313842,-1.7097461286051434,3.087216343385812,-1.264404350679097,20.073126221357143,1.0,2.142633996859487,-0.0016854966988712288
664761,"Bohm, Alec",R,2026,25.747161637248123,25.318874656548388,29.080118694362017,25.126262626262626,1.3781201848998461,-0.535538752362949,293.0,735.0,11.604095563139932,16.19047619047619,362.06493506493507,341.6793650793651,-0.4282869806997347,25.533018146898257,-3.953856068099391,4.586380627336258,-1.9136589372627952,-20.385569985569987,1.0,2.1277515122415216,-0.03569058172497789
664770,"Lukes, Nathan",L,2025,26.819719493662724,26.90001825439683,32.193732193732195,25.925925925925927,0.4583333333333333,0.12989690721649497,730.0,81.0,12.054794520547945,14.814814814814815,335.74085469440973,257.6361681329423,0.08029876073410591,26.85986887402978,-6.267806267806268,2.7600202942668695,-0.3284364261168383,-78.10468656146742,0.0,2.2383224061691482,0.006691563394508826
664770,"Lukes, Nathan",L,2026,27.451541974918523,27.130711954078276,33.142857142857146,38.775510204081634,0.03511396011396011,-1.9895470383275262,709.0,134.0,13.540197461212976,15.671641791044776,315.1841155234657,258.4107142857143,-0.3208300208402477,27.2911269644984,5.632653061224488,2.1314443298317993,-2.0246609984414863,-56.77340123775144,0.0,2.274260580374867,-0.02673583507002064
664774,"Wade Jr., LaMonte",L,2024,30.35659243438835,30.870065813973355,20.801033591731265,11.267605633802816,0.5230307076101468,1.2898089171974525,605.0,64.0,22.644628099173552,15.625,402.2027229702247,408.11351851851856,0.5134733795850046,30.61332912418085,-9.533427957928449,-7.019628099173552,0.7667782095873057,5.910795548293834,0.0,2.5511107603484042,0.042789448298750386
664901,"Mendick, Danny",R,2024,27.348880240643,27.998240365838452,23.14814814814815,31.25,0.6861244019138755,-2.7090090090090095,95.0,163.0,23.157894736842106,28.220858895705522,349.2925704925705,300.74195229701246,0.6493601251954537,27.673560303240727,8.101851851851851,5.062964158863416,-3.395133410922885,-48.55061819555806,1.0,2.3061300252700607,0.05411334376628781
664954,"Sullivan, Brett",L,2026,31.005077975867337,31.743838849959037,35.09933774834437,27.17391304347826,-0.6098976109215016,-0.5404545454545453,305.0,110.0,14.426229508196721,14.545454545454545,317.6825396825397,298.38000000000005,0.7387608740916995,31.374458412913185,-7.925424704866106,0.11922503725782363,0.06944306546695633,-19.302539682539646,0.0,2.614538201076099,0.0615634061743083
664983,"McCarthy, Jake",L,2024,29.845121394013148,30.49994741215105,31.32716049382716,28.31858407079646,0.4685185185185185,-0.10000000000000005,607.0,260.0,16.474464579901152,16.923076923076923,334.7700628706454,336.37106918238993,0.6548260181379035,30.1725344030821,-3.0085764230307,0.44861234317577114,-0.5685185185185185,1.601006311744527,0.0,2.514377866923508,0.0545688348448253
664983,"McCarthy, Jake",L,2025,30.08812793963584,31.51341066903787,32.142857142857146,40.0,-0.7672340425531915,-2.3703999999999996,338.0,64.0,18.63905325443787,23.4375,354.5619655284421,220.36111111111111,1.4252827294020314,30.800769304336853,7.857142857142854,4.798446745562131,-1.6031659574468082,-134.200854417331,0.0,2.5667307753614046,0.11877356078350261
664983,"McCarthy, Jake",L,2026,29.883320227135098,32.96336378217438,37.12328767123287,37.547892720306514,0.311178247734139,2.0186471663619745,731.0,328.0,19.151846785225718,19.20731707317073,354.37216828478967,375.89312977099235,3.0800435550392855,31.423342004654742,0.42460504907364083,0.0554702879450133,1.7074689186278356,21.52096148620268,0.0,2.6186118337212285,0.2566702962532738
665019,"Clemens, Kody",L,2025,31.847994981991594,32.53704500201671,27.943760984182777,27.218934911242602,0.36924369747899155,-1.9243401759530794,572.0,166.0,20.97902097902098,25.903614457831324,416.72352649605165,358.17000004024595,0.6890500200251175,32.19251999200415,-0.724826072940175,4.924593478810344,-2.293583873432071,-58.553526455805695,0.0,2.6827099993336794,0.05742083500209313
665019,"Clemens, Kody",L,2026,32.64541266112866,32.78652379351713,33.65617433414044,29.13907284768212,0.6367729831144465,0.17178631051752916,811.0,281.0,22.564734895191123,20.99644128113879,407.3780918727915,365.2037037037037,0.14111113238846684,32.71596822732289,-4.517101486458319,-1.5682936140523331,-0.4649866725969174,-42.17438816908782,0.0,2.726330685610241,0.011759261032372237
665052,"Conine, Griffin",L,2026,30.09317848421103,30.647184594204873,31.19092627599244,41.5929203539823,1.4475427350427352,-0.9397379912663754,436.0,129.0,35.77981651376147,31.007751937984494,486.44444444444446,433.66666666666663,0.5540061099938427,30.37018153920795,10.401994077989862,-4.772064575776973,-2.3872807263091107,-52.77777777777783,0.0,2.530848461600663,0.04616717583282023
665161,"Peña, Jeremy",R,2024,29.216912206019337,28.440716679527235,37.992831541218635,36.22222222222222,1.2111310592459603,-0.5859824046920822,323.0,894.0,23.529411764705884,22.706935123042506,341.387078521751,359.4030437982642,-0.7761955264921028,28.828814442773286,-1.7706093189964136,-0.8224766416633784,-1.7971134639380426,18.015965276513214,1.0,2.4024012035644406,-0.06468296054100857
665161,"Peña, Jeremy",R,2025,30.99009265220324,29.958387813921725,41.08108108108108,34.08488063660477,0.05661971830985918,1.224284717376134,199.0,709.0,26.633165829145728,25.52891396332863,374.0499862273889,369.3465377321029,-1.0317048382815166,30.47424023306248,-6.996200444476308,-1.1042518658170977,1.1676649990662749,-4.703448495286011,1.0,2.5395200194218734,-0.08597540319012638
665161,"Peña, Jeremy",R,2026,28.638490894839276,28.09249667532147,38.22222222222222,39.13669064748201,-0.22961038961038963,0.8337652439024391,202.0,730.0,29.702970297029704,29.315068493150687,416.625,395.62857142857143,-0.5459942195178051,28.365493785080375,0.9144684252597912,-0.38790180387901785,1.0633756335128288,-20.996428571428567,1.0,2.363791148756698,-0.04549951829315043
665487,"Tatis Jr., Fernando",R,2024,26.162695269564423,26.47581913464584,21.484375,31.48854961832061,0.13048780487804873,1.5634815515610216,209.0,584.0,25.83732057416268,25.513698630136986,438.0274966282324,485.16880663111203,0.31312386508141543,26.31925720210513,10.004174618320612,-0.32362194402569244,1.432993746682973,47.14131000287961,1.0,2.193271433508761,0.026093655423451285
665487,"Tatis Jr., Fernando",R,2025,26.350844718929743,26.225402828681577,23.62204724409449,24.633431085043988,-0.11051175656984787,1.4846673596673596,325.0,873.0,24.307692307692307,25.42955326460481,372.8880505361004,425.1857164720432,-0.12544189024816532,26.28812377380566,1.0113838409494988,1.1218609569125029,1.5951791162372075,52.2976659359428,1.0,2.1906769811504714,-0.010453490854013777
665487,"Tatis Jr., Fernando",R,2026,26.648780716327664,26.88457820371137,20.845921450151057,28.451882845188283,1.9225080385852094,0.7516353887399465,260.0,879.0,23.846153846153847,23.208191126279864,449.1481481481482,434.8818897637795,0.23579748738370654,26.766679460019517,7.605961395037227,-0.6379627198739826,-1.1708726498452628,-14.266258384368712,1.0,2.2305566216682933,0.019649790615308877
665489,"Guerrero Jr., Vladimir",R,2024,27.775603091147655,27.782080617746622,24.46808510638298,28.31858407079646,2.004259259259259,1.967745004757374,229.0,1020.0,18.34061135371179,20.294117647058822,381.2445963002894,470.71210427604746,0.006477526598967387,27.778841854447137,3.8504989644134824,1.9535062933470329,-0.03651425450188528,89.46750797575805,1.0,2.3149034878705947,0.0005397938832472823
665489,"Guerrero Jr., Vladimir",R,2025,28.14259326950657,27.74058561729053,19.732441471571907,22.09178228388474,1.7379254457050246,1.4031315240083508,251.0,805.0,17.92828685258964,20.496894409937887,466.71655652553443,390.3047631019505,-0.40200765221603874,27.94158944339855,2.3593408123128334,2.5686075573482476,-0.33479392169667377,-76.4117934235839,1.0,2.328465786949879,-0.0335006376846699
665489,"Guerrero Jr., Vladimir",R,2026,28.717241718931284,28.652245894683848,26.392961876832846,31.884057971014492,0.9147595356550581,-0.6315552699228792,263.0,748.0,16.34980988593156,18.71657754010695,386.78899082568813,334.11206896551727,-0.06499582424743622,28.684743806807568,5.491096094181646,2.3667676541753906,-1.5463148055779374,-52.676921860170864,1.0,2.390395317233964,-0.005416318687286352
665506,"Pache, Cristian",R,2024,28.786928023899645,28.721585112942787,23.42007434944238,29.20353982300885,-0.5064030131826742,-2.5220183486238534,249.0,111.0,29.718875502008032,34.234234234234236,372.7804478554479,262.0,-0.06534291095685774,28.754256568421216,5.783465473566469,4.515358732226204,-2.015615335441179,-110.7804478554479,1.0,2.3961880473684345,-0.005445242579738145
665742,"Soto, Juan",L,2024,25.528125179963943,25.492473853881027,17.769718948322755,18.69747899159664,2.5106060606060607,2.327085590465872,740.0,353.0,21.756756756756758,16.997167138810198,539.4440167887572,475.663071658077,-0.03565132608291677,25.510299516922487,0.9277600432738851,-4.75958961794656,-0.18352047014018869,-63.78094513068015,0.0,2.125858293076874,-0.002970943840243064
665742,"Soto, Juan",L,2025,24.818108385985106,24.914537382306516,13.820335636722605,20.040899795501023,2.59874749498998,0.8618199802176063,652.0,395.0,18.25153374233129,23.037974683544302,521.9668380419964,432.4879354947277,0.09642899632141066,24.86632288414581,6.2205641587784175,4.786440941213012,-1.7369275147723737,-89.47890254726872,0.0,2.0721935736788173,0.008035749693450889
665742,"Soto, Juan",L,2026,23.760954096476222,24.096716770507182,19.213313161875945,24.567474048442907,2.0801429706115964,1.1091379310344827,459.0,268.0,16.99346405228758,22.01492537313433,474.4341463414634,371.57522123893807,0.33576267403095983,23.928835433491702,5.354160886566962,5.021461320846747,-0.9710050395771137,-102.85892510252535,0.0,1.994069619457642,0.02798022283591332
665804,"Amaya, Miguel",R,2024,29.343517915183973,29.148900643218205,31.818181818181817,34.08624229979466,-2.6884244372990356,0.09049079754601227,170.0,524.0,17.058823529411764,22.137404580152673,296.84446121301244,345.3645435119468,-0.19461727196576817,29.24620927920109,2.268060481612846,5.078581050740908,2.778915234845048,48.52008229893437,1.0,2.4371841066000908,-0.016218105997147347
665804,"Amaya, Miguel",R,2026,27.5040820635287,27.196880485423243,29.487179487179485,31.234256926952142,-0.4815384615384616,0.5150280898876405,120.0,327.0,24.166666666666668,25.68807339449541,328.4255319148936,324.3052631578948,-0.307201578105456,27.35048127447597,1.7470774397726565,1.5214067278287438,0.9965665514261021,-4.120268756998826,1.0,2.2792067728729974,-0.025600131508788
665833,"Cruz, Oneil",L,2024,26.121733644318777,26.53796250699975,30.97165991902834,34.3859649122807,0.636041439476554,-0.20984182776801402,819.0,282.0,33.211233211233214,31.20567375886525,492.1485559210855,404.69656846329354,0.41622886268097403,26.329848075659264,3.414304993252358,-2.005559452367965,-0.845883267244568,-87.45198745779197,0.0,2.1941540063049385,0.034685738556747836
665833,"Cruz, Oneil",L,2025,27.802585476009348,27.92022797868077,28.381147540983605,27.480916030534353,0.3367024280067759,-2.509812108559499,726.0,203.0,30.303030303030305,38.916256157635466,462.55184324134,323.7322631106458,0.11764250267142273,27.86140672734506,-0.9002315104492524,8.613225854605162,-2.846514536566275,-138.8195801306942,0.0,2.3217838939454216,0.009803541889285228
665833,"Cruz, Oneil",L,2026,28.104503058115817,28.162483950857453,30.060422960725077,30.103806228373703,1.2586655112651646,0.8499105545617173,488.0,228.0,35.040983606557376,30.70175438596491,498.4832214765101,491.7083333333333,0.05798089274163587,28.133493504486637,0.043383267648625434,-4.339229220592465,-0.4087549567034473,-6.774888143176781,0.0,2.344457792040553,0.0048317410618029894
665839,"Valdez, Enmanuel",L,2024,30.90687783771144,31.621750692725772,26.419753086419753,40.54054054054054,-0.2598225602027883,-3.9473282442748094,339.0,63.0,18.58407079646018,30.158730158730158,379.9473566203282,336.7228260869565,0.7148728550143311,31.26431426521861,14.120787454120787,11.57465936226998,-3.687505684072021,-43.224530533371706,0.0,2.605359522101551,0.05957273791786092
665862,"Chisholm Jr., Jazz",L,2024,22.33091406323869,22.635448769760327,28.70699881376038,29.43820224719101,0.9010882708585248,0.18790035587188603,776.0,388.0,27.70618556701031,26.030927835051546,414.56400674239745,329.74411990860284,0.30453470652163617,22.48318141649951,0.7312034334306325,-1.6752577319587623,-0.7131879149866388,-84.81988683379461,0.0,1.873598451374959,0.02537789221013635
665862,"Chisholm Jr., Jazz",L,2025,30.063504582632586,30.7475144694929,26.70731707317073,26.470588235294116,1.1179667519181586,0.4047368421052631,728.0,269.0,31.043956043956044,30.111524163568774,462.36421119683854,379.18240524540334,0.6840098868603128,30.405509526062744,-0.23672883787661547,-0.93243188038727,-0.7132299098128956,-83.1818059514352,0.0,2.5337924605052287,0.05700082390502607
665862,"Chisholm Jr., Jazz",L,2026,27.475655502539624,29.437210673475754,27.926829268292682,31.69934640522876,0.14754741661216478,-1.0828711256117454,673.0,297.0,26.300148588410103,32.65993265993266,392.3212669683258,319.9230769230769,1.9615551709361299,28.45643308800769,3.7725171369360773,6.359784071522554,-1.2304185422239102,-72.3981900452489,0.0,2.371369424000641,0.16346293091134415
665877,"Fermín, José",R,2026,30.92516079731864,31.58708569087181,22.61904761904762,21.649484536082475,0.3219619326500733,-0.7055137844611529,278.0,311.0,10.79136690647482,10.610932475884244,312.66666666666663,283.12000000000006,0.6619248935531701,31.256123244095225,-0.9695630829651449,-0.1804344305905765,-1.027475717111226,-29.546666666666567,1.0,2.6046769370079352,0.05516040779609751
665923,"Ruiz, Esteury",R,2026,28.390072823093934,28.183942071024067,31.316725978647685,31.68724279835391,0.37484787018255583,-0.049677419354838714,231.0,222.0,34.1991341991342,24.324324324324323,341.6779661016949,315.32352941176475,-0.20613075206986764,28.287007447059,0.37051681970622496,-9.874809874809877,-0.42452528953739455,-26.35443668993014,1.0,2.35725062058825,-0.01717756267248897
665926,"Giménez, Andrés",L,2024,24.195415003183214,24.282738874717445,36.41618497109827,38.41059602649007,-0.32497116493656286,-1.4846153846153847,961.0,372.0,21.852237252861602,18.27956989247312,341.2158747561008,293.32343960912016,0.08732387153423105,24.23907693895033,1.9944110553918009,-3.5726673603884826,-1.159644219678822,-47.89243514698063,0.0,2.019923078245861,0.007276989294519254
665926,"Giménez, Andrés",L,2025,26.865114623158995,27.3327763227369,33.156028368794324,41.80327868852459,-0.33122289679098005,-2.345084745762712,587.0,162.0,19.591141396933562,20.37037037037037,336.05242451645915,313.3614035087719,0.4676616995779064,27.098945472947946,8.647250319730269,0.7792289734368083,-2.013861848971732,-22.691021007687254,0.0,2.2582454560789955,0.03897180829815886
665926,"Giménez, Andrés",L,2026,25.99818600679934,26.121440043344823,43.10099573257468,44.03292181069959,-0.8541106128550076,-0.8042462845010615,759.0,270.0,23.0566534914361,20.37037037037037,314.1653846153846,289.8,0.12325403654548239,26.05981302507208,0.9319260781249099,-2.686283121065731,0.04986432835394605,-24.365384615384585,0.0,2.1716510854226736,0.010271169712123532
665953,"Chaparro, Andrés",R,2024,28.676602642683513,29.14118753119115,33.333333333333336,30.72289156626506,1.5144385026737968,-1.778338278931751,96.0,185.0,17.708333333333332,24.324324324324323,488.4503930228084,260.4845275100957,0.4645848885076376,28.90889508693733,-2.610441767068277,6.615990990990991,-3.2927767816055478,-227.9658655127127,1.0,2.409074590578111,0.03871540737563647
665953,"Chaparro, Andrés",R,2026,26.18249970465947,26.024623767797305,30.065359477124183,35.44303797468354,1.4801886792452827,1.7902356902356904,244.0,164.0,30.327868852459016,30.48780487804878,413.4761904761904,350.5849056603774,-0.1578759368621654,26.103561736228386,5.377678497559359,0.15993602558976505,0.31004701099040766,-62.89128481581304,1.0,2.1752968113523656,-0.013156328071847115
665966,"Narváez, Carlos",R,2025,24.761307477485506,25.162531711955697,29.47761194029851,29.76,-0.02551210428305414,0.0021705426356588117,257.0,636.0,25.291828793774318,25.471698113207548,369.53041036967596,343.61165808998464,0.40122423447019173,24.9619195947206,0.2823880597014927,0.17986931943323015,0.02768264691871295,-25.91875227969132,1.0,2.080159966226717,0.03343535287251598
665966,"Narváez, Carlos",R,2026,25.900039956805017,26.00991277076439,31.137724550898202,32.9923273657289,-1.915151515151515,-1.4128662420382165,165.0,407.0,29.696969696969695,32.67813267813268,255.6888888888889,371.0462962962963,0.10987281395937387,25.954976363784702,1.8546028148306952,2.9811629811629814,0.5022852731132985,115.35740740740741,1.0,2.1629146969820585,0.009156067829947823
666018,"Aranda, Jonathan",L,2025,27.21930855269719,27.35749619106689,29.402756508422666,22.7027027027027,1.3912267657992565,0.7679586563307494,678.0,157.0,22.56637168141593,24.203821656050955,524.2776899724156,330.0738968633706,0.1381876383697005,27.28840237188204,-6.700053805719964,1.6374499746350253,-0.6232681094685071,-194.20379310904502,0.0,2.27403353099017,0.011515636530808374
666018,"Aranda, Jonathan",L,2026,26.3579074299727,26.655491544257888,30.369630369630368,24.571428571428573,1.0941523605150214,-0.39676113360323895,891.0,326.0,18.967452300785634,20.858895705521473,421.58688524590167,376.8214285714286,0.2975841142851898,26.50669948711529,-5.798201798201795,1.8914434047358384,-1.4909134941182605,-44.76545667447306,0.0,2.208891623926274,0.024798676190432484
666023,"Fermin, Freddy",R,2024,28.596041307832746,29.050799398890465,32.421875,29.66804979253112,0.04999999999999994,-0.5148186528497409,236.0,494.0,22.88135593220339,19.838056680161944,335.9109854497354,301.21848398286744,0.4547580910577196,28.823420353361605,-2.7538252074688785,-3.0432992520414466,-0.5648186528497409,-34.69250146686795,1.0,2.4019516961134673,0.0378965075881433
666023,"Fermin, Freddy",R,2025,28.608059193387504,29.29774818790891,32.1608040201005,30.269058295964125,-1.733009708737864,-0.2887722980062959,216.0,503.0,27.314814814814813,19.880715705765407,348.3716376502754,288.940938694282,0.6896889945214042,28.952903690648206,-1.8917457241363742,-7.434099109049406,1.444237410731568,-59.430698955993364,1.0,2.4127419742206837,0.05747408287678368
666023,"Fermin, Freddy",R,2026,27.20881299849576,26.853719164103644,29.285714285714285,34.9869451697128,-1.9080985915492956,-0.5254957507082153,138.0,367.0,21.73913043478261,25.61307901907357,297.0377358490566,296.3606557377049,-0.3550938343921146,27.0312660812997,5.701230883998512,3.873948584290961,1.3826028408410802,-0.6770801113516995,1.0,2.2526055067749753,-0.02959115286600955
666134,"Jones, Nolan",L,2024,25.88171725751504,26.312734379751554,22.26980728051392,25.625,0.01540130151843811,-1.3794805194805195,360.0,159.0,22.77777777777778,25.157232704402517,388.3206027986281,310.6132256824298,0.4310171222365149,26.097225818633298,3.35519271948608,2.3794549266247387,-1.3948818209989577,-77.7073771161983,0.0,2.1747688182194413,0.03591809351970957
666134,"Jones, Nolan",L,2025,27.08910071857439,27.121789498347205,26.058631921824105,29.069767441860463,-0.7267710663683818,-1.9860335195530727,622.0,164.0,23.794212218649516,27.4390243902439,389.43898031366325,290.2684989429176,0.03268877977281548,27.1054451084608,3.0111355200363583,3.644812171594385,-1.2592624531846908,-99.17048137074568,0.0,2.2587870923717333,0.0027240649810679565
666139,"Lowe, Josh",L,2024,21.514489904531676,22.776483901278457,32.06521739130435,41.05263157894737,0.0743745774171737,-1.297536945812808,749.0,108.0,26.56875834445928,30.555555555555557,421.9515359415372,277.45877061469264,1.2619939967467815,22.145486902905066,8.987414187643019,3.9867972110962775,-1.3719115232299819,-144.49276532684456,0.0,1.8454572419087556,0.10516616639556513
666139,"Lowe, Josh",L,2025,24.481933699802106,24.557136402825577,37.025796661608496,36.96498054474708,-0.05802752293577982,-2.345692883895131,723.0,276.0,22.544951590594746,30.797101449275363,384.8446075739649,280.9730933120277,0.07520270302347143,24.51953505131384,-0.06081611686141741,8.252149858680617,-2.2876653609593514,-103.8715142619372,0.0,2.043294587609487,0.006266891918622619
666139,"Lowe, Josh",L,2026,25.018544126777197,25.919507391985157,35.294117647058826,33.00970873786408,-0.5626677852348994,-2.468,660.0,106.0,29.242424242424242,30.18867924528302,396.508875739645,261.0,0.9009632652079596,25.469025759381175,-2.2844089091947453,0.9462550028587771,-1.9053322147651006,-135.50887573964502,0.0,2.1224188132817647,0.0750802721006633
666149,"Fitzgerald, Tyler",R,2024,27.91418415960324,27.992562507256615,27.03862660944206,26.19047619047619,1.720950323974082,0.6892271662763465,227.0,393.0,26.431718061674008,31.806615776081426,471.0126552961666,355.5370894614676,0.07837834765337348,27.95337333342993,-0.8481504189658686,5.3748977144074175,-1.0317231576977355,-115.47556583469901,1.0,2.3294477777858273,0.006531528971114457
666149,"Fitzgerald, Tyler",R,2025,27.322764923259072,27.785859481561815,31.25,33.093525179856115,-0.32709677419354843,-1.5766062602965403,156.0,322.0,32.69230769230769,28.26086956521739,271.9423687423688,308.3819072981851,0.4630945583027426,27.554312202410443,1.8435251798561154,-4.431438127090303,-1.2495094861029918,36.43953855581634,1.0,2.2961926835342035,0.038591213191895214
666150,"Fletcher, Dominic",L,2024,31.466739373803257,32.351669873701674,33.021806853582554,28.925619834710744,-2.0518796992481203,-2.0451476793248946,326.0,96.0,17.484662576687118,22.916666666666668,305.8179058576562,292.918018018018,0.8849304998984167,31.909204623752466,-4.0961870188718095,5.43200408997955,0.006732019923225696,-12.899887839638211,0.0,2.6591003853127053,0.07374420832486805
666152,"Hamilton, David",L,2024,24.516585122408586,24.37669426167679,21.792260692464357,34.146341463414636,0.20695134061569015,-1.569767441860465,449.0,85.0,21.380846325167038,30.58823529411765,345.2931266217679,366.16814814814813,-0.13989086073179635,24.446639692042687,12.35408077095028,9.20738896895061,-1.7767187824761552,20.875021526380237,0.0,2.0372199743368906,-0.011657571727649696
666152,"Hamilton, David",L,2026,22.43640489035759,22.87637443282456,28.47682119205298,30.985915492957748,-0.7325581395348837,-1.314230769230769,533.0,115.0,19.324577861163228,25.217391304347824,310.03061224489795,287.91666666666663,0.43996954246696873,22.656389661591074,2.509094300904767,5.892813443184597,-0.5816726296958854,-22.113945578231323,0.0,1.8880324717992563,0.03666412853891406
666158,"Lux, Gavin",L,2024,33.58414791346586,33.44158052478866,23.462414578587698,20.224719101123597,0.2077847738981111,-2.6575916230366494,789.0,84.0,19.26489226869455,34.523809523809526,378.80652801053344,313.09577342989945,-0.1425673886772003,33.512864219127266,-3.2376954774641007,15.258917255114977,-2.8653763969347605,-65.71075458063399,0.0,2.792738684927272,-0.011880615723100027
666158,"Lux, Gavin",L,2025,33.198992422800146,33.783577880645694,19.48488241881299,19.130434782608695,0.33843575418994426,-1.8007692307692305,765.0,109.0,17.77777777777778,25.68807339449541,335.5603925713708,328.8566354816355,0.5845854578455487,33.49128515172292,-0.354447636204295,7.910295616717633,-2.1392049849591745,-6.703757089735291,0.0,2.7909404293102433,0.04871545482046239
666160,"Moniak, Mickey",L,2024,25.45688097338104,24.69667242223877,38.214783821478385,48.611111111111114,-0.32175161521895196,-1.172868217054264,790.0,68.0,26.962025316455698,32.35294117647059,366.48983937134284,316.6198412698413,-0.76020855114227,25.076776697809905,10.39632728963273,5.390915860014889,-0.851116601835312,-49.86999810150155,0.0,2.089731391484159,-0.06335071259518917
666160,"Moniak, Mickey",L,2025,25.75492333370577,25.902954602920826,39.442815249266864,27.92792792792793,0.9629927007299269,-1.109777777777778,796.0,100.0,26.13065326633166,26.0,426.6873293255048,390.6738323080428,0.14803126921505694,25.828938968313295,-11.514887321338936,-0.13065326633165952,-2.072770478507705,-36.01349701746199,0.0,2.1524115806927746,0.012335939101254745
666160,"Moniak, Mickey",L,2026,26.21319831037431,26.0713153770964,43.451463790446844,45.22292993630573,1.0616415410385258,-0.9836666666666666,714.0,164.0,27.310924369747898,31.097560975609756,376.7608695652174,268.6363636363636,-0.14188293327790902,26.142256843735353,1.7714661458588878,3.786636605861858,-2.0453082077051925,-108.12450592885375,0.0,2.1785214036446128,-0.011823577773159085
666176,"Adell, Jo",R,2024,25.205295006938385,25.166402093198815,28.24074074074074,30.21390374331551,1.1028235294117645,-0.6337323943661972,216.0,699.0,30.555555555555557,27.181688125894134,466.2066370217345,374.66641483502787,-0.038892913739569934,25.1858485500686,1.9731630025747684,-3.3738674296614235,-1.7365559237779618,-91.54022218670661,1.0,2.0988207125057166,-0.003241076144964161
666176,"Adell, Jo",R,2025,26.04926894764295,26.091110808483847,28.63849765258216,33.68532206969377,1.5572792362768497,0.5021642619311876,218.0,949.0,24.31192660550459,26.975763962065333,470.0954686757249,475.35183850044956,0.04184186084089703,26.0701898780634,5.046824417111608,2.6638373565607445,-1.055114974345662,5.256369824724686,1.0,2.17251582317195,0.003486821736741419
666176,"Adell, Jo",R,2026,25.59607571511046,25.583994251171024,36.61971830985915,35.07157464212679,1.681115879828326,-1.1812326485285953,386.0,948.0,28.756476683937823,24.68354430379747,492.3821138211382,360.2182410423453,-0.012081463939434656,25.59003498314074,-1.5481436677323615,-4.0729323801403545,-2.8623485283569217,-132.1638727787929,1.0,2.1325029152617283,-0.0010067886616195547
666181,"Benson, Will",L,2024,26.36971378154499,26.11574029581059,21.846153846153847,21.678321678321677,-0.20315944158706836,-1.2051020408163267,650.0,136.0,36.76923076923077,31.61764705882353,418.94062205878595,317.1039045785195,-0.25397348573440226,26.242727038677792,-0.16783216783217014,-5.1515837104072375,-1.0019425992292583,-101.83671748026643,0.0,2.186893919889816,-0.02116445714453352
666182,"Bichette, Bo",R,2024,28.89423190903616,29.706424425475404,39.285714285714285,36.47540983606557,-3.3937500000000003,-0.6664602683178535,136.0,533.0,11.764705882352942,21.575984990619137,370.7576041117063,341.8885594279445,0.812192516439243,29.300328167255785,-2.8103044496487115,9.811279108266195,2.7272897316821467,-28.869044683761842,1.0,2.441694013937982,0.06768270970327024
666182,"Bichette, Bo",R,2025,27.552122727967504,27.311980631590995,40.0735294117647,33.80434782608695,1.4651072124756337,0.7822357498616492,294.0,931.0,16.3265306122449,17.07841031149302,389.3236904588992,390.1671006100681,-0.24014209637650907,27.43205167977925,-6.2691815856777495,0.7518796992481214,-0.6828714626139845,0.8434101511688823,1.0,2.286004306648271,-0.02001184136470909
666182,"Bichette, Bo",R,2026,27.512973616567137,27.544155003843837,40.14423076923077,41.35021097046413,0.25359565807327006,-0.535762331838565,382.0,956.0,14.921465968586388,17.782426778242677,402.9264705882353,362.8236914600551,0.031181387276699724,27.52856431020549,1.2059802012333662,2.860960809656289,-0.789357989911835,-40.1027791281802,1.0,2.2940470258504573,0.002598448939724977
666211,"Trammell, Taylor",L,2026,29.914156672196498,31.48526719493926,28.177966101694917,25.0,-0.16772428884026264,-2.505161290322581,441.0,71.0,36.961451247165535,32.394366197183096,409.1851851851852,137.72,1.5711105227427637,30.69971193356788,-3.177966101694917,-4.567085049982438,-2.3374370014823183,-271.4651851851852,0.0,2.5583093277973235,0.1309258768952303
666310,"Naylor, Bo",L,2024,27.442380030951675,27.512549891204483,27.313432835820894,26.984126984126984,-0.3679553903345725,-1.8936395759717313,623.0,137.0,26.80577849117175,24.817518248175183,351.4900006704523,320.2721699995407,0.07016986025280758,27.477464961078077,-0.3293058516939098,-1.9882602429965672,-1.5256841856371588,-31.217830670911553,0.0,2.2897887467565066,0.005847488354400632
666310,"Naylor, Bo",L,2025,27.10646555785903,27.594189881168596,24.048706240487064,32.846715328467155,-0.23902261123267687,-1.8556634304207118,624.0,167.0,20.512820512820515,19.760479041916167,360.9079935449479,239.97568108974357,0.4877243233095676,27.350327719513814,8.798009087980091,-0.7523414709043479,-1.616640819188035,-120.93231245520431,0.0,2.2791939766261513,0.040643693609130636
666397,"Julien, Edouard",L,2025,28.886808570663636,29.30039328509092,19.71014492753623,20.833333333333332,-0.9587115666178623,0.035233160621761496,282.0,71.0,24.822695035460992,23.943661971830984,438.7123270286721,359.47299823862323,0.41358471442728373,29.093600927877276,1.1231884057971016,-0.8790330636300077,0.9939447272396238,-79.23932879004889,0.0,2.424466743989773,0.03446539286894031
666464,"Encarnacion, Jerar",R,2024,28.20557718982933,27.894145554764375,30.120481927710845,37.333333333333336,-0.880225988700565,0.31597444089456855,79.0,158.0,29.11392405063291,24.68354430379747,431.6115838184804,512.607604709472,-0.31143163506495597,28.049861372296853,7.212851405622491,-4.430379746835442,1.1962004295951336,80.99602089099153,1.0,2.3374884476914044,-0.025952636255412997
666624,"Morel, Christopher",R,2024,27.25969577582932,27.102408427309232,27.659574468085108,25.97938144329897,-1.3806382978723404,-0.4600633914421553,227.0,878.0,31.277533039647576,31.776765375854215,339.3070611839647,391.84740766962085,-0.1572873485200894,27.18105210156928,-1.6801930247861385,0.49923233620663865,0.9205749064301851,52.54034648565613,1.0,2.2650876751307734,-0.013107279043340784
666624,"Morel, Christopher",R,2025,27.548189950803614,27.313790043797265,29.49852507374631,32.72727272727273,-0.5584374999999999,-0.32490706319702606,338.0,295.0,33.43195266272189,40.0,382.0535861758065,500.55928414918316,-0.23439990700634894,27.43098999730044,3.2287476535264155,6.568047337278109,0.23353043680297386,118.50569797337664,1.0,2.28591583310837,-0.01953332558386241
666624,"Morel, Christopher",R,2026,26.56431675700229,25.68698921553212,40.27777777777778,31.35593220338983,-3.793835616438356,-1.223873873873874,77.0,105.0,35.064935064935064,29.523809523809526,273.96,292.48571428571427,-0.8773275414701693,26.125652986267205,-8.921845574387948,-5.541125541125538,2.569961742564482,18.525714285714287,1.0,2.1771377488556003,-0.07311062845584744
666915,"Dalbec, Bobby",R,2024,27.867764622583003,28.259944669293283,25.274725274725274,30.97345132743363,-3.106857142857143,-1.6579166666666667,81.0,113.0,44.44444444444444,36.283185840707965,269.3333333333333,266.5544444444444,0.39218004671027984,28.063854645938143,5.698726052708356,-8.161258603736478,1.4489404761904765,-2.7788888888889005,1.0,2.3386545538281784,0.03268167055918999
666969,"García, Adolis",R,2024,28.19673771509525,28.632703119344296,33.84146341463415,33.48837209302326,0.09191290824261276,-0.6191780821917808,346.0,972.0,26.878612716763005,34.15637860082305,399.2041741638405,395.81636322967165,0.4359654042490462,28.414720417219772,-0.35309132161088996,7.277765884060042,-0.7110909904343936,-3.38781093416884,1.0,2.367893368101648,0.03633045035408718
666969,"García, Adolis",R,2025,29.037700690549013,29.06484430142378,35.90604026845637,35.775335775335776,-0.9714521452145215,-0.5352067183462532,312.0,810.0,28.205128205128204,28.14814814814815,394.4210989145882,373.85081413239624,0.027143610874766466,29.051272495986396,-0.1307044931205965,-0.05698005698005559,0.4362454268682683,-20.570284782191948,1.0,2.420939374665533,0.0022619675728972055
666969,"García, Adolis",R,2026,30.637398225405057,29.69173733505132,28.37837837837838,30.254041570438797,0.6842657342657343,-1.7575376884422111,128.0,363.0,25.0,33.608815426997246,437.4772727272727,369.9622641509434,-0.9456608903537358,30.16456778022819,1.8756631920604185,8.608815426997246,-2.4418034227079453,-67.51500857632931,1.0,2.5137139816856826,-0.07880507419614464
666971,"Gurriel Jr., Lourdes",R,2024,29.000924925997023,29.038008003942306,36.144578313253014,31.47632311977716,1.2625189681335356,-0.1277310924369748,337.0,725.0,17.80415430267062,19.310344827586206,438.23202542422194,343.4937807996204,0.037083077945283094,29.019466464969664,-4.668255193475854,1.506190524915585,-1.3902500605705104,-94.73824462460152,1.0,2.4182888720808053,0.003090256495440258
666971,"Gurriel Jr., Lourdes",R,2025,28.735252120276584,28.777539416326636,35.294117647058826,34.240687679083095,0.38146167557932276,-0.23697771587743732,316.0,725.0,17.088607594936708,19.724137931034484,331.0843435348881,340.7594398358266,0.04228729605005199,28.75639576830161,-1.053429967975731,2.6355303360977764,-0.6184393914567601,9.675096300938492,1.0,2.396366314025134,0.0035239413375043327
666971,"Gurriel Jr., Lourdes",R,2026,28.972870097641646,29.3590719691075,45.378151260504204,38.51590106007067,-2.3444444444444446,-1.6283553875236292,112.0,272.0,23.214285714285715,20.955882352941178,308.2325581395349,307.787037037037,0.38620187146585394,29.165971033374575,-6.862250200433536,-2.258403361344538,0.7160890569208154,-0.445521102497878,1.0,2.430497586114548,0.032183489288821164
667452,"Julks, Corey",R,2024,30.9445594737351,31.67001077136105,31.57894736842105,29.767441860465116,-0.4837988826815643,-1.8267639902676398,165.0,186.0,26.666666666666668,21.50537634408602,366.14788961038965,295.9573367808662,0.7254512976259484,31.307285122548073,-1.8115055079559355,-5.161290322580648,-1.3429651075860756,-70.19055282952343,1.0,2.608940426879006,0.06045427480216237
667472,"Myers, Dane",R,2024,31.63985916862992,31.981243466784974,27.102803738317757,25.263157894736842,0.930379746835443,-0.2679347826086957,106.0,77.0,25.471698113207548,27.272727272727273,413.63312584631404,440.0392515980751,0.3413842981550559,31.810551317707446,-1.8396458435809144,1.8010291595197252,-1.1983145294441386,26.406125751761067,1.0,2.6508792764756204,0.028448691512921325
667472,"Myers, Dane",R,2025,31.64691214202658,31.584667052899015,17.391304347826086,26.979472140762464,0.19047619047619052,-1.955799755799756,177.0,378.0,18.64406779661017,23.544973544973544,421.3610407665383,330.88478729803956,-0.06224508912756477,31.615789597462797,9.588167792936378,4.900905748363375,-2.1462759462759466,-90.47625346849873,1.0,2.6346491331218997,-0.005187090760630397
667472,"Myers, Dane",R,2026,33.64121185449219,34.01668632010554,20.06578947368421,29.104477611940297,0.7830000000000001,0.44444444444444453,249.0,338.0,17.269076305220885,20.414201183431953,387.0777777777778,335.45217391304345,0.37547446561335107,33.82894908729887,9.038688138256088,3.1451248782110675,-0.3385555555555556,-51.62560386473433,1.0,2.819079090608239,0.03128953880111259
667670,"Rooker, Brent",R,2024,30.38365268084737,30.588664330302556,29.118773946360154,31.40900195694716,1.6695736434108528,1.7192533333333333,255.0,938.0,26.274509803921568,33.26226012793177,513.7961186076627,512.3620771113699,0.20501164945518724,30.486158505574963,2.2902280105870076,6.9877503240102,0.04967968992248051,-1.4340414962928207,1.0,2.5405132087979134,0.017084304121265603
667670,"Rooker, Brent",R,2025,31.306958875567407,31.40508836113194,25.86750788643533,26.692836113837096,0.8860232945091512,0.6849170437405733,280.0,1007.0,27.5,28.599801390268123,408.61394669661405,421.20607366472467,0.09812948556453449,31.356023618349674,0.8253282274017657,1.099801390268123,-0.2011062507685779,12.59212696811062,1.0,2.6130019681958063,0.008177457130377874
667670,"Rooker, Brent",R,2026,31.019905561496735,31.078265202108668,31.0,31.03448275862069,-1.211734693877551,-0.45918367346938777,97.0,265.0,39.175257731958766,35.094339622641506,437.20833333333337,420.1847826086956,0.05835964061193266,31.0490853818027,0.03448275862069039,-4.08091810931726,0.7525510204081634,-17.023550724637744,1.0,2.587423781816892,0.004863303384327722
668227,"Arozarena, Randy",R,2024,17.624763126086066,18.376567507494308,20.930232558139537,25.67829457364341,1.1643037974683546,0.2485397784491439,308.0,828.0,23.376623376623378,28.743961352657006,399.01777486141197,361.2901615172882,0.7518043814082418,18.000665316790187,4.748062015503873,5.367337976033628,-0.9157640190192107,-37.72761334412377,1.0,1.5000554430658488,0.06265036511735349
668227,"Arozarena, Randy",R,2025,22.25505438887995,22.731095457388236,29.04884318766067,23.846153846153847,-0.08070617906683485,0.5430282702443698,369.0,894.0,24.932249322493224,28.859060402684563,398.1084683468255,394.1991014842193,0.47604106850828387,22.493074923134095,-5.202689341506822,3.9268110801913387,0.6237344493112047,-3.9093668626061913,1.0,1.8744229102611747,0.03967008904235699
668227,"Arozarena, Randy",R,2026,20.96893096245011,21.89671783391205,30.64066852367688,30.32319391634981,2.173076923076923,1.0465007776049766,346.0,864.0,19.942196531791907,25.810185185185187,377.99224806201556,392.45296167247386,0.9277868714619402,21.43282439818108,-0.3174746073270711,5.8679886533932795,-1.1265761454719463,14.4607136104583,1.0,1.7860686998484232,0.07731557262182835
668670,"Rogers, Jake",R,2024,24.01664603510827,23.89856899528404,24.479166666666668,26.47754137115839,-1.8771653543307087,-0.06088435374149662,177.0,422.0,29.943502824858758,31.04265402843602,356.11360698824984,408.4518990950204,-0.11807703982422879,23.957607515196155,1.9983747044917237,1.0991512035772608,1.816281000589212,52.33829210677055,1.0,1.996467292933013,-0.009839753318685732
668670,"Rogers, Jake",R,2025,28.565679880793063,28.618373432426175,18.666666666666668,23.56020942408377,-0.5662420382165605,-1.0529126213592233,71.0,179.0,18.309859154929576,24.58100558659218,379.4914196541425,303.7473654119048,0.05269355163311218,28.59202665660962,4.8935427574171015,6.271146431662604,-0.48667058314266276,-75.74405424223767,1.0,2.3826688880508016,0.0043911293027593485
668670,"Rogers, Jake",R,2026,29.91933539133809,30.119898253354044,27.272727272727273,24.41860465116279,0.8502857142857142,-1.4571709233791748,71.0,216.0,32.394366197183096,22.685185185185187,390.95833333333337,270.3239436619719,0.2005628620159534,30.019616822346066,-2.854122621564482,-9.70918101199791,-2.307456637664889,-120.63438967136148,1.0,2.5016347351955055,0.016713571834662783
668709,"Bleday, JJ",L,2024,27.388257332218732,27.771051698746167,23.841059602649008,28.15126050420168,0.569116186693148,-0.5884453781512605,897.0,222.0,22.630992196209586,27.47747747747748,355.31448550954104,360.7065568106492,0.3827943665274347,27.57965451548245,4.3102009015526725,4.846485281267892,-1.1575615648444084,5.39207130110816,0.0,2.298304542956871,0.03189953054395289
668709,"Bleday, JJ",L,2025,26.71708222482839,27.639244502867232,23.74768089053803,30.08130081300813,-0.6185116279069767,0.8155038759689925,466.0,125.0,30.042918454935624,25.6,303.9304441724831,404.86626348948914,0.9221622780388437,27.17816336384781,6.333619922470099,-4.442918454935622,1.4340155038759692,100.93581931700606,0.0,2.2648469469873174,0.07684685650323697
668709,"Bleday, JJ",L,2026,27.31029740097733,27.827489556914298,21.466666666666665,26.402640264026402,1.01757209926224,-0.355366269165247,674.0,282.0,23.44213649851632,28.01418439716312,399.16455696202536,329.6185567010309,0.5171921559369679,27.568893478945814,4.935973597359737,4.572047898646801,-1.372938368427487,-69.54600026099445,0.0,2.297407789912151,0.04309934632808066
668715,"Steer, Spencer",R,2024,27.823981326649257,27.885176380519997,22.82608695652174,25.467775467775468,0.5084179970972423,0.25172947857511613,302.0,864.0,18.211920529801326,21.99074074074074,353.9505778379076,354.8070114735136,0.06119505387074042,27.854578853584627,2.6416885112537294,3.778820210939415,-0.2566885185221262,0.856433635606038,1.0,2.3212149044653856,0.005099587822561702
668715,"Steer, Spencer",R,2025,28.913066853410037,29.082357739263095,27.049180327868854,23.985239852398525,0.07729831144465285,0.07667228780213602,267.0,840.0,23.220973782771537,23.571428571428573,355.19837164647635,326.95634913436714,0.16929088585305863,28.997712296336566,-3.0639404754703286,0.3504547886570357,-0.0006260236425168347,-28.2420225121092,1.0,2.4164760246947137,0.014107573821088218
668715,"Steer, Spencer",R,2026,28.158860523125007,28.141302004244604,23.93617021276596,26.99490662139219,2.5196808510638298,-0.6818897637795276,180.0,508.0,20.555555555555557,22.637795275590552,451.359375,384.1638418079096,-0.01755851888040283,28.150081263684804,3.058736408626231,2.0822397200349947,-3.2015706148433574,-67.19553319209041,1.0,2.345840105307067,-0.0014632099067002358
668723,"Vilade, Ryan",R,2026,30.649696786096655,30.66552462566611,27.761194029850746,27.040816326530614,0.8547799696509862,-0.16380208333333326,335.0,173.0,20.29850746268657,20.23121387283237,415.4036697247707,357.09836065573774,0.015827839569453772,30.657610705881382,-0.720377703320132,-0.06729358985419864,-1.0185820529843195,-58.305309069032944,1.0,2.554800892156782,0.0013189866307878144
668800,"Knizner, Andrew",R,2024,27.55198014109124,27.799035882546757,40.42553191489362,42.281879194630875,-3.2921568627450983,-2.8135658914728685,62.0,136.0,22.580645161290324,22.794117647058822,388.5461538461538,292.2692198957505,0.24705574145551878,27.675508011818998,1.8563472797372569,0.21347248576849864,0.4785909712722298,-96.2769339504033,1.0,2.30629233431825,0.020587978454626565
668845,"Schunk, Aaron",R,2024,24.12099346294818,23.999088212302993,35.714285714285715,46.721311475409834,-2.9283582089552236,0.3983050847457626,70.0,142.0,30.0,25.35211267605634,357.5,322.9916251697601,-0.12190525064518809,24.060040837625586,11.007025761124119,-4.64788732394366,3.326663293700986,-34.508374830239916,1.0,2.0050034031354653,-0.010158770887099008
668885,"Martin, Austin",R,2024,29.7996192857731,29.781509470574477,16.025641025641026,19.434628975265017,-0.10981012658227854,-0.6348534201954397,135.0,286.0,17.037037037037038,19.93006993006993,360.68542819499345,321.31928485335476,-0.01810981519862409,29.79056437817379,3.4089879496239917,2.893032893032892,-0.5250432936131612,-39.36614334163869,1.0,2.4825470315144824,-0.0015091512665520075
668885,"Martin, Austin",R,2025,32.969024570181,33.55244538299425,17.92452830188679,18.90909090909091,0.6728888888888891,-0.3744721689059501,100.0,201.0,20.0,15.422885572139304,413.2601167277891,343.5259422620868,0.5834208128132516,33.26073497658763,0.9845626072041185,-4.577114427860696,-1.0473610577948391,-69.73417446570232,1.0,2.7717279147156355,0.04861840106777097
668885,"Martin, Austin",R,2026,31.358999828709436,31.50121878606598,13.753581661891117,22.028985507246375,0.7774924471299094,-1.2038297872340427,245.0,299.0,16.73469387755102,19.06354515050167,311.7090909090909,294.12,0.142218957356544,31.43010930738771,8.275403845355259,2.3288512729506508,-1.981322234363952,-17.589090909090885,1.0,2.6191757756156426,0.011851579779711999
668901,"Vientos, Mark",R,2024,27.30213770952317,27.063914982295373,36.21262458471761,30.449251247920134,1.328395061728395,1.0531986531986532,301.0,575.0,28.239202657807308,33.91304347826087,427.5241439338771,454.21193108762947,-0.23822272722779658,27.18302634590927,-5.763373336797475,5.6738408204535595,-0.2751964085297418,26.687787153752367,1.0,2.265252195492439,-0.019851893935649716
668901,"Vientos, Mark",R,2025,26.744985074687545,26.53911429673007,35.055350553505534,31.9672131147541,0.1426386233269598,-0.5065164923572002,283.0,632.0,30.3886925795053,30.379746835443036,396.65364311418324,394.9564770975825,-0.20587077795747533,26.642049685708805,-3.088137438751435,-0.008945744062263117,-0.64915511568416,-1.697166016600761,1.0,2.2201708071424004,-0.017155898163122945
668901,"Vientos, Mark",R,2026,27.146916914374323,27.226409844132647,31.30841121495327,37.423312883435585,1.0901442307692308,-1.8111842105263158,216.0,333.0,21.75925925925926,34.83483483483484,415.78313253012044,357.00877192982455,0.07949292975832378,27.186663379253485,6.1149016684823145,13.075575575575577,-2.9013284412955467,-58.77436060029589,1.0,2.265555281604457,0.0066244108131936486
668904,"Lewis, Royce",R,2024,20.864867718885854,21.004204312749597,32.03883495145631,33.78076062639821,0.5807792207792208,0.32567094515752615,192.0,448.0,25.520833333333332,24.776785714285715,388.845725698405,375.3413041357558,0.1393365938637423,20.934536015817727,1.7419256749419034,-0.7440476190476168,-0.2551082756216947,-13.504421562649156,1.0,1.7445446679848107,0.011611382821978525
668904,"Lewis, Royce",R,2025,24.24269015219584,24.719802500260343,26.87224669603524,33.333333333333336,0.07878787878787871,-0.2178199052132701,225.0,548.0,23.555555555555557,23.905109489051096,323.6174934217354,351.78468204982585,0.47711234806450165,24.481246326228092,6.461086637298095,0.34955393349553887,-0.29660778400114884,28.167188628090457,1.0,2.040103860519008,0.03975936233870847
668904,"Lewis, Royce",R,2026,24.78218326780523,24.886094079297497,34.81228668941979,32.20108695652174,-0.0826815642458101,-0.8567121320890164,270.0,700.0,25.185185185185187,32.57142857142857,389.13265306122446,365.54347826086956,0.10391081149226622,24.834138673551365,-2.6111997328980507,7.3862433862433825,-0.7740305678432063,-23.589174800354897,1.0,2.0695115561292803,0.008659234291022186
668930,"Turang, Brice",L,2024,25.226465169340667,25.737656678909417,28.114663726571113,27.54237288135593,-0.011755646817248546,-1.0678,913.0,236.0,11.610076670317634,13.983050847457626,330.58331007501295,316.93985507246373,0.51119150956875,25.482060924125044,-0.572290845215182,2.3729741771399926,-1.0560443531827515,-13.643455002549217,0.0,2.1235050770104205,0.0425992924640625
668930,"Turang, Brice",L,2025,30.477044978846763,30.937548485284925,24.02061855670103,23.03206997084548,0.7477977977977979,0.3740885416666668,886.0,334.0,19.30022573363431,19.161676646706585,411.28218476266017,358.61654083460354,0.46050350643816174,30.707296732065842,-0.9885485858555505,-0.13854908692772483,-0.3737092561311311,-52.665643928056625,0.0,2.55894139433882,0.038375292203180145
668930,"Turang, Brice",L,2026,31.273367298223448,31.73646804392341,25.806451612903224,22.05513784461153,1.310908168442415,-0.8434782608695652,850.0,346.0,20.0,22.832369942196532,435.3285198555957,339.53389830508473,0.4631007456999612,31.50491767107343,-3.751313768291695,2.8323699421965323,-2.1543864293119803,-95.79462155051095,0.0,2.6254098059227857,0.038591728808330096
668942,"Rojas, Josh",L,2024,29.50257801683378,29.41735756766987,20.897435897435898,28.688524590163933,-0.4252433090024331,-2.594071146245059,741.0,117.0,20.242914979757085,36.75213675213675,349.5387597605047,255.44504504504505,-0.08522044916390925,29.459967792251824,7.791088692728035,16.509221772379664,-2.168827837242626,-94.09371471545967,0.0,2.4549973160209855,-0.007101704096992438
668952,"Kreidler, Ryan",R,2026,27.349845412810723,27.56322659047675,24.528301886792452,31.09540636042403,-0.09374999999999994,-0.9104609929078016,208.0,297.0,25.48076923076923,30.976430976430976,321.7468354430379,361.15841584158414,0.21338117766602593,27.456536001643734,6.567104473631577,5.495661745661746,-0.8167109929078016,39.41158039854622,1.0,2.2880446668036445,0.01778176480550216
669003,"Mitchell, Garrett",L,2026,29.35399221378864,30.43887654205366,23.78640776699029,18.26086956521739,0.5110191082802549,-0.15336048879837064,701.0,198.0,34.0941512125535,30.303030303030305,501.2361111111111,405.8088235294117,1.0848843282650193,29.89643437792115,-5.5255382017729,-3.791120909523194,-0.6643795970786255,-95.42728758169937,0.0,2.491369531493429,0.09040702735541828
669004,"Melendez, MJ",L,2024,28.864642449331956,29.85732898486357,28.622327790973873,25.96153846153846,-0.06645924082140642,-3.9410788381742736,828.0,139.0,27.294685990338163,22.302158273381295,415.5098346278944,315.257491432855,0.9926865355316146,29.360985717097762,-2.6607893294354135,-4.992527716956868,-3.874619597352867,-100.25234319503943,0.0,2.4467488097581467,0.08272387796096788
669016,"Marsh, Brandon",L,2024,26.731386046370616,27.407446230242677,23.820224719101123,22.22222222222222,0.6590441621294615,-1.3303116147308784,687.0,138.0,25.32751091703057,25.36231884057971,463.92267479690304,345.1418021634642,0.6760601838720603,27.069416138306647,-1.5980024968789017,0.03480792354914186,-1.9893557768603398,-118.78087263343883,0.0,2.2557846781922204,0.05633834865600503
669016,"Marsh, Brandon",L,2025,27.68870002110988,28.439287809543607,27.868852459016395,32.58426966292135,0.9124242424242425,-1.5160237388724036,624.0,150.0,20.352564102564102,27.333333333333332,421.89206363451405,372.7130135201343,0.7505877884337266,28.063993915326744,4.715417203904956,6.98076923076923,-2.428447981296646,-49.17905011437972,0.0,2.338666159610562,0.06254898236947722
669016,"Marsh, Brandon",L,2026,27.07446085373339,28.76028200695207,34.306569343065696,41.935483870967744,0.08876333961079724,-1.4249471458773784,818.0,248.0,19.193154034229828,33.46774193548387,392.8295081967213,335.8378378378378,1.6858211532186793,27.917371430342733,7.628914527902047,14.274587901254044,-1.5137104854881756,-56.99167035888348,0.0,2.326447619195228,0.1404850961015566
669065,"Stowers, Kyle",L,2024,26.754933668581643,27.144106119418904,31.61094224924012,35.64356435643565,-0.8657364341085273,-1.7517045454545455,352.0,94.0,34.09090909090909,31.914893617021278,435.37760222298664,366.0070987126908,0.38917245083726115,26.949519894000275,4.032622107195525,-2.1760154738878157,-0.8859681113460182,-69.37050351029586,0.0,2.245793324500023,0.03243103756977176
669065,"Stowers, Kyle",L,2025,29.45344529366878,30.216516475494835,26.08695652173913,34.806629834254146,2.1172287390029325,-0.6509749303621171,723.0,200.0,30.70539419087137,28.0,537.8815861154665,340.30851885238883,0.7630711818260565,29.834980884581807,8.719673312515017,-2.7053941908713703,-2.7682036693650494,-197.57306726307763,0.0,2.486248407048484,0.06358926515217138
669065,"Stowers, Kyle",L,2026,29.838291917357154,30.21829027047536,34.643734643734646,31.304347826086957,0.6846361185983828,0.04421296296296303,794.0,212.0,34.130982367758186,27.830188679245282,458.43577981651373,354.1212121212121,0.3799983531182072,30.02829109391626,-3.3393868176476893,-6.300793688512904,-0.6404231556354197,-104.3145676953016,0.0,2.5023575911596883,0.031666529426517265
669127,"Langeliers, Shea",R,2024,25.984878885350337,26.3992368528471,29.841269841269842,31.00558659217877,0.2296684118673647,0.06769230769230761,264.0,722.0,23.484848484848484,27.700831024930746,395.4900924407983,428.9777909593534,0.41435796749676257,26.19205786909872,1.1643167509089274,4.215982540082262,-0.1619761041750571,33.48769851855508,1.0,2.1826714890915597,0.034529830624730216
669127,"Langeliers, Shea",R,2025,27.258495108612884,27.123055425350927,41.12149532710281,29.497354497354497,2.8422535211267603,0.33153692614770464,250.0,759.0,22.4,22.92490118577075,467.8760911199362,353.8021017861271,-0.1354396832619571,27.190775266981905,-11.62414082974831,0.5249011857707515,-2.5107165949790557,-114.0739893338091,1.0,2.265897938915159,-0.011286640271829759
669127,"Langeliers, Shea",R,2026,28.384641053275217,28.56890049132306,29.927007299270073,34.76923076923077,2.9660678642714573,-0.08054145516074454,249.0,602.0,21.285140562248998,28.239202657807308,479.7826086956522,418.73584905660385,0.1842594380478424,28.47677077229914,4.842223469960693,6.95406209555831,-3.0466093194322017,-61.04675963904833,1.0,2.3730642310249284,0.015354953170653532
669134,"Campusano, Luis",R,2024,24.350338451621,24.068545852227135,29.86111111111111,32.773109243697476,-1.6636363636363636,-0.5677333333333333,132.0,390.0,13.636363636363637,20.76923076923077,261.70927248081273,334.1002417503817,-0.2817925993938637,24.209442151924065,2.9119981325863655,7.132867132867133,1.0959030303030302,72.39096926956898,1.0,2.017453512660339,-0.023482716616155308
669134,"Campusano, Luis",R,2026,21.703037439086476,22.430081757510777,29.906542056074766,28.502415458937197,0.5585365853658537,0.9091612903225806,87.0,369.0,19.54022988505747,25.474254742547426,360.5428571428571,358.51239669421494,0.7270443184243014,22.066559598298625,-1.4041265971375694,5.9340248574899555,0.35062470495672693,-2.0304604486421454,1.0,1.8388799665248854,0.06058702653535845
669208,"Bliss, Ryan",R,2024,27.86716215959807,26.630519031059087,22.388059701492537,17.647058823529413,0.9812030075187965,-2.0388429752066117,63.0,65.0,36.507936507936506,30.76923076923077,520.3763574660634,346.63271848924023,-1.236643128538983,27.24884059532858,-4.741000877963124,-5.738705738705736,-3.0200459827254083,-173.74363897682315,1.0,2.2707367162773817,-0.10305359404491525
669221,"Murphy, Sean",R,2024,31.901493908286067,32.529259823722185,29.927007299270073,27.225130890052355,-0.6096345514950167,-0.16584415584415582,132.0,354.0,35.60606060606061,24.858757062146893,391.9451776859653,358.76235574878933,0.6277659154361181,32.21537686600413,-2.701876409217718,-10.747303543913716,0.44379039565086087,-33.18282193717596,1.0,2.684614738833677,0.05231382628634318
669221,"Murphy, Sean",R,2025,29.66262364871808,30.01671230089974,24.705882352941178,26.717557251908396,0.8868667917448406,-0.6496984318455972,256.0,394.0,28.515625,29.949238578680202,500.41209896611394,362.0439131894925,0.3540886521816624,29.83966797480891,2.011674898967218,1.4336135786802018,-1.5365652235904377,-138.36818577662143,1.0,2.4866389979007426,0.029507387681805202
669221,"Murphy, Sean",R,2026,29.11133847819077,29.067848146697344,37.704918032786885,34.72222222222222,-2.2117117117117115,-0.8416083916083915,60.0,139.0,36.666666666666664,29.496402877697843,305.17647058823525,345.0212765957447,-0.04349033149342674,29.08959331244406,-2.982695810564664,-7.170263788968821,1.3701033201033201,39.844806007509476,1.0,2.424132776037005,-0.003624194291118895
669222,"Senzel, Nick",R,2024,28.181057514580868,28.01138883427076,27.40740740740741,23.952095808383234,-0.5555160142348756,-0.937741046831956,136.0,337.0,15.441176470588236,25.222551928783382,355.38998860042074,338.5196505207861,-0.16966868031010662,28.096223174425816,-3.4553115990241743,9.781375458195146,-0.3822250325970804,-16.87033807963462,1.0,2.3413519312021513,-0.014139056692508886
669224,"Wells, Austin",L,2024,29.872769633841024,29.616304356557016,26.37853949329359,20.80536912751678,0.21646525679758302,-1.058974358974359,666.0,139.0,23.273273273273272,30.93525179856115,394.5021632309042,324.1760168302945,-0.2564652772840077,29.74453699519902,-5.573170365776811,7.6619785252878785,-1.275439615771942,-70.32614640060973,0.0,2.478711416266585,-0.021372106440333976
669224,"Wells, Austin",L,2025,30.850744442992152,30.59550962963083,28.714524207011685,30.17543859649123,-0.21226492232215868,-0.09634146341463412,627.0,282.0,24.56140350877193,26.24113475177305,366.21746431158454,351.18802730937534,-0.2552348133613229,30.72312703631149,1.4609143894795444,1.6797312430011182,0.11592345890752456,-15.029437002209193,0.0,2.560260586359291,-0.021269567780110243
669224,"Wells, Austin",L,2026,28.71751137107441,28.81754043859674,26.5905383360522,33.663366336633665,-0.11743986254295531,-2.127594936708861,530.0,191.0,25.471698113207548,26.17801047120419,373.14792899408286,270.68333333333334,0.10002906752233187,28.767525904835573,7.072828000581463,0.7063123579966408,-2.0101550741659056,-102.46459566074952,0.0,2.3972938254029645,0.008335755626860989
669234,"Malloy, Justyn-Henry",R,2024,30.32261332280831,30.191037044009967,19.863013698630137,19.558359621451103,1.7593639575971733,-1.3477464788732396,111.0,324.0,30.63063063063063,34.5679012345679,452.0318808384598,350.1364042055751,-0.13157627879834166,30.256825183409138,-0.30465407717903403,3.937270603937268,-3.107110436470413,-101.89547663288471,1.0,2.521402098617428,-0.010964689899861805
669234,"Malloy, Justyn-Henry",R,2025,31.044328223161784,30.903113666438653,16.463414634146343,24.369747899159663,0.7134615384615385,-1.087029288702929,120.0,103.0,24.166666666666668,30.097087378640776,337.51400773024125,275.25760636669725,-0.14121455672313132,30.97372094480022,7.90633326501332,5.930420711974108,-1.8004908271644675,-62.256401363544,1.0,2.581143412066685,-0.01176787972692761
669236,"Jackson, Jeremiah",R,2025,29.137631093458538,28.92719729860887,32.231404958677686,35.390946502057616,0.2083333333333333,0.5592668024439919,107.0,266.0,32.71028037383178,30.075187969924812,368.42928685897436,369.9696804724729,-0.21043379484966707,29.032414196033706,3.1595415433799303,-2.6350924039069668,0.3509334691106586,1.5403936134985088,1.0,2.4193678496694755,-0.017536149570805588
669236,"Jackson, Jeremiah",R,2026,27.515619983425495,27.465358038686205,34.224598930481285,39.05723905723906,-0.987598944591029,-1.5343801652892561,208.0,357.0,28.846153846153847,22.689075630252102,421.8253968253968,321.48201438848923,-0.05026194473929024,27.49048901105585,4.832640126757774,-6.157078215901745,-0.5467812206982271,-100.34338243690758,1.0,2.290874084254654,-0.004188495394940854
669257,"Smith, Will",R,2024,32.85775681351197,33.34264738518943,28.26086956521739,25.603864734299517,1.5112519809825673,-0.1227300060132291,277.0,773.0,18.050541516245488,18.36998706338939,399.69883066996465,372.1167019459033,0.48489057167746097,33.100202099350696,-2.6570048309178738,0.3194455471439035,-1.6339819869957963,-27.582128724061363,1.0,2.758350174945891,0.04040754763978841
669257,"Smith, Will",R,2025,32.82618714586828,32.94815146983879,16.666666666666668,20.49418604651163,1.4310975609756098,1.4343988881167478,169.0,578.0,20.118343195266274,19.72318339100346,431.4373283372079,418.5951191067898,0.12196432397050927,32.88716930785354,3.8275193798449614,-0.39515980426281416,0.0033013271411379552,-12.842209230418064,1.0,2.7405974423211283,0.010163693664209106
669257,"Smith, Will",R,2026,32.09506944890012,32.66214299318561,13.77245508982036,24.43324937027708,0.14444444444444451,0.7954248366013074,132.0,332.0,13.636363636363637,15.36144578313253,363.29787234042556,432.99285714285713,0.567073544285492,32.378606221042865,10.660794280456718,1.7250821467688926,0.6509803921568629,69.69498480243158,1.0,2.6982171850869054,0.047256128690457665
669261,"Suwinski, Jack",L,2024,31.89484453953893,32.14896205631439,21.41327623126338,34.48275862068966,-0.9157142857142859,-0.5942446043165467,447.0,70.0,22.818791946308725,31.428571428571427,378.1892550807867,362.91800356506235,0.2541175167754588,32.021903297926656,13.069482389426277,8.609779482262702,0.32146968139773924,-15.271251515724373,0.0,2.668491941493888,0.021176459731288233
669289,"Espinal, Santiago",R,2024,34.24951258899244,34.193229143135596,28.294573643410853,27.48414376321353,0.9806640624999998,-1.1871485943775102,245.0,488.0,13.877551020408163,12.5,312.12465841679557,315.84322542311156,-0.05628344585684175,34.22137086606402,-0.8104298801973222,-1.3775510204081627,-2.1678126568775102,3.7185670063159932,1.0,2.851780905505335,-0.004690287154736812
669289,"Espinal, Santiago",R,2025,36.60389945533709,36.65437013334162,20.0,26.4,-0.4340304182509505,-1.896761658031088,223.0,361.0,10.762331838565023,13.850415512465373,254.50235849056608,253.7941212438854,0.050470678004529645,36.62913479433936,6.399999999999999,3.08808367390035,-1.4627312397801375,-0.7082372466806817,1.0,3.0524278995282796,0.0042058898337108035
669304,"Miranda, Jose F",R,2024,28.736646437711467,29.207516292416425,40.823970037453186,33.1511839708561,-1.9448979591836733,1.1512796208530804,280.0,525.0,21.785714285714285,19.428571428571427,316.9067712180072,359.3485962065716,0.4708698547049579,28.972081365063946,-7.672786066597084,-2.3571428571428577,3.0961775800367537,42.441824988564406,1.0,2.414340113755329,0.03923915455874649
669326,"Teodosio, Bryce",R,2025,23.71119848213756,23.55316875051699,46.34146341463415,35.97883597883598,0.4467391304347825,-2.30521327014218,62.0,257.0,37.096774193548384,34.24124513618677,318.2625,281.7952847152847,-0.158029731620573,23.632183616327275,-10.362627435798167,-2.8555290573616148,-2.7519524005769624,-36.46721528471528,1.0,1.9693486346939395,-0.013169144301714416
669357,"Gorman, Nolan",L,2024,32.56217236501034,33.64211273707627,29.81260647359455,31.65829145728643,-0.24727427597955712,-0.955294117647059,603.0,209.0,36.650082918739635,35.88516746411483,507.274828169433,357.1712492101907,1.079940372065927,33.1021425510433,1.845684983691882,-0.7649154546248056,-0.7080198416675019,-150.10357895924233,0.0,2.7585118792536085,0.08999503100549393
669357,"Gorman, Nolan",L,2025,30.84267772786112,32.466280018285154,27.49615975422427,28.571428571428573,-0.6196784073506891,0.05898876404494381,623.0,160.0,30.658105939004816,31.25,405.9354946414444,376.43663732421646,1.623602290424035,31.65447887307314,1.0752688172043037,0.5918940609951839,0.6786671713956329,-29.49885731722793,0.0,2.6378732394227615,0.1353001908686696
669357,"Gorman, Nolan",L,2026,28.237859492312065,29.706661790760823,30.825688073394495,38.04347826086956,-0.8701273261508327,-1.3840425531914893,493.0,101.0,35.9026369168357,33.663366336633665,363.572463768116,361.20000000000005,1.4688022984487574,28.972260641536444,7.217790187475067,-2.2392705802020316,-0.5139152270406566,-2.3724637681159493,0.0,2.4143550534613705,0.12240019153739645
669392,"Taylor, Samad",R,2026,23.514531753575085,23.028496303338816,31.73076923076923,26.905829596412556,-0.4038251366120219,1.8682983682983683,78.0,176.0,17.94871794871795,23.295454545454547,300.03030303030306,415.31818181818187,-0.48603545023626893,23.27151402845695,-4.824939634356674,5.346736596736598,2.27212350491039,115.28787878787881,1.0,1.9392928357047456,-0.040502954186355744
669394,"Burger, Jake",R,2024,23.41817652865905,23.17544055394786,40.64171122994652,34.57300275482093,-0.5114658925979682,0.8942142857142856,375.0,715.0,28.8,28.39160839160839,398.52970468367533,453.1241527240595,-0.24273597471119146,23.296808541303456,-6.0687084751255895,-0.4083916083916108,1.4056801783122537,54.59444804038418,1.0,1.941400711775288,-0.020227997892599287
669394,"Burger, Jake",R,2025,23.56274219911036,23.73225650068261,31.213872832369944,42.63261296660118,0.8035714285714286,-0.9847916666666667,192.0,537.0,25.520833333333332,29.236499068901303,423.47432587179105,410.1291668481549,0.16951430157224934,23.647499349896485,11.418740134231236,3.7156657355679705,-1.7883630952380953,-13.345159023636143,1.0,1.9706249458247072,0.014126191797687445
669394,"Burger, Jake",R,2026,22.173574832045272,22.223794356976494,28.783382789317507,37.90055248618785,0.8128125,-0.4861813695249846,303.0,822.0,31.683168316831683,33.333333333333336,470.5333333333333,366.2988929889299,0.05021952493122228,22.198684594510883,9.117169696870342,1.6501650165016528,-1.2989938695249847,-104.23444034440342,1.0,1.849890382875907,0.00418496041093519
669397,"Allen, Nick",R,2024,27.31955468295338,27.481363746460016,31.428571428571427,20.987654320987655,-2.356081081081081,-2.3793103448275863,76.0,95.0,17.105263157894736,18.94736842105263,235.4868035190616,262.7608695652174,0.1618090635066345,27.4004592147067,-10.440917107583772,1.8421052631578938,-0.023229263746505247,27.27406604615578,1.0,2.2833716012255585,0.013484088625552873
669397,"Allen, Nick",R,2025,27.379174547217826,27.284327724806825,25.592417061611375,24.8046875,-1.3013513513513513,-1.7886019590382902,224.0,526.0,14.285714285714286,21.673003802281368,277.1083916083916,292.14285714285717,-0.09484682241100018,27.331751136012326,-0.7877295616113749,7.3872895165670815,-0.48725060768693895,15.03446553446554,1.0,2.2776459280010273,-0.007903901867583349
669397,"Allen, Nick",R,2026,27.46490625606838,27.33561111002471,23.28767123287671,26.424870466321245,0.733557046979866,-0.7940594059405941,67.0,188.0,17.91044776119403,21.80851063829787,307.3030303030303,254.1392405063291,-0.12929514604367043,27.400258683046545,3.1371992334445338,3.8980628771038432,-1.52761645292046,-53.163789796701224,1.0,2.2833548902538787,-0.010774595503639203
669477,"Schmitt, Casey",R,2024,29.594540131504257,29.312846621877117,34.44444444444444,38.83495145631068,3.3000000000000003,-1.8156097560975606,86.0,110.0,20.930232558139537,26.363636363636363,424.7061320657335,355.3110472021446,-0.28169350962713935,29.453693376690687,4.390507011866234,5.433403805496827,-5.115609756097561,-69.39508486358892,1.0,2.454474448057557,-0.023474459135594945
669477,"Schmitt, Casey",R,2025,29.069985893471195,29.511550622185847,35.0,29.723502304147466,-1.1621338912133894,0.01818181818181818,255.0,431.0,23.92156862745098,24.361948955916475,395.4898289497997,396.32720473042997,0.4415647287146527,29.29076825782852,-5.276497695852534,0.44038032846549413,1.1803157093952075,0.837375780630282,1.0,2.4408973548190436,0.036797060726221055
669477,"Schmitt, Casey",R,2026,26.948089227444644,27.362765963823733,41.05263157894737,34.774436090225564,0.43894736842105264,0.5685340802987863,215.0,563.0,19.53488372093023,20.24866785079929,452.01149425287355,418.527027027027,0.4146767363790893,27.155427595634187,-6.278195488721806,0.7137841298690581,0.12958671187773363,-33.48446722584657,1.0,2.2629522996361824,0.03455639469825744
669701,"Smith, Josh",L,2024,33.464169926991715,33.69439885801868,25.57603686635945,25.590551181102363,0.2572077185017026,0.20305755395683445,822.0,260.0,18.856447688564476,23.846153846153847,335.30686093004783,362.59441314059444,0.2302289310269643,33.5792843925052,0.014514314742914536,4.989706157589371,-0.05415016454486815,27.287552210546608,0.0,2.7982736993754336,0.019185744252247023
669701,"Smith, Josh",L,2025,31.73121470321173,31.878471657213908,24.764150943396228,28.444444444444443,0.30751542344363436,-1.6865999999999999,788.0,242.0,15.355329949238579,27.272727272727273,349.40317675074795,246.4254385964912,0.1472569540021773,31.80484318021282,3.680293501048215,11.917397323488695,-1.9941154234436342,-102.97773815425674,0.0,2.6504035983510685,0.012271412833514775
669701,"Smith, Josh",L,2026,31.197500828666296,31.276523111018538,32.35294117647059,47.76119402985075,-0.3596754057428214,-3.9949152542372883,368.0,61.0,20.92391304347826,29.508196721311474,312.1969696969697,234.5625,0.07902228235224129,31.237011969842417,15.408252853380162,8.584283677833213,-3.635239848494467,-77.63446969696969,0.0,2.6030843308202014,0.006585190196020108
669707,"Triolo, Jared",R,2024,26.550407261259103,26.240632634269872,21.951219512195124,26.349206349206348,-1.120570264765784,-0.3046493301812451,228.0,609.0,25.43859649122807,25.123152709359605,330.02329034153115,363.49782345516854,-0.3097746269892312,26.395519947764488,4.397986837011224,-0.31544378186846345,0.8159209345845388,33.47453311363739,1.0,2.1996266623137073,-0.0258145522491026
669707,"Triolo, Jared",R,2025,29.373231268943073,29.483139796484977,25.83732057416268,23.123732251521297,0.2925531914893616,-0.5845918367346938,225.0,453.0,18.666666666666668,23.178807947019866,342.70361776492814,342.9936107882558,0.10990852754190428,29.428185532714025,-2.7135883226413817,4.512141280353198,-0.8771450282240554,0.28999302332766774,1.0,2.4523487943928353,0.009159043961825356
669707,"Triolo, Jared",R,2026,31.50169189292805,31.41613404203852,25.36764705882353,25.396825396825395,-0.6944015444015444,-0.7929487179487179,232.0,347.0,15.517241379310345,21.037463976945244,352.41284403669727,276.6546762589928,-0.08555785088952916,31.458912967483286,0.029178338001866422,5.520222597634898,-0.09854717354717346,-75.75816777770444,1.0,2.621576080623607,-0.007129820907460764
669717,"Wilson, Will",R,2025,27.17335650357408,26.523698697515165,32.075471698113205,38.04347826086956,-0.9646153846153844,-3.079190751445087,105.0,98.0,36.19047619047619,30.612244897959183,300.21639276055754,303.62380952380954,-0.6496578060589151,26.84852760054462,5.968006562756358,-5.578231292517007,-2.114575366829703,3.4074167632520016,1.0,2.237377300045385,-0.05413815050490959
669720,"Hays, Austin",R,2024,12.665130927497666,12.559555285016929,36.024844720496894,35.76923076923077,1.911464968152866,-1.6567164179104479,164.0,296.0,32.31707317073171,24.66216216216216,479.0062906417036,295.4034105535046,-0.10557564248073703,12.612343106257297,-0.2556139512661275,-7.654911008569549,-3.568181386063314,-183.60288008819896,1.0,1.0510285921881082,-0.008797970206728086
669720,"Hays, Austin",R,2025,12.314285257597312,12.629631219587086,29.64824120603015,35.960591133004925,1.6518229166666665,-0.4626802374893977,196.0,615.0,27.551020408163264,30.40650406504065,401.1956643843963,369.0751964615353,0.3153459619897738,12.4719582385922,6.312349926974775,2.855483656877386,-2.114503154156064,-32.120467922860996,1.0,1.0393298532160167,0.026278830165814487
669720,"Hays, Austin",R,2026,14.380086182396624,13.52790582931368,29.069767441860463,45.04504504504504,1.4260869565217393,-2.9899999999999998,99.0,99.0,28.282828282828284,38.38383838383838,451.47222222222223,340.93333333333334,-0.8521803530829448,13.953996005855153,15.97527760318458,10.101010101010097,-4.416086956521739,-110.53888888888889,1.0,1.1628330004879295,-0.07101502942357873
669743,"Call, Alex",R,2024,31.388846034801855,32.600996454075194,20.27027027027027,18.125,1.2968354430379747,2.223262839879154,71.0,138.0,25.35211267605634,12.318840579710145,317.5393919581563,334.12751281919367,1.212150419273339,31.994921244438522,-2.14527027027027,-13.033272096346195,0.9264273968411791,16.588120861037396,1.0,2.6662434370365435,0.10101253493944491
669743,"Call, Alex",R,2025,33.455340112433376,33.83952356715748,19.617224880382775,16.094986807387862,0.12790697674418602,0.387710843373494,187.0,307.0,19.25133689839572,15.309446254071661,394.05944084810955,288.128603600347,0.3841834547241021,33.64743183979543,-3.522238072994913,-3.94189064432406,0.259803866629308,-105.93083724776255,1.0,2.8039526533162857,0.03201528789367517
669743,"Call, Alex",R,2026,30.82261702110101,30.546869833613275,29.545454545454547,20.242914979757085,1.1560240963855422,-0.9193227091633466,153.0,199.0,18.30065359477124,10.552763819095478,281.0851063829787,231.43037974683546,-0.27574718748773464,30.68474342735714,-9.302539565697462,-7.7478897756757625,-2.0753468055488886,-49.654726636143266,1.0,2.5570619522797617,-0.022978932290644554
670032,"Lopez, Nicky",L,2024,15.76884025241194,15.5776634959959,26.24113475177305,38.38383838383838,-0.23380581148121907,-2.384433962264151,668.0,116.0,17.664670658682635,19.82758620689655,285.97966259075037,221.21153846153845,-0.1911767564160396,15.67325187420392,12.14270363206533,2.162915548213917,-2.150628150782932,-64.76812412921191,0.0,1.3061043228503266,-0.0159313963680033
670032,"Lopez, Nicky",L,2026,15.358909148902312,14.689441586047876,33.333333333333336,34.57943925233645,-0.6908333333333334,-2.070135746606335,373.0,114.0,17.962466487935657,12.280701754385966,290.6111111111111,268.0476190476191,-0.669467562854436,15.024175367475094,1.2461059190031136,-5.6817647335496915,-1.3793024132730016,-22.563492063491992,0.0,1.2520146139562578,-0.055788963571203
670042,"Raley, Luke",L,2024,28.708345705188503,30.42231907541366,27.14078374455733,30.128205128205128,1.1940028901734103,-1.3657492354740062,718.0,167.0,32.729805013927574,33.532934131736525,437.7528084655993,316.60142238713667,1.7139733702251583,29.56533239030108,2.987421383647799,0.8031291178089504,-2.5597521256474165,-121.15138607846262,0.0,2.463777699191757,0.14283111418542985
670042,"Raley, Luke",L,2025,25.039840778077945,26.658190691605235,27.298050139275766,26.785714285714285,-0.023032904148783978,-3.324427480916031,372.0,76.0,38.17204301075269,36.8421052631579,382.2573387177047,333.8138861138861,1.6183499135272896,25.84901573484159,-0.5123358535614813,-1.3299377475947907,-3.301394576767247,-48.44345260381863,0.0,2.1540846445701325,0.1348624927939408
670224,"Misner, Kameron",L,2025,26.30664457112941,27.225520094035883,28.726287262872628,38.96103896103896,-0.6529960053262317,-2.6226993865030677,355.0,75.0,30.985915492957748,42.666666666666664,345.62669910747996,224.9427917620137,0.9188755229064718,26.76608233258265,10.234751698166331,11.680751173708916,-1.9697033811768359,-120.68390734546625,0.0,2.230506861048554,0.07657296024220599
670231,"Rave, John",L,2026,25.950924698895903,27.373490603766125,23.981900452488688,31.08108108108108,0.26346604215456676,0.18783783783783775,175.0,64.0,22.285714285714285,21.875,384.5882352941177,298.27272727272725,1.422565904870222,26.662207651331016,7.099180628592393,-0.4107142857142847,-0.07562820431672901,-86.31550802139043,0.0,2.221850637610918,0.11854715873918516
670242,"Wallner, Matt",L,2024,26.533976724813975,27.68503989858587,24.429223744292237,32.35294117647059,1.678162291169451,-0.550259067357513,389.0,103.0,35.98971722365039,36.89320388349515,532.0483477471578,455.8795424524325,1.1510631737718953,27.109508311699923,7.92371743217835,0.9034866598447593,-2.2284213585269637,-76.1688052947253,0.0,2.25912569264166,0.09592193114765794
670242,"Wallner, Matt",L,2025,26.350989568501653,28.07138841755364,28.07308970099668,29.518072289156628,0.8604060913705583,1.2659517426273459,588.0,197.0,36.564625850340136,23.3502538071066,431.5660821331211,326.4821490704418,1.7203988490519855,27.211188993027648,1.4449825881599487,-13.214372043233535,0.40554565125678754,-105.08393306267931,0.0,2.267599082752304,0.14336657075433212
670242,"Wallner, Matt",L,2026,26.646993428730436,27.525330613634495,30.952380952380953,33.333333333333336,-1.1705882352941177,-2.1099415204678365,202.0,91.0,43.56435643564357,35.16483516483517,427.9285714285714,373.96000000000004,0.8783371849040584,27.086162021182467,2.380952380952383,-8.3995212708084,-0.9393532851737187,-53.96857142857135,0.0,2.2571801684318724,0.07319476540867154
670541,"Alvarez, Yordan",L,2024,26.50769622704946,26.52630833830712,28.571428571428573,35.05154639175258,1.8850567465321562,2.4694181326116373,711.0,369.0,17.440225035161745,21.13821138211382,459.3003073943392,466.7836536151515,0.018612111257660047,26.51700228267829,6.480117820324008,3.6979863469520744,0.5843613860794812,7.48334622081228,0.0,2.209750190223191,0.0015510092714716706
670541,"Alvarez, Yordan",L,2025,25.71088411401903,25.621852920330543,27.113702623906704,25.0,0.1263868065967016,3.425,282.0,70.0,21.27659574468085,22.857142857142858,418.8674832715291,508.60010914382735,-0.08903119368848778,25.66636851717479,-2.113702623906704,1.580547112462007,3.2986131934032983,89.73262587229823,0.0,2.138864043097899,-0.007419266140707315
670541,"Alvarez, Yordan",L,2026,27.687483318171484,27.482791157956708,27.598896044158234,33.62573099415204,2.651530356246864,0.7475262368815592,790.0,312.0,16.70886075949367,18.26923076923077,530.6523178807947,471.7142857142857,-0.2046921602147762,27.585137238064096,6.026834949993809,1.560370009737099,-1.904004119365305,-58.938032166509004,0.0,2.2987614365053415,-0.01705768001789802
670623,"Paredes, Isaac",R,2024,32.74143959143871,32.56755800445725,27.16417910447761,26.27484874675886,1.0231124807395995,0.3502485314053321,284.0,992.0,14.43661971830986,16.83467741935484,327.02772168320075,295.311550988261,-0.17388158698146583,32.65449879794798,-0.8893303577187517,2.39805770104498,-0.6728639493342674,-31.716170694939763,1.0,2.7212082331623315,-0.014490132248455486
670623,"Paredes, Isaac",R,2025,31.041903537302673,30.833991557488098,23.870967741935484,20.930232558139537,-0.11980198019801974,1.0890920170627667,118.0,677.0,15.254237288135593,14.32791728212703,286.581649122807,336.22545815787817,-0.20791197981457543,30.937947547395385,-2.9407351837959474,-0.926320006008563,1.2088939972607864,49.64380903507117,1.0,2.578162295616282,-0.017325998317881286
670623,"Paredes, Isaac",R,2026,30.634372615313477,30.94561931283503,31.858407079646017,25.884383088869715,0.7993740219092331,0.8857470210815767,300.0,929.0,13.0,14.531754574811625,347.66964285714283,299.11965811965814,0.311246697521554,30.789995964074254,-5.974023990776303,1.5317545748116252,0.08637299917234353,-48.54998473748469,1.0,2.5658329970061877,0.025937224793462832
670770,"Friedl, TJ",L,2024,31.43970587213784,32.57794566635587,22.085889570552148,29.71014492753623,0.02914171656686632,0.25516014234875445,436.0,118.0,13.990825688073395,24.576271186440678,288.08987988112847,310.80515979976894,1.138239794218034,32.008825769246855,7.624255356984083,10.585445498367283,0.22601842578188813,22.715279918640476,0.0,2.667402147437238,0.09485331618483617
670770,"Friedl, TJ",L,2025,32.18736186586953,32.604971918120384,17.410714285714285,18.155619596541786,0.685827186512118,-0.4627397260273972,751.0,267.0,14.78029294274301,20.59925093632959,307.7396470391926,254.3622739829689,0.41761005225085057,32.39616689199496,0.7449053108275017,5.818957993586579,-1.1485669125395153,-53.37737305622372,0.0,2.699680574332913,0.03480083768757088
671056,"Herrera, Iván",R,2024,32.21182839938623,32.07543235562239,22.580645161290324,28.370786516853933,0.004892966360856284,0.8614950634696755,147.0,305.0,22.448979591836736,20.983606557377048,443.2958251074323,426.3431499499683,-0.1363960437638383,32.14363037750431,5.790141355563609,-1.465373034459688,0.8566020971088193,-16.952675157464,1.0,2.678635864792026,-0.011366336980319858
671056,"Herrera, Iván",R,2025,31.569295117550443,31.989880996695373,22.388059701492537,26.205787781350484,3.3748046875,0.42115384615384616,218.0,596.0,19.724770642201836,21.97986577181208,480.6426714810362,386.62433426678257,0.4205858791449302,31.779588057122908,3.8177280798579467,2.2550951296102433,-2.953650841346154,-94.01833721425362,1.0,2.648299004760242,0.03504882326207751
671056,"Herrera, Iván",R,2026,30.91920323268183,30.6987879567297,25.84493041749503,29.547844374342798,0.8450216450216451,0.4509803921568628,387.0,847.0,19.37984496124031,19.244391971664697,370.54014598540147,337.141065830721,-0.2204152759521314,30.808995594705763,3.7029139568477696,-0.13545298957561158,-0.3940412528647823,-33.39908015468046,1.0,2.5674162995588135,-0.018367939662677617
671213,"Casas, Triston",L,2024,31.895636137371827,32.42361033286089,23.592493297587133,21.487603305785125,1.3259358288770053,0.48749999999999993,326.0,115.0,30.368098159509202,33.04347826086956,427.03260424118236,479.63990740358247,0.5279741954890618,32.15962323511636,-2.1048899918020076,2.6753801013603606,-0.8384358288770054,52.607303162400115,0.0,2.679968602926363,0.04399784962408848
671218,"Ramos, Heliot",R,2024,24.471302768610528,24.643296573614357,28.776978417266186,30.263157894736842,2.904485981308411,-0.5148921832884097,282.0,730.0,25.53191489361702,27.671232876712327,592.4796377142594,383.250416517652,0.17199380500382944,24.557299671112442,1.4861794774706567,2.1393179830953066,-3.4193781645968206,-209.2292211966074,1.0,2.04644163925937,0.014332817083652452
671218,"Ramos, Heliot",R,2025,24.797308889694452,25.000740096594303,29.846938775510203,29.94764397905759,-0.019499341238471645,0.057922350472193115,366.0,901.0,22.131147540983605,21.753607103218645,430.1857424629578,355.11627526330903,0.20343120689985028,24.899024493144378,0.10070520354738832,-0.37754043776496005,0.07742169171066476,-75.06946719964878,1.0,2.0749187077620315,0.016952600574987525
671218,"Ramos, Heliot",R,2026,27.75492655207326,28.04900969931479,31.666666666666668,33.4384858044164,0.4155056179775281,-0.5462590506838295,214.0,636.0,28.037383177570092,25.471698113207548,504.4705882352941,394.55940594059405,0.29408314724152973,27.901968125694026,1.771819137749734,-2.565685064362544,-0.9617646686613577,-109.91118229470004,1.0,2.325164010474502,0.024506928936794143
671277,"García Jr., Luis",L,2024,28.05555468253537,28.75858255457007,36.103896103896105,34.57943925233645,0.5942372881355932,-0.7102941176470589,761.0,206.0,18.528252299605782,20.87378640776699,398.2433204683705,326.6416747076122,0.7030278720346992,28.40706861855272,-1.5244568515596555,2.345534108161207,-1.304531405782652,-71.60164576075829,0.0,2.3672557182127267,0.058585656002891597
671277,"García Jr., Luis",L,2025,28.07665232106117,28.535168371213608,38.16793893129771,36.0,0.25845117845117843,-2.898290598290598,789.0,196.0,17.61723700887199,26.020408163265305,415.57675005977455,258.6829693601733,0.45851605015243635,28.305910346137388,-2.167938931297712,8.403171154393316,-3.1567417767417765,-156.89378069960128,0.0,2.3588258621781155,0.03820967084603636
671277,"García Jr., Luis",L,2026,29.55237796042438,30.65857177405345,38.04824561403509,42.592592592592595,1.3936363636363636,-1.2346666666666666,867.0,162.0,17.301038062283737,18.51851851851852,420.15759312320915,286.515625,1.1061938136290692,30.105474867238915,4.544346978557506,1.2174804562347816,-2.62830303030303,-133.64196812320915,0.0,2.5087895722699094,0.09218281780242243
671289,"Freeman, Tyler",R,2024,31.249782959735036,31.114271451308667,26.119402985074625,30.476190476190474,-0.6810444874274661,-1.0207415990730013,232.0,409.0,15.948275862068966,13.691931540342297,316.9289527206334,291.6994399594399,-0.13551150842636872,31.18202720552185,4.356787491115849,-2.2563443217266688,-0.3396971116455352,-25.22951276119346,1.0,2.598502267126821,-0.011292625702197393
671289,"Freeman, Tyler",R,2025,30.589542663610175,30.425958597120573,24.056603773584907,25.60553633217993,-0.45615550755939516,0.2282534246575342,214.0,530.0,9.813084112149532,12.075471698113208,323.3862297496318,325.03289512280855,-0.16358406648960155,30.507750630365372,1.5489325585950233,2.262387585963676,0.6844089322169293,1.646665373176745,1.0,2.5423125525304475,-0.01363200554080013
671289,"Freeman, Tyler",R,2026,29.427615799989557,29.407112962537592,31.70731707317073,27.564102564102566,-0.7806878306878308,-0.06629746835443043,194.0,310.0,11.855670103092784,10.96774193548387,295.0632911392405,316.35460992907804,-0.02050283745196424,29.417364381263575,-4.143214509068166,-0.8879281676089139,0.7143903623334004,21.291318789837533,1.0,2.4514470317719645,-0.0017085697876636867
671732,"Butler, Lawrence",L,2024,26.898456133351157,26.028797991363938,26.07561929595828,32.298136645962735,0.5535714285714284,1.0981818181818181,699.0,165.0,25.03576537911302,23.636363636363637,423.78400648153837,412.63240728693836,-0.8696581419872196,26.463627062357546,6.2225173500044555,-1.399401742749383,0.5446103896103898,-11.15159919460001,0.0,2.2053022551964623,-0.0724715118322683
671732,"Butler, Lawrence",L,2025,26.078697796763738,25.002488563875858,26.107899807321772,25.892857142857142,0.15287128712871287,-1.0608870967741937,960.0,218.0,29.0625,35.77981651376147,385.906370407867,383.1929094662674,-1.07620923288788,25.540593180319796,-0.2150426644646295,6.717316513761467,-1.2137583839029065,-2.7134609415995783,0.0,2.12838276502665,-0.08968410274065668
671732,"Butler, Lawrence",L,2026,25.636304553462107,24.948353092706512,24.51219512195122,25.16778523489933,0.09599236641221373,-0.018729096989966554,745.0,249.0,24.563758389261746,21.285140562248998,418.0575221238938,341.85393258426967,-0.6879514607555954,25.29232882308431,0.6555901129481114,-3.2786178270127486,-0.11472146340218028,-76.20358953962415,0.0,2.107694068590359,-0.05732928839629962
671739,"Harris II, Michael",L,2024,30.91126177416577,30.56729275521884,39.1156462585034,41.37931034482759,-0.04788851351351354,0.8019880715705763,651.0,274.0,22.427035330261138,26.277372262773724,404.9437114867313,433.89320634581554,-0.3439690189469289,30.739277264692305,2.2636640863241837,3.8503369325125867,0.8498765850840898,28.94949485908427,0.0,2.561606438724359,-0.028664084912244075
671739,"Harris II, Michael",L,2025,31.06868741286874,30.823725287766564,43.292682926829265,42.04946996466431,-0.7702599873176919,-1.5168350168350169,912.0,319.0,20.94298245614035,27.586206896551722,404.0141150810926,327.2258481583143,-0.24496212510217674,30.946206350317652,-1.2432129621649537,6.643224440411373,-0.746575029517325,-76.78826692277829,0.0,2.578850529193138,-0.020413510425181396
671739,"Harris II, Michael",L,2026,29.82495102076321,29.833726264200504,45.36082474226804,43.969849246231156,0.7526430123099204,0.020997375328083937,786.0,414.0,21.755725190839694,22.22222222222222,433.343537414966,365.8666666666667,0.008775243437295188,29.829338642481858,-1.3909754960368872,0.4664970313825272,-0.7316456369818364,-67.47687074829935,0.0,2.4857782202068215,0.0007312702864412657
671976,"Peters, Tristan",L,2026,26.006992811805738,26.60243868481819,33.42318059299191,24.545454545454547,0.8997265892002734,0.26266666666666666,804.0,94.0,20.398009950248756,22.340425531914892,350.60409556313994,280.20512820512823,0.5954458730124514,26.304715748311963,-8.877726047537365,1.9424155816661361,-0.6370599225336067,-70.3989673580117,0.0,2.1920596456926638,0.049620489417704285
672016,"Clarke, Denzel",R,2025,23.802088656644685,23.541261492950827,23.68421052631579,31.325301204819276,-0.45328467153284663,-0.8942622950819672,61.0,229.0,34.42622950819672,29.25764192139738,321.4840909090909,391.81363385868354,-0.2608271636938575,23.671675074797754,7.641090678503485,-5.16858758679934,-0.44097762354912057,70.32954294959262,1.0,1.9726395895664794,-0.021735596974488125
672016,"Clarke, Denzel",R,2026,26.291674639586525,25.04195961594194,23.170731707317074,24.444444444444443,-2.099337748344371,-2.7803468208092488,64.0,72.0,28.125,34.72222222222222,270.4090909090909,242.60000000000002,-1.2497150236445833,25.666817127764233,1.2737127371273687,6.597222222222221,-0.6810090724648776,-27.809090909090855,1.0,2.138901427313686,-0.10414291863704861
672279,"Siani, Michael",L,2024,28.899044223696155,28.307102809774236,27.69607843137255,31.927710843373493,-1.3155428571428573,-1.4501265822784808,415.0,197.0,26.987951807228917,25.888324873096447,335.228407489946,230.5136476426799,-0.5919414139219192,28.603073516735193,4.231632412000945,-1.0996269341324698,-0.13458372513562344,-104.7147598472661,0.0,2.383589459727933,-0.049328451160159936
672284,"Kelenic, Jarred",L,2024,29.74308202674506,29.877609905446615,28.783783783783782,35.0,-0.08860759493670896,-1.615830115830116,736.0,139.0,31.25,30.93525179856115,421.4411477572074,384.09289458259656,0.13452787870155447,29.810345966095838,6.216216216216218,-0.3147482014388494,-1.5272225208934072,-37.34825317461082,0.0,2.484195497174653,0.011210656558462873
672356,"Arias, Gabriel",R,2024,30.598341023491336,30.400422255472584,39.62264150943396,40.0,-0.319650655021834,-1.6498550724637682,140.0,208.0,38.57142857142857,34.61538461538461,406.2969196976017,390.47363094473036,-0.1979187680187522,30.49938163948196,0.37735849056603854,-3.956043956043956,-1.330204417441934,-15.823288752871349,1.0,2.5416151366234967,-0.016493230668229348
672356,"Arias, Gabriel",R,2025,29.4560767233162,28.99246934688511,38.869257950530034,38.85448916408669,-0.9389396709323583,-0.8001602564102563,327.0,698.0,42.50764525993884,35.24355300859599,405.9510271299671,405.8490225170185,-0.4636073764310922,29.224273035100655,-0.014768786443347892,-7.264092251342852,0.13877941452210196,-0.10200461294857632,1.0,2.435356086258388,-0.03863394803592435
672356,"Arias, Gabriel",R,2026,31.74612994333015,31.311339714372753,41.05263157894737,37.19806763285024,-4.079473684210526,0.7913043478260873,101.0,189.0,52.475247524752476,40.74074074074074,361.39130434782606,485.3818181818181,-0.4347902289573966,31.52873482885145,-3.85456394609713,-11.734506784011735,4.870778032036613,123.99051383399205,1.0,2.627394569070954,-0.03623251907978305
672386,"Kirk, Alejandro",R,2024,22.3061533956441,22.3130002787729,31.506849315068493,26.873857404021937,-0.4016949152542374,0.04393382352941173,194.0,502.0,15.463917525773196,12.749003984063744,356.1469448304877,336.25668243828443,0.006846883128801551,22.3095768372085,-4.632991911046556,-2.7149135417094516,0.4456287387836491,-19.890262392203283,1.0,1.8591314031007082,0.0005705735940667959
672386,"Kirk, Alejandro",R,2025,22.015819282739944,21.493542817967004,31.448763250883392,28.2336578581363,0.2256637168141593,0.4341549295774649,260.0,674.0,16.153846153846153,16.468842729970326,366.39519482353927,375.2045636188203,-0.5222764647729399,21.754681050353476,-3.215105392747091,0.3149965761241731,0.20849121276330557,8.809368795281046,1.0,1.8128900875294562,-0.04352303873107832
672386,"Kirk, Alejandro",R,2026,19.81279828925753,19.21429836310351,25.58139534883721,30.413625304136254,0.5110465116279069,0.31452784503631964,137.0,361.0,18.978102189781023,11.357340720221607,325.5076923076923,312.4939759036145,-0.5984999261540196,19.51354832618052,4.832229955299045,-7.620761469559415,-0.1965186665915873,-13.013716404077798,1.0,1.62612902718171,-0.0498749938461683
672515,"Moreno, Gabriel",R,2024,29.149921379144715,29.08225792316641,24.62121212121212,19.871794871794872,0.42744014732965,-0.08924623115577884,233.0,398.0,14.592274678111588,17.839195979899497,325.56773699619094,343.6288835349737,-0.06766345597830536,29.116089651155562,-4.749417249417249,3.246921301787909,-0.5166863784854289,18.061146538782737,1.0,2.4263408042629635,-0.005638621331525447
672515,"Moreno, Gabriel",R,2025,28.3383084948092,28.145169944589117,29.11392405063291,24.735729386892178,-0.08532110091743123,0.5187751004016063,143.0,434.0,15.384615384615385,16.359447004608295,360.4811390003215,394.0684239433456,-0.19313855022008397,28.24173921969916,-4.378194663740732,0.9748316199929103,0.6040962013190376,33.58728494302409,1.0,2.353478268308263,-0.016094879185007
672515,"Moreno, Gabriel",R,2026,29.485075804489128,29.40794585068229,31.964809384164223,27.566964285714285,0.41255813953488374,1.1407231772377,285.0,676.0,14.385964912280702,13.609467455621301,404.7027027027027,369.14440433212997,-0.07712995380683907,29.44651082758571,-4.397845098449938,-0.776497456659401,0.7281650377028163,-35.55829837057274,1.0,2.453875902298809,-0.006427496150569922
672580,"Garcia, Maikel",R,2024,30.490927562839985,30.273474648117737,22.846441947565545,20.491803278688526,-0.9762063227953411,-1.0094748858447489,268.0,749.0,10.447761194029852,15.7543391188251,331.93479027424223,339.17319385437133,-0.21745291472224793,30.382201105478863,-2.354638668877019,5.306577924795249,-0.03326856304940773,7.238403580129102,1.0,2.5318500921232387,-0.018121076226853994
672580,"Garcia, Maikel",R,2025,30.50228778426222,30.505499815419313,24.253731343283583,19.915254237288135,1.4338208409506397,0.1327079107505071,213.0,797.0,16.901408450704224,12.547051442910917,362.8540095395634,341.89271230144686,0.0032120311570942306,30.503893799840768,-4.338477105995448,-4.354357007793308,-1.3011129302001325,-20.961297238116515,1.0,2.5419911499867305,0.0002676692630911859
672580,"Garcia, Maikel",R,2026,29.39268041680712,29.16230608830643,21.93548387096774,23.779193205944797,1.2884615384615385,-0.9290562036055142,115.0,379.0,8.695652173913043,15.303430079155673,406.3214285714286,310.68527918781723,-0.23037432850069095,29.277493252556773,1.8437093349770564,6.60777790524263,-2.2175177420670527,-95.63614938361138,1.0,2.439791104379731,-0.019197860708390913
672640,"Lopez, Otto",R,2024,29.55621765344613,29.042360366726125,42.47787610619469,27.64378478664193,-1.6800433839479392,0.826894639556377,259.0,531.0,22.393822393822393,18.64406779661017,349.45007882312433,363.94913424502187,-0.513857286720004,29.299289010086127,-14.834091319552762,-3.749754597212224,2.506938023504316,14.499055421897538,1.0,2.441607417507177,-0.04282144056000033
672640,"Lopez, Otto",R,2025,29.36497008677472,29.26901554934873,29.76878612716763,29.320113314447593,-1.484689655172414,0.3582565556343019,335.0,650.0,18.507462686567163,16.307692307692307,311.08407337409477,372.8848789611615,-0.09595453742598892,29.316992818061724,-0.44867281272003723,-2.199770378874856,1.842946210806716,61.80080558706675,1.0,2.443082734838477,-0.007996211452165744
672640,"Lopez, Otto",R,2026,28.189328331610113,27.865901860681515,31.21019108280255,30.83511777301927,0.8579545454545454,0.6577133479212254,288.0,839.0,18.055555555555557,17.044100119189512,352.82835820895525,347.16331658291455,-0.3234264709285988,28.027615096145816,-0.3750733097832786,-1.0114554363660453,-0.20024119753332004,-5.665041626040704,1.0,2.335634591345485,-0.026952205910716565
672724,"Peraza, Oswald",R,2025,27.49002876478345,27.73176338338784,30.67484662576687,29.487179487179485,-3.256060606060606,-0.9016417910447759,167.0,360.0,32.93413173652694,30.0,242.659970525928,347.76765030021613,0.24173461860439005,27.610896074085645,-1.1876671385873863,-2.9341317365269433,2.35441881501583,105.10767977428813,1.0,2.300908006173804,0.020144551550365836
672724,"Peraza, Oswald",R,2026,29.645380480362924,29.468969307419695,36.55913978494624,39.16849015317287,0.09559386973180083,-1.0822376009227221,289.0,474.0,26.643598615916954,27.426160337552744,430.5697674418605,306.0709219858156,-0.1764111729432294,29.557174893891307,2.609350368226629,0.7825617216357905,-1.177831470654523,-124.49884545604493,1.0,2.4630979078242756,-0.01470093107860245
672744,"Canario, Alexander",R,2025,28.066488733109537,28.49716239615679,31.132075471698112,33.19502074688797,-1.3273838630806845,-0.6959016393442623,215.0,264.0,40.93023255813954,31.818181818181817,454.72220919581366,386.53478321275435,0.4306736630472514,28.281825564633163,2.0629452751898576,-9.11205073995772,0.6314822237364222,-68.18742598305931,1.0,2.3568187970527634,0.035889471920604286
672820,"Sosa, Lenyn",R,2024,30.24052502801849,29.91907547669077,34.22222222222222,38.91304347826087,0.05486725663716807,-1.2679914070891514,226.0,499.0,15.486725663716815,19.03807615230461,384.2369224205751,396.4893416890969,-0.32144955132771713,30.07980025235463,4.690821256038646,3.5513504885877936,-1.3228586637263193,12.252419268521749,1.0,2.5066500210295524,-0.026787462610643093
672820,"Sosa, Lenyn",R,2025,30.72507211947526,30.21788474436381,43.29896907216495,40.07936507936508,0.8934065934065935,0.07364238410596034,285.0,764.0,18.596491228070175,21.335078534031414,429.0017795536038,404.5130266701236,-0.5071873751114495,30.471478431919536,-3.2196039927998683,2.7385873059612393,-0.8197642093006331,-24.488752883480174,1.0,2.539289869326628,-0.04226561459262079
672820,"Sosa, Lenyn",R,2026,29.41987865029435,29.172947802873704,55.0,45.714285714285715,-1.04804469273743,-3.2961240310077518,106.0,138.0,26.41509433962264,13.768115942028986,384.40000000000003,270.33898305084745,-0.24693084742064642,29.29641322658403,-9.285714285714285,-12.646978397593655,-2.2480793382703217,-114.06101694915259,1.0,2.4413677688820026,-0.020577570618387202
672960,"Okamoto, Kazuma",R,2026,27.34800939328064,27.06427493491535,22.727272727272727,29.233870967741936,0.8873156342182891,0.30704225352112685,315.0,912.0,26.984126984126984,31.25,453.4903846153846,409.24087591240874,-0.28373445836529143,27.206142164097997,6.506598240469209,4.265873015873016,-0.5802733806971623,-44.249508702975845,1.0,2.2671785136748333,-0.023644538197107618
673237,"Diaz, Yainer",R,2024,29.93086239633876,29.606054144795493,40.822784810126585,43.4416365824308,0.6805872756933116,0.5075098814229249,369.0,883.0,23.306233062330623,22.083805209513024,413.758485266343,395.2334246429226,-0.3248082515432671,29.768458270567127,2.618851772304218,-1.2224278528175994,-0.1730773942703867,-18.52506062342036,1.0,2.4807048558805938,-0.027067354295272256
673237,"Diaz, Yainer",R,2025,30.076637715850783,28.766725718721204,43.18181818181818,44.73039215686274,0.08711217183770883,-0.07561643835616444,256.0,857.0,25.0,21.003500583430572,399.36456734553326,373.6094996772216,-1.3099119971295785,29.421681717285992,1.5485739750445617,-3.996499416569428,-0.16272861019387327,-25.755067668311654,1.0,2.451806809773833,-0.10915933309413155
673237,"Diaz, Yainer",R,2026,29.407856204127604,28.498037650418727,43.529411764705884,42.092457420924575,0.43922829581993555,0.9576576576576576,177.0,445.0,23.163841807909606,18.651685393258425,297.97101449275357,365.502487562189,-0.9098185537088774,28.952946927273167,-1.4369543437813093,-4.51215641465118,0.518429361837722,67.53147306943544,1.0,2.412745577272764,-0.07581821280907312
673357,"Robert Jr., Luis",R,2024,31.31065491486017,31.450970988188324,31.067961165048544,37.308868501529055,-0.5745454545454547,-0.24732142857142855,193.0,661.0,32.12435233160622,33.13161875945537,315.605360826033,420.11991841079976,0.14031607332815454,31.38081295152425,6.240907336480511,1.007266427849153,0.3272240259740261,104.51455758476675,1.0,2.615067745960354,0.011693006110679546
673357,"Robert Jr., Luis",R,2025,31.42571339929585,31.24577033338204,26.600985221674875,34.61538461538461,1.6695760598503742,-0.8809146877748462,191.0,622.0,27.225130890052355,30.225080385852092,411.8792141121661,396.7420392126215,-0.17994306591381104,31.335741866338946,8.014399393709738,2.9999494957997364,-2.5504907476252203,-15.137174899544618,1.0,2.6113118221949123,-0.014995255492817586
673357,"Robert Jr., Luis",R,2026,27.93244639222203,28.272788998605403,32.0,33.033033033033036,0.04903474903474911,0.1340799999999999,133.0,312.0,24.06015037593985,26.602564102564102,455.45652173913044,344.2952380952382,0.34034260638337344,28.102617695413716,1.0330330330330355,2.542413726624254,0.08504525096525078,-111.16128364389226,1.0,2.341884807951143,0.02836188386528112
673490,"Kim, Ha-Seong",R,2024,32.86552250669956,32.56393154112238,15.637860082304528,19.624819624819626,-0.3815837937384899,-0.17657221838286113,209.0,541.0,11.483253588516746,15.341959334565619,323.86903581033147,332.3745926919598,-0.30159096557718357,32.71472702391097,3.9869595425150983,3.858705746048873,0.20501157535562875,8.505556881628308,1.0,2.7262272519925808,-0.025132580464765297
673490,"Kim, Ha-Seong",R,2025,33.48986432869522,33.19543550061524,25.471698113207548,19.23076923076923,-0.09637096774193542,-0.5033333333333333,109.0,205.0,10.091743119266056,17.073170731707318,336.506178396072,326.4426549748581,-0.2944288280799796,33.342649914655226,-6.240928882438318,6.981427612441262,-0.40696236559139787,-10.063523421213915,1.0,2.778554159554602,-0.024535735673331633
673490,"Kim, Ha-Seong",R,2026,31.930222046347065,31.863222796398837,29.166666666666668,24.528301886792452,-3.9509578544061306,-2.2557692307692307,113.0,131.0,17.699115044247787,17.557251908396946,206.34210526315792,228.60869565217394,-0.06699924994822837,31.89672242137295,-4.638364779874216,-0.14186313585084065,1.6951886236368998,22.266590389016017,1.0,2.6580602017810793,-0.005583270829019031
673548,"Suzuki, Seiya",R,2024,29.7930050529384,28.88823672219319,19.745222929936304,21.025641025641026,0.8656351791530945,1.222140608604407,241.0,753.0,16.597510373443985,24.169986719787516,409.3497494578525,452.441157280212,-0.9047683307452097,29.340620887565798,1.2804180957047215,7.572476346343532,0.3565054294513126,43.091407822359486,1.0,2.445051740630483,-0.07539736089543414
673548,"Suzuki, Seiya",R,2025,28.408082084983924,27.87153886405536,16.876574307304786,22.002200220022,0.7960687960687961,0.5863328116849245,311.0,797.0,18.327974276527332,23.337515683814303,481.76096353308327,414.2727777044347,-0.5365432209285643,28.139810474519642,5.125625912717215,5.009541407286971,-0.20973598438387164,-67.48818582864857,1.0,2.34498420620997,-0.04471193507738036
673548,"Suzuki, Seiya",R,2026,28.388811915891868,28.27260921386614,18.258426966292134,23.841698841698843,2.1582857142857144,0.2768800813008131,265.0,801.0,14.339622641509434,23.220973782771537,428.3142857142857,381.02867383512546,-0.11620270202572769,28.330710564879006,5.583271875406709,8.881351141262103,-1.8814056329849014,-47.28561187916023,1.0,2.3608925470732505,-0.009683558502143974
673962,"Jung, Josh",R,2024,20.82912340769575,21.542025465269507,30.76923076923077,36.86131386861314,0.03892617449664423,0.22463235294117642,82.0,278.0,31.70731707317073,28.057553956834532,334.15503246753246,386.1002434398529,0.712902057573757,21.18557443648263,6.092083099382368,-3.6497631163361994,0.1857061784445322,51.94521097232041,1.0,1.7654645363735524,0.05940850479781309
673962,"Jung, Josh",R,2025,22.611909954655,22.550087977304575,33.88704318936877,32.84241531664212,-0.3958904109589041,-0.09643652561247212,316.0,671.0,21.20253164556962,23.695976154992547,395.6674716875488,378.47281539784603,-0.061821977350426494,22.580998965979788,-1.0446278727266503,2.4934445094229254,0.29945388534643197,-17.194656289702777,1.0,1.881749913831649,-0.005151831445868875
673962,"Jung, Josh",R,2026,22.16223909939924,21.170104980958342,25.101214574898787,31.03448275862069,1.4252927400468385,0.329664660361135,178.0,576.0,14.606741573033707,18.40277777777778,382.34939759036143,387.6450216450217,-0.992134118440898,21.666172040178793,5.9332681837219035,3.7960362047440714,-1.0956280796857034,5.295624054660266,1.0,1.805514336681566,-0.08267784320340817
675961,"Williams, Alika",R,2026,32.59232038568327,32.353181829860674,36.92307692307692,37.19806763285024,0.7066489361702128,-1.0607709750566894,205.0,225.0,18.536585365853657,24.0,299.2837837837838,273.91954022988506,-0.23913855582259913,32.47275110777197,0.27499070977331996,5.463414634146343,-1.7674199112269022,-25.364243553898746,1.0,2.7060625923143307,-0.019928212985216593
676059,"Westburg, Jordan",R,2024,23.492714983707916,23.562616874595385,30.62200956937799,30.14827018121911,0.7733173076923077,0.5389663658736669,211.0,621.0,33.649289099526065,23.18840579710145,464.8501333640321,421.9790045399804,0.06990189088746845,23.527665929151652,-0.4737393881588794,-10.460883302424616,-0.2343509418186408,-42.87112882405171,1.0,1.9606388274293043,0.005825157573955704
676059,"Westburg, Jordan",R,2025,23.6932866929075,23.531148633716263,29.1866028708134,25.235849056603772,0.475912408759124,1.023370786516854,213.0,440.0,29.577464788732396,25.681818181818183,388.0510265878577,402.9760908543565,-0.16213805919123558,23.61221766331188,-3.9507538142096266,-3.8956466069142124,0.54745837775773,14.92506426649885,1.0,1.96768480527599,-0.013511504932602966
676356,"DeLuca, Jonny",R,2024,29.01173808686175,28.13465769109216,34.146341463414636,39.23541247484909,-1.489113924050633,-0.467017913593256,203.0,515.0,28.571428571428573,18.83495145631068,353.0543695887446,303.57555451727694,-0.8770803957695925,28.573197888976956,5.089071011434456,-9.736477115117893,1.022096010457377,-49.478815071467636,1.0,2.381099824081413,-0.07309003298079937
676356,"DeLuca, Jonny",R,2026,27.944849182600873,28.169088744813283,39.73063973063973,33.80681818181818,-0.5717625899280575,0.18124098124098137,299.0,359.0,22.40802675585284,21.72701949860724,302.05607476635515,310.73999999999995,0.2242395622124107,28.056968963707078,-5.92382154882155,-0.6810072572456001,0.7530035711690388,8.6839252336448,1.0,2.33808074697559,0.01868663018436756
676369,"Velázquez, Nelson",R,2024,30.51934060200764,30.917370668835737,23.026315789473685,26.80722891566265,-0.12013651877133107,-0.74189852700491,139.0,281.0,31.654676258992804,33.45195729537367,374.77408823061,377.5207680136934,0.3980300668280954,30.718355635421688,3.780913126188967,1.7972810363808627,-0.621762008233579,2.74667978308338,1.0,2.559862969618474,0.033169172235674615
676391,"Clement, Ernie",R,2024,22.27165200380392,22.203043541240017,46.902654867256636,41.458333333333336,-0.8232967032967033,0.2347826086956521,276.0,544.0,14.492753623188406,11.580882352941176,318.6814762284932,294.23419019089164,-0.06860846256390118,22.237347772521968,-5.444321533923301,-2.9118712702472305,1.0580793119923555,-24.447286037601543,1.0,1.8531123143768307,-0.005717371880325099
676391,"Clement, Ernie",R,2025,22.53997534847637,22.663082120458615,38.12709030100334,35.464231354642315,1.2321428571428572,-0.8944617784711388,325.0,676.0,11.384615384615385,14.644970414201184,331.77852674607175,285.5528294954307,0.1231067719822434,22.601528734467493,-2.662858946361027,3.2603550295857993,-2.126604635613996,-46.225697250641076,1.0,1.883460727872291,0.01025889766518695
676391,"Clement, Ernie",R,2026,23.09465299717489,23.024199445026223,46.10951008645533,43.87596899224806,-1.2054517133956388,-0.7164629176854116,379.0,697.0,13.192612137203167,14.347202295552368,275.6153846153846,263.85310734463275,-0.07045355214866689,23.05942622110056,-2.2335410942072684,1.154590158349201,0.48898879571022724,-11.762277270751838,1.0,1.9216188517583799,-0.005871129345722241
676439,"Feduccia, Hunter",L,2026,24.609213650435983,25.130985869633985,24.88888888888889,22.22222222222222,0.45264452644526454,-3.6999999999999997,336.0,74.0,21.428571428571427,18.91891891891892,390.94871794871796,294.5625,0.5217722191980023,24.870099760034982,-2.666666666666668,-2.5096525096525077,-4.152644526445265,-96.38621794871796,0.0,2.0725083133362485,0.04348101826650019
676475,"Burleson, Alec",L,2024,35.315055000537754,35.698151964952444,34.45378151260504,34.87394957983193,0.779764121663563,-2.1209486166007903,886.0,293.0,16.591422121896162,18.088737201365188,377.4363436353423,293.7120650833175,0.38309696441469043,35.5066034827451,0.42016806722688926,1.4973150794690255,-2.900712738264353,-83.72427855202483,0.0,2.9588836235620914,0.031924747034557534
676475,"Burleson, Alec",L,2025,33.720220123338464,34.87732305924965,28.629032258064516,29.493087557603687,1.1378396739130434,-0.4115468409586056,718.0,231.0,15.041782729805014,20.346320346320347,386.6893598573041,339.45978351097114,1.1571029359111833,34.298771591294056,0.8640552995391708,5.304537616515333,-1.549386514871649,-47.229576346332976,0.0,2.8582309659411713,0.09642524465926527
676475,"Burleson, Alec",L,2026,31.690524898241563,32.681811476643816,38.24742268041237,37.07865168539326,1.7309027777777777,-1.8881844380403459,899.0,381.0,20.57842046718576,20.73490813648294,454.70496894409933,352.80769230769226,0.9912865784022529,32.18616818744269,-1.1687709950191092,0.15648766929717794,-3.6190872158181238,-101.89727663640707,0.0,2.6821806822868908,0.0826072148668544
676572,"Wagaman, Eric",R,2025,24.92468480680845,25.20492729548596,23.323615160349853,26.971608832807572,0.6238304093567251,-0.9114779874213838,293.0,591.0,22.866894197952217,21.658206429780034,420.51003224107535,334.27167551514185,0.28024248867750856,25.064806051147205,3.6479936724577193,-1.208687768172183,-1.5353083967781087,-86.2383567259335,1.0,2.0887338375956004,0.023353540723125715
676609,"Caballero, José",R,2024,16.097612219128894,15.63438868798768,37.45454545454545,33.14685314685315,-0.5454545454545455,-0.7224594992636231,263.0,670.0,34.22053231939164,24.47761194029851,310.7376625929102,339.8105127138777,-0.46322353114121384,15.866000453558287,-4.307692307692307,-9.742920379093128,-0.17700495380907755,29.072850120967473,1.0,1.3221667044631906,-0.03860196092843449
676609,"Caballero, José",R,2025,20.8715341208687,21.028149717357675,22.264150943396228,30.8300395256917,0.928740157480315,-0.44653061224489793,200.0,457.0,25.0,23.85120350109409,402.08568524935293,315.734072041418,0.15661559648897594,20.949841919113187,8.565888582295472,-1.1487964989059094,-1.375270769725213,-86.35161320793492,1.0,1.745820159926099,0.013051299707414662
676609,"Caballero, José",R,2026,17.55625569189257,17.474734799932573,35.3125,36.42172523961661,-0.32951907131011615,-0.10162254483347563,302.0,581.0,27.814569536423843,23.06368330464716,366.9431818181818,318.7238095238095,-0.08152089195999679,17.51549524591257,1.1092252396166131,-4.750886231776683,0.22789652647664052,-48.219372294372306,1.0,1.4596246038260476,-0.006793407663333066
676694,"Meyers, Jake",R,2024,28.582969698354713,28.771260944362545,26.24113475177305,33.12977099236641,0.3873370577281191,-1.1221523959151611,246.0,638.0,26.422764227642276,25.54858934169279,353.3732130428774,361.2793359864764,0.1882912460078323,28.677115321358627,6.88863624059336,-0.8741748859494862,-1.5094894536432801,7.906122943598973,1.0,2.389759610113219,0.01569093716731936
676694,"Meyers, Jake",R,2025,30.532253069494185,30.6217535915901,20.2020202020202,24.080882352941178,-0.4336099585062241,0.07952468007312621,113.0,515.0,15.929203539823009,19.611650485436893,302.27968686868684,371.99792364741194,0.08950052209591419,30.57700333054214,3.878862150920977,3.6824469456138846,0.5131346385793503,69.7182367787251,1.0,2.548083610878512,0.007458376841326182
676694,"Meyers, Jake",R,2026,29.202722630190262,28.82470079703863,37.234042553191486,29.508196721311474,-2.063440860215054,-0.2952112676056339,103.0,177.0,25.24271844660194,16.949152542372882,266.3170731707317,293.6142857142857,-0.3780218331516316,29.01371171361445,-7.725845831880012,-8.293565904229059,1.76822959260942,27.297212543553997,1.0,2.4178093094678705,-0.031501819429302635
676724,"Young, Jared",L,2026,23.50809728603837,23.328831930146283,26.495726495726494,32.0,0.7290293040293041,-1.3690677966101694,521.0,107.0,21.113243761996163,26.16822429906542,356.58252427184465,342.1190476190476,-0.17926535589208825,23.41846460809233,5.504273504273506,5.054980537069259,-2.0980971006394737,-14.463476652797056,0.0,1.9515387173410275,-0.01493877965767402
676801,"McCormick, Chas",R,2024,20.258968717395025,20.23147759686192,35.754189944134076,32.18390804597701,-1.1299703264094954,-0.7615269461077844,187.0,344.0,26.737967914438503,32.26744186046512,390.15420819803234,335.35982083611015,-0.027491120533102986,20.24522315712847,-3.570281898157063,5.5294739460266165,0.368443380301711,-54.79438736192219,1.0,1.687101929760706,-0.0022909267110919154
676801,"McCormick, Chas",R,2025,19.868144073894474,21.20831975451834,32.98969072164948,41.04477611940298,-0.30473684210526314,-2.5865546218487396,107.0,127.0,34.57943925233645,33.07086614173228,422.951443768853,335.91797192249686,1.3401756806238652,20.538231914206406,8.055085397753501,-1.5085731106041678,-2.2818177797434767,-87.03347184635612,1.0,1.7115193261838673,0.11168130671865543
676914,"Schneider, Davis",R,2024,32.28317140490624,32.129669945160266,26.03174603174603,21.629213483146067,-1.307912457912458,-0.15061549601737875,273.0,566.0,34.065934065934066,25.795053003533567,376.3888183496936,376.893377744853,-0.15350145974597496,32.20642067503326,-4.4025325485999645,-8.270881062400498,1.1572969618950792,0.5045593951593901,1.0,2.6838683895861046,-0.012791788312164579
676914,"Schneider, Davis",R,2025,31.34063146433672,31.13129977219087,21.311475409836067,20.24793388429752,0.5078947368421052,1.5834841628959275,254.0,178.0,28.346456692913385,25.280898876404493,342.4992813580318,390.06144995483515,-0.2093316921458488,31.235965618263798,-1.0635415255385468,-3.0655578165088926,1.0755894260538224,47.56216859680336,1.0,2.6029971348553165,-0.01744430767882073
676914,"Schneider, Davis",R,2026,31.528483921495017,31.662707227858988,20.379146919431278,20.155038759689923,-0.9366666666666665,-0.25984848484848483,147.0,105.0,28.571428571428573,26.666666666666668,294.4516129032258,332.8648648648649,0.13422330636397106,31.595595574677002,-0.22410815974135545,-1.904761904761905,0.6768181818181818,38.413251961639105,1.0,2.6329662978897503,0.011185275530330921
677588,"Tena, José",L,2024,32.418371011655864,32.95641288655684,32.93172690763052,32.94117647058823,-0.23684210526315794,-2.6175141242937854,244.0,91.0,22.950819672131146,16.483516483516482,409.43888076302954,343.21667692939246,0.5380418749009763,32.687391949106356,0.009449562957712487,-6.467303188614665,-2.3806720190306274,-66.22220383363708,0.0,2.7239493290921963,0.044836822908414696
677592,"Pereira, Everson",R,2025,29.130830980963076,28.67061703056236,24.691358024691358,22.22222222222222,-1.550632911392405,-2.6999999999999997,76.0,68.0,48.68421052631579,33.8235294117647,411.90799148606817,278.796992481203,-0.4602139504007141,28.90072400576272,-2.469135802469136,-14.860681114551085,-1.1493670886075948,-133.11099900486516,1.0,2.408393667146893,-0.038351162533392845
677592,"Pereira, Everson",R,2026,28.34793271340804,28.986103523588792,32.0,41.32231404958678,0.11453488372093013,-0.8313043478260872,79.0,136.0,37.9746835443038,33.8235294117647,413.95,398.5238095238095,0.6381708101807533,28.667018118498415,9.32231404958678,-4.151154132539098,-0.9458392315470173,-15.42619047619047,1.0,2.3889181765415346,0.05318090084839611
677594,"Rodríguez, Julio",R,2024,24.005448914287054,23.65938636291807,36.74698795180723,37.47412008281574,0.23663999999999996,0.30266439909297055,343.0,952.0,29.737609329446062,28.256302521008404,421.8279049233109,445.26353038184175,-0.3460625513689841,23.832417638602564,0.7271321310085099,-1.4813068084376582,0.06602439909297059,23.435625458530865,1.0,1.9860348032168804,-0.028838545947415344
677594,"Rodríguez, Julio",R,2025,20.603165528441764,20.23302971668766,32.72727272727273,36.97749196141479,1.2199701937406855,0.751541373715522,360.0,1021.0,27.22222222222222,26.44466209598433,438.2481715073984,404.61783332341093,-0.37013581175410337,20.418097622564712,4.250219234142065,-0.7775601262378906,-0.4684288200251635,-33.630338183987476,1.0,1.701508135213726,-0.030844650979508614
677594,"Rodríguez, Julio",R,2026,20.989243437213386,20.949365006125745,36.76148796498906,39.1812865497076,-0.4271929824561404,-0.16628425748884637,398.0,821.0,27.63819095477387,23.995127892813642,442.40310077519376,382.5897435897436,-0.03987843108764011,20.969304221669567,2.419798584718542,-3.643063061960227,0.260908724967294,-59.81335718545017,1.0,1.747442018472464,-0.0033232025906366758
677649,"Duran, Ezequiel",R,2024,29.80844665950755,29.486212498916675,40.123456790123456,38.52691218130312,-2.289457831325301,-0.1415178571428571,187.0,374.0,24.06417112299465,22.994652406417114,267.9429487179487,319.5478899129215,-0.32223416059087384,29.647329579212112,-1.5965446088203379,-1.0695187165775373,2.147939974182444,51.60494119497281,1.0,2.470610798267676,-0.026852846715906153
677649,"Duran, Ezequiel",R,2025,31.72865269288148,31.31457239834771,39.62264150943396,35.44303797468354,-2.1831831831831834,-1.5980477223427332,173.0,251.0,24.85549132947977,21.115537848605577,335.6556707629288,275.57568259045865,-0.41408029453376827,31.521612545614595,-4.17960353475042,-3.739953480874192,0.5851354608404502,-60.079988172470166,1.0,2.6268010454678827,-0.034506691211147356
677649,"Duran, Ezequiel",R,2026,28.488236596641222,28.297839316762,30.193905817174514,37.796208530805686,1.3911504424778762,0.22151898734177222,324.0,840.0,22.530864197530864,24.642857142857142,374.8811881188119,351.1602787456446,-0.19039727987922106,28.393037956701612,7.602302713631172,2.1119929453262785,-1.169631455136104,-23.72090937316733,1.0,2.366086496391801,-0.01586643998993509
677800,"Abreu, Wilyer",L,2024,30.939024092424,31.24443468415599,26.937738246505717,35.2,0.8922036082474227,-1.9316,736.0,128.0,26.08695652173913,26.5625,428.3607655135536,324.50183836913,0.3054105917319916,31.091729388289995,8.262261753494286,0.47554347826087096,-2.823803608247423,-103.8589271444236,0.0,2.5909774490241664,0.025450882644332633
677800,"Abreu, Wilyer",L,2025,29.77852430444076,30.07083433083494,28.593272171253822,29.914529914529915,0.8347407407407408,-0.5462406015037593,690.0,140.0,21.014492753623188,25.714285714285715,430.3109259842992,330.1227090276928,0.2923100263941798,29.924679317637853,1.3212577432760924,4.699792960662528,-1.3809813422445,-100.18821695660642,0.0,2.493723276469821,0.02435916886618165
677800,"Abreu, Wilyer",L,2026,29.98530405567529,30.265739552277875,30.98159509202454,26.85589519650655,0.1748496446145435,1.153810082063306,887.0,382.0,21.984216459977453,20.94240837696335,413.44224422442244,374.46896551724143,0.2804354966025855,30.125521803976582,-4.1256998955179895,-1.0418080830141037,0.9789604374487624,-38.97327870718101,0.0,2.5104601503313817,0.023369624716882125
677870,"Jiménez, Leo",R,2024,25.511607252349453,26.18588985200395,23.841059602649008,30.483271375464685,0.9501694915254237,-0.5885662431941924,137.0,254.0,28.467153284671532,24.80314960629921,448.53577870274023,348.05454047148874,0.6742825996544966,25.8487485521767,6.642211772815678,-3.664003678372321,-1.5387357347196162,-100.4812382312515,1.0,2.1540623793480584,0.05619021663787471
677870,"Jiménez, Leo",R,2026,26.141993592858775,27.87967659409013,26.470588235294116,25.90909090909091,-1.6354922279792745,-1.056958762886598,167.0,161.0,22.15568862275449,21.73913043478261,329.2153846153846,326.20634920634916,1.7376830012313569,27.010835093474455,-0.5614973262032059,-0.41655818797188005,0.5785334650926766,-3.009035409035448,1.0,2.2509029244562044,0.14480691676927973
677942,"Alexander, Blaze",R,2024,26.71265563037986,27.348124346799676,24.85207100591716,32.82828282828283,1.1332326283987917,-1.6979002624671915,172.0,194.0,21.511627906976745,27.835051546391753,398.0819121039144,235.564631388512,0.6354687164198154,27.030389988589768,7.97621182236567,6.323423639415008,-2.831132890865983,-162.51728071540242,1.0,2.2525324990491473,0.05295572636831795
677942,"Alexander, Blaze",R,2025,27.724751797139675,27.641403040359585,21.47239263803681,25.970149253731343,0.6546296296296296,-0.037254901960784306,149.0,339.0,25.503355704697988,29.793510324483776,437.93166713560436,379.1044794979777,-0.08334875678009013,27.68307741874963,4.497756615694534,4.290154619785788,-0.6918845315904139,-58.82718763762665,1.0,2.3069231182291356,-0.006945729731674177
677942,"Alexander, Blaze",R,2026,29.358670798842283,30.02585541611394,29.468599033816425,29.76878612716763,-0.9200980392156862,0.9685344827586205,225.0,390.0,22.22222222222222,23.076923076923077,382.5797101449275,448.5714285714286,0.6671846172716585,29.692263107478112,0.3001870933512052,0.8547008547008552,1.8886325219743068,65.99171842650111,1.0,2.474355258956509,0.055598718105971535
677950,"Thomas, Alek",L,2025,20.538924911955657,20.364946614626312,33.48623853211009,40.28776978417266,-0.7038820992092021,-1.007581227436823,727.0,150.0,25.584594222833562,27.333333333333332,380.5226201974626,314.6721916971917,-0.1739782973293451,20.451935763290983,6.801531252062567,1.7487391104997698,-0.3036991282276209,-65.85042850027088,0.0,1.7043279802742486,-0.014498191444112093
677951,"Witt Jr., Bobby",R,2024,28.865012689901626,28.33360231700687,39.42652329749104,30.228310502283104,1.341279069767442,2.384962049335863,281.0,1049.0,16.725978647686834,20.01906577693041,431.45113865366903,464.46270040989947,-0.5314103728947543,28.59930750345425,-9.198212795207933,3.2930871292435775,1.0436829795684213,33.011561756230435,1.0,2.383275625287854,-0.044284197741229527
677951,"Witt Jr., Bobby",R,2025,27.671818953634844,27.40717514579141,29.6,30.883813306852037,1.0948998178506375,1.0948319116909182,271.0,1012.0,20.66420664206642,22.035573122529645,452.3669172358122,416.4799140521197,-0.26464380784343433,27.539497049713127,1.2838133068520357,1.371366480463223,-6.790615971929981e-05,-35.887003183692514,1.0,2.2949580874760938,-0.022053650653619528
677951,"Witt Jr., Bobby",R,2026,26.704923727308653,26.280306160641665,36.827195467422094,32.29744728079911,0.6130232558139534,0.7613939393939394,290.0,798.0,21.03448275862069,22.681704260651628,451.4396551724137,420.37974683544303,-0.42461756666698847,26.49261494397516,-4.529748186622982,1.6472215020309378,0.14837068357998595,-31.059908336970693,1.0,2.2077179119979298,-0.03538479722224904
677956,"Hinds, Rece",R,2026,27.41955285231747,27.97466059651419,37.64705882352941,38.35616438356164,-2.649315068493151,-1.486065573770492,75.0,65.0,42.666666666666664,38.46153846153846,315.09090909090907,250.9,0.5551077441967216,27.697106724415832,0.7091055600322278,-4.205128205128204,1.1632494947226588,-64.19090909090906,1.0,2.3080922270346527,0.046258978683060135
678009,"Meadows, Parker",L,2024,25.926439445723787,26.39227394209933,25.100401606425702,28.925619834710744,0.22725388601036262,-0.33185483870967747,436.0,114.0,25.0,27.19298245614035,364.52545160078506,375.32664092664095,0.46583449637554253,26.15935669391156,3.825218228285042,2.1929824561403493,-0.5591087247200401,10.801189325855887,0.0,2.1799463911592967,0.03881954136462854
678009,"Meadows, Parker",L,2025,27.52825256392307,26.738262623412805,25.146198830409357,18.072289156626507,-0.8336764705882352,-1.8146067415730334,303.0,78.0,26.072607260726073,25.641025641025642,380.1810738956144,243.4358695652174,-0.7899899405102637,27.133257593667935,-7.07390967378285,-0.43158161970043096,-0.9809302709847981,-136.74520433039703,0.0,2.261104799472328,-0.06583249504252198
678246,"Vargas, Miguel",R,2024,28.90405666266218,28.242927020696584,20.207253886010363,22.829581993569132,-0.9671052631578949,-1.3011128775834657,170.0,280.0,18.823529411764707,18.571428571428573,263.9117112870789,302.71978120556565,-0.6611296419655979,28.573491841679385,2.6223281075587686,-0.25210084033613356,-0.3340076144255708,38.80806991848675,1.0,2.3811243201399486,-0.05509413683046649
678246,"Vargas, Miguel",R,2025,31.039792483641634,30.416363867294567,22.903225806451612,20.930232558139537,0.033704292527821963,-0.0066076696165191795,290.0,782.0,15.862068965517242,18.286445012787723,320.6793444343191,347.2359298542618,-0.6234286163470664,30.7280781754681,-1.9729932483120756,2.4243760472704814,-0.04031196214434114,26.556585419942735,1.0,2.5606731812890082,-0.05195238469558886
678246,"Vargas, Miguel",R,2026,32.02621022953327,31.761676252312956,20.792079207920793,21.02102102102102,1.5560975609756098,0.785729275970619,352.0,841.0,15.056818181818182,18.549346016646847,455.96268656716416,395.48606811145515,-0.2645339772203137,31.893943240923115,0.22894181310022788,3.4925278348286657,-0.7703682850049908,-60.476618455709,1.0,2.6578286034102594,-0.022044498101692806
678391,"Vivas, Jorbit",L,2026,33.4553168268372,33.52625004671741,29.132569558101473,28.8659793814433,-0.3076854334226988,-0.35842696629213483,546.0,93.0,16.666666666666668,20.43010752688172,282.09999999999997,278.7567567567568,0.07093321988021017,33.490783436777306,-0.2665901766581733,3.763440860215052,-0.05074153286943606,-3.3432432432431938,0.0,2.790898619731442,0.005911101656684181
678545,"Basabe, Osleivis",R,2026,28.402749189227176,28.376252655079025,36.56716417910448,32.23684210526316,-2.38625,-0.25667752442996733,111.0,139.0,18.91891891891892,19.424460431654676,238.79999999999998,364.79999999999995,-0.02649653414815134,28.3895009221531,-4.330322073841323,0.505541512735757,2.1295724755700327,125.99999999999997,1.0,2.3657917435127582,-0.002208044512345945
678554,"Mead, Curtis",R,2024,31.503440920537766,31.518092253025184,36.36363636363637,37.956204379562045,1.0782608695652174,-3.4996212121212125,108.0,139.0,15.74074074074074,22.302158273381295,405.7989750445633,298.8199272495514,0.01465133248741779,31.510766586781475,1.5925680159256785,6.561417532640554,-4.57788208168643,-106.97904779501187,1.0,2.625897215565123,0.0012209443739514825
678554,"Mead, Curtis",R,2025,33.71417500484479,33.282699631465555,24.369747899159663,30.65134099616858,-1.4585416666666664,-0.028014842300556578,224.0,265.0,14.732142857142858,21.88679245283019,319.5314714516794,356.980731829236,-0.4314753733792358,33.49843731815517,6.281593097008919,7.1546495956873315,1.4305268243661098,37.449260377556584,1.0,2.7915364431795973,-0.03595628111493632
678554,"Mead, Curtis",R,2026,34.07046789787054,33.85371550802922,21.824104234527688,27.314814814814813,1.083724832214765,0.7839950372208436,246.0,322.0,15.040650406504065,17.391304347826086,430.0736842105263,363.508064516129,-0.21675238984132505,33.96209170294988,5.490710580287125,2.3506539413220207,-0.2997297949939214,-66.5656196943973,1.0,2.8301743085791564,-0.018062699153443756
678662,"Tovar, Ezequiel",R,2024,27.297674614359963,26.994467164222325,39.0625,45.83783783783784,0.14434330299089726,0.2401709401709401,468.0,1099.0,33.333333333333336,29.936305732484076,418.69605447131664,384.9893140011351,-0.30320745013763784,27.146070889291146,6.775337837837839,-3.3970276008492597,0.09582763718004284,-33.70674047018156,1.0,2.2621725741075953,-0.02526728751146982
678662,"Tovar, Ezequiel",R,2025,28.6769568693172,28.223476424104177,37.765957446808514,41.88034188034188,0.2110497237569061,-0.5237318840579711,213.0,674.0,27.699530516431924,29.228486646884274,524.7893056272933,375.57278457147885,-0.453480445213021,28.450216646710686,4.114384433533367,1.5289561304523502,-0.7347816078148772,-149.21652105581444,1.0,2.3708513872258905,-0.03779003710108508
678662,"Tovar, Ezequiel",R,2026,29.188424801808644,28.62761156932814,40.67278287461774,44.99229583975347,-1.8272727272727272,-1.2139032815198618,378.0,715.0,26.984126984126984,26.153846153846153,317.34736842105264,356.549356223176,-0.5608132324805055,28.90801818556839,4.319512965135729,-0.8302808302808309,0.6133694457528653,39.20198780212337,1.0,2.4090015154640327,-0.04673443604004213
678877,"Noel, Jhonkensy",R,2024,28.57796184526947,28.896770423794468,47.44525547445255,44.04332129963899,2.4876033057851235,-0.35072463768115963,142.0,250.0,23.943661971830984,36.4,582.7343346071709,366.5883647379537,0.31880857852499744,28.737366134531968,-3.4019341748135616,12.456338028169014,-2.838327943466283,-216.1459698692172,1.0,2.3947805112109974,0.026567381543749786
678877,"Noel, Jhonkensy",R,2025,29.03122203568409,28.83201005423887,50.87719298245614,47.183098591549296,-1.7848387096774196,-2.7496062992125982,195.0,148.0,32.82051282051282,29.72972972972973,336.0002360578018,238.48290598290598,-0.19921198144522023,28.93161604496148,-3.694094390906841,-3.0907830907830878,-0.9647675895351786,-97.51733007489585,1.0,2.41096800374679,-0.01660099845376835
678882,"Rafaela, Ceddanne",R,2024,30.439460617412227,30.579804603371414,45.45454545454545,46.83053040103493,-0.2952797202797204,-0.31689008042895445,345.0,928.0,33.333333333333336,29.310344827586206,352.0091023531743,360.67591072165527,0.14034398595918773,30.50963261039182,1.3759849464894742,-4.022988505747129,-0.021610360149234065,8.666808368480986,1.0,2.5424693841993182,0.011695332163265645
678882,"Rafaela, Ceddanne",R,2025,30.503145150080897,30.492953985547462,38.613861386138616,43.297587131367294,-0.47876823338735824,-0.16419505678022708,363.0,877.0,28.09917355371901,23.14709236031927,394.45204858433766,339.9069869892428,-0.010191164533434716,30.498049567814178,4.683725745228678,-4.952081193399739,0.31457317660713113,-54.545061595094865,1.0,2.5415041306511816,-0.0008492637111195597
678882,"Rafaela, Ceddanne",R,2026,30.009829503986335,29.69433550565633,43.986254295532646,45.56962025316456,0.47517857142857145,0.20013306719893548,318.0,867.0,24.842767295597483,22.26066897347174,336.27184466019423,329.0506329113924,-0.31549399833000535,29.852082504821333,1.5833659576319121,-2.5820983221257414,-0.275045504229636,-7.221211748801807,1.0,2.4876735420684444,-0.026291166527500447
679032,"Rojas, Johan",R,2024,26.597551465438087,25.96519450887501,35.91160220994475,34.255319148936174,-1.1082010582010582,-0.2871106337271751,182.0,446.0,17.582417582417584,22.6457399103139,300.1306666666667,295.0575648188197,-0.6323569565630791,26.281372987156548,-1.6562830610085797,5.063322327896316,0.821090424473883,-5.073101847846999,1.0,2.190114415596379,-0.05269641304692326
679032,"Rojas, Johan",R,2025,28.315665350863576,28.90725879313277,34.50704225352113,39.64497041420118,-1.2686346863468634,-1.608235294117647,132.0,181.0,18.181818181818183,23.756906077348066,301.77995999272594,315.5417927170869,0.5915934422691933,28.611462071998172,5.137928160680055,5.575087895529883,-0.3396006077707836,13.761832724360943,1.0,2.3842885059998475,0.04929945352243278
679529,"Torkelson, Spencer",R,2024,28.08675118668791,28.13080506106498,21.428571428571427,23.86759581881533,0.30130890052356013,-0.4926628194558945,179.0,554.0,13.966480446927374,27.617328519855597,328.9078830787786,357.63439413739724,0.0440538743770702,28.108778123876444,2.4390243902439046,13.650848072928223,-0.7939717199794547,28.726511058618655,1.0,2.3423981769897035,0.0036711561980891836
679529,"Torkelson, Spencer",R,2025,33.10787813066081,32.884080205819494,24.25,21.500559910414335,1.0631645569620252,0.31772897696839847,338.0,836.0,23.668639053254438,23.803827751196174,396.607305364605,411.9580709893646,-0.223797924841314,32.995979168240154,-2.749440089585665,0.13518869794173582,-0.7454355799936268,15.350765624759617,1.0,2.7496649306866794,-0.0186498270701095
679529,"Torkelson, Spencer",R,2026,30.26029574464208,30.792156662046153,20.967741935483872,21.973094170403588,-0.03362609786700118,0.3048220436280138,326.0,750.0,26.687116564417177,31.6,362.7524752475247,415.8913043478261,0.5318609174040745,30.526226203344116,1.005352234919716,4.912883435582824,0.33844814149501495,53.13882910030139,1.0,2.54385218361201,0.04432174311700621
679822,"Foscue, Justin",R,2026,29.578384897694363,29.892042615907037,24.758842443729904,33.557046979865774,2.466874027993779,-2.024096385542169,295.0,155.0,17.28813559322034,21.29032258064516,432.1881188118811,352.2758620689655,0.3136577182126743,29.7352137568007,8.79820453613587,4.002186987424821,-4.490970413535948,-79.91225674291559,1.0,2.4779344797333915,0.026138143184389524
679845,"Loftin, Nick",R,2024,29.991606122515925,30.22082594904441,26.262626262626263,18.91891891891892,0.35860215053763433,-1.7802721088435374,82.0,186.0,10.975609756097562,15.591397849462366,248.70049999999998,289.2963947292283,0.22921982652848527,30.106216035780168,-7.343707343707344,4.615788093364804,-2.1388742593811716,40.59589472922835,1.0,2.508851336315014,0.019101652210707105
679845,"Loftin, Nick",R,2025,28.85587759975891,28.82230254537491,26.31578947368421,23.497267759562842,-0.8760869565217392,-0.9532663316582914,129.0,185.0,21.705426356589147,14.594594594594595,319.6675564788553,291.7923258835601,-0.03357505438399855,28.83909007256691,-2.818521714121367,-7.110831761994552,-0.07717937513655226,-27.875230595295193,1.0,2.4032575060472428,-0.0027979211986665455
679845,"Loftin, Nick",R,2026,28.7815547326144,28.48008890078717,25.69659442724458,24.1869918699187,0.0805422647527911,-0.185031185031185,258.0,384.0,17.441860465116278,16.40625,325.2352941176471,281.61878453038673,-0.30146583182722964,28.630821816700784,-1.5096025573258807,-1.035610465116278,-0.2655734497839761,-43.61650958726034,1.0,2.385901818058399,-0.025122152652269136
680118,"Blanco, Dairon",R,2024,27.771975098146147,27.641963344806992,28.181818181818183,32.5,0.5220779220779221,-1.813963963963964,122.0,112.0,27.868852459016395,34.82142857142857,412.8663687518746,259.1132149901381,-0.13001175333915427,27.70696922147657,4.318181818181817,6.952576112412174,-2.336041886041886,-153.75315376173648,1.0,2.308914101789714,-0.010834312778262856
680474,"Schuemann, Max",R,2024,29.226173165793476,29.26410451455097,18.779342723004696,22.12518195050946,-1.6199029126213595,-0.29822695035461,175.0,591.0,24.0,26.903553299492387,334.9536567123188,356.4830063250689,0.0379313487574926,29.245138840172224,3.345839227504765,2.903553299492387,1.3216759622667495,21.52934961275014,1.0,2.437094903347685,0.00316094572979105
680474,"Schuemann, Max",R,2025,30.47660717734613,30.1245317741034,18.181818181818183,18.545454545454547,-1.9380566801619432,-0.24129692832764502,123.0,253.0,21.13821138211382,24.50592885375494,286.2231731402238,303.05048334405836,-0.3520754032427291,30.300569475724764,0.3636363636363633,3.3677174716411216,1.6967597518342983,16.827310203834543,1.0,2.525047456310397,-0.029339616936894092
680474,"Schuemann, Max",R,2026,30.23292200678533,30.423352410044856,22.448979591836736,20.43010752688172,0.4473118279569894,-0.7105263157894739,86.0,65.0,23.25581395348837,26.153846153846153,292.3103448275862,366.6363636363636,0.19043040325952632,30.328137208415093,-2.0188720649550156,2.8980322003577825,-1.1578381437464633,74.3260188087774,1.0,2.5273447673679246,0.015869200271627193
680574,"McLain, Matt",R,2025,27.712659747559368,28.238102997809545,23.928571428571427,26.681614349775785,-0.23527272727272724,-0.7765452538631346,235.0,782.0,24.680851063829788,26.470588235294116,369.05407045939637,359.1696350645253,0.5254432502501771,27.975381372684456,2.753042921204358,1.7897371714643278,-0.5412725265904073,-9.884435394871048,1.0,2.331281781057038,0.04378693752084809
680574,"McLain, Matt",R,2026,25.66991813058372,25.348639564092213,27.692307692307693,26.16201859229748,0.7239919354838709,-1.5561330561330562,225.0,619.0,17.77777777777778,27.948303715670438,378.14473684210526,356.95754716981133,-0.32127856649150743,25.509278847337967,-1.530289100010215,10.17052593789266,-2.280124991616927,-21.187189672293925,1.0,2.125773237278164,-0.026773213874292285
680664,"Valencia, Eduardo",R,2026,29.569048270643147,29.271470926962422,40.70796460176991,31.623931623931625,2.026126126126126,2.052479338842975,125.0,129.0,27.2,20.155038759689923,477.3030303030303,432.35714285714283,-0.2975773436807252,29.420259598802787,-9.084032977838284,-7.0449612403100765,0.026353212716848873,-44.94588744588748,1.0,2.451688299900232,-0.024798111973393766
680700,"Palacios, Richie",L,2026,31.652779184896584,32.49002890021763,31.12676056338028,38.05309734513274,0.5045166402535658,-2.599074074074074,578.0,107.0,18.858131487889274,18.69158878504673,331.41255605381167,214.7560975609756,0.8372497153210468,32.071404042557106,6.926336781752461,-0.1665427028425448,-3.1035907143276398,-116.65645849283607,0.0,2.6726170035464256,0.06977080961008723
680718,"Barger, Addison",L,2025,33.15973871724293,33.467453563758006,31.047381546134662,30.87248322147651,0.28493902439024393,-0.950920245398773,812.0,149.0,23.15270935960591,26.174496644295303,424.26732930116617,343.01352813852816,0.30771484651507564,33.313596140500465,-0.1748983246581517,3.021787284689392,-1.235859269789017,-81.25380116263801,0.0,2.7761330117083722,0.025642903876256302
680737,"Helman, Michael",R,2025,32.33841299310005,32.55373092239329,39.743589743589745,27.551020408163264,-1.2236263736263735,0.9665137614678898,108.0,111.0,30.555555555555557,15.315315315315315,302.0482858780456,256.9838347698813,0.21531792929324212,32.44607195774667,-12.19256933542648,-15.240240240240242,2.1901401350942633,-45.06445110816429,1.0,2.7038393298122223,0.017943160774436844
680757,"Kwan, Steven",L,2024,24.513240933132117,24.177485025431142,19.6524064171123,17.880794701986755,0.42244764397905754,1.3270440251572326,600.0,243.0,6.0,9.876543209876543,317.8378068111733,356.77994255289343,-0.33575590770097463,24.34536297928163,-1.7716117151255446,3.8765432098765427,0.9045963811781751,38.94213574172011,0.0,2.028780248273469,-0.027979658975081218
680757,"Kwan, Steven",L,2025,22.830649269268157,22.90409037919201,22.95258620689655,22.074468085106382,0.4458290422245109,-1.303900709219858,801.0,361.0,7.990012484394507,7.756232686980609,316.6877546833866,280.4018109790606,0.07344110992385211,22.86736982423008,-0.8781181217901697,-0.23377979741389776,-1.7497297514443688,-36.28594370432597,0.0,1.9056141520191734,0.006120092493654343
680757,"Kwan, Steven",L,2026,31.690361161981727,31.37873508361901,19.35096153846154,20.448877805486283,0.6054006968641115,-0.20582403965303586,616.0,287.0,5.194805194805195,9.059233449477352,307.2584615384615,296.04347826086956,-0.3116260783627176,31.534548122800366,1.0979162670247433,3.8644282546721573,-0.8112247365171473,-11.214983277591955,0.0,2.627879010233364,-0.0259688398635598
680776,"Duran, Jarren",L,2024,27.34518025643395,27.416595419298556,27.868852459016395,28.6697247706422,1.7341013824884792,-0.0328491620111732,967.0,403.0,20.682523267838675,24.81389578163772,418.557864021777,372.3647744230921,0.07141516286460714,27.380887837866254,0.8008723116258061,4.131372513799043,-1.7669505444996525,-46.19308959868488,0.0,2.2817406531555213,0.005951263572050595
680776,"Duran, Jarren",L,2025,28.454586916066415,28.766624214155968,29.698857736240914,34.715025906735754,1.316195652173913,-1.0140862944162436,850.0,386.0,25.176470588235293,28.497409326424872,400.197249249454,363.74748215157706,0.31203729808955316,28.610605565111193,5.01616817049484,3.3209387381895787,-2.3302819465901567,-36.44976709787693,0.0,2.3842171304259328,0.02600310817412943
680776,"Duran, Jarren",L,2026,29.0235986459955,29.166835335635707,35.26834611171961,31.140350877192983,-1.4390272148233931,-1.007051282051282,881.0,230.0,30.87400681044268,30.434782608695652,383.15699658703073,382.5232558139535,0.14323668964020797,29.0952169908156,-4.127995234526626,-0.43922420174702737,0.4319759327721111,-0.6337407730772497,0.0,2.4246014159013,0.011936390803350664
680777,"Jeffers, Ryan",R,2024,27.343324872368896,27.044579094958937,35.37906137184115,33.931240657698055,1.1605555555555553,-0.038072669826224294,262.0,613.0,21.374045801526716,22.02283849918434,341.72539132991125,340.8401543357461,-0.2987457774099589,27.193951983663915,-1.4478207141430985,0.6487926976576226,-1.1986282253817797,-0.8852369941651546,1.0,2.2661626653053264,-0.02489548145082991
680777,"Jeffers, Ryan",R,2025,28.53678499015865,28.137866815005744,19.817073170731707,26.740506329113924,1.689887640449438,-0.38535233570863026,216.0,514.0,21.296296296296298,18.48249027237354,361.7550594403259,349.3586616750808,-0.3989181751529074,28.337325902582197,6.923433158382217,-2.8138060239227585,-2.0752399761580684,-12.396397765245126,1.0,2.3614438252151833,-0.03324318126274228
680777,"Jeffers, Ryan",R,2026,30.40018393994522,30.630037597105105,21.140939597315437,29.166666666666668,0.7622574955908289,0.6069868995633187,209.0,387.0,12.91866028708134,16.537467700258397,352.96666666666664,373.9679487179487,0.22985365715988593,30.51511076852516,8.02572706935123,3.6188074131770573,-0.15527059602751014,21.001282051282033,1.0,2.542925897377097,0.019154471429990494
680779,"Davis, Henry",R,2025,32.43915153847008,32.36176545884638,29.508196721311474,35.62653562653563,-1.8399209486166008,-1.7910098522167488,137.0,449.0,24.087591240875913,26.7260579064588,328.46475563909775,377.59363408910576,-0.07738607962370025,32.400458498658224,6.118338905224153,2.638466665582886,0.04891109639985203,49.12887845000802,1.0,2.700038208221519,-0.006448839968641688
680779,"Davis, Henry",R,2026,33.288117177918885,32.93110885273849,36.36363636363637,29.38144329896907,-2.3853658536585365,0.12256341789052073,181.0,382.0,24.861878453038674,22.774869109947645,274.53968253968253,321.296875,-0.35700832518039505,33.10961301532869,-6.982193064667296,-2.0870093430910295,2.5079292715490573,46.75719246031747,1.0,2.7591344179440576,-0.02975069376503292
680862,"MacIver, Willie",R,2025,28.28393114284049,27.666125849391772,31.944444444444443,30.088495575221238,0.2049295774647887,-2.3311023622047244,80.0,137.0,16.25,24.087591240875913,319.15674129183446,280.34136785200616,-0.6178052934487184,27.97502849611613,-1.8559488692232051,7.837591240875913,-2.5360319396695132,-38.815373439828306,1.0,2.3312523746763443,-0.05148377445405986
680869,"Gelof, Zack",R,2024,22.372658592190756,22.420274011584265,26.694915254237287,30.57742782152231,-2.3687763713080168,-0.43586818757921425,233.0,821.0,40.772532188841204,32.886723507917175,299.5754550162102,403.0684492572729,0.04761541939350877,22.39646630188751,3.8825125672850227,-7.885808680924029,1.9329081837288025,103.49299424106272,1.0,1.8663721918239593,0.003967951616125731
680869,"Gelof, Zack",R,2025,21.578734003781687,21.309657737974653,27.45098039215686,25.503355704697988,-3.2629310344827585,-0.15518394648829434,64.0,148.0,51.5625,35.810810810810814,277.70170170170167,382.49003481489547,-0.26907626580703337,21.44419587087817,-1.9476246874588732,-15.751689189189186,3.107747087994464,104.7883331131938,1.0,1.7870163225731808,-0.022423022150586114
680869,"Gelof, Zack",R,2026,19.214029770017433,18.99894586103969,20.388349514563107,26.20689655172414,0.7631929046563194,0.3905579399141632,225.0,527.0,28.0,26.755218216318784,383.5454545454545,393.7538461538461,-0.21508390897774277,19.10648781552856,5.818547037161032,-1.2447817836812156,-0.3726349647421562,10.208391608391594,1.0,1.5922073179607132,-0.017923659081478565
680977,"Donovan, Brendan",L,2024,27.88253131465588,27.548863411913914,23.83654937570942,22.049689440993788,0.7516092603049124,-0.5575498575498576,781.0,306.0,12.804097311139564,15.032679738562091,365.1114110244518,326.49546707707816,-0.3336679027419649,27.715697363284896,-1.7868599347156326,2.228582427422527,-1.3091591178547701,-38.61594394737364,0.0,2.309641446940408,-0.02780565856183041
680977,"Donovan, Brendan",L,2025,26.70695957573116,25.775471462643228,23.15112540192926,28.0,0.8760852407261249,-1.0878419452887538,545.0,290.0,10.825688073394495,14.827586206896552,390.6047544359919,305.8519603392181,-0.9314881130879336,26.241215519187193,4.84887459807074,4.001898133502056,-1.9639271860148786,-84.75279409677375,0.0,2.1867679599322662,-0.07762400942399446
680977,"Donovan, Brendan",L,2026,26.52438424413793,26.327098461033252,26.244343891402714,23.076923076923077,1.8575,-2.0484375,177.0,86.0,13.559322033898304,17.441860465116278,316.12,284.13157894736844,-0.1972857831046788,26.42574135258559,-3.1674208144796374,3.8825384312179736,-3.9059375,-31.988421052631566,0.0,2.2021451127154656,-0.0164404819253899
681082,"Stott, Bryson",L,2024,23.997002281715705,24.97593463083834,29.613259668508288,23.333333333333332,-0.17593107281823242,-0.7886051080550099,802.0,210.0,14.339152119700747,15.714285714285714,333.0050028728506,319.7723329641934,0.9789323491226334,24.486468456277024,-6.279926335174956,1.375133594584966,-0.6126740352367775,-13.232669908657158,0.0,2.0405390380230854,0.08157769576021945
681082,"Stott, Bryson",L,2025,26.488115058714172,27.15878507941423,23.974082073434126,20.74688796680498,0.277369238736406,-0.9082089552238806,780.0,213.0,13.333333333333334,17.370892018779344,340.04850312358377,303.42950937950934,0.670670020700058,26.8234500690642,-3.2271941066291454,4.03755868544601,-1.1855781939602865,-36.61899374407443,0.0,2.23528750575535,0.0558891683916715
681082,"Stott, Bryson",L,2026,26.372049301531433,27.17156702974242,30.87790110998991,27.719298245614034,-0.05293800539083558,0.02755632582322358,779.0,238.0,16.174582798459564,17.647058823529413,358.26479750778816,328.01960784313724,0.7995177282109864,26.771808165636926,-3.158602864375876,1.4724760250698488,0.08049433121405916,-30.245189664650923,0.0,2.230984013803077,0.06662647735091554
681146,"Bride, Jonah",R,2024,27.182315360408953,27.25614719545881,24.786324786324787,23.235294117647058,0.11186813186813187,1.3846808510638298,175.0,265.0,18.285714285714285,13.584905660377359,306.9795753829616,338.42294002376,0.07383183504985524,27.21923127793388,-1.551030668677729,-4.700808625336926,1.272812719195698,31.443364640798393,1.0,2.2682692731611565,0.006152652920821271
681146,"Bride, Jonah",R,2025,25.69365481473469,26.511862249417018,19.444444444444443,21.666666666666668,-0.8970779220779221,-2.62078431372549,102.0,83.0,19.607843137254903,27.710843373493976,250.23214285714286,295.45611954459207,0.8182074346823285,26.102758532075853,2.222222222222225,8.103000236239073,-1.723706391647568,45.22397668744921,1.0,2.175229877672988,0.06818395289019404
681198,"Rumfield, TJ",L,2026,28.85864728059085,29.886292991400953,30.827067669172934,29.281767955801104,1.3238354506957046,0.8575402635431919,813.0,314.0,16.851168511685117,16.878980891719745,342.43506493506493,305.26618705035975,1.027645710810102,29.372470135995904,-1.5452997133718291,0.027812380034628603,-0.4662951871525127,-37.16887788470518,0.0,2.4477058446663253,0.0856371425675085
681297,"Cowser, Colton",L,2024,27.045657475547134,27.505499604096048,25.643896976483763,22.900763358778626,0.5122355631789594,-0.17650176678445248,779.0,244.0,28.754813863928113,28.278688524590162,452.9928747984908,420.06991975360575,0.4598421285489138,27.27557853982159,-2.743133617705137,-0.4761253393379512,-0.6887373299634119,-32.92295504488504,0.0,2.272964878318466,0.03832017737907615
681297,"Cowser, Colton",L,2025,27.371406176127127,28.336530185764612,23.851590106007066,23.353293413173652,-0.2924645390070922,-0.6501392757660166,483.0,144.0,33.333333333333336,27.77777777777778,422.03049235548065,405.3607673163275,0.9651240096374849,27.85396818094587,-0.4982966928334136,-5.555555555555557,-0.3576747367589244,-16.66972503915315,0.0,2.3211640150788226,0.08042700080312375
681297,"Cowser, Colton",L,2026,27.855988340807993,28.705805720672537,29.487179487179485,30.985915492957748,-0.12172284644194757,-1.3672535211267607,596.0,120.0,29.697986577181208,35.0,427.3225806451613,276.2758620689655,0.8498173798645432,28.280897030740263,1.4987360057782624,5.302013422818792,-1.2455306746848132,-151.04671857619576,0.0,2.356741419228355,0.07081811498871193
681351,"O'Hoppe, Logan",R,2024,25.005419981164927,25.051821111700495,28.96825396825397,35.57213930348259,-0.6427659574468085,0.21379537953795374,230.0,802.0,30.0,31.920199501246884,433.97479290594043,448.16194228265226,0.0464011305355676,25.028620546432713,6.603885335228618,1.9201995012468842,0.8565613369847622,14.18714937671183,1.0,2.0857183788693927,0.003866760877963967
681351,"O'Hoppe, Logan",R,2025,27.62961510933712,27.52654249586821,28.02547770700637,32.43967828418231,0.03929712460063898,-1.2720415224913495,158.0,759.0,25.31645569620253,31.0935441370224,464.7907648853552,398.9185266510533,-0.10307261346891039,27.578078802602665,4.4142005771759365,5.777088440819867,-1.3113386470919886,-65.8722382343019,1.0,2.298173233550222,-0.008589384455742533
681351,"O'Hoppe, Logan",R,2026,26.96354345246621,26.994103879426017,33.72093023255814,35.230352303523034,-0.7764516129032257,-1.5165435745937963,152.0,352.0,24.342105263157894,28.40909090909091,344.76190476190476,307.49593495934965,0.030560426959805653,26.978823665946116,1.5094220709648951,4.066985645933016,-0.7400919616905706,-37.265969802555105,1.0,2.2482353054955095,0.002546702246650471
681393,"Norby, Connor",R,2024,28.559829492220633,28.025786113221223,38.52459016393443,32.94117647058823,-1.2914634146341466,-0.40409356725146195,146.0,291.0,33.56164383561644,29.896907216494846,480.7728633401071,425.0099396545512,-0.5340433789994101,28.29280780272093,-5.583413693346195,-3.664736619121591,0.8873698473826847,-55.762923685555904,1.0,2.3577339835600775,-0.04450361491661751
681393,"Norby, Connor",R,2025,26.56796610293658,26.793277655330144,27.441860465116278,34.474327628361856,-0.40861244019138754,0.28355501813784767,213.0,462.0,28.169014084507044,28.354978354978353,402.0068852813853,386.1886450575261,0.22531155239356337,26.680621879133362,7.0324671632455775,0.1859642704713096,0.6921674583292352,-15.818240223859164,1.0,2.2233851565944467,0.018775962699463616
681393,"Norby, Connor",R,2026,28.36978351738611,27.85313376427864,24.482758620689655,30.349344978165938,0.5934865900383139,-0.48432017543859646,244.0,481.0,23.770491803278688,28.69022869022869,347.2916666666667,372.4965034965035,-0.5166497531074725,28.111458640832375,5.866586357476283,4.919736886950002,-1.0778067654769103,25.204836829836836,1.0,2.3426215534026977,-0.04305414609228938
681481,"Carpenter, Kerry",L,2024,32.232048326025144,32.97242808880421,31.976744186046513,34.285714285714285,2.255422885572139,-1.820610687022901,511.0,60.0,27.788649706457925,30.0,512.8947525192153,228.92614353985326,0.7403797627790638,32.60223820741467,2.3089700996677713,2.2113502935420755,-4.0760335725950405,-283.9686089793621,0.0,2.7168531839512227,0.06169831356492198
681481,"Carpenter, Kerry",L,2025,32.310781846575004,33.0366193015831,34.350132625994696,32.11009174311926,1.1590604026845637,-0.6392712550607288,798.0,121.0,24.68671679197995,18.181818181818183,427.44084458704015,348.9460604794815,0.7258374550080973,32.67370057407905,-2.2400408828754337,-6.504898610161767,-1.7983316577452926,-78.49478410755864,0.0,2.722808381173254,0.06048645458400811
681546,"Outman, James",L,2025,27.493046921196875,27.05830311973227,26.046511627906977,34.523809523809526,-1.0882488479262673,-2.6000000000000005,203.0,84.0,36.45320197044335,40.476190476190474,453.23609452583247,328.03197028197025,-0.4347438014646059,27.275675020464572,8.477297895902549,4.022988505747122,-1.5117511520737332,-125.20412424386222,0.0,2.2729729183720475,-0.03622865012205049
681624,"Pages, Andy",R,2024,30.028878061279652,29.999996850194748,30.28846153846154,30.816640986132512,1.2980392156862743,-0.7552012148823084,206.0,671.0,20.388349514563107,22.801788375558868,418.829844812108,390.7915471824957,-0.02888121108490438,30.014437455737202,0.528179447670972,2.413438860995761,-2.0532404305685827,-28.03829762961226,1.0,2.5012031213114336,-0.0024067675904086983
681624,"Pages, Andy",R,2025,31.682815188277072,31.5383915629274,31.61512027491409,33.82533825338253,0.3497512437810944,0.5463981849120817,317.0,939.0,21.13564668769716,19.488817891373802,398.02484655004605,373.3606869177695,-0.14442362534967046,31.61060337560224,2.2102179784684424,-1.6468287963233585,0.1966469411309873,-24.66415963227655,1.0,2.6342169479668534,-0.012035302112472538
681624,"Pages, Andy",R,2026,30.239355720544843,30.118204337669244,28.488372093023255,32.723112128146454,1.6223101265822784,0.06534407935523871,293.0,772.0,17.406143344709896,20.077720207253886,454.51724137931035,358.20216606498195,-0.12115138287559901,30.178780029107045,4.234740035123199,2.67157686254399,-1.5569660472270397,-96.3150753143284,1.0,2.5148983357589203,-0.010095948572966584
681715,"Hernández, Heriberto",R,2025,28.969706502220507,29.377469736434104,21.774193548387096,21.20253164556962,0.07715430861723452,1.3910798122065728,220.0,294.0,33.63636363636363,30.952380952380953,428.3786728004339,394.9269967280551,0.40776323421359706,29.173588119327306,-0.5716619028174748,-2.6839826839826806,1.3139255035893382,-33.4516760723788,1.0,2.4311323432772753,0.033980269517799755
681715,"Hernández, Heriberto",R,2026,28.041538080858132,28.18777844067198,23.837209302325583,23.733719247467437,0.9936808846761456,-0.025629290617848993,283.0,591.0,28.62190812720848,31.472081218274113,488.7735849056604,406.89637305699483,0.14624035981384864,28.114658260765054,-0.10349005485814544,2.8501730910656313,-1.0193101752939946,-81.87721184866558,1.0,2.342888188397088,0.012186696651154053
681807,"Fry, David",R,2024,28.4877684260583,28.54272875397488,21.902017291066283,33.17422434367542,2.4550295857988162,0.012529274004683727,288.0,458.0,24.305555555555557,21.61572052401747,414.47545799823615,344.69505638143625,0.05496032791658223,28.51524859001659,11.272207052609136,-2.689835031538088,-2.4425003117941326,-69.7804016167999,1.0,2.376270715834716,0.0045800273263818525
681807,"Fry, David",R,2025,28.826366550443,28.07602196428093,31.696428571428573,40.57971014492754,-0.9697674418604653,-0.43666666666666676,244.0,82.0,30.737704918032787,28.048780487804876,281.03694801387593,248.87368421052633,-0.7503445861620719,28.451194257361966,8.883281573498966,-2.6889244302279103,0.5331007751937985,-32.163263803349594,1.0,2.370932854780164,-0.06252871551350599
681807,"Fry, David",R,2026,27.011260845852014,26.68443764334441,26.050420168067227,32.773109243697476,-0.5497652582159624,0.4308016877637131,267.0,112.0,24.719101123595507,33.035714285714285,287.7857142857143,278.7727272727273,-0.32682320250760455,26.847849244598212,6.7226890756302495,8.316613162118777,0.9805669459796755,-9.012987012986969,1.0,2.2373207703831843,-0.027235266875633712
681962,"Capra, Vinny",R,2025,27.843496185335965,27.266933319754756,35.714285714285715,14.492753623188406,-3.550276243093923,-3.7747252747252746,89.0,73.0,28.089887640449437,16.438356164383563,300.05235323886643,209.93529411764706,-0.5765628655812094,27.55521475254536,-21.22153209109731,-11.651531476065873,-0.22444903163135166,-90.11705912121937,1.0,2.2962678960454466,-0.048046905465100785
681987,"Eaton, Nate",R,2025,28.33701022061064,28.56588935019422,27.722772277227723,33.333333333333336,-0.20880829015544036,1.4888111888111888,87.0,70.0,14.942528735632184,21.428571428571427,324.74959150326794,349.1784248890865,0.2288791295835786,28.45144978540243,5.610561056105613,6.486042692939243,1.6976194789666292,24.428833385818564,1.0,2.370954148783536,0.019073260798631548
682177,"Schneemann, Daniel",L,2024,28.744361277720422,29.400823919324857,24.54308093994778,24.0,-0.565087956698241,1.5760736196319016,364.0,78.0,27.47252747252747,26.923076923076923,339.2916280340086,440.91133557800225,0.6564626416044348,29.07259259852264,-0.5430809399477816,-0.5494505494505475,2.1411615763301426,101.61970754399363,0.0,2.4227160498768865,0.0547052201337029
682177,"Schneemann, Daniel",L,2025,28.92531778854594,29.685919922065818,25.77903682719547,26.446280991735538,-0.5292665726375175,-1.904878048780488,648.0,104.0,26.54320987654321,34.61538461538461,386.9227707432152,238.40625,0.7606021335198783,29.30561885530588,0.6672441645400689,8.072174738841404,-1.3756114761429705,-148.5165207432152,0.0,2.442134904608823,0.06338351112665652
682177,"Schneemann, Daniel",L,2026,31.88577053999858,32.31373098763846,35.44018058690745,26.153846153846153,-1.3742562929061786,-0.5826086956521738,448.0,111.0,28.571428571428573,33.333333333333336,385.82222222222225,309.5263157894737,0.4279604476398795,32.09975076381852,-9.286334433061299,4.761904761904763,0.7916475972540048,-76.29590643274855,0.0,2.67497923031821,0.03566337063665662
682622,"Marte, Noelvi",R,2024,28.671402572267397,28.8815786412703,38.613861386138616,36.675461741424805,-1.0432432432432435,-1.9024390243902438,105.0,372.0,34.285714285714285,26.881720430107528,410.35869565217394,363.405833705855,0.21017606900290176,28.776490606768846,-1.9383996447138117,-7.403993855606757,-0.8591957811470003,-46.95286194631893,1.0,2.3980408838974037,0.01751467241690848
682622,"Marte, Noelvi",R,2025,27.376668797719887,26.78846247858683,28.712871287128714,35.10392609699769,-1.0040816326530613,1.3696000000000002,199.0,457.0,24.12060301507538,24.50765864332604,329.53226890756304,395.0934334073928,-0.5882063191330573,27.08256563815336,6.391054809868976,0.38705562825066053,2.3736816326530614,65.56116449982977,1.0,2.2568804698461133,-0.04901719326108811
682622,"Marte, Noelvi",R,2026,27.257948589042172,26.18402670068137,42.241379310344826,40.46052631578947,-2.236111111111111,-1.692633517495396,110.0,284.0,25.454545454545453,25.704225352112676,296.78125,292.5,-1.073921888360804,26.720987644861772,-1.780852994555353,0.24967989756722275,0.5434775936157152,-4.28125,1.0,2.2267489704051475,-0.08949349069673367
682626,"Alvarez, Francisco",R,2024,26.305319225237827,27.041781198126163,24.71264367816092,30.528375733855185,0.9670731707317073,-0.2960199004975124,140.0,474.0,22.142857142857142,28.270042194092827,369.54736527839975,350.6869333950042,0.7364619728883355,26.673550211681995,5.815732055694266,6.127185051235685,-1.2630930712292197,-18.860431883395563,1.0,2.2227958509734997,0.06137183107402796
682626,"Alvarez, Francisco",R,2025,26.060621679094726,25.839961832451294,23.417721518987342,29.41176470588235,1.8140287769784174,0.45661938534278956,118.0,396.0,27.11864406779661,32.323232323232325,416.47230838897684,392.22395486608275,-0.2206598466434322,25.95029175577301,5.994043186895009,5.204588255435716,-1.3574093916356278,-24.248353522894092,1.0,2.162524312981084,-0.018388320553619348
682626,"Alvarez, Francisco",R,2026,25.569725682191432,25.87612465607123,33.08550185873606,31.316187594553707,-0.4695918367346938,-0.05016556291390726,222.0,548.0,33.78378378378378,30.83941605839416,451.41935483870964,419.7514124293785,0.30639897387979786,25.72292516913133,-1.769314264182352,-2.944367725389622,0.4194262738207865,-31.667942409331147,1.0,2.143577097427611,0.02553324782331649
682641,"Matos, Luis",R,2024,28.835666494450702,28.346372406067974,41.666666666666664,39.37823834196891,-0.35614973262032107,-1.3077777777777777,106.0,189.0,15.09433962264151,12.698412698412698,320.0990758077288,303.53350053504545,-0.4892940883827279,28.59101945025934,-2.2884283246977546,-2.395926924228812,-0.9516280451574566,-16.56557527268336,1.0,2.382584954188278,-0.04077450736522733
682641,"Matos, Luis",R,2025,27.06160164762652,26.54018557925733,39.39393939393939,36.21621621621622,-0.4203225806451613,0.1349206349206349,158.0,195.0,19.620253164556964,17.435897435897434,306.1332711595939,282.03612595538436,-0.5214160683691915,26.800893613441925,-3.1777231777231734,-2.184355728659529,0.5552432155657963,-24.09714520420954,1.0,2.2334078011201606,-0.04345133903076596
682663,"Ramírez, Agustín",R,2025,27.575954536681987,28.55065809696738,32.686980609418285,31.80628272251309,-0.611402157164869,-0.07975708502024288,311.0,748.0,29.260450160771704,20.855614973262032,427.726590332789,368.79268881313703,0.9747035602853913,28.063306316824683,-0.880697886905196,-8.404835187509672,0.5316450721446261,-58.933901519651954,1.0,2.3386088597353902,0.08122529669044927
682663,"Ramírez, Agustín",R,2026,27.455459157485315,27.30934530188129,28.35820895522388,29.72027972027972,0.1750000000000001,-0.5147569444444444,171.0,282.0,30.4093567251462,26.595744680851062,390.36,290.9207920792079,-0.14611385560402468,27.3824022296833,1.3620707650558401,-3.8136120442951373,-0.6897569444444445,-99.43920792079211,1.0,2.2818668524736085,-0.012176154633668723
682668,"Acuña, Luisangel",R,2025,28.71848694080021,27.733230908897617,28.68217054263566,31.718061674008812,-0.9763779527559056,-1.8154566744730678,117.0,213.0,18.803418803418804,22.065727699530516,278.78708967540797,305.23131903833655,-0.985256031902594,28.225858924848914,3.035891131373152,3.262308896111712,-0.8390787217171622,26.44422936292858,1.0,2.352154910404076,-0.08210466932521616
682668,"Acuña, Luisangel",R,2026,30.23739138753735,31.11473692103141,33.663366336633665,33.65853658536585,-2.4898123324396786,-1.7395778364116095,193.0,187.0,23.83419689119171,25.668449197860962,292.55813953488376,318.7142857142857,0.8773455334940614,30.676064154284383,-0.004829751267813265,1.8342523066692529,0.7502344960280691,26.156146179401958,1.0,2.5563386795236984,0.07311212779117178
682674,"Bericoto, Victor",R,2026,29.593189927706216,29.732378924811535,42.4,43.67816091954023,-0.5855813953488372,-0.02988505747126453,120.0,102.0,32.5,24.50980392156863,410.64864864864865,399.54545454545456,0.13918899710531818,29.662784426258874,1.278160919540234,-7.990196078431371,0.5556963378775727,-11.103194103194085,1.0,2.4718987021882395,0.011599083092109849
682818,"Piñango, Yohendrick",L,2026,25.81725814999252,25.144391962076135,33.222591362126245,46.2962962962963,-0.05222602739726036,-3.0710526315789477,293.0,62.0,19.112627986348123,35.483870967741936,368.6981132075472,464.0,-0.6728661879163838,25.480825056034327,13.073704934170053,16.371242981393813,-3.018826604181687,95.30188679245282,0.0,2.1234020880028606,-0.056072182326365315
682868,"Ramos, Bryan",R,2024,27.973997699679963,26.74005530066495,32.35294117647059,21.8978102189781,-0.6054421768707484,-0.23882783882783895,71.0,112.0,30.985915492957748,25.0,343.26296169108673,332.9648140375692,-1.2339423990150138,27.357026500172456,-10.455130957492486,-5.985915492957748,0.36661433804290944,-10.298147653517503,1.0,2.2797522083477046,-0.10282853325125114
682928,"Abrams, CJ",L,2024,26.938874975466387,27.178196541492248,35.08771929824562,36.19047619047619,-0.28180076628352496,1.2095305832147938,828.0,372.0,21.3768115942029,26.0752688172043,374.286863773749,361.6348195278325,0.2393215660258612,27.058535758479316,1.1027568922305733,4.698457223001402,1.4913313494983187,-12.6520442459165,0.0,2.2548779798732763,0.019943463835488433
682928,"Abrams, CJ",L,2025,27.765377885207094,28.022241590704773,30.384615384615383,37.391304347826086,0.5840570719602979,-1.1557584269662922,812.0,361.0,19.82758620689655,28.53185595567867,364.8695200235862,314.70528706349,0.256863705497679,27.893809737955934,7.006688963210703,8.704269748782117,-1.73981549892659,-50.16423296009617,0.0,2.324484144829661,0.02140530879147325
682928,"Abrams, CJ",L,2026,28.613844569291285,29.095444575144864,34.2436974789916,42.673521850899746,1.5684179801517806,-0.37407894736842107,851.0,407.0,25.616921269095183,30.95823095823096,407.43493150684935,376.508064516129,0.4816000058535792,28.854644572218074,8.429824371908147,5.341309689135777,-1.9424969275202018,-30.926866990720328,0.0,2.4045537143515063,0.0401333338211316
682985,"Greene, Riley",L,2024,26.13099075434522,26.49619452025334,22.058823529411764,26.690391459074732,1.1980963045912656,-0.19169278996865208,775.0,294.0,25.161290322580644,24.14965986394558,448.2474206924363,430.8317311330247,0.3652037659081202,26.31359263729928,4.6315679296629675,-1.0116304586350644,-1.3897890945599176,-17.415689559411646,0.0,2.1927993864416067,0.030433647159010018
682985,"Greene, Riley",L,2025,29.84237234692755,29.95277204179236,31.673728813559322,30.402010050251256,1.1254036598493002,-0.6217136150234741,996.0,427.0,28.6144578313253,25.995316159250585,501.09476130923423,342.26340448612365,0.11039969486481027,29.897572194359956,-1.2717187633080655,-2.619141672074715,-1.7471172748727744,-158.83135682311058,0.0,2.491464349529996,0.009199974572067523
682985,"Greene, Riley",L,2026,30.757820558603356,30.851631317285765,26.436781609195403,25.944584382871536,0.9223371880706026,1.186842105263158,767.0,340.0,27.509778357235984,27.647058823529413,485.7061224489796,441.2115384615385,0.09381075868240885,30.80472593794456,-0.4921972263238672,0.13728046629342927,0.2645049171925553,-44.4945839874411,0.0,2.5670604948287132,0.007817563223534071
682987,"Jones, Spencer",L,2026,20.75884715383403,20.498770636383114,35.67662565905097,34.25925925925926,-0.31953204476093583,4.837681159420289,516.0,110.0,38.95348837209303,29.09090909090909,460.86086956521746,554.060606060606,-0.26007651745091565,20.62880889510857,-1.4173663997917103,-9.862579281183937,5.157213204181225,93.19973649538855,0.0,1.7190674079257142,-0.021673043120909636
682988,"Locklear, Tyler",R,2025,16.327364437031637,15.88120613872774,27.38095238095238,36.51685393258427,-0.9329113924050632,-1.3836990595611287,74.0,159.0,27.027027027027028,31.446540880503143,414.1138407888407,303.4939880952381,-0.44615829830389764,16.104285287879687,9.135901551631889,4.419513853476115,-0.45078766715606555,-110.61985269360264,1.0,1.3420237739899739,-0.03717985819199147
682998,"Carroll, Corbin",L,2024,28.95537136011655,29.019433796928677,23.25581395348837,28.431372549019606,0.6830371567043617,-0.11540436456996153,769.0,314.0,17.945383615084527,19.745222929936304,353.9567694487048,356.3520502159795,0.06406243681212587,28.987402578522612,5.1755585955312355,1.799839314851777,-0.7984415212743232,2.3952807672746985,0.0,2.415616881543551,0.005338536401010489
682998,"Carroll, Corbin",L,2025,30.53674787691916,30.979472562457712,32.51599147121535,29.28994082840237,1.277039954980304,0.21807065217391297,866.0,354.0,22.51732101616628,23.163841807909606,464.41395259258246,435.722255939309,0.4427246855385505,30.758110219688437,-3.2260506428129823,0.646520791743324,-1.058969302806391,-28.691696653273482,0.0,2.563175851640703,0.03689372379487921
682998,"Carroll, Corbin",L,2026,29.88008818314443,30.308911224773308,30.721649484536083,26.923076923076923,-0.08298708590679398,2.0462915601023015,831.0,327.0,25.270758122743683,24.464831804281346,400.5,405.1363636363636,0.42882304162887763,30.094499703958867,-3.79857256145916,-0.8059263184623369,2.1292786460090953,4.636363636363626,0.0,2.5078749753299054,0.035735253469073136
683002,"Henderson, Gunnar",L,2024,24.912710609965504,24.72419769843798,24.314096499526965,20.366132723112127,1.314776119402985,0.7127090301003343,917.0,364.0,21.374045801526716,24.725274725274726,475.1796554316971,363.64061944243286,-0.1885129115275248,24.818454154201742,-3.947963776414838,3.3512289237480104,-0.6020670893026507,-111.53903598926422,0.0,2.068204512850145,-0.0157094092939604
683002,"Henderson, Gunnar",L,2025,26.664085708364336,26.675313595565324,28.620689655172413,25.58139534883721,1.1424617196702003,-1.1645278450363197,817.0,371.0,22.52141982864137,24.528301886792452,409.4187961906178,367.8318415596485,0.011227887200988107,26.66969965196483,-3.0392943063352043,2.0068820581510813,-2.30698956470652,-41.586954630969274,0.0,2.222474970997069,0.000935657266749009
683002,"Henderson, Gunnar",L,2026,27.527209640612757,27.98734388825808,30.654761904761905,29.976019184652277,0.46211081794195247,-0.0036729857819904873,898.0,399.0,20.71269487750557,20.80200501253133,390.53225806451616,326.0779220779221,0.46013424764532473,27.757276764435417,-0.6787427201096286,0.0893101350257588,-0.46578380372394296,-64.45433598659406,0.0,2.3131063970362846,0.03834452063711039
683011,"Volpe, Anthony",R,2024,30.15871001022101,29.942244333540415,27.131782945736433,29.968454258675077,-0.5281528662420383,-0.5469296055916127,367.0,963.0,20.16348773841962,21.079958463136034,340.09025211643467,326.03849664601074,-0.21646567668059546,30.050477171880715,2.8366713129386447,0.9164707247164152,-0.018776739349574467,-14.051755470423927,1.0,2.5042064309900596,-0.018038806390049622
683011,"Volpe, Anthony",R,2025,28.9664112066025,28.55268551892913,24.65753424657534,23.598435462842243,-0.2865921787709497,-0.8354203935599285,306.0,791.0,19.934640522875817,23.13527180783818,356.95292357685014,372.318037343953,-0.41372568767337015,28.759548362765816,-1.0590987837330985,3.2006312849623626,-0.5488282147889787,15.365113767102855,1.0,2.3966290302304847,-0.03447714063944751
683011,"Volpe, Anthony",R,2026,28.60559372534066,28.573840192087765,23.369565217391305,26.573426573426573,-0.16521739130434776,-0.7305903398926655,158.0,268.0,21.518987341772153,22.761194029850746,341.10144927536237,315.1363636363636,-0.031753533252896204,28.589716958714213,3.2038613560352687,1.2422066880785927,-0.5653729485883178,-25.965085638998744,1.0,2.3824764132261844,-0.0026461277710746836
683021,"Stefanic, Michael",R,2024,26.47556391154953,26.428120295893784,29.11392405063291,19.37984496124031,-1.0948571428571428,-1.6453947368421051,82.0,115.0,8.536585365853659,10.434782608695652,291.1962632275132,225.42592592592592,-0.04744361565574451,26.451842103721656,-9.734079089392601,1.8981972428419933,-0.5505375939849624,-65.77033730158729,1.0,2.204320175310138,-0.003953634637978709
683146,"Baty, Brett",L,2024,26.41389542899115,26.39971434646771,32.481751824817515,29.310344827586206,-0.5551020408163265,-1.0204379562043795,266.0,73.0,24.06015037593985,21.91780821917808,346.50795221522253,274.99494949494954,-0.014181082523439414,26.40680488772943,-3.1714069972313084,-2.1423421567617673,-0.46533591538805297,-71.513002720273,0.0,2.2005670739774525,-0.0011817568769532845
683146,"Baty, Brett",L,2025,30.11392223462285,29.64031846058601,24.498567335243553,26.08695652173913,0.5120689655172415,-0.23630363036303634,675.0,140.0,25.62962962962963,14.285714285714286,422.1779683451246,389.9088927398383,-0.4736037740368424,29.877120347604432,1.5883891864955757,-11.343915343915343,-0.7483725958802778,-32.26907560528633,0.0,2.489760028967036,-0.03946698116973687
683146,"Baty, Brett",L,2026,28.111682801072185,28.444171258088733,30.3475935828877,22.905027932960895,0.15157824042981874,-1.6816901408450704,751.0,150.0,27.163781624500665,28.0,398.28512396694214,332.1666666666667,0.3324884570165487,28.27792702958046,-7.442565649926806,0.8362183754993353,-1.8332683812748891,-66.11845730027545,0.0,2.356493919131705,0.027707371418045728
683227,"Freeman, Cody",R,2025,28.193706432884156,26.32946648336173,40.0,31.677018633540374,-1.5171122994652408,-0.7081761006289308,89.0,138.0,12.359550561797754,10.869565217391305,273.242757852292,308.68988126882863,-1.8642399495224247,27.26158645812294,-8.322981366459626,-1.489985344406449,0.8089361988363101,35.44712341653661,1.0,2.2717988715102453,-0.15535332912686872
683227,"Freeman, Cody",R,2026,26.635921100798775,26.671542730053627,29.166666666666668,25.84269662921348,1.207486631016043,-1.962303664921466,81.0,79.0,17.28395061728395,11.39240506329114,232.64516129032256,222.20000000000002,0.03562162925485168,26.6537319154262,-3.3239700374531864,-5.89154555399281,-3.169790295937509,-10.445161290322545,1.0,2.2211443262855166,0.0029684691045709735
683357,"Caissie, Owen",L,2026,28.65185794886569,29.024656304411387,30.25078369905956,27.058823529411764,-0.19603040540540537,-1.1130681818181818,558.0,68.0,32.795698924731184,36.76470588235294,452.82802547770694,351.3684210526316,0.3727983555456973,28.83825712663854,-3.191960169647796,3.969006957621758,-0.9170377764127764,-101.45960442507533,0.0,2.403188093886545,0.03106652962880811
683734,"Vaughn, Andrew",R,2024,30.765989497631875,30.42648246304751,36.62420382165605,31.72645739910314,0.5560402684563758,-0.27824339839265216,304.0,850.0,19.407894736842106,20.352941176470587,400.3277658154162,369.7520960652022,-0.33950703458436493,30.596235980339692,-4.897746422552913,0.9450464396284808,-0.8342836668490279,-30.575669750214047,1.0,2.5496863316949745,-0.02829225288203041
683734,"Vaughn, Andrew",R,2025,31.777544988442177,31.58447212569615,25.72463768115942,29.716193656093488,1.2107806691449814,-0.926458157227388,248.0,559.0,16.129032258064516,22.361359570661897,427.5481746758247,385.91369828615797,-0.1930728627460283,31.681008557069163,3.991555974934066,6.232327312597381,-2.1372388263723696,-41.63447638966676,1.0,2.64008404642243,-0.01608940522883569
683734,"Vaughn, Andrew",R,2026,31.781093729380657,31.662619708744337,21.140939597315437,25.119617224880383,1.5648698884758365,0.6925518925518926,190.0,329.0,15.789473684210526,18.541033434650455,356.4795918367347,331.1798561151079,-0.11847402063632018,31.721856719062497,3.978677627564945,2.751559750439929,-0.8723179959239439,-25.299735721626803,1.0,2.6434880599218746,-0.009872835053026682
683737,"Busch, Michael",L,2024,29.90798630467793,30.647365295547864,23.68421052631579,21.21212121212121,0.5801436634171369,-0.09710843373493984,876.0,188.0,26.255707762557076,22.340425531914892,422.72565843365516,346.658445925659,0.739378990869934,30.277675800112895,-2.47208931419458,-3.915282230642184,-0.6772520971520767,-76.06721250799615,0.0,2.523139650009408,0.06161491590582783
683737,"Busch, Michael",L,2025,30.921134542027236,31.247686297658063,23.231256599788807,21.301775147928993,1.6485714285714286,-0.14386920980926435,921.0,162.0,23.669923995656895,23.45679012345679,483.34390041470266,339.97676370266504,0.3265517556308275,31.084410419842648,-1.9294814518598145,-0.21313387220010327,-1.792440638380693,-143.36713671203762,0.0,2.5903675349868873,0.02721264630256896
683737,"Busch, Michael",L,2026,29.724691541572124,29.96606202613047,25.56179775280899,22.727272727272727,0.5202404809619238,0.7341333333333332,868.0,321.0,25.46082949308756,19.314641744548286,365.2073578595318,376.56692913385825,0.2413704845583453,29.845376783851297,-2.834525025536262,-6.146187748539273,0.21389285237140943,11.35957127432647,0.0,2.487114731987608,0.020114207046528776
683748,"Mesa Jr., Victor",L,2026,28.49371563198331,28.624718861545137,35.294117647058826,30.927835051546392,1.1415407854984896,0.5916256157635469,361.0,108.0,24.653739612188367,15.74074074074074,411.6422764227642,302.0425531914894,0.13100322956182708,28.559217246764224,-4.366282595512434,-8.912998871447627,-0.5499151697349427,-109.59972323127482,0.0,2.3799347705636853,0.010916935796818924
683766,"Koss, Christian",R,2025,27.9489547680117,26.772740910527705,34.177215189873415,34.12322274881517,-0.6226415094339623,-0.2652806652806652,83.0,267.0,33.734939759036145,25.46816479400749,408.7176113360324,375.1891441851247,-1.1762138574839938,27.360847839269702,-0.05399244105824863,-8.266774965028656,0.35736084415329716,-33.528467150907716,1.0,2.280070653272475,-0.09801782145699948
683766,"Koss, Christian",R,2026,26.906127374384795,27.121701205537185,40.49586776859504,37.2093023255814,0.466666666666667,-1.397165991902834,114.0,254.0,28.07017543859649,25.984251968503937,253.11904761904762,321.8020833333333,0.21557383115239048,27.01391428996099,-3.286565443013643,-2.0859234700925526,-1.863832658569501,68.6830357142857,1.0,2.2511595241634157,0.017964485929365875
683953,"Bazzana, Travis",L,2026,30.485484179629168,30.64051217990681,26.412429378531073,26.10062893081761,0.752029520295203,-0.9971291866028708,611.0,276.0,21.76759410801964,21.73913043478261,339.7118644067796,276.86458333333337,0.15502800027764252,30.562998179767987,-0.3118004477134626,-0.028463673237030918,-1.7491587068980738,-62.847281073446254,0.0,2.5469165149806656,0.012919000023136876
685133,"Meckler, Wade",L,2026,12.884731913303977,13.62069360698597,22.641509433962263,26.21359223300971,0.2735355648535564,-0.6874316939890709,424.0,77.0,19.81132075471698,19.48051948051948,347.7807486631016,262.24242424242425,0.7359616936819933,13.252712760144973,3.572082799047447,-0.33080127419750127,-0.9609672588426272,-85.53832442067733,0.0,1.104392730012081,0.061330141140166106
686217,"Frelick, Sal",L,2024,30.301460004609567,31.138577051840812,26.594464500601685,22.404371584699454,-0.4350772889417361,-0.18305555555555544,702.0,143.0,11.538461538461538,11.888111888111888,304.37559079752765,245.02898550724638,0.8371170472312457,30.72001852822519,-4.19009291590223,0.34965034965035,0.2520217333861806,-59.346605290281275,0.0,2.560001544018766,0.06975975393593714
686217,"Frelick, Sal",L,2025,30.775621854316203,31.301992864841775,25.061425061425062,29.197080291970803,0.7132030787448194,-0.23882544861337685,734.0,276.0,9.945504087193461,11.231884057971014,312.21449101020005,286.84736842105264,0.5263710105255726,31.03880735957899,4.135655230545741,1.2863799707775527,-0.9520285273581962,-25.367122589147414,0.0,2.5865672799649158,0.04386425087713105
686217,"Frelick, Sal",L,2026,32.1342749920724,32.87972796690926,25.1984126984127,21.637426900584796,-0.6473584905660377,-1.1028653295128938,460.0,144.0,7.391304347826087,12.5,264.1388888888889,295.6623376623377,0.7454529748368586,32.507001479490825,-3.560985797827904,5.108695652173913,-0.4555068389468562,31.523448773448763,0.0,2.7089167899575686,0.06212108123640488
686469,"Pasquantino, Vinnie",L,2024,26.881816672767577,27.49475391112974,29.954441913439634,34.05172413793103,0.7499698613622664,-0.5226890756302521,778.0,238.0,11.182519280205655,17.647058823529413,361.76623338657913,334.60527006605935,0.6129372383621643,27.18828529194866,4.097282224491398,6.464539543323758,-1.2726589369925185,-27.160963320519784,0.0,2.2656904409957215,0.051078103196847024
686469,"Pasquantino, Vinnie",L,2025,28.51128129103192,28.92359217967449,29.858299595141702,32.40418118466899,1.1566768603465851,-0.9366559485530546,914.0,316.0,15.75492341356674,19.303797468354432,375.4100193720416,336.5835282266074,0.41231088864256904,28.717436735353203,2.5458815895272906,3.5488740547876922,-2.09333280889964,-38.82649114543415,0.0,2.3931197279461003,0.03435924072021409
686469,"Pasquantino, Vinnie",L,2026,29.10688033615512,29.81619265171764,29.514824797843666,32.075471698113205,0.818731343283582,-1.068762677484787,602.0,238.0,12.956810631229235,16.80672268907563,373.8975409836066,300.7333333333333,0.7093123155625207,29.46153649393638,2.560646900269539,3.849912057846396,-1.887494020768369,-73.16420765027328,0.0,2.4551280411613647,0.05910935963021006
686475,"Tolbert, Tyler",R,2026,31.95830948426992,31.964693294559815,25.974025974025974,25.263157894736842,0.2615646258503401,1.4852216748768472,136.0,103.0,26.470588235294116,30.097087378640776,289.9454545454545,372.3720930232558,0.006383810289896985,31.961501389414867,-0.7108680792891313,3.62649914334666,1.223657049026507,82.4266384778013,1.0,2.6634584491179054,0.0005319841908247488
686527,"Canzone, Dominic",L,2025,31.21008117623325,33.2877517297643,38.902147971360385,29.6,1.4371761658031088,-0.011328124999999951,413.0,117.0,23.97094430992736,26.495726495726494,478.6934163800305,382.514886628523,2.0776705535310533,32.24891645299878,-9.302147971360384,2.5247821857991326,-1.4485042908031087,-96.17852975150748,0.0,2.687409704416565,0.17313921279425445
686527,"Canzone, Dominic",L,2026,31.423683187511195,33.22349845257188,37.46594005449591,28.027681660899653,0.3564139941690962,1.0721518987341772,689.0,223.0,25.25399129172714,23.766816143497756,425.70895522388065,385.3012048192771,1.799815265060687,32.32359082004154,-9.438258393596257,-1.4871751482293831,0.7157379045650809,-40.407750404603576,0.0,2.693632568336795,0.1499846054217239
686611,"Crews, Dylan",R,2024,31.79022791436229,31.997276459063837,25.274725274725274,27.11864406779661,-0.05151515151515147,-0.9067415730337077,75.0,157.0,24.0,21.656050955414013,419.87480359147025,352.2877784176203,0.20704854470154643,31.893752186713066,1.8439187930713352,-2.3439490445859867,-0.8552264215185562,-67.58702517384995,1.0,2.657812682226089,0.017254045391795536
686611,"Crews, Dylan",R,2025,29.752903334358933,29.989036006918475,23.728813559322035,30.88888888888889,-1.3567765567765568,-0.3565068493150684,132.0,420.0,21.96969696969697,30.476190476190474,334.8819212311361,372.25717006039594,0.23613267255954185,29.870969670638704,7.160075329566855,8.506493506493506,1.0002697074614884,37.37524882925982,1.0,2.489247472553225,0.019677722713295154
686611,"Crews, Dylan",R,2026,31.275043347621097,31.204833517728066,28.625954198473284,34.04255319148936,0.8776209677419354,-0.8317504655493482,240.0,569.0,25.416666666666668,28.99824253075571,420.31914893617017,367.19791666666663,-0.07020982989303093,31.23993843267458,5.416598993016077,3.581575864089043,-1.7093714332912837,-53.12123226950354,1.0,2.603328202722882,-0.005850819157752578
686668,"Doyle, Brenton",R,2024,25.543703724505832,24.784995439979497,28.930817610062892,30.54862842892768,0.49966722129783697,0.4072118480360592,323.0,779.0,25.69659442724458,27.85622593068036,416.12557932262763,412.5305340451693,-0.7587082845263353,25.164349582242664,1.6178108188647897,2.1596315034357794,-0.09245537326177777,-3.5950452774583255,1.0,2.097029131853555,-0.06322569037719461
686668,"Doyle, Brenton",R,2025,24.345435897109176,23.97137947805764,28.90625,30.369357045143637,1.5389344262295082,-1.1435109289617487,259.0,720.0,22.77992277992278,29.305555555555557,421.0921822349853,366.69871170921255,-0.37405641905153786,24.158407687583406,1.4631070451436372,6.525632775632776,-2.682445355191257,-54.39347052577273,1.0,2.0132006406319505,-0.031171368254294823
686668,"Doyle, Brenton",R,2026,25.410011097001785,24.709980118759916,37.362637362637365,32.63157894736842,-0.2436578171091445,-1.9660000000000002,180.0,218.0,31.666666666666668,27.98165137614679,359.10714285714283,324.8888888888889,-0.7000309782418697,25.05999560788085,-4.731058415268947,-3.6850152905198783,-1.7223421828908556,-34.21825396825392,1.0,2.0883329673234043,-0.058335914853489136
686676,"Lee, Korey",R,2024,28.449936251176947,28.195636604564317,34.61538461538461,35.4251012145749,-1.1669211195928755,-1.2483059051306875,233.0,605.0,29.184549356223176,34.87603305785124,343.42767575357675,357.49782010369915,-0.2542996466126297,28.322786427870632,0.8097165991902884,5.691483701628062,-0.08138478553781203,14.070144350122405,1.0,2.360232202322553,-0.021191637217719144
686681,"Massey, Michael",L,2024,26.535879486856672,27.028677617656324,35.72679509632224,45.370370370370374,0.31366515837104064,-0.8473684210526317,568.0,123.0,13.732394366197184,27.642276422764226,362.41751532622914,313.7333462465565,0.4927981307996525,26.7822785522565,9.643575274048132,13.909882056567042,-1.1610335794236724,-48.68416907967264,0.0,2.231856546021375,0.04106651089997104
686681,"Massey, Michael",L,2025,27.0633313613324,27.079076985319617,37.71289537712895,36.25,-1.4464922711058263,-2.3123529411764707,452.0,93.0,15.70796460176991,18.27956989247312,308.66656578681324,241.5577249575552,0.015745623987218238,27.07120417332601,-1.4628953771289517,2.571605290703209,-0.8658606700706444,-67.10884082925804,0.0,2.2559336811105006,0.0013121353322681866
686681,"Massey, Michael",L,2026,23.9923679006381,23.964937091152645,39.291217257318955,34.5679012345679,-0.16863711001642034,0.5413105413105413,644.0,185.0,16.304347826086957,24.324324324324323,354.4082397003745,314.66666666666663,-0.0274308094854554,23.978652495895375,-4.723316022751057,8.019976498237366,0.7099476513269617,-39.74157303370788,0.0,1.9982210413246146,-0.0022859007904546167
686780,"Pagés, Pedro",R,2024,28.62357306298564,28.50731937548272,32.16783216783217,36.53136531365314,-0.9796178343949046,-0.7985046728971964,165.0,267.0,23.03030303030303,23.59550561797753,371.13581161907734,353.3011900556006,-0.11625368750291898,28.56544621923418,4.363533145820973,0.5652025876744986,0.18111316149770817,-17.83462156347673,1.0,2.3804538516028484,-0.009687807291909914
686780,"Pagés, Pedro",R,2025,27.276827146353103,27.09910558800457,37.1900826446281,35.040983606557376,-0.6010869565217392,-0.8468871595330738,233.0,534.0,26.609442060085836,23.970037453183522,329.05630317388585,332.6904216857641,-0.17772155834853365,27.187966367178838,-2.149099038070723,-2.639404606902314,-0.24580020301133465,3.6341185118782278,1.0,2.26566386393157,-0.014810129862377805
686780,"Pagés, Pedro",R,2026,27.243486810720743,26.846460987099498,33.78378378378378,36.607142857142854,-1.8661870503597124,-1.0832951945080094,207.0,212.0,25.603864734299517,26.88679245283019,331.07017543859644,334.68918918918916,-0.39702582362124517,27.044973898910122,2.8233590733590717,1.2829277185306722,0.7828918558517031,3.6190137505927282,1.0,2.2537478249091767,-0.03308548530177043
686823,"Brennan, Will",L,2024,27.676511898326304,27.58580833127372,34.11978221415608,29.62962962962963,0.2311490125673249,-3.0809917355371903,609.0,63.0,15.763546798029557,17.46031746031746,340.7005360982983,238.82877984084882,-0.0907035670525822,27.63116011480001,-4.490152584526452,1.6967706622879017,-3.312140748104515,-101.87175625744948,0.0,2.302596676233334,-0.007558630587715183
686948,"Baldwin, Drake",L,2025,26.437773083270887,27.173141631912465,29.645390070921987,25.149700598802394,0.9111031002162941,1.528650137741047,688.0,179.0,17.00581395348837,16.75977653631285,390.79585556535733,354.8648730747316,0.7353685486415777,26.805457357591678,-4.495689472119594,-0.24603741717552197,0.6175470375247529,-35.93098249062575,0.0,2.23378811313264,0.06128071238679814
686948,"Baldwin, Drake",L,2026,27.472335924651205,27.969717775586854,34.53237410071942,33.57664233576642,1.2823376623376626,-0.15477707006369434,797.0,384.0,23.58845671267252,22.395833333333332,455.2332015810277,398.0993377483444,0.4973818509356498,27.72102685011903,-0.9557317649530006,-1.1926233793391887,-1.437114732401357,-57.13386383268329,0.0,2.3100855708432526,0.041448487577970816
687093,"Grissom, Vaughn",R,2026,26.48399178080695,26.16570888854771,29.859154929577464,32.015810276679844,0.06070381231671553,0.3499042145593868,316.0,526.0,18.670886075949365,20.342205323193916,332.5725806451613,338.96500000000003,-0.31828289225924067,26.32485033467733,2.1566553471023795,1.6713192472445506,0.2892004022426713,6.392419354838751,1.0,2.1937375278897773,-0.026523574354936724
687221,"Rushing, Dalton",L,2025,29.956962576458185,29.76504371052415,20.388349514563107,16.923076923076923,-0.7004405286343612,-2.6945205479452055,201.0,68.0,34.82587064676617,26.470588235294116,447.92041388290875,343.01874622052003,-0.19191886593403495,29.861003143491168,-3.4652725914861833,-8.355282411472054,-1.9940800193108443,-104.90166766238872,0.0,2.488416928624264,-0.015993238827836247
687221,"Rushing, Dalton",L,2026,30.900424012021293,30.874763366341153,30.76923076923077,28.94736842105263,1.0568376068376069,-0.9755274261603373,352.0,110.0,30.681818181818183,26.363636363636363,463.788990825688,346.575,-0.025660645680140703,30.887593689181223,-1.82186234817814,-4.31818181818182,-2.0323650329979444,-117.21399082568803,0.0,2.5739661407651018,-0.002138387140011725
687231,"Hernaiz, Darell",R,2024,30.406157974621035,30.64513083350184,23.529411764705884,27.659574468085108,-0.40917874396135273,-2.285197368421053,100.0,137.0,20.0,22.62773722627737,321.85862785862787,288.4520474137931,0.23897285888080688,30.52564440406144,4.130162703379224,2.6277372262773717,-1.8760186244597001,-33.40658044483479,1.0,2.543803700338453,0.019914404906733907
687231,"Hernaiz, Darell",R,2025,30.73541968513154,30.85017867847554,31.428571428571427,30.737704918032787,0.7022831050228311,-1.3528455284552845,106.0,255.0,16.9811320754717,15.686274509803921,265.1190476190476,325.79824629601416,0.11475899334400097,30.792799181803538,-0.6908665105386405,-1.2948575656677779,-2.0551286334781156,60.679198676966564,1.0,2.566066598483628,0.009563249445333414
687231,"Hernaiz, Darell",R,2026,30.04982555518654,30.175188923937704,38.34586466165413,34.48275862068966,-0.11447368421052627,-1.3146153846153845,114.0,197.0,21.05263157894737,23.3502538071066,282.390243902439,260.0,0.12536336875116305,30.11250723956212,-3.8631060409644746,2.2976222281592307,-1.2001417004048582,-22.39024390243901,1.0,2.5093756032968435,0.010446947395930254
687263,"Neto, Zach",R,2024,23.0231318599503,22.19487771536588,36.32286995515695,29.906542056074766,2.5969411764705876,-0.19280343716433945,211.0,900.0,23.222748815165875,26.444444444444443,448.45451319526785,360.71459457222136,-0.8282541445844203,22.60900478765809,-6.416327899082187,3.2216956292785675,-2.789744613634927,-87.73991862304649,1.0,1.884083732304841,-0.06902117871536835
687263,"Neto, Zach",R,2025,18.625692905209956,18.334749994304765,34.43396226415094,28.983957219251337,-0.19738095238095218,0.6093167701863355,212.0,838.0,35.84905660377358,25.894988066825775,558.4949569397338,421.6048062746202,-0.29094291090519064,18.48022144975736,-5.450005044899605,-9.954068536947808,0.8066977225672877,-136.8901506651136,1.0,1.5400184541464466,-0.024245242575432552
687263,"Neto, Zach",R,2026,16.44987161340956,16.484142485033562,35.59322033898305,37.92800702370501,1.1436813186813186,0.25919597989949744,364.0,1015.0,29.395604395604394,31.822660098522167,421.10833333333335,392.83882783882785,0.03427087162400255,16.46700704922156,2.334786684721955,2.427055702917773,-0.8844853387818212,-28.269505494505495,1.0,1.37225058743513,0.0028559059686668795
687363,"Scott II, Victor",L,2024,28.63405401135729,30.023868269820028,30.14354066985646,23.4375,-1.6599514563106799,-0.25170068027210885,207.0,71.0,23.67149758454106,28.169014084507044,288.42291045803705,402.87861051991484,1.3898142584627386,29.32896114058866,-6.70604066985646,4.4975164999659825,1.408250776038571,114.45570006187779,0.0,2.444080095049055,0.11581785487189489
687363,"Scott II, Victor",L,2025,23.294332202566785,23.89597436457584,23.462783171521036,23.004694835680752,-0.5822567457072771,-1.1067567567567567,596.0,205.0,23.65771812080537,26.829268292682926,325.2657877697863,319.9787162162162,0.6016421620090533,23.595153283571314,-0.45808833584028363,3.1715501718775556,-0.5245000110494795,-5.287071553570115,0.0,1.9662627736309428,0.05013684683408778
687363,"Scott II, Victor",L,2026,25.25701511916109,25.78556691243937,20.73170731707317,26.136363636363637,-2.1539078156312623,0.1720812182741117,232.0,91.0,25.862068965517242,17.582417582417584,324.3972602739726,283.09090909090907,0.5285517932782824,25.52129101580023,5.404656319290467,-8.279651383099658,2.325989033905374,-41.306351183063555,0.0,2.126774251316686,0.0440459827731902
687401,"Ortiz, Joey",R,2024,29.906247263753475,29.872995662818795,25.766871165644172,24.061196105702365,0.4235119047619048,0.14139118457300268,271.0,562.0,16.605166051660518,14.05693950177936,349.71931666147094,321.82428163751143,-0.033251600934679715,29.889621463286133,-1.7056750599418073,-2.548226549881159,-0.2821207201889021,-27.895035023959508,1.0,2.4908017886071776,-0.002770966744556643
687401,"Ortiz, Joey",R,2025,31.825050809497128,32.0135081004245,33.898305084745765,32.666666666666664,0.378219696969697,-1.1497374343585895,252.0,611.0,13.095238095238095,15.875613747954173,298.2130573894085,292.5617300011841,0.1884572909273743,31.919279454960815,-1.2316384180791005,2.780375652716078,-1.5279571313282865,-5.651327388224388,1.0,2.659939954580068,0.015704774243947856
687401,"Ortiz, Joey",R,2026,31.516202498500405,31.724391626433206,33.22981366459627,31.914893617021278,-0.693189368770764,0.21493165089379593,267.0,425.0,16.47940074906367,19.058823529411764,318.8252427184466,333.4347826086957,0.2081891279328012,31.620297062466804,-1.3149200475749936,2.579422780348093,0.9081210196645599,14.609539890249096,1.0,2.635024755205567,0.0173490939944001
687462,"Horwitz, Spencer",L,2024,29.14789901020674,29.564961786546046,25.45757071547421,26.589595375722542,1.2149999999999999,-1.3793478260869565,555.0,173.0,16.756756756756758,17.91907514450867,374.1248209640555,344.69225492022105,0.4170627763393071,29.356430398376393,1.1320246602483337,1.1623183877519132,-2.594347826086956,-29.43256604383447,0.0,2.4463691998646993,0.03475523136160893
687462,"Horwitz, Spencer",L,2025,29.238174481856817,30.647269317409037,22.73381294964029,26.548672566371682,0.8539035980991174,-0.8937777777777777,676.0,109.0,14.940828402366863,24.770642201834864,361.4282062368008,262.6789428815004,1.4090948355522208,29.94272189963293,3.8148596167313933,9.829813799468,-1.747681375876895,-98.7492633553004,0.0,2.4952268249694107,0.11742456962935173
687462,"Horwitz, Spencer",L,2026,32.04665029686569,33.267598686372764,25.0,24.137931034482758,0.22803138373751783,-0.5005797101449276,568.0,146.0,14.084507042253522,19.863013698630137,315.704,293.43103448275866,1.2209483895070719,32.65712449161923,-0.862068965517242,5.778506656376615,-0.7286110938824455,-22.272965517241346,0.0,2.721427040968269,0.10174569912558933
687515,"Thomas, Colby",R,2025,29.74859119984903,29.674208103668207,35.65891472868217,45.04504504504504,2.1606177606177606,-2.434090909090909,140.0,136.0,32.857142857142854,35.294117647058826,501.3618011218589,327.250530638612,-0.07438309618082428,29.71139965175862,9.386130316362873,2.436974789915972,-4.59470866970867,-174.11127048324687,1.0,2.475949970979885,-0.006198591348402023
687551,"Gilbert, Drew",L,2026,30.531224773096312,30.989437923449472,23.06547619047619,37.38317757009346,0.5532233883058472,-4.3170854271356776,546.0,92.0,18.681318681318682,27.17391304347826,373.54811715481173,230.35714285714286,0.4582131503531599,30.760331348272892,14.317701379617269,8.49259436215958,-4.870308815441525,-143.19097429766887,0.0,2.5633609456894075,0.03818442919609666
687597,"Beck, Jordan",R,2024,22.35813122676029,21.891330849541895,38.297872340425535,31.623931623931625,-2.5403061224489796,-1.180728051391863,111.0,242.0,32.432432432432435,30.165289256198346,406.82751311255765,367.51874337802315,-0.4668003772183944,22.12473103815109,-6.6739407164939095,-2.2671431762340895,1.3595780710571166,-39.30876973453451,1.0,1.8437275865125908,-0.0389000314348662
687597,"Beck, Jordan",R,2025,17.71216213223207,17.63382868214315,29.25925925925926,26.52370203160271,1.280108499095841,-0.21521126760563378,266.0,833.0,25.93984962406015,30.13205282112845,448.4714809411784,377.83868046563134,-0.07833345008891968,17.67299540718761,-2.7355572276565496,4.192203197068299,-1.4953197667014746,-70.63280047554707,1.0,1.4727496172656342,-0.006527787507409973
687597,"Beck, Jordan",R,2026,19.92608931272294,19.12852118579136,38.04347826086956,37.267080745341616,0.17746478873239444,-3.531313131313131,183.0,158.0,28.415300546448087,27.21518987341772,389.5192307692307,247.86538461538458,-0.79756812693158,19.52730524925715,-0.7763975155279468,-1.2001106730303661,-3.7087779200455255,-141.65384615384613,1.0,1.6272754374380958,-0.06646401057763167
687637,"Beavers, Dylan",L,2026,30.871744546257403,31.23442238190774,24.870466321243523,20.74074074074074,0.039263803680981556,-1.0734767025089604,485.0,107.0,22.47422680412371,21.49532710280374,379.58381502890177,258.2325581395349,0.36267783565033795,31.053083464082572,-4.129725580502782,-0.9788997013199712,-1.112740506189942,-121.35125688936688,0.0,2.587756955340214,0.030223152970861495
687749,"Bowen, Jase",R,2026,29.182943228347774,28.86891678327311,34.09090909090909,50.0,-1.257894736842105,-4.30969696969697,86.0,86.0,36.04651162790697,40.69767441860465,389.9285714285714,384.28,-0.3140264450746635,29.025930005810444,15.909090909090907,4.651162790697676,-3.0518022328548646,-5.648571428571415,1.0,2.4188275004842037,-0.026168870422888624
687859,"Johnston, Troy",L,2026,33.71436591519056,34.75446819736395,35.25835866261398,38.541666666666664,0.780948487326247,-1.8311053984575838,625.0,217.0,22.56,21.19815668202765,374.53043478260867,293.1341463414634,1.040102282173386,34.23441705627725,3.283308004052685,-1.3618433179723475,-2.6120538857838307,-81.39628844114526,0.0,2.8528680880231043,0.08667519018111551
687952,"Encarnacion-Strand, Christian",R,2024,30.429813362025797,30.50244819870865,38.888888888888886,41.25,-2.775177304964539,-1.5261290322580645,78.0,174.0,29.487179487179485,25.862068965517242,330.3566433566433,425.32733327407055,0.07263483668285176,30.466130780367223,2.3611111111111143,-3.6251105216622435,1.2490482727064747,94.97068991742725,1.0,2.5388442316972686,0.006052903056904313
687952,"Encarnacion-Strand, Christian",R,2025,30.556866565755893,30.187432663239075,54.23728813559322,43.888888888888886,-6.597345132743363,0.346629213483146,71.0,193.0,22.535211267605632,23.316062176165804,211.08425160697885,373.86142074581653,-0.3694339025168176,30.372149614497484,-10.348399246704332,0.780850908560172,6.943974346226509,162.77716913883768,1.0,2.5310124678747905,-0.030786158543068137
687952,"Encarnacion-Strand, Christian",R,2026,25.96936677297155,25.961748023287587,47.53086419753087,46.25,2.8712280701754382,-0.10173160173160178,171.0,276.0,31.57894736842105,24.63768115942029,606.0454545454545,343.64367816091954,-0.007618749683963699,25.96555739812957,-1.2808641975308674,-6.941266209000762,-2.97295967190704,-262.40177638453497,1.0,2.163796449844131,-0.0006348958069969749
689172,"Wisely, Brett",L,2024,22.299637038683112,22.87238693831087,30.851063829787233,28.72340425531915,-1.47708066581306,0.21708542713567838,382.0,100.0,16.230366492146597,35.0,302.0373804267844,391.8090178854068,0.5727498996277589,22.586011988496992,-2.1276595744680833,18.769633507853403,1.6941660929487383,89.77163745862237,0.0,1.8821676657080826,0.047729158302313245
689414,"Hicks, Liam",L,2025,27.40037328789542,27.514799891984403,16.938110749185668,20.869565217391305,0.13511214230471774,-0.044672131147540976,476.0,99.0,13.445378151260504,12.121212121212121,312.44117524533044,279.7530487804878,0.1144266040889832,27.45758658993991,3.9314544682056365,-1.3241660300483833,-0.17978427345225872,-32.68812646484264,0.0,2.288132215828326,0.0095355503407486
689414,"Hicks, Liam",L,2026,28.529543029060132,28.909717965753917,25.476190476190474,30.96446700507614,1.572431397574984,-2.225316455696203,647.0,161.0,10.046367851622875,12.422360248447205,323.05454545454546,227.77380952380952,0.3801749366937841,28.719630497407024,5.488276528885667,2.37599239682433,-3.797747853271187,-95.28073593073594,0.0,2.3933025414505855,0.031681244724482006
690022,"Ritter, Ryan",R,2025,25.986412089259403,25.798377292776173,38.57142857142857,31.4878892733564,-0.840506329113924,-1.016474464579901,97.0,313.0,30.927835051546392,35.46325878594249,336.90625,305.5639320029564,-0.18803479648322963,25.89239469101779,-7.083539298072168,4.535423734396101,-0.17596813546597712,-31.342317997043608,1.0,2.1576995575848157,-0.015669566373602468
690924,"Fulford, Braxton",R,2025,22.364581586360103,22.32900621096671,18.181818181818183,33.333333333333336,0.24500000000000005,-2.606159420289855,83.0,139.0,24.096385542168676,30.93525179856115,400.7248732467446,291.04347826086956,-0.035575375393392505,22.346793898663407,15.151515151515152,6.838866256392475,-2.851159420289855,-109.68139498587504,1.0,1.8622328248886173,-0.0029646146161160423
690984,"Halpin, Petey",L,2026,32.68580689271254,32.830613987018864,40.24390243902439,33.333333333333336,-0.8774678111587983,-3.3521739130434787,286.0,86.0,21.32867132867133,26.74418604651163,354.7383177570094,258.2903225806452,0.14480709430632288,32.75821043986571,-6.910569105691053,5.415514717840299,-2.4747061018846805,-96.4479951763642,0.0,2.729850869988809,0.01206725785886024
690993,"Keith, Colt",L,2024,26.159067311942863,25.885331502462343,30.778032036613272,24.666666666666668,-0.10271386430678464,0.2678571428571428,832.0,151.0,20.91346153846154,24.503311258278146,374.53308512694883,306.5180076628352,-0.27373580948052023,26.022199407202603,-6.111365369946604,3.5898497198166055,0.37057100716392744,-68.01507746411363,0.0,2.1685166172668837,-0.022811317456710018
690993,"Keith, Colt",L,2025,22.79985567265736,22.762723455485183,25.248756218905474,25.806451612903224,0.4586227909811091,-1.9603174603174602,741.0,78.0,20.3778677462888,21.794871794871796,407.8548118212613,297.5369406867846,-0.037132217172175075,22.781289564071272,0.5576953939977507,1.4170040485829958,-2.418940251298569,-110.31787113447672,0.0,1.8984407970059394,-0.0030943514310145894
691016,"Soderstrom, Tyler",L,2025,28.84665174044056,28.597009686323503,27.058823529411764,34.81781376518219,0.9653002309468822,0.2188118811881188,830.0,257.0,21.325301204819276,24.90272373540856,405.93505990348393,407.02731456895157,-0.2496420541170572,28.721830713382033,7.758990235770423,3.577422530589285,-0.7464883497587634,1.0922546654676353,0.0,2.393485892781836,-0.020803504509754767
691016,"Soderstrom, Tyler",L,2026,27.965969009281803,28.19310284542752,24.186046511627907,30.036630036630036,1.0943661971830987,-0.3956043956043956,532.0,266.0,18.60902255639098,25.18796992481203,359.13145539906105,370.6304347826087,0.22713383614571825,28.079535927354662,5.850583525002129,6.578947368421051,-1.4899705927874942,11.498979383547635,0.0,2.339961327279555,0.018927819678809854
691019,"Teel, Kyle",L,2025,30.156458206168868,30.848803106581705,23.483365949119374,23.300970873786408,0.8871769383697814,-0.6162037037037037,456.0,87.0,25.657894736842106,34.48275862068966,412.43447570164176,301.5019169589689,0.6923449004128379,30.50263065637529,-0.18239507533296617,8.824863883847552,-1.503380642073485,-110.93255874267288,0.0,2.541885888031274,0.05769540836773649
691019,"Teel, Kyle",L,2026,26.77689728220151,27.394093539159293,31.363636363636363,35.483870967741936,-0.09973890339425594,-0.3207792207792207,175.0,73.0,32.0,34.24657534246575,432.5476190476191,373.72222222222223,0.6171962569577829,27.0854954106804,4.120234604105573,2.2465753424657535,-0.22104031738496477,-58.825396825396865,0.0,2.2571246175567,0.05143302141314857
691023,"Walker, Jordan",R,2024,28.03549807635744,28.093351071742298,28.695652173913043,34.46808510638298,-0.6511111111111111,-0.9159909909909908,111.0,221.0,19.81981981981982,35.294117647058826,345.3114003578086,358.88268581030513,0.05785299538485589,28.06442457404987,5.772432932469936,15.474297827239006,-0.2648798798798797,13.571285452496511,1.0,2.338702047837489,0.004821082948737991
691023,"Walker, Jordan",R,2025,24.169170490757544,23.66924834397814,34.44976076555024,33.82113821138211,-0.2632653061224491,-1.1173310225303295,194.0,568.0,30.927835051546392,34.33098591549296,400.8152174306871,358.40396080292436,-0.4999221467794044,23.919209417367842,-0.6286225541681247,3.4031508639465677,-0.8540657164078804,-42.411256627762725,1.0,1.99326745144732,-0.041660178898283697
691023,"Walker, Jordan",R,2026,26.641417851267832,26.361789348337847,32.88770053475936,37.074829931972786,1.6685582822085887,0.33812649164677805,320.0,889.0,26.5625,30.59617547806524,497.7699115044247,409.2324840764331,-0.27962850292998453,26.50160359980284,4.187129397213425,4.033675478065241,-1.3304317905618106,-88.53742742799164,1.0,2.208466966650237,-0.02330237524416538
691026,"Winn, Masyn",R,2024,31.444197733118735,32.330920136911075,30.198019801980198,30.575539568345324,0.6900990099009902,-0.34928284566838796,371.0,819.0,18.059299191374663,16.23931623931624,321.5164070130489,333.2489573892189,0.8867224037923407,31.887558935014905,0.3775197663651255,-1.8199829520584245,-1.0393818555693781,11.732550376170025,1.0,2.6572965779179087,0.07389353364936173
691026,"Winn, Masyn",R,2025,33.206146138528524,33.77180226984124,28.571428571428573,24.14814814814815,-0.3332010582010583,-0.17481580709979902,343.0,670.0,14.285714285714286,16.71641791044776,350.29574495098257,302.1711590428943,0.5656561313127142,33.488974204184885,-4.423280423280424,2.4307036247334732,0.15838525110125926,-48.12458590808825,1.0,2.7907478503487404,0.04713801094272618
691026,"Winn, Masyn",R,2026,32.9796911490915,33.05720103068283,22.602739726027398,24.731182795698924,0.2657243816254417,-0.9173509933774835,228.0,630.0,17.54385964912281,22.38095238095238,350.9148936170213,322.9543726235741,0.07750988159133243,33.01844608988716,2.128443069671526,4.837092731829571,-1.1830753750029253,-27.960520993447176,1.0,2.7515371741572636,0.006459156799277703
691406,"Caminero, Junior",R,2025,28.179121562070808,28.25159791847126,31.782945736434108,32.27990970654628,0.9814266487213996,1.0017663817663818,365.0,893.0,23.561643835616437,23.06830907054871,378.5145293860507,415.04017875904185,0.07247635640045047,28.215359740271033,0.4969639701121693,-0.49333476506772556,0.020339733044982156,36.525649372991154,1.0,2.3512799783559193,0.006039696366704206
691406,"Caminero, Junior",R,2026,27.185545313600013,28.03717103871151,25.890736342042754,32.44485294117647,0.972972972972973,1.3573590814196244,310.0,861.0,18.387096774193548,22.299651567944252,413.7421875,403.54597701149424,0.8516257251114965,27.61135817615576,6.554116599133717,3.9125547937507044,0.38438610844665133,-10.196210488505756,1.0,2.3009465146796466,0.07096881042595804
691458,"Jordan, Blaze",R,2026,31.63851281484715,31.54258097597445,37.5,34.54545454545455,0.3454887218045113,-1.386534216335541,143.0,247.0,16.783216783216783,20.242914979757085,372.6290322580645,344.10309278350513,-0.09593183887270129,31.5905468954108,-2.9545454545454533,3.4596981965403018,-1.7320229381400523,-28.52593947455938,1.0,2.6325455746175668,-0.007994319906058442
691594,"Sanoja, Javier",R,2025,20.576571204062287,21.237544366506835,33.92070484581498,27.710843373493976,-0.03884297520661153,0.2832872928176795,234.0,324.0,15.384615384615385,8.024691358024691,295.34155031121264,289.9384691592411,0.6609731624445487,20.90705778528456,-6.2098614723210055,-7.359924026590694,0.322130268024291,-5.4030811519715485,1.0,1.74225481544038,0.055081096870379063
691594,"Sanoja, Javier",R,2026,20.575939761552668,21.566510531392023,41.111111111111114,38.20422535211268,0.4381709741550696,0.7066363636363636,254.0,571.0,13.779527559055119,9.807355516637479,318.6916666666667,286.86524822695037,0.9905707698393549,21.071225146472344,-2.9068857589984347,-3.9721720424176397,0.268465389481294,-31.82641843971635,1.0,1.7559354288726954,0.08254756415327957
691718,"Crow-Armstrong, Pete",L,2024,28.013771720343073,31.49483797506646,41.06194690265487,40.298507462686565,-0.13440860215053768,-1.4266666666666665,670.0,170.0,26.567164179104477,27.647058823529413,366.3681786829202,295.98400673400675,3.4810662547233875,29.754304847704766,-0.7634394399683018,1.079894644424936,-1.2922580645161288,-70.38417194891343,0.0,2.4795254039753973,0.29008885456028227
691718,"Crow-Armstrong, Pete",L,2025,30.064492214986217,30.745236266223177,41.80790960451977,40.74074074074074,1.2837338262476894,-1.5573529411764706,977.0,399.0,25.895598771750254,28.82205513784461,418.69217242721106,353.73130418126823,0.6807440512369602,30.404864240604695,-1.067168863779031,2.9264563660943566,-2.84108676742416,-64.96086824594283,0.0,2.533738686717058,0.05672867093641335
691718,"Crow-Armstrong, Pete",L,2026,32.39239230766613,32.92911231834385,36.33776091081594,29.347826086956523,2.1633663366336635,1.15638179800222,970.0,423.0,24.84536082474227,23.87706855791962,501.61333333333334,400.34351145038164,0.536720010677719,32.66075231300499,-6.989934823859414,-0.9682922668226475,-1.0069845386314435,-101.2698218829517,0.0,2.7217293594170826,0.044726667556476585
691720,"Karros, Kyle",R,2025,19.462380135129308,19.11105668673904,28.37837837837838,22.633744855967077,-2.744295302013423,-0.1489711934156378,72.0,213.0,29.166666666666668,23.943661971830984,234.56521739130434,307.1004851004851,-0.35132344839026786,19.286718410934174,-5.744633522411302,-5.223004694835684,2.595324108597785,72.53526770918077,1.0,1.6072265342445144,-0.029276954032522323
691720,"Karros, Kyle",R,2026,22.967022699779115,22.981683358690727,26.646706586826348,23.655913978494624,0.9108108108108106,0.09891395154553048,300.0,509.0,23.0,22.593320235756384,398.48571428571427,360.8316326530612,0.0146606589116125,22.97435302923492,-2.9907926083317236,-0.4066797642436164,-0.8118968592652801,-37.65408163265306,1.0,1.9145294191029099,0.0012217215759677085
691723,"Mayo, Coby",R,2025,24.44496194578678,24.861856234332677,27.07182320441989,28.26086956521739,0.3285326086956522,-0.31950261780104705,170.0,342.0,26.470588235294116,29.53216374269006,358.77989268959476,351.1379967928878,0.4168942885458975,24.65340909005973,1.1890463607975015,3.0615755073959434,-0.6480352264966993,-7.641895896706956,1.0,2.0544507575049775,0.03474119071215812
691723,"Mayo, Coby",R,2026,25.129024247775856,25.54426949898103,28.698224852071007,33.224222585924714,2.5491525423728816,-0.9991212653778558,301.0,532.0,26.245847176079735,29.887218045112782,573.0882352941177,372.2865853658537,0.4152452512051745,25.33664687337844,4.525997733853707,3.6413708690330466,-3.5482738077507374,-200.801649928264,1.0,2.1113872394482036,0.034603770933764544
691740,"Susac, Daniel",R,2026,28.00292968748547,28.344303867620123,39.44954128440367,41.904761904761905,0.8429319371727748,-1.7,102.0,218.0,26.470588235294116,21.559633027522935,419.9230769230769,314.5753424657534,0.3413741801346539,28.173616777552795,2.455220620358233,-4.910955207771181,-2.5429319371727748,-105.3477344573235,1.0,2.3478013981293997,0.028447848344554494
691777,"Muncy, Max",R,2025,25.20470197306599,25.573362202501368,25.88235294117647,32.26837060702876,-1.7318435754189945,-0.911353032659409,87.0,325.0,31.03448275862069,29.53846153846154,331.49516483516476,363.3283475543615,0.3686602294353776,25.38903208778368,6.386017665852286,-1.4960212201591503,0.8204905427595854,31.83318271919677,1.0,2.1157526739819734,0.030721685786281466
691777,"Muncy, Max",R,2026,24.4272495715321,24.405064227943814,28.94736842105263,35.93314763231198,-0.3555294117647059,-0.024087591240875773,209.0,346.0,31.10047846889952,29.479768786127167,383.728813559322,380.25688073394497,-0.022185343588287054,24.416156899737956,6.985779211259349,-1.620709682772354,0.33144182052383014,-3.4719328253770527,1.0,2.0346797416448297,-0.0018487786323572546
691781,"House, Brady",R,2025,22.55568864227067,22.341355562092435,34.375,37.91044776119403,-2.6538194444444443,-1.1726872246696036,162.0,392.0,33.333333333333336,26.785714285714285,413.06174807704946,374.29052647314927,-0.2143330801782355,22.448522102181553,3.5354477611940283,-6.547619047619051,1.4811322197748407,-38.77122160390019,1.0,1.870710175181796,-0.01786109001485296
691781,"House, Brady",R,2026,25.16812741108794,24.836361160214487,33.19327731092437,34.49074074074074,2.0447115384615384,-1.4355828220858895,214.0,412.0,28.037383177570092,26.941747572815533,504.02857142857147,376.3841059602649,-0.33176625087345357,25.002244285651216,1.2974634298163679,-1.095635604754559,-3.480294360547428,-127.64446546830658,1.0,2.0835203571376013,-0.027647187572787797
691783,"Lawlar, Jordan",R,2025,26.487584169394072,26.995078723556293,21.428571428571427,31.884057971014492,-0.8149999999999998,-2.004861111111111,62.0,63.0,24.193548387096776,38.095238095238095,340.3326732079095,335.55555555555554,0.5074945541622213,26.741331446475183,10.455486542443065,13.901689708141319,-1.189861111111111,-4.777117652353979,1.0,2.228444287206265,0.04229121284685178
691783,"Lawlar, Jordan",R,2026,25.02923408338407,25.63868966642593,21.951219512195124,28.96551724137931,1.642105263157895,-0.4463235294117646,99.0,126.0,20.2020202020202,26.984126984126984,473.1388888888889,356.19047619047615,0.6094555830418606,25.333961874905,7.014297729184186,6.7821067821067835,-2.0884287925696596,-116.94841269841277,1.0,2.1111634895754166,0.05078796525348839
691788,"Mack, Joe",L,2026,28.677076733881755,29.463239876306577,27.09551656920078,28.45528455284553,-0.068452380952381,-2.1244897959183673,481.0,113.0,23.284823284823286,23.008849557522122,369.39548022598865,278.975,0.7861631424248223,29.070158305094168,1.3597679836447512,-0.27597372730116376,-2.0560374149659864,-90.42048022598863,0.0,2.4225131920911807,0.06551359520206852
692225,"Campbell, Kristian",R,2025,28.428305782029724,27.63542927934322,19.594594594594593,25.0,0.5169934640522876,-0.743979057591623,138.0,312.0,19.565217391304348,28.205128205128204,257.4993611040123,381.6861709875897,-0.7928765026865037,28.031867530686473,5.405405405405407,8.639910813823857,-1.2609725216439105,124.18680988357744,1.0,2.3359889608905395,-0.06607304189054197
693304,"Gonzales, Nick",R,2024,31.172526510638875,31.07574313413201,44.44444444444444,30.857142857142858,0.7577639751552795,-0.33358633776091084,197.0,573.0,26.903553299492387,21.640488656195462,425.68492315837557,359.65198689864485,-0.0967833765068633,31.124134822385443,-13.587301587301585,-5.263064643296925,-1.0913503129161903,-66.03293625973072,1.0,2.5936779018654534,-0.008065281375571942
693304,"Gonzales, Nick",R,2025,31.66338663668989,31.947952791749685,27.67295597484277,32.857142857142854,0.13884057971014496,-0.9075187969924812,198.0,607.0,22.22222222222222,23.064250411861615,391.5993224057789,311.2328714603195,0.284566155059796,31.80566971421979,5.184186882300086,0.8420281896393931,-1.0463593767026262,-80.3664509454594,1.0,2.6504724761849823,0.023713846254983
693304,"Gonzales, Nick",R,2026,32.151251395852164,32.22567122514522,31.35135135135135,31.16710875331565,-0.5647646219686162,0.8087551299589603,380.0,759.0,20.789473684210527,20.28985507246377,300.11971830985914,371.7575757575758,0.07441982929305624,32.188461310498695,-0.1842425980357021,-0.49961861174675803,1.3735197519275766,71.63785744771667,1.0,2.6823717758748913,0.00620165244108802
693307,"Dingler, Dillon",R,2024,26.092235496143765,25.67623927240299,44.18604651162791,33.91304347826087,-3.939583333333333,-1.4063829787234046,60.0,121.0,16.666666666666668,27.272727272727273,344.05882352941177,454.08521481312175,-0.4159962237407733,25.884237384273376,-10.27300303336704,10.606060606060606,2.533200354609929,110.02639128370998,1.0,2.157019782022781,-0.03466635197839777
693307,"Dingler, Dillon",R,2025,25.887413735966536,25.534602224538517,22.707423580786028,33.11148086522463,1.2863636363636364,-0.2980258162490509,211.0,659.0,17.061611374407583,24.88619119878604,497.8376754623195,411.1285248279534,-0.35281151142801903,25.711007980252525,10.4040572844386,7.824579824378457,-1.5843894526126872,-86.7091506343661,1.0,2.142583998354377,-0.029400959285668254
693307,"Dingler, Dillon",R,2026,27.614009944198255,27.52415018497711,36.15960099750623,32.56379100850547,-1.0383783783783784,1.0888602704443013,368.0,734.0,21.73913043478261,19.754768392370572,371.81666666666666,427.26573426573424,-0.0898597592211452,27.56908006458768,-3.595809989000763,-1.9843620424120374,2.1272386488226798,55.449067599067575,1.0,2.29742333871564,-0.007488313268428766
694192,"Chourio, Jackson",R,2024,24.62514669390039,25.021057045479136,28.903654485049834,33.2010582010582,0.10217391304347813,0.9343962008141111,323.0,703.0,22.910216718266255,25.035561877667142,377.29155443333434,395.9134870816997,0.39591035157874543,24.823101869689765,4.297403716008368,2.1253451594008865,0.832222287770633,18.621932648365373,1.0,2.068591822474147,0.03299252929822879
694192,"Chourio, Jackson",R,2025,24.817032120233144,24.717749325074927,33.969465648854964,37.76137761377614,2.2442528735632186,-0.2886649874055416,256.0,865.0,23.046875,23.930635838150287,417.88491134201496,346.2347458336192,-0.09928279515821714,24.767390722654035,3.7919119649211765,0.8837608381502875,-2.53291786096876,-71.65016550839579,1.0,2.063949226887836,-0.008273566263184762
694192,"Chourio, Jackson",R,2026,25.6069128432394,25.901064742343596,31.412103746397694,35.30166880616174,1.3467492260061917,0.6622578490313961,288.0,725.0,22.569444444444443,24.137931034482758,428.4414414414415,413.4090909090909,0.2941518991041967,25.753988792791496,3.889565059764049,1.5684865900383151,-0.6844913769747957,-15.03235053235062,1.0,2.1461657327326247,0.024512658258683057
694203,"Guzman, Denzer",R,2026,29.71854435277779,29.892962311604897,31.60377358490566,34.04907975460123,-0.1835475578406169,-1.246824224519941,197.0,365.0,29.441624365482234,20.82191780821918,359.3387096774194,322.0378787878788,0.17441795882710665,29.805753332191344,2.44530616969557,-8.619706557263054,-1.063276666679324,-37.30083088954058,1.0,2.483812777682612,0.014534829902258887
694208,"Ballesteros, Moisés",L,2026,31.152846150098373,32.66775108753827,35.9271523178808,40.49586776859504,-0.6539262062440869,-1.8114035087719298,532.0,123.0,25.75187969924812,19.51219512195122,344.82978723404256,320.90697674418607,1.5149049374398977,31.910298618818324,4.568715450714244,-6.239684577296902,-1.1574773025278429,-23.922810489856488,0.0,2.6591915515681936,0.12624207811999147
694212,"Basallo, Samuel",L,2026,33.202618944751045,33.65225717541021,39.130434782608695,41.80790960451977,0.5571428571428573,-2.809171597633136,587.0,177.0,25.724020442930154,38.4180790960452,427.79499999999996,303.625,0.4496382306591684,33.42743806008063,2.677474821911076,12.694058653115043,-3.3663144547759933,-124.16999999999996,0.0,2.7856198383400526,0.037469852554930703
694362,"Dunn, Blake",R,2026,28.647078820483294,28.788114328959384,37.34939759036145,24.043715846994534,-0.7551282051282052,0.5064432989690724,81.0,171.0,25.925925925925927,17.54385964912281,355.08,308.53164556962025,0.14103550847609014,28.71759657472134,-13.305681743366915,-8.382066276803119,1.2615715040972777,-46.54835443037973,1.0,2.393133047893445,0.01175295903967418
694371,"Troy, Tommy",R,2026,28.621321557728123,28.25489856732768,34.78260869565217,24.553571428571427,2.0753846153846154,-1.353318077803204,61.0,188.0,21.311475409836067,26.06382978723404,373.85714285714283,355.47297297297297,-0.36642299040044435,28.4381100625279,-10.229037267080745,4.752354377397975,-3.4287026931878195,-18.384169884169864,1.0,2.3698425052106584,-0.03053524920003703
694374,"Tawa, Tim",R,2025,27.376114116872007,27.76018159010515,28.834355828220858,28.67132867132867,-1.4466463414634145,-0.40331491712707174,159.0,260.0,28.30188679245283,31.53846153846154,356.2060894253049,367.2260899775816,0.38406747323314505,27.56814785348858,-0.16302715689218772,3.23657474600871,1.0433314243363427,11.020000552276656,1.0,2.2973456544573816,0.032005622769428754
694374,"Tawa, Tim",R,2026,29.801676515177803,30.14756165397689,31.132075471698112,31.901840490797547,-0.9224324324324323,0.14732905982905983,171.0,460.0,26.900584795321638,25.652173913043477,373.8727272727272,382.55345911949684,0.3458851387990869,29.97461908457735,0.7697650190994345,-1.2484108822781614,1.0697614922614922,8.680731846769618,1.0,2.497884923714779,0.028823761566590573
694376,"Whitcomb, Shay",R,2026,30.15581480122904,30.48902971473979,32.30769230769231,38.311688311688314,-3.6213740458015264,-0.9348754448398576,63.0,145.0,26.984126984126984,26.896551724137932,326.8076923076923,366.3958333333333,0.33321491351074783,30.322422257984414,6.003996003996008,-0.0875752599890518,2.6864986009616687,39.588141025640994,1.0,2.526868521498701,0.027767909459228985
694377,"Yorke, Nick",R,2026,30.549339377606305,30.538180946257977,33.098591549295776,30.097087378640776,-1.0533333333333335,-1.8778846153846152,127.0,101.0,25.984251968503937,15.841584158415841,324.325,327.2564102564103,-0.011158431348327724,30.54376016193214,-3.001504170655,-10.142667810088096,-0.8245512820512817,2.931410256410288,1.0,2.5453133468276783,-0.0009298692790273103
694378,"Gonzalez, Jacob",L,2026,28.016422226010743,28.55268204812124,39.166666666666664,28.78787878787879,-1.4041152263374486,0.5669230769230768,415.0,63.0,19.03614457831325,12.698412698412698,356.6170212765958,263.1904761904762,0.5362598221104982,28.284552137065994,-10.378787878787875,-6.337731879900554,1.9710383032605252,-93.42654508611957,0.0,2.3570460114221663,0.04468831850920818
694384,"Schanuel, Nolan",L,2024,30.449228860413623,31.106260756678644,22.22222222222222,19.55719557195572,0.3086399108138238,-0.304136690647482,760.0,218.0,13.421052631578947,12.385321100917432,343.17788256902276,298.52087283425954,0.6570318962650212,30.77774480854613,-2.665026650266501,-1.035731530661515,-0.6127766014613059,-44.65700973476322,0.0,2.564812067378844,0.0547526580220851
694384,"Schanuel, Nolan",L,2025,29.89035530901161,30.479214593058735,25.331724969843183,18.72146118721461,0.19055258467023173,0.5845511482254698,757.0,210.0,14.266842800528401,12.857142857142858,331.7297239703053,302.28190599871914,0.5888592840471247,30.184784951035173,-6.6102637826285715,-1.4096999433855437,0.3939985635552381,-29.447817971586176,0.0,2.515398745919598,0.04907160700392706
694384,"Schanuel, Nolan",L,2026,28.584133631233225,30.636983092590985,29.022556390977442,20.94240837696335,0.6070916334661355,-1.2561611374407584,568.0,177.0,15.140845070422536,10.734463276836157,356.516,292.314606741573,2.0528494613577593,29.610558361912105,-8.080148014014092,-4.4063817935863785,-1.863252770906894,-64.201393258427,0.0,2.467546530159342,0.17107078844647994
694388,"Loperfido, Joey",L,2024,25.984190899648915,25.73958499434899,32.61904761904762,31.818181818181817,-1.0109876543209877,-0.3697916666666666,425.0,99.0,32.23529411764706,33.333333333333336,389.7988029425592,280.90306122448976,-0.24460590529992388,25.861887946998955,-0.8008658008658038,1.0980392156862777,0.6411959876543212,-108.89574171806942,0.0,2.1551573289165797,-0.020383825441660324
694497,"Carter, Evan",L,2026,26.911060951011468,25.914012636971517,20.295698924731184,24.46043165467626,-0.18609986504723347,-3.7474048442906573,610.0,116.0,25.24590163934426,31.03448275862069,332.3593073593074,198.25641025641025,-0.9970483140399509,26.412536793991492,4.164732729945076,5.788581119276429,-3.561304979243424,-134.10289710289717,0.0,2.2010447328326244,-0.08308735950332924
694671,"Langford, Wyatt",R,2024,28.301725752488174,28.71881998496639,18.376068376068375,24.148936170212767,1.2947368421052632,-0.35470324748040316,187.0,779.0,19.78609625668449,20.539152759948653,436.74923671701146,370.8913026240941,0.41709423247821675,28.510272868727284,5.772867794144393,0.7530565032641618,-1.6494400895856662,-65.85793409291733,1.0,2.3758560723939404,0.034757852706518065
694671,"Langford, Wyatt",R,2025,28.832119884067975,28.854648283559488,21.63588390501319,24.183796856106408,1.0807471264367816,0.4727162734422262,289.0,715.0,26.29757785467128,23.356643356643357,440.35961340841095,414.4744693371345,0.022528399491513085,28.84338408381373,2.547912951093217,-2.940934498027925,-0.6080308529945554,-25.885144071276443,1.0,2.403615340317811,0.0018773666242927571
694671,"Langford, Wyatt",R,2026,26.57200184574535,26.5217041139118,26.82215743440233,25.757575757575758,-0.24562499999999998,0.908539709649872,302.0,539.0,22.8476821192053,21.89239332096475,359.6489361702128,364.64646464646466,-0.05029773183355246,26.546852979828575,-1.064581676826574,-0.9552887982405487,1.154164709649872,4.997528476251887,1.0,2.212237748319048,-0.0041914776527960385
694728,"Matthews, Brice",R,2026,26.799980526614647,27.52495427562662,20.670391061452513,27.814569536423843,-1.4397333333333329,-1.4542608695652175,171.0,265.0,35.08771929824562,33.9622641509434,368.7358490566038,336.63218390804593,0.7249737490119728,27.162467401120633,7.14417847497133,-1.125455147302219,-0.01452753623188463,-32.103665148557866,1.0,2.2635389500933862,0.06041447908433106
695336,"Saggese, Thomas",R,2025,22.6673629295242,22.238924239174786,35.24590163934426,33.85300668151448,-0.8963099630996311,-0.7434687156970363,146.0,446.0,22.602739726027398,23.094170403587444,380.51196301363404,357.73552432347526,-0.42843869034941306,22.45314358434949,-1.3928949578297818,0.49143067756004655,0.15284124740259475,-22.776438690158784,1.0,1.871095298695791,-0.03570322419578442
695336,"Saggese, Thomas",R,2026,21.53598562719196,21.609191021973583,32.773109243697476,37.05357142857143,2.7098522167487684,-1.1675496688741724,95.0,241.0,32.63157894736842,20.74688796680498,474.9599999999999,370.65060240963857,0.07320539478162402,21.57258832458277,4.280462184873954,-11.884690980563438,-3.877401885622941,-104.30939759036136,1.0,1.797715693715231,0.006100449565135335
695491,"Báez, Joshua",R,2026,26.0774101798778,25.8758766303065,44.705882352941174,35.51401869158879,3.0583892617449666,-0.8523605150214592,82.0,128.0,31.70731707317073,32.03125,501.76,352.72093023255815,-0.2015335495712982,25.976643405092148,-9.191863661352386,0.32393292682926855,-3.910749776766426,-149.03906976744184,1.0,2.164720283757679,-0.01679446246427485
695506,"Caglianone, Jac",L,2025,21.644263117106057,22.75421586923886,38.37535014005602,39.02439024390244,-1.9065079365079363,-1.7719298245614035,330.0,110.0,23.636363636363637,29.09090909090909,368.9727101150485,389.4876380459655,1.109952752132802,22.199239493172456,0.6490401038464171,5.454545454545453,0.1345781119465328,20.514927930916997,0.0,1.849936624431038,0.09249606267773351
695506,"Caglianone, Jac",L,2026,22.34777808239422,22.74303163815188,36.63101604278075,45.77922077922078,1.7006696428571426,0.04643478260869571,717.0,322.0,26.638772663877266,29.19254658385093,493.2661290322581,390.19444444444446,0.39525355575765886,22.545404860273052,9.148204736440029,2.553773919973665,-1.654234860248447,-103.07168458781365,0.0,1.8787837383560877,0.032937796313138236
695578,"Wood, James",L,2024,27.841396663552626,28.42667218730685,18.580375782881003,26.244343891402714,0.952492046659597,-0.5861771058315336,337.0,200.0,28.783382789317507,25.0,503.87005175353937,408.08418709197156,0.5852755237542233,28.13403442542974,7.663968108521711,-3.783382789317507,-1.5386691524911305,-95.78586466156781,0.0,2.3445028687858116,0.04877296031285194
695578,"Wood, James",L,2025,30.85194567471735,31.185889195519664,22.177009155645983,29.14798206278027,0.6853707414829661,0.5926645091693636,751.0,410.0,30.89214380825566,31.463414634146343,516.7882605357612,475.4012282382734,0.3339435208023147,31.018917435118507,6.970972907134286,0.5712708258906822,-0.09270623231360242,-41.38703229748779,0.0,2.5849097862598756,0.027828626733526225
695578,"Wood, James",L,2026,30.622186218911672,31.067036106884274,18.823529411764707,27.522935779816514,1.3228191796649336,0.4087990487514863,597.0,360.0,25.963149078726968,32.22222222222222,568.7607655502393,485.6638655462185,0.4448498879726017,30.844611162897973,8.699406368051807,6.259073143495254,-0.9140201309134472,-83.09690000402077,0.0,2.570384263574831,0.03707082399771681
695600,"Jensen, Carter",L,2026,25.852666124099425,26.862018641870435,25.605900948366703,20.37037037037037,0.8652272727272728,-0.7697852760736197,801.0,269.0,26.217228464419474,27.509293680297397,387.1897233201581,368.7525773195876,1.0093525177710099,26.357342382984932,-5.235530577996332,1.2920652158779227,-1.6350125488008924,-18.43714600057052,0.0,2.1964451985820777,0.08411270981425083
695657,"Montgomery, Colson",L,2025,32.13402122181315,32.52093277982275,29.156010230179028,34.285714285714285,1.528427672955975,-0.0614334470989762,393.0,156.0,31.043256997455472,28.846153846153847,507.54474123562034,346.32934387586204,0.38691155800960075,32.32747700081795,5.129704055535257,-2.1971031513016257,-1.589861120054951,-161.2153973597583,0.0,2.6939564167348293,0.032242629834133396
695657,"Montgomery, Colson",L,2026,28.853974289792554,28.708639460631066,32.79220779220779,31.412103746397694,-0.36823734729493884,0.8857562408223202,867.0,361.0,35.294117647058826,31.301939058171744,422.082191780822,415.6194690265487,-0.145334829161488,28.78130687521181,-1.3801040458100964,-3.992178588887082,1.253993588117259,-6.462722754273273,0.0,2.398442239600984,-0.012111235763457332
695670,"Ford, Harry",R,2026,27.89791887884786,27.85698702140187,18.96551724137931,18.181818181818183,0.5444444444444445,-1.203041825095057,102.0,110.0,25.49019607843137,24.545454545454547,329.5,285.89473684210526,-0.04093185744599026,27.877452950124866,-0.7836990595611262,-0.9447415329768241,-1.7474862695395015,-43.60526315789474,1.0,2.323121079177072,-0.0034109881204991885
695681,"Moore, Christian",R,2025,28.49698498227937,28.557495148501875,32.098765432098766,21.812080536912752,0.42743902439024406,-0.7081300813008131,89.0,280.0,34.831460674157306,35.0,414.0448226609991,360.8089062044401,0.06051016622250671,28.52724006539062,-10.286684895186013,0.16853932584269415,-1.135569105691057,-53.23591645655898,1.0,2.3772700054492186,0.005042513851875559
695681,"Moore, Christian",R,2026,29.09679051003871,28.824586794591134,26.666666666666668,32.142857142857146,-0.8635359116022099,-2.5892537313432835,95.0,164.0,31.57894736842105,29.878048780487806,339.0357142857143,274.8085106382979,-0.27220371544757427,28.96068865231492,5.476190476190478,-1.7008985879332457,-1.7257178197410736,-64.22720364741639,1.0,2.4133907210262433,-0.022683642953964522
695720,"White, Tommy",R,2026,22.90615032569732,22.77462928926926,44.827586206896555,40.0,-1.1521739130434785,-1.976112412177986,139.0,220.0,18.705035971223023,20.454545454545453,326.92156862745094,342.1515151515151,-0.13152103642805812,22.84038980748329,-4.827586206896555,1.7495094833224307,-0.8239384991345076,15.22994652406419,1.0,1.9033658172902743,-0.010960086369004843
695734,"Lile, Daylen",L,2025,28.952017891098738,28.963643753346325,25.502008032128515,31.70731707317073,1.7111436950146628,-1.1487544483985765,526.0,154.0,14.638783269961976,22.727272727272727,396.21383074942116,355.4708259847149,0.011625862247587548,28.957830822222533,6.2053090410422165,8.08848945731075,-2.8598981434132393,-40.74300476470626,0.0,2.4131525685185444,0.000968821853965629
695734,"Lile, Daylen",L,2026,30.119629779142677,30.351915313341458,37.13670613562971,41.124260355029584,0.02647230320699709,-1.0489891135303266,935.0,366.0,19.893048128342247,25.40983606557377,405.8103448275862,304.1239669421488,0.2322855341987804,30.235772546242067,3.9875542193998754,5.516787937231523,-1.0754614167373238,-101.68637788543742,0.0,2.519647712186839,0.019357127849898365
696030,"Osuna, Alejandro",L,2026,30.014211610740304,29.622142289626165,31.137724550898202,32.394366197183096,-0.4978593272171254,0.021290322580645258,309.0,76.0,13.268608414239482,17.105263157894736,296.62698412698415,288.61111111111114,-0.39206932111413906,29.818176950183236,1.2566416462848942,3.836654743655254,0.5191496497977707,-8.015873015873012,0.0,2.4848480791819365,-0.032672443426178255
696100,"Goodman, Hunter",R,2024,27.360726233494663,27.32487978190449,43.229166666666664,37.295081967213115,-0.03176470588235282,-1.0535934291581106,199.0,281.0,32.663316582914575,27.04626334519573,411.85971182931576,340.62398589565134,-0.03584645159017441,27.342803007699576,-5.93408469945355,-5.617053237718846,-1.0218287232757577,-71.23572593366441,1.0,2.278566917308298,-0.002987204299181201
696100,"Goodman, Hunter",R,2025,28.59826923552077,28.70064552411643,31.333333333333332,38.68263473053892,1.795108695652174,1.0615384615384615,292.0,889.0,29.794520547945204,30.033745781777277,437.0623998220763,404.23986121997314,0.10237628859566072,28.6494573798186,7.34930139720559,0.23922523383207306,-0.7335702341137125,-32.82253860210318,1.0,2.38745478165155,0.008531357382971727
696100,"Goodman, Hunter",R,2026,28.573287330763147,28.24572381804028,40.13921113689095,40.10484927916121,0.7135097493036212,0.9583760058522313,380.0,741.0,33.68421052631579,31.44399460188934,443.020618556701,427.66086956521735,-0.3275635127228682,28.409505574401713,-0.034361857729741985,-2.2402159244264475,0.24486625654861005,-15.359748991483627,1.0,2.3674587978668096,-0.02729695939357235
696285,"Young, Jacob",R,2024,33.92111546954438,33.56181156161486,25.441696113074205,26.837060702875398,-0.21686143572621042,-0.6616843702579667,263.0,575.0,12.927756653992395,18.782608695652176,354.52503815618206,312.7158827152603,-0.3593039079295224,33.741463515579625,1.3953645898011935,5.854852041659781,-0.44482293453175625,-41.80915544092176,1.0,2.811788626298302,-0.0299419923274602
696285,"Young, Jacob",R,2025,29.746053944649567,29.82067409811652,18.617021276595743,24.941176470588236,-0.6511278195488722,-1.4581664910432033,165.0,412.0,16.363636363636363,14.320388349514563,333.06772486772485,322.50389507898996,0.07462015346695239,29.783364021383044,6.3241551939924925,-2.043248014121801,-0.8070386714943311,-10.563829788734893,1.0,2.4819470017819203,0.006218346122246032
696285,"Young, Jacob",R,2026,30.48952403672402,30.259797785082803,28.343949044585987,26.95167286245353,1.1385382059800666,-0.33024118738404457,265.0,465.0,20.37735849056604,19.35483870967742,347.8189655172414,331.74429223744295,-0.22972625164121752,30.374660910903412,-1.3922761821324556,-1.0225197808886186,-1.4687793933641111,-16.074673279798446,1.0,2.5312217425752843,-0.019143854303434793
699013,"Valdez, Esmerlyn",R,2026,30.083053749935292,30.22442099673491,20.54794520547945,21.336760925449873,1.799601593625498,0.13581699346405238,198.0,325.0,36.86868686868687,35.69230769230769,507.21153846153845,463.44047619047626,0.14136724679961787,30.1537373733351,0.7888157199704224,-1.1763791763791787,-1.6637846001614458,-43.77106227106219,1.0,2.512811447777925,0.011780603899968156
699302,"Rodríguez, Héctor",L,2026,30.13463974392355,30.9549539107801,43.14720812182741,38.1578947368421,0.010057471264367743,-2.6013245033112584,196.0,81.0,26.020408163265305,30.864197530864196,315.2,275.6923076923077,0.8203141668565515,30.544796827351824,-4.989313384985309,4.843789367598891,-2.611381974575626,-39.50769230769231,0.0,2.545399735612652,0.06835951390471262
699912,"Fernandez, Jose",R,2026,27.79279225489929,27.80537433076964,40.449438202247194,34.074074074074076,-0.4311643835616438,-0.3992779783393502,144.0,244.0,25.694444444444443,22.131147540983605,393.5869565217391,310.9904761904762,0.012582075870351872,27.799083292834467,-6.375364128173118,-3.563296903460838,0.031886405222293634,-82.59648033126291,1.0,2.316590274402872,0.0010485063225293227
700242,"Sweeney, Trey",L,2025,27.60782870925606,27.584987853193727,28.45360824742268,31.428571428571427,-1.443719571567673,-2.2176100628930815,516.0,86.0,25.968992248062015,25.58139534883721,292.7158661933034,324.9551220709116,-0.022840856062334325,27.596408281224896,2.9749631811487482,-0.3875968992248069,-0.7738904913254085,32.23925587760823,0.0,2.2997006901020747,-0.0019034046718611937
700246,"Williams, Carson",R,2025,27.355671959556936,27.359268602292435,30.985915492957748,28.46153846153846,-0.4831081081081083,-2.2936567164179107,79.0,127.0,39.24050632911393,34.645669291338585,510.46263303005236,301.3645886664331,0.003596642735498534,27.357470280924687,-2.524377031419288,-4.594837037775342,-1.8105486083098024,-209.09804436361924,1.0,2.2797891900770573,0.0002997202279582112
700250,"Rice, Ben",L,2024,30.0131021930916,30.93207697787521,21.98581560283688,16.483516483516482,-0.10110294117647078,-1.7370165745856356,251.0,82.0,21.91235059760956,25.609756097560975,440.5866130585188,350.3464836999673,0.9189747847836074,30.472589585483405,-5.502299119320398,3.697405499951415,-1.6359136334091648,-90.24012935855154,0.0,2.5393824654569506,0.07658123206530061
700250,"Rice, Ben",L,2025,30.439180535682656,32.24195817686402,19.872611464968152,25.833333333333332,1.0880998080614204,1.0158762886597938,676.0,211.0,17.45562130177515,26.540284360189574,458.0680323971842,412.5985338651286,1.8027776411813612,31.340569356273335,5.96072186836518,9.084663058414424,-0.07222351940162652,-45.46949853205558,0.0,2.611714113022778,0.15023147009844676
700250,"Rice, Ben",L,2026,32.43407565409874,32.79697435199886,22.863247863247864,28.400954653937948,1.5273896031302403,0.6560916767189386,757.0,375.0,22.457067371202115,26.133333333333333,460.4664179104478,434.8382352941176,0.3628986979001212,32.6155250030488,5.537706790690084,3.676265962131218,-0.8712979264113017,-25.62818261633015,0.0,2.7179604169207336,0.030241558158343434
700932,"Manzardo, Kyle",L,2025,22.775491169609083,22.439490376129086,26.725219573400253,31.16883116883117,0.7857651245551602,-0.714792899408284,811.0,165.0,23.42786683107275,29.09090909090909,390.65132421169864,392.4801382573578,-0.3360007934799967,22.607490772869085,4.443611595430916,5.663042259836342,-1.5005580239634444,1.8288140456591577,0.0,1.8839575644057571,-0.028000066123333056
700932,"Manzardo, Kyle",L,2026,23.1003324510712,23.371644307005106,29.659643435980552,35.416666666666664,-0.2523929471032746,-0.3486988847583643,555.0,124.0,27.207207207207208,35.483870967741936,398.71518987341767,392.1463414634146,0.27131185593390583,23.235988379038155,5.757023230686112,8.276663760534728,-0.09630593765508971,-6.568848410003056,0.0,1.9363323649198463,0.022609321327825487
701162,"Malgeri, Ben",R,2026,26.766581355739177,26.5740244299416,25.443786982248522,23.157894736842106,-0.36938110749185654,1.761,131.0,96.0,25.19083969465649,26.041666666666668,322.54347826086956,420.58064516129036,-0.19255692579757877,26.67030289284039,-2.2858922454064157,0.8508269720101787,2.1303811074918566,98.0371669004208,1.0,2.2225252410700325,-0.016046410483131563
701350,"Anthony, Roman",L,2025,28.94952100607724,29.040915787994525,17.817371937639198,24.766355140186917,1.7658536585365854,0.27085308056872043,326.0,154.0,26.073619631901842,33.76623376623377,482.7306595192136,435.8606611527698,0.09139478191728401,28.995218397035885,6.948983202547719,7.692614134331926,-1.495000577967865,-46.86999836644378,0.0,2.4162681997529902,0.007616231826440334
701350,"Anthony, Roman",L,2026,29.354398966421712,29.32186331560381,22.60061919504644,23.387096774193548,0.6105263157894737,-1.5069852941176471,245.0,110.0,27.755102040816325,18.181818181818183,464.91666666666663,352.5185185185186,-0.032535650817901995,29.33813114101276,0.7864775791471068,-9.573283858998142,-2.1175116099071207,-112.39814814814804,0.0,2.4448442617510633,-0.002711304234825166
701358,"Smith, Cam",R,2025,25.4366526231371,25.33305001018689,23.48993288590604,32.305433186490454,0.597377049180328,-0.772791519434629,271.0,709.0,28.04428044280443,25.52891396332863,421.6399448233794,361.05281912432133,-0.10360261295020834,25.384851316661994,8.815500300584414,-2.515366479475798,-1.370168568614957,-60.58712569905805,1.0,2.1154042763884995,-0.008633551079184029
701358,"Smith, Cam",R,2026,29.867500485492965,29.613471448046063,30.72289156626506,29.349112426035504,-0.7173015873015872,-0.5239384615384616,308.0,790.0,26.623376623376622,26.70886075949367,386.05208333333337,396.2730769230769,-0.25402903744690164,29.740485966769512,-1.373779140229555,0.0854841361170493,0.19336312576312564,10.220993589743557,1.0,2.478373830564126,-0.02116908645390847
701398,"Stewart, Sal",R,2026,21.570652945574786,21.170455453815315,29.14572864321608,32.60219341974078,0.43239247311827955,0.6274043433298861,341.0,969.0,22.580645161290324,24.251805985552117,443.53636363636366,403.55976676384836,-0.40019749175947084,21.37055419969505,3.4564647765246974,1.6711608242617935,0.1950118702116066,-39.9765968725153,1.0,1.780879516641254,-0.033349790979955905
701538,"Merrill, Jackson",L,2024,26.95766525043244,27.279875527837603,35.37170263788969,31.724137931034484,1.3692354368932038,-0.38621908127208504,954.0,302.0,18.658280922431867,20.198675496688743,462.8308734964705,372.62166655566654,0.32221027740516206,27.118770389135022,-3.6475647068552064,1.5403945742568759,-1.7554545181652887,-90.20920694080394,0.0,2.2598975324279187,0.02685085645043017
701538,"Merrill, Jackson",L,2025,24.546474448878655,24.772327284920824,37.142857142857146,38.666666666666664,1.511231884057971,-0.6672212978369384,656.0,336.0,25.304878048780488,22.916666666666668,446.94426323413614,376.74801956350666,0.22585283604216855,24.659400866899738,1.5238095238095184,-2.38821138211382,-2.1784531818949096,-70.19624367062949,0.0,2.054950072241645,0.018821069670180712
701538,"Merrill, Jackson",L,2026,26.743588592826423,26.969288277368143,37.53694581280788,36.82634730538922,0.11578082191780824,0.2271929824561403,1014.0,384.0,25.14792899408284,24.21875,442.90909090909093,419.7777777777778,0.22569968454171985,26.85643843509728,-0.7105985074186592,-0.9291789940828394,0.11141216053833207,-23.131313131313107,0.0,2.238036536258107,0.01880830704514332
701675,"Church, Nathan",L,2026,29.269088649128577,30.23707543275557,42.73972602739726,37.91208791208791,-0.42078693392724575,-0.9254901960784313,761.0,187.0,19.97371879106439,14.973262032085561,328.0149253731343,283.44871794871796,0.9679867836269942,29.753082040942076,-4.827638115309348,-5.000456758978828,-0.5047032621511855,-44.56620742441635,0.0,2.4794235034118395,0.08066556530224951
701678,"Lee, Hao-Yu",R,2026,28.490800312235727,28.61773479413358,26.64092664092664,30.73170731707317,-0.26000000000000006,0.8596938775510204,256.0,358.0,24.21875,25.69832402234637,388.80612244897964,353.05970149253733,0.12693448189785173,28.55426755318465,4.0907806761465295,1.4795740223463696,1.1196938775510206,-35.74642095644231,1.0,2.379522296098721,0.010577873491487644
701762,"Kurtz, Nick",L,2025,23.415436203520446,23.452152333066937,20.497803806734993,26.68918918918919,2.975643855776306,-0.09372937293729373,585.0,257.0,32.99145299145299,33.0739299610895,573.5698617796209,359.8502420233596,0.03671612954649106,23.433794268293692,6.191385382454197,0.08247696963650952,-3.0693732287135997,-213.71961975626124,0.0,1.9528161890244744,0.0030596774622075884
701762,"Kurtz, Nick",L,2026,22.849046015807748,23.231337197001363,22.406015037593985,25.225225225225227,2.0466830466830466,0.16576168929110105,501.0,296.0,32.93413173652694,34.12162162162162,565.6222222222221,409.88157894736844,0.38229118119361516,23.040191606404555,2.819210187631242,1.1874898850946778,-1.8809213573919454,-155.7406432748537,0.0,1.9200159672003796,0.03185759843280126
701785,"Culpepper, Kaelen",R,2026,29.27084282741947,28.95652080600616,46.36363636363637,40.41095890410959,-0.02340425531914906,0.7207885304659497,102.0,148.0,26.470588235294116,22.2972972972973,326.65625,344.63461538461536,-0.3143220214133109,29.113681816712816,-5.952677459526775,-4.173290937996818,0.7441927857850987,17.97836538461536,1.0,2.4261401513927345,-0.026193501784442574
701807,"Benge, Carson",L,2026,28.20872197187023,28.08888006468331,29.20258620689655,24.930747922437675,0.5063082830499177,0.45199468085106387,841.0,330.0,19.738406658739596,20.606060606060606,389.3633540372671,433.9017857142857,-0.11984190718692034,28.14880101827677,-4.271838284458877,0.8676539473210099,-0.05431360219885384,44.53843167701865,0.0,2.345733418189731,-0.009986825598910029
702222,"Crawford, Justin",L,2026,26.22865460102467,26.94553501659159,36.84971098265896,40.67796610169491,-0.598551774076756,-0.46796536796536786,738.0,117.0,14.905149051490515,13.675213675213675,309.30662020905925,335.9111111111111,0.7168804155669228,26.587094808808132,3.8282551190359513,-1.2299353762768401,0.1305864061113881,26.60449090205185,0.0,2.2155912340673445,0.0597400346305769
702284,"Young, Cole",L,2025,23.33055032157725,26.20077998893454,24.250681198910083,20.930232558139537,-0.8418543046357616,-0.4082142857142857,344.0,112.0,19.476744186046513,23.214285714285715,308.5290074761174,316.74795623903174,2.8702296673572896,24.765665155255896,-3.3204486407705467,3.737541528239202,0.4336400189214759,8.218948762914351,0.0,2.063805429604658,0.23918580561310746
702284,"Young, Cole",L,2026,29.588698658629788,31.00803124756811,30.95823095823096,29.82005141388175,-0.016560102301790242,-1.2195372750642672,743.0,383.0,16.150740242261104,19.06005221932115,351.21864951768487,323.9591836734694,1.419332588938321,30.298364953098947,-1.1381795443492102,2.909311977060046,-1.202977172762477,-27.25946584421547,0.0,2.524863746091579,0.11827771574486008
702332,"Durbin, Caleb",R,2025,32.54979181223763,32.30433179496342,21.004566210045663,25.161290322580644,0.07866108786610877,0.2989606533036378,214.0,589.0,9.813084112149532,12.393887945670627,281.1200574839679,304.4522866956867,-0.24546001727421185,32.42706180360052,4.156724112534981,2.580803833521095,0.22029956543752904,23.33222921171881,1.0,2.7022551503000436,-0.020455001439517655
702332,"Durbin, Caleb",R,2026,31.00191775507845,30.631162941662925,26.804123711340207,28.04232804232804,0.3003418803418803,0.223784143904064,267.0,687.0,15.730337078651685,14.55604075691412,302.2631578947368,281.9240924092409,-0.3707548134155232,30.816540348370687,1.2382043309878341,-1.1742963217375646,-0.0765577364378163,-20.339065485495894,1.0,2.5680450290308907,-0.030896234451293598
702358,"Lipscomb, Trey",R,2024,29.96109111764278,29.74778820038214,30.555555555555557,34.146341463414636,-4.132094594594594,-0.5859213250517599,159.0,236.0,20.12578616352201,25.423728813559322,267.7603479036574,308.5289192600117,-0.21330291726064132,29.85443965901246,3.590785907859079,5.29794265003731,3.5461732695428347,40.7685713563543,1.0,2.4878699715843715,-0.017775243105053445
702616,"Holliday, Jackson",L,2024,26.95465161367582,26.620071304577102,26.666666666666668,27.45098039215686,-1.18416,-1.4195979899497488,297.0,81.0,28.282828282828284,35.80246913580247,354.34525041509653,340.0753457181343,-0.33458030909871894,26.787361459126462,0.7843137254901933,7.5196408529741845,-0.23543798994974874,-14.269904696962215,0.0,2.2322801215938717,-0.027881692424893245
702616,"Holliday, Jackson",L,2025,25.790340404893985,26.071269932176477,22.14111922141119,22.07792207792208,0.17593220338983048,-1.4913107511045653,841.0,306.0,20.808561236623067,24.18300653594771,382.65578310191205,301.4700535155488,0.2809295272824919,25.93080516853523,-0.06319714348911276,3.3744452993246448,-1.6672429544943959,-81.18572958636327,0.0,2.160900430711269,0.023410793940207657
702616,"Holliday, Jackson",L,2026,26.011542233227154,25.880319421681595,27.416173570019723,24.725274725274726,-0.48846153846153834,-0.652676056338028,452.0,146.0,23.008849557522122,25.34246575342466,338.8882681564246,351.7142857142858,-0.13122281154555893,25.945930827454376,-2.6908988447449964,2.333616195902536,-0.16421451787648972,12.826017557861178,0.0,2.1621609022878645,-0.010935234295463244
703520,"Bateman, Brett",L,2026,26.05500093936514,27.583584931337494,27.426160337552744,31.428571428571427,1.0978354978354978,-0.6058035714285713,199.0,94.0,13.06532663316583,17.02127659574468,366.48611111111114,280.4772727272727,1.5285839919723543,26.819292935351317,4.002411091018683,3.955949962578851,-1.703639069264069,-86.00883838383845,0.0,2.234941077945943,0.12738199933102953
703601,"Clark, Max",L,2026,32.07283340631062,32.18878096124219,29.707112970711297,24.242424242424242,-0.43771551724137936,1.8427906976744188,214.0,102.0,13.08411214953271,13.72549019607843,337.98809523809524,403.77272727272737,0.11594755493156583,32.130807183776405,-5.464688728287054,0.6413780465457197,2.280506214915798,65.78463203463212,0.0,2.6775672653147002,0.009662296244297153
703607,"Bolte, Henry",R,2026,27.76626849851272,27.595594097535106,26.53061224489796,29.342327150084316,0.995698924731183,0.0652557319223986,269.0,572.0,30.855018587360593,30.594405594405593,489.70000000000005,354.0918918918919,-0.17067440097761377,27.680931298023914,2.8117149051863564,-0.26061299295500007,-0.9304431928087844,-135.60810810810813,1.0,2.306744274835326,-0.01422286674813448
800050,"DeLauter, Chase",L,2026,25.824975603967378,26.099138485068213,19.65006729475101,25.14792899408284,0.6127196064652144,0.8837878787878789,587.0,293.0,11.584327086882453,17.406143344709896,371.9352517985611,341.56,0.2741628811008354,25.962057044517795,5.497861699331828,5.821816257827443,0.2710682723226645,-30.375251798561123,0.0,2.1635047537098164,0.02284690675840295
802139,"Wetherholt, JJ",L,2026,33.049352541583495,33.31309117144158,20.95357590966123,21.67487684729064,0.18484276729559748,-0.1788437884378843,641.0,359.0,19.03276131045242,16.434540389972145,356.84150943396224,379.82352941176475,0.26373862985808216,33.181221856512536,0.7213009376294117,-2.598220920480273,-0.36368655573348174,22.98201997780251,0.0,2.7651018213760445,0.02197821915484018
802415,"Simpson, Chandler",L,2025,27.30874260016315,26.94591062126459,28.630705394190873,32.926829268292686,-0.5838248436103662,-0.50440414507772,533.0,192.0,9.193245778611633,13.020833333333334,314.2637362637363,297.57142857142856,-0.36283197889855856,27.127326610713872,4.296123874101813,3.827587554721701,0.07942069853264622,-16.692307692307736,0.0,2.2606105508928227,-0.030235998241546547
802415,"Simpson, Chandler",L,2026,26.121157696821683,26.54893457658236,26.794258373205743,36.7003367003367,-0.24598597038191736,-0.9451612903225807,594.0,310.0,8.080808080808081,10.32258064516129,275.7411764705882,254.0340909090909,0.42777687976067824,26.335046136702022,9.906078327130956,2.2417725643532087,-0.6991753199406633,-21.70708556149728,0.0,2.194587178058502,0.03564807331338985
803011,"Antonacci, Sam",L,2026,30.349990992154684,30.243455008362915,20.918984280532044,25.225225225225227,0.7833533653846154,-0.6607798165137615,717.0,173.0,12.552301255230125,12.716763005780347,359.24115755627014,290.9411764705882,-0.10653598379176898,30.2967230002588,4.306240944693183,0.16446175055022216,-1.444133181898377,-68.29998108568196,0.0,2.5247269166882336,-0.008877998649314081
804606,"Griffin, Konnor",R,2026,30.302271899136517,29.715551464193815,37.5,37.98283261802575,0.4077134986225894,-0.37680995475113116,182.0,465.0,25.824175824175825,27.311827956989248,439.22807017543863,352.90967741935486,-0.586720434942702,30.008911681665168,0.4828326180257534,1.4876521328134231,-0.7845234533737205,-86.31839275608377,1.0,2.500742640138764,-0.0488933695785585
804668,"Flores Jr., Rafael",R,2026,29.276823037419906,29.076277805037343,27.857142857142858,28.767123287671232,1.5930313588850173,1.1751572327044024,122.0,149.0,27.868852459016395,28.187919463087248,425.18181818181824,498.47999999999996,-0.20054523238256294,29.176550421228626,0.9099804305283747,0.31906700407085253,-0.4178741261806149,73.29818181818172,1.0,2.4313792017690523,-0.01671210269854691
805249,"Kemp, Otto",R,2025,26.88834338099965,28.37187974503562,28.104575163398692,30.46875,0.9840277777777777,-0.5077212806026364,142.0,278.0,38.028169014084504,29.496402877697843,481.70987416766775,380.61744421720135,1.4835363640359702,27.630111563017635,2.3641748366013076,-8.531766136386661,-1.4917490583804143,-101.0924299504664,1.0,2.3025092969181364,0.12362803033633085
805300,"Marsee, Jakob",L,2025,30.326928994049183,30.49041533099758,18.835616438356166,22.608695652173914,0.2476744186046512,1.5692028985507245,255.0,122.0,15.686274509803921,19.672131147540984,390.23648691113016,413.9401347482552,0.1634863369483952,30.40867216252338,3.7730792138177485,3.9858566377370632,1.3215284799460734,23.70364783712506,0.0,2.534056013543615,0.013623861412366267
805300,"Marsee, Jakob",L,2026,30.856301712943324,30.786650217268523,21.046770601336302,24.0,0.2901416430594901,-0.3085343228200371,716.0,207.0,13.8268156424581,25.120772946859905,327.76872964169377,292.50704225352115,-0.06965149567480111,30.821475965105925,2.953229398663698,11.293957304401804,-0.5986759658795272,-35.26168738817262,0.0,2.568456330425494,-0.005804291306233426
805367,"Meidroth, Chase",R,2025,31.599540716551928,31.580774465852112,20.0,23.466257668711656,-0.09894259818731121,-0.5727141828653707,262.0,525.0,10.305343511450381,12.19047619047619,336.1461935989851,289.326143052246,-0.018766250699815856,31.590157591202022,3.4662576687116555,1.8851326790258085,-0.47377158467805947,-46.82005054673914,1.0,2.6325131326001685,-0.0015638542249846548
805367,"Meidroth, Chase",R,2026,29.565381911264684,29.682718345861144,28.385416666666668,28.692879914984058,1.9317757009345793,-0.43430263866451263,315.0,768.0,14.920634920634921,18.619791666666668,368.9756097560976,319.6508474576271,0.11733643459646004,29.624050128562914,0.30746324831739,3.699156746031747,-2.366078339599092,-49.32476229847049,1.0,2.4686708440469096,0.00977803621637167
805373,"Alvarez Jr., Nacho",R,2025,32.78096793790853,31.959275305918545,24.786324786324787,25.0,-2.222077922077922,-0.5870085470085471,93.0,256.0,16.129032258064516,21.09375,265.1236631016043,326.48195669528985,-0.8216926319899827,32.37012162191354,0.21367521367521292,4.964717741935484,1.635069375069375,61.35829359368557,1.0,2.6975101351594617,-0.06847438599916522
805779,"Wilson, Jacob",R,2025,28.06447518713486,28.682068872896448,32.27513227513227,32.11009174311926,0.8127098321342926,0.7174867524602575,230.0,634.0,4.3478260869565215,9.779179810725552,317.76324753797684,296.8796873957179,0.6175936857615874,28.373272030015656,-0.16504053201300906,5.43135372376903,-0.0952230796740351,-20.883560142258943,1.0,2.364439335834638,0.05146614048013228
805779,"Wilson, Jacob",R,2026,28.458696754278403,28.842962678534413,47.05882352941177,39.84375,-0.9099195710455762,0.11191099476439792,223.0,412.0,13.004484304932735,12.864077669902912,270.75,314.0546448087432,0.3842659242560096,28.650829716406406,-7.215073529411768,-0.14040663502982298,1.021830565809974,43.304644808743205,1.0,2.387569143033867,0.03202216035466746
805808,"McGonigle, Kevin",L,2026,29.0868771544484,29.235414109426664,18.91089108910891,20.603015075376884,1.371536523929471,-0.45464968152866236,841.0,339.0,12.128418549346017,18.87905604719764,374.36516853932585,320.49285714285713,0.14853695497826536,29.16114563193753,1.6921239862679727,6.750637497851622,-1.8261862054581335,-53.87231139646872,0.0,2.4300954693281276,0.012378079581522114
805811,"Eldridge, Bryce",L,2026,24.537843324579413,25.612199603010897,25.757575757575758,21.554770318021202,0.7325227963525835,1.825354609929078,571.0,240.0,25.043782837127846,25.0,424.0491803278689,487.4418604651163,1.074356278431484,25.075021463795153,-4.202805439554556,-0.043782837127846364,1.0928318135764945,63.392680137247396,0.0,2.0895851219829296,0.08952968986929033
805999,"Ewing, A.J.",L,2026,24.698352756877913,24.618058754738765,28.156748911465893,22.304832713754646,-0.04632297194844579,-0.27093690248565977,623.0,230.0,21.348314606741575,26.52173913043478,397.4234234234234,366.07407407407413,-0.08029400213914784,24.65820575580834,-5.8519161977112475,5.173424523693207,-0.22461393053721398,-31.349349349349268,0.0,2.054850479650695,-0.006691166844928986
806068,"Emerson, Colt",L,2026,32.55467335575646,32.022520134814776,40.828402366863905,33.54430379746835,-1.439035769828927,-1.0367924528301886,356.0,157.0,31.46067415730337,28.662420382165607,307.06382978723406,406.10869565217394,-0.5321532209416802,32.288596745285616,-7.284098569395553,-2.7982537751377627,0.4022433169987383,99.04486586493988,0.0,2.690716395440468,-0.04434610174514001
806198,"Pratt, Cooper",R,2026,31.912178400272794,31.85890458909492,32.06106870229008,29.085872576177284,-0.885546875,0.6368493150684933,120.0,333.0,20.833333333333332,18.31831831831832,311.04651162790697,350.22727272727275,-0.05327381117787411,31.885541494683856,-2.9751961261127953,-2.5150150150150132,1.5223961900684932,39.18076109936578,1.0,2.6571284578903214,-0.004439484264822842
807712,"Keaschall, Luke",R,2025,23.465699732797606,23.295643548139314,26.923076923076923,16.06425702811245,-0.21235521235521237,2.2753398058252428,114.0,210.0,21.92982456140351,13.80952380952381,281.63553791887125,345.91294104816143,-0.17005618465829286,23.38067164046846,-10.858819894964473,-8.1203007518797,2.487695018180455,64.27740312929018,1.0,1.9483893033723716,-0.014171348721524405
807712,"Keaschall, Luke",R,2026,25.827754728146527,25.603492709618028,23.545706371191137,22.420382165605094,0.2643537414965987,0.7328703703703703,317.0,639.0,17.350157728706623,15.023474178403756,327.42553191489367,299.2013651877133,-0.22426201852849914,25.715623718882277,-1.1253242055860433,-2.3266835503028673,0.4685166288737716,-28.224166727180375,1.0,2.1429686432401898,-0.018688501544041596
807713,"Shaw, Matt",R,2025,30.169333426678513,29.51588192394304,29.850746268656717,30.514096185737976,0.26493212669683264,-0.10149371069182385,227.0,591.0,14.977973568281937,21.150592216582066,346.31057745785495,342.88927656496435,-0.6534515027354715,29.842607675310777,0.6633499170812591,6.172618648300128,-0.3664258373886565,-3.4213008928905992,1.0,2.486883972942565,-0.05445429189462262
807713,"Shaw, Matt",R,2026,31.44144691186312,31.377847015225225,35.638297872340424,29.72972972972973,0.37303370786516865,-0.18029556650246295,165.0,178.0,19.393939393939394,17.97752808988764,286.1746031746032,321.3382352941176,-0.06359989663789634,31.409646963544173,-5.908568142610694,-1.4164113040517528,-0.5533292743676316,35.16363211951443,1.0,2.6174705802953477,-0.005299991386491361
807727,"McAdoo, Charles",R,2026,23.98441198332509,24.059252528239657,31.304347826086957,40.90909090909091,-0.477981651376147,-1.3248175182481752,101.0,78.0,23.762376237623762,16.666666666666668,335.2647058823529,316.59375,0.0748405449145686,24.02183225578237,9.60474308300395,-7.095709570957094,-0.8468358668720282,-18.670955882352928,1.0,2.001819354648531,0.00623671207621405
807799,"Yoshida, Masataka",L,2024,31.02015477831908,30.96328764984788,26.755852842809364,20.32967032967033,1.2771666666666668,-1.7596446700507615,558.0,166.0,13.261648745519713,12.650602409638553,354.1169521199128,271.1875355221798,-0.05686712847119679,30.99172121408348,-6.426182513139036,-0.6110463358811593,-3.0368113367174283,-82.929416597733,0.0,2.5826434345069567,-0.004738927372599733
808959,"Murakami, Munetaka",L,2026,28.85304073545943,29.245127660213136,23.448275862068964,19.53727506426735,1.0546625766871165,0.03635135135135134,656.0,289.0,40.24390243902439,39.10034602076124,479.54597701149424,485.3333333333333,0.39208692475370555,29.049084197836283,-3.911000797801613,-1.1435564182631452,-1.0183112253357651,5.78735632183907,0.0,2.4207570164863568,0.032673910396142126
808982,"Lee, Jung Hoo",L,2024,25.272540747846957,25.44696311022811,24.870466321243523,32.25806451612903,0.12446043165467625,-2.3859999999999997,177.0,71.0,5.649717514124294,15.492957746478874,342.41039904919853,284.0426079734219,0.17442236238115427,25.359751929037536,7.387598194885509,9.84324023235458,-2.510460431654676,-58.36779107577661,0.0,2.113312660753128,0.01453519686509619
808982,"Lee, Jung Hoo",L,2025,26.70596672221815,26.625466645908148,20.534629404617252,28.07017543859649,0.5191090269636577,-1.0441176470588236,753.0,296.0,11.288180610889775,14.18918918918919,336.65093243652325,297.49123951439395,-0.08050007631000256,26.66571668406315,7.535546033979237,2.9010085782994146,-1.5632266740224812,-39.159692922129295,0.0,2.2221430570052623,-0.006708339692500213
808982,"Lee, Jung Hoo",L,2026,28.41173145169003,28.443965342517934,28.722002635046113,36.42611683848797,0.379973649538867,-0.9638752052545156,711.0,297.0,9.845288326300984,13.468013468013469,339.7507418397626,288.1216216216216,0.03223389082790362,28.427848397103983,7.704114203441858,3.6227251417124844,-1.3438488547933827,-51.629120218141,0.0,2.368987366425332,0.0026861575689919683
810938,"Williamson, Ben",R,2025,27.81442689129678,27.7183425581374,31.073446327683616,34.4559585492228,-0.29700000000000004,-1.3680981595092025,201.0,383.0,16.417910447761194,21.93211488250653,307.80754199175254,322.88238374489293,-0.09608433315937859,27.766384724717092,3.3825122215391836,5.514204434745334,-1.0710981595092024,15.07484175314039,1.0,2.313865393726424,-0.008007027763281549
810938,"Williamson, Ben",R,2026,29.04581465996358,29.143805180073876,33.46153846153846,30.201342281879196,-1.1211350293542077,-0.6758865248226951,234.0,229.0,15.384615384615385,16.157205240174672,322.1263157894737,308.16037735849056,0.0979905201102973,29.094809920018726,-3.260196179659264,0.7725898555592874,0.44524850453151266,-13.965938430983158,1.0,2.424567493334894,0.008165876675858108
813841,"Cox, Jonah",R,2026,26.76111576208004,25.75747102785635,34.86842105263158,29.32330827067669,1.0276666666666665,-0.8496296296296296,156.0,138.0,37.17948717948718,32.608695652173914,489.36111111111114,364.35,-1.0036447342236876,26.259293394968196,-5.5451127819548915,-4.570791527313268,-1.8772962962962962,-125.01111111111112,1.0,2.188274449580683,-0.0836370611853073
814439,"Waldschmidt, Ryan",R,2026,22.08778989825434,22.044707525334335,18.857142857142858,27.2,0.4620689655172414,-0.46968085106382984,143.0,333.0,23.776223776223777,31.23123123123123,323.77358490566036,408.9734513274336,-0.043082372920004275,22.066248711794337,8.342857142857142,7.455007455007454,-0.9317498165810713,85.19986642177327,1.0,1.8388540593161948,-0.0035901977433336896
