batter,side,year,PA,DECISIONS,WHIFFS,INPUTS,SQUARING,LUCK,OTHER,TOTAL,DECISIONS_s,WHIFFS_s,INPUTS_s,SQUARING_s,LUCK_s,OTHER_s,name
444482,L,2024,262,1.831922742129042,1.7970501587215097,-4.521691241775523,0.7348532523391735,4.082866517044583,-0.07294603919910132,3.852055389259684,1.1987135275160121,1.2400160047676991,-3.569490078180256,0.2527246362730468,0.5879290983091474,-0.01991091298020736,"Peralta, David"
453568,L,2024,499,-2.49715232132817,7.260840835228897,-24.013935437976755,8.954733053384908,12.626985312802274,7.406325078811406,9.737796520922561,-1.9549433075573588,5.87512961967534,-21.063692493915152,4.473675335168716,3.0639440775540594,3.0878543293440357,"Blackmon, Charlie"
455117,R,2025,161,-9.26343503738249,-22.345555039080406,-2.3448766043730345,2.9152535907648356,6.473970996525429,6.230694854757414,-18.33394723878825,-4.981355277184046,-12.908886117172264,-1.635076543463358,0.7102590476706252,0.6065383295067571,1.1679804666809426,"Maldonado, Martín"
456781,R,2024,309,-3.315966491704399,4.668413853338117,-18.975308008234123,10.365534219802695,14.30576531467144,3.1302519062342515,10.17869079410798,-2.2902007601749843,3.380733042334921,-15.475067460137476,3.9600114317611435,2.3683825802066782,0.9606494209431254,"Solano, Donovan"
456781,R,2025,180,-4.094622484399249,-0.3070511505977972,-20.637385567540857,-2.2526662821622008,11.363388398026819,0.065155601693601,-15.863181484979687,-2.314806044962716,-0.18565752600773885,-14.865374360774624,-0.5964488809028965,1.1772442628365296,0.01335963821203874,"Solano, Donovan"
457705,R,2024,514,16.544643367519665,-6.386988541121904,13.332642442249117,-12.833059161634466,4.506575972489766,-2.6972815516806943,12.46653252782148,13.03488514004565,-5.196994106364864,11.736734029694409,-6.506253594281157,1.1182377208627408,-1.144020561902796,"McCutchen, Andrew"
457705,R,2025,547,11.109666636952369,-3.3508332650825006,6.615519416227333,-5.309735226281875,-16.25209139847475,0.1313504239516478,-7.056123412707778,8.866349675431639,-2.757516501918063,5.866006634330953,-2.774512925601864,-4.22431958629753,0.05771587122142361,"McCutchen, Andrew"
457759,R,2024,537,3.170158733728985,12.106377822626937,-17.842165446795732,7.246701221032181,-2.786277410436886,2.2854849849835723,4.1802799051390584,2.520547279913969,9.930014402699413,-15.787408820465606,3.753270229621088,-0.7143769496781933,0.9938752446665694,"Turner, Justin"
457759,R,2025,191,-0.06821117854417849,8.53549079472865,-14.254224379632426,-0.07208279476196992,-17.538632049315346,-2.251293085667923,-25.64895269319319,-0.039551829538062376,5.281205959329967,-10.435593975086016,-0.019929569519458543,-1.915906972131493,-0.48375758606467206,"Turner, Justin"
467793,L,2024,431,-0.7169487722587526,5.668637356578456,-10.551221728786699,-6.766350755126,-5.8998436479881144,6.537678978697079,-11.72804856888403,-0.5426860485315811,4.452720256617912,-9.078966913938574,-3.133029365173151,-1.2787976326865196,2.4960738354893692,"Santana, Carlos"
467793,L,2025,328,2.85349408328402,4.047947384038486,-7.362975507169097,-11.12151283241101,7.119989745509329,-8.694020902580135,-13.157078029328412,2.006749494838854,2.979006963402279,-6.069635805428263,-4.4065630748471705,1.2386164636278658,-2.779730817798212,"Santana, Carlos"
467793,R,2024,162,7.214978588303095,1.3795107092014973,0.4432132165347859,12.309500585219824,10.876087352972183,8.713849828336368,40.93714028056775,3.8909128664490096,0.7990175323769995,0.30963001252917777,3.0130983133758007,1.0246998597424457,1.6416967648113896,"Santana, Carlos"
500743,R,2024,337,4.432576405844424,11.985202846500826,-25.3888151286435,4.8522043450986425,10.315074984999526,1.8719608599123772,8.068204313712295,3.142156566524779,8.882918499113119,-21.027798639386393,1.9540476324507337,1.8349228358367684,0.609595020469985,"Rojas, Miguel"
500743,R,2025,315,2.2064571312871113,7.677980144707191,-22.644160463235803,4.336461760700702,14.425118755092983,-1.6391006342073982,4.362756694344784,1.532941004915255,5.589542426541554,-18.532267301978205,1.6764189459268748,2.4267127304826612,-0.5097567897071964,"Rojas, Miguel"
500743,R,2026,243,-2.2496451529135726,8.879461184468758,-18.96219144783014,0.8939211876774424,3.1127288895825815,12.61134808136753,4.285622742352599,-1.4333118323276506,5.982097382235999,-14.726554747087562,0.29242863986423506,0.42011201063248477,3.257157524151997,"Rojas, Miguel"
502054,R,2024,479,8.295610617022039,-2.2079642614227253,0.019558673992890258,0.18360464037917684,-3.745927408083446,-0.9564226940913318,1.5884595677966022,6.436027851464411,-1.7724565017482914,0.01706822993142116,0.08984932218488166,-0.8810891938637869,-0.3892757690635091,"Pham, Tommy"
502054,R,2025,447,7.585491202046861,-1.2937259621447805,1.1218674272565454,-7.416922615756386,-0.7181820056319355,4.438192518802654,3.7167205645729595,5.792142237774106,-1.0240857673161268,0.9701742522275072,-3.50156561883109,-0.160156862121689,1.7328380504716505,"Pham, Tommy"
502110,R,2024,495,-0.4554341946680589,-5.274821538740086,12.869366683550878,8.3290631117044,-17.490393065379212,2.195285376132994,0.1730663726009139,-0.3559208466190056,-4.261564381687678,11.277099214100947,4.144339657705479,-4.218236722582194,0.9109688736570595,"Martinez, J.D."
502671,R,2024,653,-1.4940878631755925,-2.7786208894447206,6.395813494267955,14.072813766902105,-4.5527750067619035,-5.5114109780102645,6.13173252377758,-1.23280331690152,-2.354291693772855,5.77744615205535,7.971339808317757,-1.3449543006802605,-2.6641755439660733,"Goldschmidt, Paul"
502671,R,2025,529,-0.10396866416693293,1.88394804065444,4.458562649120857,2.2631960219762557,-7.7540152782729335,2.8598361921895865,3.6075589615012755,-0.08240860290321042,1.541081077458223,3.9382425438397806,1.163689169139489,-1.9659529891819627,1.2331012591074852,"Goldschmidt, Paul"
502671,R,2026,368,-2.0229666252481753,-1.5430664748098684,3.5266508572601327,3.631371886098361,7.084384468856111,-3.1301114185270076,7.546262693629554,-1.470089087079379,-1.1691476256692346,2.9637656214939874,1.5398810293088514,1.3539928776845824,-1.0806968962845038,"Goldschmidt, Paul"
514888,R,2024,680,-10.066273241959072,7.779700293742431,-12.851467696519613,10.166485888689913,10.952222467148893,5.149667205116914,11.130334916219462,-8.363970851337648,6.63185820711046,-11.653684631419607,5.859529622967745,3.328562363972369,2.5414422181000758,"Altuve, Jose"
514888,R,2025,649,-12.384607930847064,10.056158361290944,-12.803620571721229,0.7415516915644084,16.275246371048237,1.3572410554748058,3.241968976810102,-10.2077981175138,8.512448658812128,-11.558838514482257,0.4189216815341882,4.787149933190899,0.6539980039057013,"Altuve, Jose"
514888,R,2026,550,-11.827873868107732,5.763810244315878,-5.517754268512554,-11.949462253101427,18.27378854103017,0.12563884532046013,-5.131852759055203,-9.449941311171674,4.747824156079861,-4.895639437126562,-6.260294808161055,4.76906018096168,0.05537550914984251,"Altuve, Jose"
516782,R,2024,369,-0.8117157909113496,0.921204333321331,-2.713193252198493,14.801045541470561,-12.07628360500461,1.0452226031151117,1.1662798297925543,-0.5903107750264559,0.6984349812025672,-2.2811298664242994,6.286186059253137,-2.3131330463418385,0.3615132194947904,"Marte, Starling"
516782,R,2025,329,-2.335516043202611,4.309811101273802,8.54607675503434,-8.962950998423375,6.126158380795261,-0.9294672171097584,6.754111978367659,-1.6439587909280342,3.174268202465732,7.048683329714772,-3.5578275558556625,1.0684088499393614,-0.2977933914563868,"Marte, Starling"
516782,R,2026,168,-0.5505288759516942,-0.04395364445011846,11.690606394079776,-18.012666898468552,-11.588005777199545,-7.315996599001315,-25.82054540099145,-0.3018574990975699,-0.025846541223847233,8.255959516752299,-4.531329467776227,-1.1282728500120696,-1.4194847563432003,"Marte, Starling"
518595,R,2024,341,6.133690071229612,-6.285469373039061,-4.12319532521166,6.3936235836031745,3.166344120435702,1.1253964487463528,6.410389525764125,4.3629379561430595,-4.672708067847995,-3.4218520070958998,2.5929648661743494,0.5687376688720766,0.36940201099894643,"d'Arnaud, Travis"
518595,R,2025,231,-6.170011504239249,-12.617228257698123,-9.573141498326683,1.7403342021375992,-3.5746353322762707,4.729405541942994,-25.465276848459737,-3.8583549549190925,-8.358550263854388,-7.34948088039864,0.5500879938463986,-0.46170598479229114,1.1761540393928112,"d'Arnaud, Travis"
518692,L,2024,630,6.71170450712548,5.026977436960085,-1.890151662791117,7.809121695323625,-1.8506355206912442,5.115389486892499,20.922405942819328,5.502835845287155,4.235682058992098,-1.701400425304305,4.354438479599115,-0.5329937913738214,2.426968391592928,"Freeman, Freddie"
518692,L,2025,621,2.4848291298186855,-3.6512503704061787,4.039247290206354,7.05714034463727,9.09084715110457,3.2673261329696865,22.288139678330385,2.0319736879632244,-3.069505411946637,3.6306321375807733,3.910057545587393,2.591476032989354,1.5384469431394125,"Freeman, Freddie"
518692,L,2026,637,4.255603585784419,2.8072811381712417,1.6179527058957348,12.295430663509633,-13.426396190921125,5.797106340526485,13.346978242966388,3.4960314715585388,2.3694863357390266,1.4579832982290164,6.889538909872033,-3.8973736650174713,2.7663819844968947,"Freeman, Freddie"
518735,L,2024,183,-0.810326602742125,7.055215329458037,-10.983533677140983,8.143129887098306,25.067791111400858,6.535471334620432,35.007747382694525,-0.4613883208259656,4.293742667935093,-7.948022591769935,2.1823983758520544,2.635749604042942,1.3577406560086187,"Grandal, Yasmani"
518792,L,2024,256,-2.3384299157978012,2.651025601774382,-1.3980013072323414,-8.47792366472974,4.403625232337198,-2.729952454835339,-7.889656508483641,-1.517848629284146,1.8160896747841926,-1.0981827703816776,-2.8715019136866564,0.6216462727122097,-0.7326666912491119,"Heyward, Jason"
518934,R,2024,228,-1.7241035875290198,5.458287023743799,-30.49621288249032,7.13770460106329,-29.089893471564334,11.942208774228622,-36.772009542547956,-1.0728619990749835,3.5999698469501045,-23.34117814858965,2.235977239318123,-3.714735244602805,2.940831225827063,"LeMahieu, DJ"
519203,L,2024,376,-5.733176889072142,10.675925021270112,-15.887207710394826,-2.065357235497579,-4.965442939154666,4.561226273185041,-13.414033479664058,-4.190665802163655,8.130835089855097,-13.39696151667754,-0.88667907697608,-0.9656318561815482,1.5970491268912983,"Rizzo, Anthony"
519317,R,2024,458,-11.023775322455338,-8.870479083569725,13.788040171353956,20.994675819506504,-7.895826325532841,-0.7790172210559725,6.2136180382465875,-8.465622291060166,-7.057006931047951,11.962540485181727,10.038970764845121,-1.7942781962297158,-0.3086768293896133,"Stanton, Giancarlo"
519317,R,2025,278,-5.601438423162356,-13.279790245173388,17.570323594359273,23.94629386472834,21.704324592429785,-4.190582222112136,40.14913116106951,-3.739681632676158,-9.32988089537659,14.040444168054181,8.5585871300867,3.287358991339706,-1.1937895446689246,"Stanton, Giancarlo"
521692,R,2024,644,-18.819258860933672,4.7896188065451195,-1.6924684671542225,25.61898891631617,-9.880815256095763,1.5844811180122225,1.6005462566898543,-15.490308553066315,4.049543338010195,-1.526772381859132,14.424104513028286,-2.890471354805243,0.760436424011421,"Perez, Salvador"
521692,R,2025,636,-17.777567667301867,3.856467860043188,-0.6585464708151917,26.623013260642015,-24.004070919085983,2.5435694517362206,-9.41713448478162,-14.600396303018801,3.254254690294907,-0.5933427546929883,14.90745464280288,-6.960062232848232,1.2127956555842185,"Perez, Salvador"
521692,R,2026,607,-19.976809207360652,6.292276390668939,4.379264944560514,1.9262279962369742,-12.06511281103386,-0.9307620995361046,-20.374914786464185,-16.26769336241428,5.270375667744,3.9270904767394295,1.0563748020346484,-3.383540270833469,-0.43297275195738416,"Perez, Salvador"
527038,R,2024,241,-2.609131148099214,17.93047806512363,-21.94725846214527,-0.8753177224052373,-9.476496336992358,-7.612758963571487,-24.590484568089938,-1.6573594625190537,12.047149689311336,-17.013301333103097,-0.28475282953071507,-1.2698869635664591,-1.9541336282961748,"Flores, Wilmer"
527038,R,2025,464,-2.8723033292399647,8.223851594999013,-19.26990255116948,-5.3164316725156056,16.518151192164307,-0.1424131955582952,-2.859047961320021,-2.2124018012545967,6.5599171906131755,-16.747290868264358,-2.5594151275868855,3.791535796643777,-0.05687365742705507,"Flores, Wilmer"
542303,R,2024,687,1.7991188926264583,-1.8887943919845624,8.862082875326854,33.34720721868378,-6.859800818904547,-3.6368675247726387,31.622946250975346,1.497451055022649,-1.6125397865650501,8.04375744216809,19.303234635878272,-2.099699665610614,-1.8041623580392017,"Ozuna, Marcell"
542303,R,2025,590,7.0863592518182505,2.7854662320746204,7.217191673520824,4.877900196290441,-5.623382423863116,-9.46204546813701,6.881489461704006,5.7399195602334085,2.3222241983233767,6.452793602399998,2.6407590502139127,-1.5449889952020854,-4.334763941237864,"Ozuna, Marcell"
542303,R,2026,280,1.8669245607290854,-6.141424023266457,8.557005871732988,-5.222796024357176,-14.657372517232238,-8.75037845563276,-24.348040588026556,1.249378735855533,-4.323919814566342,6.847729197733602,-1.87527433689007,-2.2335580700893094,-2.505557191347128,"Ozuna, Marcell"
543309,R,2024,262,-5.090054309262012,0.21337400185046151,-0.7699550368073398,9.69483580666203,10.110450148481409,-10.943811165597914,3.214839445326633,-3.3306628145313724,0.1472341637275959,-0.6078139168674254,3.334167529593665,1.455895708194506,-2.98715700238768,"Higashioka, Kyle"
543309,R,2025,327,-3.1070889602021246,2.9401080477990704,-7.050550560632293,-0.3551667153477435,9.703310179976997,-2.3827795874895714,-0.25216759589566357,-2.183111651242765,2.161968571054566,-5.808969301041411,-0.14046471122389914,1.6837658770449866,-0.7602621885428381,"Higashioka, Kyle"
543309,R,2026,186,-0.08672106281097255,-3.3964692335025974,-0.17675888943376153,-7.861484248185886,4.046410037338732,3.371251570369823,-4.10377182622466,-0.04972307301679595,-2.080193980845675,-0.1284808781323692,-2.132088205296546,0.4316898957714903,0.7094411060112477,"Higashioka, Kyle"
543510,R,2024,233,-10.160255978077368,-2.538996777018504,-11.073164655173496,17.937358195013342,-4.14832390173546,4.745394985660086,-5.2379881313314,-6.374113338866561,-1.686899583393501,-8.518060449570333,5.703153343304225,-0.5398398838696765,1.1877905283258945,"McCann, James"
543510,R,2026,152,-16.88707325474612,-1.6322428167156346,-4.275013817548174,6.390556120431857,18.53245703112519,-3.323057038652453,-1.1943737761053401,-8.83899285770851,-0.9199334569532152,-2.928468892974003,1.4902264458803927,1.6478539040978581,-0.5943325910588674,"McCann, James"
543685,R,2024,238,12.291830938512922,11.818997740160022,-17.63161420879451,-7.691170481278923,-7.014817173238327,-0.8919057834273754,-9.118678968066192,7.772218761419269,7.908253284000895,-13.629234223521813,-2.4809439115404928,-0.9298621866923589,-0.22681982545135648,"Rendon, Anthony"
543760,R,2024,716,8.538529783852807,3.807828028732146,-18.89530548331534,1.0830664909408165,-1.8281588827651285,5.012199679413717,-2.2818403831409824,7.15542382739501,3.270268872769037,-17.21489572751203,0.6378192598994601,-0.5757586054263157,2.538237784157341,"Semien, Marcus"
543760,R,2025,535,9.343073182408041,1.4525682111670792,-17.230272855201118,5.9172738678862125,-9.864414950373458,-1.6096467689216336,-11.991419313034875,7.422855953903207,1.1906398839258103,-15.239422780835898,3.0592093229633806,-2.5221378222408086,-0.6985018091890616,"Semien, Marcus"
543760,R,2026,534,8.341551512829158,1.077947325340551,-6.773267261387617,-7.1812968978062255,-10.31658155734116,-1.964520363495113,-16.816167241860406,6.624620459293174,0.883272689714935,-5.9893627237881635,-3.7093495757048376,-2.6340764476082756,-0.8515955225702351,"Semien, Marcus"
543807,R,2024,612,13.452829806438613,-2.1086498648529206,7.675126604265841,-13.53448203670463,-8.414607953436542,2.1227828886663347,-0.8070005556233021,10.971671451655173,-1.768539959923858,6.888453781667275,-7.4500165211484966,-2.373747364909182,0.991811715390114,"Springer, George"
543807,R,2025,583,13.827112440540017,0.6271690832905203,19.989452938305007,2.335881546626094,1.8208296873839347,9.267507524430663,47.86795322057623,11.174406932464846,0.5218245955900704,17.849600765065887,1.257655578658329,0.4959428226672848,4.218197277368907,"Springer, George"
543807,R,2026,506,10.975837078494282,2.0087707354342665,13.71292641924343,-27.194003699489517,16.409562204995474,-2.2493744753859573,13.663718263291983,8.618531569807315,1.629705158075006,12.048696356336887,-13.68049829285156,4.023947758835021,-0.9454382186572857,"Springer, George"
543877,R,2024,315,-7.717339239425438,3.4183674159143846,-18.225301754677254,9.044268402333172,-6.010039816799515,-5.990790944087015,-25.480835936741666,-5.36163862021454,2.4885594050320825,-14.915817449945179,3.496394927109696,-1.0110585834162202,-1.8631231638449437,"Vázquez, Christian"
543877,R,2025,216,-1.3632051269011698,3.5632475205868896,-23.020797412142496,-14.620809919832524,-1.2818854030329165,6.9453796751735615,-29.778070666148654,-0.8308495941435854,2.306485959400737,-17.392940175263735,-4.411835042511316,-0.156128639834869,1.6415946848821361,"Vázquez, Christian"
543877,R,2026,261,-13.224621108224536,6.735308568373739,-16.83458740079858,-15.758182086576312,11.542179542933724,-4.270224998302116,-31.810127482594083,-8.642048856880553,4.64204251214222,-13.27875895366611,-5.405834391011445,1.6566302054718318,-1.1623371562929505,"Vázquez, Christian"
545121,L,2024,177,1.9980786423175854,10.11372044393277,-23.06517108564712,-19.86193312494314,6.326446951101845,2.3603595368908787,-22.128498636347178,1.1213093981846451,6.074524918463186,-16.53575243612605,-5.194208634733931,0.6456094694761729,0.477538669908467,"Vargas, Ildemaro"
545121,L,2026,310,-14.386774495570082,19.913791788016745,-15.269158541446402,-13.203402368668662,-11.224491604408662,2.540849825862935,-31.629185396214126,-9.946274611873706,14.433846581651617,-12.459979318393081,-5.054255687629833,-1.8632796210662272,0.7815139428577241,"Vargas, Ildemaro"
545121,R,2026,169,-9.126646853074462,7.606243850469121,-5.91609237052489,12.292124235037583,12.903260330250477,10.948724754707387,28.707613946865216,-5.017592978339595,4.483712201564551,-4.185247173693043,3.1060050640708874,1.263079514572061,2.1345037276516967,"Vargas, Ildemaro"
545341,R,2024,278,-3.4377953632876093,8.542801272220087,-7.106621582610495,15.907592101373922,4.262140867890446,2.562746987701687,20.73086428328804,-2.2951712052790514,6.0018507002890065,-5.678900733858119,5.685494122747091,0.6455481738097032,0.7300609789749137,"Grichuk, Randal"
545341,R,2025,292,-8.03017525494797,4.093174016998275,-2.741044205833726,7.613848295097114,-21.14664044419525,6.585662223408409,-13.625175369473146,-5.447993369913043,2.9173129839689005,-2.211671456117272,2.807751812008968,-3.3387220709126852,1.9426953880889493,"Grichuk, Randal"
545341,R,2026,266,-8.606284296928349,-2.675711260754745,9.590475272229579,13.88282999441618,13.549637940243835,0.7295154929663803,26.470463142172882,-5.66092234690762,-1.8549636961070317,7.594914083874352,4.822041973709766,1.9765785528506072,0.20132526348888496,"Grichuk, Randal"
545361,R,2025,548,2.9551994313017675,-8.947743287469976,12.028523920355479,15.155044666109406,-5.8764647356766915,2.687044537526449,18.001604532146434,2.3593408044230735,-7.365787169107271,10.667944190260132,7.925919720344133,-1.52950378928383,1.1819065684159509,"Trout, Mike"
545361,R,2026,604,7.77200343471128,-3.551679788001335,18.467527953469595,7.45930211623664,-12.578437026897381,-1.8258107101382899,15.74290597938051,6.323135880029618,-2.972469470711236,16.55220213603056,4.081647761351431,-3.514934632166205,-0.8470820937295369,"Trout, Mike"
547180,L,2024,620,-3.24100994898999,2.2803183267647684,13.302113265166572,4.010244382971453,9.515785970263002,-1.234445346361044,24.633006649814764,-2.6495631377826663,1.916508176289442,11.954504825405861,2.220306724873375,2.7094865537238353,-0.580752931969565,"Harper, Bryce"
547180,L,2025,574,-2.5720033966311786,-0.5741826400759816,14.39462686033542,4.304727276378996,-3.6832981375360525,4.855325382886365,16.725195345357573,-2.0723356499230086,-0.47648330256003296,12.832157181198648,2.3010425751138315,-0.9919103637749965,2.1912299260502315,"Harper, Bryce"
547180,L,2026,668,4.997449354167751,-0.5870383225664554,13.331551879921287,10.47205880475934,-4.722531652093581,0.13409595989871315,23.625586024087056,4.139757066711952,-0.499101935799741,12.068817308640034,5.990062396460371,-1.417530330839312,0.06558178018378205,"Harper, Bryce"
553869,R,2024,350,-1.9736905984983342,2.1205025097813466,-2.1924490007534225,-14.135617907170712,15.236465078209019,-1.7820478665816897,-2.7268377850137937,-1.4144001888057272,1.586882090817094,-1.8275133206026255,-5.821757822780604,2.7957463991398965,-0.5952241439736037,"Díaz, Elias"
553869,R,2025,282,0.0784829884214244,-12.105407904581089,1.5511484422222364,-18.865501336833788,0.4822904559028728,-0.5769291793474616,-29.435916534215806,0.05264570103044663,-8.540837623480469,1.2430648907111093,-6.804696681872815,0.07393812132096296,-0.16603655943055173,"Díaz, Elias"
553869,R,2026,233,-7.048151603929857,-2.2160302205423243,11.634463844893816,-23.71250944200855,3.376343470410966,0.5640621087753634,-17.401821842400583,-4.4217111507720475,-1.4723218594274772,8.949841297884435,-7.539353121683228,0.4393786286090805,0.14118690482362695,"Díaz, Elias"
553993,R,2024,641,-4.051877519312383,-4.868846462570214,6.290660588730168,7.37578972594638,4.704900320310531,4.479570601375978,13.93019725448046,-3.3323795912506364,-4.1135542238941785,5.672193198932651,4.144270746089359,1.3717997240081428,2.1446499895127435,"Suárez, Eugenio"
553993,R,2025,658,-2.746871990270097,-8.307437017611022,10.548051528847854,4.727393851407496,19.010010514551936,-0.6873603550409424,22.543786531885228,-2.2695177349676694,-7.046967863051166,9.535238063081549,2.686614420821644,5.646055647217502,-0.33357441744904853,"Suárez, Eugenio"
553993,R,2026,481,2.3815119564284033,-8.454444533099851,11.495854397710627,-3.3405715908134885,13.244604544078515,-12.105499290048055,3.221455484256148,1.8493848994610456,-6.792426608567391,10.037379120301908,-1.6382305596330717,3.1252356228357625,-4.939265187649482,"Suárez, Eugenio"
570482,R,2024,458,-2.0564821237840283,9.073156983449818,-10.926909420363812,3.3722210110792346,-9.855235604443203,-1.1934264547661388,-11.586675608828132,-1.5792594096878967,7.218249557376142,-9.480215802575508,1.6124863481515117,-2.2395419598550887,-0.4728818365113268,"Urshela, Gio"
570482,R,2025,197,-12.123305781056757,1.3042451397988357,1.7736341660422068,-13.314833746528187,-7.201796795314923,2.3021997588758163,-27.259857258183004,-7.120745375177196,0.8164628504209092,1.3091688748109627,-3.7642566143908036,-0.808657557389504,0.5068155246089817,"Urshela, Gio"
571448,R,2024,632,-5.049453456098715,12.666529861601953,-7.546489294791045,-9.51636925449503,9.390916769432593,0.7599339999111667,0.7050686255609221,-4.142339715366881,10.678013331728135,-6.795041436207584,-5.313854749116917,2.710746345326727,0.3611471462646371,"Arenado, Nolan"
571448,R,2025,433,-6.523713807098809,12.661650259491534,-12.243158652872513,-13.47841246137209,6.170721882150577,2.6857065047271638,-10.727206274974137,-4.943599530278771,9.955602404522416,-10.541615069991485,-6.256438611245891,1.342367175556155,1.028334156529728,"Arenado, Nolan"
571448,R,2026,574,-5.65374315946307,4.15175093584696,-12.309249013811543,-0.665826299851165,27.644727632965665,1.5028529175188567,14.670513013205701,-4.555380261243017,3.4453148863178558,-10.973137383851823,-0.35590980919859566,7.4447114566780765,0.6782442014960404,"Arenado, Nolan"
571657,R,2024,240,-0.7736212356061405,3.3791971352970025,-20.09151927791421,2.699114525166436,-4.664178845741445,9.060114668461123,-10.390893030337235,-0.49067009079099444,2.26731896453743,-15.560175035912374,0.8755974058901691,-0.6227707531170196,2.3184775303669602,"Farmer, Kyle"
571657,R,2025,300,-3.262432792204132,1.1494016095125588,-19.245997170606294,5.722201123234491,0.8713103734878902,3.2392894373298953,-11.526227419245592,-2.2325090261362663,0.825532918529718,-15.609443609587371,2.1462991058737435,0.14072642125045137,0.9738624186919503,"Farmer, Kyle"
571745,R,2024,425,4.6321883211069075,-11.323568909515261,8.135884532289385,-10.006138991733724,-9.586670752542968,5.789592530298489,-12.35871327009717,3.494290652679505,-8.867820866737963,6.986888105470892,-4.59829290810271,-2.055195884549671,2.1913308413050614,"Haniger, Mitch"
571771,R,2024,395,7.01662719974689,2.0015902719686935,-7.643341080265272,-8.066936980645854,1.438514572125845,-8.112348106005566,-13.365894123075266,5.196049262629661,1.5421041202175916,-6.494247135980416,-3.5609707571370093,0.2910248960864233,-2.932079110119295,"Hernández, Enrique"
571771,R,2025,256,0.13153257584906577,2.388003028144434,-10.769480474973847,8.91557832285238,-8.517312148958538,-13.081857787797803,-20.93353648488431,0.08537631964505728,1.6359056056885197,-8.459833222182098,3.0197370521511995,-1.2023628423339596,-3.5109188234398587,"Hernández, Enrique"
571912,R,2024,153,-2.512360912992831,-10.842365438591203,-9.037571066309873,-7.492155479060848,-3.466141256229941,-5.7059764124020464,-39.056570565586746,-1.3191231021840015,-6.128245982497407,-6.20368615916978,-1.7559108875926073,-0.3100457795454573,-1.026027147695059,"Maile, Luke"
571970,L,2024,291,11.997061505846224,-12.122560714961034,-1.1773207853258796,2.6933808384137543,4.443925415237819,11.871876490305755,17.706362749516632,8.130304183921945,-8.631547453898142,-0.9493169864752694,0.9910857253627992,0.6996014038101037,3.4936043976518563,"Muncy, Max"
571970,L,2025,386,16.488480032545706,-3.494303727197499,-2.223918354843508,12.834908096617694,-1.9623454694180529,0.32368335019556943,21.966503927899904,12.136851286211245,-2.677816588763981,-1.88297577163652,5.592846490819954,-0.38975177013529116,0.11527390035973667,"Muncy, Max"
571970,L,2026,543,7.604481335300414,-7.666077578044569,3.6545011516884434,13.718816394016258,8.362341132599566,-0.2790707016474505,25.39499173391266,6.059934132624172,-6.300462181690909,3.2377580818251332,7.143411824818268,2.1617932465354945,-0.12212040670168205,"Muncy, Max"
572138,L,2024,405,4.959545689908136,-5.511241958302904,-10.772311549078111,12.703111409992205,6.927860019919449,-1.9466813090767883,6.360282303361985,3.696392185358603,-4.270282909621603,-9.1869131741583,5.68592709481448,1.429730677503803,-0.7148683484747517,"Singleton, Jon"
572191,R,2024,298,0.7791212554575948,-19.65303323548696,20.672346114961723,-22.558754428504603,-13.287228498151551,2.346370454932151,-31.701178336791642,0.5320317121956888,-14.088724326651828,16.74504738738048,-8.426060794276875,-2.1340276720456344,0.7021190560752829,"Taylor, Michael A."
572191,R,2025,324,3.094137582594685,-17.326302833377685,14.653381614391169,-13.663643920215943,2.1307311120083194,-3.7997593107493506,-14.91145575534881,2.16804203061605,-12.709515966716214,12.053310855966465,-5.373749286662272,0.36692696585501844,-1.2047751437180283,"Taylor, Michael A."
572233,R,2024,549,4.859642610219708,-3.4874472825454164,7.058123412249585,4.653971664945654,-0.4105899836989083,1.1196414121011518,13.793341833271775,3.8812154169052686,-2.8717933404740537,6.2610494710673885,2.436092046941687,-0.10701097905345172,0.49298144421260953,"Walker, Christian"
572233,R,2025,639,1.6245257310256647,-9.912476428070208,8.047707414360636,-1.4180635495575475,1.8716081597028764,1.5364931429449467,1.7497944704063662,1.3353141365894203,-8.370713962001242,7.254263409411856,-0.7956831368994897,0.5444942693300405,0.7344170105929001,"Walker, Christian"
572233,R,2026,611,0.8185233110848212,-4.39663604409208,0.24652699912252646,-7.36985126621683,5.7125407514642905,1.9752635070435385,-3.0136327415937325,0.6673583888696117,-3.6865174168779786,0.22122175961136634,-4.053730733564416,1.6096073277577108,0.9220833209740513,"Walker, Christian"
572761,L,2024,156,8.710933382024303,-5.22580204357765,-7.909816034568366,13.441266515549438,6.640106477504965,-13.720727349005836,1.9359609479268554,4.615862736384475,-2.978596193366619,-5.462497602739102,3.1972592687337626,0.6045423467473031,-2.5067477614992857,"Carpenter, Matt"
573262,L,2024,473,3.724414343092367,-6.416017369376248,-0.10845317258264998,-0.4206919637553975,8.865280857583551,0.8182493489460048,6.462782043907626,2.8813390900164864,-5.137641697325568,-0.09449099656685525,-0.20454615956365563,2.0651903759418953,0.3305511029472658,"Yastrzemski, Mike"
573262,L,2025,554,5.025507312828124,4.530324874559996,-1.2257522934839065,-2.6729137244309236,-8.158283582948675,3.5394624564833315,1.0383450430079448,4.020992011224042,3.7365205879311163,-1.0884374372844192,-1.4051634697691253,-2.140555835336361,1.5663481258680243,"Yastrzemski, Mike"
573262,L,2026,391,-0.7236856002182953,4.7613798079577885,2.9242730454857866,-4.645671524791974,-1.9473361036077066,-1.637810549316788,-1.2688509244911894,-0.5344948566292703,3.65976012187208,2.4808246124929756,-2.039076972979211,-0.39077530191390225,-0.5881185871845604,"Yastrzemski, Mike"
575929,R,2024,356,2.763895239826658,-8.816622337877448,21.438323279040045,-1.4664932870243594,-4.619052669377017,9.440499478367526,18.740549702955402,1.990187287077073,-6.626038868068176,17.920161938798998,-0.6100225642021012,-0.859378472034588,3.189028952424529,"Contreras, Willson"
575929,R,2025,562,-1.313193227719942,-2.8999636065180456,16.638545462357452,6.260934977476868,-7.732802383209208,4.435896004695136,15.389417227082264,-1.053705874211169,-2.3978122081172106,14.798211146870116,3.3137763967189224,-2.050448455283837,1.9787566303568742,"Contreras, Willson"
575929,R,2026,532,-6.291504353032038,-2.0862251546055512,23.82583241737598,5.6887103947906175,16.70315050288067,2.3697083500254377,40.209672157435115,-4.992668638907409,-1.7082981942183233,21.0591853855772,2.933054056366017,4.252818330043744,1.0250564441923635,"Contreras, Willson"
578428,R,2024,290,-13.591698217634159,16.39019410485562,-12.004612667435815,1.1744576598771168,19.971406447177902,8.893586329521876,20.833333656362537,-9.200749807888068,11.658625207865963,-9.67330019240402,0.4312264026925603,3.134964184470537,2.610812571417801,"Iglesias, Jose"
578428,R,2025,343,-15.397918268065121,17.175194104727687,-17.840678793002482,-3.6496981257066623,2.672856491089722,-0.6897627454712498,-17.730007336428105,-10.97111836560632,12.787417187124579,-14.820731637801202,-1.4853009488570883,0.4824052000556135,-0.2272991976967064,"Iglesias, Jose"
592178,R,2024,155,0.3414470703715028,-15.75857858119241,0.06500647255871249,-0.9208475272911362,-3.0731234099559845,0.43859600486404826,-18.90749997064527,0.18038332362515092,-8.957204905924447,0.04480385941420977,-0.2179692383057586,-0.2781584898657375,0.0797102535306942,"Bryant, Kris"
592192,R,2024,461,8.179947544751325,4.204430214184939,-8.463703441791434,-13.463294675688745,13.665168035632975,1.505924347137065,5.628472024226122,6.291227545223667,3.3493365502352,-7.349463924126451,-6.45964552752854,3.1210207132608128,0.5990593418039918,"Canha, Mark"
592206,R,2024,659,-7.032802516796601,1.657056261290768,-3.665327013114826,12.841544717878003,-2.6910447223180927,1.6814708366892777,2.790897563628528,-5.812167514744988,1.4059584649596535,-3.3138687861125478,7.302732812699676,-0.800105486150876,0.8166518077857423,"Castellanos, Nick"
592206,R,2025,590,-11.29155558527234,3.1748831231715404,-4.999905639935639,6.590436960747476,3.258582528416214,-6.080970109668337,-9.348528722541086,-9.146109936881563,2.646878404261315,-4.4703481056698955,3.567878666765963,0.8952750794605013,-2.785821527480519,"Castellanos, Nick"
592273,R,2024,361,2.4039325992045177,-0.2832664718785394,-2.9615371453769663,-22.954567704314233,-15.192079957279581,-4.035268009704991,-43.02278668934979,1.7377279094856923,-0.21362103850706826,-2.481170145187473,-9.626363018777806,-2.858726674588047,-1.375743511695188,"Drury, Brandon"
592450,R,2024,683,13.968909769096767,-8.478424129155995,22.088542364568582,43.946704543555576,0.3044204463956669,6.31384253661393,78.14399553107455,11.615262234060584,-7.232177007457696,20.03804821877856,25.376229583049913,0.09280217079088943,3.1229286571086923,"Judge, Aaron"
592450,R,2025,642,6.720348758329916,-7.479691431511875,21.5287656101148,40.630397830469676,-4.15451245498399,7.840622305738711,65.08593061815724,5.528535560321654,-6.3209125338616365,19.415134487404405,22.8447888378586,-1.2126622211543039,3.7568453529396426,"Judge, Aaron"
592450,R,2026,280,3.1879407859795554,-8.367623062696353,18.078825515993366,27.96620910287056,-7.249915533051384,-3.800396026109015,29.815040782986728,2.133426016750233,-5.891293456459859,14.467548953723803,10.0414249352519,-1.104775588344705,-1.0881940297170751,"Judge, Aaron"
592518,R,2024,638,-0.8693001221943798,2.6252650512248663,4.870143338882841,5.419010405642,1.9030574062688386,1.8819476543949527,15.830123734219118,-0.7143407471767509,2.216397378616046,4.389305186682235,3.0385458000204886,0.5530289458809381,0.8988028527402188,"Machado, Manny"
592518,R,2025,674,-2.2273917901976703,3.490109753686089,7.729154664466513,7.967752039925386,-9.456394317413512,0.5810321582032056,8.08426250867001,-1.8479367564039486,2.9712651159630483,7.002971339069064,4.575019279605492,-2.856256294621256,0.28546148259133935,"Machado, Manny"
592518,R,2026,655,6.656076412728143,-1.6925035530460808,1.4782866844361642,1.4112341402512008,-7.297198448083938,-3.1249892232644947,-2.569093986979004,5.4950028572352005,-1.4347066799247585,1.3357556195140183,0.8004326278698012,-2.1603436830819156,-1.512983434922106,"Machado, Manny"
592626,L,2024,447,-6.119468534077643,2.9574060293117,-1.7901472897241957,23.37824301742364,8.608551462935676,8.99167262938732,36.0262573152565,-4.672714162452171,2.3410192818361932,-1.5480927300228264,11.036983425522823,1.919734244112264,3.510688732761492,"Pederson, Joc"
592626,L,2025,305,-1.982959975609497,1.0808152605618606,-6.619396658220056,1.195660799266953,-17.083028762826448,-1.960707842435718,-25.369617179262907,-1.364014631182837,0.7798746541760369,-5.385335356688569,0.453113720416174,-2.797555614257925,-0.5963052676660983,"Pederson, Joc"
592626,L,2026,431,2.0142926031008304,-5.18431955354148,-3.2513248831924555,18.138019680824904,-0.7389948612226382,5.168568512529216,16.146241498498377,1.5246953975794844,-4.0722881427659345,-2.7976543190666034,8.398463269593648,-0.16017795309224384,1.973349972229671,"Pederson, Joc"
592663,R,2024,413,-6.707314989564624,2.5127442372494624,8.652435232953737,8.64010710724212,-6.975919888425007,-3.036469266854295,3.0855824326013925,-5.023804606382131,1.955482018126597,7.400122793282338,3.9091505254462686,-1.4621261056856676,-1.1289019133030138,"Realmuto, J.T."
592663,R,2025,549,-5.469568269372144,4.288777856616432,9.14515810656925,-7.750001631609516,-3.7011753240279175,0.7193434863277682,-2.7674657754961265,-4.368340306807721,3.531661610785441,8.112395318363173,-4.056689360778371,-0.9646275135711669,0.316729076775841,"Realmuto, J.T."
592663,R,2026,451,-3.9496652111347808,0.3696161286887125,11.4521607221996,-9.268116342611112,-15.204264312172924,-0.8245195682589155,-17.424788583289423,-3.0222291810772672,0.29312205639879146,9.91554930240261,-4.396105826648117,-3.4141269582402547,-0.32367347414325304,"Realmuto, J.T."
592669,R,2024,424,0.8185110212580494,3.2506950611429133,4.637081479301745,-17.687400718053116,10.03833374511707,-0.07217820089175117,0.9850423878749107,0.6170861643569314,2.544413765669364,3.980880201415051,-8.117847598354185,2.148043593236743,-0.02727908981202665,"Renfroe, Hunter"
592696,L,2024,321,-9.787221397986851,-0.451040005041359,-3.4097135828680285,-9.029844194295459,-5.440210309728064,-6.032170185541353,-34.150199675461124,-6.838712583754221,-0.3300334795981724,-2.800056547693403,-3.5313075144317807,-0.929650555789764,-1.900467272048638,"Rosario, Eddie"
592885,L,2024,312,8.299139746616572,3.3246082225225644,7.291638698556575,1.8204556644895822,6.407039189411447,7.188377138324981,34.33125865992172,5.748972155061177,2.413989450548496,5.957167920408557,0.6996375546812241,1.0692931020486027,2.220856686280616,"Yelich, Christian"
592885,L,2025,641,0.21209160190086201,-4.240606875242731,1.9916782316779467,9.580050561752156,6.403293751094487,-1.9048811892915105,12.041626081891208,0.17443018015263909,-3.582771906576191,1.7958660399553217,5.382789472625892,1.8669973862304314,-0.9119854973113245,"Yelich, Christian"
592885,L,2026,484,5.071750603382197,-10.179519057184153,8.000586108472634,-4.740919073559789,-6.416010993677802,0.3480325662773219,-7.916079846289592,3.94397660055973,-8.188354697106403,6.991052011971894,-2.332333968903161,-1.5211445040039224,0.14252662861468346,"Yelich, Christian"
593160,R,2024,336,7.758011873220064,7.901480050008844,-17.463417789513205,-7.61941903193233,-7.332985383963475,-1.7108330680027288,-18.46716335018283,5.494724295385684,5.851730274641173,-14.456350124515097,-3.0629971213467773,-1.3012625093880208,-0.5560086186188113,"Merrifield, Whit"
593428,R,2024,462,5.538584772047811,8.278255003406736,-11.774295002852007,1.8131803521211454,-2.784840599980421,-2.2749006832243994,-1.2040161584811315,4.2618757672051855,6.597534434479518,-10.22713313185119,0.8709387676463086,-0.6371005178706372,-0.9061405920780261,"Bogaerts, Xander"
593428,R,2025,554,1.873039348295831,3.4293712491343857,-6.802565445232071,2.954576439046157,-9.377933221253858,1.0735531179312092,-6.849958512078347,1.4986499446495591,2.8284762419591867,-6.040508298070057,1.5532348997430188,-2.460565323091436,0.4750885014223466,"Bogaerts, Xander"
593428,R,2026,592,11.714131214097772,0.09306690544127666,-2.5650864785646346,-4.742919183448424,-11.000388970803543,0.11130485139276446,-6.3898916618847865,9.494488899490353,0.07763286208654245,-2.294230089312125,-2.571668687747567,-3.0297111342916976,0.05108463499971784,"Bogaerts, Xander"
593871,L,2024,336,0.7372100258017007,-11.510610061268336,-7.375257310537056,25.54579954058919,-20.75171583116251,0.28997594174765945,-13.064597694829354,0.5221396803422509,-8.524603612083768,-6.105294119661858,10.269380136123408,-3.6824606081473332,0.09424012536303622,"Polanco, Jorge"
593871,L,2025,410,2.306879863870556,3.9516098346328086,-9.305232870013905,10.795827156113116,1.1195893094943659,6.428619367551721,15.297292661648662,1.7246943499235041,3.07026189921023,-7.9500182212631945,4.864997902852016,0.23331228540494336,2.3791031620523833,"Polanco, Jorge"
594807,R,2024,330,-10.944641032010466,-3.795763006214011,-0.6822285109492957,-1.7530320944335598,-11.668560671871598,-0.6603563749741947,-29.504581690453122,-7.710800300360702,-2.7978946631918724,-0.5629913555433668,-0.6971369599298558,-2.0401139745101387,-0.21200918225109602,"Duvall, Adam"
595281,L,2024,279,-5.134591863363285,-16.23247667066603,-5.87809051793138,-9.594871550450891,7.299009063766519,1.1725394300794008,-28.368482108565665,-3.4320900528950764,-11.416498219650434,-4.700566405222652,-3.437196443426631,1.1088878326949454,0.33488482035276373,"Kiermaier, Kevin"
595777,L,2024,493,8.528916985596716,7.784250196315094,-6.25685680395152,6.650267111533589,-6.078622926169196,8.275155029231762,18.903109592556447,6.659427297941811,6.284051897110519,-5.479974172121897,3.302280697174283,-1.4615097062721996,3.4257776782060203,"Profar, Jurickson"
595777,L,2025,262,9.423749454283119,12.91031848230336,-11.055136701419856,-3.0185803932319084,11.334836423808024,1.4677532466349297,21.062940512377665,6.166404123376009,8.90848898513429,-8.727088750347631,-1.0381251352050629,1.6322062282249143,0.40062911559048636,"Profar, Jurickson"
595777,R,2024,173,7.8853050719769255,14.60847870958988,-8.572376234585406,6.3128942993841894,1.1794725151840817,13.238438362391506,34.652212723941176,4.380738395106796,8.693895568721556,-6.105695837229994,1.6232055049159746,0.11791618208577744,2.629845144159446,"Profar, Jurickson"
595879,R,2024,286,-25.27976044109243,3.753321983664414,8.54734531647164,-14.280425188292748,-18.40152854086938,0.22969918289711774,-45.43134768722138,-17.035880440372992,2.6590660379443554,6.868782645408554,-5.197352724641238,-2.8548756459021014,0.06677107009588908,"Báez, Javier"
595879,R,2025,436,-28.394890052937928,4.9788622386939245,2.2832270260983423,-5.224976561396877,12.267217270971162,0.7796253955377972,-13.31093468303358,-21.553259965747092,3.9205451755996013,1.9677878651692484,-2.434315790963996,2.683032470992523,0.2997848611286068,"Báez, Javier"
595879,R,2026,192,-24.415938702991674,8.55988664225335,-8.923160020653045,-2.525261615844579,-2.68227864328018,1.8172227519238962,-28.169529588592233,-14.188479723310314,5.306838606807733,-6.541820921341011,-0.7008294331778221,-0.2943758223082553,0.3920879183222066,"Báez, Javier"
595909,L,2024,346,-5.373289437990038,-4.07949059624687,-2.822815943525379,-1.409586597689511,4.568477190471425,-1.1136125053977266,-10.2303178903781,-3.8380714061860766,-3.0440387570602483,-2.3484358805873735,-0.5766179310864054,0.8304332994112703,-0.36911723168878496,"Cave, Jake"
595978,R,2025,180,0.3282540099256972,-7.36170816504577,-9.438388601243378,-18.425061609985434,-7.764983884190586,-2.6469157034441455,-45.30880395398361,0.18557128754953764,-4.451234012484347,-6.798592751042422,-4.878488866666243,-0.8044504340156854,-0.5427290249281932,"Hedges, Austin"
595978,R,2026,242,6.021943407535424,1.3668239086857183,-12.127084894519026,-9.488621949306468,20.117172170399062,0.48675023041813853,6.376982873212851,3.8310040523824265,0.9195900171826147,-9.409539420393532,-3.09540840019042,2.705459936962853,0.1253297987856729,"Hedges, Austin"
596019,L,2024,518,3.7869872827357653,0.18954979029280603,11.878499822274446,9.291795567303947,-10.887355817333912,6.224191998256919,20.48366864352997,2.9885165288813407,0.15445596231843947,10.466325537376436,4.728865448022005,-2.7173068310988504,2.6517102053665558,"Lindor, Francisco"
596019,L,2025,503,0.3298518583309499,1.487977371513017,4.730906910649199,7.374557493593316,-3.2803626279566336,13.343319870249845,23.986250876379696,0.25867747164297944,1.2058310973089832,4.153747328923872,3.698958626635598,-0.8008045478200683,5.589028894904084,"Lindor, Francisco"
596019,L,2026,308,4.418369518117685,0.005789328963741479,12.780415035998985,-0.28733223649571055,-4.983624389599385,-1.9751810228181208,9.958436234167191,3.0485230861270214,0.00418871681554783,10.416663879658717,-0.10955157317005251,-0.8228317629524607,-0.6048063247466626,"Lindor, Francisco"
596019,R,2024,172,2.9652529327075436,4.501101297949953,5.0480952695957475,22.720071607915422,-20.415763952458448,15.327833269985845,30.146590425696065,1.643121985494181,2.672434829856157,3.589513062889105,5.816784702928214,-2.0304140367612296,3.030787641149934,"Lindor, Francisco"
596019,R,2025,227,3.4253390860904305,9.107057761350838,-7.738322899421373,-13.401040869115539,1.4066494316815052,-0.40834298494116955,-7.608660474355308,2.127952908266944,5.9974924742622635,-5.9166389524969185,-4.185385479241279,0.17893938030800097,-0.10022380151656202,"Lindor, Francisco"
596103,R,2024,212,10.001175894842918,-7.745235645710099,2.7922098515369265,-5.745957493174783,-13.360550532012539,-2.535822628385277,-16.594180552902852,6.050956147504503,-4.980339132516067,2.0999167106809637,-1.7112993445220979,-1.6007388596740924,-0.5908483211840821,"Slater, Austin"
596103,R,2025,160,0.7517183017631146,0.6229286663648919,-3.0835143782535868,32.906413979945455,-20.871186051631998,-24.86813152091262,-14.541771002724742,0.4030673958703527,0.3589146346146613,-2.146066676948811,7.979447086977212,-1.9443817439600952,-4.638123546467014,"Slater, Austin"
596115,R,2025,654,-7.3500231589049205,-4.9121514694866,-7.206104037122921,12.891279006163913,7.069859956761744,4.003441805976681,4.496302103387898,-6.066280798650822,-4.1629782877214705,-6.510357708846746,7.306920771480917,2.090789398625545,1.9367642214147516,"Story, Trevor"
596115,R,2026,251,-19.728550574380144,-3.614808337477953,-5.906371279574757,4.95476830832161,11.198852197159956,-3.686887380849665,-16.782997066800956,-12.71668789562045,-2.4608913927414515,-4.619940364935932,1.6563772212490409,1.5543160356921764,-0.9752758491299545,"Story, Trevor"
596117,L,2024,187,-0.12268737176097944,1.31917463565669,-18.589450479648473,-8.754841811265656,1.259251971452362,-6.520445760886271,-31.408998816452325,-0.0705058557249992,0.8096166231173426,-13.531893497656858,-2.3836627001998454,0.13498772177032237,-1.377970934593817,"Stubbs, Garrett"
596142,R,2024,280,-1.6538520838688402,-1.3488025918466053,2.0014833129873826,-4.46775735183288,1.09615153568061,6.9800882918281495,2.6073111129478157,-1.1067868886084762,-0.9496354967071678,1.6016835709316375,-1.6041734477607406,0.1670366299063356,1.9986576014400785,"Sánchez, Gary"
596142,R,2026,262,9.216224982510672,-1.6992823460806494,4.732657049053909,-8.224222749134473,4.297639738761218,7.46104997155257,15.784066646663252,6.030611065140848,-1.1725534179069925,3.736029612980468,-2.8284064829098776,0.6188562486476831,2.036523413136761,"Sánchez, Gary"
596146,L,2024,399,-0.22039613955612436,1.5475482968010763,-12.468499454568091,3.987126267338741,4.302240856196345,3.597350173400636,0.7453699996125811,-0.16363642543455303,1.1950424894744478,-10.609985906345615,1.7699397985492393,0.877399874014192,1.3085820680482465,"Kepler, Max"
596146,L,2025,472,1.003584425384953,2.9547287714375714,-4.705291335583689,4.012371805793403,-14.15531498339477,-0.30875544922459885,-11.198676765587132,0.7760363458378886,2.3650079831070254,-4.098417981104007,1.9487485193344767,-3.2921675666173664,-0.12457173299280404,"Kepler, Max"
600869,L,2024,316,-9.735172351424925,-2.1101347244170556,-8.495548605027237,2.9656996321035725,30.66119437836325,-3.4594992808796046,9.826539048717994,-6.770072381405596,-1.5374940561207466,-6.956862136633519,1.1487302721087849,5.171692468815531,-1.0782478704496905,"Candelario, Jeimer"
602104,R,2024,301,10.43728289201616,-2.1857885038267613,-8.835769754595372,2.8154332992364273,0.8875336984108405,6.740471729212543,9.859163360453836,7.149815516751003,-1.571366439752341,-7.170742173315746,1.0582175537584044,0.14374710361134369,2.0311798528309244,"Urías, Ramón"
602104,R,2025,389,5.3955035967316745,-2.772806941928245,-1.5722553530868606,-6.829092796221615,5.782964964968163,-6.427403077061884,-6.423089606598768,3.9796258572678576,-2.128742463970235,-1.3327931514311935,-2.9888017959712374,1.1557279301824441,-2.3004248664373694,"Urías, Ramón"
605113,R,2024,227,-7.594933313096933,4.705868765171651,-14.588536957535464,2.6641566194698485,-5.935073009467362,-8.08873346844269,-28.83725136390095,-4.7182658491613765,3.099070330239839,-11.15423938038943,0.8320639074574785,-0.7549985536391239,-1.9853007093494421,"Ahmed, Nick"
605131,R,2024,156,12.019384655602776,-1.480336507802121,-25.359861518422296,3.138508151399309,3.098355266435487,-3.3531901193119555,-11.9371400720988,6.368987950310261,-0.8437603740577883,-17.51345191149402,0.7465534788295002,0.28208688673492355,-0.6126207169385822,"Barnes, Austin"
605137,L,2024,405,4.232477662049439,-2.114461001054892,-0.4380956220579358,-2.937668509311499,0.6108129538587946,3.24940670835515,2.602472191839055,3.154502112267904,-1.6383506193668422,-0.37361957305900256,-1.3149037612579488,0.12605595607267878,1.1932605487573398,"Bell, Josh"
605137,L,2025,415,7.032900056036443,4.173568496420468,8.826504349294959,10.296354910309049,-21.37100588822345,-2.854707964832791,6.10361395900468,5.274048662972989,3.251453184594408,7.554267218557731,4.670832747349084,-4.496408636397853,-1.064549483164843,"Bell, Josh"
605137,L,2026,414,6.7415125590290295,-0.3178748855506754,10.807645260225803,2.5360758285566787,-12.710265692562576,-4.359065918203687,2.6980271514945726,5.052481889810387,-0.247510977901113,9.246630583931747,1.148947756802313,-2.6691188856116947,-1.6230812873886635,"Bell, Josh"
605137,R,2024,198,-1.803902706531837,2.24327473591689,-10.908159150832736,-4.6894709372473065,30.537886374739212,1.0131188853460205,16.392747201390243,-1.061753103007454,1.406956816087683,-8.06227974447705,-1.3305876394943135,3.4444053718784127,0.22391399324313474,"Bell, Josh"
605137,R,2026,201,3.025302745128672,0.4943970142593709,-1.460800435752785,-1.3009770981175397,7.133653463883121,-2.106748656657404,5.784827032743435,1.7916545452256338,0.31181532429620845,-1.0839062207749046,-0.37312735462678326,0.8154110664110239,-0.4710993689481418,"Bell, Josh"
605141,R,2024,513,11.463717833841065,11.278445571420477,-17.96405148216694,4.099760243705566,2.8602367421437247,15.409563662995133,27.147672571939026,9.028086919605533,9.173765478239272,-15.810077497377463,2.0765485070841296,0.7086852204931238,6.52845855407817,"Betts, Mookie"
605141,R,2025,662,7.357962533239901,8.521520147945889,-21.44575532787373,5.403460227145317,-1.8568386309749965,9.293590549000253,7.273939498482639,6.085678378743991,7.235201750051861,-19.397809261057912,3.0788590960895896,-0.5538416918602674,4.524228639117944,"Betts, Mookie"
605141,R,2026,504,7.813532359997838,8.64046994440008,-21.192342337563996,6.659993780232878,-0.7125132463022213,12.877407840550244,14.086548341314819,6.130177660375891,7.0047225824030654,-18.61143118406225,3.3438518439163416,-0.17420051904158276,5.400101958933332,"Betts, Mookie"
605170,L,2024,210,1.7835178548739625,0.6838359317441937,-1.2055332906433227,-8.163491845845083,-0.15117412946275632,9.674683750580336,2.621838271247326,1.0750280427218386,0.4382300784030322,-0.9045007434162076,-2.415154512832155,-0.01796173154070117,2.2378605794310436,"Caratini, Victor"
605170,L,2025,324,2.5844499019084997,4.9428858964594395,0.5696441365843086,-13.985819426282273,1.7170728172598382,7.968256384342192,3.796489710272003,1.8109071958786078,3.6257987538857317,0.4685674635529902,-5.500457096527141,0.29569208213956044,2.5264645588130037,"Caratini, Victor"
605170,L,2026,253,8.485630680289072,3.6960173234153717,-3.6941139347518273,-14.657152085965393,1.5750187768883248,5.662970622875934,1.0683713827514818,5.485104162773229,2.522542464084491,-2.894505050865851,-4.925802351781149,0.2200991282034185,1.5067606695950633,"Caratini, Victor"
605204,R,2024,157,11.265822036300069,-8.835664927888963,4.685729692078586,-21.86142525155304,-8.634892048548197,4.631713483352533,-18.74871701625901,5.9876091534885925,-5.049973200738265,3.2423420185231584,-5.2255195971321635,-0.7907337274703367,0.8506323978171071,"Davis, J.D."
605361,L,2024,164,-1.959724393785683,4.738716123432738,-12.309953143041943,-8.874676560444664,11.7315853188691,3.742610168550359,-2.931442486420091,-1.062816830519473,2.7588387449879312,-8.631493950595228,-2.1925211815512964,1.1176470259151285,0.7121595941874886,"Martini, Nick"
606115,R,2024,602,-0.9982822947712905,-0.1757802520520981,-6.420653694861279,-17.14671351679775,11.57755368722167,-3.659768666827333,-16.82364473808808,-0.811678433287837,-0.14703422828910498,-5.752765179241118,-9.368398919439779,3.2275201985329844,-1.6949255935561924,"Arcia, Orlando"
606115,R,2025,214,-0.1640306481882137,-1.9223823898103283,-2.833990464935385,-29.09543026655473,8.888807544654297,-4.005502502506302,-29.132528727340663,-0.09961025333622534,-1.2402676160745714,-2.1362884960895334,-8.72263604217706,1.0738087728941246,-0.9400229772628325,"Arcia, Orlando"
606192,R,2024,649,4.5020523900281075,-11.496783846468338,0.8665073822610819,20.796621994744648,9.962176637515931,-2.151593552623092,22.478981005458344,3.7107385367777392,-9.731925325603063,0.7822645826668805,11.74854828783383,2.9302433977009428,-1.0367634275103896,"Hernández, Teoscar"
606192,R,2025,545,0.17192751292821057,-8.238728127284439,0.9605474519472142,10.492171927677784,-1.5851554493720312,3.461302844965689,5.26206616086243,0.13710948889169605,-6.775531499930181,0.8513671687989869,5.472918652493855,-0.4109050502932769,1.5177870695155735,"Hernández, Teoscar"
606192,R,2026,471,1.7581372959702524,-10.676393593841112,-1.5825266419187716,19.732241302201338,-0.8902924036576008,-1.5793424236283635,6.761823535125743,1.3588512576399665,-8.541921450270591,-1.3780400845352283,9.573198645330269,-0.2067226287335398,-0.6364019140455135,"Hernández, Teoscar"
606466,L,2024,370,10.307055661772075,-1.3138425581028392,-1.3956401318772518,7.961368121423186,-9.130252048030867,7.704655963019466,14.13334500820377,7.501215019698501,-0.9967753157167274,-1.1738961790630549,3.386556472245812,-1.7526696069846426,2.6695441970492557,"Marte, Ketel"
606466,L,2025,369,9.814050039158396,3.399139665833899,7.732035095930116,10.937184155684156,-1.2828043996409761,7.392055083707835,37.991659640673426,7.1371526211897045,2.5771459845961044,6.500744527237496,4.645156612369632,-0.24571278266208885,2.5567047861667276,"Marte, Ketel"
606466,L,2026,449,1.5106350097947578,5.679527361049262,6.028582682629443,-8.878475090443777,-16.51002836122744,1.5913311007329793,-10.578427297464776,1.1547092536647798,4.499969919710637,5.216570475551167,-4.201451125666704,-3.6945755851116138,0.6230073771508556,"Marte, Ketel"
606466,R,2024,206,-1.1030526131034308,1.6195486823770195,17.505141308892487,26.605918840328894,1.823797119958691,19.70044372874199,66.15179706719566,-0.6597835791357229,1.030685181356109,13.070573932888472,7.765142045760736,0.21304883265240065,4.489912509257008,"Marte, Ketel"
606466,R,2025,181,1.9869824799187308,0.047251391186833254,17.562174362295053,3.795204470014504,-14.797900994385598,15.31619355674291,23.909905265772437,1.126001558600321,0.028632949277755934,12.669838010618417,1.0089723228930643,-1.540689172960558,3.1543176085585376,"Marte, Ketel"
607043,L,2024,664,5.893867482336021,0.03495650375207089,1.438162692707589,2.076647808352759,-5.660019590066034,1.6673125192108265,5.450927416293233,4.877283946215079,0.02969334088091039,1.3012007106023575,1.1847966760127113,-1.6917973121606573,0.8129238216442028,"Nimmo, Brandon"
607043,L,2025,651,7.612213626981003,-0.7253181068256348,-5.530642675863923,5.474525657620523,-0.37559603315171886,1.9289030153489581,8.384085484109207,6.277624817238162,-0.6142650229420595,-4.994439270058632,3.0968401191159725,-0.11071673424417766,0.9309400223711336,"Nimmo, Brandon"
607043,L,2026,634,6.072322673391496,1.3771641914449955,0.43488740392094377,10.567785624347758,-16.148633415744623,1.0035173165516669,3.307043793912239,4.984279268094737,1.161538637590097,0.39170617660148205,5.909188187195445,-4.671886802446508,0.4776972204585397,"Nimmo, Brandon"
607208,R,2024,541,-5.662305815346064,2.9886593837063065,-8.104869502720609,3.415782533475858,17.249937644225472,10.79330316006768,20.680507403408644,-4.508848581845504,2.4546507597965377,-7.177600320532191,1.7754580433545095,4.44718259854883,4.713313834690103,"Turner, Trea"
607208,R,2025,641,-1.9319953797840652,5.6875279050059,-8.755134121580426,0.7713665232171373,16.67569261394534,6.142578647138475,18.590036187942363,-1.5889280816848375,4.80523561730935,-7.894371587801117,0.43341144954769817,4.862103119741548,2.940835719191524,"Turner, Trea"
607208,R,2026,676,-4.542527151290661,-0.9995204867037142,-6.946643855052651,-2.9207353000824083,1.341649363729735,4.420682236309722,-9.647095193089974,-3.770569663313806,-0.8513047881695861,-6.295730403731263,-1.6791781771527228,0.40607696663285164,2.1751577712671097,"Turner, Trea"
607680,R,2024,314,-11.102757226591871,8.137962143793597,-19.21730140102874,3.3049270951438374,10.408091028664652,-2.0642953720713986,-10.533373732089924,-7.706173927682081,5.91928010136659,-15.718592386559067,1.2751501802245873,1.7463092234970963,-0.6405858222769497,"Pillar, Kevin"
607732,R,2024,280,4.537799644987937,-1.339786483379436,-19.257174423640077,16.904281050902746,15.39859990131459,-0.6838380743378454,15.559881615847916,3.0367752951981344,-0.9432876317976973,-15.410520635753947,6.069577347171374,2.3465097197483407,-0.1958081485917012,"Stallings, Jacob"
608070,L,2024,495,-4.544601184675919,16.34337127451817,-16.81282858894185,6.109851261846201,15.976692972277805,0.020448027860867576,17.092933762885274,-3.5515960815689516,13.203921381730764,-14.732654739685778,3.0401137015720727,3.8531708663816664,0.00848523709556849,"Ramírez, José"
608070,L,2025,462,-7.736239002166622,15.871223724040814,-15.325477437402688,14.09498142364369,19.838021318523186,4.650214611360409,31.39272463799878,-5.952944820676826,12.648915138950901,-13.311684310910666,6.77035008500117,4.538433422598306,1.8522778828548792,"Ramírez, José"
608070,L,2026,365,3.1430172462598738,10.674385945229206,-15.545131023831791,0.887627837980287,-11.537335767025311,-2.92797808832914,-15.30541384971687,2.2789103264443566,8.071671876884107,-13.046872519255098,0.3746246290073257,-2.190493785133691,-1.005497665499178,"Ramírez, José"
608070,R,2024,175,-10.912389443243152,16.594545929746616,-12.468026491080582,30.321782696435754,29.05769340619527,8.097449170678027,60.69105526873194,-6.093407585344695,9.921766417052307,-8.909682092105076,7.8632597016281585,2.9351953732040665,1.623444162602516,"Ramírez, José"
608070,R,2025,189,-2.7764619368065944,13.469791242772603,-14.81973928781103,9.358824493073717,15.926702957857671,9.466191430445788,30.625308899532147,-1.602788111294506,8.300740042479553,-10.818940242653078,2.5678827448022274,1.7235745683903587,2.017333759780459,"Ramírez, José"
608070,R,2026,151,0.37694132608175723,15.631067822568417,-12.025193677708186,5.3046305087281125,1.4627669596873027,11.452814421049897,22.2030273604073,0.19667701088643494,8.784296136537632,-8.220347824184676,1.2307473209455373,0.12928505765962672,2.0372702705550396,"Ramírez, José"
608324,R,2024,636,4.526553676072579,9.90673319379037,-4.067152439233312,-5.560525352027187,4.950633576723304,2.4656127389879576,12.22185539431371,3.717577049592902,8.359730751400976,-3.6644573147036454,-3.11359494374161,1.4354530905266236,1.1756252286158557,"Bregman, Alex"
608324,R,2025,493,9.810454081514367,7.664457834645336,-8.928050194825353,-0.27944848444984255,10.960510323488489,3.448524391405371,22.676447951778364,7.6600588123874855,6.1873461902504605,-7.819498832728902,-0.1387639504664221,2.6352830925754307,1.427632212459261,"Bregman, Alex"
608324,R,2026,692,8.107530984744791,7.6980434288538016,-9.85080452732029,-4.291415668905684,15.689092230139106,3.854516265381591,21.206962712893315,6.756283544573229,6.579082190511374,-8.947149971208637,-2.491694272755685,4.8264347593305725,1.919120306000896,"Bregman, Alex"
608336,L,2024,260,13.717091974816586,-23.643187447413386,-7.803124004227234,15.407654735992217,-2.2044585108419787,-9.18100873821161,-13.707031989885397,8.951938784721062,-16.27566790136276,-6.149939531083429,5.272264599231138,-0.315363489075157,-2.492055808809794,"Gallo, Joey"
608348,R,2024,312,7.469196925815469,-0.3845509664618022,-18.232145858051553,4.6314086968472745,-5.295452816293828,5.436492110948251,-6.3750519071961875,5.174054957284907,-0.27922146433622935,-14.89541088305635,1.779943076119954,-0.8837765778059783,1.6796099623293586,"Kelly, Carson"
608348,R,2025,422,8.647189006313914,2.0767615268241313,-8.411177665267381,-2.027691319072156,1.84885242347811,-1.9767032624482255,0.15723070982839052,6.511634443934613,1.6238696435859166,-7.216058019566133,-0.9282533924495727,0.39415667154354084,-0.7448808709107292,"Kelly, Carson"
608348,R,2026,418,5.915361590346636,4.321853951796244,-4.513051509677296,-8.8359282241201,6.316497950183683,1.6926993566314015,4.897433115160569,4.443970818795537,3.3723237134593607,-3.866547926862637,-4.024105107137696,1.3365503286453955,0.6340784785019348,"Kelly, Carson"
608369,L,2024,522,6.156770778108777,0.1535882871002357,0.017020093091443332,18.22420327343337,-10.786420783156673,13.50639621033653,27.271557858913685,4.8665035828444525,0.1253302905115355,0.015010335342337375,9.309860905526785,-2.7076851350880484,5.77958823705667,"Seager, Corey"
608369,L,2025,435,10.210196311990584,-2.56595510871132,11.926605627997422,11.620968503235721,-14.911331393778681,10.00173431431331,26.28221825504703,7.745801794680005,-2.019543636009813,10.275622273865084,5.407567969999189,-3.255494575084113,3.840475427660528,"Seager, Corey"
608369,L,2026,412,6.167885454534059,-9.256049332311933,9.134556124294942,6.562553073590514,-16.4538530722,1.9194693066631172,-1.9254384454293003,4.6169571044744755,-7.1994196551974,7.809720245141964,2.965236189139441,-3.442061178139228,0.7125359516271842,"Seager, Corey"
608385,L,2024,507,8.693200423056332,2.1398726958039207,-0.16314086366156466,-4.332363315940139,8.256902347593645,5.418911406221217,20.01338269307341,6.829034858266309,1.7367138950463497,-0.14337606008384154,-2.1816220312604173,2.0277738195087913,2.280238560536207,"Winker, Jesse"
608671,L,2024,207,5.25875171892954,2.3194404338844112,-20.180489913918525,-16.718387243904033,-1.5641192260558092,-1.769109455101684,-32.6539136861661,3.15160566805176,1.4786955348844335,-15.086641252525926,-4.8961394842906385,-0.18349718575509047,-0.4047058484051298,"Jankowski, Travis"
608701,R,2024,306,9.91047797575006,-8.19689706225597,12.522849439279423,-6.609239825677269,15.059611643978501,-1.2945803882934594,21.392221782781284,6.824061068616666,-5.919951879670424,10.19441199508788,-2.509764897549476,2.472954325394212,-0.3946149497412151,"Refsnyder, Rob"
608701,R,2025,210,9.808224484589664,-1.6444977962179326,13.416428886584661,-7.105233412737411,3.952366473797804,-5.48557629024224,12.941712345774546,5.911976906443682,-1.0538615546744663,10.066225458967356,-2.102070641527314,0.46959983037516684,-1.2688740275007253,"Refsnyder, Rob"
608841,R,2024,315,-3.4427735932993073,1.158669941655409,-2.079150743394052,-16.240191233360758,-2.542151418395326,0.018871550415622274,-23.12672549637841,-2.3918746197118885,0.8435076250758293,-1.7016032632449918,-6.278243824449714,-0.4276617277522528,0.005869011795799169,"Meneses, Joey"
609280,R,2024,319,-12.692427909939788,14.481908524844915,-17.93236217650028,-4.548990622164858,13.28689472777627,4.119331182766523,-3.2856462732172185,-8.851973998144672,10.57885959954567,-14.709565047447029,-1.772211120536998,2.2587898649244167,1.2922677628201755,"Andujar, Miguel"
609280,R,2025,340,-8.086045058781924,10.171151119456237,-18.347401144343443,2.1787666249500397,29.427856599517593,2.220255050212672,17.564583191011174,-5.746782557697281,7.555677604579204,-15.218948709096628,0.8820671298663023,5.273098360667244,0.7273431725800278,"Andujar, Miguel"
609280,R,2026,252,-11.74696944226979,13.193245229937036,-11.623609506965137,-0.5145194936924933,3.5473592273435823,2.6985688853880916,-4.445925100258712,-7.582590926905632,8.99309736665376,-9.099806575931789,-0.1724592574317575,0.4940350070202192,0.7159298491351733,"Andujar, Miguel"
620443,R,2025,283,2.7015223221784326,0.28350304807551546,-2.6767095405629004,12.604187771702845,-30.58013772775954,-0.1533193451430949,-17.820953471508744,1.8142680102585345,0.20023080234287702,-2.1465775938695333,4.55656403615031,-4.702193239593434,-0.04423566011085826,"Torrens, Luis"
620443,R,2026,274,-1.4056593548647827,5.274981592146491,-1.6982467988622238,-7.238203924168589,4.333694598320481,-9.428655900134105,-10.162089787562728,-0.9339271334670349,3.689981093590117,-1.3531004423093036,-2.56294623464638,0.648354330129804,-2.658231201065261,"Torrens, Luis"
621020,R,2024,592,8.774689727750003,-8.709959252857743,5.198190339785018,-2.6263784502062184,-8.451854311748434,5.1432129167671565,-0.6720990305102168,7.112025014397203,-7.265515730327628,4.6492953696359764,-1.4240544612568269,-2.3277974244073514,2.360536412305602,"Swanson, Dansby"
621020,R,2025,643,7.618075482023539,-11.179697661273254,-2.1781911036222468,26.006827035649458,-18.61126714969971,-4.227857553491135,-2.5721109504133453,6.2687848555313925,-9.449978243784686,-1.9646426570782765,14.632522557071985,-5.438438979932787,-2.0274262464970376,"Swanson, Dansby"
621020,R,2026,472,5.764964501969848,-8.328074467492389,6.515102405790258,-11.84228469489719,5.3159919667436375,-1.6222739750390498,-4.196574262924884,4.457843179738231,-6.665912211612764,5.674805435891772,-5.751619212206802,1.2363650231621122,-0.6545292754095907,"Swanson, Dansby"
621028,R,2024,310,-3.0768542524493547,6.386393870184525,-20.605684680213958,-4.213856386097623,15.55560437435699,2.171828993184648,-3.7825680810347735,-2.1271784961247495,4.6289642029758395,-16.814705555639232,-1.6130620738203505,2.5822497486410674,0.6680106090488861,"Newman, Kevin"
621035,R,2024,246,14.561146153706343,-13.745175794699223,0.9155210524165616,-2.4972309938252937,-7.148624064830527,-7.374012992581975,-15.288376639814118,9.3185504688587,-9.297127424931942,0.7129607507649443,-0.8236786221019737,-0.9751065080219581,-1.9218850941456311,"Taylor, Chris"
621043,R,2024,363,-0.27592074667991323,6.766176672152848,2.9022480854141146,4.313697093551795,18.886347044194167,3.7738396332482558,36.36638778188126,-0.1997595147254156,5.109529248290926,2.433672795612312,1.8148232534765827,3.5698524580914865,1.2913037962217948,"Correa, Carlos"
621043,R,2025,587,-5.921781547983182,8.469814025032514,0.40581092126493845,9.230589522500257,-12.63513561511184,-5.914076212410986,-6.364778906708299,-4.791963493025055,7.055229590865292,0.3626337718960201,4.985497960098606,-3.458604505168653,-2.7018813062234424,"Correa, Carlos"
621438,R,2024,344,-11.040039435655283,5.042693436977498,-9.844290181087395,10.811829573940297,5.612282230536294,-0.5816380160384149,0.0008376086729956209,-7.8726804304917914,3.7572180127535453,-8.181942695176293,4.40763931326699,1.015340484657955,-0.19204289027646093,"Taylor, Tyrone"
621438,R,2025,340,-5.398313838765374,3.916520978219243,-15.787606716289213,9.86184750727075,-16.69507722982771,2.116736017216195,-21.985893282176107,-3.836601896733182,2.909402239279461,-13.095630000364991,3.9925393689729978,-2.9915459209238047,0.6934309146730535,"Taylor, Tyrone"
621438,R,2026,235,-9.94055106621912,6.1200118924253495,2.253427309867846,-11.998263936994492,20.14617793488441,7.987213392476059,14.568015526440051,-6.256120620540972,4.077759006741876,1.7368656361911419,-3.8371013588158904,2.641265534599082,2.0120678675464823,"Taylor, Tyrone"
621439,R,2024,387,-3.8672867333387493,-4.943771589526301,7.805683653790223,15.610690043236895,4.603120165474713,4.350036719761207,23.558472259397988,-2.8485775981231165,-3.790887274870897,6.611635694589097,6.812333509941764,0.9161470646757435,1.5517676948516501,"Buxton, Byron"
621439,R,2025,537,-1.5020401180129264,-9.5775828206261,20.75048797978378,7.5100431170435265,12.998474616952855,2.0007524038973363,32.18013517903847,-1.1942503362681138,-7.855820852882228,18.36080031529115,3.889662398742499,3.332694229420679,0.8700552827980994,"Buxton, Byron"
621439,R,2026,406,-2.148651827370344,-5.7503419760717165,17.976896299544634,-1.7428955311191898,-3.1175121591850052,5.798900695437129,11.016395501235511,-1.6024139660884382,-4.458017521546154,15.336733758836312,-0.7811848902918436,-0.644633770306627,2.1328203891875717,"Buxton, Byron"
621466,L,2024,194,19.89759254481022,-8.780292651620675,-9.035208439356628,-1.8429004306938126,-14.693624160688264,9.955963375060398,-4.498469762488765,11.612948189713157,-5.464893614481192,-6.642241284159464,-0.5152934626601872,-1.6275392350928977,2.16562918126357,"Stewart, DJ"
621493,R,2024,665,8.8819860965872,-5.8553649649108,-8.66707597264118,15.36719150091104,-10.510156711306541,8.810465550794707,8.027045499434424,7.351914032428457,-4.974888879880358,-7.842798841720395,8.77315993614539,-3.1448337953003587,4.2989904802185475,"Ward, Taylor"
621493,R,2025,663,5.73546591274388,-0.18115974075357066,-10.67651558168752,16.056516624501235,6.562358634185683,-0.010205125480549138,17.486460723509154,4.744969309596033,-0.15384881337003203,-9.658360987943865,9.154846852695208,1.9594372062175371,-0.004971822899319649,"Ward, Taylor"
621493,R,2026,604,17.75491130323239,0.8175752686410126,-14.497850972792001,4.937718411473797,-15.135141692667707,2.3161584680346756,-3.806629214077832,14.445016352772972,0.6842445465534276,-12.99423292843132,2.7018649984033436,-4.229383474635284,1.0745781879894911,"Ward, Taylor"
621550,R,2024,174,4.95837759519288,-10.880328885247666,20.698386141829374,-15.310226912044785,-4.902752387185649,-6.117180698988331,-11.553725146444172,2.7617167841082586,-6.490276058380182,14.766896242870581,-3.9535274662776905,-0.49269458624360357,-1.220813907821652,"Wisdom, Patrick"
621566,L,2024,679,-0.32335607773534053,-0.40761275459222934,7.726687865583566,5.633987223922381,2.5700857111611275,-0.9498619952360597,14.249929973103443,-0.26860659625604577,-0.34739676586249063,7.005583146537809,3.2451656379915734,0.780291822409744,-0.46842250980754063,"Olson, Matt"
621566,L,2025,721,5.158443185442592,-2.675810126673823,10.205273115835766,9.428612826429708,2.22059932453978,0.04621336434084991,24.383331689914876,4.327718926175435,-2.300312348882797,9.303428759743133,5.568397212690983,0.7026917483398621,0.02348338190673353,"Olson, Matt"
621566,L,2026,674,0.2467087009993656,-0.9943084774967025,14.97351609620967,8.621218565650054,2.8840059485322254,-0.7984856786768291,24.932655155217784,0.20467978678368934,-0.8464931770618481,13.566697603933026,4.950234514565938,0.8710994770016531,-0.3922965406388446,"Olson, Matt"
622268,L,2026,252,13.773565554619628,-0.7852030981931235,-9.203340817198155,-1.8241665339959217,12.098710859012947,7.434747148796365,21.494313113041738,8.8907452870175,-0.5352290351297179,-7.2050442884111945,-0.6114334048396994,1.684967977896065,1.9724371067260917,"Walton, Donovan"
622534,R,2024,344,-1.169101047321606,7.796877218919102,-9.057761899974771,-0.08669171341625441,-16.211266361545682,-0.6419281288185887,-19.3698719321578,-0.8336889546599671,5.809309627140307,-7.528230827096419,-0.03534145646440322,-2.932845207764637,-0.21194923613785951,"Margot, Manuel"
622761,R,2024,209,-3.354075184837179,-1.346223853421041,-2.6779657384463316,-10.506243042799822,3.505265473676998,2.1340643273938316,-12.245178018433542,-2.0178573093024754,-0.8612353910788962,-2.006855763448751,-3.097816279670384,0.4147290128640171,0.491823614220882,"Mateo, Jorge"
622761,R,2026,209,-22.08422469822898,-3.733071289513347,0.7000673673592609,5.828833957961173,-10.73508564259133,-5.6122710150947706,-35.63575132010799,-13.286170336626748,-2.3882009695336284,0.5246274105815947,1.7186597200264024,-1.2701324635740956,-1.293422779809963,"Mateo, Jorge"
623912,R,2024,246,-18.201970068397713,4.205875609131626,-6.112345598282756,-8.833331092426507,2.712825469402011,-0.13706286307154422,-26.36600854364488,-11.648531985364771,2.8448207615205425,-4.759980663670912,-2.913557456547171,0.3700423670837329,-0.03572262128682385,"Ramírez, Harold"
623993,L,2024,484,-11.602170988321234,15.878744713430974,-18.464438388486535,15.588013309631053,19.052125146395007,2.447779968998162,22.900053761647428,-9.022267550600144,12.772783579260983,-16.134549068731072,7.668650821847569,4.516986564485468,1.0024171884359527,"Santander, Anthony"
623993,L,2025,165,-11.809988190417421,6.406246726667749,-24.271798012677632,3.2048228437367183,-1.947721369003803,-8.312350261876173,-36.730788263570574,-6.422722968782685,3.739128485650077,-17.04977897153697,0.7953927860358504,-0.18657896456838072,-1.589509254728227,"Santander, Anthony"
623993,R,2024,178,-2.7788891543332026,-1.6201680121960014,-2.9610436523699493,4.746152820403929,24.001947480479068,0.8090746810253205,22.197074163009162,-1.5633494109108177,-0.9752971289148263,-2.126196159747874,1.2463646880990678,2.461800853487494,0.16442566368369477,"Santander, Anthony"
624413,R,2024,691,-2.032966219911105,0.1451228569793725,11.44628101353636,0.670467105004804,-0.20343626252193972,3.7779525347616074,13.8034210278491,-1.6937319337786574,0.12400221060799413,10.394886900233482,0.38905244344472506,-0.06252044417454199,1.8796342598428972,"Alonso, Pete"
624413,R,2025,704,1.8151710989339207,-0.14217297742497173,13.8416515476579,17.61552762387174,-5.334414209941796,-2.2748990139367136,25.520864069160076,1.5169538149874555,-0.1218090025392211,12.591589113461758,10.301619840171401,-1.6606238992404407,-1.142424322180075,"Alonso, Pete"
624413,R,2026,677,2.9761732185101666,-3.318210092177357,21.48041259877465,16.24478594684546,-13.128326648349356,0.13637597503505913,24.39121099863862,2.4710223384315646,-2.82678248727119,19.470352822902445,9.345259195077036,-3.9776472681223702,0.06715298320549559,"Alonso, Pete"
624415,L,2024,224,10.240286243500222,-0.6711992259367049,-14.560942487806027,-5.742213233176563,20.25551005830857,-8.581394201679673,0.9400471532098243,6.329553331690757,-0.44000903595536156,-11.098150453568747,-1.7770297158087895,2.5469249185603644,-2.085147580607747,"Biggio, Cavan"
624424,L,2024,486,1.9857907035042757,-2.0368458112921743,11.14702411976224,3.671474724530413,-11.410171097756457,3.297546114763438,6.6548187535117345,1.5456370102962287,-1.6397486092807505,9.745525109008005,1.8099962339356899,-2.7137083480024913,1.3537036701432068,"Conforto, Michael"
624424,L,2025,488,8.643042003164192,-3.0811944978312877,14.932523777278492,-11.259083293042695,-24.380387292436964,0.11347385252021633,-15.031625450348047,6.73341457503839,-2.4824777934150375,13.061809941757714,-5.562160622186785,-5.816614959468166,0.046695928282030764,"Conforto, Michael"
624424,L,2026,296,4.297646703299396,-2.5543704425319955,2.9416116287316014,-0.04930455195282025,10.170499317234764,4.6632672660661125,19.46934992084706,2.9284212804482954,-1.8276622507315585,2.3797143399087797,-0.018338423600285703,1.6242457704513635,1.3888425130406836,"Conforto, Michael"
624428,L,2024,294,4.754576260987458,5.416060101286551,-11.707957445075499,-2.8200734702842305,-9.0464315084897,-4.274652751254861,-17.67847881283028,3.2327670899775196,3.8677272334849975,-9.459249014732274,-1.0444408127842995,-1.4365186658563767,-1.2670506708591232,"Frazier, Adam"
624428,L,2025,457,1.949355615425433,9.7238306470566,-14.3450067762778,-6.354164046644817,7.944572435161939,-2.8631763692730483,-3.944588494551694,1.4962326783239739,7.732441018523866,-12.44216158467502,-3.034889033758194,1.8023078703998197,-1.1330046388670025,"Frazier, Adam"
624431,R,2024,234,-4.239140223357312,6.03409402787778,-19.971013379253918,-6.762328564685874,19.008439531689135,-1.1871859288795248,-7.117134536609708,-2.6636985526461396,4.014786628592528,-15.37791767887902,-2.1563564135832105,2.482882786066217,-0.2981122830719766,"Trevino, Jose"
624431,R,2025,302,-8.028530096269767,7.882045062337855,-21.192188107697245,-7.190311156293427,-3.4833062315378154,8.618235326081312,-23.394055203379086,-5.505497991894491,5.671692472418506,-17.20943422378047,-2.7081697257631543,-0.5657345891762638,2.6030488341409823,"Trevino, Jose"
624431,R,2026,152,-12.324091846907265,1.4977062405889692,-21.441642959737177,-5.6079541609490215,18.857585684749854,-5.109786857235604,-24.128183899490242,-6.450647674068771,0.8441085268047158,-14.68794888196587,-1.3077299440672885,1.6767634286314732,-0.9138912836268663,"Trevino, Jose"
624503,L,2024,276,-16.15502761057057,-1.1874221645511949,-14.69413726005546,4.432571293499963,-0.9328888773749028,4.153506198001709,-24.383398421050458,-10.759647285273456,-0.8324439250332042,-11.72501465094604,1.576891869776895,-0.1404327966257862,1.1771275779011188,"Gordon, Nick"
624512,L,2024,159,-12.472173097394485,5.0896234897801484,-17.231261570943957,2.1713162451385233,-10.778589349069584,4.482797649752449,-28.7382866327369,-6.668062719249836,2.924707238163221,-11.969739516148008,0.524023981726075,-0.9984502212565789,0.8318250178001776,"McGuire, Reese"
624585,R,2024,573,0.48714616058982907,-1.7610374545900453,12.249155911006815,1.246431248760994,-3.4306790757982157,2.68642256710338,11.477439357072758,0.39237436394760666,-1.4609564682614355,10.917498968374694,0.6657247390667531,-0.9227035265116873,1.211234586338112,"Soler, Jorge"
624585,R,2025,315,6.374317191629788,-5.471797109457375,7.209866622728162,-8.12080529674701,11.236567144753401,-9.22540202924129,2.0027465236656767,4.428571062101483,-3.98344896916972,5.900646026640805,-3.139396265182383,1.8903082186043687,-2.8690802895444754,"Soler, Jorge"
624585,R,2026,362,-2.4806367445307402,-12.45610851286443,14.397718511210643,-8.811239097099364,5.185990839691298,-6.124025993154939,-10.288300996747527,-1.7945487712758441,-9.399966345190846,12.067788211343698,-3.7010696161270844,0.9780525560587968,-2.0916717304248515,"Soler, Jorge"
624641,R,2024,275,-16.585068429703618,0.28038545753496236,9.753715549535864,-7.155310323829507,11.03423141029776,6.796294443345118,4.124248107180582,-11.032666405066985,0.19635115614113605,7.77714862090649,-2.539559639149522,1.6559272986257074,1.921102982457712,"Sosa, Edmundo"
624641,R,2025,261,-21.383197113993873,7.951711077495453,3.443919577302967,-7.617046980805061,19.429102440071784,5.6232050484984875,7.447694048569759,-13.973529575113234,5.480399374622665,2.7164893818929263,-2.6130231457258195,2.7886273859892086,1.5306125948685836,"Sosa, Edmundo"
624641,R,2026,242,-23.650463317805027,11.932742978362397,12.632094847957198,5.4899837501809445,-5.143823898558772,3.3669058277028237,4.627440187839564,-15.045810742401933,8.028269955461496,9.80138223388907,1.7909599421295403,-0.6917676780049535,0.8669202468662658,"Sosa, Edmundo"
628451,R,2024,244,-6.8153753899863245,-4.927600713034787,-12.466902981854444,-6.72713824355667,10.85320670157045,6.4185589826669895,-13.665251644194788,-4.3487335867093515,-3.3241724249905165,-9.691008427285313,-2.2067356851598143,1.4700235144712848,1.6627884358129164,"Ibáñez, Andy"
628451,R,2025,193,1.0155746064009072,9.580117609353936,-18.729566225684863,-7.735066281472839,-9.512798751412708,4.723238984414108,-20.658500058401458,0.5914497903404252,5.951065281586719,-13.750187736506408,-2.154759356108927,-1.0488526040651909,1.0232541767760122,"Ibáñez, Andy"
630105,L,2024,659,5.996219851472584,6.303464448910991,-12.991376796361635,5.193239909385339,-5.86508504722032,8.840483099082912,7.47694546526987,4.955497349564765,5.348285032648952,-11.745669049459229,2.953292950628504,-1.7438159552324795,4.2936198160774195,"Cronenworth, Jake"
630105,L,2025,516,7.176095326446035,6.066249686428431,-3.17266226873868,-9.225995308669702,5.8625068205806885,-2.6505910024975567,4.055603253549214,5.65842078266784,4.939580977333434,-2.7941930785315248,-4.68645769098335,1.4589428291096154,-1.1267322000711908,"Cronenworth, Jake"
630105,L,2026,409,1.132848969128668,1.4637113322804904,-3.1678555015436074,-15.351652833989592,7.4402296076233565,-4.073963354009236,-12.556681780509924,0.8464304565562712,1.1366324133325247,-2.705525439079246,-6.908741262169977,1.5474814425214594,-1.5053736755940053,"Cronenworth, Jake"
641313,R,2024,242,-13.250846067254985,-6.228937979436984,0.7578332543218517,-13.552298199012903,-15.504229486239616,-7.86747487977019,-55.64595335739283,-8.429844245568155,-4.190787962618955,0.5880112114865671,-4.421073777755071,-2.0850878728482525,-2.0257392436895088,"Anderson, Tim"
641343,L,2024,348,14.370309575627395,-13.521944335646321,15.734763025806856,-7.207114157668338,-7.466572244718003,-10.009406019520494,-8.099964156118906,10.281409319100693,-10.104559037431649,13.103158773013783,-2.9582523962207876,-1.363645955890534,-3.3305072386736376,"Bauers, Jake"
641343,L,2025,218,12.419711113303691,-2.0853473162361906,23.15999022786572,-7.274268249598194,-10.88734843514348,-14.019973656236425,1.3127636839551196,7.596813228434041,-1.3542248708262954,17.537438227094377,-2.2091650775400877,-1.3368070973044837,-3.3371096078307345,"Bauers, Jake"
641343,L,2026,551,14.814493249245565,-7.04040081861314,23.4524364379151,-1.6426610496579634,-0.7164887055447531,1.665267319830057,30.532646433174865,11.84043664181073,-5.801246145505,20.8124838079765,-0.8613304602543147,-0.18723905453762626,0.7347147775359263,"Bauers, Jake"
641355,L,2024,563,-7.7452075012028585,8.58958190727189,-15.747730296083022,1.3008760490246811,19.139419047281912,2.4744201129347796,8.011359319227385,-6.216934310129477,7.104413616673485,-14.008678228395173,0.6891014886617423,5.081687038498925,1.1048719960810403,"Bellinger, Cody"
641355,L,2025,657,-5.294734515726358,13.234995078370796,-10.30485631639737,3.498114648502947,13.770957527212447,-1.511889453119411,13.392586968843052,-4.373453267161737,11.224286232173784,-9.314032990089444,1.9867001669989013,4.085662472677469,-0.7331421609887528,"Bellinger, Cody"
641355,L,2026,554,3.1435834388369397,6.0960733810587024,-4.5474485265166305,2.9865285089709626,4.904590042497388,2.734019821362415,15.317346666209776,2.5152334097522475,5.027918377724951,-4.038020770343805,1.5700322550154582,1.2868575514269962,1.2099088141005168,"Bellinger, Cody"
641432,L,2024,253,3.4106203889835394,6.2143218154787085,-24.85300683804725,0.3858425010962111,-0.5111927406688055,11.024279920960133,-4.32913495219747,2.2046220013685027,4.241292530129723,-19.47345292877765,0.12966938516908041,-0.07143602236121019,2.933257560688783,"Calhoun, Willie"
641487,L,2024,453,11.423407574118245,0.035635063584484705,0.4811022051943819,-6.942854260946703,-13.322576752055305,-4.6396493776986905,-12.964935547803586,8.750104730889715,0.02828603821262039,0.41679647739553444,-3.300835017071873,-3.0018701076737906,-1.8262388731409256,"Crawford, J.P."
641487,L,2025,654,5.714700553715981,4.7344187238087985,-7.216627311965832,3.1153138543256884,-4.96807667883162,1.372960157923126,2.752689298976141,4.716580817442146,4.012352321508922,-6.519864965908665,1.765794650862063,-1.4692231692263504,0.6642035129182408,"Crawford, J.P."
641487,L,2026,470,11.359546039402543,5.2013069607170435,-3.677095290803459,-5.98530158913852,-7.761330746024508,4.304684719160897,3.4418100933139977,8.77546839147008,4.159669111143724,-3.2010784861820967,-2.9006225535804435,-1.7992132754647592,1.7323880743249476,"Crawford, J.P."
641584,L,2024,382,4.305603570734802,0.3540230829848817,-0.7132810764785686,-18.273367490819464,7.292579397476965,2.1851896781017928,-4.84925283799959,3.1605372106579086,0.27063904620341545,-0.6029620467272573,-7.91590022943048,1.4363644080228128,0.7730036556158646,"Fraley, Jake"
641584,L,2025,217,4.712396788907871,-2.5706301469920283,4.796270066290746,-13.210424872942745,4.001513854793343,0.03643085621263915,-2.2344434537301785,2.877301166890997,-1.6666748241133078,3.6278206932008414,-3.999118935248744,0.48934917973793995,0.008641126043025202,"Fraley, Jake"
641598,R,2024,431,11.121556552357712,-9.624911990086304,-9.704847381390596,-1.043139470039657,3.310617054748226,-5.039661248343395,-10.980386482754012,8.418333097781295,-7.560377898700168,-8.350690616242082,-0.48300578995694476,0.7175799063399482,-1.9241334153465326,"Garver, Mitch"
641598,R,2025,289,8.92934731762659,-10.244863554178322,-0.8623476095621024,-8.152165258199567,-0.5698965214371982,0.30377951559490807,-10.596146110155688,6.037873436483623,-7.2800744644859945,-0.694411875604329,-2.986695927374557,-0.08919796061625085,0.08896044580838686,"Garver, Mitch"
641645,L,2024,187,5.963114930688923,7.570451462684642,-18.192205660657784,-1.5475380849241525,-10.65499355319602,-9.264988711429538,-26.12615961683393,3.426876906238043,4.6462107313345715,-13.242725477926367,-0.4213449985384859,-1.1421807055537447,-1.9579773564368128,"Guillorme, Luis"
641658,R,2024,231,1.8652583977309551,-4.269819222216796,-13.162628847661411,-5.361450441354611,-2.6889207934795993,-7.653151288072894,-31.270712195054358,1.1664206746040797,-2.8286322366162775,-10.10519786723933,-1.6946569881630489,-0.34730558716639937,-1.9032592408755897,"Hampson, Garrett"
641680,L,2024,374,-3.795863993149004,4.743007620329622,-7.668272064433836,-10.59533529483591,-8.75125785901484,-3.6891963197232607,-29.756917910827227,-2.770600631661447,3.607697839949372,-6.460890363758741,-4.534846758362246,-1.6945613681138632,-1.2872466714748672,"Heim, Jonah"
641680,L,2025,302,-2.024277491988302,2.49466796939321,-15.171330397385868,-4.759927831693321,6.9916423576315925,-3.0232523338864774,-15.492477727929169,-1.3881315176680806,1.7950911763747728,-12.320106410636399,-1.7927864553297579,1.1355343613058766,-0.9131420952525229,"Heim, Jonah"
641680,L,2026,198,-3.632142949098298,3.7704322677645155,-8.345495925786373,-19.449210466309044,-15.765769634783222,6.680969136194775,-36.741217572017646,-2.137830955520938,2.3647729338689265,-6.168201419663623,-5.518507181448704,-1.778240345630621,1.476591246750452,"Heim, Jonah"
641680,R,2026,179,-0.881065217392637,4.669916594660979,-10.649188085946456,-2.809400866566319,12.1051526378466,3.4904951049988977,5.925910167601066,-0.4968845167696502,2.817427800316066,-7.658780370315588,-0.7408152466488278,1.247841886135675,0.712533837489394,"Heim, Jonah"
641857,L,2024,642,0.4432654233369908,-6.254062433364947,7.280610447592289,5.842396849999698,-8.515924310608451,0.6240133820003686,-0.5797006410440528,0.36465498201146784,-5.285162093193355,6.565821447932617,3.2849376199098494,-2.4857163870806533,0.29899690138426616,"McMahon, Ryan"
641857,L,2025,587,5.635097502719189,-14.172118794730755,18.11124584105454,-1.1541658616282633,-9.619191292482403,-3.5465980542876667,-4.74573065935536,4.559975962278388,-11.805164976507115,16.184259833632918,-0.6233720538365535,-2.6330527311846534,-1.6202846631328405,"McMahon, Ryan"
641857,L,2026,352,4.4088580570451805,-8.297743782674745,23.37560957413047,-19.03391978474156,-10.168981696268343,-7.630346959089184,-17.346524591598182,3.1646024476852626,-6.218523721063748,19.503157254905382,-7.865409002851592,-1.8746081971234096,-2.558302876544166,"McMahon, Ryan"
641933,R,2024,469,2.26399705967743,-15.430673336539465,7.788724096648733,20.11428191141811,13.535841462733202,-3.246477339977281,25.02569385396073,1.748133487901562,-12.335187976308141,6.778567098956166,9.737169657625186,3.132715523233938,-1.3048579202671549,"O'Neill, Tyler"
641933,R,2025,208,8.707253514929132,-8.784874599993469,11.89439805123297,7.763718741763819,-36.95846407386874,-0.6293913519504176,-18.007359717886708,5.2283882638349155,-5.610332500643399,8.902883212274782,2.281435459761663,-4.354320500412287,-0.14451697071825317,"O'Neill, Tyler"
641933,R,2026,260,8.268386852877665,-6.0735080893368165,0.721848423885748,1.710538545791062,-8.088509770288583,-8.290712349839158,-11.751956386910082,5.396048454821489,-4.18092530366927,0.5689162641911479,0.5853202174583751,-1.1571189251379628,-2.2503973647902615,"O'Neill, Tyler"
642086,L,2024,307,2.445156209520669,-3.2845225319458264,-0.8304441018970684,-3.969072933636466,3.5425417511413078,-1.286586275983436,-3.3829278828008196,1.6853717025227615,-2.3742917276928406,-0.6764450729382881,-1.5102503574102588,0.5833124594295174,-0.39306825311117616,"Smith, Dominic"
642086,L,2025,225,-1.0372595855516882,5.0128328336017605,-12.175064223214054,3.692033722105933,11.789544384179564,-2.5632715569926017,4.718815574128914,-0.6422234904616827,3.291233718915602,-9.289485317234819,1.1460826735356904,1.4881981572464718,-0.6249384086888776,"Smith, Dominic"
642086,L,2026,292,5.044736579190898,5.6226061463211705,-18.166719545867032,-1.0529761071092447,-1.190819376000497,-0.18063988637156947,-9.923812189836275,3.4225518825949823,4.007379565659206,-14.65821491874149,-0.38830502764836367,-0.1880116580983762,-0.053286710167369765,"Smith, Dominic"
642133,L,2024,421,-9.937097735726804,5.086553366466105,-0.5145118583738918,-9.121256125947244,0.3586536179086624,8.908564674275304,-5.219094061397871,-7.47859357601846,3.97523891004999,-0.44125744856696064,-4.170233572141493,0.07631869794649561,3.352051683104306,"Tellez, Rowdy"
642133,L,2025,313,-6.571298888561999,-0.2905103066317166,8.733235650116464,8.298373363690276,-8.350908836701931,0.11033183852053913,1.9292228204316335,-4.556537168356048,-0.21112353562187786,7.139106980363501,3.195516677772619,-1.3974318021308312,0.034162562620342445,"Tellez, Rowdy"
642136,L,2024,187,18.5033230513911,-20.434699282506838,8.949504081475496,-20.180175401212402,-0.22400526035343912,5.031229666133814,-8.354823145072265,10.633471128846505,-12.541381391316525,6.514648521749194,-5.494414682109078,-0.024012636426372733,1.0632537251956555,"Thaiss, Matt"
642136,L,2025,191,15.163913386664312,-5.324159148217567,0.8656754801159644,-19.85819340293738,8.738290068874788,-8.147963696022885,-8.562437311522764,8.792701287382695,-3.2942430257616686,0.6337656531902305,-5.490425936752037,0.9545642339944144,-1.7508334539042003,"Thaiss, Matt"
642180,L,2024,156,2.0292439400209696,3.1807982653608713,-17.550841140058917,2.218658599378163,-16.912306274886436,-1.3851106041546473,-28.419557214339996,1.0752821856158092,1.8129874660512022,-12.12056351685533,0.527749878540946,-1.5397652671634199,-0.25305676718699355,"Wade, Tyler"
642201,R,2025,271,0.44798135523623644,-4.612855599101383,5.463107804083503,0.6405884126160398,-6.456725397053982,-2.3497690328277945,-6.86767245704738,0.29653939615040187,-3.216109737841717,4.343031707234638,0.22521300016614348,-0.9569673769345104,-0.6572484013550649,"White, Eli"
642201,R,2026,204,2.326040509012021,-3.6435787348373387,8.594868678010881,-22.42106714581028,27.558113270146148,-0.2534193978325437,12.160957178688887,1.385845734430595,-2.3105470463965987,6.401636297434478,-6.498643593259331,3.191595838474431,-0.057322708766010984,"White, Eli"
642215,R,2026,174,9.932750096708846,-6.674381736513932,12.508013677237644,-26.12924219670672,12.054688710250314,-12.839856665211622,-11.14802811423547,5.532342409950461,-3.9813667808994975,8.923620368783483,-6.747298867035881,1.2114174645890228,-2.5624673134012954,"Wilson, Weston"
642350,R,2024,447,-6.8402595610608286,-17.90595557913233,5.7843886865504235,18.539070225534303,-10.509212874424696,-6.14990621172309,-17.081875314256212,-5.223096997366188,-14.173970991804289,5.00225323618742,8.752386167400491,-2.3435877592835523,-2.4011557509859323,"Siri, Jose"
642350,R,2026,237,-17.164079060998866,-12.458286045981147,12.214652176851484,4.6360019388673654,-0.6275403460587127,6.421075115269534,-6.9781762220503385,-10.83616682098875,-8.324387796177545,9.43288878189791,1.4911746802427992,-0.08288142804004502,1.6278166047906701,"Siri, Jose"
642708,R,2024,346,-11.646486791820669,2.6381915268168608,-16.15088542239549,8.65202874064908,12.27977792424179,2.2419715428668856,-1.9854024796415473,-8.318935440583946,1.9685686403019949,-13.436695692542985,3.539275217507492,2.2321522188914544,0.7431223387101776,"Rosario, Amed"
642708,R,2025,191,-7.777657189562984,9.048986542965523,-2.7643246049465073,0.08017648867831889,-7.51523089897115,13.18711609848386,4.259066436647061,-4.509826364718843,5.598923694712445,-2.023776841466115,0.02216732731045082,-0.820958170285517,2.8336459129063027,"Rosario, Amed"
642708,R,2026,235,-11.680569796011824,1.4338123012498765,-4.303617480030716,10.9177307047211,-0.8298215118174638,-2.293953666785488,-6.756419448674514,-7.351207500842471,0.9553479843128093,-3.317082951664074,3.4915417382262683,-0.10879378540766112,-0.577872436327717,"Rosario, Amed"
642715,R,2024,688,2.7410949376453337,-5.028649319050671,11.232712112293669,6.440989676820702,0.6083989950221321,-9.27836550302482,6.716180899706344,2.2820371291331134,-4.294073164096552,10.19685116075664,3.7306898849492156,0.18641137464116478,-4.606147350150874,"Adames, Willy"
642715,R,2025,684,4.906528835823533,-5.695516633217499,13.106240896006852,-7.068940235161767,2.116635306552928,1.4378947734871408,8.802842943491186,4.080823927247714,-4.859374523717329,11.891193638218342,-4.084354940161829,0.6459099163120023,0.7117318896218218,"Adames, Willy"
642715,R,2026,505,0.9329477106330363,-7.199747337316414,3.6604649918341634,-1.2679964265110366,13.368709916303612,-3.1826056157002585,6.311773239243102,0.7322649814015928,-5.838935382342256,3.21545039537572,-0.6372643880047216,3.273378464081286,-1.3361523401598436,"Adames, Willy"
642731,R,2024,382,-10.419090642635341,2.2391969794877955,-1.8400078004663911,-15.040635558631145,1.0308959335366799,1.5101020339454374,-22.519539054762962,-7.648155046389172,1.7117927161151385,-1.5554245106861024,-6.515502439775499,0.20304780333551595,0.534193623688899,"Estrada, Thairo"
642731,R,2025,165,-10.326428124649578,4.439812874378933,1.717387467408413,-26.418377847055613,13.666455332198971,2.1876568927675937,-14.733493404951279,-5.615906301708685,2.5913817400194556,1.2063826797053525,-6.556676666039019,1.3091570107411654,0.4183294456650132,"Estrada, Thairo"
643217,L,2024,523,6.4488419637277845,2.5572375797824254,-15.187504513918554,7.801254623788602,-7.793129615863187,-4.084310111274841,-10.257610073757775,5.099409114110197,2.0874776486892515,-13.397166307498779,3.989013160434008,-1.959093158299403,-1.7496510299194015,"Benintendi, Andrew"
643217,L,2025,470,-0.1651933107289918,-0.22480762489870443,-15.162215743246781,11.15947745604038,12.555967946148147,1.571327778342804,9.734556501656852,-0.1276150183956477,-0.17978660753985007,-13.199397562512878,5.408153877141929,2.910694693251048,0.63236907733099,"Benintendi, Andrew"
643217,L,2026,453,-1.7911697890903213,-4.402150682998277,-8.443948356844524,11.631065796601705,0.18922935216556377,-2.9109275826248737,-5.727901262790728,-1.372000705013427,-3.4942943806396696,-7.31530201367638,5.529747251536695,0.042637542746574865,-1.1457868204093684,"Benintendi, Andrew"
643289,R,2024,428,-4.258874122919154,9.372522970697693,-15.82600090106078,-7.73733660977085,12.61427739447771,-2.730170754175856,-8.56558202275124,-3.2182224219237563,7.35107375134221,-13.604429018634809,-3.5691920698367676,2.719229828423907,-1.0378768651682715,"Dubón, Mauricio"
643289,R,2025,398,-4.163837533848525,11.362160607693228,-20.684735666038556,-10.020552397340769,1.3189104499056783,5.023344158102246,-17.164710381526692,-3.089504607464063,8.769030380376512,-17.594947392234662,-4.4420536049502015,0.2684419408162236,1.8243891486806378,"Dubón, Mauricio"
643289,R,2026,602,-8.854286709987967,13.991075650356406,-13.513511716778144,1.1464760509120584,3.2858523320273076,-0.7091809985389411,-4.65357539200928,-7.199199667555834,11.703060993307338,-12.107810722725448,0.6263967136329687,0.9160099842784512,-0.32843852557746883,"Dubón, Mauricio"
643376,R,2024,322,15.53204222768529,0.19517262543857766,-13.851687504527058,-13.757184698880097,6.503840490379571,-0.2757040374936223,-5.653520897397341,10.863005886047672,0.14293014510197502,-11.381324595918448,-5.3902252604321825,1.1142781867145306,-0.08704718517503986,"Jansen, Danny"
643376,R,2025,338,12.745296807315144,-5.424967433876329,-7.976516063638049,-4.077745383703182,16.131856653863117,-8.754403109004084,2.6435214709566166,9.042650934864007,-4.023834755341406,-6.609755303269125,-1.6450696790170587,2.876652387942589,-2.856528278892432,"Jansen, Danny"
643376,R,2026,209,3.05254788350291,-4.319147705436329,-11.444078590942729,-11.201143438119562,11.972188622597306,0.7035483599436909,-11.236084868454713,1.8364543784134528,-2.7631384288475984,-8.57614223657632,-3.3027110026081097,1.4165015479021974,0.1621421119902462,"Jansen, Danny"
643396,R,2024,496,-5.933361020989215,8.983036953353958,-25.676220722202846,3.4946363602299946,8.165778216010128,5.810294518686379,-5.155835694911602,-4.638952506819601,7.260268756133133,-22.505033983756874,1.7406093919316505,1.9723949887435523,2.413922123668351,"Kiner-Falefa, Isiah"
643396,R,2025,460,-5.733078209589651,12.90967170675628,-24.59053578052068,-2.3367106700599223,9.94411433904042,-5.004683402223341,-14.811222016596892,-4.407119251737524,10.279568078349794,-21.34710279100349,-1.1198798257572822,2.2673569951478507,-1.988268923613394,"Kiner-Falefa, Isiah"
643396,R,2026,173,-3.8478256215122957,6.621606035405034,-16.091219597467823,-1.9357803934644566,-7.115624275067903,2.1198285987629926,-20.24901525334445,-2.1376874177942917,3.940694477053039,-11.46101032241554,-0.4977383181097187,-0.7113749891339637,0.4211086530224321,"Kiner-Falefa, Isiah"
643446,L,2024,471,5.702322744253222,7.625000413194223,-20.380468019545255,-4.2681469382602,9.553254357158924,1.4435063597147275,-0.324531083484362,4.40728289551545,6.100576380525968,-17.747000984747544,-2.0707135019104363,2.2182306010459416,0.5816662659822862,"McNeil, Jeff"
643446,L,2025,458,8.201220910980746,10.724573621285781,-12.033232540143437,-3.38112118104436,-1.6838490780397908,0.5969539242227504,2.4245456572616906,6.29806364217912,8.532052177219127,-10.440064696659253,-1.616742119798104,-0.3826443948872466,0.23653629167656945,"McNeil, Jeff"
643446,L,2026,498,2.2926133404656444,10.381810752353395,-16.112463221457453,-5.336078231565361,-2.939111053809063,2.4617958977040213,-9.251432516308817,1.7940338571486012,8.39725307879663,-14.129473526368814,-2.6631634909215878,-0.7120937755548229,1.0251747129830298,"McNeil, Jeff"
643565,L,2024,351,9.788163138718126,5.8902567619090584,-7.67114330888243,-1.403837105476427,-9.213214106459858,4.159271642271046,1.5494970220795155,7.020130621453408,4.411147418462987,-6.3973063335446465,-0.5791411003621397,-1.6944789054051235,1.391884740773489,"Tauchman, Mike"
643565,L,2025,385,8.139835400821928,0.6596379065308792,-2.8208461210685596,0.887994912465414,10.938950629290257,2.7110170599543237,20.516589787994242,5.987470984766323,0.5051987658593609,-2.3874395643368067,0.38637995483896304,2.168129601791045,0.963867145350754,"Tauchman, Mike"
645277,L,2024,293,3.899909132184603,7.701590949699515,-12.690360320337506,-3.810205350933924,-3.768489930874436,-6.284747191545699,-14.952302711807448,2.648761915368663,5.494513949715718,-10.246248441769561,-1.4081195252746692,-0.5967002994052008,-1.858400529419861,"Albies, Ozzie"
645277,L,2025,480,-1.2960081784715953,3.79453587581817,-8.348444360186104,-13.71147510798424,11.068609013340515,-0.15211559756193405,-8.644898355045191,-1.005958733275021,3.0473385715175603,-7.287353828325161,-6.717034696516092,2.60763067334111,-0.06198949550226616,"Albies, Ozzie"
645277,L,2026,407,-2.208010125248479,6.421385190589626,-6.0532725602578115,-19.63563420384726,5.069421203677841,-3.6197353205734366,-20.025845815659526,-1.6477111939943514,4.9810017750641356,-5.166127687418863,-8.812854583135275,1.050293111688909,-1.333400310797358,"Albies, Ozzie"
645277,R,2025,185,-8.867938177195354,11.269462768692838,-5.35280478593374,0.11751812055825923,-6.5407080692881125,3.282900161106603,-6.091569982059503,-5.072892327305826,6.887641674514426,-3.885061776576584,0.03174665321217475,-0.6944399793192608,0.6879126261173377,"Albies, Ozzie"
645277,R,2026,258,-14.913751248560388,10.354513829660448,-6.399217265048252,-15.95419944816652,22.1730088846707,3.734728466517133,-1.0049167809268806,-9.706753373058403,7.110738191379795,-5.035197597366667,-5.431586347389946,3.1510743403501666,1.0080463338626835,"Albies, Ozzie"
645302,R,2024,296,4.33206006890955,0.10137520088674241,-10.234650096420738,8.678672811803617,14.423057782297,6.952541510788738,24.25305727826491,2.951870586345696,0.07253436100574781,-8.279659816582624,3.227961151810724,2.3033864778077517,2.0706480398686646,"Robles, Victor"
646240,L,2024,587,-1.547926061962464,-6.001911580577296,1.5279162451485053,22.53771781468255,1.8315900785181134,4.720247244928444,23.067633740737858,-1.2525968948233877,-4.999503420015585,1.3653502212121906,12.17275948805736,0.5013595334591019,2.156473358436083,"Devers, Rafael"
646240,L,2025,720,3.218631616373274,-9.282627927527926,1.9002736197684111,23.001059730836662,-3.552827865930935,2.458688813866135,17.74319798738562,2.6996939966219364,-7.978437067350997,1.7321330298133704,13.576360680713474,-1.1231989776071154,1.2485330545473317,"Devers, Rafael"
646240,L,2026,625,-2.5158161920768327,-5.720974573751729,3.858379663048686,15.526400047962099,8.979372324582021,0.7879660378965091,20.915327307660753,-2.0597158441268846,-4.814374626973542,3.4703080865183864,8.627131755500091,2.5714645021998552,0.37228091615628467,"Devers, Rafael"
647304,L,2024,628,-4.50139079828308,5.1002514009094915,-7.020107363349524,6.651188552822289,4.790465299314218,1.337335044916944,6.357742136330336,-3.688513730367378,4.295268745157291,-6.317067874392119,3.703546369163308,1.3765605152829006,0.6334310513880372,"Naylor, Josh"
647304,L,2025,601,-6.473114545639869,5.785976954859544,-17.0345546558346,14.272045360594365,12.11488918378191,7.9985025298432575,16.663744827604607,-5.261491529405971,4.8384572303093245,-15.259946917565426,7.791893722213549,3.37326726228825,3.7009899457967745,"Naylor, Josh"
647304,L,2026,627,-9.465314907242732,7.56483458952237,-17.6595634742969,7.437585674956425,-11.65176630954163,7.620708678081601,-16.153515748520867,-7.753801682505056,6.369258642372749,-15.888481467236803,4.138506572705578,-3.344383239444231,3.6065342330624914,"Naylor, Josh"
647351,L,2024,281,-8.522825921766541,10.822831447520814,-14.661462798536983,0.7366130876716512,-12.004732068988803,1.1818357873619836,-22.447740466737876,-5.710346936202542,7.627936543514655,-11.741156651436164,0.2650897330704899,-1.83487122744324,0.33926496407501344,"Toro, Abraham"
647351,L,2025,203,-10.288780377113332,11.724588350008057,-7.14759169161529,-2.487696412462349,-8.011570070026961,2.7214909135258525,-13.48955928768402,-6.117833111955089,7.421680525740734,-5.316990732797907,-0.7185337625884958,-0.9238225086271116,0.6132554633043932,"Toro, Abraham"
649966,R,2025,331,2.8932639534838094,11.186701739184596,-16.132861363583633,-11.353323466070433,3.773890423290212,5.82196955207376,-3.8103591616216885,2.0402051671057384,8.252383399499085,-13.32025815381405,-4.523163262318523,0.661470450144645,1.8730008126371593,"Urías, Luis"
650333,L,2024,669,-5.642872111542143,20.708946473452393,-17.863417955968206,2.792148962202394,-3.4653877773382042,11.108799597673661,7.638217188479893,-4.67560797787427,17.610758469474238,-16.173725129374095,1.598143560157913,-1.0412712385306855,5.437089092938396,"Arraez, Luis"
650333,L,2025,677,-6.994467481395799,23.22040578987486,-18.053876580851274,-9.393634450706475,-0.37208170657845085,4.829712446836392,-6.763941982820752,-5.807284765707982,19.781458862081127,-16.36445972505957,-5.403946165428179,-0.11273407672836723,2.378201869841074,"Arraez, Luis"
650333,L,2026,645,-3.1603151451808884,21.326289540735953,-15.893445948785438,-7.696042014072172,9.282263726611133,6.974411389231315,10.833161548539898,-2.601998645401659,18.035344992380015,-14.339622007097077,-4.335993586343871,2.7183564878959317,3.3499144981218545,"Arraez, Luis"
650391,R,2024,348,-2.117226185521914,3.1657773847719732,-3.0149584460869083,-7.589670743721931,-17.02741373107888,-3.916414815687754,-30.499906537325412,-1.5147947175326348,2.365694140558328,-2.510713326176064,-3.115277651076639,-3.109775558669038,-1.30313905419151,"Jiménez, Eloy"
650402,R,2024,665,11.486131515692822,3.3548351021700844,-2.301829942394548,-3.1970702028352225,-1.085682845549367,-4.6977999715732786,3.5585836555104913,9.507451436001215,2.8503657660342765,-2.082915768020887,-1.8252136842893736,-0.32485644100705996,-2.2922508736150524,"Torres, Gleyber"
650402,R,2025,629,18.77541547690271,6.11972586089461,-3.0501893877301405,1.9915780949737467,-14.244044603130922,1.3254847906064329,10.917970232516439,15.389302768518856,5.155131109168957,-2.745160534950479,1.1097418567684059,-4.097729265349116,0.6283439572850884,"Torres, Gleyber"
650402,R,2026,417,17.68134043758649,0.0017010725606639654,-7.022824858119991,-1.1640505196039699,-5.579109996795387,-1.0549815160148304,2.8620746196129754,13.27535391649162,0.0013266405044212825,-6.014725025548548,-0.5294466140328186,-1.1782936996948683,-0.39460009053779,"Torres, Gleyber"
650489,L,2024,472,1.1963029197946893,0.023159535132126326,-0.15610012639042636,4.5825429811462834,2.8392638363237532,4.3194963995240006,12.804665545530428,0.925058742354001,0.018537229542689222,-0.13596683376711027,2.225672066681658,0.6603408208139324,1.742761637069796,"Castro, Willi"
650489,L,2025,339,2.079217704819555,-5.320674894015085,-0.6017976854765625,-7.820107107118045,0.4574028707238833,-0.05670278207547099,-11.262661893141727,1.4764478499708598,-3.9494873628291725,-0.49893299038608774,-3.16039845659173,0.08176281801845062,-0.018538743641568264,"Castro, Willi"
650489,L,2026,313,-3.8496040968490397,-4.0773847890701385,13.002582925130536,7.725359756214494,-8.044498104022564,-3.970032648528271,0.7864230428750162,-2.669314613170311,-2.9631716090907547,10.629145283892205,2.9748620435413584,-1.3461573707206251,-1.2292597565561558,"Castro, Willi"
650489,R,2024,164,-8.804405221767817,-1.3349086235857903,-11.446683142401563,6.065708423290232,7.856915290136804,-4.191854276613654,-11.85522755094179,-4.77489083775303,-0.7771720305328526,-8.02618622101467,1.498555368029277,0.7485141835660274,-0.7976436513778205,"Castro, Willi"
650489,R,2026,169,-11.725641198412678,1.7672138592010476,17.127228781942225,-34.5551496507134,32.30825499211596,-12.356520042069647,-7.434613257936499,-6.446452447523544,1.0417334099517488,12.116390577325973,-8.731482675623562,3.1626034031447023,-2.4089598269662096,"Castro, Willi"
650490,R,2024,622,5.752255334759389,8.620510948879906,-12.369400419474575,10.480210486684495,-6.403814236379417,2.67507339441632,8.754835508886117,4.705296271854867,7.248882456799953,-11.119905403614153,5.810799349160361,-1.8275995293091933,1.2606523999191674,"Díaz, Yandy"
650490,R,2025,645,6.073112009227157,6.055750333180272,-14.242931177937189,16.557789837144107,4.167865084767522,4.496391101058598,23.10797718744047,5.000206781743955,5.121263417061222,-12.85046993728411,9.328752416711184,1.2205797451511435,2.159684150825867,"Díaz, Yandy"
650490,R,2026,664,1.0195929432807467,8.602379649904242,-12.069471705645432,17.245279757590765,3.2188860725818262,0.6048844279765473,18.621551145688695,0.8437319483074621,7.307177890079491,-10.920047668886392,9.839005945793982,0.9621349748158335,0.2949206913389615,"Díaz, Yandy"
650559,R,2024,622,-3.605035195465744,-5.8420002734538965,6.590451385738007,3.678733304726354,-4.616761970690453,-6.363642963229219,-10.158255712374952,-2.948888336480648,-4.912466737295068,5.924716921698412,2.0396900539352667,-1.3175885016516178,-2.998923988616039,"De La Cruz, Bryan"
650859,L,2024,249,-2.383193511921036,6.882490733500599,-15.515706779364706,-1.1710272317122439,7.113507149043297,0.3905901514684211,-4.683339488985669,-1.5317930786053406,4.6734833146800385,-12.115130203868878,-0.38939189748231273,0.9805184535892779,0.10271429094409604,"Rengifo, Luis"
650859,L,2025,441,4.2113862037683445,4.235717349495328,-11.767714131514893,0.43650014804174053,-8.701203507641932,-2.3422840386417088,-13.927597976493123,3.2054269224764482,3.343422321336918,-10.157857033921779,0.20460434639631414,-1.9200978490468452,-0.9069941565145203,"Rengifo, Luis"
650859,L,2026,220,9.306047248987486,9.193270429802265,-3.795160768344557,-18.839798973787484,-5.330612934585342,4.333768581585527,-5.132486416342107,5.712432527299434,5.989200450786698,-2.8801659238927813,-5.758017225182619,-0.6597828332272013,1.0387423409293255,"Rengifo, Luis"
650968,R,2025,168,-20.22710677043495,15.55745239646659,-23.27877832196786,4.851661020328146,10.961795597877115,-0.38229732390645,-12.517273401637407,-11.090615098341836,9.148418515321337,-16.439579346623425,1.220500810512592,1.0673015355930813,-0.0741751607361439,"Pozo, Yohel"
655316,R,2026,333,8.159745078118377,6.3473956833446925,-5.111166888306485,-10.822626416586608,-1.2792279882209394,-6.399510411054714,-9.105390942705677,5.764108152477135,4.689835795129652,-4.224509431948224,-4.327369305304779,-0.2253334421156644,-2.0672244246515934,"Monasterio, Andruw"
656180,R,2025,288,-4.840211186500288,-13.075198494369108,17.804735494619656,-6.6067140507596935,-11.702977947197223,-13.616872073106947,-32.037238257313604,-3.26919307051706,-9.28200414282803,14.327708455028153,-2.4151777502600553,-1.8263550869310403,-3.9778716320653063,"Adams, Riley"
656305,R,2024,643,5.610150283968964,2.2664801706257642,4.30072679528098,7.661830421855838,4.084650383963407,-1.488882720828026,22.434955334866928,4.616497331955829,1.915811048860114,3.8790863227737717,4.31086446349591,1.1935846006005257,-0.7139786210796213,"Chapman, Matt"
656305,R,2025,535,5.95115428755678,-2.4800839497804357,0.7115819290921838,3.0219939654519035,2.2831298190913842,1.0676911165445881,10.555467167956404,4.72805469608899,-2.032873116313291,0.6293630955104224,1.5623600190660156,0.58375160602892,0.463321637368374,"Chapman, Matt"
656305,R,2026,351,6.777075033756531,-1.18752584044027,-4.983488504037327,-9.570760246672315,9.593798346824752,-5.445901739825338,-4.816802950393971,4.8605597693983915,-0.8893248218467157,-4.1559518948251135,-3.948336027689576,1.7644753213763726,-1.82245070371884,"Chapman, Matt"
656413,R,2024,233,10.964188916295253,-13.611238842454455,-5.583949612011279,-6.857116433317577,5.653786376878544,11.269205080731101,1.8348754861215888,6.878466740602262,-9.0432541469266,-4.295467630407202,-2.180208818206766,0.7357524275867665,2.820725165577029,"Fairchild, Stuart"
656484,L,2026,188,-4.427147469554164,-11.086750296908939,0.0030027162329817653,-5.791752085760511,-5.099919514896612,-1.6643456625297837,-28.066912313417028,-2.5499575521991007,-6.818276710916257,0.0021889470668055096,-1.5830361786262976,-0.5493034258026877,-0.3532092087327073,"Gray, Tristan"
656537,R,2024,172,-5.963496773680175,-15.36261084480813,-3.508265554519955,17.877811401236215,3.7534347803095427,3.5087006674067154,0.3055736759442148,-3.30452507142801,-9.121229135165235,-2.4945973408781796,4.577070956251608,0.37329128029473424,0.6937788552341565,"Hill, Derek"
656537,R,2026,213,-4.101878211013388,-11.758239166286726,12.407204257188967,1.5463007066792092,17.49889363883454,-4.2111797357023315,11.381101489700276,-2.486347237677905,-7.573472334278811,9.34186895169548,0.46205277692742525,2.105256892059812,-0.9847536512818309,"Hill, Derek"
656541,L,2024,158,-6.8515211604653015,-18.67817121881926,8.080789281333754,5.478619616236762,31.344672499873834,0.29088968734998705,19.66527870550978,-3.652307053350436,-10.704428446056083,5.602513452603301,1.3158878887369905,2.886963429160314,0.053700492025380034,"Hilliard, Sam"
656555,R,2024,517,-0.12878970460967135,-1.904783420225645,-12.486240704869923,11.438006881967103,11.453412948952014,6.020151052174766,14.391757053388647,-0.10159349058492963,-1.5515703579791582,-10.999285903036828,5.815610968092656,2.854442307062382,2.561937828802562,"Hoskins, Rhys"
656555,R,2025,326,5.698345663611599,-6.6518684312962515,-13.433655141030686,9.056503307804862,8.318525741259245,5.031659738267282,8.019510878616051,4.000138854017043,-4.887393382591446,-11.062052455250914,3.5751226359126838,1.439821069203075,1.602081463824546,"Hoskins, Rhys"
656555,R,2026,319,7.946599043977867,-14.916206128967923,-2.5520977055065663,-3.672293434486811,5.028898051490898,-1.1580051098484654,-9.323105283341,5.542130206300859,-10.896108763946504,-2.0934357022849057,-1.430664471094325,0.8549193911124559,-0.36327564020555336,"Hoskins, Rhys"
656577,R,2024,156,-15.491404722778121,-8.563790837286392,8.698994142380203,-27.949482298350837,-8.003961677610196,-6.076984181785888,-57.38662957543123,-8.208787125118034,-4.881178922588126,6.007501873788698,-6.6483125850778215,-0.7287132807659606,-1.1102521103199472,"Jackson, Alex"
656582,R,2024,416,7.211300469620874,-2.3940279316850788,-9.636092426365352,-18.678809546567777,22.092368994653995,0.7881338356301624,-0.6171266047131767,5.41108609720548,-1.8660784271713142,-8.250021183792631,-8.48458820855191,4.657021123479611,0.2943467878806921,"Joe, Connor"
656716,L,2024,324,5.582343295074301,4.575586168264331,-11.62528540516131,0.682463618308567,-13.721382876735865,-1.5522484334174464,-16.058523633667424,3.9115115504655873,3.356370139774627,-9.562514815018778,0.26840485623549937,-2.362919167942406,-0.4921654706302394,"McKinstry, Zach"
656716,L,2025,511,6.036845938178475,0.1782404181728321,-11.66386628779454,4.393260330254017,10.115210779460758,-2.522477013003674,6.537214165267866,4.750281465989035,0.14487301409722375,-10.260498848497331,2.220918052533021,2.4989040738384167,-1.0662743998954507,"McKinstry, Zach"
656716,L,2026,417,2.774288334827196,7.954760094875887,-4.803966281668362,-21.87676163024243,-4.41661803154252,0.9446239137823198,-19.423673599967913,2.082967614431188,6.203795880816119,-4.114375169535007,-9.950235987245238,-0.932778382845023,0.35332247650244614,"McKinstry, Zach"
656775,L,2024,499,5.027393581850751,4.2239220337793295,-4.0773692158748815,-12.929649379505786,10.371669411075397,1.666298780661722,4.2822652119865285,3.9357909220645957,3.417798298435489,-3.5764421691382906,-6.459495015276836,2.5166905860097657,0.6947153749120503,"Mullins, Cedric"
656775,L,2025,497,4.400346525672706,0.5245330551198042,-7.235987262897585,-7.9379981500176315,6.578610628892231,-3.3825305214342056,-7.053025724664685,3.4418877726797175,0.42410167626582573,-6.343870427185252,-3.9577571283025685,1.591452797192037,-1.4069476095874216,"Mullins, Cedric"
656775,L,2026,486,0.5315035318104823,1.9374784348680607,-3.931717012098462,-23.281706467515527,4.641396687174241,1.5881437590472145,-18.514901066713996,0.4136949218362938,1.5597535912995173,-3.437387992638233,-11.477622532506755,1.1038745018339329,0.6519623867311625,"Mullins, Cedric"
656811,L,2024,492,0.544662559344742,10.979868193305114,-0.6506468642414485,-1.9069007655398378,-5.24806270284235,8.063667829326315,11.782588249352537,0.4250862670471014,8.86033247016258,-0.5697155177370276,-0.9459296257338744,-1.2598694774910546,3.334254067920703,"O'Hearn, Ryan"
656811,L,2025,541,2.8942639437063957,2.3997484540026734,4.677246327010673,-0.04165135711477571,4.249749863016284,-1.4745690613404119,12.704788169280834,2.3046791013476176,1.9709654429181644,4.142127732555189,-0.02164957408187481,1.0956221424555694,-0.6439276886741483,"O'Hearn, Ryan"
656811,L,2026,433,-1.242401736406625,2.4857223823416645,1.7658907436524605,-1.3918458022839766,5.816261095670327,1.1681236089778233,8.601750291951674,-0.9414785538007422,1.9544738023438066,1.5204687779552444,-0.6460699910517147,1.2652584459974217,0.44726458533215696,"O'Hearn, Ryan"
656896,R,2024,302,1.6879120343084404,-0.950999612683039,-12.91055791202396,10.160676643138029,-16.3812188969168,2.415905755921397,-15.978281988255928,1.1574716920719152,-0.6843119142137314,-10.484212203580114,3.826932698751247,-2.6605246644542873,0.7296993437060328,"Rivera, Emmanuel"
656941,L,2024,689,8.796203828746846,-12.074459716050114,19.557244814532886,11.12067616012113,-10.80643735322468,5.940272322425129,22.533500056551194,7.324862692468398,-10.312830574130256,17.756086639447627,6.445150396589357,-3.314392041950544,2.951142825232607,"Schwarber, Kyle"
656941,L,2025,719,6.489686915998529,-11.370145141310102,21.93310776970236,20.58396943515603,-0.2528208391755939,-0.6351977808988044,36.74860035947241,5.442139093784751,-9.770752963484346,19.989955814880574,12.14275466166075,-0.07985139914022356,-0.3223355859667452,"Schwarber, Kyle"
656941,L,2026,672,2.7394355666618035,-9.492154627450414,17.00029391316838,14.816793003542715,5.411536117062227,0.854231827964143,31.33013580094886,2.2715978002245025,-8.077463703942938,15.398746111835973,8.496915616512704,1.6311389606394364,0.4190502243272554,"Schwarber, Kyle"
656976,L,2024,158,4.67496500492328,-2.504817599864068,5.764389898809685,25.292249327627225,-10.878067751116294,6.137835962131404,28.486554842511232,2.4920608521463268,-1.4355067449618235,3.9965244519779706,6.074844924532659,-1.0019113703461835,1.133092115228412,"Smith, Pavin"
656976,L,2025,287,3.478782187885832,-10.244766997067758,7.199694523212717,1.4022215266013596,14.119790699180854,6.221020605759879,22.176742545572882,2.3469974518286256,-7.265353998951358,5.789750757598445,0.5114712615290837,2.197059890281162,1.8128638910465953,"Smith, Pavin"
657041,R,2024,528,4.50939542150652,-0.49300703429845516,-2.789993959021134,7.7157197791464505,3.302616679707099,-5.913102479178492,6.331628407861985,3.5728754117764554,-0.4031438266968034,-2.4638534332544757,3.9636185356328224,0.8361632881738071,-2.5468617435740994,"Thomas, Lane"
657041,R,2026,374,11.701934846602857,-1.401028074556788,-0.3658335814786383,-2.4401700407983635,-1.6184497838703054,-7.059453981838342,-1.1830006159395787,8.54124071256899,-1.065671059987815,-0.3082324989846579,-1.044402738699597,-0.3133906604241679,-2.4632082039030845,"Thomas, Lane"
657077,L,2024,620,3.0727870830236164,7.7405025661156,-18.510035211617883,0.5427697900943989,-12.16449868215205,5.95615411232452,-13.362320342211797,2.512038998205261,6.505555072039846,-16.634823418258385,0.30050922086492765,-3.4636703384335727,2.802111874933798,"Verdugo, Alex"
657077,L,2025,213,-2.224897152175462,10.902879492617112,-24.260036297217876,2.909957486608234,-23.675876482640287,13.041125551895641,-23.30684740091264,-1.3486180241958534,7.022535860476811,-18.26632939654145,0.8695294075856763,-2.848397342676515,3.049572046326397,"Verdugo, Alex"
657136,R,2024,487,-1.0949283274668964,-3.3864996236347027,0.364800493141546,-8.02548415800625,21.925722670416288,-0.8879459599688776,8.895665094481107,-0.8526237686299623,-2.7273698874227077,0.3190170220759464,-3.9605978347105415,5.222821039588067,-0.36495999974612686,"Wong, Connor"
657136,R,2025,188,-0.6424755948712711,2.456087393867119,-0.9879634725003519,-20.459412567183218,-14.133766326167436,-0.7397470551748134,-34.50727762202997,-0.37005442138808875,1.5104771938670036,-0.7202144916281751,-5.592088509264934,-1.522323291530578,-0.15698990774758634,"Wong, Connor"
657136,R,2026,234,-5.199332620800079,-2.3708588288158445,5.456245170972267,-20.673990487594303,4.816826183912409,6.625290834617106,-11.345819747708445,-3.2670433264843846,-1.5774517732462472,4.201373634958091,-6.5924764754983665,0.6291739411628802,1.6636657567089288,"Wong, Connor"
657557,R,2024,482,0.5614346897926992,-17.228460486871704,9.918513382240175,-2.0146984308869578,5.1456827146401745,-2.318893611370978,-5.936421742456591,0.4361894496608484,-13.847249295503246,8.662434925744984,-0.9890623943324208,1.2161180585529705,-0.947314489612464,"DeJong, Paul"
657557,R,2025,209,-2.548189049657666,-14.209657106255976,7.72962829973908,-11.80161685675141,10.595916395814285,-6.654764914450608,-16.888683231562297,-1.5330252352664118,-9.090508657905875,5.792549501267199,-3.4797634774242026,1.2536665140560617,-1.5336794163147103,"DeJong, Paul"
657656,R,2024,309,-2.6507353624852787,-11.229826448355276,11.292121668036954,5.202910216018694,9.122199990892044,-3.485149263925116,8.251520800182021,-1.8307531627275775,-8.132322139026867,9.209144036298264,1.9877011157320794,1.5102204654114608,-1.069564598178852,"Laureano, Ramón"
657656,R,2025,486,1.7393165513832123,-3.596290495873603,9.259629812328763,13.303760890434464,3.015271201532759,2.384014511160066,26.10570247096566,1.3537942491596051,-2.8951687488986995,8.095430122572822,6.558606259218395,0.7171291789568223,0.978682050565823,"Laureano, Ramón"
657656,R,2026,206,-1.3273106518043885,-14.51475197507607,5.508262798437579,6.975581547331741,-11.923407990998172,3.579254991448118,-11.702371280661191,-0.7939220324301545,-9.237227589733921,4.112857752949644,2.035877125382859,-1.392845797331889,0.8157451670226772,"Laureano, Ramón"
657757,L,2024,499,-8.338879450499222,8.869833436729444,-6.604688063901679,7.864689251869467,-12.919995999803502,-2.9618537244004384,-14.090894550005931,-6.528250773909704,7.1770504722919,-5.793266112319405,3.929102756620454,-3.135043262106625,-1.2348597649242528,"Sheets, Gavin"
657757,L,2025,545,-6.841608051254047,4.704138688114573,1.5498397879578103,9.65385881805476,-4.893918906861605,-0.649034370684417,3.523275965327076,-5.456074872067995,3.8686845067511864,1.3736778018522855,5.035638412910378,-1.2686049152793377,-0.2846026538616129,"Sheets, Gavin"
657757,L,2026,414,-7.985661475213916,9.001076278706309,3.7338083226612406,-5.444463773775791,-4.764828546724241,-4.540893935489418,-10.000963129835814,-5.984919501134326,7.008622867596581,3.1945114221982704,-2.466568376794633,-1.000600158044319,-1.6907842443792909,"Sheets, Gavin"
658668,R,2024,196,-0.07003023632428367,6.071024036615506,-7.873831077035956,3.845811639374924,-27.732079849079554,5.807947771232969,-19.9511577152164,-0.04104654690922665,3.793248093278259,-5.804139646043047,1.083290726571839,-3.099871435195445,1.2735178622939902,"Olivares, Edward"
660162,L,2025,260,6.19308671316733,-8.433981544776067,18.951710831864464,-17.363152187887025,12.210752664759394,8.864648928827927,20.423065405956017,4.0416826865728295,-5.805845045821655,14.936565863031898,-5.941406020568145,1.7468351278344065,2.406184384097248,"Moncada, Yoán"
660271,L,2024,721,3.0260190069406874,-1.4109783047843902,17.784279293153496,39.268782384700316,-9.066322413306217,7.2568173499934066,56.8585973166973,2.5387038795465955,-1.212975011248581,16.212674915136606,23.19155345564599,-2.868968695619765,3.6875612863932647,"Ohtani, Shohei"
660271,L,2025,707,1.637922800304058,-7.903728833432329,17.410578274190904,39.70382221208833,-5.966227497533556,3.0509811398999753,47.93334809551739,1.3697808377035707,-6.7757659539004145,15.844271973683062,23.259908071683338,-1.8627534168646487,1.5354058762000113,"Ohtani, Shohei"
660271,L,2026,581,-1.3309549509167855,-3.446560527416114,19.912166725287136,22.186771115577,-17.444845273951653,3.9877387417401042,23.864315830319686,-1.0749038739582029,-2.8659906912138102,17.774038247054683,11.926567767960927,-4.739613952505182,1.811660726982127,"Ohtani, Shohei"
660644,L,2024,205,3.739664689182272,2.93104333101903,-21.961404513056,-10.813225344777523,10.82577223366343,-2.612231978563498,-17.890381582532285,2.232479268057702,1.8620213733129383,-16.377695752078495,-3.1450588412832134,1.2591993887233202,-0.5931178611773903,"Bruján, Vidal"
660670,R,2024,222,6.000908519798002,-5.964722955081168,18.481074723330767,-6.086612073915618,-6.012415833953877,1.6743105039180046,8.092542884096106,3.6964628206805843,-3.8981168626586067,14.055907119546637,-1.8719645318403253,-0.7500924103789628,0.40407607041748367,"Acuña Jr., Ronald"
660670,R,2025,408,11.287411873574559,-10.054808284115289,34.60823943983503,-4.079070519447547,5.303053920166979,10.937526034847682,48.00235246486142,8.428389542049489,-7.803700639368083,29.546799357731278,-1.8332427828780988,1.1008367437248716,4.035298765134604,"Acuña Jr., Ronald"
660670,R,2026,454,5.986475932054628,-7.95904981771449,35.23718172538659,-10.533151008955128,-9.571771853311663,-0.02553312104989086,13.134151856410044,4.587887286614705,-6.320524694800159,30.536252570100906,-5.013559481645971,-2.1604175192584423,-0.010063679046076678,"Acuña Jr., Ronald"
660688,L,2024,353,-11.195306329341411,16.51689972975572,-26.665569053772618,4.614287034001004,-5.558164091203913,6.184164984921949,-16.103687725639272,-8.042227857180487,12.386944731130091,-22.2585410558414,1.9099420162205931,-1.026996746028049,2.0773387084306068,"Ruiz, Keibert"
660688,L,2025,213,-4.605506777795258,10.217263973519618,-29.0247583758712,1.2242705688217135,-11.135143160277538,5.763674322316244,-27.56019944928642,-2.791620927294453,6.5809314593072035,-21.853874852177736,0.3658263968910834,-1.3396468008824507,1.3477931814643043,"Ruiz, Keibert"
660688,L,2026,254,-2.770790311393916,12.13984130328043,-21.461821364016984,-5.151705475255193,14.220474541239048,8.286865896866532,5.262864590719913,-1.7935332358722647,8.2958463540684,-16.830648820895025,-1.7358616341469983,1.9939765944839132,2.2112965006213714,"Ruiz, Keibert"
660707,R,2024,248,-11.335000292214502,3.54252911377349,-0.4888169501057483,-12.180478808355817,-6.253266401832743,-7.161350528244834,-33.876383866980156,-7.275069821275627,2.4024081403200954,-0.38134595245595876,-4.039400983639239,-0.8589576322389184,-1.8776548166136102,"Montero, Elehuris"
660766,R,2024,251,-0.3845889295115791,6.93550212579812,-13.501518969292112,3.9689168123905794,13.258389534099242,-11.19650993583463,-0.9198093623503844,-0.24789947777819385,4.721555305923803,-10.560834990155195,1.3268074291253813,1.840164250540776,-2.961762757300871,"Yepez, Juan"
660821,L,2024,535,-8.190071762185706,-3.3004549037326103,11.598864721894534,13.872249545844747,-16.915264240698942,1.3800150238099083,-1.5546616150680654,-6.506822943151346,-2.7053140866446816,10.258688574471224,7.171903158216107,-4.324901976376114,0.5988537419828392,"Sánchez, Jesús"
660821,L,2025,497,-2.7714004188703742,-1.5427001872314687,12.451752514196793,-6.1613303991638055,-10.716314908743309,-1.8282565151210572,-10.568249914933222,-2.167749553190275,-1.247322221153507,10.916589771581618,-3.0719394041511205,-2.592418110628029,-0.7604546706563206,"Sánchez, Jesús"
660821,L,2026,311,-8.343247235101048,0.8139697062085944,-1.7533267091445244,8.122827410981044,-8.545402500694289,1.3825628138075452,-8.322616513942679,-5.773821476194742,0.5905012393557325,-1.4316012072999396,3.115597300307901,-1.4223617868824898,0.4261972174336579,"Sánchez, Jesús"
661388,R,2024,674,7.038267602000629,-1.0422737370456288,8.031024097135608,1.3518869245457825,5.369961052628359,4.160761981726254,24.909627920991007,5.8392391766828755,-0.8873278534857966,7.276478996360669,0.7762426230951647,1.6219697004593545,2.0441851061845457,"Contreras, William"
661388,R,2025,656,11.455479194326802,-0.2543896205541298,7.326420324812684,-14.351303155222869,8.562515044382923,1.7805571598234864,14.519278947568896,9.459722220436884,-0.2156918669392008,6.62100645872137,-8.145236143543448,2.5376652132362456,0.8627465070944366,"Contreras, William"
661388,R,2026,618,2.9655014883907906,3.244778404319942,2.8141289786690447,-6.839596377335058,0.04378638882149124,4.406773115854129,6.635371998720341,2.4229008725117347,2.7256875066937045,2.5282067434308697,-3.7813400622435944,0.012438767028908412,2.0696485705236602,"Contreras, William"
662139,L,2024,510,3.668075896740968,-4.691446120810762,9.005954826079217,-25.582324635702673,17.749039681944176,-5.607767281585824,-5.458467633334896,2.8851348647358765,-3.8117872247695352,7.920512115203893,-12.920066053431565,4.378333066244895,-2.3677749910111685,"Varsho, Daulton"
662139,L,2025,270,0.19546440250898076,-13.630355364469326,21.180287753601153,-1.8842086568446357,24.445231999907488,2.518092200797917,32.82451233550157,0.12922505228984027,-9.492517513999756,16.825013744368565,-0.6608480724790023,3.6116947506071804,0.7024557052652715,"Varsho, Daulton"
662139,L,2026,525,-7.648124146576144,4.217464660518996,11.932693653157589,-24.752166796828917,-1.9405644226390446,-2.8291709412627664,-21.01986799363029,-6.052563947629928,3.4451349236904396,10.530769199492308,-12.68012327230529,-0.4892282974796365,-1.2146150582873267,"Varsho, Daulton"
663330,R,2026,171,3.4662020990425177,-16.907705145583115,2.2684588840620643,17.88014939400765,-7.494633545126463,-0.8985849263999278,-1.6861132399972745,1.91571550610952,-10.014802884705265,1.6102959608246679,4.557839452272544,-0.74146085283224,-0.17684837929971728,"Jones, Jahmai"
663368,L,2024,275,3.5929742913885914,-7.886973284487551,-7.992475961751287,2.7638791069014053,2.4971444787159176,-8.625121412438505,-15.650572781671428,2.3901069161630617,-5.523169198852907,-6.372819987201714,0.9809547748054709,0.37475104129672804,-2.4380560035506496,"Perkins, Blake"
663368,R,2024,158,5.513109232283744,6.9524889465242365,-9.45540788274797,-16.066873570607367,13.181618046055727,-0.07376022523230835,0.051174546276056464,2.938846317975011,3.9844596978038163,-6.5555539216094125,-3.859038557590746,1.21407710469062,-0.013616709560803845,"Perkins, Blake"
663457,L,2024,403,10.341233218534997,5.57750014452707,-0.4296478566527657,6.044580883458817,-12.638938536379563,2.0549567632329424,10.949684616721498,7.697680633062718,4.31679796840841,-0.3661476641599061,2.6981644300925587,-2.598116286901636,0.7522673424631173,"Nootbaar, Lars"
663457,L,2025,580,5.897414081400598,1.8329027274353882,5.751684923019485,-17.098125382618107,-5.2605911816967605,9.803774690139324,0.9270598576799245,4.761281580260591,1.5237094797749646,5.133130226348068,-9.18382796891317,-1.4274647634338875,4.449744559235119,"Nootbaar, Lars"
663457,L,2026,308,9.0179122358335,3.4866919649825077,9.709988069125535,-3.81246496100555,-22.233633906545545,0.017442295906365642,-3.8140643017031834,6.222049452151214,2.52270433340846,7.914115598490106,-1.4535839738263965,-3.67093078329547,0.00534088306864224,"Nootbaar, Lars"
663494,L,2026,183,4.43319475608593,0.762240767127407,-13.839569898391206,-0.786977862092502,2.6439885000574526,-3.6602189143259856,-10.447342651538909,2.5241973760744107,0.4638930992494509,-10.014738193202751,-0.21091389083494108,0.2780018235811397,-0.760408511555463,"Torres, Bryan"
663527,R,2024,278,5.960352720752196,-3.010819669618607,-13.841428502241541,4.036044877282751,-5.896519579567114,0.5551718349588856,-12.197198318433427,3.9793031557569782,-2.1152885999241122,-11.060684400498262,1.4425130643721171,-0.8930928292632281,0.158154236557262,"Nevin, Tyler"
663538,R,2024,640,-2.422318915871903,14.881894139902426,-18.695506162377526,3.0339181701825875,0.5897458716795548,8.191828417276989,5.579561520792128,-1.9916315478953217,12.570255450885442,-16.854865021124624,1.703516139887043,0.1717610666667465,3.918747904787866,"Hoerner, Nico"
663538,R,2025,650,-3.9540465502116002,18.780740561930536,-17.977899369085787,-0.02868537879457122,5.07591425751746,6.185391435528609,8.081414956884645,-3.259935759012748,15.901485349048215,-16.232496152425018,-0.016215964596271382,1.4946365937044124,2.9828605830144124,"Hoerner, Nico"
663538,R,2026,672,-3.316168610389174,15.139581129907793,-17.177601648780715,3.2415199514142548,-11.758537376512226,10.293164060476315,-3.5780424938837525,-2.7498370146785707,12.88320954191793,-15.559350205994837,1.8588989864286916,-3.5442447430945547,5.049393580732863,"Hoerner, Nico"
663586,R,2024,470,0.757720235146251,-5.064236560521044,5.6170841879773805,20.25182936654543,-8.955871218967143,4.216061837797045,16.822587847977918,0.5853534947645606,-4.050049064864278,4.889926947005817,9.814528497355042,-2.0761288131899382,1.6967224605103826,"Riley, Austin"
663586,R,2025,446,-1.3801479276361357,-8.436186459625114,11.855003106525256,7.2499693733135295,-2.669922866204573,-0.10590014237987326,6.5128150839930905,-1.0532973573867093,-6.674785334667254,10.248923035736732,3.4186997268452317,-0.5943657846381144,-0.04129098319507901,"Riley, Austin"
663586,R,2026,609,-4.798827002229555,-9.226560536406566,7.851120433026448,1.3362274727756573,-9.42656627290315,-6.673680722083326,-20.93828662782049,-3.9102078625252576,-7.732239731920462,7.042852881813722,0.7338973010425975,-2.6498480938530555,-3.109931045290927,"Riley, Austin"
663616,L,2024,400,-0.5885991112317738,-0.7804556655998964,-1.3247745264024329,9.45247468267515,-3.743112129285981,5.998877660864177,9.014410911019246,-0.4372958016948672,-0.6030242205178304,-1.1277282283187287,4.201924176933124,-0.7648932998993303,2.1856448335278427,"Larnach, Trevor"
663616,L,2025,565,-2.45566384358768,-0.3305809330075313,-12.698053051113217,6.376367187005734,2.3478362882236956,8.110298408062187,1.350204055583191,-1.9724935231480818,-0.27358980128971394,-11.300200047151197,3.3833284663409082,0.6249965167966999,3.6284996058080874,"Larnach, Trevor"
663616,L,2026,434,-2.0555064813289947,0.7026622842431538,-18.666442659335456,12.94471587828417,9.054572965657988,14.699210478317793,16.67921246583865,-1.558510294276237,0.5527615061875142,-16.07734505274278,6.016133717108846,1.9732723173930045,5.636216741283354,"Larnach, Trevor"
663624,R,2024,507,-9.228036578473015,2.008263654535166,11.23193230990167,3.4744783608154988,-0.467723791568497,-1.791210620325107,5.2277033348857165,-7.249181015154011,1.6299004144438014,9.87116388609327,1.7496220852954447,-0.11486608650281467,-0.753728418925281,"Mountcastle, Ryan"
663624,R,2025,357,-7.823786118364544,-4.341856331413383,12.639345185636484,0.7522113580603956,-4.248428074059924,-5.373299528497493,-8.395813508638465,-5.63806418381633,-3.265348585318469,10.5700093630875,0.31341282448182556,-0.7922297271552037,-1.818489752744455,"Mountcastle, Ryan"
663647,R,2024,395,-4.180007065950693,9.503897151409612,-18.81038595283762,2.0245556484056864,-11.235980780689255,-8.15740091235055,-30.855321912012815,-3.0954363135615006,7.322177350960979,-15.982447180894649,0.893695274608679,-2.273143562457479,-2.9483627299307504,"Hayes, Ke'Bryan"
663647,R,2025,567,-3.867366948220342,5.041250276576461,-17.960807652147547,-0.5740101775618324,-7.581010337554693,-1.7169577068522852,-26.658902545760238,-3.10859088564247,4.174692939870709,-15.989818252615676,-0.30507744587395536,-2.023310060903646,-0.7696569734505598,"Hayes, Ke'Bryan"
663647,R,2026,235,-8.469059912927646,-1.3216887693931187,-16.278077679286525,9.079868767025452,-37.534617695542366,4.6467281667125695,-49.87684712341163,-5.330032510764595,-0.8806401651233582,-12.546592304351233,2.903784828103279,-4.920977685892641,1.170562494583252,"Hayes, Ke'Bryan"
663656,L,2024,336,16.540927416376764,1.9650991127805757,-2.084588738451827,15.824501030938949,12.225373103995596,8.187812369084282,52.65912429472434,11.715351462236466,1.455326077918242,-1.7256384192318446,6.36143003835067,2.1694328913160374,2.66098097470098,"Tucker, Kyle"
663656,L,2025,590,20.261191402126133,1.830046107722072,-3.3284953903135936,4.230086517825896,-8.150743116190949,7.058373496468149,21.900459017637708,16.41147516093777,1.525696957465703,-2.9759627749716673,2.290050801701861,-2.239365468689437,3.23359077266232,"Tucker, Kyle"
663656,L,2026,606,14.09772877190503,3.0556386872717543,-4.144777869203774,-2.0888761249233747,-5.134933388919804,-1.232436821828166,4.552343254301666,11.476671857832017,2.5587002284503937,-3.7161818316296857,-1.144720652863055,-1.4383328681071865,-0.5728005517769457,"Tucker, Kyle"
663662,R,2024,186,1.0607248049088736,-6.0085528779309305,-6.444190813476754,-0.9334125071763635,-16.439759585447344,-0.04100045510942,-28.80619143423194,0.6081855458825997,-3.679984911088204,-4.684094232659836,-0.2531478451650197,-1.7538702297747466,-0.008628074058739133,"Cameron, Daz"
663697,R,2024,637,7.848518566219864,5.135438237209167,-5.761081028729342,5.711920251883484,-11.363328239424538,10.380348663508487,11.951816450667122,6.447655980992526,4.334567908302092,-5.191474317527246,3.200578971359468,-3.298512541826326,4.953507465401842,"India, Jonathan"
663697,R,2025,566,7.643277003888306,4.199454540441705,-3.8237578138752575,-8.30694787046413,-12.716508869580643,8.80423997129031,-4.200243038299711,6.141539770831603,3.476540462520046,-3.40348505858299,-4.411361499839501,-3.389542606643608,3.9428144723924916,"India, Jonathan"
663698,R,2024,283,-8.393211061998109,2.415039256352512,15.989600500505283,-1.301748839805596,2.8149045876272325,4.833538990170543,16.358123432851862,-5.636649458018236,1.7056791850089856,12.822802642266426,-0.4705977136325394,0.43283733513161887,1.3945714919549725,"Bart, Joey"
663698,R,2025,334,-6.230649364129108,-4.171032226285957,11.731144909179429,-12.421649780145911,-2.0831807614074545,3.367330600273029,-9.808036622515969,-4.4052520526566905,-3.0842196450279973,9.70112826025853,-4.975670892607005,-0.3678554698834795,1.0899530282854466,"Bart, Joey"
663728,L,2024,453,1.5171568401837197,-5.385039312983349,8.760349813579685,15.9912601789357,-6.973336581611919,-5.710194968012256,8.20019597009158,1.1621121945146,-4.274481717210403,7.589412194810862,7.6027105829728985,-1.5712463905947898,-2.247622433264593,"Raleigh, Cal"
663728,L,2025,485,-5.732782488814266,-2.498980463098539,13.79311050439374,14.170991071571365,1.6670848865594927,-1.270768315395853,20.128655195215934,-4.460063749062286,-2.010978549910993,12.055797655591705,6.9788455283647775,0.3958647020965292,-0.5210406108768159,"Raleigh, Cal"
663728,L,2026,325,-4.492652475427349,-5.394486943305127,14.06243569263386,-2.671062533703404,-10.725253046056853,-9.610711306984443,-18.831730612843316,-3.150874073685853,-3.960312642089586,11.573540094617126,-1.0524619936361799,-1.8516807557285402,-3.0536481931521617,"Raleigh, Cal"
663728,R,2024,171,-6.989602427626721,-3.39835144039887,-1.5489111109919897,23.460073313454227,-20.458680199414896,-2.6738458278372907,-11.60931769281554,-3.8630435760927067,-2.0129177505463964,-1.0995153243600113,5.980221157274197,-2.0240229728569425,-0.5262332888721087,"Raleigh, Cal"
663728,R,2025,204,-6.488110699328753,-5.821773467726112,10.670804888545732,34.83637476397969,29.898815738675268,-9.978995557415754,53.11711566673007,-3.865590690420684,-3.6918322532819294,7.947836605359841,10.097163627406644,3.4626802985908385,-2.257218906711499,"Raleigh, Cal"
663728,R,2026,186,-7.284536666623572,-8.729962978381064,3.8321798043557704,9.582122720296818,-9.375630735468455,-3.6303053246435106,-15.606133180464017,-4.176719436171647,-5.346733679052471,2.7854996600285125,2.598737107227977,-1.0002360160336727,-0.7639559881290867,"Raleigh, Cal"
663743,R,2024,335,-2.9209538460472455,9.14539798656161,-24.26171599988671,-14.553339210523479,5.398537630462716,1.7674424769742547,-25.424630962458856,-2.0670078172935975,6.7677185275763145,-20.07371507818058,-5.839999686393316,0.9556419095305507,0.5732512046890953,"Fortes, Nick"
663743,R,2025,243,-7.708661915012228,8.07930568796385,-8.571270023644697,-12.322444396397126,17.209370079420054,-4.753182902100024,-8.066883469770168,-4.911404058498213,5.443032229341799,-6.656681934814987,-4.031044016311335,2.3226767644236475,-1.227613840594821,"Fortes, Nick"
663743,R,2026,313,-9.423518817748336,5.893867036952824,-9.965958886735672,-16.33848889578883,12.144502605688471,7.387851203060492,-10.301745754571051,-6.534265824449392,4.28326988379169,-8.146814022287547,-6.291584081350405,2.0322475665956743,2.2875348832997315,"Fortes, Nick"
663757,L,2024,208,11.759745979354605,-7.053644257426451,0.25579071818147975,-6.204898897219452,-1.1516630085514379,4.022661940406265,1.6279924747450059,7.0612986929481725,-4.504707400768785,0.1914577670046568,-1.823362854736339,-0.13568501758295842,0.9236588905290851,"Grisham, Trent"
663757,L,2025,582,5.49640601069834,-1.7027798497475564,4.824288634524768,14.175288605688626,-6.606182988858849,7.9846434191202915,24.17166383142562,4.440467120645748,-1.4163581452939384,4.307060853654561,7.626029954032683,-1.7970917836829952,3.6308899885564783,"Grisham, Trent"
663757,L,2026,485,14.042688755784418,1.9075309817448787,3.9959119153581626,-6.091331433251853,-12.821792604036716,2.998397829500414,4.031405445099304,10.925111354083997,1.5350275619295022,3.4926063621240684,-2.999822730819327,-3.044653065037154,1.2294035173893607,"Grisham, Trent"
663837,R,2024,565,4.001099238753078,2.4549373905347807,-8.813040011013808,2.1684143880443467,4.19890658878898,0.6808955640807821,4.691213159188161,3.2138528872839904,2.0317137674718766,-7.842864945289609,1.150570208824306,1.1177533993791773,0.3046286537875869,"Vierling, Matt"
663837,R,2026,292,-7.5070965954741755,7.661904893752354,-0.5961031668413308,-7.738776719934359,-21.555688824770023,-1.5378342481159941,-31.27359466138353,-5.093115801456451,5.460841521922526,-0.48097887520317406,-2.8538215519897445,-3.4033043793838624,-0.45364359727425796,"Vierling, Matt"
663853,R,2024,216,-7.253317092644609,-2.2943412657403943,4.581972492850846,10.901228767022511,-2.4120440701436103,-11.064373066183526,-7.540874234838782,-4.420769437918502,-1.4851244222945057,3.461825063054662,3.289449992475741,-0.2937775553121055,-2.615150915640339,"Gonzalez, Romy"
663853,R,2025,340,-5.3675403285008825,-2.359307674923112,6.0996913374528665,13.278917754152374,9.782655105710607,-1.1954839095843828,20.23893228430747,-3.814731047542819,-1.7526205197786304,5.0596206446729495,5.375930004162081,1.752927618987421,-0.39163386183141,"Gonzalez, Romy"
663886,R,2024,514,3.597353929186803,-3.4289814442041644,1.6687165658850176,-2.0169665988805385,17.271400822960857,5.448020290577993,22.53954356552597,2.834216140741854,-2.790109335820616,1.468972305345465,-1.0225851855139552,4.285633263540521,2.310714367286302,"Stephenson, Tyler"
663886,R,2025,339,3.9686301423517905,-10.72515838613413,-0.8801818090540849,10.149276202150572,4.545440539008348,-0.43503857067600443,6.62296811764649,2.818115403414845,-7.961185066583392,-0.7297331855422933,4.101703008083321,0.8125179166813262,-0.14223408871229942,"Stephenson, Tyler"
663886,R,2026,459,10.285442580209816,-6.463303809765932,7.1088776527482676,0.714577472014028,-6.2748011110388395,-3.44595207284016,1.9248407113271808,7.902620767565301,-5.1442434896856595,6.169460806292548,0.342076596710614,-1.4283147998839447,-1.3672182450266155,"Stephenson, Tyler"
663898,R,2024,538,0.27557604887923887,0.4965412264864028,-12.066545708432834,6.261918463218306,8.105936551032869,-1.3429039147954327,1.730522666388553,0.21919000943461883,0.4074141505600152,-10.679212526248122,3.246132240869308,2.081167159537593,-0.584594708863811,"Rodgers, Brendan"
663968,L,2025,290,-7.146782944730511,12.906771583183417,-24.50922796521674,5.572602034711757,21.798577174978455,-7.739447686361624,0.8824921965647541,-4.837935683447859,9.180807229567328,-19.749501808978103,2.0460960076818977,3.4217799781262275,-2.2720021560154624,"Mangum, Jake"
663968,L,2026,332,-14.702734924983751,11.94272759291506,-14.08841946820144,7.306200035972555,10.152749137020562,1.6061397410085394,2.2166621137315192,-10.376951203843571,8.81706665513355,-11.638355818066444,2.916073641880419,1.783959515827134,0.5177731793395579,"Mangum, Jake"
663993,L,2024,567,7.306071719858975,-0.3234130285709387,11.312021702267073,-11.094712804470927,4.156426949241137,-2.7076703641084663,8.648724174216854,5.872622966035089,-0.26782048360316585,10.070659103532433,-5.896666605233587,1.109316580423403,-1.2137616257083426,"Lowe, Nathaniel"
663993,L,2025,608,-0.010067991301913676,0.21340681622788293,7.185595063386699,-9.229419887604958,2.1923339872858247,-8.251711296363927,-7.899863308370394,-0.008201160901936018,0.17879611998831774,6.444751645269831,-5.065326370922272,0.6155466409393858,-3.841917986525435,"Lowe, Nathaniel"
663993,L,2026,416,2.619622673839745,0.7245972455726797,20.88766003074372,-7.1366927894370615,5.820070624648439,-2.5320743475630674,20.38318343780446,1.9656654011372412,0.5648034721964144,17.88314496257829,-3.241742967524476,1.22685764689562,-0.945661659462149,"Lowe, Nathaniel"
664023,L,2024,497,10.356236754240397,-4.64436306109669,8.94618291285947,12.551127440405166,-14.277383243407206,-2.3568682887311505,10.574932514269987,8.100499460084466,-3.7551154120273873,7.843217954249524,6.257788570458055,-3.453887573086116,-0.9803282435827649,"Happ, Ian"
664023,L,2025,477,11.883537729250271,-1.187934318565263,-1.946327598078219,8.947779756731101,-5.144801380089662,6.434495503684538,18.986749692932765,9.211011116638172,-0.9528333599541134,-1.6975915920433733,4.369357617151512,-1.2062538877349638,2.612423278071224,"Happ, Ian"
664023,L,2026,469,14.810101589194483,-10.56589814940395,6.715444922483262,4.222956063609037,11.62962047621648,-7.475185938430259,19.337038963669052,11.435542478568317,-8.446315787322137,5.84448665038523,2.0443006530954584,2.691542501843554,-3.004504438431918,"Happ, Ian"
664023,R,2024,162,2.155704452042641,-8.424144017588787,-3.2376880981582583,1.8496786516614894,4.499259645834143,-5.565885506805248,-8.723074873014019,1.1625340374969615,-4.879294318214017,-2.261858105758068,0.4527611487585734,0.4239015905633729,-1.0486175926648131,"Happ, Ian"
664023,R,2025,184,10.504235096161024,-2.679217229659422,1.9343858199696655,10.783712482337029,-25.08072045803432,1.984878841055615,-2.5527254481704063,5.994990536421978,-1.6340242272972658,1.401886683848547,2.9016307088106608,-2.6499969026616936,0.41414068151397276,"Happ, Ian"
664034,R,2024,536,3.3611757572009777,2.013872671365086,8.855215419152522,-24.28210665562972,-2.958706402379907,6.587892417463158,-6.422656792827881,2.671400862858246,1.6512849740087392,7.833739451800149,-12.565084596639954,-0.7575352708545826,2.861820159354586,"France, Ty"
664034,R,2025,491,-4.958940102545555,9.084866341823966,2.697269170625343,-6.462596355970702,-11.216041744023206,5.3604493086231155,-5.494993381467041,-3.8685148758545806,7.328257533880409,2.3611685476740236,-3.2025229505488833,-2.688403824423089,2.2138530504474367,"France, Ty"
664034,R,2026,480,-1.7503035257836181,0.7753541635062671,9.344593619849725,-6.924664348337617,25.064902339634283,3.5344026153506958,30.04428486421974,-1.358581795155455,0.6226760600938912,8.156892128851265,-3.3922834941681046,5.904988430466205,1.4403245856380675,"France, Ty"
664040,L,2024,423,5.74230592030085,-6.013951768524331,12.025802075034067,7.3017545459022655,-3.17923687987937,-0.9855963258156103,14.89107756701787,4.326682422077539,-4.704878698968181,10.320557722663096,3.3469481101234635,-0.6790442773827922,-0.3719501166613179,"Lowe, Brandon"
664040,L,2025,553,2.4036481357325266,-7.784212081798487,20.07285100712211,-2.163540070092131,0.4027101879286233,-0.7384467285016747,12.193010450390965,1.9225039689884602,-6.418227491370834,17.820580565449653,-1.1364086434630074,0.10552162732533675,-0.32646195322051547,"Lowe, Brandon"
664040,L,2026,638,-0.6343430167119093,-6.371244206529265,20.30056814236981,-2.6326334987161353,11.293062725156894,-1.8894379159825405,20.065972229586855,-0.5212665372466332,-5.378965050132983,18.296255949694448,-1.476169422407569,3.2817667791249834,-0.902380140592499,"Lowe, Brandon"
664056,R,2024,435,-13.01276042035004,1.745259137614648,-13.897498234518295,7.124661298427974,-4.025542292864965,9.335933430057267,-12.729947081633412,-9.871922139177496,1.3736120996784635,-11.973686970447359,3.315308033383322,-0.8788706219527311,3.584820572677956,"Bader, Harrison"
664056,R,2025,503,-9.903263131699365,-3.816269850756054,2.179891837692545,-2.2289933333603837,23.052226945945044,1.2739203138269206,10.557512781648702,-7.7663684566932085,-3.0926390077324544,1.9139501303177888,-1.1180269631512771,5.627526669876803,0.5335986480889647,"Bader, Harrison"
664238,R,2024,440,15.566360327104414,-7.442882417503574,-3.7321703844193457,-7.564167780482109,6.219101422323017,-3.452246913342729,-0.40600574632032876,11.841649006927545,-5.87215547201307,-3.2205974206076315,-3.541339444272371,1.36994499715532,-1.3349419263918678,"Moore, Dylan"
664238,R,2025,243,7.118351313942775,-13.650354165791429,-6.507187303227819,-0.8277623433507245,6.267167944561404,-10.801752852322146,-18.401537406187938,4.535300668074399,-9.196250338320569,-5.0536590316676335,-0.27078608218896855,0.8458534679884129,-2.7897898265889634,"Moore, Dylan"
664702,R,2025,299,-1.644502933525474,9.156673859210416,-13.858398929477218,1.0530383877264555,5.859997472164425,-4.542109425368483,-3.9753015692698805,-1.1241596806749232,6.570391725913764,-11.232739866313482,0.3941527772499907,0.9438087417863473,-1.3623566579220732,"Straw, Myles"
664702,R,2026,318,5.3669412323307855,6.570949325086893,-15.569422332663606,-5.762750239902719,-3.1989601675925896,3.4612565530473005,-9.131985629693933,3.739462887556409,4.795934608907038,-12.764078134380158,-2.2407704202297114,-0.5424117781129857,1.0834860624923348,"Straw, Myles"
664728,L,2024,426,-5.417511414393306,4.7251360616361024,-13.440842354685966,-4.632324701884217,7.28038810704353,1.6444592785024308,-9.840695023781427,-4.089056953247101,3.7022782217143337,-11.546477100144418,-2.13147586777541,1.5636573709296495,0.6233287297124042,"Isbel, Kyle"
664728,L,2025,407,-4.381070560686606,6.335012063331407,-18.13572762247698,-13.141144261435727,13.526938246035208,2.883568650291912,-12.912423484940785,-3.2693414409546997,4.914003037654408,-15.477823552352158,-5.89800116613216,2.802538887821106,1.062218917679218,"Isbel, Kyle"
664728,L,2026,313,-12.840727258128744,3.5749454100101974,-17.941604663442767,1.006530236182166,-0.914394112154229,-5.001715385866371,-32.11696577339974,-8.90375738687331,2.5980321433943776,-14.666618447424865,0.3875921238342791,-0.15301369431667217,-1.548704502435905,"Isbel, Kyle"
664761,R,2024,605,0.1857749432548064,7.236683177515176,-7.607026072751747,10.38176501908705,-1.1231231088570104,3.556148585092832,12.630222543341107,0.15118910976342764,6.058153045141258,-6.819246305572438,5.68504215390401,-0.31422120646602686,1.651332850876703,"Bohm, Alec"
664761,R,2025,504,3.3695834351929945,8.267028546294947,-8.750742288631962,2.7394533641821726,1.2470635959878567,2.3591525609576145,9.231539213983625,2.643637236974144,6.701978239636555,-7.685032419736663,1.375425636331912,0.3048913501978637,0.9893034781218393,"Bohm, Alec"
664761,R,2026,611,2.6197135149892525,5.8153137281472675,-9.69907626277214,2.4951476962920585,-6.798165699878686,6.365303436339972,0.7982364131177261,2.135904704224123,4.876058679506091,-8.703495864925038,1.372437045996687,-1.9155009656659359,2.9714213372841556,"Bohm, Alec"
664770,L,2025,438,-7.653561899987399,13.621859280895295,-22.398926868004985,11.999081245677909,8.225226404224763,3.651212746125839,7.444890908931418,-5.8158668171322825,10.736790383367074,-19.316589568536426,5.6040373422397485,1.8054266624147994,1.407936652256182,"Lukes, Nathan"
664770,L,2026,433,-6.484453274749271,12.330835545186272,-17.866825879466045,3.4683375965733827,4.844430987220731,-0.27279568724693026,-3.980470712481859,-4.913848324903931,9.695489409952849,-15.38370989742122,1.609940437586854,1.053848360967749,-0.10445114626496298,"Lukes, Nathan"
664774,L,2024,396,12.12277420533314,-2.657885162802119,0.5714201658715593,5.455135984603902,-9.966936449810778,7.702027172016348,13.226535915212054,8.98320941874768,-2.048927358665315,0.48569769569548565,2.4114504602722002,-2.0204740577754587,2.788271338624755,"Wade Jr., LaMonte"
664774,L,2025,241,9.679921453071657,-0.5057203311616698,-2.4064498749492764,-19.08730715855392,-20.374903922480414,0.7226394411712604,-31.971820392902362,6.1488321230525775,-0.3397839426425092,-1.8654565414690247,-6.209362134911552,-2.7303155042730487,0.18549569740527025,"Wade Jr., LaMonte"
664913,L,2024,402,-2.9713978533854606,-4.4613130728356944,4.64141291205876,0.40504372336108374,-4.183815362247971,-7.516973210669534,-14.087042863718818,-2.210407171494839,-3.450966243174843,3.9539774187019052,0.18055371964175226,-0.8583473774042197,-2.7474399582688003,"Brown, Seth"
664954,L,2026,231,0.44735906183531327,6.537340089936048,-21.030318761715275,1.2573155132512635,4.192196804190273,-1.5972485153837979,-10.193355807886178,0.27975151289009775,4.330799492376767,-16.14537147235644,0.39741456983769524,0.5414712758096167,-0.3972191169952049,"Sullivan, Brett"
664983,L,2024,494,-3.3994102877076995,8.734602237590106,-17.121766030343444,2.712236292145282,6.053219510723451,8.750614122850864,5.729495845258559,-2.6554573103158168,7.0540018938886275,-14.999612027493267,1.3481717904891886,1.4576430990161855,3.6269123908359155,"McCarthy, Jake"
664983,L,2025,223,-4.157280239395368,6.278095425704255,-11.775229428532397,-1.532489509377752,-12.432100837333147,4.0908941464911095,-19.528110442443303,-2.565234999032018,4.109299275888104,-8.965357285999154,-0.47279202783643715,-1.5571060146092104,0.9906617404772365,"McCarthy, Jake"
664983,L,2026,574,-3.4116882604593406,3.7749641093894075,-0.6970867481996618,1.3594372709050941,8.537563802083504,5.245133451294708,14.80832362501371,-2.7488934181946405,3.132639756662506,-0.6214212295059288,0.7266715956000023,2.299161702490341,2.3671520399260317,"McCarthy, Jake"
665019,L,2025,386,-2.5199372315718405,-3.2044261432716743,0.4442561306064667,13.174606558098738,-10.321174848727686,-2.898129280144364,-5.324804815010361,-1.8548770638534304,-2.455672475501693,0.3761484896741321,5.740871029361983,-2.049942902439304,-1.0321156947589256,"Clemens, Kody"
665019,L,2026,568,-7.335999423862302,1.0946165117396796,1.3689633136072754,10.532044102434389,2.3132750602843117,3.959847633572558,11.93274719777591,-5.898716410824316,0.9067336299268534,1.2189710449396531,5.602237990548258,0.6181922078437996,1.7767983724307839,"Clemens, Kody"
665052,L,2026,305,-1.759553617071696,-15.16108616767206,12.67795040537682,20.131232038258638,-4.403190800432509,7.025128618953086,18.510480477412276,-1.2103405553098856,-10.939655705638152,10.314386354779801,7.629034464464412,-0.7210765324708571,2.136535138406745,"Conine, Griffin"
665161,R,2024,649,-5.670135280780637,5.4994450574204095,-7.715998665735569,-2.244327431903202,-0.004542432528759505,6.80549777174912,-3.330060981778638,-4.673510584137031,4.655231353898419,-6.965840799139535,-1.2678784667090648,-0.001336096860275958,3.279286270007208,"Peña, Jeremy"
665161,R,2025,541,-2.956231968587743,0.23102477556768589,-10.92438595628142,11.99759537557367,8.817098875461738,11.441183402144452,18.60628450387838,-2.3540237411847635,0.18974565785940758,-9.674539005853486,6.236119249898288,2.27312408295946,4.996235833907225,"Peña, Jeremy"
665161,R,2026,462,-5.743758613693191,-5.091630506815396,-5.964592672653044,18.564380523509673,8.121316126896058,3.150965904491682,13.036680761735779,-4.419754622501561,-4.057885095655646,-5.180835313342413,8.91717069200978,1.857950042193802,1.2550957197247115,"Peña, Jeremy"
665487,R,2024,438,0.5823912390456303,-3.0451404454456386,12.85804954271645,14.562708583222538,-17.416690489281482,15.959493387322501,23.500811817579994,0.4425534053313938,-2.400188841806475,11.08864130555033,6.801350956260127,-3.8229412583979485,6.154107485326217,"Tatis Jr., Fernando"
665487,R,2025,685,10.9355890582901,-2.928347763760984,4.505400118552734,6.614904855472989,-7.03491443907099,5.780404674650978,17.873036504134824,9.09750685147195,-2.4989811822720283,4.0882688933925735,3.8243755718876606,-2.1489459543754474,2.863306679819955,"Tatis Jr., Fernando"
665487,R,2026,681,6.119129108811196,-0.7918421822137321,17.264881486672337,5.248385031454715,-13.128975328184442,8.64037670267976,23.351954819219834,5.085589151847103,-0.6751575087668348,15.657902182111359,3.0268286361366963,-3.9941963855711355,4.267336339212271,"Tatis Jr., Fernando"
665489,R,2024,683,0.8383744757874727,6.025796315750586,3.7759911186455546,29.86039591624723,-4.148998530484024,6.622938973282084,42.9744982692289,0.6971152042343122,5.140061985874364,3.425463340236893,17.242345474629513,-1.264816719100009,3.2758127549118083,"Guerrero Jr., Vladimir"
665489,R,2025,672,5.957099920943568,3.0609222375327647,-3.253781396854243,16.756797932406247,-2.027389836289223,9.73571499846386,30.229363856202976,4.93975300635482,2.6047287728290716,-2.947252199843613,9.609440990406421,-0.6110935007805166,4.7759325051322685,"Guerrero Jr., Vladimir"
665489,R,2026,592,2.268731112796379,4.891007526183622,-2.5197881113922413,-3.5601325608176855,-15.563549447485949,6.404303895199669,-8.079427585516207,1.8388425033561204,4.0798918900772865,-2.2537149340407256,-1.9303473402700373,-4.2864901573297,2.9393285451600177,"Guerrero Jr., Vladimir"
665506,R,2024,181,3.803996653609577,-16.686625619925046,-3.4486649637499824,-8.99800489564677,0.9902949981411462,-2.5304934939853037,-26.869497321556377,2.1556839097292793,-10.11160291774337,-2.4879622273547173,-2.3921604152540406,0.10310494591441939,-0.5211464687260118,"Pache, Cristian"
665742,L,2024,710,15.499733804456296,0.7285121128286761,21.383454181343474,25.392168260947106,-19.931625314131995,10.82167950154326,53.893922546986815,12.971267462553296,0.6249209801852569,19.46713634464549,14.901711150136146,-6.24111559987796,5.457463764473399,"Soto, Juan"
665742,L,2025,703,15.572810553348559,0.17249368947531032,13.201354156495588,23.36036078148246,-9.944206883426961,4.768091921076676,47.13090421845163,13.011288532283869,0.14775665907885163,12.007575472097416,13.65315395857829,-3.0926405799077705,2.392778571648156,"Soto, Juan"
665742,L,2026,447,16.882624030748346,1.474751828929526,6.5522380546009815,16.78234783548967,-8.42190554991563,7.343184818443299,40.613241018296186,12.891262691936285,1.1673819669092649,5.6662779403305255,7.923028893300935,-1.8781116143015582,2.8670568054756593,"Soto, Juan"
665750,L,2024,427,-0.607013165937302,3.0352254622560615,-7.545826016654896,3.6019931847793862,-1.90420825664551,-5.370795171451805,-8.790623963654067,-0.4584277627455355,2.3793915556279073,-6.4844503759273495,1.659486609125686,-0.4097329413722692,-2.0387530800152467,"Taveras, Leody"
665750,L,2026,315,4.546061678389134,0.4504652299675046,13.428064844614662,-22.838760583829462,8.784175916715887,-7.012052889326218,-2.642045803468495,3.1583864734373406,0.3279370963626252,10.98969809248273,-8.829163741555288,1.477746692128098,-2.180733443403527,"Taveras, Leody"
665750,R,2026,158,-11.074132755942273,0.11346725038498745,-2.9064546067990435,-12.884297027698157,-8.069265158173012,-5.553347361070614,-40.37402965929811,-5.903234074157085,0.06502788996243117,-2.0150817534107084,-3.0946281365092894,-0.7432099796843235,-1.0251909869824096,"Taveras, Leody"
665804,R,2024,364,-0.7736836353322676,2.9527976495478407,4.431694427660851,-18.02263515884162,-1.2902031834402792,-0.679447334977597,-13.381477235383075,-0.5605521007407593,2.23132826299091,3.717835208866787,-7.594421364352066,-0.2444156928519571,-0.2329090485681078,"Amaya, Miguel"
665804,R,2026,243,-0.6281325114367332,-4.0384093774683,-3.596429272604632,-9.281704644777331,17.351088443577208,1.3820473368291315,1.1884599741193416,-0.40020078710899765,-2.720678390666986,-2.7930850040595394,-3.036326135132595,2.3418038998156385,0.3569440675844944,"Amaya, Miguel"
665828,L,2024,258,-1.677557667614069,6.639018199681888,-16.147772479349683,9.094894724728611,7.654584140768888,-2.69671615859019,2.8664507596254416,-1.0918539727008454,4.559202010094917,-12.705807886057459,3.0963450205244776,1.087816443744071,-0.7278748271812626,"Cabrera, Oswaldo"
665833,L,2024,592,-7.0052845698742345,-6.084774065147799,14.708214450455555,11.039922297451513,-4.157011389454692,-0.6296199942790182,7.871446729151321,-5.677894106768781,-5.075686395583987,13.155123008239842,5.9859806565120595,-1.1449180320292156,-0.28897129993705684,"Cruz, Oneil"
665833,L,2025,541,-9.74746529453449,-3.5977361945311355,11.796405635382737,7.0288786609410465,-13.461893204644245,-5.264123234710723,-13.245933632096804,-7.761828220357964,-2.954898752129323,10.446791875085617,3.6534758966729926,-3.4705920936043295,-2.298783282718438,"Cruz, Oneil"
665833,L,2026,408,-10.281845566446082,-7.241510536292921,11.134265522366327,26.816042787446268,9.398498235602402,-3.8357755159593814,25.98967492671661,-7.677526134054173,-5.6202543902638,9.505883994965536,12.051842857596451,1.9509913248739366,-1.415173792827456,"Cruz, Oneil"
665839,L,2024,224,-6.3423973377675456,4.869616635464812,-11.193596720966521,10.385864999717516,-11.9131452585667,-6.127284342273551,-20.320942024391993,-3.920255864493431,3.192308987324608,-8.531605741173307,3.214090104185614,-1.49795716968514,-1.48883640836435,"Valdez, Enmanuel"
665862,L,2024,616,-4.089680479565844,-4.180841589193132,1.9608585260323537,-0.6830382056997538,12.541050515225496,8.82461211441687,14.372960881215992,-3.339403957612062,-3.510178617168523,1.7610496783243734,-0.37707716035418276,3.554379619377216,4.137370072975775,"Chisholm Jr., Jazz"
665862,L,2025,529,1.343992517996416,-7.4043027315989045,14.608291474832091,6.69016717345754,5.6072346245045495,-2.340012371208529,18.50537068798316,1.065287763461315,-6.056765147023649,12.903484711679384,3.4399473151631264,1.4216582345378892,-1.0089641529625917,"Chisholm Jr., Jazz"
665862,L,2026,522,-2.0818689094352076,-8.912399437290585,12.873113610550213,-9.331957022359319,4.289666768211253,-2.3251883086787117,-5.488633299002356,-1.6455740958884715,-7.272648401251427,11.353037328069043,-4.76724389818285,1.0768230886100867,-0.9949827317738915,"Chisholm Jr., Jazz"
665877,R,2026,359,9.032104734927236,12.367494728681343,-18.5693031550478,-5.141306204721802,4.621164784916706,-3.3590930543764443,-1.0489381656207613,6.518962180361546,9.313997694365371,-15.543281194970223,-2.1491366428586125,0.8656594788085654,-1.1410257490836182,"Fermín, José"
665923,R,2026,242,-4.430482538263481,-7.576359587038815,-1.4211453123085167,-5.623611334797134,19.54309232395715,1.9484648924174768,2.4399584439666797,-2.818557965333574,-5.0973242409302095,-1.1026823803565717,-1.8345523573535807,2.628254750666753,0.5016961423887806,"Ruiz, Esteury"
665926,L,2024,633,-4.267774619079823,8.834268163503257,-15.218587198117108,1.6730770307014122,-8.045716375904266,6.878440606447809,-10.146292392448721,-3.5020801899424407,7.449225271225643,-13.705339857255408,0.9348833382157963,-2.3250587337123525,3.2715871110892194,"Giménez, Andrés"
665926,L,2025,370,-5.152215011827672,6.698836779780244,-7.480238452222754,-3.3163817390499846,-13.124599702242614,6.642898591441255,-15.731699534121525,-3.7496520732665912,5.082218645544611,-6.291753251415625,-1.4107015115399357,-2.519436142720882,2.301661679831696,"Giménez, Andrés"
665926,L,2026,495,-8.239879495346347,5.844258826344939,-13.222234675199926,-2.888636686463982,1.8781647948956406,2.0231937047987727,-14.605133530970901,-6.439448158168655,4.7216166592176805,-11.586308474288792,-1.4373155078621882,0.4529654467612776,0.8395566747213349,"Giménez, Andrés"
665953,R,2026,217,3.3170386966578436,-4.357792180661098,6.43322448479596,4.024985830756993,19.065056674732226,2.184205385836492,30.666718892118425,2.025321665395693,-2.8253860341303336,4.865986399301798,1.218461722821377,2.3314850788938153,0.5180771468203805,"Chaparro, Andrés"
665966,R,2025,446,-0.1312733723779752,-3.1756033652623388,0.9998580597189748,-7.073090810644162,10.679082806647916,-2.134866375196691,-0.835893057114278,-0.10018483776430116,-2.5125654669461825,0.864400304971696,-3.335293209831743,2.3773276419073706,-0.8323948357480132,"Narváez, Carlos"
665966,R,2026,277,-1.2079511135548677,-13.165541891889207,4.652245511370416,-9.621564974096636,-11.058790564334352,-5.13702942650633,-35.53863245901098,-0.8054964447277891,-9.239692885160727,3.714914693080326,-3.4308613206659295,-1.6698603099460005,-1.4596397883415286,"Narváez, Carlos"
666018,L,2025,417,0.7285129631094444,-0.3753564150615945,4.7615098243429905,30.90386255667194,-2.7013691702811586,-3.350798889898091,29.96636086888353,0.5469759180401828,-0.29273473414956047,4.078013175390189,14.056044059610214,-0.5705222294811441,-1.253316314320265,"Aranda, Jonathan"
666018,L,2026,647,0.9305506302849118,2.5392235228107567,2.7977305146575207,14.799297233597919,-1.2757187583922445,-3.9391610447883543,15.85192209817051,0.7665737019720869,2.148410664766166,2.524973253181345,8.349275891225458,-0.3744189492137611,-1.8950825350566438,"Aranda, Jonathan"
666023,R,2024,368,-1.0551380507536865,5.141226599476849,-4.714445978553768,-17.10225840175504,11.739365220443952,-1.8070330517076394,-7.798283662849337,-0.7667684253490389,3.8953946378405435,-3.9619779448435484,-7.252202224734404,2.243669434782344,-0.6238931300991678,"Fermin, Freddy"
666023,R,2025,347,0.4018397978663867,6.018421663254476,-6.474692134518266,-15.093734030448337,4.985653768478593,-5.515252176890321,-15.67776311225747,0.2872655182747884,4.494119760744974,-5.3892167149746095,-6.1849087460042105,0.9084074450257928,-1.8316105124733566,"Fermin, Freddy"
666023,R,2026,259,0.5673526337543658,0.19036036665337935,-3.4092371137640187,-21.321365477675894,-3.109790592347446,4.445655102549878,-22.63702508082973,0.3697651816131574,0.1308841704275348,-2.6847536234075298,-7.2773630306986234,-0.44341059587977766,1.2033256650460402,"Fermin, Freddy"
666126,L,2026,368,1.2835255529778997,3.096669892182775,-15.20687887742771,-1.581890165102718,2.9699489801387062,4.687995018603686,-4.750629598627359,0.9327375374711648,2.346278861623896,-12.779724064365725,-0.6707995578798017,0.5676272630138184,1.618569114318096,"Cortes, Carlos"
666134,L,2024,295,-1.963526166769611,-1.2828104014106776,-0.5871021369022587,2.033557832851405,-0.2831506439361211,-4.582165599928345,-6.66519711609561,-1.3365055098921599,-0.9169716429614545,-0.47464841393302576,0.7547582639132282,-0.04509119108867831,-1.361447736561664,"Jones, Nolan"
666134,L,2025,405,-2.2170678200055467,-2.7899487319360037,6.865951400408348,-4.687929589493328,-16.167035009094636,-2.022835593512107,-21.018865343633276,-1.6523997714053384,-2.1617396729893272,5.855465568941903,-2.0983226086260856,-3.3364568352016635,-0.7428340392581964,"Jones, Nolan"
666135,L,2024,178,2.491478277712271,-6.647759370713783,9.950908029627579,-1.8718530413396692,-16.782839201064593,1.1755374105487195,-11.684527895229477,1.4016575982114692,-4.001770544269598,7.145312573039716,-0.4915584517226003,-1.721360648036029,0.23890071392363357,"Kirilloff, Alex"
666139,L,2024,384,-9.729148156773556,-2.637247676166884,13.170338442659007,1.3717082347860354,7.066977890896508,-9.422128666340134,-0.1794999309390252,-7.151607353494685,-2.01856567173912,11.142334528375986,0.5959741929551307,1.3977755577052975,-3.3443036008491918,"Lowe, Josh"
666139,L,2025,433,-12.010149740814677,5.506245153005481,1.9701375293008885,0.19296267838195374,-9.459393829390656,-3.525388420484067,-17.32558663000108,-9.101161144233785,4.329450455643263,1.6963295222806989,0.08956983287298662,-2.057778655356777,-1.349841213638658,"Lowe, Josh"
666139,L,2026,325,-3.5020354986176274,-2.5865245139999313,15.729750073015914,-8.180216581511896,-11.257781303896286,-11.490937403452167,-21.28774522846199,-2.4561153835234433,-1.8988730234264937,12.945758268869213,-3.223199360973753,-1.9436200622128244,-3.6510596478093857,"Lowe, Josh"
666149,R,2024,341,1.945713440783995,-12.54572706197862,1.0701620634499978,4.117972666448273,34.55417632365574,-6.156315047872112,22.985982384487265,1.3839999941295404,-9.326673408191645,0.8881306646675252,1.6700636664551882,6.2066095612521215,-2.0207591391996593,"Fitzgerald, Tyler"
666149,R,2025,243,0.9003831462119259,-7.281490780854839,-6.484047394170434,-14.323285840060079,8.782108572517508,-8.723170844524766,-27.12950314088068,0.5736592792968049,-4.905543932678763,-5.035687947549337,-4.685579729324858,1.18528449501038,-2.2529503878086756,"Fitzgerald, Tyler"
666150,L,2024,240,-9.767117441740167,3.057458700789676,-23.69285114273018,2.1191511025751413,-14.332788321922434,-0.026256478606560264,-42.642403581634525,-6.194804616693376,2.051444120610951,-18.349279901692476,0.6874562716043581,-1.9137433774993942,-0.0067190160283269905,"Fletcher, Dominic"
666152,L,2024,319,3.35216114289138,-2.8862027587372774,-17.083107749296424,8.053855435865328,14.182574167290365,-5.909983212026239,-0.290702974012864,2.3378697507690775,-2.1083363223929776,-14.012938294327016,3.1376481844329067,2.4110565669376585,-1.8540098974466972,"Hamilton, David"
666152,L,2025,195,-0.7780094260763721,-2.489518180829176,-12.643634969951659,-9.90178265192707,-3.9228572790146603,-0.8584769762636437,-30.594279484062582,-0.45504580106592346,-1.5524935349464124,-9.307620780298867,-2.7789039665195916,-0.436505819368937,-0.18748894357748244,"Hamilton, David"
666152,L,2026,370,-1.0461764554437887,2.0008909271696007,-5.018018393189268,-10.182512537927677,0.9495264861843622,-7.191024866450462,-20.48731483965723,-0.7613808247816004,1.518019547581212,-4.220738916635782,-4.3313728511373935,0.18227385231070112,-2.491578961501935,"Hamilton, David"
666158,L,2024,489,5.719000877255784,1.7012974002238075,5.024703776603171,-4.472316520128539,-2.047288873848569,-7.681587612845307,-1.7561909527396546,4.457436500756219,1.3712577850200183,4.396346213394385,-2.2116817694115443,-0.4891990547941563,-3.16487942168532,"Lux, Gavin"
666158,L,2025,505,11.785736533489175,3.707743886898752,-2.4805589899074634,-11.005209133010682,11.479640043610884,-11.014246843531764,2.4731054975488984,9.250552892877122,3.006949543585752,-2.1789893914144844,-5.530952387862255,2.810832662943363,-4.6241078764153025,"Lux, Gavin"
666160,L,2024,418,-7.532557257705158,-4.072501325424739,6.760617703262942,-5.110458599637544,7.646615767342367,-4.192977951823874,-6.501261663986005,-5.6589042162318055,-3.1777549510011784,5.792145803966531,-2.327432051165751,1.6179989129212502,-1.570672942994205,"Moniak, Mickey"
666160,L,2025,460,-7.872790470811624,-3.4791221353077035,12.009032279404261,10.259339683767799,2.9585873356109254,-1.552383290787978,12.322663401875682,-6.051954147559595,-2.7703162137014075,10.425069578678924,4.916837880124896,0.6745873450808083,-0.6167334087984911,"Moniak, Mickey"
666160,L,2026,429,-13.876189782637857,-5.2580239275706155,21.81163895891028,-22.094051278443615,31.733805115910183,-0.263626445497944,12.053552640670425,-10.491532211351263,-4.126056963630478,18.755971483176957,-10.204682156753421,6.853312400275848,-0.100362841344223,"Moniak, Mickey"
666163,L,2024,328,-0.3337018435217031,-2.2384701875707997,-9.635518673740574,-9.290012863045181,8.754276778686378,-3.850489037449206,-16.593915826641087,-0.2346793041684812,-1.6473579430493945,-7.942996562879276,-3.68088660814641,1.5229223261276477,-1.2311131018577715,"Rortvedt, Ben"
666176,R,2024,450,-4.8767177437904845,-6.1811082731559015,14.123133376739569,-3.326479259956079,-5.890833579546632,-4.165918728147859,-10.317924207857388,-3.7296507909420726,-4.899640878410783,12.224495081002068,-1.575993602446553,-1.3205147863614748,-1.6331688619757703,"Adell, Jo"
666176,R,2025,573,-4.6234755206077995,-1.0494103230173655,28.739243364822762,5.56025111896995,-9.32619604700571,-4.374708109505733,14.925704483656098,-3.724001980081892,-0.8705906823710602,25.614880083727527,2.9697560366858884,-2.5083412908592533,-1.9724364410326405,"Adell, Jo"
666176,R,2026,638,-7.229800589646105,0.10508621606413705,26.785458014130175,-11.999930556938802,-13.570588784425844,-3.5071475372768046,-9.416923238093242,-5.941033508783859,0.08871973277691066,24.140880793058965,-6.728597264984244,-3.9436164067950927,-1.6749850635450698,"Adell, Jo"
666181,L,2024,388,9.678821212106193,-25.792425890694584,-2.9638138468134705,5.289658742999262,9.94177586552038,-5.532619959579417,-9.378603876461632,7.13409840984032,-19.78954306655161,-2.5114246307980133,2.31170691914064,1.982779032996702,-1.97690248663828,"Benson, Will"
666181,L,2025,252,5.524138284192395,-13.03560284488366,0.5591018602012615,22.96886806973783,-15.797781545777644,6.177857994831616,6.396581818301793,3.5657946535524223,-8.885641369801704,0.4377055837110199,7.698821871504116,-2.2001315955578074,1.6389846359553821,"Benson, Will"
666182,R,2024,332,-5.532004026845788,6.9682432546032045,-11.299095046402826,5.4463678736400665,-17.72517693333431,-2.8508427391697433,-24.992507617509393,-3.9043984768098055,5.144508636491862,-9.33411223799798,2.173771553216444,-3.114525694783482,-0.9190295658397286,"Bichette, Bo"
666182,R,2025,628,-7.656075669659188,11.200654856450713,-15.76066102973541,24.415978627608816,2.8176607003218637,3.872336528436624,18.889894013423415,-6.273514452253435,9.432833589659499,-14.182285300921874,13.59542107064148,0.8096667490906777,1.8341388778069814,"Bichette, Bo"
666182,R,2026,672,-12.867901965977603,10.631120060973188,-16.186856087167165,21.875209840706457,-13.93824287039653,0.7639887436096693,-9.722682278251984,-10.670335946261716,9.04668010531934,-14.661939876347656,12.544672255699926,-4.2012490533096445,0.37478076081071576,"Bichette, Bo"
666185,L,2024,150,3.3678119766367898,-10.237553128125013,-14.823137825073387,-5.223836613886393,3.083014139370453,-11.095089683465572,-34.92879113454312,1.7516416761049072,-5.736514955620988,-10.111675779127225,-1.2058282946619512,0.27084280125762605,-1.962878735203471,"Carlson, Dylan"
666185,L,2025,169,13.075699831392285,4.621195759423447,0.9289820984356719,-12.273163578444526,1.494164303013846,-10.828733145930922,-2.9818547321102002,7.188679557461876,2.724092498174029,0.657193880416775,-3.1012140373719967,0.14626135366091583,-2.1111108173394553,"Carlson, Dylan"
666211,L,2026,277,6.344072439689804,-17.102650168209724,24.349065363447956,-25.266688216349817,1.2915845532727646,-1.3428076263767303,-11.72742365452575,4.230409441179406,-12.002790038893306,19.443234554231584,-9.009605353825423,0.19502727444765067,-0.38154646913925094,"Trammell, Taylor"
666310,L,2024,390,-0.46553708951612544,-9.066304605873963,-3.9777458324241595,-2.7555842534044395,7.755292995064571,-5.088193153999858,-13.59807194015398,-0.3436029354755206,-6.964541558125297,-3.3732329657901947,-1.207742804829687,1.5530849102760187,-1.8241128913770224,"Naylor, Bo"
666310,L,2025,414,3.2231894375759502,1.3712456571964966,-3.1045087741851796,-10.383614174032617,0.5376490131668165,-6.050812005388782,-14.406850845667318,2.4156457646837253,1.0677105017824775,-2.6561054779536115,-4.704208793135796,0.1129047314655083,-2.252996381275256,"Naylor, Bo"
666397,L,2024,301,10.760778188364378,-9.59075221388992,11.898578456254066,-15.198707712121157,-6.899482971000257,-8.53821791584162,-17.567804168234513,7.371418371953451,-6.894805300010642,9.656389959051673,-5.712633753309609,-1.1174569430691959,-2.5729143161562673,"Julien, Edouard"
666397,L,2025,209,5.259433561245579,-4.527610152622328,-2.855244308920474,18.13654491467481,-26.498686970755347,-6.844340074438599,-17.329903030816357,3.16414685703157,-2.8965005266675563,-2.139707545599779,5.347647476340913,-3.135218822112712,-1.577369542781357,"Julien, Edouard"
666397,L,2026,276,13.135475670406784,-4.732927321425065,9.10998281319571,1.3015861725186522,-24.13483114903282,0.6762796258630605,-4.64443418847368,8.748551134966226,-3.3180251421642595,7.26920404132547,0.46304064105375375,-3.633146365606993,0.1916615408829905,"Julien, Edouard"
666624,R,2024,609,3.731193341632338,-9.066431232298834,9.594521604627037,-6.881730587149979,-13.674084686688772,-0.420485450202894,-16.717017010081104,3.0402724528878,-7.5980447453291955,8.606772079118851,-3.7796584842853314,-3.8438436853049613,-0.19594595698172582,"Morel, Christopher"
666624,R,2025,306,-0.281772069047122,-18.25383072711395,28.7322906522258,-13.718974052441105,-2.26609778778878,-7.506360085727988,-13.294744069893147,-0.19401988595434072,-13.183256871890366,23.389948900340393,-5.209585431208117,-0.3721182496973106,-2.288094223236101,"Morel, Christopher"
666969,R,2024,635,-8.012536842234695,-7.914221929207142,-2.4151287983898913,5.076304676525356,-4.978146127791657,2.18408531163043,-16.0596437094676,-6.578700724339051,-6.67672149333682,-2.1756638808937088,2.8404889714236754,-1.4418182310373064,1.0405332250882522,"García, Adolis"
666969,R,2025,548,-11.330167905315186,-3.9988577474795126,1.0428767455949257,5.372032802520953,-9.218747523911492,0.026012307062019558,-18.106851321528293,-9.04565938150559,-3.2918618852998285,0.9249140620238292,2.8095133776182433,-2.3994203835973305,0.01144161034433577,"García, Adolis"
666969,R,2026,259,-3.818516793539709,-10.910204988470191,-0.8418608856057975,9.569591307651441,-16.1500016288131,-9.98459717322832,-32.13559016200568,-2.4886718976039948,-7.501420354534304,-0.6629603596388876,3.2662725130861863,-2.3027537170230508,-2.702576281007616,"García, Adolis"
666971,R,2024,553,-3.972381292355534,7.752343834249144,-8.803793048153358,9.166945115670744,4.1065085496879865,0.07594693690717746,8.325570096006158,-3.1772199463635826,6.391951529157359,-7.815965118283213,4.814976994235019,1.0760230999303346,0.03357559104383815,"Gurriel Jr., Lourdes"
666971,R,2025,546,-6.415315428589994,9.107913437714554,-4.874574760361329,-2.720374590449834,1.1033591780611653,0.05044889293514905,-3.748543270690292,-5.118011517698547,7.49278686792864,-4.3214075784351005,-1.4202440562102414,0.28640207305226334,0.022144696958756156,"Gurriel Jr., Lourdes"
666971,R,2026,201,-10.277086390693981,3.8088511891381702,-0.41867501462766826,-14.510375595032036,-17.258060111374537,-0.03451498426566917,-38.68986090685573,-6.086329235383758,2.4022357224715107,-0.3106546532511798,-4.161655165374925,-1.9726796754073488,-0.0077180480241103395,"Gurriel Jr., Lourdes"
667452,R,2024,189,-0.6263191423839755,-4.588146998894245,-1.4257373933729576,-14.102601269499436,-9.884086635138738,4.555067366231905,-26.071824073057446,-0.36155974695039894,-2.8274391806137955,-1.040839340089117,-3.8694845152374353,-1.0696476478006531,0.9707273768433754,"Julks, Corey"
667472,R,2025,333,1.9267453073302803,-3.522056991998106,-10.168142962230643,6.023699906295456,-21.66639361055823,4.075978079848021,-23.330170271313218,1.3610680514409588,-2.6023064856192284,-8.40422877750603,2.4085441994856858,-3.8164917399045453,1.3166571971585612,"Myers, Dane"
667472,R,2026,330,7.22332421022604,-0.11883045522765857,-10.329059132358262,9.106047571303025,17.176378339434475,-9.291208101006678,13.766652432370943,5.08903035987306,-0.08759111039383506,-8.523787717875312,3.6212470615867742,3.0030927093026754,-2.9829672374953002,"Myers, Dane"
667670,R,2024,611,-6.576563428216319,-7.7736216528840645,8.268272526855894,29.04137811912368,5.625143518575159,4.7928785182640326,33.377487601718386,-5.362003396013777,-6.518072300773027,7.419559739289597,15.973989538460406,1.584981643214798,2.237389252313401,"Rooker, Brent"
667670,R,2025,694,3.2240554278251943,-4.734417091610808,4.546977871337969,10.225784379544367,0.09911508991047209,-2.8903528954729034,10.471162781534288,2.6880069903019277,-4.047934091073883,4.13095708298226,5.944509140760257,0.030551730743068127,-1.4411595729889695,"Rooker, Brent"
667670,R,2026,199,1.4095089704244184,-19.479720677414846,12.582224587590124,1.6709202733705768,-12.220691632750283,1.6985344835865133,-14.339223995193496,0.8313369126583323,-12.240394302135488,9.311798640263195,0.4758185182952773,-1.384559514026987,0.3768760802032829,"Rooker, Brent"
668227,R,2024,650,3.9952245947392893,-2.4910593328599595,-0.4305434849258441,1.9627543166665962,7.143481592712831,1.3239943312988565,11.503852017631772,3.2938852277752866,-2.109157695590395,-0.38874371910925976,1.10955322354913,2.1034454983375475,0.638486754497272,"Arozarena, Randy"
668227,R,2025,710,1.923711320422127,-7.199749824917263,1.4860377382739736,6.22241776168709,3.1783283252920618,2.565598138928938,8.176343459686928,1.6098969422792795,-6.175977912304144,1.352863715045055,3.651703595661317,0.9952181109108981,1.293852666345212,"Arozarena, Randy"
668227,R,2026,646,-0.26159241679708223,2.040402727641927,-0.05760338532043106,6.311723126975736,10.680592728415572,10.650315778490329,29.36383855940605,-0.21543715677301103,1.7259523573787283,-0.051979652565968315,3.5584654607129287,3.1312916730117317,5.119625127139537,"Arozarena, Randy"
668670,R,2024,336,3.5009060503953116,-11.70810674107589,1.7922567540746337,-0.2095428759108546,-5.426767760467269,0.14885983871941266,-11.902394734264655,2.4795674259500053,-8.670867007429514,1.4836437782235574,-0.08423597954434865,-0.9629978875036063,0.0483783922827868,"Rogers, Jake"
668670,R,2026,172,6.276014628614101,-6.415871974467895,-0.02410842353026883,-18.279193545942334,2.000643886980715,-5.045821397567664,-21.48833682591334,3.477699154703442,-3.809289903401023,-0.01714260459955483,-4.679832671075678,0.19897053277778673,-0.9977152583688097,"Rogers, Jake"
668709,L,2024,642,9.49653763834289,-0.8218279215789952,-7.650461755593912,1.6959525244839755,5.381460260693837,-2.085328543621658,6.016332202726135,7.812384136825515,-0.6945075819974195,-6.899361838275305,0.9535638184624139,1.570796482980277,-0.9991881438700811,"Bleday, JJ"
668709,L,2025,342,6.7373284375843125,-10.581830358081513,-6.040005735113666,-11.854509747646484,9.649674622841848,1.233392961660502,-10.855949818755002,4.79635903205853,-7.872590850477414,-5.01511295638247,-4.816024518537001,1.7374390408102303,0.40564774245564833,"Bleday, JJ"
668709,L,2026,526,15.581128108055205,-4.37374832483599,8.834515119365431,-6.754591155525704,0.5085972696971025,2.4722827452651748,16.268183762021216,12.33546823497503,-3.574043201076178,7.798325084509345,-3.4634760765665713,0.12840308855563767,1.0625492081221295,"Bleday, JJ"
668715,R,2024,655,5.665568096053405,1.2052024902840657,-3.768364973569054,-3.6008736828292296,2.7872937592635005,4.1036581770391996,6.392483866241886,4.677276963969495,1.021629798271641,-3.405032828084045,-2.042366112303069,0.8251814046936942,1.9868122418537553,"Steer, Spencer"
668715,R,2025,567,5.770174314811901,-0.7696225859594964,-8.774016905812992,-5.80599419140465,13.585534672212239,1.925926219200644,5.932001523047644,4.638068102600591,-0.6373295908157272,-7.811170766173882,-3.08579524878189,3.6258688170986852,0.8633308432952415,"Steer, Spencer"
668715,R,2026,384,6.075097760240704,-2.87156424740972,-2.6377714192867647,13.510222666954604,-5.624031068898378,-7.083359863934563,1.368593827665884,4.465623620407954,-2.197913023641184,-2.231600326069404,5.8698663800311195,-1.112375514009723,-2.5141777126960583,"Steer, Spencer"
668723,R,2026,260,3.133182612119784,1.3270190467702383,7.766792292904735,-0.6444844528969732,2.4212686913561803,-1.6130723519786387,12.390705838275327,2.0447525610051014,0.9135029425306296,6.121305124200608,-0.22053275621669385,0.3463797294161277,-0.43784582276324924,"Vilade, Ryan"
668804,L,2024,487,1.3284030253464698,-2.8270328644694347,9.260205797057802,7.966565155613162,1.4219488257217336,3.5829575121680515,20.733047451437788,1.0344311726327071,-2.276794673620198,8.098024352290425,3.931521149901616,0.33871559701051407,1.4726528771830527,"Reynolds, Bryan"
668804,L,2025,486,5.141350458567914,-3.260174214797731,14.034328711538606,-5.472574215189462,-15.229226852162009,-0.5705445734374381,-5.356840685480122,4.001761886407655,-2.6245806654044794,12.269813124732767,-2.697918265171605,-3.6220035342381385,-0.23421909994970844,"Reynolds, Bryan"
668804,L,2026,447,13.624206262059142,-4.525382607352131,9.755482388294382,3.8796740907327796,-14.00516598578198,0.5785143732492938,9.307328521201487,10.403194525533868,-3.5821959637930103,8.43639596019557,1.8316132056602652,-3.1231963766658217,0.2258738697035126,"Reynolds, Bryan"
668804,R,2024,202,-6.05138761142473,-3.09891192789358,9.329597857274473,1.4185342086486943,-12.130182989261257,15.64450649321553,5.112156030559133,-3.5910214647087226,-1.9580580571725978,6.931365529847563,0.40828489513902216,-1.392644769764823,3.5118348842094993,"Reynolds, Bryan"
668804,R,2025,167,8.467071436601806,-6.364455278548059,12.893298644233788,13.435861771210122,-4.883032972558789,-3.006071890805187,20.542671710133682,4.6300108884728965,-3.7333505872664725,9.089315848624926,3.3648920789846706,-0.47288338192614243,-0.5804511164506664,"Reynolds, Bryan"
668804,R,2026,236,6.630245213831095,-1.2038898450938265,11.623432984626099,-2.3978216526085134,16.091378972593894,1.2703728122482945,32.01371848559704,4.17933183238855,-0.8032866729847465,8.967659989054432,-0.7690512128799026,2.117456904759971,0.32103868764859067,"Reynolds, Bryan"
668832,L,2024,156,5.5037203703571596,-26.231647446783,12.365295314049463,-6.9894320175457985,11.988266512955454,-0.9575192135889894,-4.321316480555709,2.916382970100057,-14.951482007770787,8.539439566604555,-1.6625684994364796,1.0914606257786141,-0.17493672778438174,"McCann, Kyle"
668885,R,2024,257,10.178947485207432,-0.06006275333472856,-21.823307190662256,3.3901711108412256,-5.2022687302693775,2.6980012380894305,-10.818518840128272,6.6160743160423,-0.04119657864962029,-17.157348669425573,1.1512248800883973,-0.7368507070642336,0.72615880497795,"Martin, Austin"
668885,R,2025,181,10.57775918868432,2.7135586862098755,-10.123925660957234,-0.22912502759810258,-18.735808421592257,12.90887684415796,-2.8886643910954377,5.994302140723739,1.6443365215903307,-7.3036798012469335,-0.060913927867425686,-1.9506859244944514,2.6585389761096834,"Martin, Austin"
668885,R,2026,354,16.311039367475754,-2.187576457606943,-3.9971331295360044,-19.21583054910744,-4.532008248008365,7.3069730133874335,-6.314536003395567,11.7264806426363,-1.641745279404392,-3.3380839640219397,-7.966991400278883,-0.8393240857955503,2.459117219574616,"Martin, Austin"
668901,R,2024,455,-2.905979327275243,-9.717883356234942,-0.2791293495950707,16.234429358746002,18.702445961635146,4.5021630308467175,26.53604631812261,-2.2282148790538505,-7.720761497125872,-0.2419621486402523,7.736158370795265,4.228471885880729,1.7768581704376043,"Vientos, Mark"
668901,R,2025,463,-6.6402175655488245,-6.809319113166674,-5.6370176756530155,12.694781033227327,-8.12967889508279,3.322736529634516,-11.19871568658946,-5.1121143763776145,-5.429214938977546,-4.897694203161378,6.104632860103955,-1.8629663991902197,1.3252377342619337,"Vientos, Mark"
668901,R,2026,283,-2.528617289379257,-9.497935888733531,11.135991172096366,-2.5321175149520463,-10.160353606883753,1.7948512391592908,-11.788181888692929,-1.698149750844231,-6.708144185792856,8.93046808901201,-0.9153906473719583,-1.56231951822762,0.517850042282019,"Vientos, Mark"
668904,R,2024,322,-5.563393162485411,-0.6998118408210199,-3.0189487396140127,5.412826617273551,8.672756446146629,-0.10397293801066575,4.699456382489072,-3.8909997658101223,-0.5124909690990811,-2.4805378790675445,2.120808537603095,1.4858702855526256,-0.03282705494806808,"Lewis, Royce"
668904,R,2025,406,-1.6894965454323052,2.4199269101158416,-1.6372222692041225,-6.2913537024813575,7.929014194870349,-4.729524864624429,-3.9986562767560243,-1.2599867626632777,1.8760756509871475,-1.3967729261172575,-2.8198537227897598,1.639547836307481,-1.7395067776169568,"Lewis, Royce"
668904,R,2026,492,-4.477355204305488,-4.3429929068276305,9.552765051858975,-6.126150695244148,-8.014168780042422,-3.3734805213139474,-16.78138305587466,-3.4943878138637947,-3.5046286888501736,8.364535028820816,-3.038914000698453,-1.9239112040274862,-1.3949038315212954,"Lewis, Royce"
668930,L,2024,616,-1.1522328447997867,11.021337279471123,-21.24122566927289,5.495779504546913,-1.0133275709490226,3.0413274404255355,-3.8483418605781257,-0.9408487878797532,9.253367205062675,-19.076773329373403,3.0339926994043025,-0.2871969028082225,1.4259093738045976,"Turang, Brice"
668930,L,2025,658,5.603820243040669,0.7468164696560127,-5.398936273731761,16.995983833195233,4.635423325381088,-3.152869476910773,19.430238120630467,4.629982565696878,0.6335036486110699,-4.880535757399911,9.658948819912457,1.376740850483874,-1.5300803884605076,"Turang, Brice"
668930,L,2026,659,7.197710998192453,-2.385016769379155,-3.1526372918548686,16.39456044508078,5.129409308535529,-3.5817687790476156,19.602257911527126,5.948453968997861,-2.02360933319629,-2.8503394862260687,9.323262671460258,1.5250837321415314,-1.7395829202955684,"Turang, Brice"
668939,L,2024,455,-3.932709757332517,9.531865757780787,-0.6749962396125053,-8.139313131433937,-12.685216639260899,-0.03700339423365663,-15.93737340409273,-3.015479949922776,7.572972368641302,-0.5851177624196944,-3.8786097141347406,-2.8680249650474856,-0.014604043196017054,"Rutschman, Adley"
668939,L,2025,257,6.706324836954718,9.297170387596111,9.158952885054129,-12.263477105997477,-18.991651704891662,-1.962837023173254,-8.05551772445744,4.358952001009217,6.376857367110823,7.200711914230552,-4.164397459370584,-2.6899825273621456,-0.5282915986070136,"Rutschman, Adley"
668939,L,2026,263,3.0481549572678923,11.047440583332975,4.13671087958348,-1.748431583236135,9.06843197079175,-5.581849197489719,19.970457610250246,1.997176506599837,7.63204507365794,3.2681977341630764,-0.6028098790370724,1.310110118979805,-1.5278115837707251,"Rutschman, Adley"
668939,R,2024,181,-1.304558044118844,15.067442287663825,-16.852530688227866,14.854727478547886,16.9701875865415,13.522273685224425,42.25754230563092,-0.7392789849976358,9.130425579689835,-12.157881449305902,3.949196679228356,1.766857629849936,2.784865954783723,"Rutschman, Adley"
668942,L,2024,474,5.216957008430394,-0.5867883879252009,-14.690166772588478,-1.45286724217179,-8.739693703400242,5.2678505440057934,-14.984708553649524,4.037951429394035,-0.4700698411072085,-12.802443438486945,-0.7071703591907847,-2.0392344975330294,2.1307516327288982,"Rojas, Josh"
668942,L,2025,211,12.177762307901244,-2.791073064523987,-15.660434410084097,-12.633454352684385,-10.075846516927518,-11.382237322474735,-40.36528335879348,7.354077929146989,-1.7916837162285857,-11.763804477063598,-3.7500998327399673,-1.2021807811534684,-2.6424631634612195,"Rojas, Josh"
668952,R,2026,263,5.319024994450283,-5.20043050730507,15.978391525759477,-24.94557654912093,-3.2875291533088693,-1.468266019506153,-13.604385709031263,3.4850694619721754,-3.592680108554502,12.623686909759487,-8.600530970879134,-0.47494707178301976,-0.40188004965581403,"Kreidler, Ryan"
669003,L,2024,225,10.615909027298825,-11.480311830476612,16.844571868638464,-9.883774141277355,23.88311017068689,-10.583634836591386,19.395870258278823,6.572883244370652,-7.537532300470098,12.852285637267526,-3.0681253599159457,3.0147730384751528,-2.5803430365699174,"Mitchell, Garrett"
669003,L,2026,512,8.855694697840027,-13.645243024323428,30.586430634264484,-2.066323823102832,-10.318642338077458,-2.1375591430562544,11.274357003544536,6.9712827542595095,-11.09484910605927,26.912671570383658,-1.0455952631858245,-2.5529150186098,-0.9045859903265931,"Mitchell, Garrett"
669004,L,2024,450,3.486115975302027,-1.872575928635483,1.9337312824392183,3.0448766028580505,-16.865833030382124,-1.1754483379491185,-11.449133436367429,2.6661365056766746,-1.4843534787631172,1.673770821218093,1.44257807469596,-3.7807182294627673,-0.46081206803886965,"Melendez, MJ"
669016,L,2024,478,0.14221852162870155,-7.342489060356082,14.713281281942914,2.2964143413638793,2.3962980340461972,-7.089723121360223,5.1159999972653845,0.11028643419401321,-5.891795742384767,12.836391093752624,1.122581039462246,0.5627390393609797,-2.882028950845323,"Marsh, Brandon"
669016,L,2025,426,-2.5377677786790453,-0.42606220811886975,6.351430097995694,7.751327336545258,2.1381912416724465,-6.871135420794203,6.4059832686212825,-1.9154693340495905,-0.33383183333515026,5.456253428499404,3.5666254471224277,0.4592335527090534,-2.60448900712577,"Marsh, Brandon"
669016,L,2026,550,-9.494346900836913,-2.088832160688934,15.287458034225113,-9.837926647519545,-0.47127601595279517,2.1058496565098253,-4.499074034263252,-7.585557810413767,-1.7206339851829273,13.563830283791386,-5.154066334537435,-0.12299275965004865,0.9281563884546649,"Marsh, Brandon"
669065,L,2024,210,-5.634815165145728,-14.494852783590805,13.577942790447576,2.1963604084107775,-11.48299972812581,-7.840962638884117,-23.679327116888096,-3.396424824978286,-9.288895445420328,10.187407882754343,0.6497893122633527,-1.364350892123733,-1.8137007520579491,"Stowers, Kyle"
669065,L,2025,454,6.236931155086335,-13.234793406222963,20.695137217493183,15.016810948270091,3.224297021567349,-2.030677127825832,29.907705808368164,4.779829983228713,-10.510153909129773,17.93423611375191,7.147687795397225,0.7277469500358874,-0.8003754347428416,"Stowers, Kyle"
669065,L,2026,502,-0.03301657851685281,-15.86376109429583,33.77767679239548,-15.092371452443956,7.3896620106444955,-2.0392042616587647,8.138985416124575,-0.02588124138882661,-12.850863231204992,29.64967364011604,-7.562580547241703,1.8012575309564967,-0.8531604621004946,"Stowers, Kyle"
669127,R,2024,534,-3.036297809157218,-4.618812272098881,0.8107558560896485,12.449007038704547,-0.9302954202489587,-2.4871246606402395,2.1872327326488987,-2.4113404510077627,-3.7846661362383895,0.716922973088395,6.430275705641947,-0.23752725088010374,-1.0781380862385306,"Langeliers, Shea"
669127,R,2025,521,-5.303401822270028,4.065380977429742,5.335835224946864,-1.2503437062876774,11.930461566174944,0.4755274158901209,15.253459655883967,-4.190288637225489,3.3162392938928673,4.7047056219674275,-0.6381407838078692,2.9905713542194925,0.2032620761653706,"Langeliers, Shea"
669127,R,2026,444,-5.186158870506917,-2.037999969310838,11.572298819395114,11.125760796142114,-3.2724340182527385,2.187870692476803,14.389337449943541,-3.9537401990477,-1.6109684823592472,9.998417072028717,5.233857920034274,-0.7259519195749163,0.8507235399942509,"Langeliers, Shea"
669134,R,2024,299,-2.513222444774102,6.053810544251331,-18.395403762660752,-5.239277178625633,-6.3720936730145405,11.160151116917291,-15.306035397906406,-1.718004439752214,4.343925242045078,-14.910148441625733,-1.961063979060018,-1.0262867416991015,3.347366774704087,"Campusano, Luis"
669134,R,2026,240,4.227276839154284,1.203720632799536,3.6564548670529424,-8.650857239807898,13.040218807846134,3.2245115963669724,16.70132550341197,2.681154827454218,0.8076529747979645,2.8317956922650414,-2.806353004763629,1.741156837325797,0.8251504485488291,"Campusano, Luis"
669221,R,2024,262,-1.2255112140915587,-2.8980794589163597,8.872850089126455,-5.783354034531056,-3.3810939083794214,-1.8925521501136189,-6.307740676905559,-0.8019098385922232,-1.9997577111044416,7.004359356894365,-1.9889631571508857,-0.486874475213307,-0.5165796743064405,"Murphy, Sean"
669221,R,2025,335,5.612314030153025,-8.60747500866094,2.8693682875223874,5.2857381033152295,-0.5132307781833254,-6.440384774296431,-1.7936701401500563,3.971544086234494,-6.369648229345793,2.374064615147597,2.1210739624207386,-0.09085142578712102,-2.088870432064712,"Murphy, Sean"
669222,R,2024,266,6.373435604311413,-3.2113234809624194,-11.13868123564659,3.956083500858004,-12.972979636451099,-1.612868240584181,-18.606333488474867,4.192230095385092,-2.2262822454023206,-8.820973371086353,1.3741002879319777,-1.8924574537757324,-0.4451051782164534,"Senzel, Nick"
669224,L,2024,415,7.482879675501221,-2.3101203490570836,9.2484501159717,-3.067902435319086,-13.372532164848007,-1.340151813016519,-3.3593769707677748,5.61149330053276,-1.799718435717576,7.9153944493475645,-1.3917215641248986,-2.81354885357383,-0.4997561703278207,"Wells, Austin"
669224,L,2025,448,0.2853009875936412,-3.1355268209970197,7.6764217013546805,-11.251646523670916,10.204492409881013,-6.943191819310384,-3.1641500651489833,0.2179656367055903,-2.48317112288189,6.64045944112862,-5.318224284011981,2.279587774406611,-2.714577961485443,"Wells, Austin"
669224,L,2026,381,3.805202851665224,-6.507314721229351,11.089299109353785,-17.21755089501774,-5.008301557124455,-4.1804868214976665,-18.019152033850204,2.7912686490775926,-4.971555473754309,9.370377966571814,-7.447448130061209,-0.9843726436877247,-1.476329298165037,"Wells, Austin"
669234,R,2024,230,9.739859242819861,-15.529318807231451,-1.1898890853522328,2.1978548484196456,10.570392902862718,-13.078146647471344,-7.2892475459528105,6.080818128600553,-10.272651080618825,-0.9125786130165541,0.6926423385627752,1.3601401066316434,-3.24180965547881,"Malloy, Justyn-Henry"
669236,R,2025,185,-7.9682323217438045,-12.404401881866152,-2.7361801310433225,3.2554456783843277,23.435501455632817,3.201910568465346,6.784043367829213,-4.558216780436399,-7.581290883387554,-1.9859175266169153,0.8794346311172075,2.4881937817410456,0.6709417282441473,"Jackson, Jeremiah"
669236,R,2026,277,-0.9244058986857485,-3.326341931999669,5.625966123273521,-6.828760701018596,-10.80550491004684,-5.784772140456584,-22.043819458933918,-0.616420363805514,-2.334455971131991,4.49245083111799,-2.4350021041569647,-1.6316145670039577,-1.6436899386115706,"Jackson, Jeremiah"
669242,L,2025,252,0.9677258819548905,9.704126932163344,-21.953769029452936,11.933189037361993,-12.313158246412295,2.0649014241984998,-9.596984000186502,0.6246606436072464,6.6147605716663005,-17.18700646825701,3.9998269169684986,-1.7148337201988653,0.5478179834912137,"Edman, Tommy"
669242,L,2026,208,3.089290454555996,4.683763357613329,-14.11764811128645,-5.468620217520304,6.13353185084753,12.379699264801559,6.70001659901166,1.8550062805090226,2.991217403440255,-10.566972101101506,-1.607001038446416,0.7226318557150323,2.8425503950887583,"Edman, Tommy"
669257,R,2024,540,1.084791152902518,8.432110720340676,-5.554958509736681,-2.184322493054669,0.22655161812501867,6.815675112413845,8.819847600990705,0.863484732168105,6.923184598515024,-4.918379783447298,-1.1343600263019094,0.05832679375040126,2.973226921379438,"Smith, Will"
669257,R,2025,437,10.368743201172858,2.62282831041272,-1.6076166836126509,16.27931838818679,5.922109316538653,4.320430376066237,37.90581290876461,7.874779726641111,2.0663196837977056,-1.3859546105405307,7.593813115504645,1.2975778797211455,1.6636533063071333,"Smith, Will"
669257,R,2026,264,13.030881357279242,6.886609619693497,2.422631076920839,16.480404357157877,-21.05731335327937,-2.7972937528420343,14.96591930493005,8.549107341651744,4.763142729674747,1.915516780652323,5.696115770875782,-3.0520260901942193,-0.7677612822104127,"Smith, Will"
669261,L,2024,275,6.685438282089868,-5.302899156450969,0.19379460127905848,-7.710420495321496,-14.149971732241367,3.3282886451649643,-16.95576985547994,4.4472659639957675,-3.713567705768648,0.15452259279267913,-2.7365791006405975,-2.1235121500472744,0.9408046246388713,"Suwinski, Jack"
669261,L,2025,177,8.044883752910588,-12.908301892795237,13.368607398727868,-19.341327519841965,-33.12231955354729,6.943247442213431,-37.01521037233261,4.514739094042017,-7.753012547412212,9.584146657324695,-5.058062061673956,-3.3801094548120063,1.4047305491295807,"Suwinski, Jack"
669289,R,2024,391,2.4779126197210126,11.834117287637426,-23.069869048716548,-1.054443399579001,2.310696520046451,-2.2383223671047934,-9.739908387995452,1.830120082558138,9.096109168705155,-19.571462053242833,-0.4628160307756015,0.46369146475520706,-0.8037553481105659,"Espinal, Santiago"
669289,R,2025,330,5.934993377642555,10.236169459470878,-17.927463232358075,-26.13632274922015,0.30845335999795276,-1.0904728264090569,-28.674642610875896,4.181365892688259,7.5451823138840215,-14.794173307994846,-10.393760983037968,0.05392953149169303,-0.35009922059593945,"Espinal, Santiago"
669304,R,2024,430,-9.370295505421497,7.851210150285087,-11.18360074181973,-0.5192412074678084,7.693296772915742,7.029518094845742,1.5008875633375336,-7.088729410456805,6.164058499689692,-9.619985850882586,-0.240124855201818,1.664498680665882,2.680004122557121,"Miranda, Jose F"
669326,R,2025,150,-5.312538929365163,-12.297336233525048,-10.036536782514837,-15.968174238888164,9.153704090929518,-3.200476755548482,-37.66135884891217,-2.7631188021068542,-6.890694713379843,-6.846472527457075,-3.685964499762237,0.8041529314481165,-0.5662097328822017,"Teodosio, Bryce"
669357,L,2024,401,2.2066024019012307,-19.734678859839864,8.64371507946981,11.952724898169526,-7.275536071070221,-3.4613013514781574,-7.668473902847673,1.640432184798981,-15.256779553031711,7.360783509710764,5.320734856901435,-1.4896889247857672,-1.2631007096982605,"Gorman, Nolan"
669357,L,2025,401,-2.076846385163383,-13.67855038146329,10.780784779668728,-1.7827289289440666,-3.2238323325939455,-2.463853955358112,-12.445027203854073,-1.5439689769982998,-10.574817520831786,9.180661567201248,-0.7935787055629367,-0.6600898235289794,-0.8991114507486236,"Gorman, Nolan"
669357,L,2026,291,1.3171910268709908,-17.755447629918468,10.658513714540705,-9.42005580436516,-7.0860469131679364,-1.7291272891581546,-24.014972895198024,0.8926488966964979,-12.642295005683307,8.594351043409455,-3.4663062522289665,-1.1155471581314202,-0.5088400899752944,"Gorman, Nolan"
669364,L,2024,209,7.711959238488407,5.080761497426707,-21.70730520202195,1.5932666446285835,30.82983447042683,3.837823246212193,27.34633989516077,4.639619704643565,3.2503744485697714,-16.267359185443834,0.4697823312748081,3.64766289820232,0.8844776024151513,"Edwards, Xavier"
669364,L,2025,420,4.575841046583732,8.35262593615416,-21.545091559468574,1.2170379233383366,6.992078512611187,7.036722237059031,6.629214096277872,3.4417201054931104,6.524343284209743,-18.47131469724889,0.5557109167237526,1.4850763925511923,2.643801838881415,"Edwards, Xavier"
669364,L,2026,447,10.17529651323688,6.43863675853935,-17.086434666424946,1.4606952309834387,2.8772244516470833,-0.054364784106793504,3.811053503875015,7.76967016984892,5.096686978753457,-14.776094369965373,0.6896013974227695,0.6416301664229603,-0.021226065815491746,"Edwards, Xavier"
669364,R,2025,198,3.447681135133068,8.079717973135253,-20.752785698542127,-1.2367662472391026,-9.877857173312348,-11.647503080771981,-31.987513091597243,2.029259189064358,5.067508714986912,-15.338496758736444,-0.3509193048728203,-1.1141355329211227,-2.5742674071628024,"Edwards, Xavier"
669392,R,2026,160,-5.433672045739827,5.775883324898013,-4.8556432457938055,14.367703377179884,23.953682962349852,-6.904137682638435,26.903816690255685,-2.913506344534965,3.3279076161801786,-3.3794342709864513,3.484011625498328,2.2315504129655888,-1.2876819284539625,"Taylor, Samad"
669394,R,2024,577,-10.476159056678997,-4.351500627842712,-0.8964116217873572,22.20216970115581,-1.7805319944450408,3.1919417122600455,7.889508112661749,-8.449471340613464,-3.6142738980064033,-0.7995615577277873,11.896706020642391,-0.48132500320821786,1.4446588576885389,"Burger, Jake"
669394,R,2025,377,-13.417765279833521,0.16132283584674043,-1.5439800404488264,17.850430594913647,-14.315633398246717,2.039884672754144,-9.225740615014535,-9.814720271528257,0.12294197843191343,-1.3025098680785803,7.674991357577671,-2.7899286705480177,0.7154701942686794,"Burger, Jake"
669394,R,2026,600,-6.025900579271003,-6.053157925273512,4.437650882438895,6.612921372096213,-4.176603881792077,-0.6756301735163865,-5.880720305317866,-4.896458553544923,-5.060503077361118,3.974659889989243,3.607627073743391,-1.161535865733627,-0.3123413811830658,"Burger, Jake"
669397,R,2025,414,1.421294077246147,-0.1350053523998925,-18.06244379773831,-7.875902154792532,-4.608033629087405,-6.979517460475146,-36.23960831724714,1.0652005054508424,-0.10512094007204832,-15.45357394874616,-3.568111020833834,-0.9676736806633388,-2.598796255361036,"Allen, Nick"
669397,R,2026,157,-1.599619795217042,-2.8833991222332496,-18.7986922917153,-12.255475373447462,23.147015452038033,1.0342446679649209,-11.355926462610098,-0.8501730363822336,-1.6479900961782072,-13.007961174917405,-2.929416815199221,2.119670484042804,0.1899431009717311,"Allen, Nick"
669477,R,2025,347,3.172531763749508,-3.5272639416518103,-4.883024092755293,13.658109668228542,-15.7104596060871,-3.499914909220191,-10.790021117736348,2.2679659560742698,-2.63390428063969,-4.064390169225939,5.59663776839469,-2.8625129488888583,-1.1623187362766019,"Schmitt, Casey"
669477,R,2026,408,-4.416386568804131,3.1856619200301997,-5.561375545805643,31.52681578092317,-7.738936708111551,-0.8671387805706735,16.128640097661368,-3.2977467985642464,2.472444154049589,-4.7480267723695535,14.168989533755955,-1.6064905267608793,-0.3199228088041662,"Schmitt, Casey"
669701,L,2024,591,4.889187150338134,2.5254870272867618,-6.930278492900814,-2.5280469198618487,7.825872211607126,2.5570763268338776,8.339297303303235,3.961493510598614,2.1060739557285912,-6.19737903900436,-1.3696769550762835,2.1527510156110075,1.172526031985224,"Smith, Josh"
669701,L,2025,562,3.781879461413057,6.932368233122415,-14.295833255209912,2.414961181051325,-2.372333288490298,3.3951305367221654,-0.14382713139124972,3.034579009342384,5.731974409328307,-12.714618565045512,1.2781863075641404,-0.6290535934767537,1.5144938144075792,"Smith, Josh"
669701,L,2026,228,-0.43358458082245543,4.717437665475741,-9.026749044401738,-8.143121099971033,-0.4112311832436231,-5.439902582477891,-18.737150825441,-0.2698076980490237,3.1113485378662067,-6.908889256507152,-2.5509368143133866,-0.05251359794658789,-1.3396043966784197,"Smith, Josh"
669707,R,2024,447,4.289443210629276,-5.286458642560468,-3.2164601102134123,-1.2694246651749386,-2.6208530539200385,-0.4177244919871661,-8.521477753226748,3.2753403220763126,-4.184647455305262,-2.781546826684281,-0.5993016232675673,-0.5844585326647653,-0.16309542482951667,"Triolo, Jared"
669707,R,2025,377,7.736115727245444,0.8416194978689188,-0.06108967755600953,-9.827381876303207,-5.02208996526328,-2.230573042666087,-8.563399336674221,5.658752427664057,0.6413869779302487,-0.05153558062273295,-4.225392242903899,-0.9787392838570126,-0.7823523307384203,"Triolo, Jared"
669707,R,2026,355,7.888524361771638,0.8287358118200232,-7.332418257478107,-12.33414108938349,-3.1895161000427037,1.160254373128096,-12.978560900184544,5.675783414356607,0.6223919912046073,-6.126291100349263,-5.12225083573959,-0.5920545697419974,0.39120765985267436,"Triolo, Jared"
669720,R,2024,254,-7.808053693753414,-5.108615333055989,0.5480724530335798,-6.77606153458537,5.986754812813519,8.489461255267768,-4.668442040279905,-5.054155036429618,-3.4910083934637965,0.4298057853039618,-2.283186666047388,0.839455036401616,2.265357760046866,"Hays, Austin"
669720,R,2025,415,-5.945946750495041,-7.074256852824255,0.24452730118325963,2.355454916235803,10.799147776292596,-2.9273192072891603,-2.548392816896799,-4.458930492356547,-5.5112585291177,0.20928155725869477,1.0685272655707587,2.272114919673312,-1.0916269501355889,"Hays, Austin"
669743,R,2025,324,10.818201440552112,2.554047125041129,-12.58043936095791,2.165582878842961,6.8011532374004755,0.8022543582987067,10.560799679177475,7.580243215661968,1.87349274843119,-10.348187900418788,0.8516980915444167,1.1712066847150109,0.2543677193140763,"Call, Alex"
669743,R,2026,192,10.139551806037925,14.125103927610995,-15.681394717864553,-19.319964880445667,17.057390280745462,-5.122852732000819,1.1978336840833468,5.892250425161654,8.757084057422144,-11.496473872898788,-5.361820712445148,1.8720215004160494,-1.105317805114928,"Call, Alex"
669911,L,2024,310,-2.1534757986501427,-12.83745521095801,13.573367934767209,14.791857241076793,-18.740466274852267,6.706699623473592,1.3405275148571725,-1.4888022099737257,-9.304800461220742,11.076175762342869,5.662315402030678,-3.1109408006948,2.0628449635047437,"Toglia, Michael"
669911,L,2025,240,-5.793592394470706,-24.463109071722208,11.305569518711547,4.239706031348785,-2.9882876068878534,-11.184192141104628,-28.883905664125066,-3.6745921328977444,-16.413860721679512,8.75576596067602,1.3753679468480462,-0.3990023078062236,-2.862027592732679,"Toglia, Michael"
670032,L,2024,445,2.1544231896621366,3.08932386717216,-20.73383583417953,-13.724119659646414,9.068287818577257,8.343561387687377,-11.802359230727014,1.643331984008752,2.4431540527514666,-17.9194228437744,-6.463888364142524,2.0152195180675734,3.2487413464381683,"Lopez, Nicky"
670032,L,2026,260,2.3659972553710165,6.539523458337496,-16.109259423916807,-7.605639640278484,4.8620814106010535,-8.610459555745893,-18.557756495631615,1.544078193379803,4.501724324514315,-12.696321536599177,-2.6025339558186187,0.6955553712049525,-2.337188250688688,"Lopez, Nicky"
670042,L,2024,455,3.3293156505357384,-15.974477220748685,18.569662386170748,-7.533939148898427,11.531316070048469,6.627533236212882,16.54941097332073,2.552816050672454,-12.691562981514858,16.097036793157404,-3.5901321274599294,2.6071373717334643,2.6156730664630996,"Raley, Luke"
670042,L,2025,219,6.408698854197749,-19.329557617873352,20.11134419437095,-19.01826066035866,-10.84534812727348,10.24523858487931,-12.427884772057476,3.926997137944927,-12.572745583130246,15.245812724241675,-5.794189289302557,-1.3370055114207868,2.447141271501986,"Raley, Luke"
670042,L,2026,286,-3.810419569509793,-19.6387557225648,24.525025824701796,8.810485498517377,-21.059470085728602,5.073733772265039,-6.099400282318983,-2.5678191201649376,-13.913207712164802,19.70870083349431,3.2065712475194044,-3.267237725921542,1.474879575464261,"Raley, Luke"
670156,L,2025,175,6.3729166540393685,1.313937683136615,-19.634012562400233,5.1370913003650855,-19.95925071657568,8.55570635330287,-18.21361128813197,3.5585953821083534,0.7855944256525638,-14.030513188957967,1.3321869432991356,-2.0161373284853497,1.7153193855797642,"Mastrobuoni, Miles"
670224,L,2025,217,-1.8269052350470614,-10.756253627363739,3.369846764643111,-19.23625594969323,9.941192640849458,-1.406226902206971,-19.91460230881843,-1.1154740995013754,-6.973845359855332,2.5488973007607743,-5.8232854848803255,1.2157185107804067,-0.33354648148092575,"Misner, Kameron"
670231,L,2025,175,0.6595288679878123,1.20473557320309,9.679937182358659,-17.66912327091823,-28.20180272096839,1.648706405651655,-32.67801796268541,0.3682766481028704,0.7203032250619221,6.917306682662356,-4.582082338966281,-2.8487395646122264,0.3305464145169108,"Rave, John"
670242,L,2024,261,4.785172339600385,-20.453482494069185,25.959924206141313,9.853704708224974,6.302746536280912,0.8466112378820729,27.294676534060475,3.127022907423914,-14.096746169084698,20.476627539587952,3.3803071634747863,0.9046229311021451,0.2304439927911926,"Wallner, Matt"
670242,L,2025,393,3.6989644842667033,-13.107881439585697,17.658819498525247,-8.581508495704412,16.281707111450487,3.590714916621244,19.540816075573574,2.7355958586962523,-10.08704488491737,14.992535764678266,-3.7773793593624303,3.2806233218231586,1.293602937688995,"Wallner, Matt"
670541,L,2024,617,-6.852022522115398,7.437888202997257,12.751358645737724,21.45794109413232,-5.177224172732003,12.165533730325226,41.783474978345126,-5.59664179140585,6.246375333205199,11.45390397488716,11.854648787981446,-1.4690329717008217,5.708656902006826,"Alvarez, Yordan"
670541,L,2025,194,-6.918934476838133,9.591880590626953,10.311417147805486,16.97926636569579,-23.230956480985366,2.8267908015998353,9.559463947904563,-4.038138152974612,5.970029595870913,7.5804472179083975,4.7475733432408544,-2.57317682336638,0.6148858145267037,"Alvarez, Yordan"
670541,L,2026,634,-6.817399682319122,8.552894333020323,17.437958081577634,34.00998620430404,-14.582406745228573,8.607707813574272,47.208740004928586,-5.5958528106215635,7.213749306540312,15.7064928215612,19.01736237553148,-4.218768973634474,4.097466012039645,"Alvarez, Yordan"
670623,R,2024,640,7.970124642925843,13.289486919185423,-22.936269461102615,0.7094596855869777,16.33324890562267,-3.6944022953828544,11.671648396835447,6.553039558705437,11.22520048959686,-20.67810962149765,0.39835485243950036,4.756991763543153,-1.76730157383929,"Paredes, Isaac"
670623,R,2025,439,9.282265105693778,10.777603743505468,-19.594054337809368,3.069242129161788,21.330658717455144,-0.6142429235789775,24.25147243442783,7.057362454441032,8.499040019108396,-16.902996663754685,1.4351977543317054,4.690391352981615,-0.23718890503054246,"Paredes, Isaac"
670623,R,2026,636,4.3922283078435855,14.967047530967392,-19.681888889222897,0.8645949514061481,19.828152614909918,1.501068147624345,21.87120266352849,3.607258042718893,12.629843264653056,-17.73315428543245,0.4841266424765585,5.74924047789142,0.7157221230707912,"Paredes, Isaac"
670764,L,2024,196,17.003065056046722,-4.061962254170583,-15.90262008180355,-15.407787128066905,-13.952035448573213,-3.958544612044252,-36.279884468611776,9.965939629160507,-2.537962373838754,-11.722505447437452,-4.340075510182996,-1.559548233858913,-0.8679963165467268,"Walls, Taylor"
670764,L,2025,214,16.205925747172813,-1.2517700002847492,-6.91535264510899,-16.084027894437625,0.49462644498075764,-4.887753599598085,-12.438351947275878,9.841309456825845,-0.8076071661684393,-5.212857447805665,-4.821895401790034,0.05975314610621682,-1.1470722307491779,"Walls, Taylor"
670764,L,2026,266,10.306364187129216,-3.8945300459143706,-0.4247954113015951,-17.455995405979937,7.837131842411003,-7.7661845305908725,-11.398009364246557,6.779177323146463,-2.699922056063499,-0.33640508530393626,-6.063140049570267,1.1432561359859765,-2.143243237462765,"Walls, Taylor"
670764,R,2026,153,3.714945345646383,-2.862730569761413,-8.230912823299448,-36.229242739058684,11.049952460154959,-1.4437559077862065,-34.001744234104414,1.9505438901910896,-1.6180525561950068,-5.649969398258348,-8.490923867309121,0.9884164756099341,-0.25961073950710134,"Walls, Taylor"
670770,L,2024,342,3.279856810612757,2.647725110290613,-19.090551951629024,-8.868171812548256,14.623007406133993,7.978890803041561,0.5707563659016477,2.3349567982590003,1.9698346857293867,-15.85118932594948,-3.602792000091809,2.6328954036786008,2.6241588383936647,"Friedl, TJ"
670770,L,2025,686,8.428914803897554,0.5864205906052459,-17.677016940774436,-8.987588558008744,12.846834208441154,11.407759417975791,6.605323522136565,7.013879444430497,0.5005441392371844,-16.042560365917236,-5.199328614983869,3.9282824900363518,5.65496056736497,"Friedl, TJ"
670770,L,2026,272,4.646629677357284,-6.4377449080308,-10.049400181845284,-17.743355093134,-6.762766962665186,4.399707275427528,-31.946930192890466,3.079644726737014,-4.49343532672624,-7.995043883535316,-6.2529748734427315,-1.0054752787120116,1.2338993638758207,"Friedl, TJ"
671056,R,2024,260,-0.9593677120732094,4.518006255647139,-0.6360077045268014,14.349289439481062,-13.077119618148703,10.514886384513042,14.709687044892522,-0.6260948782937723,3.110137732348648,-0.5012619204851869,4.910108126915095,-1.8707750903678415,2.854118152010932,"Herrera, Iván"
671056,R,2025,451,3.616940332165689,3.3145183177457467,6.429905917544884,6.411588324131988,0.3236348122619926,9.719781868363603,29.8163695722139,2.7676327065062294,2.6285606873160403,5.567163322432053,3.041181157836524,0.07267239732764032,3.8155984240508998,"Herrera, Iván"
671056,R,2026,689,-0.7271175900628835,6.15282178188812,-1.305534263942606,-4.614766710848132,3.0504025947707443,10.987445757115356,13.543251568920601,-0.6054926207011191,5.255142679807426,-1.1852988353506002,-2.6745554918007994,0.9355747647800424,5.4585917873384036,"Herrera, Iván"
671213,L,2024,239,3.1894148627525376,-8.892852209653462,12.834666377447226,6.942624844595193,18.626003080698805,-6.416190762454337,26.28366619338596,2.019798806734753,-5.958578650163238,9.930626544478208,2.245850963912256,2.477998431051143,-1.636803089927337,"Casas, Triston"
671218,R,2024,514,0.6555476743979936,-7.248551388413439,9.708861358037273,10.292181312564749,-4.056186103774538,-2.2719048290901975,7.079948023721841,0.5164806789596539,-5.898034512310314,8.54671712558419,5.218049789567012,-1.0064803815065961,-0.9636019782754691,"Ramos, Heliot"
671218,R,2025,693,-2.251883368129532,-0.8963149475148696,-1.4438936769478825,1.2686179285438592,-3.5011617589105044,3.936530184725997,-2.8881056382329344,-1.8770230406972632,-0.7661903835455144,-1.3116130306591272,0.7370346641621447,-1.078139398720506,1.9613752232531736,"Ramos, Heliot"
671218,R,2026,423,-0.017271860394549424,-7.978322744288878,5.454111245555946,13.83311282060458,-11.835885695860586,-5.9044509564642,-6.448707190847686,-0.013013910405135467,-6.241659756827203,4.680724793603973,6.340765157331935,-2.5279935887746525,-2.228256299819807,"Ramos, Heliot"
671221,L,2025,175,-2.381140882965528,-6.542110872452744,13.391035633961492,-18.02765737622527,6.8547175530458295,-3.1966184040464705,-9.90177434868269,-1.329613646351351,-3.9114837022796145,9.56926667327824,-4.675059945531991,0.6924133641671342,-0.6408847253909314,"Waters, Drew"
671277,L,2024,526,-10.089588569329688,9.443402858970915,-6.660825619535719,15.583353467916247,-3.490100718895314,0.2371935802515961,5.023434999378037,-7.987855464495521,7.716751691329648,-5.8795851057526844,7.990501673022132,-0.8811288191603966,0.10194216310843268,"García Jr., Luis"
671277,L,2025,527,-9.045929833184545,7.935914158909014,-1.6260852756703938,11.645000768681195,-18.05845618138755,0.8801949380993268,-8.269361424552956,-7.16443015257883,6.487146028284718,-1.4356831439888351,5.976602362313199,-4.56560712667045,0.37870404415375875,"García Jr., Luis"
671277,L,2026,534,-11.568745396290804,7.6737360435062705,10.135203951363707,7.481032609509512,8.07401765276843,-0.6962334311378164,21.0990114297193,-9.18756508579406,6.287878188453118,8.962205447043319,3.864171824506418,2.061494848707614,-0.30180866721372196,"García Jr., Luis"
671289,R,2024,383,0.9101086165894877,8.101281432158009,-12.523614920354168,-13.45959040739946,-12.739468467723533,9.482021834967476,-20.22926191176219,0.6685313287559395,6.1969751313703085,-10.59093720475855,-5.839245861328076,-2.5144691981598193,3.3599033295035605,"Freeman, Tyler"
671289,R,2025,428,4.4797424060705255,12.734219861572818,-1.0339346046815001,-15.270057866247097,-5.679253185123639,5.656655070394757,0.8873716819858649,3.385121757432256,9.987725787484543,-0.8887962301554585,-7.043996169603357,-1.2242631251252187,2.1503825073284633,"Freeman, Tyler"
671289,R,2026,288,3.676061508024343,9.472677353204661,-11.74979200151813,-5.720539737541416,-5.6817866351384705,5.715326157802095,-4.288053355166921,2.482898854154566,6.724596224981549,-9.455214555467325,-2.091224198207857,-0.8866939654814227,1.6696076506455988,"Freeman, Tyler"
671732,L,2024,451,-1.4468863991354473,-0.887702108765506,0.9162914450548573,17.378485484778835,-0.3393516431627338,-0.123273057802817,15.497563720967188,-1.1071374568262713,-0.7039873192601701,0.7933466198391008,8.24306239518271,-0.07620162143047067,-0.04839208239963853,"Butler, Lawrence"
671732,L,2025,630,-0.691820161270529,-7.927327664721304,3.5218196557024686,2.0850527470586875,1.0392447028674212,-0.010113553064529247,-1.9831442734277862,-0.5672140032223014,-6.679488815353991,3.1701294546962644,1.1626446952700393,0.29930851761646293,-0.0047983195956445256,"Butler, Lawrence"
671732,L,2026,518,4.342310062643815,-3.881298664489303,8.923447285515046,-1.5883647675120969,-2.977456712521562,-1.7867689524778554,3.0318682511580457,3.426751775718672,-3.1627031575340214,7.862584131262423,-0.8083651016143542,-0.7431247402932039,-0.7612222545905576,"Butler, Lawrence"
671739,L,2024,469,-10.903359051660932,2.1028173643895403,9.47870795565479,4.716755320008803,-12.25496463851639,11.85794071444488,4.997897664320688,-8.418971662241823,1.6809796244061324,8.249368842897063,2.283345087172135,-2.8362712481127996,4.766066797623188,"Harris II, Michael"
671739,L,2025,640,-14.474503556607168,4.091647312071266,4.61138511723414,3.32613237934119,-17.678874970327495,1.1859828815577722,-18.9382308367303,-11.900942412896695,3.4560823672141656,4.157377341717294,1.8675916335830545,-5.148899836676494,0.5673419529169867,"Harris II, Michael"
671739,L,2026,608,-19.56538752682881,8.075049183777631,8.006727100514732,10.019007870732567,-1.906669919761684,3.825124558721552,8.453851267155986,-15.937527795217287,6.765423374446241,7.181223990368895,5.49867114034499,-0.5353400856328828,1.780941469598934,"Harris II, Michael"
671976,L,2026,470,-0.9610370404934641,2.8491857440224297,-6.671524335435209,2.367338000443057,15.814928053495231,4.475893348506833,17.87478377053888,-0.7424196479884955,2.2785945957104787,-5.807864994310652,1.1472695057662934,3.6661790916388313,1.801289702911172,"Peters, Tristan"
672016,R,2025,159,-19.303802704865586,-7.26280142295677,3.6649436415344674,-1.7525447711584188,13.444801411701656,-6.6957391255682825,-17.905142971312937,-10.32049235934342,-4.173504765866553,2.545862387957895,-0.42295795980518625,1.2454287392833134,-1.2424569995076074,"Clarke, Denzel"
672275,L,2024,349,3.360449253123738,7.175058472972191,-2.6844376526191613,-0.5556747544138289,-16.380933668234487,3.559266242399062,-5.526272106772484,2.4062352762850505,5.365599779162181,-2.236543199345589,-0.22846976161256236,-2.998729763604615,1.1865708774370407,"Bailey, Patrick"
672275,L,2025,331,0.48898796711335046,-1.0604818297225918,3.944050825172586,-13.632070886706023,2.2394348198890333,-8.50565352944061,-16.525732633694254,0.34481326045483157,-0.7823130401714843,3.25644496528372,-5.43101607281274,0.3925180098605309,-2.736375693853946,"Bailey, Patrick"
672275,L,2026,275,-4.551445302234955,-0.21408709420216537,11.165887865658384,-6.966638691008397,-19.27109147338968,0.8339809222207162,-19.0033937729561,-3.027697949713246,-0.14992306958805027,8.903147623546792,-2.4725963849955783,-2.8920479604331537,0.23574070404790623,"Bailey, Patrick"
672279,L,2024,332,-1.0649365138999372,-2.1588002264130055,-6.604375697032196,-11.312983820692367,0.7763509951464942,-5.113561378548353,-25.478306641439364,-0.7516148727644386,-1.5937971743316681,-5.455833742865119,-4.515273845243041,0.13641416001931186,-1.6484648658630487,"Siani, Michael"
672284,L,2024,449,-4.649896528495921,-9.930603979514391,11.537924389160116,-0.8758409603329349,-5.575448687006561,0.15329821650582046,-9.340567549683872,-3.5543188892249176,-7.868158096894483,9.983838471861592,-0.41446340179030533,-1.2476608849099282,0.06001637229562374,"Kelenic, Jarred"
672356,R,2024,161,-0.301978789512417,-19.262388586429736,3.4357758924325665,4.835093091913897,-2.418561156971704,-6.585158104571517,-20.29721765313891,-0.16238723871489244,-11.127760316182028,2.3957578662504644,1.1779999605319436,-0.22659200122256606,-1.234426691634971,"Arias, Gabriel"
672356,R,2025,470,-7.099791579177173,-18.404329073776193,10.561615554633171,1.958441982167606,-5.338897193423393,-2.1691056468075405,-20.492065956383513,-5.48472591888642,-14.71859279556101,9.194366111702028,0.9491085618246656,-1.2376504778731638,-0.872940296359909,"Arias, Gabriel"
672386,R,2024,385,-1.1689802491486192,13.90040025985575,-16.13253604479814,5.560865449258296,-6.261563847828978,-1.3191339587636255,-5.420948391425313,-0.8598743068975951,10.645939214079302,-13.653865958434746,2.419616273684063,-1.2410588905696047,-0.469001063088167,"Kirk, Alejandro"
672386,R,2025,504,2.938109634473394,11.79551776144952,-2.68579912109887,5.6529771115187755,-12.683398819368358,1.01620894043355,6.033615507408011,2.305120554333886,9.562480995412876,-2.3587088543744392,2.838248587269396,-3.1009313426970286,0.42614414002176193,"Kirk, Alejandro"
672386,R,2026,293,3.4873667961590025,9.28445572500369,-7.0031170690202975,-8.987883998806934,10.880124841483662,3.0286295692230967,10.689575864042217,2.368569123407451,6.623770572824448,-5.654345152121785,-3.3216096729594073,1.722752049113961,0.8955661418540803,"Kirk, Alejandro"
672515,R,2024,349,5.61542747052163,12.98996693729067,-4.5554450310808345,-4.281005621442562,-2.386899256628935,-2.5550169851086406,4.827027513551329,4.020902758293116,9.714062121249697,-3.7953757630823706,-1.7601669430254765,-0.43695103029804044,-0.851779141940062,"Moreno, Gabriel"
672515,R,2025,306,0.21845244735447214,10.198406184041966,-2.3690814622003864,10.224198568686713,-7.521154440006851,2.698108605754199,13.448929903630114,0.15041987328798448,7.365479083159966,-1.928586029297949,3.8824941067463863,-1.235056510358932,0.8224394572047855,"Moreno, Gabriel"
672515,R,2026,530,-2.2502190910087094,16.155280715259604,2.321727274497237,7.721158020141426,1.8206201459067806,-1.4692893993030238,24.299277665493314,-1.7842875704961292,13.219658355418602,2.051230321092354,3.973704216146186,0.46225106273058686,-0.6342073692911004,"Moreno, Gabriel"
672580,R,2024,627,4.6048101859086605,5.389162636700858,-11.97120563448419,-3.1174669090251954,-17.734982444668304,0.3876956763782348,-22.441986489189937,3.7721708487262444,4.537438366002193,-10.770610448034061,-1.7346566287814225,-5.090436631158255,0.1834787009887913,"Garcia, Maikel"
672580,R,2025,668,4.135031915473212,8.881084681835945,-8.137595618692064,-2.039082822760285,2.3772633798845613,4.493287801222513,9.70998933696388,3.425352891047044,7.550727757137117,-7.3668208876342725,-1.166364090157088,0.7135670427716525,2.1975144747449775,"Garcia, Maikel"
672580,R,2026,331,3.6808630570028984,4.5110391486412285,-10.299622525203743,-3.66000404754931,-7.107671496916215,4.411604748120879,-8.46379111590426,2.595586143899318,3.327774839507864,-8.503986232240011,-1.4581453525292727,-1.2458005233884037,1.4192687207237513,"Garcia, Maikel"
672640,R,2024,435,0.0913928272027442,3.2479966186758205,-12.669423844335302,9.495226016789667,-0.07191969234226595,2.6844462137453893,2.7777181397360513,0.06933370361709344,2.5563467103376007,-10.915613202324742,4.418399384009868,-0.0157017614375904,1.030776203084268,"Lopez, Otto"
672640,R,2025,592,1.3158607021691313,6.522355203529188,-9.948923492236432,6.71276182794275,-10.094184581346086,-0.33411156219834665,-5.826241902139794,1.0665259421872242,5.440699887829838,-8.898382110269248,3.639741419476627,-2.780125639090548,-0.15334432408395088,"Lopez, Otto"
672640,R,2026,671,-0.5552408170612498,8.788451176517803,-10.199608814977822,5.218959790981519,8.122614184156516,6.989560561273,18.364736080889767,-0.4603002535542572,7.476978012268806,-9.237436682051781,2.990990696076965,2.4457626829336725,3.426183327396458,"Lopez, Otto"
672695,L,2024,268,10.33488059772969,12.061636047046791,-22.22576787494558,-6.466413639498631,10.57475111914019,-2.070654109957726,2.2084321395147373,6.815340723983179,8.381035353501922,-17.62846158040449,-2.257027803680432,1.552507186579439,-0.5745452753937188,"Perdomo, Geraldo"
672695,L,2025,503,11.502583045126089,9.596477599604551,-11.745338484347553,2.355613478961327,10.341549646361495,8.40948624660782,30.46037153231373,9.02059219715311,7.776819282181538,-10.312434651133431,1.1815375778943795,2.524586738592361,3.5224263587042026,"Perdomo, Geraldo"
672695,L,2026,458,14.943738340383087,11.31686195958308,-11.355439029157775,0.36493474245648483,-2.2463556431144585,4.683940905579542,17.707681275729964,11.475927321234648,9.003253661283823,-9.85200923591256,0.1744999180788994,-0.5104705682778369,1.8559590066863547,"Perdomo, Geraldo"
672695,R,2025,219,6.733836958130003,18.1015944731663,-18.428646538869504,18.622394658101005,13.110900494284486,3.5116166956843777,41.651696740496675,4.126228905988214,11.774027448495517,-13.970209607942964,5.673582963033125,1.6163009259671182,0.8387722818273344,"Perdomo, Geraldo"
672695,R,2026,197,9.569495204730426,18.314923463287712,-9.439863858453197,-16.455078732924047,2.123946302934657,-5.708873885657753,-1.5954515060822032,5.620739091505847,11.465217818164971,-6.967826952452694,-4.652039983366807,0.2384884325637935,-1.2567744836785992,"Perdomo, Geraldo"
672724,R,2025,265,2.0431060659748512,-12.238922600997997,-3.835167611752824,-12.983064964165026,-2.108566170330036,-7.524530993945734,-36.64714627521677,1.3421526565061754,-8.47494614514207,-3.0347729980385725,-4.498439809256169,-0.30660278561371074,-2.0708957532242738,"Peraza, Oswald"
672724,R,2026,366,-9.77114758858714,-3.3100719123046622,-6.530586691776364,3.7882370282273627,6.113615028593347,-6.023663856298748,-15.73361799214621,-7.090100611215354,-2.504652322629212,-5.483463675829815,1.6013596839225956,1.163314000647065,-2.072305501369075,"Peraza, Oswald"
672744,R,2025,234,-7.41081883788407,-13.797758927024033,23.302506230123427,-10.331874434569178,-14.654094363637792,-4.816036716989975,-27.70807704998162,-4.656648842052391,-9.180343857558677,17.94320677240419,-3.294605325400153,-1.914118125278485,-1.2093469659090317,"Canario, Alexander"
672761,L,2024,325,-1.4751613891877502,6.893464450073065,-16.271657881083705,6.994329384879575,7.552493358547311,-2.1967749305562476,1.4966929926722514,-1.0345887649037349,5.060773099710757,-13.391754387987035,2.7559316772535998,1.3039139076472597,-0.6979897307476067,"Pérez, Wenceel"
672761,L,2025,274,-7.145930538222124,2.1283634959910147,-9.689111769159288,6.923761862086912,0.29612492068858726,-7.803063669675246,-15.289855698290141,-4.747792130731644,1.4888433112613801,-7.719927061966058,2.4516067217686395,0.0443025852957422,-2.199926217514684,"Pérez, Wenceel"
672820,R,2024,368,-12.913332865616228,7.392816762566867,2.0418002026650366,11.16701119853514,-21.30027609187476,-2.078852295292465,-15.690833089016413,-9.384114145351754,5.6013751228881885,1.7159105030656363,4.735364275009422,-4.070984889075391,-0.717740975627542,"Sosa, Lenyn"
672820,R,2025,544,-22.029455756222458,8.482855557804104,3.7148330307622373,16.412655462303118,3.032519146071228,-2.981145953552116,6.632261487166115,-17.561606980095252,6.974025131111596,3.2919000433970016,8.553634856263372,0.7850226444676147,-1.3058895770414696,"Sosa, Lenyn"
672960,R,2026,617,4.040705551559793,-8.782676018942691,18.617006903172935,-4.204220559203301,4.836416593428806,-1.5088149965064968,12.99841747350905,3.3003950999337226,-7.375734798238764,16.722720714943662,-2.322662642139265,1.3723291098825796,-0.7080089813230048,"Okamoto, Kazuma"
673237,R,2024,619,-12.614297672740092,5.587759689434723,-0.3560721873485333,11.288309003134328,-0.18641257563728741,5.690600432301434,9.409886689144574,-10.309295017680492,4.69505837828318,-0.3199469173871633,6.24536724460466,-0.053017103566168636,2.674892077351998,"Diaz, Yainer"
673237,R,2025,568,-15.739105996576809,6.445047939037366,-4.806382510273332,9.652205182848416,-4.541143316045801,2.799035836712052,-6.1903428642981115,-12.655470300573139,5.338802813716129,-4.279764879519865,5.134231307996657,-1.213560575168453,1.2559377984345577,"Diaz, Yainer"
673237,R,2026,339,-8.383266008181316,5.179105580482471,-3.1732673906783715,0.12549233093562134,18.586050229093498,4.384436453738272,16.718551195390173,-5.952938475284518,3.8444017814134783,-2.630863871256079,0.050716155619152124,3.322339976043805,1.4334736401542842,"Diaz, Yainer"
673357,R,2024,423,-4.580170143697309,-7.963715250696926,13.784155794188631,-8.94138044432115,8.53322841159994,-7.649779428450518,-6.817661061377329,-3.451042477691829,-6.230231915685246,11.829578987287778,-4.0985130617421515,1.8225882938037166,-2.8869185855486212,"Robert Jr., Luis"
673357,R,2025,428,-3.19438047321517,-6.502811414247322,20.32584581003097,-9.093257375267461,-7.343126761784618,-3.432039985747786,-9.239770200231389,-2.4138367480112604,-5.1002965206543065,17.472609049816715,-4.194671079942912,-1.5829404015868593,-1.3046930841566817,"Robert Jr., Luis"
673357,R,2026,230,1.0983969752733405,-0.950736244358576,36.541013504418345,-31.367267323305533,-2.310130353730701,-4.773631908215096,-1.7623553499182276,0.6857544932762714,-0.6289124351961696,28.02492083723078,-9.885228503037965,-0.2972548867890535,-1.1832873899411092,"Robert Jr., Luis"
673490,R,2024,465,6.995512213205429,9.61029142624657,-20.526316699132096,7.721251990553402,-7.663633837438397,4.143576543149215,0.2806816365841203,5.390981599242748,7.669175230820492,-17.844252188534885,3.721284145709316,-1.7620111528731273,1.6569051030790407,"Kim, Ha-Seong"
673490,R,2025,191,-0.23903305743008102,8.715182794256055,-12.016303096621554,-2.5674058148793044,-0.5928156671908817,4.5580500897342535,-2.14232475213151,-0.13860183833817238,5.392387668920016,-8.797199823589766,-0.709840577647726,-0.0647587375552548,0.9794332522091491,"Kim, Ha-Seong"
673548,R,2024,582,3.9774846958677403,-3.768257852793641,3.9642639499623344,14.752684050541802,11.677283388555662,-2.6134321585311024,27.990026073602795,3.2133525035259067,-3.1344056039677595,3.53924223153757,7.936657489051991,3.1765923028021175,-1.188416834928314,"Suzuki, Seiya"
673548,R,2025,649,4.256600471128801,-1.4567087238874654,8.934281986038945,9.900940957365247,-2.01480126810099,-3.008429179476574,16.611884243067962,3.508429053129101,-1.233090985387379,8.065681276713208,5.593296976883653,-0.5926273271746103,-1.4496368720448485,"Suzuki, Seiya"
673548,R,2026,612,7.786533722503999,0.37201368333482465,6.726235744430738,-1.0761123654481375,9.812956927265258,-4.396989885116353,19.224637826970326,6.350432658388306,0.3120105787036332,6.036820816005485,-0.5923429414926323,2.7682193605407495,-2.0543721657988656,"Suzuki, Seiya"
673962,R,2024,188,-10.552234096540497,-1.8810464912933325,-0.050536848894337266,1.1314937681936001,16.465390363412972,-5.064478450799613,0.04858824407879388,-6.077897610615631,-1.1568309144034663,-0.03684080631322334,0.30926661646040843,1.7734584452524758,-1.0747890095929922,"Jung, Josh"
673962,R,2025,511,-4.85631803026811,0.6738900965660455,-0.32322614781791204,9.445515107596849,0.06782925778209307,-9.23420560574233,-4.226515321883368,-3.8213460751479205,0.5477348541963475,-0.2843363800355265,4.774976541561401,0.016756824182179275,-3.9033842489012875,"Jung, Josh"
673962,R,2026,435,-2.054138791392145,7.184272608521835,3.0655616959911502,1.9762113030537753,-0.7976461294092962,0.9719394809251201,10.346200167690439,-1.5583394726898339,5.654406024736188,2.6412002733860414,0.9195874630731877,-0.17414492231137826,0.37320624367358324,"Jung, Josh"
675961,R,2026,226,-7.672850292195574,2.097855917073998,-5.728973820589951,-16.386575866644087,30.91748343984282,-2.593665623832436,0.6332737536547692,-4.758695619177061,1.3794680030281652,-4.3757541687541535,-5.102296143958417,3.9178717673130268,-0.6344715730881723,"Williams, Alika"
676059,R,2024,447,1.7503296659357277,-2.568792973516238,-7.4279832924769496,21.257839816667058,-7.243423348945318,5.698375923619055,11.466345791283336,1.3365196950409355,-2.0334015087696407,-6.423609386681385,10.035930653304915,-1.6153063506029908,2.224861266045882,"Westburg, Jordan"
676059,R,2025,351,1.3509678678179595,-3.8792539689281225,-0.7637720648769689,5.948490793918976,10.767619781743733,5.642942567839279,19.066994977514856,0.9689224385680308,-2.9051299157718753,-0.6369433696231827,2.4539994636451374,1.980362593418383,1.8883896818405546,"Westburg, Jordan"
676356,R,2024,363,-9.787047535678651,9.135206732956531,-10.960023936996425,-3.3271149963063698,3.1528632575783737,-4.457472894031724,-16.243589372478265,-7.085570367021872,6.898520132252787,-9.19050036720828,-1.399756527020261,0.5959467240411881,-1.525224235526033,"DeLuca, Jonny"
676356,R,2026,349,-8.628052142004693,3.116829618972909,-1.3297244425596988,-16.266082896670206,26.333392432162178,-3.2939112502382906,-0.06754868033779803,-6.178079734553284,2.3308047423228295,-1.107861885378053,-6.6879196009051824,4.820648765346974,-1.0981081201052716,"DeLuca, Jonny"
676369,R,2024,230,8.2254633555971,-8.94794141108745,2.87102053851468,-8.353419436460387,-7.656436272618599,-4.914181489209324,-18.775494715263978,5.135345947193937,-5.919067097979725,2.2019127439967914,-2.6325359828134247,-0.9851881707668149,-1.2181268057255075,"Velázquez, Nelson"
676391,R,2024,450,-7.806620142047125,14.449291363721443,-23.166022553904455,1.275506026060858,15.828522374311042,1.1491326773243198,1.729809745466082,-5.9704023314541175,11.453664213781979,-20.051706742570268,0.6042993747631182,3.5481901770410915,0.4504955159601279,"Clement, Ernie"
676391,R,2025,587,-6.28953131743812,10.291030608237703,-21.32869142306016,-5.18183587543816,9.217973383419709,5.682487980822569,-7.608566643456456,-5.089550199916772,8.572276020837467,-19.059378185884345,-2.7987413072144873,2.5232277075276914,2.596078829015425,"Clement, Ernie"
676391,R,2026,605,-12.373353467021683,10.78942155095778,-19.70747430234082,-14.460499984681467,11.546785820946884,6.387948025370475,-17.817172356768832,-10.069798772062494,9.032310164874632,-17.666578245312554,-7.918552560985596,3.230496232203045,2.966306995215686,"Clement, Ernie"
676439,L,2026,240,2.3491023626196434,-2.9866612352232487,4.787484932217291,-0.6114062254752761,-8.355387700270494,-2.9538136791937104,-7.770681545325793,1.4899206698234166,-2.0039415837973245,3.707738697938213,-0.1983412337563707,-1.1156285517295512,-0.7558790252336158,"Feduccia, Hunter"
676475,L,2024,594,-4.952017572071301,9.483051748932562,-1.9678421262363,0.33892881815718284,-6.830354813834947,3.728610880113616,-0.19962306493918688,-4.016251024814745,7.914819455601596,-1.7606768219752398,0.18405504067612238,-1.8858071342594118,1.7144117301862025,"Burleson, Alec"
676475,L,2025,545,-1.545448016016702,5.594333608609481,-2.2510201060967683,6.864856605555584,3.5086932714846157,3.75952064821374,15.93093601174995,-1.232470498617717,4.600780970150221,-1.9951587094965473,3.580841223553634,0.9095258043961695,1.6485560735417781,"Burleson, Alec"
676475,L,2026,652,-8.509637705013946,7.3756553957734505,20.243044190269362,5.303210723135257,-12.486602210097184,0.28697635550562783,12.212646749572572,-7.019598238376669,6.247839758725987,18.28317192361604,3.0019300419081003,-3.6847374445802963,0.1386124317199811,"Burleson, Alec"
676572,R,2025,514,-1.6125314391745864,2.8295416177624944,-1.4614432141543938,-1.2362125103310122,-6.941246102436524,-1.9344301463766338,-10.356321794710658,-1.2704512045039256,2.3023543907349433,-1.2865094356448021,-0.6267493967987037,-1.7223637788242407,-0.8204660212948672,"Wagaman, Eric"
676609,R,2024,483,-9.213933810833634,-0.7808693155008658,-12.42767421982556,4.448771560052858,9.516631067954492,-9.684441077671638,-18.141515795824347,-7.161790842556736,-0.627873133160187,-10.856682719662023,2.1863099445522733,2.2526989954316337,-3.9611389633969107,"Caballero, José"
676609,R,2025,368,-2.260486295680306,3.5677771743596303,-10.751116645297811,6.525084151634367,8.003613173898712,-8.160343144687491,-3.075471585772903,-1.642694542409681,2.7032265170775753,-9.035141610462826,2.7669579472735504,1.5296791529089802,-2.8174260688874604,"Caballero, José"
676609,R,2026,441,-13.516824994152547,6.059609951738437,-4.815172167126485,2.2452531697252254,11.390760463461355,-4.792683974087078,-3.429057550441094,-10.28810767910338,4.783094219837759,-4.1564427824092265,1.0524362004155678,2.513603393564029,-1.8558536397825425,"Caballero, José"
676694,R,2024,513,-0.34594453877908515,-3.282655363797846,-14.669455076910488,1.4867509412364794,-8.357847463984687,10.98071955555943,-14.188431946676197,-0.27244367060750957,-2.6700763205946716,-12.91051864555644,0.7530465841680714,-2.0708366148819484,4.652122154800305,"Meyers, Jake"
676694,R,2025,382,4.073609757263926,4.132654453486541,-17.52993208287205,6.694445294796774,-4.4910461596620275,6.712913792154509,-0.40735494483233003,2.990241671816184,3.1592789095835805,-14.81867958682054,2.8999887990877995,-0.8845675181483618,2.374671157003272,"Meyers, Jake"
676694,R,2026,153,-1.213232116015328,3.3641088029042203,-15.173500166776025,-17.05332517980663,13.139208978479813,0.8091592033465078,-16.127580477867443,-0.6370113880815526,1.9014380554545014,-10.415589795104497,-3.9967295708915476,1.1753001361445945,0.14549995468546392,"Meyers, Jake"
676724,L,2026,343,2.912982937313895,0.7137993050880355,9.558030566582469,-11.920454956373398,5.882133594472381,0.21252310940523292,7.359014556488615,2.0755195634817585,0.5314437465092651,7.940113022424955,-4.851213017537284,1.0616252099035879,0.07003325792380341,"Young, Jared"
676801,R,2024,267,-3.402316359945461,-11.177421834605097,3.2688508310472453,-0.409354402901263,-6.360795898711083,-3.006694291294474,-21.087731956410135,-2.2408006792646433,-7.757772339898005,2.5906958102662854,-0.14253297393457068,-0.9308707144284151,-0.832017217569415,"McCormick, Chas"
676914,R,2024,454,6.435730359588974,-11.252784314216107,1.8748331705587413,-5.754403673482253,-1.3368134577593218,-6.3627813062712395,-16.396219221581205,4.9321847831608565,-8.93617991747745,1.6247150430233988,-2.738975741815291,-0.3017283799053852,-2.5078402589942668,"Schneider, Davis"
676914,R,2025,227,10.0683387591178,-8.262703757389822,-0.6857676284902319,-6.598202163387119,21.72841971009476,-4.781440739983234,11.468644179962151,6.254840821711246,-5.441439474811619,-0.5243305966710349,-2.060736907935531,2.764064642139528,-1.173557977875692,"Schneider, Davis"
677008,L,2025,167,-12.130774071883463,1.207856765228346,-3.1886146983081844,0.9515386906727303,-12.666475388197721,1.6492504480474557,-24.177218254440838,-6.633417050862485,0.7085213999379,-2.247859675960628,0.2383044018771367,-1.2266486325846886,0.31845853946609665,"Kjerstad, Heston"
677587,L,2024,316,-3.981662527902744,3.1327819817720672,-17.064226673413557,-3.897979967534506,-9.302219368756582,0.9593782855153811,-30.153928270319945,-2.7689436343966136,2.282619029184199,-13.97360876317674,-1.509838535335573,-1.5690262179289727,0.2990165654983511,"Rocchio, Brayan"
677587,L,2025,269,-2.5642398396186152,4.9676103124468085,-13.117990908087569,5.238529336771466,-15.275275603976356,1.694341684991303,-19.057025017472963,-1.6931323618204672,3.455667188100991,-10.412596542886488,1.8328842694558958,-2.2497391191337535,0.4713958685497736,"Rocchio, Brayan"
677587,L,2026,384,-4.5473727854635975,10.232505944007235,-11.830487688069313,-2.0096955953135884,5.071807670291223,3.180126209334755,0.09688375478671382,-3.3426384435271985,7.832023295006009,-10.008797574049908,-0.8731643363570847,1.0031514042300176,1.1287584695194166,"Rocchio, Brayan"
677587,R,2026,192,2.3013713707643624,3.0618869983589443,-6.886317130824699,-13.615525467057399,-9.3921611187362,4.221023674747174,-20.30972167274782,1.3373625084460121,1.8982658079098622,-5.048553805283107,-3.778682151435087,-1.0307747703640757,0.9107372137335429,"Rocchio, Brayan"
677588,L,2024,169,-9.549066339944565,5.073958768259941,-1.569924182095286,8.253683714025426,-12.686723262207602,-7.924957572452389,-18.40302887441447,-5.249828221507708,2.990986259016585,-1.1106183498354856,2.085561691601631,-1.2418830473389504,-1.5450065518003109,"Tena, José"
677588,L,2025,169,1.274319017366334,1.8544348166105409,-7.613327275619792,2.32113380266031,-3.8273017290811393,-3.1429105750106805,-9.13365194307443,0.7005874399038459,1.0931482315979109,-5.385929506685656,0.5865099642337772,-0.37464844437458344,-0.6127247225894416,"Tena, José"
677588,L,2026,287,0.033753803273594306,-11.381761031777742,16.77212836848038,-10.119465813605746,10.195944500330244,-9.742004506516778,-4.241404679816046,0.022772362854023686,-8.071684114534111,13.487578204167459,-3.6911542488085125,1.5865037366671422,-2.838911702032571,"Tena, José"
677594,R,2024,614,-10.501909737818291,-4.559995589113161,6.036311899630891,17.055688617532432,-9.187294065578046,3.254045770470464,2.0968468951242922,-8.570149807224485,-3.8265118128257987,5.419421031636531,9.402022279866525,-2.597795667701548,1.5230061472606418,"Rodríguez, Julio"
677594,R,2025,704,-2.804279341068069,-2.9828413376200413,8.3623171529167,6.578394572693986,4.767606476479275,5.2499915538339845,19.171189077235837,-2.3435599251344055,-2.555597657508406,7.607102466309163,3.8470672859497013,1.4841744464199338,2.636476610871994,"Rodríguez, Julio"
677594,R,2026,633,-12.406181237965543,2.8812613066281947,7.213030755355783,11.408088668024625,-15.508235239206035,-0.7319958838169944,-7.144031630979973,-10.180350516185982,2.4295350946000807,6.495809145491351,6.374621025161897,-4.481584498226749,-0.3481586068535913,"Rodríguez, Julio"
677649,R,2024,284,-8.357901415472181,3.1328899119748677,-11.284657803831935,-9.70077306998711,10.550805962214453,-1.3573156814615999,-17.016952096563507,-5.619434982753862,2.214969189324528,-9.056006163341483,-3.514847102841212,1.6272064956093268,-0.392595925836047,"Duran, Ezequiel"
677649,R,2025,219,-5.767230412423592,3.932487670567342,-8.883356933062771,-12.192608443122387,-5.545422522583586,-10.987884930975905,-39.44401557160089,-3.5339306524945906,2.5578530025499546,-6.73420905411067,-3.714655220656091,-0.6836350838020689,-2.624527137981008,"Duran, Ezequiel"
677649,R,2026,579,-1.7107811075621682,0.9182688592155179,0.465321908425126,-0.3305883306899338,17.073659379592097,-2.0539557730532394,14.361924935927398,-1.380740970257809,0.7631433009271666,0.4152025741534842,-0.17742536557657498,4.627125273013206,-0.9313724953528442,"Duran, Ezequiel"
677800,L,2024,449,-1.543532710028166,-5.94398539444621,14.081582772701653,-5.0302790719166195,9.791105886020459,0.8789107007723346,12.23380218310345,-1.179855816956046,-4.709503762873995,12.184882054079408,-2.380416845666385,2.191030806626939,0.34409423041237536,"Abreu, Wilyer"
677800,L,2025,412,3.968091095871086,-0.5581118835705258,9.127344254076169,7.048849313649661,3.986838071521336,-9.543241376754487,14.029769474793236,2.970305870842069,-0.43410331126371254,7.803554352887704,3.1849651869084266,0.834025956673758,-3.542595108131686,"Abreu, Wilyer"
677800,L,2026,660,0.5665093780303273,2.61226464484348,12.541468479084518,1.5751567156436428,-4.432256995120184,-4.466730198779492,8.396412023702291,0.4683074074150766,2.2169307765445283,11.34054881316946,0.8963462845156254,-1.3192098678556978,-2.171080251704512,"Abreu, Wilyer"
677870,R,2024,210,0.8796874937717029,-5.517869815881849,-3.398800251235059,5.239549311131963,-0.06269345164147154,3.707675916449176,0.8475492025944649,0.5302378790612686,-3.5360770175735348,-2.5500891413166813,1.550111325269168,-0.007448913063008362,0.8576261497157225,"Jiménez, Leo"
677870,R,2026,196,0.6945162228030032,3.0377736934676887,-5.068040041587667,-5.810858897800047,-29.649749607199485,2.607414840032858,-34.188943790283645,0.407074061359652,1.8980371682041735,-3.7358703590814035,-1.6368065177595066,-3.3142271466200763,0.5717319617850737,"Jiménez, Leo"
677942,R,2024,185,0.8677517702137536,-3.544173898746877,-0.8830808287825893,-21.206794750189694,19.500356001273506,-4.409828170889711,-9.675769877121613,0.4963962545931522,-2.1661192150658954,-0.6409394160135315,-5.7288591365982695,2.070391565376267,-0.9240538331632956,"Alexander, Blaze"
677942,R,2025,265,0.6592894086658794,-10.687273318057592,1.9965183974568024,0.09922813730917861,9.228397201720261,5.146028832680166,6.442188659774692,0.433098920307443,-7.400493389962791,1.579847541505481,0.03438108060785273,1.341884513092769,1.416286179715599,"Alexander, Blaze"
677942,R,2026,289,5.400077798645902,0.46605687610477925,4.374507709736855,17.193884833823105,-14.504564032336605,-4.137731916509136,8.792231269464903,3.6514411564019458,0.33118340178817957,3.522605118725276,6.299296466944794,-2.2701972773048795,-1.2117159223438225,"Alexander, Blaze"
677950,L,2025,470,-8.565511949818692,-3.943666201465561,-4.636944242029496,3.9418793902066223,-2.534743040025192,1.1093162208843128,-14.629669822248008,-6.617023172551582,-3.1538893218169766,-4.0366706002724415,1.9103305142511566,-0.5875981164494527,0.4464359917373481,"Thomas, Alek"
677951,R,2024,701,-1.8380782580458732,7.804977790625236,-1.9667030896047857,29.698010311121845,2.6387379985398973,8.586131406273054,44.923076158909375,-1.535018246527627,6.682944679397506,-1.788395671244978,17.336691233429256,0.8190354266530436,4.3026755059899635,"Witt Jr., Bobby"
677951,R,2025,679,-0.568953928265463,4.150239445617235,3.4399093129377745,12.988703606821284,0.3579824517755807,2.544037853985351,22.911918742871762,-0.4726207070800011,3.537131124379809,3.1188746235855946,7.481467911027401,0.1086853946051778,1.2545870901099168,"Witt Jr., Bobby"
677951,R,2026,599,-3.688106708336985,5.148399271721494,1.9842432066617162,22.059322298559156,-18.182251690473898,4.81560166085175,12.137208038983232,-2.9959028511073056,4.302937393811434,1.7769127512858027,12.025165790890677,-5.050494702734772,2.2242385696672975,"Witt Jr., Bobby"
678009,L,2024,297,4.713494994067719,-2.487057196085096,-12.655946426460908,9.134315164590658,7.959859962165699,-1.5751918665569402,5.089474631721134,3.215229824449599,-1.781205569188905,-10.245036968970084,3.404633276571321,1.2748097670242542,-0.47024494963136093,"Meadows, Parker"
678009,L,2025,213,4.900964301243292,-7.643727799715018,-10.66222940938744,4.807574758722405,-15.471702734843547,-0.15090734233754083,-24.22002822631785,2.9707120556716378,-4.92331889181849,-8.028009196165032,1.436559692405753,-1.8613696092274417,-0.035288580801300394,"Meadows, Parker"
678218,L,2026,189,1.1888887914060322,-4.745218421983433,1.7888967382826573,0.486927248899083,-5.192357446550522,-0.062192309308009786,-6.535055399254193,0.6863183662833049,-2.924234225738585,1.3059586633669975,0.13360353977653397,-0.561912611075066,-0.013253761672538692,"Valenzuela, Brandon"
678246,R,2024,237,11.552923085292901,1.17553920709593,-1.5747663034879278,-24.842598901765985,-6.062800537012153,-7.571727496738404,-27.323430946615638,7.293685922639913,0.7854727523000073,-1.2161292178612912,-7.990646889761977,-0.8007350755779227,-1.919520255545787,"Vargas, Miguel"
678246,R,2025,570,12.92922549999554,4.0958432262388325,-2.4835623296243905,-7.369864019628954,-1.6816414778738966,-1.6712886485819964,3.818712250525134,10.403258626715699,3.394866404663432,-2.2122980545897253,-3.9266502573452784,-0.4505548963225205,-0.7513668611456028,"Vargas, Miguel"
678246,R,2026,678,14.691956046526403,2.2789759862027337,15.037921308028737,2.6631125166871175,-9.748016837569544,-1.848147184882529,23.07580183499291,12.201320164960729,1.941883347522525,13.63260825183301,1.5329889208898249,-2.95651352959846,-0.9107291896571469,"Vargas, Miguel"
678391,L,2026,361,9.284147767591412,5.121139346923248,-12.5312774293828,-17.631196566464077,4.999946624041704,-1.205503187846164,-11.96274344513668,6.711220895657199,3.862028211013401,-10.498680216583464,-7.393922673277481,0.94085081344082,-0.41099207909327234,"Vivas, Jorbit"
678554,R,2025,264,-1.7943267127844995,5.861355296694416,8.316947812414105,-16.17504042087536,-4.615336015891095,-4.787270357520255,-13.19367039796269,-1.1771952527998972,4.054022720796121,6.576012852413934,-5.5905729519242495,-0.6689422197024463,-1.3139416710323626,"Mead, Curtis"
678554,R,2026,331,8.559112921662923,7.6034648338833,1.9675004039918704,7.8555822829990225,1.5386904454220727,-3.23726585047259,24.287085037486598,6.035517909657566,5.60904442048593,1.6244863640905662,3.1296634234697507,0.26969470424614234,-1.0414691307511097,"Mead, Curtis"
678662,R,2024,696,-12.644663877861591,-4.471948277324645,-4.418672395872173,12.603127471738988,17.515827746909483,-5.177906786564186,3.4057638810258783,-10.547334697909797,-3.8251166215359307,-4.015446492501004,7.335344347004163,5.409920146594396,-2.5854824840388653,"Tovar, Ezequiel"
678662,R,2025,390,-8.683987468184304,-2.081223860806995,3.0374436534596594,12.052434138685657,-12.03847668302842,-0.054481566113073206,-7.768291785987477,-6.409464794313463,-1.5987517186397295,2.575832015223583,5.2824516592796975,-2.410840762691967,-0.019531594827751925,"Tovar, Ezequiel"
678662,R,2026,490,-10.229164437921535,2.0839255057692814,4.552796706838397,-7.685706362669332,-13.11317263785438,-9.603169598364373,-33.99449082420194,-7.976286038736012,1.6803240018108045,3.984469729289941,-3.804715023389333,-3.138262856834166,-3.961341081642998,"Tovar, Ezequiel"
678877,R,2024,198,-16.081178346086258,-4.074663265902365,20.44215497775471,5.880879150655707,7.656191902532124,-0.04122559153320409,13.782158827420712,-9.465167354729516,-2.5555832120938335,15.108907903863026,1.668637083358394,0.8635512030402875,-0.009111454694537004,"Noel, Jhonkensy"
678877,R,2025,153,-27.380262632643152,-5.835312968007565,21.917472286308147,-37.5054112403942,8.658445374563737,-13.748006597735646,-53.893075777908685,-14.37609413352945,-3.2981947947932166,15.044874166845648,-8.790015119774516,0.7744965503016662,-2.4721146700340855,"Noel, Jhonkensy"
678882,R,2024,570,-16.16771698627613,-0.9151904700408565,-1.382678847141699,4.2341268527138025,14.617617292866893,-6.177798275442449,-5.791640433320439,-13.009050017097552,-0.7585615974522824,-1.2316573202801666,2.2559351504396226,3.9164347041419734,-2.777373557193868,"Rafaela, Ceddanne"
678882,R,2025,589,-10.158114819861696,6.871059785398671,-2.2724386896365965,-0.030104516211004757,0.4080879286340162,-1.2530987831500873,-6.434609094826697,-8.225374536055671,5.726738705705552,-2.031391458456872,-0.016285064570911518,0.11198170781816152,-0.5735435014061971,"Rafaela, Ceddanne"
678882,R,2026,568,-13.760950085770247,7.698064948852477,-11.145963788833392,3.3693797445615736,21.71320849656422,-1.4402448326075579,6.433494482767072,-11.064878472513747,6.376748660032713,-9.924741584734289,1.7922510602859705,5.802568198791736,-0.6462432172346526,"Rafaela, Ceddanne"
679032,R,2024,363,-11.024459537389845,7.851333358540465,-19.41616263026243,-2.1176281727048503,17.3701693921958,-0.29540332399726044,-7.632150913618126,-7.981424788813447,5.928993488841389,-16.28137409270156,-0.8909111527062632,3.2832681596443383,-0.10107886682134111,"Rojas, Johan"
679032,R,2025,172,-8.663045719754061,4.686280085272468,-12.00442662969012,1.1029588673479112,-7.163961013852958,-12.31251856361458,-34.35471297429134,-4.800413727429258,2.7823808648890966,-8.535901938953932,0.2823791393911456,-0.712479191824985,-2.43456648025417,"Rojas, Johan"
679529,R,2024,381,7.3347672947537745,-4.267861847223155,0.2169278505461412,-8.523963840500826,6.599695615188387,-5.191856019328435,-3.8322909465641155,5.3803454891153555,-3.260624825562609,0.18330247304617953,-3.6870388217070427,1.2971582773436896,-1.8334920023604122,"Torkelson, Spencer"
679529,R,2025,643,8.898690435582317,-3.610357508584699,4.435617125403956,2.8167261054785024,2.2331402513071694,0.8633088763332548,15.637125285520503,7.3225811385401185,-3.051764094354267,4.0007520922034,1.5848072592250562,0.6525507851066317,0.4139910232468943,"Torkelson, Spencer"
679529,R,2026,598,13.706267937538998,-14.186257796411583,6.859383875114359,-0.8348028425161873,5.205605933476004,-8.293729968455734,2.4564671387458556,11.130307975324534,-11.85335819231103,6.141584512319608,-0.4547289491492952,1.4442199650647134,-3.827278565799317,"Torkelson, Spencer"
679822,R,2026,242,1.1359270081634847,2.913966913449279,1.0719819770014323,9.065621001435042,17.456609071061887,-3.752727954741188,27.891378016369938,0.7226472713176783,1.9604975205511581,0.8317626831412089,2.9574156869887496,2.347653839065563,-0.9662627977824504,"Foscue, Justin"
679845,R,2024,171,6.727573729100795,8.614403773941737,-14.534141243911078,-23.850442444998205,-13.876226572646944,10.247011858475487,-26.671820900038202,3.7182244263522817,5.102499423928314,-10.317255077251332,-6.079730383371424,-1.3728061187646212,2.016690227707919,"Loftin, Nick"
679845,R,2025,188,3.447003434396551,3.9215550721416013,-18.197257883976455,-9.494283853001159,-9.608303736905,8.802896374471846,-21.128390592872616,1.9854121644791043,2.411729939152089,-13.265600602384858,-2.59503421536296,-1.0348936181087316,1.8681600421015774,"Loftin, Nick"
679845,R,2026,424,4.572676588150388,4.240820186000916,-19.800457671567962,-5.530028340583785,8.280769331981306,8.26642126352107,0.030201357501929968,3.447400686541108,3.3194135580331676,-16.998461268265427,-2.53807373955284,1.7719527923930674,3.124218188949196,"Loftin, Nick"
680474,R,2024,459,10.750791862466288,-8.049106307345419,-14.90180149893682,6.696760988816906,-8.321066027828206,-0.9442666181810443,-14.768687601008297,8.260162883371521,-6.406408229918714,-12.932573154540096,3.2058178402717994,-1.8941001552144603,-0.37464785384627963,"Schuemann, Max"
680474,R,2025,213,13.708573822297389,-0.6586446316204935,-21.776094098623293,-3.7839809822303194,-8.90776469456621,2.5436556848326113,-18.874254899910316,8.309431168399335,-0.42423247436583295,-16.39607224417679,-1.1306978734006379,-1.071675352918573,0.5948153202786398,"Schuemann, Max"
680574,R,2025,575,-0.6645924695735246,-6.522370512870737,-6.609858638093238,4.709057555611238,-2.553177704622257,-5.678495656980097,-17.319437426528616,-0.5356618706571981,-5.414166776965792,-5.893501822065775,2.519211984380688,-0.688444354746146,-2.565178158854216,"McLain, Matt"
680574,R,2026,481,6.2244698226639,-5.202182854837803,4.424445224864943,-3.107616655901994,-15.702903600068554,-8.802946320641956,-22.16673438392147,4.833668991714618,-4.179511156231751,3.863117310169045,-1.5239884657235057,-3.7053030575254953,-3.5917631539608568,"McLain, Matt"
680700,L,2024,317,12.30330079360246,1.0622995466170755,-19.78325460619881,7.469136797033784,-8.755966261189633,2.424979134519438,-5.279504595615686,8.564239090680735,0.7746797540172847,-16.209436294578712,2.8986880699972764,-1.480771782155144,0.7574559954212954,"Palacios, Richie"
680700,L,2026,382,-1.467954888831264,7.214491977768707,-15.707751420382225,4.858641851164211,6.013074007116694,-2.7646092411672707,-1.854107714331148,-1.0775553237769666,5.515242710286482,-13.278324994510383,2.104731060855306,1.184349873464208,-0.9779714187685958,"Palacios, Richie"
680718,L,2024,225,-6.334660543663322,0.921622203663668,11.067523909711323,-9.994635697153305,-12.420377429057604,-5.624175318415133,-22.38470287491437,-3.9221308358192375,0.6051017804676592,8.444440125529601,-3.1025390510991784,-1.5678284249078298,-1.3712020344037856,"Barger, Addison"
680718,L,2025,499,-5.33858815244333,-0.9682940604774923,12.108433037120497,1.9568517454548184,-5.797560047444827,0.5665870436236001,2.5274295658332666,-4.179415525150311,-0.7834978405896539,10.620845997350521,0.9776192473893928,-1.4067807423219711,0.23622217995920644,"Barger, Addison"
680728,L,2026,195,-2.216645471776031,-4.209077374125628,15.172938635494669,-23.872948464464038,4.1720949677353545,-12.446079635416424,-23.399717342552098,-1.2964819969732098,-2.6248313676676234,11.169569453527942,-6.699867439274261,0.4642390999332438,-2.7181885910109838,"Del Castillo, Adrian"
680757,L,2024,543,6.847012866082432,14.993510776564484,-23.967643761082872,8.89315150417914,4.139337985162842,8.516611107933171,19.421980478839203,5.456315183664086,12.322605225006818,-21.23448018449757,4.630679629371119,1.0700822604053615,3.726840567931626,"Kwan, Steven"
680757,L,2025,696,4.998511245037518,17.43592651820476,-24.56939031945977,1.1034304844484426,-0.27386270542913876,2.0437457112023836,0.7383609340041926,4.169424478335161,14.913958793942998,-22.32731086226853,0.6422249227075482,-0.08458494733503848,1.0205028703596213,"Kwan, Steven"
680757,L,2026,618,11.67131897684445,15.070639372259954,-22.33103131412302,3.3750135988517043,-1.409408051450347,3.663104552237221,10.039637134619962,9.535806690053052,12.659679132530632,-20.062145119884857,1.865910417498558,-0.40038237617928235,1.720383351015122,"Kwan, Steven"
680776,L,2024,736,-0.6858709709278553,-1.2542043375632437,3.1122802614643694,6.4008957424395865,14.850900680553568,4.508327396943381,26.932328772909806,-0.5773119655361669,-1.081293709893401,2.84236590165722,3.8120811670223063,4.765848438127484,2.314109340087213,"Duran, Jarren"
680776,L,2025,696,-2.212219682283294,-4.129711204279951,4.986837711020244,-2.189545848569658,7.68365992771566,7.695479179940415,11.834500083543416,-1.8452860146956749,-3.532381411863014,4.531763887744725,-1.2743720000314935,2.3731671287908904,3.8425810749722102,"Duran, Jarren"
680776,L,2026,595,-6.51672792149412,-9.403438728300857,11.004603489665259,-5.429196319372644,-20.592616965004744,1.641461111104295,-29.29591533340281,-5.286962274860188,-7.850554162464043,9.847832216523212,-2.950586997041679,-5.692384905098728,0.7554281087137624,"Duran, Jarren"
680777,R,2024,465,-9.398333869432493,7.6356198500352415,-3.4303984266742185,-1.4756587986740055,13.212501640605172,-0.9551317450065693,5.588598650853129,-7.2426783642815735,6.093353887887511,-2.982166529434688,-0.7111988701703353,3.0377984833213847,-0.38193156224679975,"Jeffers, Ryan"
680777,R,2025,463,-1.8628901123223136,5.79324080238377,-4.504979627338299,0.2234432889807625,4.376231134314902,1.2027944154347827,5.227839901453603,-1.434186038455126,4.619074093410954,-3.9141286892663336,0.10744882016565938,1.0028405381730319,0.47972161851455286,"Jeffers, Ryan"
680777,R,2026,355,8.798523321901245,10.474606609774236,6.394756548290985,-6.347542294972384,3.1226604694303197,-5.740982656391228,16.70202199803317,6.3305265282924825,7.866573607607208,5.342867626344241,-2.636073609803328,0.5796444798175368,-1.9357103427298572,"Jeffers, Ryan"
680779,R,2025,283,-2.320694772294918,-1.8888163271891987,-3.0804106254409644,2.2098855617668605,-31.842737631475675,-3.455239817863276,-40.37801361249716,-1.5585147131243262,-1.33402166657016,-2.4703242276704636,0.798899957469794,-4.896338497682836,-0.9969049505256605,"Davis, Henry"
680779,R,2026,292,5.369331722586963,1.426092905044901,7.132682041821442,-26.276219709733756,-6.985269575395147,-2.70812404666318,-22.041506662338772,3.642770263014276,1.0164139933841398,5.755160476391703,-9.689857302549486,-1.102864247594871,-0.7988657658640866,"Davis, Henry"
680869,R,2024,548,3.588741140220609,-19.605602010071177,4.363575054491795,-2.0053756129530345,0.7177046231112071,-4.543537376985304,-17.484494182185905,2.865141120071386,-16.139342299933027,3.869998967417282,-1.0487891304567216,0.18680141718041082,-1.9984918726526515,"Gelof, Zack"
680869,R,2026,414,7.487614467961304,-10.645635459882195,10.878519877279203,-2.3435535550465327,9.551293183591156,2.4395389620860612,17.367777475988998,5.611654085934905,-8.289146965761631,9.30726834413676,-1.0617271651333915,2.0057438321887298,0.9083528704354017,"Gelof, Zack"
680977,L,2024,651,3.192351849004194,10.408879755537658,-11.189147808051265,1.6758945225349169,-6.288056303658605,10.10554272181352,7.90546473718042,2.632662215578527,8.81518150679994,-10.104344555633821,0.9480232110280468,-1.8535687207414528,4.877204344986513,"Donovan, Brendan"
680977,L,2025,514,1.9435095198487338,10.415864643904776,-11.804476901003477,10.096947085092282,-11.273400717264304,6.317851537986597,5.6962951685646095,1.5312160435895479,8.475228477168816,-10.391488885032864,5.119067670165822,-2.797321514471517,2.6796431622061148,"Donovan, Brendan"
680977,L,2026,160,-0.2005835113431517,8.087852820419501,-17.7412900381392,-0.483415412203976,11.842451157090066,9.912961620827792,11.417976636651026,-0.10755182277987553,4.6600018534989465,-12.34759650399245,-0.11722297376620125,1.1032552619013485,1.8488538501624388,"Donovan, Brendan"
681082,L,2024,569,-3.4238242468859634,10.511013682480424,-11.058149896474585,2.0801174590857774,-5.731263949349512,-0.4415677407660904,-8.063674691909954,-2.75397032925643,8.709502690680791,-9.84844554824893,1.1073735740243078,-1.533579553434911,-0.19832524347623282,"Stott, Bryson"
681082,L,2025,562,4.482008139439012,12.35944213278974,-7.176805162907815,-2.6670178302862313,3.2684038932420503,-5.913408718019433,4.352622454257324,3.5963620624126067,10.219307981973131,-6.383002552773012,-1.411594397230534,0.8666578275288287,-2.637842883693861,"Stott, Bryson"
681082,L,2026,588,-2.8496491770939674,11.233061260617607,-1.9006614364114693,3.9153314730556774,-7.960725761693385,-1.6624969101155287,0.7748594483589342,-2.306712425622203,9.359632095485768,-1.6987437481514593,2.1163497849935116,-2.1817772593104263,-0.7602239473362323,"Stott, Bryson"
681146,R,2024,272,-0.17341787922543297,7.326800949517906,-11.689094409005575,-0.5533758173680691,26.2092097523173,0.5600005279755522,21.68012312421168,-0.11493609225649858,5.113981167129774,-9.299542367475567,-0.1950163913989611,3.8967352602886796,0.1570523337082723,"Bride, Jonah"
681198,L,2026,618,5.692818743556336,7.441458325024167,-0.5874378082144424,-9.262607694567228,16.824846313748427,3.911952961023574,24.02103084057083,4.651198306529449,6.250993892555591,-0.5277527218302618,-5.120926385711639,4.779575325270628,1.8372554340522218,"Rumfield, TJ"
681297,L,2024,561,0.11030073408470932,-7.475047744481064,21.440941666080082,0.987269174417119,-1.4342026613920167,-5.011857857575835,8.61740331113299,0.0884741146883244,-6.178777578658213,19.06567125325931,0.5221019684074787,-0.379799135014448,-2.233475377958128,"Cowser, Colton"
681297,L,2025,358,-3.1430217986381677,-9.907343725424942,16.784506355455854,-2.4213191909026883,-1.4682255074434212,-8.750133817220565,-8.905537684173932,-2.2667283557512876,-7.456108378833228,14.042939620275975,-1.0105019618085498,-0.27441234746111687,-2.966796808988311,"Cowser, Colton"
681297,L,2026,381,-4.897098301794617,-5.203191514888591,27.845335251045263,-10.36904133494877,-8.645516669899317,-7.175287955827069,-8.444800526313097,-3.5922176803974026,-3.975211952242786,23.529107956706998,-4.485126715834926,-1.6992607180948953,-2.533936425175293,"Cowser, Colton"
681351,R,2024,521,-2.3654420313825595,-12.628000201722674,-2.2551212575324717,17.44271892986777,-8.927392890151165,7.261764975099612,-1.47147247582149,-1.868967353085705,-10.300995332229848,-1.9883825514190103,8.902280447905252,-2.2378015550414747,3.1040090984045046,"O'Hoppe, Logan"
681351,R,2025,454,-3.6589807207522798,-11.054667552466118,2.7939095955176336,6.504471511018071,-14.159440749794687,-4.554550674059526,-24.12925859053691,-2.804152446487195,-8.778849342374425,2.4211791320782456,3.0959923378517726,-3.195887274326815,-1.7951403627181404,"O'Hoppe, Logan"
681351,R,2026,274,-6.851175330579291,-2.8419718506081435,-4.9007910991379715,-8.889654844566351,-4.776866578508917,0.1662870624578076,-28.094172640942862,-4.551955290749291,-1.9880301407823637,-3.9047696767936446,-3.147701784846344,-0.7146562962302137,0.046881492170325674,"O'Hoppe, Logan"
681393,R,2024,196,8.860344299625783,-16.176756282461533,9.920991433413779,8.316241917253778,-13.501949765584174,-11.387610788218387,-13.96873918597076,5.193278746660131,-10.107429908658844,7.313189620573745,2.342524437924184,-1.5092379881189253,-2.496979366701358,"Norby, Connor"
681393,R,2025,337,0.797289754761932,-7.971306365670785,7.184381673970113,-6.555816227593153,5.547214380877681,3.2291614244168882,2.2309246407626735,0.5651812871279503,-5.9079905183572485,5.950326174075887,-2.6401149389453575,0.9867800629231243,1.0515608348298693,"Norby, Connor"
681393,R,2026,372,10.821545826805611,-12.730675770942339,14.284324372078112,-13.988288854552753,6.599036572983272,-9.376096802135256,-4.39015465576335,7.8871914873655,-9.670952576171342,12.025055276944451,-5.968689538780554,1.2722973818964498,-3.2601271464894745,"Norby, Connor"
681460,L,2025,264,-8.93835587342893,-3.3199712653944546,9.017020864216184,7.269479596613944,0.1115266314262361,-7.5625919388220755,-3.422891985389095,-5.864143930459526,-2.296267375207552,7.129543966244841,2.512547415643227,0.016164559227178788,-2.075672345060305,"Baldwin, Brooks"
681481,L,2024,293,-1.0711768387556304,-4.121232021935059,6.260473830677173,27.779496885498787,5.682677869494911,6.295202244489939,40.82544196947011,-0.7275278266628622,-2.9401933941221303,5.054731986570503,10.266336946167408,0.8997916004419605,1.8614920898811673,"Carpenter, Kerry"
681481,L,2025,464,-4.958804275276199,-4.017906868465883,13.403898000633708,6.045111142291452,10.070388630441592,1.5183637349574497,22.061050364582123,-3.819536536760218,-3.204962544893207,11.64920154573051,2.9102130636814585,2.3115322371274973,0.6063686624901655,"Carpenter, Kerry"
681481,L,2026,259,-10.7818520011783,-7.148805189174387,14.090407294552607,-10.259564748212405,10.860358703806336,7.7834673884729595,4.544011448266811,-7.026940964317328,-4.915232373117177,11.096110589260844,-3.5017727775396814,1.5485281022372026,2.106786481530324,"Carpenter, Kerry"
681508,L,2026,192,12.72951839535341,2.1975145017617086,2.304372043864395,8.586568679116246,0.45094887782202087,11.45504032566503,37.72396282358281,7.397320080011797,1.362384256282507,1.6894003035039364,2.383008565358025,0.04949092334624237,2.4715643202419186,"Gasper, Mickey"
681546,L,2024,157,5.688055429832222,-12.630812878268504,6.639261558418886,-9.710548556535414,-25.135528277703195,-1.7690018234270226,-36.918574547683036,3.023112973689331,-7.219068067810421,4.594109805185508,-2.321104923270018,-2.3017670464457063,-0.32488414238338814,"Outman, James"
681546,L,2026,174,-4.592522563153003,-25.025774995582612,14.710375758491088,-19.074454296428907,-0.6615445109750071,-9.795756265968906,-44.43967687361735,-2.5579428755792755,-14.928242519990885,10.494856508657127,-4.9255559305827745,-0.06648090161935728,-1.9549521381808617,"Outman, James"
681624,R,2024,442,-2.324018270094096,2.0153658082333723,8.003078068085173,1.405452394071159,-9.82550809132635,-4.033645539026048,-4.759275630056786,-1.7698445133619936,1.5915679630140729,6.910372819345668,0.6595821795497374,-2.1720282609450576,-1.5641023562171894,"Pages, Andy"
681624,R,2025,625,-5.195665507691261,4.814933605264571,7.938439483680482,-4.351012472458624,12.512029806591748,-4.027812055072516,11.6909128603144,-4.253726723231304,4.051913512446588,7.1399999845493705,-2.4176085733828305,3.5831280110789785,-1.9029723234907547,"Pages, Andy"
681624,R,2026,555,-5.893993650549572,7.818664531940877,14.923555434588078,-5.831188127244159,-2.600938367871208,1.203403055646257,9.619502876510273,-4.717581417098097,6.450713385088536,13.254420040574738,-3.068105318704942,-0.683337739628104,0.5330875397269962,"Pages, Andy"
681715,R,2025,296,13.584109825875744,-11.59722451048815,9.191200271146165,-4.291268334739363,11.503430798249163,3.154768389181343,21.545016439224902,9.256227660477851,-8.29786044269594,7.435526455153159,-1.596102051190867,1.8371171598304787,0.9395722371684043,"Hernández, Heriberto"
681715,R,2026,483,11.10213324789874,-12.934599051285023,13.556581157942379,7.736879056128302,-8.898854653639875,-2.3430334110497784,8.219106345994746,8.629447297977938,-10.400315483381425,11.84288369583562,3.8022216676844915,-2.1064640202612637,-0.9583496726980378,"Hernández, Heriberto"
681807,R,2024,389,2.8350594512483367,2.289960869834777,-0.8260610902301969,1.1548605562991465,18.450467997208612,2.023035020284835,25.92732280464551,2.0910885697331127,1.7580513344566109,-0.700247934637986,0.5054330652342215,3.6873336287674934,0.7240622706463652,"Fry, David"
681807,R,2025,156,-1.314341679138761,-12.642955628022435,-1.7053554645471605,-23.195586636862224,40.04070667997072,-17.060891497327603,-15.87842422592746,-0.6964604725519965,-7.206216231020757,-1.1777138806004144,-5.517508657583019,3.645469069469725,-3.116988661188356,"Fry, David"
681807,R,2026,201,-2.5325078540282115,-2.9955280738672894,5.125931322697418,-23.841157241809665,19.51520525354418,-5.191131192165398,-9.919187785628964,-1.499809966058877,-1.8892742691631683,3.803414013272465,-6.837774427966069,2.230682273478486,-1.1608117660491397,"Fry, David"
682177,L,2024,221,11.245523180369675,-10.977958300615937,7.595472795743663,-14.611624720582112,13.958293562412877,-10.249857323339937,-3.040150806011765,6.915045040483057,-7.163179356921229,5.770536404566613,-4.47983358770602,1.734528808414342,-2.465225395735179,"Schneemann, Daniel"
682177,L,2025,421,6.038058063521612,-6.92309975612468,12.193222995235464,-13.208148377823667,-7.586620344368415,-7.898357326250763,-17.38494474581045,4.544202285857506,-5.41053510027846,10.457194292256206,-6.0387585909727175,-1.6143737511217426,-2.9719380099097554,"Schneemann, Daniel"
682177,L,2026,281,4.130465656069057,-10.34051288355886,6.101308048208413,-2.983552615324594,-15.380083639794947,-9.024944538410919,-27.497319972811855,2.7674379508310976,-7.287998199514696,4.886034535369251,-1.0737104453277242,-2.3507790747975728,-2.5907554309532497,"Schneemann, Daniel"
682622,R,2024,243,-12.96390317422014,-2.2952610327250027,-5.436989674495146,4.277202188639405,-15.458002358209573,-6.853771890523501,-38.73072594153396,-8.259665213731411,-1.5463184905215626,-4.222514381899926,1.3992021172446736,-2.0863019817765034,-1.7701370652850432,"Marte, Noelvi"
682622,R,2025,361,-3.2638512952251397,-3.16511436557921,-3.218803357566828,5.368142126302882,22.632192591598148,-2.674905640768287,15.677660058761564,-2.3593363183312883,-2.386922155964114,-2.696707284759531,2.2512157715117,4.258748824910818,-0.9119553077598098,"Marte, Noelvi"
682622,R,2026,201,-19.11268656792352,4.626083300243019,7.746016951541409,-29.297778625034308,-6.242424239481474,2.1516995805806958,-40.12908960007418,-11.318976858111654,2.9176625725530667,5.747503734606268,-8.402763315832411,-0.7135392589332276,0.48115104351643,"Marte, Noelvi"
682626,R,2024,341,1.020689935828305,-1.5425862320126646,-2.329312871588176,-5.106878846641019,10.732982395131128,-2.165112836787641,0.6097815439299328,0.7260241079617848,-1.1467807261292375,-1.9331036480521702,-2.0711193350682904,1.9278546978058546,-0.7106802556911661,"Alvarez, Francisco"
682626,R,2025,277,-0.7119633148878279,-6.154116538878809,12.73314230881261,-3.964494004857012,13.699428695343908,1.3367277112346914,16.938724856767564,-0.47475755639734174,-4.319013016377177,10.16767866968327,-1.41366078947598,2.0685925928525863,0.3798189170241571,"Alvarez, Francisco"
682626,R,2026,407,-4.301441427847101,-8.126273647310517,12.311440975619739,7.833718767043168,-8.945947314291141,-4.882903326314558,-6.111405973100413,-3.209918790647356,-6.303466037394637,10.507122463598991,3.5159253641831705,-1.8534397644676326,-1.7987129544791793,"Alvarez, Francisco"
682641,R,2024,155,-19.24661711278377,13.030925182103433,-16.221452962165618,-4.72582122703593,4.01922545886925,0.3274055811465857,-22.816335079866054,-10.167809492602391,7.40680172189993,-11.18017436424764,-1.118625638553227,0.3637932926634433,0.05950255267064755,"Matos, Luis"
682641,R,2025,184,-10.254564722894525,11.84225180606086,-1.0527508982645433,-24.11063165968792,18.644698888958597,-0.6086928753198784,-5.539689461147412,-5.852498340535709,7.2224551793129725,-0.7629488649321278,-6.487575530890951,1.969975080638993,-0.12700245324979553,"Matos, Luis"
682657,L,2025,315,-18.63969154339201,6.134449411118456,-8.421069568520712,-17.45319113119257,8.411288993358065,-4.610119955248788,-34.57833379387756,-12.949967203382593,4.465857504275573,-6.891909835463127,-6.747173593083032,1.4150165711976581,-1.4337374408308303,"Martínez, Angel"
682657,L,2026,257,-18.68992519337302,8.149790065541675,-0.31910678513394003,-2.7344427399629505,9.547935999151694,-3.7935849547218714,-7.839333608498414,-12.148007858408484,5.5898780653942035,-0.2508797739723487,-0.9285544630345552,1.352372158524513,-1.021031821043165,"Martínez, Angel"
682657,R,2025,169,-6.08749875791845,6.182576281658727,-6.041594544507578,-5.2465445928150265,11.182319780066548,11.792516897020883,11.781775063505103,-3.3467484296374597,3.6444917170867615,-4.274031727086819,-1.3257101671416178,1.0946193968111495,2.2990048465931516,"Martínez, Angel"
682663,R,2025,584,-3.621007622812723,1.936654000248258,6.2789282337525885,-3.4975417027658415,-11.571996761040106,1.056865428102175,-9.418098424515652,-2.9272857567756883,1.611821221435856,5.607802788391463,-1.884591416402879,-3.1558185807357972,0.4814919088844974,"Ramírez, Agustín"
682663,R,2026,235,3.64070667980986,-5.243737360679569,10.66426209376145,-26.836411165539957,7.680857292403957,-0.7943059544190533,-10.888628414663314,2.2912914969373848,-3.4938979902906793,8.219652919301986,-8.582410779573982,1.0069991294712048,-0.20009450221937441,"Ramírez, Agustín"
682668,R,2025,193,-10.361662601388655,3.871032982378816,-16.330002013442673,-5.895045946815905,-7.615041489093185,-1.433689957066343,-37.764409025427945,-6.034419465141985,2.404643755398032,-11.988563467873579,-1.6421844295010886,-0.8396115911433247,-0.31059813861015845,"Acuña, Luisangel"
682668,R,2026,220,-7.205618545283379,-0.5057309516472452,-0.1382020862005192,-26.01661010587782,-15.9960359914752,6.573124225963425,-43.28907345452075,-4.42310345693412,-0.32947187474910544,-0.10488223387154551,-7.951469617002427,-1.9798679957393606,1.5754838582540407,"Acuña, Luisangel"
682818,L,2026,180,-6.008377580340435,0.4302458488982021,4.989934666905995,2.7589589578211537,-10.971215296469842,-1.5365552519583199,-10.337008655143247,-3.396705995822975,0.26014681829403535,3.594314144909576,0.7305023366665551,-1.1366152252928576,-0.3150584404930335,"Piñango, Yohendrick"
682829,L,2024,477,-6.220070658977666,-9.339002141203519,19.328831061902864,7.94520592417037,12.823250540735762,0.07629932400808855,24.6145140506359,-4.8212191766006045,-7.4907447741461475,16.858652740223036,3.879783249972811,3.0065486838857165,0.0309777402168811,"De La Cruz, Elly"
682829,L,2025,480,-1.1656192585642868,-3.3647691220890255,16.566855348813597,-1.14078015042042,3.2642479588858215,-4.485679330913819,9.674255445711864,-0.9047511368401432,-2.702198915903597,14.461201577295371,-0.5588501449423785,0.7690174160748374,-1.8279847902847437,"De La Cruz, Elly"
682829,L,2026,432,-7.3854730457925,-1.6651449008140045,24.513827313422127,13.267226651027299,-10.21291308013096,-0.42351102187569434,18.094011915836266,-5.593495206658448,-1.3086227329365319,21.100128688021286,6.1507809946278815,-2.2176810245505982,-0.16192745275546214,"De La Cruz, Elly"
682829,R,2024,218,-8.916591147917424,-10.433026000733626,10.001738973693213,-9.62570888022237,-1.1103263365689655,7.331065898894321,-12.752847492854851,-5.454046150274624,-6.775208704165151,7.5736162964189315,-2.9232878380487763,-0.13633182917691006,1.7449797729083507,"De La Cruz, Elly"
682829,R,2025,210,-10.688098653846774,-2.4758193980418093,12.25395610254409,-6.839424530857534,-8.288387841042516,-9.482744319914092,-25.520518641158635,-6.442327305478415,-1.5866064922155538,9.194032624869259,-2.023431557573333,-0.9847835594296865,-2.193462881625091,"De La Cruz, Elly"
682829,R,2026,181,-1.8006889157699097,-2.3177463032140873,31.90037766294263,7.357253114465945,34.592735520519,-0.5348510877410029,69.19707999120257,-1.0204310033947406,-1.4044858928328823,23.013814185489917,1.955959111996558,3.60163600903755,-0.11015074977786476,"De La Cruz, Elly"
682928,L,2024,602,-6.380973756588446,4.045051475506698,-2.150195457588071,4.206731860181101,2.1000958897904454,5.332831457382671,7.153541468684396,-5.188210598070465,3.3835485792485738,-1.9265280678313124,2.2984195877936164,0.5854519949785127,2.469760617704612,"Abrams, CJ"
682928,L,2025,638,-6.694705733453177,2.469633863541805,-8.244582390321622,3.321678855665801,2.575828396653512,7.990855256873725,1.4187082489600449,-5.501323390696677,2.085004719329815,-7.4305797036702534,1.8625307169352883,0.748536359585909,3.8163673064654713,"Abrams, CJ"
682928,L,2026,636,-4.976723563029584,-3.1105930631834875,4.515282004607844,8.276088927160712,15.924739306474265,1.264294141803514,21.893087753833264,-4.087293474036414,-2.624853216163016,4.06821687088129,4.63416440106135,4.617432475872959,0.602826253284824,"Abrams, CJ"
682985,L,2024,580,3.182621237905559,-4.64031933649934,22.86646222731754,-2.3742088174526423,-0.37493624248213975,-0.009816932137055544,18.64980213665192,2.569491588656952,-3.8575416231172377,20.407329330388706,-1.275246546263372,-0.10173918789578537,-0.0044557164710424925,"Greene, Riley"
682985,L,2025,655,-4.300362948306668,-7.582325386846601,32.754785829580776,-5.214903081240641,4.309074337607367,-3.9103116799372213,16.055957070857005,-3.5502156560140863,-6.427409184632723,29.596687637437746,-2.9578214261885436,1.275706230467776,-1.8932023038937393,"Greene, Riley"
682985,L,2026,571,6.6126039757852295,-7.111265577931589,33.59799852659845,-1.0962065745704097,-4.22528127000849,-4.181420650702455,23.596428429170743,5.322528789161729,-5.895986091656762,29.934021228602713,-0.5845351623100795,-1.1335145261023545,-1.8816692231141385,"Greene, Riley"
682987,L,2026,275,-4.2801256458741435,-17.912381015734265,53.3660987945683,-25.502285999075678,3.997072521107061,0.43311070266347945,10.101489357654751,-2.847211551936006,-12.543862840109663,42.551587601207636,-9.051260294555425,0.599847987247283,0.1224270474973172,"Jones, Spencer"
682998,L,2024,684,-1.4381830128054798,4.46820018910064,-4.474060956044209,-1.7649647401344586,2.4098130710963113,4.943557324141136,4.1443618753539395,-1.1961555402604158,3.8122368108191678,-4.0592818031998235,-1.0197769702058668,0.7353756947455823,2.446971406142491,"Carroll, Corbin"
682998,L,2025,641,-3.068030034188521,-0.9460103833060446,6.502976810812647,17.483666443455974,-7.173595411629452,7.836755262816372,20.635762687960973,-2.523235369910402,-0.7992581072359521,5.863635514716917,9.823632460821255,-2.0915929213926163,3.7519437883288362,"Carroll, Corbin"
682998,L,2026,646,-0.9504299802655654,-3.459332603850411,15.499947840965248,-2.917717019746282,-1.3029583331349952,3.1828048597153775,10.052314763683372,-0.7827364996557737,-2.926208234132741,13.986711008080995,-1.6449700074021196,-0.3819958950379434,1.5299797746363577,"Carroll, Corbin"
683002,L,2024,716,3.594058482696373,-0.9504780220130106,19.879568688421134,2.7624269995531527,-3.2682388748294473,1.0802404813353765,23.097577755163577,3.0118781986062944,-0.8162970244943486,18.111625788811363,1.6267968394542063,-1.0292960171633103,0.5470466823106476,"Henderson, Gunnar"
683002,L,2025,643,-1.6259776207836019,-0.5692359096993611,15.678144912088527,-5.473000471458818,-3.8702082838411913,1.1038907669784217,5.243613393283978,-1.337989352908556,-0.4811639031057038,14.14106972841888,-3.0793376963560393,-1.1309220066533898,0.5293596309529709,"Henderson, Gunnar"
683002,L,2026,688,2.3547969617401603,0.8489599803967792,17.003138550446714,-14.073083310364947,1.3547981172739776,0.5924981968291937,8.081108496321878,1.9604334109190176,0.7249454153430521,15.435139023537698,-8.15127987938982,0.4151055170515477,0.29413952257046155,"Henderson, Gunnar"
683011,R,2024,690,-0.588937876150682,3.047857692289726,-0.8884345633386986,-10.943550262393297,5.601922270131652,-6.185022892520641,-9.956165631981937,-0.4905451475557657,2.603734518261895,-0.8067203264898475,-6.346361501038697,1.7198675538699795,-3.0749780426175577,"Volpe, Anthony"
683011,R,2025,597,2.79418504094349,-3.4532324940494483,7.94131107816698,-6.763993796887795,-8.191524898355848,-5.658856809491956,-13.332111879674574,2.2683310074071126,-2.884561259738734,7.1090474731386015,-3.6816356622246293,-2.269872646636689,-2.6090193550787077,"Volpe, Anthony"
683011,R,2026,234,7.815392824024555,-3.4213951752505936,3.709343704324782,-19.188124202159383,-1.0886029096865577,-2.886235535758452,-15.05962129450565,4.910866226837838,-2.276426508646593,2.8562387418472426,-6.118666712533456,-0.1421933357978369,-0.724757802562986,"Volpe, Anthony"
683083,L,2026,336,8.29596280155004,2.7313196235016695,-4.628583504662402,-20.603114338012254,-10.002178652116347,-6.066871965020809,-30.273466034760098,5.875735833383384,2.0227787236580266,-3.831576643842067,-8.282426736688567,-1.774919682870738,-1.9716903792059701,"Nuñez, Nasim"
683146,L,2024,170,-8.072407940151633,4.013146647730786,12.923370791951347,-30.988986933545156,0.8272230506907966,2.5761275070508645,-18.721526876272996,-4.449784611407107,2.3713875332458043,9.15819790363357,-7.864949856473027,0.08140753350059274,0.5046174304467224,"Baty, Brett"
683146,L,2025,432,0.8845695976226412,-0.3366615260457063,27.02224496287839,-12.059688445438283,1.2701927876358365,-5.8380171245091255,10.942640252143748,0.6699416237226422,-0.26457933244917414,23.259234017846758,-5.590957661493758,0.2758157658407195,-2.232138464608833,"Baty, Brett"
683146,L,2026,460,5.408196599869013,-4.685231647450498,34.17431146562687,-27.33430549130985,-9.006098546427785,-2.0745825529726574,-3.5177101726648967,4.157376976402721,-3.7307035203382184,29.66680133282802,-13.10009735609219,-2.0534800628815386,-0.8241935978834564,"Baty, Brett"
683357,L,2026,332,-3.782091711538609,-14.488585155318017,25.962539504907717,-4.151906657823843,-0.742295780432204,-7.879094476637375,-5.081434276842328,-2.66933882297009,-10.696620186564612,21.447492629015056,-1.6571221029833587,-0.13043025127369276,-2.5399930612037536,"Caissie, Owen"
683734,R,2024,619,-6.737952393781669,3.4790812674909795,-8.49960790253017,11.033731791358752,-3.650335964920255,1.6001546112566778,-2.774928591125686,-5.506730604010929,2.9232627316716338,-7.637280989745639,6.104519914928931,-1.0381823181288428,0.7521598016077379,"Vaughn, Andrew"
683734,R,2025,447,-1.567722963587331,2.0964469160299966,-8.888686780016503,18.032878232344945,-21.49672393331176,4.56436687681156,-7.2594416517290945,-1.1970845595433968,1.6595024846535802,-7.686804020306959,8.513410439635173,-4.793837528727872,1.7821012871666304,"Vaughn, Andrew"
683734,R,2026,331,7.713563367481237,7.044676981069726,-10.12813631042854,0.9153578954090594,18.073968081108116,1.1301088804654595,24.749538895105054,5.439272770181708,5.196828942866823,-8.362396925845655,0.3646785205020224,3.1679234057059324,0.363570237279293,"Vaughn, Andrew"
683737,L,2024,567,3.692372475025355,-5.85541935870426,0.2830878701130471,8.075457032377887,6.204982292557076,-2.663962738153796,9.736517573215309,2.967930267786678,-4.848911780941251,0.2520222742926856,4.291979309787298,1.6560593563719206,-1.1941689013362013,"Busch, Michael"
683737,L,2025,591,7.683255402953371,-3.1564993277549003,-10.228941115942773,34.804848900692974,-0.17250823889356082,7.123345555969124,36.05350117702424,6.2254042406551156,-2.632292683998238,-9.147197378588936,18.85700739557334,-0.04745378872000711,3.2663507191987975,"Busch, Michael"
683737,L,2026,689,8.759088689216622,-4.264939459148146,-9.77494303879766,10.877288971285536,5.858281123286782,1.4867740842939245,12.941550370137055,7.293955802841509,-3.6426969889718426,-8.874702809036867,6.304091794211044,1.796766103376041,0.738633253401843,"Busch, Michael"
683748,L,2026,243,3.1795709614253727,0.09538271454458828,11.897497543079817,-3.2545303179945226,10.119710562344855,-1.6553458696035057,20.3822855937966,2.0257935678585106,0.06425938186269378,9.239920892242338,-1.0646552374049638,1.3658150459533296,-0.42752941394258387,"Mesa Jr., Victor"
683766,R,2025,191,-2.0088401385516153,-4.4673295127625545,-8.111680930962342,12.554823277030518,-5.180416705089205,7.17268401987304,-0.04075999046215876,-1.164813516273603,-2.7640926353833972,-5.938605033601528,3.471178165751492,-0.5659048240432362,1.5412654750054384,"Koss, Christian"
683766,R,2026,207,-10.09322121407926,-4.269502384689695,-6.167541401935628,-10.289299433126363,14.74871630505269,1.5021497212150678,-14.56869840756319,-6.048936113999999,-2.7219039645032397,-4.6107644035405,-3.013319675232931,1.730269592236839,0.34363548032754765,"Koss, Christian"
683953,L,2026,495,8.32956155464567,0.8100049089153045,-1.414938033974404,-10.722056976577875,9.464772019200351,-1.086586291809223,5.380757180399824,6.509534495220302,0.6544085033917816,-1.2398742675759742,-5.335035326814369,2.2826616161809934,-0.4508964078849138,"Bazzana, Travis"
685133,L,2026,317,6.412897584949623,-3.9731782382555405,2.644145280642522,-11.931926175275013,2.5625043906597056,5.896341083535971,1.6107839262572663,4.463971831861257,-2.8974320379599376,2.1664839953460584,-4.6306464851592235,0.4333598463206064,1.8417556016036798,"Meckler, Wade"
686217,L,2024,523,-0.7435078064939101,10.381511528833688,-20.43992206143311,-3.54747436452152,7.968483600056624,-1.372375548155062,-7.753284651713294,-0.5879273373688723,8.47444658540249,-18.03041670989301,-1.8139289907584581,2.0031749082057084,-0.5879030303397369,"Frelick, Sal"
686217,L,2025,594,-4.477526388661361,12.534366739896392,-17.759409794282792,-3.8988047252911735,17.44541242862757,8.554793459904664,12.398831720193296,-3.631422886808232,10.461532042967555,-15.889781390419843,-2.117242983949895,4.816540884723455,3.9334858821561602,"Frelick, Sal"
686217,L,2026,370,2.2411678373407007,12.096020662238,-18.35935451130193,-13.690791474490617,-2.317832279359642,4.939791224840544,-15.090998540732949,1.6310653978009952,9.176909927418103,-15.442359114374419,-5.823702380165253,-0.4449377923797541,1.7115613029578949,"Frelick, Sal"
686469,L,2024,555,-4.677455594752137,13.729523253656296,-13.283840922139525,8.030098971072922,3.7058675466750257,2.081770653680183,9.585963908192765,-3.7438583923562065,11.32741007897673,-11.798100533478726,4.225071945075376,0.9736328949534937,0.9221897774310187,"Pasquantino, Vinnie"
686469,L,2025,679,-3.6106926710616327,8.856841587180757,-9.768646103657463,10.35575432555332,8.41545356760655,-0.37955995170127294,13.869150753920257,-2.9993432481399656,7.548434361974352,-8.856972573345478,5.96489426707852,2.554976891298167,-0.18717921770746676,"Pasquantino, Vinnie"
686469,L,2026,459,3.5419169010573315,10.081327620947587,-17.075647830798506,12.395479741329677,-2.2338823297249975,-1.6267059601112013,5.08248814269989,2.7213633094547123,8.023884611935946,-14.819152217852386,5.933861184510135,-0.5084921635416103,-0.6454129427646091,"Pasquantino, Vinnie"
686527,L,2024,186,-4.33975021742575,-5.0407075257369165,9.75947506500488,-2.004502565719021,-1.9554489695274124,-5.253745573765731,-8.834679787169955,-2.4882734360171375,-3.0872205026359496,7.09387760060959,-0.5436347823049323,-0.20861641654016383,-1.10559031052826,"Canzone, Dominic"
686527,L,2025,269,-8.685335745462226,3.344735575586497,4.847457353327927,29.537530649055554,-5.195282385229384,0.9631778885693278,24.81228333584769,-5.73480795232686,2.326731014401022,3.8477399498678717,10.334746988091014,-0.7651600088940138,0.26797314931929206,"Canzone, Dominic"
686527,L,2026,507,-5.510382703943905,1.563499394547086,14.72569566677955,8.671395478265401,-6.940797435115192,-0.18758368914266932,12.321826711390273,-4.328738984070337,1.2689311512460602,12.941651645760944,4.366602253220896,-1.704557803029138,-0.07893385391384827,"Canzone, Dominic"
686555,L,2025,295,10.500324556201678,1.8780662081922774,0.45270071429464165,-0.8519518662315386,11.055200921045978,-1.075242891511109,21.959097641991924,7.1472139574833236,1.3424692024812634,0.3659902809416479,-0.3162033068874797,1.7605193134121098,-0.3194749227144279,"Collins, Isaac"
686555,L,2026,352,10.674405244486843,-1.8328007470048506,1.9350504887022257,-15.474661679948241,2.890945003494543,2.509508344301573,0.7024466540320919,7.6619044040912065,-1.37354384754926,1.6144859819658783,-6.394612600559515,0.5329333224163988,0.8413880063855773,"Collins, Isaac"
686555,R,2026,154,2.1598338221010436,0.07365769523510378,9.536631700658157,-33.668345037198186,3.882557068281683,-5.21751601805228,-23.233180768974478,1.1375358704005751,0.04175016038050466,6.559614158229832,-7.930160970108047,0.34935975378003303,-0.9432174952225798,"Collins, Isaac"
686611,R,2025,322,-2.759258119380351,-5.850326604982791,-8.343724572973128,1.126124416303024,-7.973758806085636,11.128804900846898,-12.672138786271987,-1.9298065735699794,-4.284350987568644,-6.855672832130539,0.4412286676386732,-1.3661136857348704,3.5136632375335455,"Crews, Dylan"
686611,R,2026,425,1.1105266078525469,-6.767820952461796,7.34480027606271,-0.03580418902147136,-9.575973347745377,2.60131077612883,-5.322960829184557,0.8377256010273235,-5.300080243619612,6.3075253197382235,-0.01645371392440297,-2.0529025688738884,0.9845826803387187,"Crews, Dylan"
686668,R,2024,602,1.276950360179043,-5.786779803146262,-3.6031697945281445,13.961365881748508,0.930346943169076,0.7503232057920267,7.5290367932142495,1.0382564863317785,-4.840445344124386,-3.2283612719129406,7.628029996088893,0.25935647822007113,0.3474924566853877,"Doyle, Brenton"
686668,R,2025,538,-0.27925686054979026,-6.865997878145347,1.059718777169332,0.4392691372778672,-3.7642424505438097,-0.5006334369349834,-9.911142711726729,-0.2221176845648649,-5.633579940714256,0.9378791837284546,0.22771387352170627,-0.9664543657957536,-0.21793641010948905,"Doyle, Brenton"
686668,R,2026,215,-8.93822943866323,-11.837263526800859,6.289598147197749,-14.133543738821341,11.221208768078693,-6.703691174260699,-24.101920963269688,-5.437816897615985,-7.649697755091258,4.746593054274232,-4.25099643937067,1.3611396345435485,-1.57886188186944,"Doyle, Brenton"
686676,R,2024,394,-0.33046235427354054,-13.950403813953788,-4.292014984803236,-4.886712480941078,3.756882438570326,-2.5608554095819924,-22.263566604983307,-0.24455747511367448,-10.741682980392994,-3.6453658270504277,-2.15407722428828,0.7585166190100382,-0.9240827456409744,"Lee, Korey"
686681,L,2024,355,-9.87674512048437,12.149630542630462,-13.524788114587615,9.196139775082845,3.200977404907327,4.035136996058188,5.1803514836068345,-7.106305764147115,9.124539615611896,-11.300063110284865,3.8190689004718266,0.5941820767704823,1.360543461824637,"Massey, Michael"
686681,L,2025,277,-6.3467008250087344,9.361567205562833,-9.863094264477567,-14.827574361197296,-8.442153656167166,-1.5710716031089342,-31.68902750439687,-4.23216212388818,6.570030053717808,-7.875885679891981,-5.28722214027411,-1.2747521746513517,-0.44640558420762344,"Massey, Michael"
686681,L,2026,435,-7.088383046210241,5.340045884831032,16.31987465066892,-18.628677741706984,3.410636944203495,1.6965092509534494,1.0500059427396693,-5.377488193467483,4.202901152127754,14.060737203671371,-8.668454875464365,0.7446223128049094,0.6514272311514424,"Massey, Michael"
686765,L,2026,199,0.23652922262876028,6.026456584977109,-7.548625071967226,0.2304105656037661,1.6746085607082417,1.1951129412457768,1.8144928031964278,0.139506365563931,3.7868204614631162,-5.5865539668024615,0.06561271394715205,0.18972700438541648,0.2651753526639446,"Sogard, Nick"
686780,R,2024,218,-13.607149548920663,1.4945350457425872,-0.9892198647425472,-2.1801702959844294,-0.700700045995766,-4.218067714762963,-20.200772424663782,-8.323138336429768,0.9705512906689793,-0.7490669080707895,-0.662108670689327,-0.08603571385160447,-1.0040071859303885,"Pagés, Pedro"
686780,R,2025,388,-12.600870847331937,-1.624125901834614,-5.269060656952441,-7.107773812957038,13.00306706882615,-3.688253707324372,-17.287017857574256,-9.287892678719283,-1.246129759801067,-4.464804268752018,-3.106266528978942,2.593320257614645,-1.3178779635383961,"Pagés, Pedro"
686780,R,2026,207,-13.432986152919959,0.2761372275068648,9.866758489662587,-16.712842972006246,-8.320520346595835,-7.0277096394236915,-35.351163393776275,-8.050479954398963,0.1760437040609583,7.376245388184929,-4.894515791278007,-0.9761353496487412,-1.6076762145869596,"Pagés, Pedro"
686797,L,2025,350,-3.19094777183266,8.608470454337354,-6.0406930901220965,-23.06071494570094,2.9200379593407217,5.027267649520252,-15.73657974445737,-2.2867196785469908,6.442165255783942,-5.03521271604344,-9.497561303347325,0.5357991875592079,1.679164257777086,"Lee, Brooks"
686797,L,2026,416,-4.9923517834398465,13.069874091865433,-4.4819367974432085,-11.546192014393258,25.417995578456786,-0.4444694126020579,17.022919662443847,-3.746071244920761,10.187604649837331,-3.8372477024147034,-5.244696369689055,5.3580556414764215,-0.16599736998479256,"Lee, Brooks"
686797,R,2025,178,-9.901853853985012,-3.0202231285744574,-2.2341486115178193,-3.9718392470161366,-5.091437300341461,14.100582432606569,-10.118919708828319,-5.57059189115693,-1.8180922742625252,-1.6042445690772758,-1.043025872029463,-0.5222119872419826,2.8656163382468067,"Lee, Brooks"
686797,R,2026,198,-9.551129728105629,5.05857011178165,2.4550417777292117,-35.72070069645707,13.131814755452837,-2.631882444649909,-27.25828622424891,-5.621667725938364,3.1726785776507347,1.814534727880288,-10.135369950427982,1.4811533690035945,-0.5816842588289034,"Lee, Brooks"
686823,L,2024,352,-1.9115558407629896,10.014000839457719,-15.657351826372743,3.9166089832475444,4.399138923399507,-0.9369216379978137,-0.17608055902877578,-1.3720818892998952,7.50472699493824,-13.06352221090631,1.6184649250324101,0.8109624082729542,-0.3141311049730292,"Brennan, Will"
686948,L,2025,446,0.8344707054208094,10.06734808013412,18.977292077563323,-13.13691172601037,5.217554630665068,3.6547816892375264,25.614535457010476,0.6368489719372229,7.965374834455219,16.40630577503498,-6.194668448478611,1.16150769417391,1.4250172466309179,"Baldwin, Drake"
686948,L,2026,594,-5.002611287207429,2.820589002578475,26.090635975391876,1.4422510981579129,-10.082793339781269,1.168014928616884,16.43608637775645,-4.057284211249838,2.354142242910033,23.34393466833917,0.7832133779002797,-2.7837797788936753,0.5370521513342706,"Baldwin, Drake"
687093,R,2026,451,-4.045598483086983,6.779988579872062,1.797205274914997,-9.170482340096807,7.689269985025262,3.078876603020376,6.129259619648905,-3.095635993663002,5.376832991414618,1.55606247085004,-4.3497955094848795,1.7266303325208736,1.2086440697366756,"Grissom, Vaughn"
687221,L,2025,155,9.935525777961976,-16.38873679712534,6.093998998740733,2.3144505793862655,-11.889370316109996,-14.742473677845641,-24.676605434992005,5.248846211631523,-9.31538798913727,4.2001152141168046,0.547842085615602,-1.076145943852951,-2.6792909682223764,"Rushing, Dalton"
687221,L,2026,248,-0.05362606869847199,-8.026725523892946,14.72079985565944,6.866473625790595,3.946506805116929,-9.047611535272905,8.40581715870264,-0.034418472339155744,-5.443419127803528,11.484293743610046,2.2771223327546206,0.5420978290553061,-2.372218942649309,"Rushing, Dalton"
687231,R,2025,197,4.204997812498207,11.312376303121498,-16.266741185481944,-8.745635389395222,-8.010303689830277,3.399432121737076,-14.10587402735066,2.469847685667036,7.08159434115667,-12.006935625377308,-2.4724916952241545,-0.8994411811202774,0.7483646749194776,"Hernaiz, Darell"
687231,R,2026,157,-0.20984641502395313,5.637460878718553,-12.288922042619983,-16.457634797968595,8.176944542660125,-8.844341544931146,-23.986339379165006,-0.11153010507139535,3.2220581688062,-8.503454300511956,-3.9338557376591763,0.7487975299729398,-1.6242981096561104,"Hernaiz, Darell"
687263,R,2024,603,-6.694280683913412,0.2394852892201663,-6.749186823854297,6.221562245709124,5.267599830078373,7.096842222289266,5.3820220795292215,-5.444640438606018,0.20037567656925712,-6.048167024903863,3.4018156429998783,1.4702280179154537,3.289644713205428,"Neto, Zach"
687263,R,2025,549,-6.360424306570644,-5.187105149267793,5.509317276540442,18.10580311052008,-5.581880496823421,0.3558578558154264,6.841568290214087,-5.07983381839779,-4.271403355274067,4.887150026359755,9.477368178507179,-1.4547907173558017,0.15668527244367636,"Neto, Zach"
687263,R,2026,678,-12.87674230189826,-3.751546056821496,7.289246839974539,3.3399590819220353,9.957941265519803,2.3415328731735388,6.300391701870164,-10.69382831051282,-3.196639569398863,6.608057362770627,1.9226075641675118,3.0201823169805406,1.1538595808733993,"Neto, Zach"
687363,L,2024,156,-1.310358025698354,-4.763903932331238,-9.099095307526332,-5.378377986984626,2.797446474784942,-8.963950784974985,-26.718239562730595,-0.6943495624274638,-2.7153240785009944,-6.2838106584573055,-1.2793488507758608,0.25469092438438157,-1.6376947805215258,"Scott II, Victor"
687363,L,2025,459,8.49424748990643,-4.882150172771281,-9.733900374314576,-5.180966187341656,-4.860814587346918,-0.30989832620444707,-16.47348215807245,6.52639068227676,-3.88577884951008,-8.44759465349272,-2.4801891333677633,-1.1064531435722182,-0.12295546680099835,"Scott II, Victor"
687363,L,2026,192,10.063015975513377,-5.526786844476301,-14.94283801122632,-3.004589680971545,-14.868011271964786,-1.3230710418849687,-29.602280875010546,5.847774269945422,-3.42641988424078,-10.95501706792163,-0.8338561319093126,-1.6317406303920163,-0.2854686746882617,"Scott II, Victor"
687401,R,2024,514,-3.6112310131680183,7.992957127123566,-6.4513461407140165,-4.8913062460285595,11.54045171099767,1.2180765421408164,5.797601980351461,-2.8451493589295014,6.503745985238863,-5.6791243082554965,-2.479851331091343,2.863586123436169,0.516632981570741,"Ortiz, Joey"
687401,R,2025,508,-11.613808586799125,13.996605786266683,-10.468697113766714,-14.155119189394737,5.415278702084903,3.6928838648745845,-13.132856536734407,-9.127202083629234,11.363815402568823,-9.202590686016865,-7.134980447335622,1.331890779919769,1.5557124872734573,"Ortiz, Joey"
687401,R,2026,403,-9.04820321447447,7.377458151447874,3.9657250921622795,-13.268358419313167,6.125158052223726,-0.27910881550904054,-5.127329153462798,-6.735190782008398,5.709905071259954,3.3796071752990553,-5.922695621573748,1.2591146677011777,-0.10217462997649145,"Ortiz, Joey"
687462,L,2024,380,4.147327467788576,9.053010645332641,-7.537204613545184,6.724902205161101,2.5750701832131364,1.3532135888706551,16.316319476820922,3.0400990043002434,6.912161352285743,-6.366286777395082,2.904517790655733,0.5050575361871505,0.4770721713009553,"Horwitz, Spencer"
687462,L,2025,410,6.187136358564301,6.584898258777673,-14.482928364523422,3.727958597753002,7.959016876670003,9.281941762193705,19.25802348943526,4.625693468890976,5.116234415885725,-12.37363384706338,1.6799556437616483,1.6585871277308204,3.435060583596366,"Horwitz, Spencer"
687462,L,2026,436,2.862954869775527,8.691735690239247,-11.810006695660803,-8.980994660060452,0.6473461436207962,8.603937860605377,0.014973208519689491,2.1731378590807053,6.844202710234737,-10.17839557680846,-4.184244055958714,0.1415847363701975,3.3084226494719107,"Horwitz, Spencer"
687551,L,2026,385,9.054997935798701,1.2753596801622222,-12.404820853319588,9.499838922140011,-10.203199934972506,4.530196426240825,1.7523721760496644,6.660642966102127,0.9767633576930925,-10.49889246794744,4.133522931480583,-2.022301824159679,1.6106529028306815,"Gilbert, Drew"
687597,R,2024,183,-2.5981534904918977,-13.59683582762683,-6.632048485250655,9.345666130591866,-7.682735277127706,-13.707005081680133,-34.871112031585355,-1.4793512543826304,-8.274915989909918,-4.799154146555742,2.5046839320313317,-0.807800191674905,-2.8476229362261782,"Beck, Jordan"
687597,R,2025,588,-0.24931801669558684,-7.8490326412603455,2.291996747916091,6.693177104144634,11.39009947344371,-10.719236557053259,1.5576861104952433,-0.20181605920686632,-6.539985505573271,2.048505363299768,3.6178556075674972,3.12165759207826,-4.901675472748752,"Beck, Jordan"
687597,R,2026,167,-3.6671452984413424,-2.5326312046098343,11.128274955628005,-25.052780242314515,-5.435494181138964,-7.458905283707187,-33.01868125458384,-2.005288698521949,-1.485625993308348,7.845037078023599,-6.274245986553876,-0.5263849098012445,-1.4402615960950726,"Beck, Jordan"
687637,L,2026,343,3.313260783859789,0.11254681635793913,10.920919960521639,-13.960281280669488,4.775813439054992,-2.6169032654679745,2.545356453656895,2.3607201702866965,0.08379428407481644,9.072301892250945,-5.681351804534639,0.8619532119198519,-0.8623545075406722,"Beavers, Dylan"
687859,L,2026,441,-1.459524063452286,3.9447747320569566,-9.466974975958884,6.74953506692566,-0.15541411544459974,2.8544750217368366,2.466871665863682,-1.1108925899044726,3.1137695940397254,-8.17186560404029,3.1637657330537032,-0.0342952912794893,1.1053280139898518,"Johnston, Troy"
687952,R,2026,200,-14.492799196658742,-0.05091819254223298,11.34464885255808,5.279160087409794,13.620485591006112,7.612066132265413,23.31264327403842,-8.565508188122259,-0.03205482465057565,8.406824604804168,1.5087119909624276,1.550023088283306,1.695585576055754,"Encarnacion-Strand, Christian"
688363,L,2025,185,3.462127112916396,-2.1511974698380874,-11.289175568745504,-7.684491055204746,-1.416081080683049,8.291620505451009,-10.78719755610398,1.980505244436162,-1.3147634139693254,-8.193675324467229,-2.0759085618690016,-0.15034814365151203,1.7374608293754785,"Pauley, Graham"
689172,L,2024,271,-4.831486877315262,2.2025754784310103,-22.78855651316282,-1.8161703570596175,2.348251392101621,3.7023662195556737,-21.183020657449397,-3.198182657294144,1.53564842695126,-18.116322622225482,-0.6385147887015821,0.3480401963675942,1.0355801974739423,"Wisely, Brett"
689414,L,2025,392,10.315328640615995,8.227825759620245,-18.605591656139826,-3.2296725062917475,5.993857437873547,3.4634043735078373,6.165152049186052,7.623710528977528,6.327924445620776,-15.790273916477535,-1.4195989517689263,1.2052553720642578,1.245704649932074,"Hicks, Liam"
689414,L,2026,532,2.739943546498106,10.57011871674276,-19.18404488924429,-4.414357815716377,16.36900895895729,10.42431449671384,16.504983013951325,2.1743019553638665,8.65530485845332,-16.956400544192373,-2.276007952434096,4.167741967798107,4.509209224430379,"Hicks, Liam"
690022,R,2025,206,-2.1499421985559235,-9.375166088232687,-8.02564687895718,-7.519139986115883,13.710303542381158,-1.7874395834322472,-15.147031192912765,-1.2859736170763623,-5.966381168432398,-5.99251437275614,-2.1945188363743604,1.6015839333491977,-0.4073739381557606,"Ritter, Ryan"
690976,L,2026,235,7.097137563552065,-8.572542414014727,3.2710156935959818,1.4777892298319522,-4.603911063679258,-1.852217805105103,-3.182728795819089,4.46660837637462,-5.711878122768155,2.5211883821457635,0.4726039610070527,-0.6035959602937555,-0.46659426087953004,"Freeland, Alex"
690984,L,2026,186,-2.531189789771569,-0.7080262797211188,-0.6158673838616391,-4.327666972806933,-16.54746321394602,-4.277888792548809,-29.008102432656084,-1.4513029552061212,-0.4336361980931516,-0.44765602762671997,-1.1736928317705757,-1.765360555206863,-0.9002324783629306,"Halpin, Petey"
690987,L,2025,207,1.237890875083157,-12.225478409937137,-1.9255793287233436,0.6437793367052496,-9.318890551171613,-8.863705576653286,-30.45198365469697,0.741876419892244,-7.794017933163698,-1.4395351480388279,0.18853693144129827,-1.093260770671379,-2.027683179844045,"Hassell III, Robert"
690993,L,2024,552,-1.8872072659182069,1.333648073702517,-9.998339143603886,4.424639957121327,0.6624654850286367,4.0723399547115475,-1.3924529389580647,-1.508893168062798,1.0992681572413778,-8.874673444386039,2.3220639133662884,0.17335321364351694,1.7985342339401929,"Keith, Colt"
690993,L,2025,467,4.709786643277101,2.3723295690934516,-2.7043954263090106,8.773100624459582,-8.860225425650134,1.1890719715610107,5.479667956432002,3.633091858983018,1.8947981980451902,-2.3523428271786075,4.237627902373187,-2.043870360511816,0.4767031752476115,"Keith, Colt"
690993,L,2026,423,3.8981133590555492,1.2413261328872567,2.6619297610388877,1.0900023646112693,-13.369269384253785,6.349045161705613,1.8711473950447877,2.93712992375851,0.9711233321924123,2.2844713043723366,0.49963078481091217,-2.855504704799146,2.3960398661492004,"Keith, Colt"
691011,L,2026,165,-3.920038294379638,-6.034875717327511,-3.332449684594476,-21.227207337308375,-10.483388490115896,4.942031158884769,-40.05592836484112,-2.1318666526905234,-3.522370689858625,-2.340886757809496,-5.268299811572798,-1.0042400318554419,0.9450280626684721,"Romo, Drew"
691016,L,2024,213,0.11627111377566356,-6.414837116103818,3.091084777397244,6.930211807272613,-13.113895375119654,15.517559138811693,6.1263943460337416,0.07047755873922774,-4.131791396709581,2.327398526730488,2.0708285241118007,-1.57770652191133,3.628667969541801,"Soderstrom, Tyler"
691016,L,2025,622,0.1312854454628798,-0.42349999973436164,0.6722483454962895,7.486506769431714,4.366055851788586,5.078974947395677,17.311571359840787,0.10739038535936846,-0.3561159816087331,0.6043411771103777,4.150926998896647,1.246038895746897,2.393512630318217,"Soderstrom, Tyler"
691016,L,2026,449,8.867200826542739,0.028882453054503092,10.285148705211752,-14.311284557304967,5.728408377691757,4.832275667462217,15.430631472658003,6.777970047115492,0.022883976375229088,8.899803800793094,-6.772352459235211,1.281889847231937,1.8918397232787425,"Soderstrom, Tyler"
691019,L,2025,297,6.731053903320448,-2.97092713742064,2.937633395982588,7.711298413775567,2.4945887375231477,-4.1554599533737475,12.748187359807362,4.591473054956397,-2.1277483972455586,2.3780254537264818,2.8742322453342326,0.3995203561895292,-1.2405371675392274,"Teel, Kyle"
691023,R,2024,182,-3.5463681584019886,-11.874216153479376,10.734995720417098,-15.160873239650714,5.24082960851241,-4.539017005156994,-19.144649227759565,-2.01448476045005,-7.211036607782971,7.756394704756027,-4.046911212466858,0.5483502199409587,-0.9388913250981433,"Walker, Jordan"
691023,R,2025,395,-12.25333271152513,-8.912677672849034,21.403240107797092,-19.703257445972522,-2.6197839899550783,-4.336488837046294,-26.422300549550965,-9.074006440412393,-6.866678537537777,18.185493661881477,-8.697566840274588,-0.5300067015093493,-1.5673548723773452,"Walker, Jordan"
691023,R,2026,646,-6.5151429634806775,-6.686441214987401,22.862826443750834,1.6317147329352422,2.247183715741908,-3.7244256609018658,9.815715053058037,-5.365613778899198,-5.6559809596113455,20.630762734020998,0.919939040746329,0.6588199583820337,-1.7903378260601481,"Walker, Jordan"
691026,R,2024,634,-4.810096259247177,10.044467166058324,-15.081656985325534,0.8761473653536472,9.670793039769178,1.4515521286948125,2.1512064553032517,-3.9482195449793815,8.471783379104679,-13.584155671730633,0.48991528080034524,2.797812620332236,0.6909720498006854,"Winn, Masyn"
691026,R,2025,538,0.9085248202823524,8.945443329301105,-13.178810780526502,-5.6101584195734615,7.771464657289028,-0.1029309807973646,-1.2664673740248462,0.7226301586773234,7.339773619964996,-11.663596572637623,-2.9082646522998847,1.9952928232822307,-0.044808050739406885,"Winn, Masyn"
691026,R,2026,520,4.936596405885108,-0.9025302313879998,-8.199769157314638,-1.9067413285045345,-6.072194868271223,1.9215541356372408,-10.223085043956043,3.8988970723209544,-0.7359570903859357,-7.228245518801069,-0.9722324969655721,-1.5199078030632713,0.820456380818895,"Winn, Masyn"
691176,L,2025,325,-1.5036100825381764,0.5837594824902826,10.111644475655453,-5.500232514160717,7.30442880254583,-4.09416669444649,6.90182346954618,-1.054540953682719,0.4285616190646464,8.321995230372014,-2.1672220714690744,1.26108635266522,-1.3008552988033812,"Domínguez, Jasson"
691406,R,2024,175,-13.138771539477338,-3.63460852087447,10.624241592279878,-8.47654663170188,2.418093367692011,-0.6743430764404659,-12.881934808522265,-7.336604927560988,-2.1731077737355786,7.592108913519804,-2.1981981800122923,0.24425808220936715,-0.1351979256631788,"Caminero, Junior"
691406,R,2025,652,-8.610366187353808,0.6723936085788819,22.716399599448447,-9.320958091501492,7.941921897534735,4.803440133780852,18.202830960487617,-7.102689140915403,0.5695775216938314,20.517064304089335,-5.276212010995187,2.3436237100685755,2.320109321869405,"Caminero, Junior"
691406,R,2026,672,-8.675130409102119,6.324168894365114,21.847446511853416,-3.652783703793705,6.965622646725419,-2.96024445677905,19.849079483269076,-7.193601263632097,5.381627955586736,19.789262688414734,-2.0947444490239393,2.0995699258779554,-1.4521714867885323,"Caminero, Junior"
691458,R,2026,199,-4.45656110814148,7.15011557459659,-3.480012984745456,0.08514178990849591,-15.634940369055725,2.702823934740274,-13.6334331626973,-2.628506685984374,4.492889574149537,-2.5754730376862214,0.02424534609155679,-1.7713813661092206,0.599710927183331,"Jordan, Blaze"
691594,R,2025,342,-3.840995914742156,12.175180711251386,-26.018466983581472,-3.1919833784396876,21.10053288710085,4.365448755092024,4.5897160766809435,-2.734436300448342,9.057999705798006,-21.603547512544438,-1.2967782338177332,3.799184019445468,1.4357422876200359,"Sanoja, Javier"
691594,R,2026,470,-9.379600480219276,15.357323498606663,-20.94918313384369,-2.450534646198891,22.158693786833755,6.773342976310597,11.510042001489154,-7.245922262498348,12.281794685347549,-18.237215554504438,-1.187588621431165,5.136775809825007,2.725881071671242,"Sanoja, Javier"
691718,L,2024,406,-10.536108896980277,-2.7344215636909586,5.165771532618008,-6.7334206529587926,4.680260230555512,2.002789775481592,-8.155129574974913,-7.857582056657632,-2.1198911808990286,4.407104615536166,-3.017992977865254,0.967776112612788,0.7366207998292925,"Crow-Armstrong, Pete"
691718,L,2025,646,-11.857758048673391,-1.3076729605396746,4.255521746394695,9.978037647479098,6.233050354616651,-3.8928566812365015,3.408322058040878,-9.765580023254621,-1.1061449773360394,3.840061493505009,5.625484771741026,1.8273797315525289,-1.8713029074558083,"Crow-Armstrong, Pete"
691718,L,2026,700,-7.227722336473708,0.688042709794013,19.374884776212557,15.200418292234085,11.241016548518463,2.017377327032486,41.294017317317895,-6.034603249506335,0.5890096504760465,17.616015864410084,8.868215470788959,3.4856547215708304,1.0102265851135666,"Crow-Armstrong, Pete"
691720,R,2025,156,5.487450329311452,-6.079136331231359,-11.246155856709658,-21.632380298116527,11.282663291471403,-0.22369425055890502,-22.411253115833592,2.9077615890277024,-3.464978616519879,-7.7665648782259105,-5.145670486699629,1.0272196337352595,-0.04086846473845466,"Karros, Kyle"
691720,R,2026,454,6.970896264016922,1.4809453055566917,-7.175166263366722,8.07951632726909,-1.5604055171247213,-2.087160392872931,5.708625723478328,5.342322713559578,1.1760639259457912,-6.217940213214642,3.8456807137061655,-0.3521947104472018,-0.8226378698677052,"Karros, Kyle"
691723,R,2025,292,-1.7206627144259334,-5.41766319341086,5.408439927357874,-10.251210800716253,12.198548371286671,-2.902053836930476,-2.6846022468389785,-1.1673666840923516,-3.8613113225267934,4.363918022191863,-3.780329550239593,1.925959009318216,-0.8560728463952146,"Mayo, Coby"
691723,R,2026,437,-5.752932031666101,-6.549709407704702,16.493524318252057,3.062371973941162,-5.183810727489089,4.764800649614988,6.834244774948316,-4.369196116901036,-5.159999767642283,14.21935732936923,1.4285045544132529,-1.1358112073119342,1.8347654434010074,"Mayo, Coby"
691740,R,2026,161,-11.449192531007546,5.3272874850458996,-2.9508710965901406,-1.4250790478406976,-10.390961218732368,2.0534144805330197,-18.835401928591832,-6.156732940175713,3.077540358143847,-2.057634974829988,-0.3471997395290557,-0.9735162951706116,0.3849246447097494,"Susac, Daniel"
691777,R,2025,220,-6.0535679929419,-8.460361673303353,-6.244421285853424,2.322144603248896,0.49197347739320346,-5.337351929836622,-23.281584801293203,-3.715927695602716,-5.5117275548976545,-4.738921616169318,0.7097182217005341,0.06089274512526128,-1.2792869147465646,"Muncy, Max"
691777,R,2026,285,-6.620321905384176,-10.88995641917001,7.130245250356118,-1.9320434631695558,12.325650133774314,-5.126760884788416,-5.113187288381727,-4.456296583723906,-7.7071782612598225,5.726032872425639,-0.7016003320115856,1.9065913139952093,-1.4865941338853839,"Muncy, Max"
691781,R,2025,274,-5.039537281917551,-9.23561905549434,-2.340786638593692,8.88704319077024,-18.18998867012171,-8.308867096496636,-34.22775555185369,-3.348293874623883,-6.460545711308771,-1.8650524989388146,3.14677703495907,-2.7213634121463173,-2.3425279271351642,"House, Brady"
691781,R,2026,340,-2.2419172263903624,-6.697657963799258,8.223103625305484,4.837290076438286,-14.395471199139509,0.40054959224697906,-9.874103095338379,-1.5933389832435596,-4.97538023827091,6.820965613524718,1.9583623712578697,-2.579485710232101,0.13121781264393378,"House, Brady"
691785,L,2026,232,5.3596208561960745,-5.284350019817915,5.523584997206907,-38.488557328668534,8.366174678514295,0.3579353005967074,-24.165591515972466,3.357006548483283,-3.505830176581211,4.244810102689529,-12.201502160271788,1.084660760736571,0.08930399446278568,"Mayer, Marcelo"
691788,L,2026,324,0.8603201146375551,-3.3364904325239357,17.108692388635838,-18.70973019220501,4.479475104303169,-6.077791562541449,-5.675524579693831,0.6028206951141805,-2.4474452993669713,14.072955521530192,-7.358315238678752,0.7713972914657644,-1.927062112206536,"Mack, Joe"
692225,R,2025,263,-0.15487891322774008,-3.2972804216114975,6.749970203561739,-12.494444218745022,1.5612923132729963,-5.347639327178648,-12.982980363928172,-0.10147795345135797,-2.277902524879352,5.332796505993664,-4.307731843985987,0.22555882482137143,-1.4637058474395435,"Campbell, Kristian"
693304,R,2024,387,-3.134363718263388,1.6175977105251926,0.5318097514773032,1.102838949468331,-4.1452201278082725,5.007329828677396,0.9799923940765636,-2.30871897737635,1.2403749780191229,0.4504579600648508,0.48126679286588886,-0.8250124081074723,1.786240706960095,"Gonzales, Nick"
693304,R,2025,409,3.0280291768745276,-0.14966470338148324,-6.28099774019003,-14.63543826731017,-0.7515028730979442,9.166441121689383,-9.623133285415715,2.262451737603613,-0.11622083483507042,-5.36432269735882,-6.586421497458401,-0.1563038792417196,3.387099481367181,"Gonzales, Nick"
693304,R,2026,593,2.9668965099764324,1.873805577931215,-3.180526414297382,-0.6255960074943572,5.146291914947759,1.9589752623633616,8.139846843427026,2.405485252973955,1.5634943750627588,-2.8451902181910413,-0.3394678576758312,1.4191182438415848,0.8999151699298326,"Gonzales, Nick"
693307,R,2025,468,-5.36925635889014,-0.8256944636617827,11.107422448117331,12.514054064355244,-11.850734268465708,0.21538694043290987,5.79117836188786,-4.143825708831707,-0.6597724075621773,9.664169349323629,6.051286889793613,-2.738219983151944,0.08646006847605252,"Dingler, Dillon"
693307,R,2026,593,-9.151686631464168,2.5480691490647827,14.5961297616513,2.523900012924694,-3.4140592418824007,2.1247063483961566,9.227059398690367,-7.419957911508284,2.1260966605896088,13.057198781501594,1.3695466724718135,-0.9414455759182224,0.9760488104689821,"Dingler, Dillon"
694192,R,2024,569,-4.6360799465343465,-0.900070705933731,-1.9442053394769188,9.400655976414338,8.338027214714094,3.917500965275176,14.175828164458615,-3.7290543252705617,-0.7458051594204448,-1.731519340912315,5.004543354657569,2.231100882017601,1.7595020220649245,"Chourio, Jackson"
694192,R,2025,589,-8.67846218581155,1.7744529867461218,5.263637006669538,-3.352489813970844,11.871476281546714,-0.8852550210965795,5.9933592540834,-7.027248967074412,1.4789317686113292,4.705300655427549,-1.813532318911036,3.257602332860545,-0.4051813562222066,"Chourio, Jackson"
694192,R,2026,551,-5.4561893827910275,0.696337970991771,13.072171803896323,6.666273364313538,6.049607718802235,-4.655386960261414,16.372814514951425,-4.360842021778066,0.5737781234706085,11.600686552286652,3.4954650603426893,1.5809360577859166,-2.053953472888168,"Chourio, Jackson"
694203,R,2026,287,5.34221801558246,-4.749668020971798,1.7432655578308813,-14.066974901905681,1.2184117586110323,-4.402484270263199,-14.915231861116304,3.6041842784370646,-3.3683557234376997,1.4018751839547205,-5.131039042321804,0.18958663493833033,-1.282925306029573,"Guzman, Denzer"
694208,L,2026,338,-5.741516366949963,0.37111198244425914,0.38141873125392495,-9.542257916406562,-10.687976453689128,1.670028882839457,-23.54919114050801,-4.073544078890223,0.2752630889096138,0.31606336169301935,-3.8495976797318248,-1.9058930194756165,0.5449240423360793,"Ballesteros, Moisés"
694212,L,2026,396,-15.93098896704513,-2.646066165403761,10.88341391358201,6.012571385327774,-6.2759585791255255,0.016470083207592728,-7.94055832945704,-11.805169981287499,-2.0398162550478967,9.250721929045708,2.657865555595475,-1.2722476520894432,0.005962464157403546,"Basallo, Samuel"
694249,L,2026,207,2.845281518031389,-1.7575520209417776,22.760624036829334,-25.893889641231997,15.56555698776053,6.253313457236981,19.77333433768446,1.7051965635023336,-1.120479011975021,17.015512061004614,-7.583273052879411,1.8260985827576723,1.4305234312982893,"Carrigg, Cole"
694362,R,2026,154,2.3300355766787892,-0.7827629828559989,-5.39039294693597,-7.4253548957554765,23.21888359290987,-1.6039231406318997,10.346485203409308,1.2271773044109753,-0.4436804595887669,-3.7076925064331854,-1.7489502236733943,2.089278615203017,-0.2899556727764693,"Dunn, Blake"
694374,R,2025,225,-1.970361526099425,-7.825227897028672,2.6570155843384344,-2.1846448340588447,-4.3087265639535755,-10.61620004560479,-24.248145282406874,-1.219957351456959,-5.137744418737152,2.0272835367319466,-0.6781583757355117,-0.5438920049496774,-2.588282597184921,"Tawa, Tim"
694374,R,2026,330,2.677989993678368,-6.146492204178112,8.501307206073182,1.8708953234062755,-3.13067919057644,-7.904153791979691,-4.131132663576415,1.8867175257026165,-4.530640534529405,7.015482922544479,0.7440082142522733,-0.5473633420615056,-2.5376497378252743,"Tawa, Tim"
694378,L,2026,220,-6.316002479194141,10.61368019626157,-2.370590597138675,-1.347356936528377,-16.454594600374538,-5.757279615481102,-21.632144032455262,-3.877020719895659,6.914564158787928,-1.799052707945672,-0.41179337740247757,-2.0366249019137657,-1.3799375745581683,"Gonzalez, Jacob"
694384,L,2024,607,8.77533236552092,8.078597312986627,-17.49217561409822,5.551795824390496,-0.5585720614704398,-2.53759743240313,1.8173803949262581,7.146006881968149,6.766588125563941,-15.686047120054434,3.044695241884431,-0.15664595049780983,-1.180441859649396,"Schanuel, Nolan"
694384,L,2025,561,6.6751718178565875,10.11905266032575,-17.03424204203816,-0.1155507219325454,-0.48625801195907503,6.126867839896942,5.2850415421495045,5.354270049769188,8.364277772144586,-15.147154629674606,-0.06110720453467556,-0.12876867217402432,2.730366433622716,"Schanuel, Nolan"
694384,L,2026,446,3.2472732141059018,9.898499777118463,-13.537001246876422,5.351637608587219,-8.180943129293546,7.435863200953809,4.215329424595423,2.478244705977733,7.83178056385129,-11.703049140286032,2.5235474922137424,-1.8212034301330187,2.8992794114490557,"Schanuel, Nolan"
694388,L,2024,262,-6.369998576540203,-13.990924720683818,23.097932343611916,-23.245857022148595,9.502065497495822,-8.217587897339724,-19.224370375604597,-4.168190769378314,-9.654138194723906,18.233850105746484,-7.994522364944538,1.3682888668280644,-2.2430234640231457,"Loperfido, Joey"
694497,L,2024,162,4.041282857626394,-2.4426189957187887,-15.986956239567943,5.532849860192582,-1.2026303073493823,-7.045925835882539,-17.10399866069968,2.1793937813191184,-1.414773650888228,-11.168533058337468,1.3543214419214467,-0.11330684163052053,-1.3274584572543353,"Carter, Evan"
694497,L,2025,219,10.154883613619564,-3.5760631307632926,-11.832335976811684,-4.542611402513464,7.852424897203154,12.119881055825951,10.17617905656023,6.222510964254051,-2.3260197062515977,-8.969742482119582,-1.3839725306094741,0.9680404208673201,2.894911708662384,"Carter, Evan"
694497,L,2026,442,13.29011434419054,-6.153247702418655,-5.610950778244408,-9.486616786536281,-4.970142747827264,-3.1381367339069803,-16.068980404743044,10.121020241836053,-4.859322248919216,-4.8448561189586945,-4.4520920118052185,-1.0987004853969522,-1.21685631822294,"Carter, Evan"
694671,R,2024,556,1.3974398356679494,2.371130155270161,6.660265113518382,-2.7841848347353086,-6.72211618018247,-4.657874735519965,-3.7353406459812484,1.1189193704776348,1.9568937379571525,5.916533326468895,-1.466160635884141,-1.7684290049273999,-2.065430249057826,"Langford, Wyatt"
694671,R,2025,571,6.354537597693295,-2.808462928062734,11.863485546679335,2.1621020879541164,-4.1295036132614324,-2.4157378058117227,11.02642088519086,5.114809450163221,-2.328510752597686,10.569731643936533,1.1529074211295431,-1.1078202922132538,-1.0870993042868242,"Langford, Wyatt"
694671,R,2026,450,12.790559727276658,1.1192362946969403,6.694392783596081,-8.151420148732807,4.330418663733073,-4.632340418249337,12.150846902320607,9.782055002910724,0.8871962210909862,5.794434525991738,-3.8619167598316713,0.9707254159156399,-1.8160205762151675,"Langford, Wyatt"
694728,R,2026,234,8.593462214086617,-13.229549295493273,11.458249842469078,-16.950263763741763,-9.474610108878284,-8.901587339794252,-28.504298451351872,5.399772514189939,-8.802285375147274,8.822988572255449,-5.405062713123213,-1.2375737789945995,-2.2352627842676878,"Matthews, Brice"
695336,R,2025,294,-9.482629206128479,6.0073992882364955,-5.16719034305205,6.669569906768825,-0.6597684505363529,-12.005662404112652,-14.63828120882421,-6.447500248458559,4.290015508507995,-4.174745286762872,2.470138132126482,-0.10476724368599574,-3.5586007772850183,"Saggese, Thomas"
695336,R,2026,165,-0.5405151725630557,0.8595866645810494,6.658352071639125,7.584230176923462,-3.2964308820080808,-9.905423462211496,1.3597993963610042,-0.29395280992855694,0.5017142049868843,4.677174351765241,1.882301226774424,-0.315776512248709,-1.8941408589817477,"Saggese, Thomas"
695506,L,2025,232,-14.370768067731685,5.420488668990771,23.213247507316396,-14.861175453210123,-46.02495081498735,3.685947201092643,-42.93721095852935,-9.001152097230518,3.596149512484257,17.83910767827696,-4.711235675790247,-5.967059030222488,0.9196349392969757,"Caglianone, Jac"
695506,L,2026,533,-12.104834582177768,-2.071558107644851,20.748256355870527,11.576332467183558,3.4774082945643165,0.5348504555508401,22.160454883346617,-9.609600767087043,-1.6968648562492583,18.342972550665667,5.974094853133593,0.8866289311200722,0.23160495632502812,"Caglianone, Jac"
695578,L,2024,336,1.3890661330239715,-5.007251104790257,13.156804098426253,11.027584211011872,-6.210256721400316,-3.660140548885166,10.69580606738636,0.9838262113739553,-3.708303089697583,10.891302542204537,4.4330753502570355,-1.1020305949205815,-1.1895197308245464,"Wood, James"
695578,L,2025,683,-1.1943905914952848,-10.027098642923063,32.80254591271669,3.160357040919189,-7.227249420873598,-1.1332604235637678,16.38090387478016,-0.9931455037961424,-8.553211204365333,29.75746365917127,1.8248910053150724,-2.2032174351144866,-0.5605289381531544,"Wood, James"
695578,L,2026,598,6.372312398221564,-8.016605045390534,35.1729103992053,11.568157250596293,-23.21184236621325,-0.01908946334528952,21.865843173074076,5.174698162213209,-6.698291575762713,31.4922456147511,6.301339336965003,-6.439789449993077,-0.00880914789508658,"Wood, James"
695600,L,2026,585,7.023011873845814,-8.206212171246039,-1.5807229925793396,1.1220070569949312,11.168172608667685,1.8751709762608435,11.401427351943894,5.679385316330976,-6.831752284411848,-1.4120248524525991,0.6050515718401207,3.04948222251542,0.8550953159126307,"Jensen, Carter"
695657,L,2025,283,-2.5796348127981017,-9.303065835090337,17.676713546063922,5.998615021187079,13.825446290253952,-3.539349458838224,22.07872475077828,-1.7324117149011438,-6.570512553757693,14.175776884350077,2.1685707930832683,2.125887092437148,-1.0211722436499666,"Montgomery, Colson"
695657,L,2026,616,-6.335258794336752,-17.224945125614507,19.8516907323544,-7.365645091008996,6.638850296140718,-1.763562375719943,-6.19887035818508,-5.173017402217854,-14.461833286896196,17.8288301344953,-4.066268199813232,1.8815803476790853,-0.8268363640832846,"Montgomery, Colson"
695681,R,2025,184,4.972277265049763,-18.10408887912278,4.507702096616598,-2.714612579268611,-0.1250237106189778,2.394879705028395,-9.068866102315614,2.837784462700542,-11.041478650609495,3.266818583327954,-0.7304352035934909,-0.013209845644343559,0.4996864759044764,"Moore, Christian"
695720,R,2026,185,-10.240512465363684,8.468486608842866,4.715565158602539,-9.291570167664963,-25.016164633245573,-0.747698237547958,-32.11189373637678,-5.858071636856282,5.175748168685685,3.4225537237572254,-2.5100491269617815,-2.6560159338297855,-0.15667581494818986,"White, Tommy"
695731,L,2026,249,15.703251374219438,-0.7164025955476587,-4.070279213058735,-1.658308589006979,-12.128249591876271,5.43377370889191,2.5637850936217044,10.093234832298478,-0.48646568611978847,-3.178196348611753,-0.5514234943456207,-1.6717453550560746,1.4289305850678304,"Montgomery, Braden"
695734,L,2025,351,2.595704710472782,8.466961493925304,-1.5954072930279055,7.863500738062663,7.59865958860277,0.6733626313678872,25.6027818694035,1.8616553345091913,6.340812777073089,-1.330480838293405,3.24402058641595,1.3975327430211248,0.22533829290752755,"Lile, Daylen"
695734,L,2026,640,-4.318132087928465,3.047506768745733,8.62941884430077,-1.4385797098178792,-10.648890695060716,-1.0574174730350863,-5.786094352795639,-3.5503698699400394,2.574130565055041,7.779820913548456,-0.8077487976682283,-3.101445745422807,-0.5058397583380697,"Lile, Daylen"
696030,L,2025,175,2.73922405628162,10.595375438017449,4.198542035986414,-1.4258925341411484,-32.7192276807137,-3.9162332179812838,-20.52821190255065,1.5295649710192598,6.334903084545415,3.000288363017143,-0.3697725630057531,-3.3050567490248746,-0.7851591066658616,"Osuna, Alejandro"
696030,L,2026,227,2.908532008449306,5.723001763414911,-3.814732629846792,-16.08385279656317,-1.6030081598215142,6.242705734021987,-6.627354080345276,1.8068923953544604,3.7689076873911698,-2.9167037825211737,-5.023275774058036,-0.20391810517012854,1.5322112133334773,"Osuna, Alejandro"
696100,R,2024,224,-8.172920428522302,-7.582165534298237,-5.343408521795283,4.686170845808445,4.660680831280559,-1.178512979214648,-12.93015578674146,-5.051707979435806,-4.970538132764692,-4.072672614387941,1.4502186714776013,0.5860333367303181,-0.28636063436443215,"Goodman, Hunter"
696100,R,2025,579,-9.261095437275165,-3.266295914887473,3.3702781522279297,8.372755465684364,27.126149290884367,-0.8129393547657823,25.528852201868244,-7.4744652271353225,-2.714512009501914,3.0072690304962313,4.493622616025231,7.351446350945007,-0.36862982414330303,"Goodman, Hunter"
696100,R,2026,550,-11.570308906351334,-9.679000144020218,9.137639978686435,8.04172207602106,17.780194550265918,-0.44480457803401396,13.265442976567853,-9.244158446089301,-7.97288403722147,8.107390881323342,4.213039038482452,4.640242916734813,-0.19604828361792662,"Goodman, Hunter"
696285,R,2024,522,-0.19228893786773568,2.5870236300581846,-15.131943403665668,0.6975330498384166,-0.03830829026130917,4.0026829405436,-8.07530101135451,-0.15199117180096466,2.111049151188182,-13.345141160507614,0.3563357790499507,-0.009616423295219266,1.71280768604498,"Young, Jacob"
696285,R,2025,364,1.4633869428140762,4.627171782884706,-15.70617729489778,4.360589532952265,-16.97654999876079,-0.7415498864262258,-22.973128921433748,1.0602584668069635,3.496595568763644,-13.176219592039024,1.837475708649432,-3.216032391982603,-0.2541973006914736,"Young, Jacob"
696285,R,2026,460,4.819369065690065,1.3750135617911803,-10.234381654500455,1.9596355686192661,4.71376967287093,3.834492838306453,6.467899052777439,3.704734771471258,1.0948803221455548,-8.884491136384488,0.9391647700555241,1.074786378847193,1.52337367531298,"Young, Jacob"
699013,R,2026,287,13.918458356330321,-21.66248240206939,19.400906306588965,9.574304540722801,13.065347265719499,-16.261651605866476,18.034882461425713,9.390236160644092,-15.362536131093556,15.601552485944438,3.492302413568137,2.0329869643019762,-4.738798160829159,"Valdez, Esmerlyn"
699393,L,2026,201,-1.6093513932625112,5.5294602390685474,-12.494275639698799,-11.060263210190064,4.427530394636818,-5.810200206551066,-21.017099815997074,-0.9530952706293029,3.4874208134347953,-9.270686644453965,-3.1721440439386575,0.5060881214564673,-1.2992445217036093,"Ramírez, Pedro"
699912,R,2026,219,-11.778678824571601,2.1087619506075677,-3.8202761957997105,-6.5138112429219035,11.446054524345488,1.28664078572847,-7.2713090026116864,-7.2175084342694475,1.371626191582308,-2.896037921341068,-1.9845271873334867,1.4110600972400535,0.3073224446916063,"Fernandez, Jose"
700242,L,2025,327,-4.8415035292783895,-4.793403431233729,-9.017567232756717,-14.22349309077452,2.6919036259789286,0.5612281839270635,-29.622835474137364,-3.401750931396905,-3.5247641917344494,-7.429600110613635,-5.625242353114722,0.46711229319144937,0.17906841640936258,"Sweeney, Trey"
700250,L,2024,178,11.31892253166773,-4.633885425250275,4.716567858062787,7.046557451682786,-24.499026672076493,-9.355945245987108,-15.406809501900579,6.367807382469692,-2.789473139172255,3.3867614410131712,1.8504630408616554,-2.512784632162981,-1.9013788745807945,"Rice, Ben"
700250,L,2025,531,9.242058615731619,3.2020123241303775,6.152499793952672,18.05149173683999,-13.685305697308232,1.925948622908751,24.888705396255176,7.331251993966009,2.6210624383362555,5.436884802321584,9.298723455445923,-3.479555185950363,0.8322115406484414,"Rice, Ben"
700250,L,2026,646,5.263338070694985,-2.629722976640918,12.137023881064806,14.863105205705658,-0.583476894803683,3.5222380905482145,32.572505376569055,4.334676834173124,-2.2244513346793147,10.952104307988403,8.379620818188249,-0.17106132483010136,1.6931459129651005,"Rice, Ben"
700337,L,2025,266,11.498231006862913,1.9544745413553468,-21.61708703555608,-1.705008776123233,-9.232152011500533,-1.9480644685412722,-21.04960674350286,7.563146952964094,1.354959099046046,-17.11905970438045,-0.592215267875251,-1.3467572892401698,-0.5376096823216893,"Quero, Edgar"
700932,L,2024,157,-0.04406411990465642,-4.315877676810418,7.786541790972064,-18.240283546758377,10.340138876768705,-4.468883421991999,-8.942428097724681,-0.02341939423784736,-2.4667149312965693,5.387982936902172,-4.359960891573713,0.946890419778086,-0.8207280166351427,"Manzardo, Kyle"
700932,L,2025,530,0.8391505718884998,-3.659078754793732,5.507609510325146,1.9573180179124816,9.89105523857052,-0.1504899278463425,14.38556465605657,0.6653956235542282,-2.994177067332151,4.865935697276056,1.0073363140384557,2.511315062527197,-0.06495780973408673,"Manzardo, Kyle"
700932,L,2026,355,1.789265530287319,-9.926794239040522,7.5651760466621845,4.308096554396516,-2.673036310184007,-9.609304821251882,-8.54659723913039,1.28737431171525,-7.455158983833814,6.320761999627425,1.7891112981672084,-0.4961829045194473,-3.240008173205944,"Manzardo, Kyle"
701350,L,2025,303,2.7793480674249427,-7.800360020445486,9.327863075269745,10.52949026523095,2.1159820780082157,9.00273205422272,25.955055519711085,1.9078936920214271,-5.618113877768568,7.579532309150102,3.974018926382834,0.344615850681501,2.7254601898262707,"Anthony, Roman"
701350,L,2026,228,3.367774809708793,-8.085940430787335,23.92696354308111,-6.786558293599456,-14.232629382030895,1.6558925538333027,-0.15449719979447896,2.095673160773892,-5.33301777800307,18.313208947151747,-2.125976168239506,-1.8174851702527204,0.4077721819297238,"Anthony, Roman"
701358,R,2025,495,0.9950147384840972,-2.6685354187788324,15.938801415032279,-14.59536466367064,-2.6796161883325387,-4.312478204577426,-7.322178321843063,0.7776018846757133,-2.155928007880276,13.96676692264217,-7.262299226586789,-0.6462550821927439,-1.7895319922435993,"Smith, Cam"
701358,R,2026,547,0.5037627917656994,-6.346309694087266,24.612792478578722,-13.220146645478064,-14.449491493621721,-3.3587089449720207,-12.258101507814647,0.40204060222743254,-5.22259758194723,21.824258215402445,-6.907965497917247,-3.755779390600418,-1.4758293662577615,"Smith, Cam"
701398,R,2026,673,1.8150163445518799,-0.11521054837664474,5.413665384558286,9.392633474298423,0.277386732933207,-5.344100141290923,11.439391246674226,1.5054318819832435,-0.09806152461974738,4.904346369589395,5.389764652953499,0.08369646620200291,-2.6235768460727,"Stewart, Sal"
701538,L,2024,593,-5.15389268131453,6.529239687840896,-1.396706514471452,23.193696559992592,-8.670165597591062,6.282182784341563,20.784354238798006,-4.178646878522561,5.447966238122972,-1.2494459076944224,12.58562137303122,-2.390845754577459,2.885912699622634,"Merrill, Jackson"
701538,L,2025,484,-6.787614555387801,-2.138743821766498,7.651990726035221,7.78045833343456,1.8394307921501258,3.7563326531158725,12.101854127581479,-5.278294433921078,-1.7203949342291787,6.686443272473128,3.8276602032524125,0.43610275024962913,1.5382969321820623,"Merrill, Jackson"
701538,L,2026,648,-8.375302255072677,-0.7403033448263779,14.211808009651238,10.235960506557221,-11.447458405201726,-2.105752898377171,1.7789516127305065,-6.901325550547594,-0.6265117820763291,12.828195775704495,5.778678296200926,-3.3634557240641056,-1.0138640362491074,"Merrill, Jackson"
701675,L,2026,454,-13.844306526335114,10.76905952294287,-10.030056748006489,2.5267134066020436,0.6910928632204069,-3.90636002105766,-13.793857502633937,-10.609934563350093,8.552039277733659,-8.691964883471703,1.2026627118800126,0.15598461309117778,-1.539661109722333,"Church, Nathan"
701678,R,2026,344,2.311578666790658,-5.42782691717651,-9.389021092389354,8.438751887937606,15.209752019202254,-1.9088053554662343,9.234429208898417,1.6483926746503472,-4.044173876163223,-7.8035522245490805,3.44021095798908,2.751657231826068,-0.6302416405579521,"Lee, Hao-Yu"
701762,L,2025,487,6.389251465550819,-15.54298016950923,38.99573824117939,-3.889657384560076,19.974114555912738,0.07174682456969461,45.998213533143335,4.9753280891777365,-12.517779650490366,34.101665214929405,-1.9195562923996377,4.757937848521672,0.029489093094875872,"Kurtz, Nick"
701762,L,2026,426,11.647289297678096,-15.509888378189512,34.87048413671847,-4.214874214663173,4.5680346467908,1.3015233315541581,32.66256881988883,8.791200543226678,-12.152437774227531,29.955804549347842,-1.939393987344874,0.9811071801523871,0.49333960138406086,"Kurtz, Nick"
701807,L,2026,630,1.1611163894827474,1.5174968181831185,-4.84385663211488,15.652600002927295,-1.5800665975733883,6.3277912113340316,18.23508119223892,0.9519836401934446,1.278627988281314,-4.360147334327476,8.728034523951061,-0.4550683681620955,3.0021857177949736,"Benge, Carson"
701852,L,2026,159,2.781647854080196,-5.419682406984612,-5.384513119131828,9.916969555879032,-23.872963498208712,-9.06302076245258,-31.041562376818504,1.4871668480730351,-3.114372683182202,-3.740365683147068,2.393354669069157,-2.211417924451706,-1.6817282411725207,"Cavanaugh, Drew"
702176,L,2025,153,-6.653940494852365,-4.978734742001767,-18.011349830652247,-24.357050141863436,6.711861343300884,10.695616732963684,-36.59359713310524,-3.4936726574293937,-2.8140456391550117,-12.363583183197639,-5.708478641863182,0.6003749208559929,1.9232454423593648,"Roden, Alan"
702222,L,2026,450,-9.032477484822802,9.495233837506877,-9.805286401650303,-2.889111399347373,4.96666073320604,-6.662737124621201,-13.927717839728764,-6.9079222061458605,7.526681915986649,-8.487116292635498,-1.3687808419364644,1.1133481957139684,-2.611998821277801,"Crawford, Justin"
702284,L,2025,256,3.66408154143101,3.5568685662779638,-7.346428432732069,-4.187451202546711,-9.687088160421036,-4.654398487876387,-18.65441617586723,2.3783142302765903,2.436638964730607,-5.770896698687858,-1.4183041293007068,-1.3674965353861874,-1.24915096371997,"Young, Cole"
702284,L,2026,621,2.4732731991059076,2.4103430804762245,-7.9594647114966,3.8445575586352985,-8.201182100843344,2.9667402958651037,-4.46573267825741,2.0225238039182787,2.0263089023245637,-7.154275612083984,2.130103775392559,-2.3378642829710836,1.3969136699291753,"Young, Cole"
702332,R,2025,507,3.7776074080983664,9.546730215001492,-24.89820524510321,-3.495539909292317,8.000966700726897,15.18780728379875,8.119366453229977,2.9675391588037265,7.748095972794803,-21.881743734097743,-1.7602279220682813,1.9649197875307232,6.390918991358908,"Durbin, Caleb"
702332,R,2026,572,1.5445222306945061,7.542358768463422,-12.189003527895812,-11.888787324880532,15.730727096696238,5.335139722952978,6.074956966030798,1.2436203498992633,6.2552764990604075,-10.861821607119461,-6.3446889549569185,4.225481345395078,2.4031617662569227,"Durbin, Caleb"
702358,R,2024,211,-6.788978942070384,4.330087415536103,-18.29144722382635,-6.413148304345216,-19.169654267198403,0.06811140082011917,-46.265029921084135,-4.09982383766267,2.779628814047366,-13.74016857444668,-1.9036714513755624,-2.2871914436832697,0.015812521087003255,"Lipscomb, Trey"
702616,L,2024,208,3.638014680379964,-13.238057213028156,2.010751504117722,-8.292856857441173,-3.8685160256254894,-7.3132066698333515,-27.063870581430486,2.184495171289675,-8.454292862380058,1.5050350369105288,-2.4369272415187546,-0.45577539702101744,-1.6792135304777744,"Holliday, Jackson"
702616,L,2025,647,7.082420567207708,-2.501944694889903,2.835811842766267,-6.210780257050521,-7.900822803779569,0.7053756007583966,-5.9899397449876215,5.834392215139732,-2.116869435427486,2.559341943952828,-3.503917587935637,-2.3188635838853964,0.33934763429408016,"Holliday, Jackson"
702616,L,2026,353,4.9339381582360655,-1.7629407762787892,-4.180456920153261,-4.497503512461373,-2.523467253005362,-1.2187245491894692,-9.249154852852186,3.544329537261186,-1.3221276581754675,-3.4895513312228714,-1.8616030739425833,-0.46626774867013693,-0.40938488658026606,"Holliday, Jackson"
703520,L,2026,172,-3.563432951194811,3.2098780145657626,-9.82526237703628,4.271517858208771,17.77541957182675,3.5255296615288394,15.39364977789903,-1.9745887311529684,1.9057979898435187,-6.986379171783905,1.0935924923430795,1.767823212102294,0.6971064688961732,"Bateman, Brett"
703601,L,2026,187,-4.773462923504571,8.683955605474921,1.9504912906152232,1.1868007081174603,-0.77424547907685,0.3069291622364549,6.5804683638626384,-2.74320888419494,5.329601269285797,1.4198289745900858,0.323127777919426,-0.08299660090348294,0.06486358142538683,"Clark, Max"
703607,R,2026,449,6.696784347403961,-11.979171859138782,9.662126502630052,-4.299081971853084,3.3347243758163554,4.170169695836991,7.585551090695489,5.1189326380006435,-9.491267424620672,8.360698774172972,-2.034401471646496,0.7462368320881376,1.6326247147942405,"Bolte, Henry"
800050,L,2026,536,8.275632955245213,4.9850068161543355,-0.7206623083502773,-2.5173607765922683,0.46021745428840405,3.073087622963011,13.555921763708415,6.5773213346481665,4.087481283147378,-0.637531724427459,-1.3026403172811865,0.11783222343587148,1.3349677793076669,"DeLauter, Chase"
802139,L,2026,600,9.589213502516987,4.390533016854344,18.63470384895524,-19.10095018884911,-19.638532389845828,8.6771240885675,2.5520918781991364,7.7918953123265835,3.670531335433987,16.690499526083535,-10.420372655009002,-5.4615808361960045,4.011403026028841,"Wetherholt, JJ"
802415,L,2025,440,0.07058422589625758,12.105620548668448,-28.358100092023182,8.186157025665441,-3.0843758463772506,6.115509410849835,-4.9646047273204506,0.05369486578270967,9.550881225773866,-24.47102211382884,3.8325380416335397,-0.6794269739554915,2.364793167671374,"Simpson, Chandler"
802415,L,2026,604,0.05674185493651907,9.570925515404273,-26.095828412871857,-8.620331211836175,15.568498175437227,5.72343954860804,-3.7965545303219725,0.04616396040770251,8.010092575659781,-23.38934739318334,-4.716950063774944,4.3504811679419415,2.655381047579747,"Simpson, Chandler"
803011,L,2026,535,8.669437319438806,7.426607267229596,5.560920846293612,-11.429845689098856,-4.18829030190944,9.39913557052088,15.4379650124746,6.887667811995156,6.0874351694040625,4.918391283737041,-5.909189142299205,-1.070863850934236,4.078729151999268,"Antonacci, Sam"
804606,R,2026,319,-10.217058789909554,-0.32904478203365845,11.972021479353174,-6.258884922214089,2.1483583646565387,-3.894498973147126,-6.579107623294719,-7.125597985470368,-0.24036324667604245,9.82041445330362,-2.4383575132609208,0.3652237938009119,-1.2217360663762769,"Griffin, Konnor"
805249,R,2025,218,-0.5827395565011932,-10.0437459234555,-2.4717354113075576,13.571946582344156,0.5040821931568732,-3.1156247218016877,-2.137816837564909,-0.3564465816614684,-6.522410161561368,-1.8716720803004705,4.121743850401777,0.06189391819791035,-0.7415977696145278,"Kemp, Otto"
805300,L,2025,234,9.077877916673383,-0.7159769988236611,-14.322178396444574,20.317228523853423,0.8258583480885066,-0.5896519639346014,14.593157429412479,5.704159096815769,-0.47637555331036435,-11.028247599670486,6.478713007592852,0.10787363543333542,-0.1480665234571334,"Marsee, Jakob"
805300,L,2026,603,12.378027952465025,1.6711755210700427,-8.33364421741165,-7.701213052309352,3.550867371964655,2.7597252665586316,4.324938842337352,10.067386583018042,1.3982609403308304,-7.468051110229278,-4.210856694311635,0.9910746576371154,1.2792331220949054,"Marsee, Jakob"
805367,R,2025,505,1.5452314628370567,10.333736863447996,-19.03833502703068,-1.9094285546231107,-2.5404060750161928,1.1822722785221607,-10.426929051862768,1.2128427729650142,8.38057489754786,-16.72378291460918,-0.9596326881210226,-0.6220278985811467,0.4963530083214285,"Meidroth, Chase"
805367,R,2026,634,0.040861644270261524,3.621261912636003,-9.644407738454417,4.133303351885761,11.378400883504158,-0.818013403688473,8.711406650153291,0.03354002370278781,3.0542731611012335,-8.68678661822652,2.31121903956735,3.2918327856003033,-0.38939311040747165,"Meidroth, Chase"
805373,R,2025,210,-4.733982074306894,1.0302877305239866,-14.618586648233881,-1.3341084013854478,0.6847613165223785,-4.83389749344809,-23.80552557032795,-2.85344128723738,0.660250583460281,-10.968193573456361,-0.3946935927734497,0.081359813220305,-1.118133566376174,"Alvarez Jr., Nacho"
805779,R,2025,523,-4.0270204237645135,14.249074403944844,-25.762944864557326,3.687430290887553,21.848108092302045,2.2510205930751765,12.24566809188778,-3.184358489036699,11.631545136011848,-22.725949256843595,1.8854926121344917,5.492335068864865,0.9643000633500954,"Wilson, Jacob"
805779,R,2026,337,-11.408150679063816,14.322997247696492,-16.487000784887023,1.0802895403140729,11.083959268750782,-1.331715671387249,-2.739621078576743,-8.086988759147095,10.615591479242694,-13.65504183300313,0.4350470566525762,1.971697733975935,-0.4336667818992268,"Wilson, Jacob"
805808,L,2026,691,16.60061059575126,6.872451644477995,14.862262791840799,-17.701213888659677,-2.329320630949084,2.6241637148927364,20.92895422735403,13.83052212617567,5.872260331347707,13.497094874748564,-10.27149648940854,-0.7158515333821351,1.305592904242308,"McGonigle, Kevin"
805811,L,2026,447,10.337493799487643,-7.663312880297983,4.292211797989299,17.539749714161548,4.650407044363656,-1.7095632550939561,27.44698622061021,7.893521048786315,-6.066114371078273,3.7118408738362416,8.280602042623197,1.0370555012145275,-0.6674780883354249,"Eldridge, Bryce"
805999,L,2026,473,3.327801507513275,-4.153174749742634,-2.2778834737353058,7.27036935325504,-6.674863137111266,1.4399817746345456,-1.0677687251863466,2.574505327313415,-3.3256649011584316,-1.9846305494879772,3.534952549467466,-1.5549268357019561,0.5817145646892778,"Ewing, A.J."
806068,L,2026,242,-9.805934417998671,-8.933929862520204,6.2807794241606665,-9.737061972630778,2.3532155557516625,-9.120343539943311,-28.96327481318064,-6.238280892135441,-6.010688475359614,4.873326285457683,-3.176455293959623,0.3164724323675958,-2.3483313397414918,"Emerson, Colt"
806146,R,2026,153,-2.4280395331231697,-6.157669338767469,9.610704370307843,-14.495804188051247,-3.9748935889505814,8.252732790598333,-9.192969487986288,-1.2748498930209116,-3.4803948087321035,6.597103717857173,-3.397332112146758,-0.35555359412469,1.4839752697579969,"Lombard Jr., George"
806198,R,2026,252,3.318402436103067,5.464122613943261,-9.20818655102458,2.185736099727145,5.5504861875766185,-0.3715591748633351,6.939001611462178,2.1420067811936656,3.7245867740730927,-7.208837881142651,0.732626128498091,0.7730072729900757,-0.09857458353020365,"Pratt, Cooper"
807712,R,2025,207,7.41392627198109,4.683744753917498,-17.09720812351434,2.5573197041084557,26.123193445498924,11.627685682584227,35.30866173457586,4.443216434270021,2.9859928079969573,-12.781624553194392,0.7489355160023196,3.064684840088936,2.6599780955260077,"Keaschall, Luke"
807712,R,2026,601,7.767472723094123,5.197666459025664,-5.463184393870076,-17.311870704968705,10.444652010672659,13.54415159080313,14.178887684756793,6.313574655492489,4.346489288777244,-4.894046573901737,-9.451501397148071,2.908206765998387,6.267019192015193,"Keaschall, Luke"
807713,R,2025,438,-6.607209495971459,4.972889945437475,-15.835853938755386,8.952879803444134,7.717665705085543,-0.21119893159671532,-1.0108269123564069,-5.020753861221791,3.919646785560294,-13.656667250392877,4.181342863826106,1.6940177389413777,-0.08143998648883809,"Shaw, Matt"
807713,R,2026,192,-5.077181416277691,7.588238016940524,-10.293025234170138,-4.450579025748381,8.93943232320404,2.5707665452380066,-0.722348790813641,-2.950428670907387,4.704449503708072,-7.546107843514524,-1.2351578768543365,0.9810885038752125,0.5546741598670858,"Shaw, Matt"
807799,L,2024,422,-0.9434294213964489,11.406615223291869,-4.768242920907221,-10.678794468594663,8.900980253507528,7.892095016516213,11.809223682417276,-0.7104352074761859,8.91910600130125,-4.09073722348465,-4.888627326806632,1.8975991299496209,2.973977288797437,"Yoshida, Masataka"
807799,L,2025,205,-4.353153230903902,7.5104323487885045,-1.4687421393892568,-16.076123525312575,4.55662402762564,13.874335532740895,4.043373013549301,-2.5987154321037287,4.771197139348703,-1.0953130016285482,-4.675788473349867,0.5300035938670924,3.150224131687589,"Yoshida, Masataka"
807799,L,2026,296,1.2330906393397212,9.22751703966519,2.6936491638351043,-18.48071128706586,0.5246368770852019,7.420358729270902,2.6185411621302626,0.8402293436991422,6.602325285545206,2.179116875678684,-6.873748945961353,0.08378538772274727,2.20997619849436,"Yoshida, Masataka"
808959,L,2026,523,9.768342430287198,-21.12822172796218,28.29271559992765,-0.7899726323698152,1.8044872977169588,-1.534101206070447,16.413249761529368,7.724297586905259,-17.247005504050254,24.95750475896968,-0.4039364664879423,0.4536250381360953,-0.6571836325043274,"Murakami, Munetaka"
808975,L,2025,170,-7.045855174046081,-4.789971883914089,-10.938191282350505,1.7802427604739304,33.66376969119695,-8.329629907288446,4.3403642040717605,-3.8839139647202305,-2.8304172778073315,-7.751392580483232,0.4518224514245133,3.3128724551423376,-1.6316259303484368,"Kim, Hyeseong"
808982,L,2024,158,-1.3608436790378202,14.966173634418935,-11.241429515923729,-10.305889169529618,-16.412789655134933,14.377333524652604,-9.977444860554566,-0.7254183196771518,8.577088886489815,-7.793825317897593,-2.475330592519764,-1.511680286500553,2.6541672594873122,"Lee, Jung Hoo"
808982,L,2025,616,5.988799098907765,10.312903234781785,-18.513398743563748,1.9470839796545725,-1.2887257642275423,5.6310191907439116,4.077680996296747,4.890117825136113,8.658575467013915,-16.626908300219643,1.0749045835102282,-0.3652501507569552,2.6400718782953136,"Lee, Jung Hoo"
808982,L,2026,579,-2.7782343859396668,15.273331053334205,-18.090249486577733,1.5311583466493615,-0.8106899809497421,7.850793215608101,2.976108762124527,-2.242263504483169,12.693167321553762,-16.141767705129276,0.8217662397306124,-0.2197047519827448,3.559966073101305,"Lee, Jung Hoo"
810938,R,2025,295,-10.280789017565846,10.370135309006065,-12.17550010163299,-3.7330916118821578,-2.39553388247416,-3.6715244076127402,-21.886303712161826,-6.997783579640868,7.412724438135922,-9.843401086178638,-1.3855429624356776,-0.3814841264440655,-1.090879080091177,"Williamson, Ben"
810938,R,2026,277,-10.870565932148098,11.297185410666371,-11.804691970641887,-3.9822257859911603,-4.26289583018139,-2.4960656668316354,-22.1192597751278,-7.24880511493199,7.928463903607474,-9.426291785728855,-1.419983594778802,-0.6436906921098455,-0.709234162222527,"Williamson, Ben"
813841,R,2026,153,-1.885230964195977,-23.25948524200501,1.0026311632107605,12.334673114275777,19.778513781192242,-0.3706553884523363,7.600446464025459,-0.9898465244235511,-13.146563616268939,0.6882390217820529,2.8908352044727694,1.7691848860799892,-0.06664985333009092,"Cox, Jonah"
814439,R,2026,282,4.69878782983964,-8.703097910753314,-7.313856719517126,11.615768381566802,2.7976141373412284,-5.856073637371175,-2.760857918893945,3.1519057093869676,-6.140375166446606,-5.8612046766448005,4.189752456200373,0.42889161700026246,-1.685340858683584,"Waldschmidt, Ryan"
