bsy,batter,depth,off_plate,days,reach,ev,height_in,height_in_z,reach_z,ev_z,close_ft,deep_ft
444482L2024,444482,28.45864229106097,27.683799791217496,88,45.23499142902687,88.07417582417582,73,0.42416089567650006,0.26082969594447597,0.08180638468641534,-0.00422284958449796,0.04525900074430833
453568L2024,453568,26.94609494521838,30.708745370521413,116,46.98227171270104,84.67955801104972,75,1.278107484922736,1.0059403344511342,-0.9922527473571653,-0.2563016478598244,-0.08078661140924066
455117R2024,455117,25.850311819851097,29.021285208759732,44,45.60589377908303,86.20919540229885,72,-0.002812398946617945,0.4189973863008464,-0.5082745503319526,-0.11567996771301765,-0.1721018718565143
455117R2025,455117,26.24681303055172,29.423701806552938,58,46.036015148734464,81.08958333333334,72,-0.002812398946617945,0.6024184500940093,-2.1281229096761582,-0.1492146841957848,-0.13906010429812898
456781R2024,456781,28.233957956685895,26.305600375903463,93,44.210929230279966,87.29587155963303,68,-1.7107055774390898,-0.17587164264919386,-0.16444955599953545,0.1106271016916714,0.026535306213052223
456781R2025,456781,27.269342290796697,26.96754946155045,65,44.50457485317673,87.44765625,68,-1.7107055774390898,-0.0506493302270546,-0.11642478803812624,0.05546467788775574,-0.05384933261104763
457705R2024,457705,30.721846132262474,28.45258081838081,116,45.56608109006242,88.46214511041009,70,-0.8567589881928539,0.4020196532983095,0.20456010182684445,-0.06828793518144079,0.2338593208444338
457705R2025,457705,30.021243149623828,29.050599548707673,132,46.60675436947734,89.52729805013928,70,-0.8567589881928539,0.8458046252612109,0.5415751370733768,-0.11812282937534609,0.17547573895787996
457705R2026,457705,30.671667761846876,29.013900116991685,35,45.60298004474385,87.06923076923077,70,-0.8567589881928539,0.4177548527049538,-0.2361588393491532,-0.11506454339901377,0.22967778997646734
457759R2024,457759,31.51357216384737,21.79954125595023,132,40.01667527774338,87.15053763440861,71,-0.42978569356973595,-1.9644703407710489,-0.2104332979628989,0.48613202835444075,0.2998364901431752
457759R2025,457759,33.469415384099555,22.16711423283718,76,40.72695706465011,88.26911764705882,71,-0.42978569356973595,-1.6615775990016282,0.14348609551427036,0.4555009469471951,0.46282342516419056
467793L2024,467793,25.953974720812102,26.82032419588979,126,45.150117992959245,88.02072368421052,70,-0.8567589881928539,0.22463624677007055,0.06489409522778722,0.06773345002614424,-0.16346329677643054
467793L2025,467793,26.666444267643207,26.71847512951035,108,44.92207709719568,86.91345291479821,70,-0.8567589881928539,0.1273904304945496,-0.2854470468393989,0.07622087222443093,-0.10409083454050509
467793R2024,467793,27.998535861506678,28.56722473773354,70,46.247440128355734,92.090756302521,70,-0.8567589881928539,0.6925785709594484,1.3526548807007004,-0.07784159512750162,0.006916798281450791
467793R2025,467793,28.86872149127403,27.39292938844568,69,45.80642277138215,89.16761904761906,70,-0.8567589881928539,0.5045110196241173,0.4277724828342494,0.020016350646486696,0.07943226742873015
500743R2024,500743,29.35620087484442,28.12080674483823,96,45.24087765788544,84.05108695652173,70,-0.8567589881928539,0.26333982084211627,-1.1911013696470565,-0.04064009571955918,0.12005554939292917
500743R2025,500743,29.670825531549468,28.69632235883921,108,45.2040461739151,85.9269387755102,70,-0.8567589881928539,0.24763339366228296,-0.5975807179982878,-0.08859973021964092,0.14627427078501665
500743R2026,500743,28.83388422269731,27.829577613047793,94,44.11252450706598,85.82189054726369,70,-0.8567589881928539,-0.21783537727788438,-0.6308180410385659,-0.016371001403689373,0.07652916171400352
502054R2024,502054,30.280347057481823,27.864181642789273,114,44.82596191502691,90.39131736526946,73,0.42416089567650006,0.08640304831831169,0.8149513716790057,-0.01925467054881273,0.19706773127937952
502054R2025,502054,31.423215460167825,28.426012966129775,115,44.79344406043564,91.59269102990034,73,0.42416089567650006,0.07253612632316515,1.1950667267873256,-0.0660739474938546,0.29230676483654633
502110R2024,502110,31.418405780469765,31.784569174367014,117,48.224269347512106,90.96904761904763,75,1.278107484922736,1.5355781145741096,0.9977455738801855,-0.3459536315136245,0.2919059581950414
502671R2024,502671,24.963755537754068,34.474349780551414,143,51.59538452992139,91.24741784037559,74,0.851134190299618,2.973157310948121,1.0858220805049337,-0.5701020153623245,-0.24598156203126673
502671R2025,502671,25.873446315908268,34.06541982384255,135,49.12861663431827,90.44010282776348,74,0.851134190299618,1.9212281963611944,0.8303871215593206,-0.5360245189699189,-0.1701739971850834
502671R2026,502671,20.33953253122888,34.59471005106304,96,50.530097165988,86.70629921259844,74,0.851134190299618,2.51887590266463,-0.35099060367928053,-0.5801320379049599,-0.631333479241699
514888R2024,514888,11.224210622582527,30.06251836041225,145,48.74774994037449,85.20295275590551,66,-2.5646521666853257,1.7588113087204649,-0.8266503330876502,-0.20244939701739403,-1.3909436382955616
514888R2025,514888,12.853025052590866,30.114548460068107,152,48.14051075339202,84.03628865979381,66,-2.5646521666853257,1.4998600788769392,-1.1957835596944462,-0.20678523865538226,-1.2552091024615335
514888R2026,514888,12.285493834721018,32.658315942181545,129,50.00212679970964,84.56040609137057,66,-2.5646521666853257,2.2937280884267044,-1.029952486908719,-0.4187658621648354,-1.302503370617354
516782R2024,516782,17.136324918678127,28.439547329600835,85,46.08548823992881,87.86216216216216,72,-0.002812398946617945,0.6235157674008814,0.014725133617956947,-0.0672018111164429,-0.8982674469542618
516782R2025,516782,18.461080336784097,28.554773033284214,94,45.916416909249904,85.94210526315788,72,-0.002812398946617945,0.5514169471186399,-0.5927820321208852,-0.07680395309005779,-0.7878711621120976
516782R2026,516782,19.970710014812493,28.12355991908803,55,46.321174317289376,86.39203539823008,72,-0.002812398946617945,0.7240217968170588,-0.4504238648811791,-0.04086952690704256,-0.6620686889430646
518595R2024,518595,31.662719376214415,29.35634652807847,91,45.75446760096878,89.94090909090909,72,-0.002812398946617945,0.4823552438380907,0.6724419208789325,-0.14360174432291237,0.31226542450709555
518595R2025,518595,28.80871659367181,29.25070026857664,66,45.5878251243734,88.20428571428572,72,-0.002812398946617945,0.41129218469498924,0.12297323271901461,-0.1347978893644267,0.07443185929521186
518595R2026,518595,30.125561684705772,29.107643024947507,30,46.92271897162667,86.68124999999999,72,-0.002812398946617945,0.9805446487438376,-0.3589161897166337,-0.12287645239533222,0.18416895021470867
518692L2024,518692,29.083080159215918,30.284659873291115,138,47.74103772253984,89.41177777777779,76,1.705080779545854,1.3295087002998536,0.5050244529326597,-0.22096118975729961,0.09729548975722076
518692L2025,518692,29.101003615891187,30.39542455659686,146,47.579306091394656,90.8974537037037,76,1.705080779545854,1.260539823311263,0.9750932157040866,-0.23019158003277843,0.09878911114682658
518692L2026,518692,29.71520020962541,31.129744639144107,148,47.63482814276094,89.40087719298246,76,1.705080779545854,1.284216660697499,0.5015755013014156,-0.2913849202450489,0.14997216062467858
518735L2024,518735,30.666513478608724,25.784739961686988,63,44.59009724856356,89.52748091603054,74,0.851134190299618,-0.014179138679249005,0.5416329959521257,0.154032136209711,0.229248266373288
518735R2024,518735,27.273492503541075,29.856379654185094,28,45.577499035398915,92.08809523809524,74,0.851134190299618,0.4068887247458632,1.3518129183046985,-0.1852711714984645,-0.05350348154901615
518792L2024,518792,30.77888870416113,35.983298647186146,79,54.067241137308216,88.04180790960451,77,2.132054074168972,4.027256457053037,0.07156515691223274,-0.6958477542485522,0.2386128685026551
518792L2025,518792,31.249102266901463,34.78563201311201,30,54.55423132784878,85.12238805970149,77,2.132054074168972,4.23492867496254,-0.8521410517610903,-0.5960422014090406,0.2777973320643496
518934R2024,518934,29.0653172456318,33.017502764072056,61,47.62735482933547,88.23872832369942,75,1.278107484922736,1.2810297390626344,0.1338708951978813,-0.448698097322378,0.09581524695854426
518934R2025,518934,30.31934965010382,32.97409710436726,41,48.085617909921154,91.72608695652173,75,1.278107484922736,1.4764515610620315,1.2372732787623701,-0.44508095901364503,0.20031794733121266
519203L2024,519203,31.875420371351442,22.26718672198901,85,41.020255402707186,86.70401459854016,75,1.278107484922736,-1.5365033828128514,-0.3517134569510113,0.4471615728512092,0.32999050743518116
519317R2024,519317,24.93048315402433,32.98563237340664,107,50.118783565633926,94.56776556776556,77,2.132054074168972,2.3434752286858416,2.136382112439483,-0.4460422314335932,-0.24875426067541154
519317R2025,519317,26.84504328903888,33.81224796275593,76,50.33943633291832,94.38571428571429,77,2.132054074168972,2.4375704496161736,2.0787809765380167,-0.5149268638793677,-0.08920758275753234
519317R2026,519317,26.554933090594886,34.85729857581329,24,50.977318433334446,94.1360655737705,77,2.132054074168972,2.709589051081524,1.9997919728777729,-0.6020144149674808,-0.11338343262786517
521692R2024,521692,29.479391931815258,27.20741711189905,150,48.413684220851565,91.08168103448276,74,0.851134190299618,1.6163522402454895,1.033382854740958,0.035475707025372394,0.13032147080716575
521692R2025,521692,29.586673212009927,27.32140047122744,151,47.352110389581924,89.95433403805497,74,0.851134190299618,1.1636544317542314,0.6766895822867877,0.025977093748006535,0.13926157749005488
521692R2026,521692,29.21769375402625,27.450525369809572,146,47.685924649305875,89.10884955752212,74,0.851134190299618,1.3060062676500246,0.40917778057348764,0.015216685532828992,0.10851328932474846
527038R2024,527038,28.021829765505466,24.51093459994852,62,41.946006728464354,83.5454054054054,75,1.278107484922736,-1.1417257573349122,-1.3510993186893028,0.26018258302125,0.008857956948016424
527038R2025,527038,27.643941260143674,25.286441226766406,124,42.3222610336844,85.85299401197605,75,1.278107484922736,-0.9812757778880742,-0.6209768859655769,0.19555703078642614,-0.022632751832132907
542194R2024,542194,20.34990353337813,28.879635672846568,42,46.52951944146122,86.09326923076924,73,0.42416089567650006,0.8128685433590572,-0.5449536612152964,-0.103875839720254,-0.630469229062595
542303R2024,542303,35.24623964635685,27.488682330529876,153,43.67573507322273,92.14145785876993,73,0.42416089567650006,-0.40409997202254316,1.3686968838055593,0.012036938806136988,0.6108921136856317
542303R2025,542303,34.472663158433775,26.118131929675627,142,43.04182847804417,89.88275862068966,73,0.42416089567650006,-0.6744232580461618,0.6540430768823262,0.12624947221065774,0.5464274063587089
542303R2026,542303,34.52963834451152,25.84653194342904,68,42.4602783270475,89.1375,73,0.42416089567650006,-0.9224196489981563,0.4182427979258007,0.14888280439787346,0.5511753385318542
542932R2025,542932,32.54273149079103,28.064825715405146,42,45.11963779187966,87.51428571428572,70,-0.8567589881928539,0.2116382622449643,-0.09534318518359118,-0.035975009933468804,0.3855997673884799
543063L2024,543063,29.824407640579874,26.343692446620818,25,41.08045164746196,89.66,73,0.42416089567650006,-1.5108332812361203,0.5835621143810333,0.10745276246522521,0.15907277987088383
543228R2024,543228,29.823474432013224,27.105650455002838,27,44.756590989437086,86.23859649122808,74,0.851134190299618,0.05682049356565387,-0.49897202798779855,0.043956261766723514,0.15899501249032966
543257L2024,543257,22.477625792270413,27.577768032220664,47,43.58805531044286,86.50945945945946,72,-0.002812398946617945,-0.4414901518577119,-0.4132708207896199,0.004613130331904654,-0.4531590408215713
543257R2024,543257,26.387054238076683,27.16031590075066,57,42.307148050986335,86.05512820512821,72,-0.002812398946617945,-0.9877205619866019,-0.5570215048284558,0.03940080795440496,-0.12737333700438214
543309R2024,543309,30.33512124608883,22.972878959199708,77,40.82233972383975,87.38275862068966,73,0.42416089567650006,-1.6209025941067021,-0.1369584372575524,0.3883538864169844,0.20163224699663
543309R2025,543309,30.394069768506267,23.714147399991106,92,42.11143892442164,88.6646551724138,73,0.42416089567650006,-1.0711788105679683,0.26863440809624284,0.32658151635103455,0.20654462386474984
543309R2026,543309,30.56994630728274,23.148521947017407,53,40.50407104553791,87.14491525423729,73,0.42416089567650006,-1.7566251683965475,-0.21221222245433172,0.3737169707655094,0.22120100209612273
543510R2024,543510,26.607674621543786,25.975311983147172,62,42.3206803666239,87.090625,74,0.851134190299618,-0.9819498379422746,-0.22938969177622495,0.13815113442136231,-0.10898830504879016
543510R2025,543510,24.11464087586936,27.513535137944324,38,44.58544900229721,91.80760869565216,74,0.851134190299618,-0.016161337972525874,1.263066806397367,0.009965871521599704,-0.3167411171883258
543510R2026,543510,24.740011383326934,26.603372740117628,42,43.28324986502312,87.60188679245282,74,0.851134190299618,-0.5714714617706436,-0.06762615099540732,0.08581273800715768,-0.2646269082335279
543685R2024,543685,23.78928547884838,24.45384279996822,51,41.18096348710228,87.87758620689655,73,0.42416089567650006,-1.467970987354801,0.019605310713581823,0.26494023301960823,-0.343854066940074
543760R2024,543760,26.56548941649016,23.459115389624777,151,41.35617530733804,87.39300184162063,72,-0.002812398946617945,-1.3932536151795392,-0.13371747595112451,0.3478341838815619,-0.1125037388032591
543760R2025,543760,27.99510076256916,23.976952659740036,127,41.386914138821446,88.32883116883116,72,-0.002812398946617945,-1.3801453402407378,0.16237948996888785,0.3046810780386237,0.0066305400366575284
543760R2026,543760,27.722859376721388,23.08538563726947,132,40.54618708845733,86.34947916666665,72,-0.002812398946617945,-1.7386651925848402,-0.46388868232228125,0.3789783299111707,-0.01605624211732337
543807R2024,543807,25.124149547178803,28.057739086694976,138,45.99835315255281,87.49114219114219,73,0.42416089567650006,0.5863578590803349,-0.10266580992321701,-0.035384457540954685,-0.23261539457920546
543807R2025,543807,27.076284965066918,27.189799474828266,135,44.51333593954882,90.0048717948718,73,0.42416089567650006,-0.046913250376721276,0.6926797591521281,0.03694384344793781,-0.06993744308852919
543807R2026,543807,26.62869648495099,26.75341415668172,121,44.93512809340836,88.42049861495845,73,0.42416089567650006,0.13295590056368292,0.1913831254424964,0.07330928662681657,-0.10723648309818994
543877R2024,543877,28.218121055945048,28.56788011746503,88,46.413201170423505,87.01176470588236,68,-1.7107055774390898,0.7632657509434915,-0.2543411365972547,-0.07789621010512586,0.025215564484648272
543877R2025,543877,27.404957682703447,27.601878605340698,62,43.83056560276153,85.92866242038217,68,-1.7107055774390898,-0.33807400251844744,-0.5970353557168598,0.0026039159052351954,-0.04254804995215178
543877R2026,543877,29.121308642193014,28.07501070058538,82,44.265742637488074,83.37760416666667,68,-1.7107055774390898,-0.1524969996539232,-1.4041917322560566,-0.03682375869848838,0.10048119667197881
545121L2024,545121,12.99895159177618,26.14988812318731,68,44.432859593500694,82.6304964539007,71,-0.42978569356973595,-0.08123160339018737,-1.6405770650654412,0.12360312275135084,-1.2430485575294241
545121L2025,545121,10.062827050780061,23.987332387704097,29,44.21825139465637,87.95172413793104,71,-0.42978569356973595,-0.172749177052386,0.04306259699497217,0.3038161007082853,-1.487725602612434
545121L2026,545121,9.425500076833261,24.450050978635367,109,44.64661778399239,86.47906976744186,71,-0.42978569356973595,0.009923492498822333,-0.42288613774968864,0.2652562181306794,-1.5408361837746671
545121R2024,545121,28.353971122084857,25.000929647749867,49,45.2442297364154,88.76388888888889,71,-0.42978569356973595,0.2647692820436865,0.30003201609045027,0.21934966237113773,0.03653640332963241
545121R2025,545121,27.877701078638733,25.766666431493366,24,42.70445005405782,89.10227272727273,71,-0.42978569356973595,-0.8182949970359851,0.40709686749928536,0.15553826372584614,-0.003152766957544628
545121R2026,545121,26.00414231140476,26.01320989573162,77,46.16655170972494,87.02925170068026,71,-0.42978569356973595,0.6580844936113962,-0.24880824085209477,0.13499297503932497,-0.1592826642270424
545341R2024,545341,25.674748500689038,28.681706257140377,99,45.845677263001555,90.5852380952381,72,-0.002812398946617945,0.5212507147881253,0.8763080080903272,-0.08738172174473806,-0.18673214845335254
545341R2025,545341,25.301096742210284,28.56097488849843,109,44.141391714052965,92.4214953271028,72,-0.002812398946617945,-0.20552523835458092,1.4573009083924413,-0.07732077435790903,-0.21786979499324874
545341R2026,545341,25.377632065351303,29.405141001434473,106,44.942437298519955,91.67794871794872,72,-0.002812398946617945,0.13607283980838472,1.2220423109226612,-0.14766795043591271,-0.21149185139816376
545361R2024,545361,30.05395662323996,25.943145741217794,24,41.98845728413875,89.2109756097561,73,0.42416089567650006,-1.1236231318208207,0.44149052535357164,0.14083165458214383,0.17820186175922417
545361R2025,545361,29.973828589363087,25.313832893657473,130,41.55692891652654,90.87067137809188,73,0.42416089567650006,-1.3076441961741276,0.9666192716596321,0.19327439187883724,0.17152452560281825
545361R2026,545361,27.67805260644928,24.57001186468717,138,41.65978324913481,90.00560471976402,73,0.42416089567650006,-1.2637829690092601,0.6929116570319266,0.2552594776263624,-0.019790139639998944
547180L2024,547180,22.85381367122222,29.082244042426325,138,46.539039835871556,90.98450363196126,73,0.42416089567650006,0.8169284227179687,1.0026358657270846,-0.12075987051856707,-0.4218100509089207
547180L2025,547180,23.54690949819654,29.434022502183865,131,46.910876073888375,90.99268929503916,73,0.42416089567650006,0.975494360488426,1.0052258144826265,-0.15007474216502872,-0.36405206532772727
547180L2026,547180,24.532253294144933,29.443505031578237,154,46.91569254677485,89.87862232779098,73,0.42416089567650006,0.9775482983834067,0.6527343513040139,-0.15086495294789307,-0.28194008233202794
547989R2024,547989,24.888871355322898,32.325608875685404,26,48.97735012782719,87.81511627906977,75,1.278107484922736,1.8567220697315066,-0.00016021228609577426,-0.391040273290157,-0.2522219105671975
553869R2024,553869,26.580332148153545,25.341265517618012,83,43.266099593795474,87.115234375,73,0.42416089567650006,-0.5787850276961543,-0.2216032706214114,0.19098833988212563,-0.11126684449797697
553869R2025,553869,26.668010273887273,26.642358910246294,94,42.271817456986085,87.07445652173914,73,0.42416089567650006,-1.0027869492745012,-0.23450540809049802,0.08256389049643549,-0.10396033402016631
553869R2026,553869,25.336254879817364,26.81900175128086,71,43.91542290559057,86.70975609756097,73,0.42416089567650006,-0.3018874332063161,-0.34989684318345254,0.06784365374355487,-0.21493995019265869
553882L2024,553882,26.685384782030216,28.513505645149724,21,42.90153399669382,84.43396226415095,71,-0.42978569356973595,-0.7342504715474215,-1.0699593904224625,-0.07336500407885034,-0.10251245834158773
553993R2024,553993,24.078176298365765,24.86733296955898,150,43.043504924679546,89.08271604938271,71,-0.42978569356973595,-0.6737083537262418,0.40090912277026375,0.230482718887045,-0.319779831980292
553993R2025,553993,18.386073787636295,23.113988348856225,157,40.45962890083284,90.231328320802,71,-0.42978569356973595,-1.7755770876319488,0.764330741111187,0.3765947706122746,-0.7941217078744144
553993R2026,553993,20.785905371295122,24.378986522689644,119,41.4041977835866,88.47976653696497,71,-0.42978569356973595,-1.3727748984707382,0.21013553186133105,0.27117825612615637,-0.5941357425695122
570482R2024,570482,31.162846695275483,28.220690607001348,119,46.28714728393746,86.2707182320442,72,-0.002812398946617945,0.7095113002560712,-0.48880868973885366,-0.048963750899819004,0.2706093677621846
570482R2025,570482,31.040112246353395,28.10751465654537,55,44.82158353035407,86.17569444444445,72,-0.002812398946617945,0.08453592887005257,-0.5188742736871393,-0.039532421695154106,0.26038149701867724
571448R2024,571448,28.55135189718379,28.697814202751267,141,47.19589262122911,86.29674796747967,74,0.851134190299618,1.0970368877854506,-0.4805728656820062,-0.08872405054564562,0.05298480125454338
571448R2025,571448,31.883694033349563,29.35875539927784,101,48.45954432675009,86.80793201133145,74,0.851134190299618,1.6359088352047022,-0.31883392460564763,-0.14380248358952663,0.3306799792683579
571448R2026,571448,31.64721830491834,29.71035893714044,144,47.97854293274285,85.11393034825872,74,0.851134190299618,1.4307904811775567,-0.8548170767840471,-0.17310277841141009,0.310973668565756
571466L2024,571466,30.858489588748576,27.828523788267884,28,47.00761446306181,78.96538461538461,68,-1.7107055774390898,1.0167475032146491,-2.800220670568732,-0.01628318267203029,0.24524627555160894
571657R2024,571657,24.94042026654822,27.096100022904565,88,44.50727297934987,87.68511904761905,71,-0.42978569356973595,-0.049498740631082574,-0.04129141505069917,0.04475213110824624,-0.2479261679650874
571657R2025,571657,27.21505558270589,27.631222034181945,96,43.68345657827116,86.94928909952607,71,-0.42978569356973595,-0.40080721149028914,-0.2741084562871068,0.00015863016846455005,-0.05837322495194819
571745R2024,571745,28.646183825584252,32.6531575285192,114,48.27647756432889,90.5496062992126,73,0.42416089567650006,1.5578417995313103,0.8650340862472502,-0.41833599435964014,0.06088746195458198
571771R2024,571771,27.155087607353543,29.45690946669649,114,45.346416313704935,88.94083044982699,70,-0.8567589881928539,0.3083457514644421,0.3560164331369759,-0.15198198920774755,-0.06337055623131042
571771R2025,571771,28.69999237869963,30.960459102686027,83,47.69398947649605,89.81479289940829,70,-0.8567589881928539,1.309445434561747,0.6325386815050578,-0.2772777922068756,0.06537150804753011
571771R2026,571771,28.493010509979907,32.16615190558054,33,49.434223929176845,88.61296296296297,70,-0.8567589881928539,2.051551447148146,0.2522789617183045,-0.3777521924480851,0.04812301898755322
571912R2024,571912,27.62779223367444,26.72785084630117,48,44.62796764681902,83.65294117647059,75,1.278107484922736,0.001970323366585063,-1.3170749355945977,0.07543956249186252,-0.023978504037902287
571970L2024,571970,26.597586746108657,29.025510504994465,63,47.07178070164016,90.21566265060241,70,-0.8567589881928539,1.044110569944358,0.7593741135720287,-0.11603207573257872,-0.10982896133505093
571970L2025,571970,26.97943069905065,28.265653349398875,99,45.14184251615359,91.30510638297872,70,-0.8567589881928539,0.2211072503839588,1.1040747703239735,-0.05271064609961288,-0.07800863192321827
571970L2026,571970,28.580394793384453,28.665942262970855,143,45.9537278207239,89.86882352941177,70,-0.8567589881928539,0.5673278214823076,0.6496340055621319,-0.08606805556394459,0.05540504260459874
572138L2024,572138,29.440896540590796,29.578041735043477,117,45.44877309849987,88.72886178861788,74,0.851134190299618,0.35199480421610974,0.28894942035033133,-0.16207634490332978,0.1271135215384606
572191R2024,572191,18.017660843500718,30.06177438129748,83,46.384957358996154,86.25263157894737,76,1.705080779545854,0.751221452977602,-0.49453131773297987,-0.20238739875782988,-0.8248227865523793
572191R2025,572191,22.26074017408695,30.947479145165772,108,46.32699394182758,86.82,76,1.705080779545854,0.7265035189517656,-0.31501560568186987,-0.2761961290801877,-0.47123284233685975
572233R2024,572233,28.195950660188554,28.190181578943967,122,44.5169649983278,91.19773371104816,71,-0.42978569356973595,-0.04536567364890485,1.0701019918942456,-0.04642133189503728,0.02336803150494049
572233R2025,572233,28.613517390014156,26.306567165713254,153,43.366602689588085,90.86699029126213,71,-0.42978569356973595,-0.5359264625434252,0.9654545735572246,0.11054653587418883,0.05816525899040729
572233R2026,572233,29.113622794560595,26.872647178963067,149,42.986484283875626,88.8628640776699,71,-0.42978569356973595,-0.6980242499647816,0.33134782576567445,0.0633732014367044,0.09984070936927718
572761L2024,572761,34.973067003652545,27.089511556426782,51,43.955264835786004,84.6546511627907,76,1.705080779545854,-0.28489723058991945,-1.0001332892313006,0.04530116998139485,0.5881277267936064
573262L2024,573262,28.128089789080445,24.27194321216446,130,41.67979388800526,89.4608552631579,70,-0.8567589881928539,-1.2552496271951288,0.5205525990309976,0.28009853200325513,0.017712958912598015
573262L2025,573262,29.036011859402116,24.684350949947884,143,42.17217848695132,89.4711229946524,70,-0.8567589881928539,-1.0452770164242522,0.5238013154945728,0.245731220521303,0.09337313143940396
573262L2026,573262,31.23512937135749,24.113175472898416,129,40.08247826380129,89.74055118110236,70,-0.8567589881928539,-1.9364092990392934,0.6090485568681239,0.29332917694209204,0.2766329241023519
575929R2024,575929,18.1628100569878,30.448216857890582,74,48.4347842482267,91.56341463414634,72,-0.002812398946617945,1.6253501411643587,1.1858036574393378,-0.23459093847392185,-0.8127270187617889
575929R2025,575929,22.858527633227624,30.219855643900473,129,48.432821213668014,90.46438746438747,72,-0.002812398946617945,1.6245130242191848,0.8380707952952854,-0.21556083730807943,-0.4214172207418037
575929R2026,575929,26.73371078151359,27.342583285522053,125,46.06628056306739,89.64617834394905,72,-0.002812398946617945,0.6153248409054783,0.5791889340353443,0.02421185922345555,-0.0984852917179732
578428R2024,578428,20.01382675905772,26.54323656220251,72,45.87521512001555,85.84655172413794,71,-0.42978569356973595,0.5338468458756538,-0.6230152297393656,0.09082408616675093,-0.658475626922629
578428R2025,578428,22.369718922653394,27.346844966682827,105,45.160390960851814,82.84823529411764,71,-0.42978569356973595,0.2290170537518183,-1.5716843641459775,0.023856719126724418,-0.4621512799563228
592178R2024,592178,26.032138756356286,28.8367509484555,32,45.861996443366586,85.1406976744186,77,2.132054074168972,0.5282098701195895,-0.8463478785752693,-0.10030211268766494,-0.15694962714774854
592192R2024,592192,22.71288518939604,26.396734365549264,114,45.2771393170882,88.44801324503311,73,0.42416089567650006,0.278803251806416,0.20008877106251913,0.10303260255452133,-0.4335540910611024
592192R2025,592192,25.412787408680643,26.694195386079947,44,44.99441831102315,86.59230769230768,73,0.42416089567650006,0.15823963570162053,-0.38705758973891746,0.0782441841769644,-0.20856223945405214
592200R2024,592200,26.343785275208738,27.08083696856445,38,43.85841850826594,81.44318181818181,74,0.851134190299618,-0.32619640257150795,-2.016244134911074,0.046024052303255715,-0.1309790839100442
592206R2024,592206,28.557437401120396,27.768722645202526,155,45.48583991240174,88.39337606837607,75,1.278107484922736,0.36780158555044157,0.18280153527690085,-0.011299754083250532,0.05349192658259394
592206R2025,592206,29.789270117901594,29.028418759971643,143,47.24713005811825,87.77177033492822,75,1.278107484922736,1.1188865931089897,-0.01387489526521103,-0.11627443031401026,0.15614465298102717
592206R2026,592206,29.430003592842066,28.666681054803647,39,46.073617073326666,87.68915662650602,75,1.278107484922736,0.6184534241641453,-0.040013922645479656,-0.08612962155001054,0.12620577589273316
592273R2024,592273,30.79464958901574,27.517611045003676,91,45.20820515063409,87.5869918699187,73,0.42416089567650006,0.24940694872816221,-0.07233891350639861,0.009626212599987008,0.2399262755738727
592325L2024,592325,32.28570030931737,26.806637703272624,32,42.58822603014521,88.20877192982455,70,-0.8567589881928539,-0.8678575986840962,0.12439267403260451,0.06887399107757464,0.36418050226567517
592450R2024,592450,29.718285482237384,33.87054371148966,148,49.58514445244326,96.22268041237113,79,2.986000663415208,2.115910032605502,2.6599981715817105,-0.5197848429405116,0.1502292666756763
592450R2025,592450,26.216629300104522,33.15476933667276,151,48.91215530711345,95.4219638242894,79,2.986000663415208,1.8289203741802982,2.406650958153885,-0.46013697837243644,-0.14157541516872887
592450R2026,592450,25.29848500029923,33.804399309390654,66,49.60081710094933,94.03986928104575,79,2.986000663415208,2.122593480730316,1.9693554075978075,-0.5142728094322612,-0.21808744015250317
592518R2024,592518,24.409378361471514,31.34246088223355,143,48.531206231734835,92.38216560509554,74,0.851134190299618,1.6664683557800188,1.444856960529062,-0.30911127383583575,-0.29217966005481283
592518R2025,592518,24.525244519770524,31.031567466601313,158,48.03877325235004,92.9081799591002,74,0.851134190299618,1.456475113642822,1.61128822071986,-0.2832034891998161,-0.2825241468632287
592518R2026,592518,28.458521845380606,30.996103540264482,151,47.3890166024687,89.81753986332575,74,0.851134190299618,1.1793927263517665,0.6334078225522571,-0.2802481620050801,0.0452489636042781
592626L2024,592626,29.864798105929783,24.485651989217878,126,42.79304847344199,91.67480916030534,73,0.42416089567650006,-0.7805130650501209,1.2210489529828041,0.2622894672488035,0.16243865198337618
592626L2025,592626,31.21679194151756,24.377121311300318,95,42.92027836086734,90.92512562814069,73,0.42416089567650006,-0.7262571202298155,0.9838486293556151,0.27133369040860017,0.2751048049490243
592626L2026,592626,29.880120168214585,23.17888072592378,134,41.39857831168774,91.87454545454545,73,0.42416089567650006,-1.3751712674641692,1.2842456374518507,0.37118707252331173,0.16371549050710973
592663R2024,592663,30.544453142914183,27.672637224956556,93,46.15286286166568,89.1910071942446,72,-0.002812398946617945,0.6522470178422494,0.4351725065917435,-0.003292635729419698,0.21907657173207618
592663R2025,592663,31.479810235818334,27.454777562180688,133,45.84895772494501,90.0375,72,-0.002812398946617945,0.522649635794745,0.7030033430161543,0.014862336168569357,0.2970229961407555
592663R2026,592663,30.99943943877733,27.952414793048657,116,45.3985034635805,89.42,72,-0.002812398946617945,0.33055780860513184,0.5076259690236066,-0.026607433070428083,0.25699209638733844
592669R2024,592669,29.484609187231868,29.718395982921944,109,46.47649162444871,88.48377483443709,73,0.42416089567650006,0.790255347890659,0.2114037596091564,-0.17377253222653533,0.1307562420918833
592669R2025,592669,28.83101429804593,29.188973032637954,32,44.92971406743103,88.49620253164557,73,0.42416089567650006,0.1306471419800986,0.21533589053282826,-0.12965395303620278,0.07629000132638837
592696L2024,592696,26.421851065137055,28.460020545536615,84,45.63846359457528,90.27654867256638,72,-0.002812398946617945,0.4328864665155214,0.7786384877974093,-0.06890791244442458,-0.12447360141601778
592885L2024,592885,27.9523906987151,28.77810078121656,69,45.10403895337897,90.31549295774649,76,1.705080779545854,0.2049862896771897,0.7909604832152335,-0.09541459875108653,0.003071368048819245
592885L2025,592885,27.75567043497395,29.91520137540095,147,46.227525347376094,90.03325123152709,76,1.705080779545854,0.6840861068081006,0.7016590300980351,-0.1901729815997859,-0.013321987262943166
592885L2026,592885,27.97660734888018,29.66847535429058,106,44.82187338230801,88.41980198019802,76,1.705080779545854,0.08465953340934358,0.1911627097823752,-0.16961247984058847,0.0050894222292425795
593160R2024,593160,27.97759372148402,27.859727709226895,84,44.70711728907139,82.87991803278689,73,0.42416089567650006,0.03572291648359922,-1.5616599264421884,-0.018883509418614608,0.005171619946229278
593428R2024,593428,15.823682312996691,29.642149715062867,103,46.165675327646206,88.0587570621469,74,0.851134190299618,0.6577107690198899,0.07692787904199715,-0.16741867657161227,-1.0076543307610482
593428R2025,593428,19.723244837165293,29.126716424425968,135,45.87929367860458,88.91091811414391,74,0.851134190299618,0.5355861074142051,0.3465521520102655,-0.12446590235187067,-0.6826907870803313
593428R2026,593428,24.505752040098898,28.577623298951373,147,45.122889713733564,89.53725490196078,74,0.851134190299618,0.21302501260870083,0.5447254910201257,-0.07870814189565441,-0.28414852016919756
593871L2024,593871,30.76369573989293,27.633751588792197,103,44.34854121064924,88.68010752688173,72,-0.002812398946617945,-0.11718835553311581,0.27352354240870475,-5.216604905644573e-05,0.23734678814697188
593871L2025,593871,26.754581289419292,28.705340742849216,128,46.43851870233058,91.22064516129032,72,-0.002812398946617945,0.7740621655433446,1.077351188627322,-0.0893512622204747,-0.09674608272583136
593871L2026,593871,25.685944268885905,28.680514185418392,34,44.40297376992299,85.70897435897436,72,-0.002812398946617945,-0.09397612142564385,-0.6665447914016722,-0.08728238243457269,-0.1857991677702803
593871R2024,593871,23.779524190115854,25.82654353068441,59,42.606187819968255,85.17916666666666,72,-0.002812398946617945,-0.8601979685670377,-0.8341762661290102,0.15054850545992574,-0.34466750766778453
593871R2025,593871,21.829093673714425,25.616272588653565,59,42.57768198937923,85.39195402298851,72,-0.002812398946617945,-0.8723540020493639,-0.7668502177128467,0.16807108396249623,-0.5072033840345703
593934R2024,593934,27.05829416640708,29.217214032722417,23,46.37206487088657,93.77291666666667,76,1.705080779545854,0.7457235771433525,1.8848914387268272,-0.1320073697099081,-0.07143667631018236
594807R2024,594807,26.337090499621592,27.804001322714484,92,45.29230493106988,86.87317073170732,73,0.42416089567650006,0.28527048000261185,-0.29819235396650196,-0.014239643875913663,-0.1315369818756397
595281L2024,595281,28.47811116098416,29.770128442552327,82,46.99395325174392,83.46277777777777,73,0.42416089567650006,1.0109218128643598,-1.3772427501145994,-0.17808357052906723,0.04688140657124092
595777L2024,595777,30.722529222526415,25.784360726485456,132,44.16107164137687,90.02373887240356,71,-0.42978569356973595,-0.19713292525456366,0.6986493139101322,0.15406373914317198,0.23391624503309552
595777L2025,595777,32.154297013340994,25.39072348045509,70,42.15846703432954,88.2911111111111,71,-0.42978569356973595,-1.051124131688658,0.1504448408608862,0.1868668429790358,0.3532302276009771
595777R2024,595777,28.288698741576976,28.156625510796907,71,45.94337971283394,90.12794117647059,71,-0.42978569356973595,0.5629149717813937,0.7316189860276862,-0.043624992882782244,0.03109703828730896
595777R2025,595777,30.517474104525892,26.975533335979232,39,44.63385961760461,89.78311688311689,71,-0.42978569356973595,0.0044828968530077,0.6225163707656912,0.05479935501869063,0.21682831853305196
595879R2024,595879,26.796051072957823,28.5670930530051,73,47.98387692354637,88.34195121951218,71,-0.42978569356973595,1.4330651095417268,0.16653068195060078,-0.07783062140013157,-0.09329026743095377
595879R2025,595879,19.618970336097906,28.792294747855017,123,47.68188462996791,88.16913183279742,71,-0.42978569356973595,1.3042834407992805,0.1118505233249594,-0.09659742930429142,-0.6913803288359469
595879R2026,595879,27.977823359514225,30.179675381978925,55,49.04218446583159,85.20699300699302,71,-0.42978569356973595,1.884370040946539,-0.8253719951965623,-0.21221248214795038,0.00519075644874641
595909L2024,595909,23.150600376958273,30.863865343939914,104,46.01182401887292,86.9295154185022,72,-0.002812398946617945,0.592102378662454,-0.28036486093910484,-0.2692283123113661,-0.39707782543091624
595978R2024,595978,28.46602401307426,28.377552761450023,47,43.19680936383628,80.57931034482758,72,-0.002812398946617945,-0.6083331705840274,-2.2895735922892535,-0.06203559710387522,0.045874144245416026
595978R2025,595978,30.546551968299028,27.316855987229584,57,43.94912979830964,85.35470085470085,72,-0.002812398946617945,-0.28751345749637885,-0.7786371427216663,0.026355800747828024,0.21925147384747992
595978R2026,595978,31.810108859722536,28.553413137662933,72,43.739255610155084,84.29127906976744,72,-0.002812398946617945,-0.3770122584632593,-1.1151044395423304,-0.07669062845495105,0.32454788146610564
596019L2024,596019,26.577510408140903,26.213311553459167,136,43.32966113401844,90.86842105263158,70,-0.8567589881928539,-0.5516798286834294,0.9659072673210672,0.11831783689536272,-0.1115019894990305
596019L2025,596019,26.595448149769638,26.334596545362672,140,43.25423028722905,91.56463768115943,70,-0.8567589881928539,-0.583846577738797,1.1861906302550236,0.10821075423673736,-0.11000717769663589
596019L2026,596019,26.540992621630615,25.935017064024052,89,42.92452438447757,91.84878048780487,70,-0.8567589881928539,-0.7244464448659986,1.2760935863704252,0.141509044348289,-0.11454513837488782
596019R2024,596019,28.598457661809615,26.53127011165314,71,43.4008668642328,90.57272727272728,70,-0.8567589881928539,-0.5213148393905879,0.8723495762706499,0.0918212903791984,0.05691028164002887
596019R2025,596019,28.262056600774073,25.41829342379676,97,44.114376131577814,87.28197674418605,70,-0.8567589881928539,-0.21704577006078252,-0.16884588402243586,0.1845693477005632,0.02887685988706708
596019R2026,596019,28.487209049098123,25.48477548175609,55,43.52777622828288,89.88600000000001,70,-0.8567589881928539,-0.4671955786381089,0.6550686512592826,0.17902917620395264,0.047639563914071203
596103R2024,596103,28.420146484491852,25.319475052236815,71,40.452676269190306,86.55537190082646,73,0.42416089567650006,-1.778541969597867,-0.39874409653395965,0.19280421199722544,0.04205101686354862
596103R2025,596103,33.79486417289182,25.89010986072897,57,41.026957350009496,91.4021052631579,73,0.42416089567650006,-1.5336454027392925,1.1347652747606167,0.14525131128954585,0.489944157563546
596103R2026,596103,30.799052771403097,25.856966782773647,28,42.905205489632074,85.00681818181819,73,0.42416089567650006,-0.7326847991861781,-0.8887074311189517,0.14801323445248946,0.24029320743948576
596115R2024,596115,23.80279002274379,30.224231103865794,20,48.01745499681108,86.11475409836065,73,0.42416089567650006,1.4473841514515247,-0.538155836096936,-0.21592545897185614,-0.3427286882821233
596115R2025,596115,25.70477459449902,29.943543863000077,153,46.98859528206009,91.30438799076214,73,0.42416089567650006,1.0086369589405109,1.1038474705915478,-0.19253485556637973,-0.18422997396918728
596115R2026,596115,25.386444791620555,30.030708679811426,60,48.330094275552355,86.75802469135802,73,0.42416089567650006,1.5807061231934154,-0.3346246308719057,-0.1997985903006588,-0.2107574575423928
596117L2024,596117,26.659060100066345,23.73257260418065,50,42.810809237642026,76.84869565217392,69,-1.2837322828159718,-0.7729391603497109,-3.469942340513863,0.32504608266857254,-0.10470618183857698
596117L2026,596117,31.691620653392953,25.942094613815648,20,44.37659630845064,83.11555555555555,69,-1.2837322828159718,-0.1052245326527877,-1.4871040715229178,0.14091924853232266,0.3146738642719737
596129L2024,596129,30.51848594238092,29.46001959532951,25,47.378034123461056,90.88627450980391,72,-0.002812398946617945,1.1747093552737362,0.9715561119834469,-0.15224116659383244,0.2169126383543043
596142R2024,596142,32.07231329312645,26.104633541796648,85,43.636122899978204,89.97209302325582,74,0.851134190299618,-0.4209921970276818,0.6823085359601738,0.1273743378672393,0.34639825091643167
596142R2025,596142,32.74002843097282,25.744998862531155,28,42.48864949791884,93.328125,74,0.851134190299618,-0.9103210398393113,1.7441590860027714,0.15734389447269712,0.402041179070296
596142R2026,596142,34.157796175463005,27.08334253894364,80,44.36897315009715,87.7832298136646,74,0.851134190299618,-0.10847535419600432,-0.010249109252517572,0.045815254771656676,0.5201884911111447
596146L2024,596146,34.372534441615166,29.842321979518182,99,46.54979867139824,88.6961937716263,76,1.705080779545854,0.8215164232143863,0.27861323998861687,-0.1840996986095552,0.5380833466238247
596146L2025,596146,32.4317869623375,30.116913173657483,123,46.48899329225169,90.63547400611621,76,1.705080779545854,0.7955865622162097,0.8922026807178411,-0.20698229812116362,0.37635439001735244
596146L2026,596146,32.37516108407906,29.213400148950843,40,48.17061740950868,88.12450980392157,76,1.705080779545854,1.5126987687952,0.09773208636304322,-0.1316895460622769,0.37163556682914933
600869L2024,600869,26.920639324909246,27.373598071909647,101,46.414028627595904,87.46318181818182,73,0.42416089567650006,0.7636186119857774,-0.11151248886224278,0.02162729369115605,-0.08290791310166856
600869L2025,600869,26.50384130009281,27.734232054652757,20,46.186805331379915,86.42727272727272,73,0.42416089567650006,0.6667214530645618,-0.4392747526303884,-0.008425538204103114,-0.11764108183637163
600869R2024,600869,28.489251896741887,26.377738002561927,69,46.50782401819905,85.59684210526315,73,0.42416089567650006,0.8036167416701193,-0.7020235043894656,0.10461563280346613,0.04780980121771824
602104R2024,602104,30.22478793724215,28.507956917750203,89,44.72895772322343,88.2834862385321,69,-1.2837322828159718,0.045036556652461555,0.14803232655884085,-0.07290261012889025,0.19243780459274026
602104R2025,602104,29.591975897228437,28.32294601392847,105,45.71186818465904,89.2235294117647,69,-1.2837322828159718,0.4641891381576575,0.4454625559123766,-0.057485034810412415,0.1397034679249307
602104R2026,602104,29.873144766555416,28.346542176809287,34,44.122715408551606,88.52173913043478,69,-1.2837322828159718,-0.21348956671511182,0.22341568585612928,-0.05945138171714722,0.16313420703551232
605113R2024,605113,35.602677188207835,27.3401804005408,60,45.25185229325855,82.28787878787878,73,0.42416089567650006,0.26801984707868565,-1.748981502103206,0.024412099638560097,0.6405952421732138
605131R2024,605131,27.124793270983638,27.06309303963051,50,41.638984358263386,85.40943396226415,69,-1.2837322828159718,-1.2726524532026318,-0.7613195543392077,0.04750271304775092,-0.0658950842621359
605137L2024,605137,29.434096195215137,27.859643832303867,123,46.17778402406352,89.68534798534797,75,1.278107484922736,0.6628744045300534,0.5915822322972916,-0.018876519675028902,0.12654682609048903
605137L2025,605137,28.718366009612815,28.776044996154997,128,47.14141913091108,91.09435215946844,75,1.278107484922736,1.0738071990332805,1.0373920063607716,-0.09524328332928977,0.06690264395696222
605137L2026,605137,28.555933108358293,28.380842140990797,139,45.98904880976774,90.86132404181186,75,1.278107484922736,0.5823901128302076,0.9636617687993609,-0.062309712065606426,0.053366568852418673
605137R2024,605137,31.06221081967513,27.26757323495538,83,46.108587866924886,87.54068965517241,75,1.278107484922736,0.6333663780791641,-0.08698896229533695,0.030462696770678477,0.26222304479548847
605137R2025,605137,32.1601988302169,27.641890169850154,70,43.49063621791406,87.73717948717949,75,1.278107484922736,-0.48303357389200496,-0.02481946044306243,-0.0007303811372194602,0.3537220456739692
605137R2026,605137,29.43923584220232,27.142097559245894,98,44.310890534936256,87.878,75,1.278107484922736,-0.1332441190433154,0.019736235102128963,0.040919003079802195,0.1269751300060875
605141R2024,605141,24.72643131536655,27.71515386407081,107,44.57014357066113,89.91536523929472,69,-1.2837322828159718,-0.022688190044019743,0.6643598307573593,-0.006835688988940862,-0.26575858056355983
605141R2025,605141,25.71691556121013,28.630615423687942,150,45.65662130653814,89.0768361581921,69,-1.2837322828159718,0.4406296457185855,0.39904872163636157,-0.08312415229036851,-0.1832182267432616
605141R2026,605141,26.513093614980235,29.91659955282893,116,45.65681518696027,90.36732186732186,69,-1.2837322828159718,0.4407123241339936,0.8073591815953703,-0.1902894963854509,-0.11687005559575277
605170L2024,605170,32.987291715878314,24.019112597599225,76,42.013340308929145,91.63355263157894,72,-0.002812398946617945,-1.1130120085438138,1.2079953623065067,0.30116774988369127,0.42264645281242047
605170L2025,605170,30.229804030657466,24.022137447888227,102,41.77589814444613,88.13455284552845,72,-0.002812398946617945,-1.2142669041890122,0.10090971081008719,0.3009156790262744,0.19285581237734975
605170L2026,605170,30.238617512991702,23.11602865410593,95,41.416369036306975,89.55351351351352,72,-0.002812398946617945,-1.367584586435149,0.5498697255625385,0.3764247451747993,0.19359026923853614
605170R2024,605170,31.58337157648771,25.82822102796803,31,43.08895317494274,89.77906976744185,72,-0.002812398946617945,-0.6543273905865398,0.6212358609149503,0.1504087140196241,0.3056531078632035
605170R2025,605170,30.498321047814645,24.58104060256679,37,41.70997688761798,92.64999999999999,72,-0.002812398946617945,-1.2423783813374303,1.5295999252923267,0.2543404161363941,0.2152322304737814
605170R2026,605170,29.774962353435058,24.819806172234944,63,41.63030795974008,88.91176470588235,72,-0.002812398946617945,-1.2763524187456783,0.34682001414905034,0.23444328533071465,0.15495233927548244
605204R2024,605204,30.036155400399686,31.437410837861652,39,47.31992918674577,89.05882352941177,73,0.42416089567650006,1.1499310716172195,0.39334951498081056,-0.3170237701381777,0.17671842652253478
605346R2024,605346,28.532489476719775,29.86378949043869,25,45.87099650652541,85.89047619047619,69,-1.2837322828159718,0.5320478592902618,-0.6091175019868277,-0.18588865785293093,0.051412932882542194
605361L2024,605361,29.730542655958015,28.245081938569477,43,44.77702969892182,87.36846846846846,71,-0.42978569356973595,0.06553638191895243,-0.14147985007525357,-0.050996361863829755,0.1512506978190622
605361L2025,605361,29.86095817235627,28.395473635172802,41,44.25645755635416,85.7144578313253,71,-0.42978569356973595,-0.1564565319607443,-0.6648098174287352,-0.0635290032474402,0.16211865751891677
606115R2024,606115,27.87729560753687,26.75565729851237,149,44.35772144334845,88.07668997668998,71,-0.42978569356973595,-0.11327353481885226,0.0826018640646045,0.07312235814092904,-0.0031865562160332908
606115R2025,606115,27.90172347282399,26.88325774322029,64,43.54185127581601,87.01096774193549,71,-0.42978569356973595,-0.4611934118693258,-0.2545932964727298,0.06248898774860242,-0.0011509007754400002
606192R2024,606192,31.171105141687026,29.319055222307895,144,45.57503215315077,90.61022443890273,72,-0.002812398946617945,0.4058367468667507,0.8842137023589459,-0.14049413550869794,0.2712975716298131
606192R2025,606192,30.747786051117178,29.90889963589746,133,46.50082558762402,90.15078534031413,72,-0.002812398946617945,0.8006323291960423,0.7388468933034873,-0.18964783664116158,0.23602098074899244
606192R2026,606192,31.56485644796081,30.326124196688202,119,45.96354357518756,90.18963210702341,72,-0.002812398946617945,0.5715136542557778,0.7511380338180802,-0.22441655004039016,0.30411018048596183
606466L2024,606466,32.61626221885589,24.436495427490986,115,40.18411305884802,92.78252032520325,72,-0.002812398946617945,-1.8930681317753226,1.5715294364483616,0.2663858473927112,0.39172732806055155
606466L2025,606466,30.505081347039408,22.015083163560835,110,38.80560231159653,90.37575757575758,72,-0.002812398946617945,-2.480920597501644,0.8100282448535667,0.46817020272022375,0.2157955887425116
606466L2026,606466,30.63752215851489,20.393841315543273,125,37.6602148869451,88.57952522255192,72,-0.002812398946617945,-2.969359895588906,0.2416992404004832,0.6032736900550205,0.22683232303213519
606466R2024,606466,30.94331581769154,26.447899962063776,81,43.740991928067096,95.215625,72,-0.002812398946617945,-0.3762718226212491,2.341365229178381,0.09876880284497869,0.25231512796352273
606466R2025,606466,30.28516371686813,25.167876748311155,69,42.370585745171915,91.31119402985075,72,-0.002812398946617945,-0.960668175908844,1.106000905481304,0.20543740399103042,0.1974691195615718
606466R2026,606466,28.265107026528064,24.793191173652968,62,42.55094345465158,93.66147540983607,72,-0.002812398946617945,-0.8837563894452524,1.8496313575705643,0.2366612018792127,0.02913106203323294
606992R2024,606992,24.775142069399347,29.796623205857827,21,44.777809920851745,88.58947368421053,70,-0.8567589881928539,0.065869099952695,0.2448469396946123,-0.18029146747119226,-0.26169935106082676
606992R2025,606992,22.339195553094036,28.877629328437365,26,47.300440773134696,81.75,70,-0.8567589881928539,1.14162042767251,-1.9191666763575417,-0.10370864435282041,-0.46469489408626935
606992R2026,606992,21.892805547885466,28.670688719152448,26,44.182154569097044,82.05714285714286,70,-0.8567589881928539,-0.18814231631680672,-1.82198649033464,-0.08646359357907733,-0.5018940611869835
607043L2024,607043,26.726394086174672,31.884967737641283,142,47.86391626572407,91.94265060240963,73,0.42416089567650006,1.3819090568003232,1.3057941474843633,-0.3543201784531469,-0.09909501632954971
607043L2025,607043,28.24517860203857,31.491838176985105,150,46.88310772886704,91.75484581497797,73,0.42416089567650006,0.9636528205349086,1.2463725989958991,-0.32155938173179877,0.02747035999244189
607043L2026,607043,26.575317572873896,29.465511905992372,150,45.20830705424309,91.99516129032259,73,0.42416089567650006,0.24945040452851525,1.3224085609434335,-0.152698859149071,-0.11168472577128104
607208R2024,607208,27.66639944446269,27.53604802602596,116,45.71378749453404,89.13832923832925,73,0.42416089567650006,0.4650076091378518,0.41850516943540716,0.008089797514796734,-0.0207612364722148
607208R2025,607208,28.85268425104905,28.808545335131935,138,45.44247557824653,89.34607438016529,73,0.42416089567650006,0.3493092881138457,0.48423585813441256,-0.09795164491070125,0.07809583074331528
607208R2026,607208,26.809666422842458,30.612193656699827,149,46.878075691479225,88.22753623188406,73,0.42416089567650006,0.961506957260392,0.13032971056894438,-0.24825567170802554,-0.09215565494056754
607680R2024,607680,28.433976754776726,26.20855353448884,88,45.628492068543125,84.38995433789955,72,-0.002812398946617945,0.42863420647566114,-1.0838835249420666,0.11871433847622341,0.043203539387288124
607732R2024,607732,26.04079368568463,27.75059963494909,75,45.79298519526834,86.30112359550562,77,2.132054074168972,0.49878069632584954,-0.47918841432447357,-0.009789503228797495,-0.15622838303705322
607732R2025,607732,26.600592395221085,28.322175017987668,41,47.260559100174504,84.66,77,2.132054074168972,1.1246132771416317,-0.9984409138987239,-0.05742078514867899,-0.10957849057568196
608070L2024,608070,29.21576633471188,21.80305317892403,141,40.70043481199188,88.37037974683545,68,-1.7107055774390898,-1.6728877550180685,0.17552548521359054,0.48583936810662404,0.10835267104855095
608070L2025,608070,30.42577483514394,21.95195937911139,145,40.13813521192516,88.15382513661201,68,-1.7107055774390898,-1.9126749362462199,0.10700747538130558,0.47343051809101083,0.20918671275122266
608070L2026,608070,30.696751262565204,21.706877298973243,108,38.5008702429662,86.50408921933085,68,-1.7107055774390898,-2.61087061659826,-0.41496996801883096,0.49385402476918977,0.23176808170299465
608070R2024,608070,28.489298732803213,25.169583216316624,84,42.69329794747819,91.4268456375839,68,-1.7107055774390898,-0.8230507041379784,1.1425931442131545,0.20529519832390797,0.04781370422282875
608070R2025,608070,29.61523058994652,25.3807916047195,88,42.19394379719185,90.74213836477988,68,-1.7107055774390898,-1.0359954121148873,0.9259513484009282,0.18769449929033488,0.141641358984771
608070R2026,608070,29.478729580715427,24.90705503607502,70,42.18780145988533,92.97936507936508,68,-1.7107055774390898,-1.0386147519627345,1.6338112358853616,0.22717254667737516,0.1302662748821799
608324R2024,608324,29.277106957220028,26.486437975876356,137,42.86804998829996,89.12550200803213,70,-0.8567589881928539,-0.7485294004103114,0.4144466260005101,0.09555730169393033,0.1134643895908966
608324R2025,608324,28.736182561718707,24.842916399458677,111,41.58461816451267,90.14027397260273,70,-0.8567589881928539,-1.2958363863799647,0.7355210901933273,0.2325174330620703,0.06838735663245317
608324R2026,608324,30.31352000165058,25.06550584213601,152,42.14500721713352,88.13253968253969,70,-0.8567589881928539,-1.0568639394795531,0.10027274482115936,0.21396831283895926,0.19983214329344268
608336L2024,608336,26.194291065998605,27.76219969120604,69,42.45306335297026,90.17377049180328,76,1.705080779545854,-0.9254964043371416,0.7461194091557488,-0.01075617458354324,-0.14343693467755525
608348R2024,608348,28.825055311581302,29.08720995696054,82,45.862355790106704,87.55973451327434,73,0.42416089567650006,0.5283631100327718,-0.08096315765725745,-0.12117369672975158,0.07579341912100279
608348R2025,608348,29.923855371839743,29.643705418076706,108,45.96002855979562,88.81706484641639,73,0.42416089567650006,0.5700147102182809,0.3168569212584865,-0.1675483184894322,0.1673600908092062
608348R2026,608348,30.853173342886684,29.348139091429214,111,44.95053430287554,86.60361842105263,73,0.42416089567650006,0.1395257283585226,-0.3834788683136066,-0.14291779126880785,0.24480325506311798
608369L2024,608369,26.56775287021751,27.601093507896092,118,45.03962307200723,92.13614775725593,76,1.705080779545854,0.17751676521261084,1.3670167644704354,0.0026693406922856746,-0.11231511765931312
608369L2025,608369,26.50529574666023,28.998310848979234,102,45.60394623520499,92.91457627118643,76,1.705080779545854,0.41816687520537454,1.61331201773791,-0.11376543773130947,-0.11751987795575314
608369L2026,608369,26.56185010458218,29.232414456767202,96,45.23243177205713,91.66468401486989,76,1.705080779545854,0.25973815519002513,1.2178453508346725,-0.13327407171364017,-0.11280701479559063
608385L2024,608385,26.52649030207995,26.892913058067677,139,41.46281509219375,87.75288753799393,74,0.851134190299618,-1.3477781188172926,-0.01984942365169949,0.06168437817798692,-0.11575366500410993
608385L2025,608385,26.85559453593335,26.01483934874927,25,39.69331976318624,89.51372549019608,74,0.851134190299618,-2.1023621467780873,0.5372807708870467,0.1348571872878542,-0.08832831218299327
608671L2024,608671,30.287514116969728,28.43076692747728,73,45.77157462053151,84.28767123287672,75,1.278107484922736,0.48965036551286156,-1.116245961319663,-0.06647011093947992,0.19766498623670495
608701R2024,608701,31.436418788998832,29.277097687228284,85,46.028325260471576,89.62525773195875,71,-0.42978569356973595,0.5991391722316409,0.5725696397309229,-0.1369976742520637,0.29340704223913033
608701R2025,608701,30.670595286907,29.25071118917939,66,45.97440317458093,91.9876923076923,71,-0.42978569356973595,0.5761446245205517,1.3200453703155772,-0.13479879941465592,0.22958841706481112
608701R2026,608701,30.55229841047461,28.8325457604829,51,43.71896821137873,86.0,71,-0.42978569356973595,-0.38566362184046266,-0.5744641023197479,-0.0999516803566151,0.21973034402877842
608841R2024,608841,33.112713882240215,25.894150981212736,70,43.3700774887867,88.92062780269057,76,1.705080779545854,-0.5344446683094074,0.3496243033471607,0.14491455124923203,0.4330983000092455
609280R2024,609280,28.607459554396016,30.64040563717342,74,48.625085525831935,86.1199233716475,72,-0.002812398946617945,1.706502265291178,-0.5365202748981744,-0.25060667008082493,0.057660439355562275
609280R2025,609280,28.221288062069707,30.801787251184447,93,48.51514442130568,87.99816176470588,72,-0.002812398946617945,1.6596189533479853,0.05775549023175856,-0.26405513791507723,0.025479481661703218
609280R2026,609280,28.37114081188268,30.59980271551237,70,47.15501546205512,88.30845771144278,72,-0.002812398946617945,1.0796052218661014,0.15593331571190072,-0.24722309327573763,0.0379672108127842
620443R2024,620443,28.162112421551647,28.63052362737763,39,45.024411174655945,89.64065934065934,71,-0.42978569356973595,0.1710297999247751,0.5774427180518642,-0.08311650259784258,0.020548178285198244
620443R2025,620443,27.323743828158893,29.794804794289167,86,47.49986750810324,90.35873786407768,71,-0.42978569356973595,1.2266640141057337,0.8046431977699589,-0.18013993317380392,-0.049315871164197965
620443R2026,620443,27.88067996681941,30.077250911792856,82,46.40686707179848,88.17938144329896,71,-0.42978569356973595,0.7605646363513138,0.11509350629538621,-0.20367710963244465,-0.0029045262758214583
621020R2024,621020,32.208976767185,27.453641287270855,141,44.165912958593246,89.36870229007634,72,-0.002812398946617945,-0.19506839273736448,0.4913953425349975,0.01495702574438873,0.3577868737546443
621020R2025,621020,30.44722050349682,27.530995653148814,158,43.97278285298962,90.09180327868852,72,-0.002812398946617945,-0.2774268429790047,0.7201849332823066,0.008510828587892169,0.21097385178062922
621020R2026,621020,31.882683618430086,27.40348104772359,119,43.43134644883146,89.35798045602607,72,-0.002812398946617945,-0.5083171177577605,0.48800294774774866,0.01913704570666071,0.3305957780250681
621028R2024,621028,27.26622678227693,28.512940388982287,92,45.210168837746515,84.12177419354839,72,-0.002812398946617945,0.25024434394851425,-1.1687358850396752,-0.07331789939823057,-0.05410895832102813
621028R2025,621028,25.988247820720304,27.220018893225713,44,44.507229802161234,85.89891304347826,72,-0.002812398946617945,-0.04951715312213782,-0.6064480765871434,0.034425558581483884,-0.16060720511741375
621035R2024,621035,32.64167422511751,31.474206755352043,74,47.64064413643959,85.13428571428571,72,-0.002812398946617945,1.2866968344875556,-0.8483766266447588,-0.32009009659571025,0.39384499524902034
621035R2025,621035,32.04801252377754,31.79533779463564,42,48.184785329695444,84.97916666666667,72,-0.002812398946617945,1.5187405402014869,-0.8974563872601968,-0.3468510165360099,0.34437318680402235
621043R2024,621043,25.209812573522708,29.26367358367798,79,46.21431091637827,90.27480916030534,75,1.278107484922736,0.6784509415685611,0.7780881050644703,-0.13587899895620512,-0.2254768090505467
621043R2025,621043,25.63792323195584,28.741848981283706,142,46.53653703470244,90.53483412322274,75,1.278107484922736,0.8158611275652684,0.8603601608172017,-0.09239361542334883,-0.18980092084778585
621043R2026,621043,26.393638774090885,29.641525873762202,32,48.165035226924054,89.1783505154639,75,1.278107484922736,1.5103183014662007,0.43116792575993695,-0.1673666897965568,-0.1268246256698653
621438R2024,621438,29.067225723456517,28.124001499913746,102,45.891912805909115,86.41078838174273,72,-0.002812398946617945,0.540967411198796,-0.4444904095399188,-0.040906325309185476,0.09597428677727067
621438R2025,621438,26.719672654238867,25.55716182058945,99,42.45315231569575,85.80251046025104,72,-0.002812398946617945,-0.9254584670503686,-0.6369499123070332,0.17299698130117255,-0.09965513565753348
621438R2026,621438,28.70546691909252,27.67640506281926,81,44.82607132244357,85.03651685393258,72,-0.002812398946617945,0.08644970404426801,-0.8793107532747805,-0.0036066222179783245,0.06582771974693753
621439R2024,621439,25.363861307461715,26.561734047901574,89,46.059180785346854,91.72751937984496,73,0.42416089567650006,0.6122972099294806,1.237726498369398,0.0892826290251622,-0.21263941455562949
621439R2025,621439,23.534228542066376,27.732116786164447,124,45.82263731862007,92.48115942028986,73,0.42416089567650006,0.5114255551788447,1.4761786636127379,-0.008249265830077235,-0.3651088116719077
621439R2026,621439,23.993927514016967,27.347437460405924,92,44.80488951703676,90.19522058823529,73,0.42416089567650006,0.07741692968124478,0.7529062326582139,0.02380734464979965,-0.3268005640093585
621466L2024,621466,27.268769160566308,29.32997573954979,65,43.50009467173318,89.68545454545455,71,-0.42978569356973595,-0.47900010849420877,0.5916159479795502,-0.14140417861218926,-0.05389709346358007
621493R2024,621493,31.009898366839767,27.642779872962066,151,44.79466938722285,90.88255813953488,72,-0.002812398946617945,0.07305865498289178,0.9703802501794834,-0.0008045230632121777,0.2578636737258749
621493R2025,621493,31.66118165051399,25.762048098211274,156,43.03242277266469,90.14634146341463,72,-0.002812398946617945,-0.6784342293862445,0.7374408479610248,0.1559231248326872,0.31213728069872665
621493R2026,621493,32.2216260423902,26.308038459526134,136,42.294142820840094,88.71825613079018,72,-0.002812398946617945,-0.9932665155629881,0.28559378379026845,0.11042392805644881,0.3588409800217442
621512R2024,621512,27.763288060560946,32.06655387949053,45,50.038769520600646,87.402,72,-0.002812398946617945,2.309354019432063,-0.13087045319010365,-0.3694523569405839,-0.012687185130693557
621550R2024,621550,28.92957869163283,30.659714594926328,68,46.255866288386095,90.29299999999999,74,0.851134190299618,0.6961718247373592,0.7838436977612492,-0.2522157498935673,0.0845037007919635
621566L2024,621566,30.48302271720893,30.03223398920766,153,46.3699260643631,91.45486111111111,76,1.705080779545854,0.7448115039578227,1.151457257004905,-0.19992569941701177,0.2139573695899717
621566L2025,621566,31.123714470819433,30.521787967091527,159,46.22349039469249,93.29048672566373,76,1.705080779545854,0.6823654405827012,1.7322503132069293,-0.24072186424066722,0.2673483490575137
621566L2026,621566,30.198294654305965,30.05902673742563,155,46.20322477673618,92.40812641083522,76,1.705080779545854,0.6737233654238107,1.453070975188415,-0.20215842843517576,0.1902300310147247
622268L2026,622268,30.150645468149786,26.95131983057558,77,43.563031301609364,85.72033898305085,69,-1.2837322828159718,-0.45216139640510394,-0.6629490174608179,0.05681714713566155,0.18625926550170982
622534R2024,622534,26.360252082833828,26.885809441326174,106,44.67536103890346,87.293536121673,70,-0.8567589881928539,0.02218077326805987,-0.16518848998456015,0.062276346239778846,-0.1296068499412867
622761R2024,622761,33.30805691216158,27.98633387915334,60,45.467654737960665,86.24324324324324,72,-0.002812398946617945,0.3600466952413439,-0.4975017928358682,-0.029434023579151553,0.44937688583602614
622761R2025,622761,32.07584144924837,27.334180162903586,26,42.8175014122757,85.32244897959184,72,-0.002812398946617945,-0.7700853477353935,-0.7888416555396977,0.0249121194416612,0.34669226392659197
622761R2026,622761,32.32086738517371,26.897737437959094,74,43.100858001332504,86.24015151515152,72,-0.002812398946617945,-0.6492506934616015,-0.4984800174766113,0.061282346520368826,0.3671110919203704
623168L2025,623168,29.060499471386482,28.528787368488697,47,45.33850938489869,78.61627906976744,70,-0.8567589881928539,0.3049739187788139,-2.9106778766398542,-0.07463848102376473,0.09541376577143446
623168L2026,623168,29.348832915990695,26.675649977687687,53,45.55107563789679,75.6509090909091,70,-0.8567589881928539,0.395620724546762,-3.8489227339446113,0.0797896348763194,0.11944155282178552
623168R2025,623168,27.789404959889556,29.194314979495097,28,46.387039095799025,82.85641025641026,70,-0.8567589881928539,0.752109189337294,-1.5690978011253798,-0.13009911527429807,-0.010510776853309403
623168R2026,623168,27.43127141806067,28.408833731924858,28,49.23928473999352,79.85000000000001,70,-0.8567589881928539,1.9684215308550816,-2.5203278271038467,-0.06464234464344483,-0.04035523867238311
623520R2024,623520,29.126140635008618,31.347862961253494,22,51.47225386451085,88.28787878787878,71,-0.42978569356973595,2.9206494393827898,0.14942213183250277,-0.30956144708749783,0.10088386273994576
623912R2024,623912,30.115090425584906,29.1219278751451,67,48.61729441736358,86.97849462365592,71,-0.42978569356973595,1.7031798230592299,-0.26486781076392274,-0.12406685657846506,0.18329634528796981
623993L2024,623993,21.063923619455174,25.784442297980174,143,43.32042629403322,89.253125,73,0.42416089567650006,-0.5556179361423104,0.4548266179547683,0.15405694151861216,-0.5709675552228411
623993L2025,623993,18.985088901871176,26.65091837505233,48,42.31686961869512,89.63490566037736,73,0.42416089567650006,-0.983574894236292,0.5756222501258937,0.08185060176259906,-0.7442037816881744
623993R2024,623993,23.811934213653803,27.315302574424916,77,43.231060584330116,91.46610169491525,73,0.42416089567650006,-0.5937270716025124,1.1550137845284607,0.026485251814883704,-0.34196667237295547
623993R2025,623993,23.59005940319817,27.313440470958454,25,43.16082229129155,89.30714285714285,73,0.42416089567650006,-0.6236795067456204,0.47191790067100353,0.02664042710375547,-0.360456239910925
624413R2024,624413,24.435440297085552,28.485684688646057,153,46.00686149263843,89.79589977220957,75,1.278107484922736,0.5899861577414384,0.6265608846166469,-0.07104659103687805,-0.29000783208697634
624413R2025,624413,24.459707140797292,27.16318120262688,158,44.717141116260244,93.53702127659575,75,1.278107484922736,0.039997479841723464,1.8102539944369405,0.0391620327980533,-0.287985595110998
624413R2026,624413,23.894898550017103,26.16180451761863,154,43.18299973461548,93.92546728971962,75,1.278107484922736,-0.6142221523017256,1.933158548253972,0.12261008988207411,-0.3350529776760138
624415L2024,624415,28.181418259266664,24.23494270799249,61,41.79216339663626,80.25254237288135,72,-0.002812398946617945,-1.2073307460018579,-2.3929631765220063,0.283181907350919,0.02215699809478296
624415L2025,624415,27.71295221104793,24.915470038856252,29,41.13937226422386,87.024,72,-0.002812398946617945,-1.4857071587777677,-0.2504698821280533,0.22647129644560562,-0.016881839256778147
624424L2024,624424,26.750979094866008,29.566634639295472,121,45.949449257384124,90.21713395638629,71,-0.42978569356973595,0.5655032698681346,0.7598396356131535,-0.161125753590996,-0.09704626560527174
624424L2025,624424,27.265816240337674,28.25219214822753,137,45.54974582347467,89.91973244147157,71,-0.42978569356973595,0.3950536381540322,0.665741616171137,-0.05158887933533407,-0.054143170149299515
624424L2026,624424,27.538438936911447,29.859144922787035,105,45.42009870525096,90.39329608938547,71,-0.42978569356973595,0.3397668888312001,0.8155774411877387,-0.18550161054862624,-0.031424612101485096
624428L2024,624428,20.148233587399297,22.231455314890532,94,39.889781219855074,83.3135922330097,70,-0.8567589881928539,-2.0185830743600977,-1.4244451468343309,0.45013919010941567,-0.6472750578941643
624428L2025,624428,21.089549319719897,22.086941904679488,130,40.59228268454008,84.69738372093023,70,-0.8567589881928539,-1.7190081751329291,-0.9866126819547241,0.4621819742936693,-0.568832080200781
624428L2026,624428,21.096724972039475,22.691016138386697,57,40.79171236934102,82.48936170212765,70,-0.8567589881928539,-1.6339633307724466,-1.6852321860055373,0.4118424548180686,-0.5682341091741495
624431R2024,624431,19.00275077723734,31.94472991017415,65,47.72171406647712,87.81345029239766,69,-1.2837322828159718,1.3212683156050165,-0.0006873314781656429,-0.3593003594975525,-0.7427319587409942
624431R2025,624431,20.932962285730095,32.46301275241163,88,47.636083581550494,86.98380566801619,69,-1.2837322828159718,1.2847520303269926,-0.263187393111668,-0.40249059635067574,-0.5818809996999311
624431R2026,624431,19.627935435634367,32.547209695265714,46,48.65162368033589,83.91333333333334,69,-1.2837322828159718,1.7178192024946635,-1.2346866994551642,-0.4095070082551828,-0.6906332372079085
624503L2024,624503,27.385659398741446,25.328740340753637,87,45.97485886216309,86.1520618556701,72,-0.002812398946617945,0.5763389480463625,-0.526351639088561,0.19203210462082362,-0.04415624028231857
624512L2024,624512,34.34607889048176,30.196515632259757,45,46.89805591601918,82.23300970873787,72,-0.002812398946617945,0.9700273291798692,-1.7663421119751757,-0.21361583633801975,0.5358787173627079
624512L2025,624512,32.23172783487566,29.176375848261234,40,47.5975689158865,82.88165137614679,72,-0.002812398946617945,1.268327826727313,-1.5611114955533059,-0.12860418767147616,0.35968279606219955
624585R2024,624585,27.70602452104317,29.266822412277502,132,47.00265607539319,90.48988764044944,75,1.278107484922736,1.014633047144692,0.8461390664456253,-0.1361414013394985,-0.01745914675717497
624585R2025,624585,28.554219791979143,29.004399495524233,79,46.58362869554431,89.65797872340426,75,1.278107484922736,0.8359429071206596,0.5829225812419427,-0.1142728249433927,0.053223792487489575
624585R2026,624585,27.32474064070819,29.620928194391308,86,46.77757011996479,88.45544554455445,75,1.278107484922736,0.9186473363602342,0.2024403551324878,-0.16565021651564896,-0.049232803451756624
624641R2024,624641,27.61816439056717,25.16274642190991,83,44.85090194178066,88.52000000000001,71,-0.42978569356973595,0.09703847952674166,0.222865423933253,0.20586493119113403,-0.024780824296841548
624641R2025,624641,28.53862397943396,26.028517876996506,83,45.763240915087565,86.52041884816755,71,-0.42978569356973595,0.4860965380917639,-0.40980326356476193,0.1337173099339178,0.0519241414420577
624641R2026,624641,28.8593155906158,27.021148868935505,80,45.37140444261659,87.64715909090908,71,-0.42978569356973595,0.31900169536904316,-0.05330196834440702,0.050998060605667916,0.07864844237387765
628451R2024,628451,26.924194797086326,26.855375334188714,93,43.874152113082445,88.1042944785276,70,-0.8567589881928539,-0.31948696022251927,0.09133594516486127,0.06481252183456714,-0.08261162375357856
628451R2025,628451,28.72655328614895,25.41089137101857,83,44.04616819081248,88.90472972972972,70,-0.8567589881928539,-0.24613238127579184,0.3445941434335848,0.18518618543207901,0.06758491700164004
630105L2024,630105,35.785407871606914,26.166105369456076,144,42.27627586784728,88.31130434782608,71,-0.42978569356973595,-1.0008857034385865,0.1568339931876579,0.12225168556228698,0.6558227991231371
630105L2025,630105,33.391890925919355,28.23929307798809,133,45.1819798175714,87.25093167701863,71,-0.42978569356973595,0.23822341117784956,-0.17866856207683915,-0.05051395681538088,0.4563630536491739
630105L2026,630105,29.66468954970884,28.811897636736678,101,45.361387995423186,84.98095238095237,71,-0.42978569356973595,0.314730279138014,-0.8968913861786721,-0.09823100337776314,0.14576293896496426
640459R2026,640459,30.8805765392597,26.737129428667824,22,45.43225499628919,76.815625,73,0.42416089567650006,0.3449508206033382,-3.480405914891128,0.07466634729464132,0.24708685476086925
640492R2024,640492,27.066747547743205,28.416052569387848,32,44.86182692904137,84.57818181818182,71,-0.42978569356973595,0.10169733380991701,-1.0243282361796644,-0.0652439144320273,-0.0707322278655053
640902R2025,640902,27.059995274409815,29.478403926606294,25,45.04371475684233,88.03877551020408,73,0.42416089567650006,0.17926162431079484,0.07060570390534307,-0.15377319420023117,-0.07129491730995448
640902R2026,640902,26.886197093575134,27.624809979503677,28,44.17609333963527,90.06716417910448,73,0.42416089567650006,-0.19072706851517693,0.7123891072511004,0.000692968058320235,-0.08577809904617784
641313R2024,641313,20.712680117882137,26.982647136733704,56,45.812053155526606,86.10545454545455,72,-0.002812398946617945,0.5069120420382713,-0.5410982202687555,0.054206538289151375,-0.6002378470205944
641313R2025,641313,18.11097489904938,27.02269990933828,28,44.45609975820952,87.47090909090909,72,-0.002812398946617945,-0.07132106177474683,-0.1090675750912672,0.05086880723877011,-0.8170466152566572
641343L2024,641343,30.685399954848094,26.156961017472902,105,42.442418855935124,88.49728260869566,72,-0.002812398946617945,-0.9300356462988009,0.21567762756563205,0.12301371489421815,0.23082213939323548
641343L2025,641343,29.700237692138565,26.48699632254125,81,42.42872924371266,91.27258064516128,72,-0.002812398946617945,-0.9358734479378944,1.0937836071791296,0.09551077280518931,0.14872528416744135
641343L2026,641343,32.85404188110756,28.018398624711008,131,42.731376131655786,92.20809061488673,72,-0.002812398946617945,-0.8068126338118605,1.3897795281974412,-0.03210608570895731,0.41154229991485786
641355L2024,641355,32.475596598017276,23.70988298422509,125,43.01018058923783,87.77592592592592,75,1.278107484922736,-0.6879191916157282,-0.012560063756681027,0.3269368843315359,0.3800051929906673
641355L2025,641355,32.774302091987785,21.05229422189434,150,40.76202124659481,88.19524752475247,75,1.278107484922736,-1.6466248205369198,0.12011354407666332,0.5484026145257651,0.40489731748820973
641355L2026,641355,33.359564584976155,21.54425479234459,126,38.70203627479647,89.14098765432098,75,1.278107484922736,-2.5250853239789715,0.4193462938652766,0.5074059003215776,0.45366919190390725
641432L2024,641432,31.964045161188647,28.34010649722276,67,45.89412202249149,88.96180904522613,68,-1.7107055774390898,0.5419095100673469,0.36265407342707584,-0.05891507508493662,0.33737590658828154
641487L2024,641487,35.33900336680809,25.480624457450787,98,42.058361945109795,87.17923875432525,72,-0.002812398946617945,-1.0938129708195181,-0.20135224623826764,0.17937509489606107,0.6186224237232354
641487L2025,641487,34.84099916910084,27.659454318494753,153,44.19289267767304,86.34722838137472,72,-0.002812398946617945,-0.18356315462639247,-0.46460083215185094,-0.0021940601909360424,0.5771220739142976
641487L2026,641487,33.809051116338715,27.19388451630616,111,42.39949787788194,86.91147540983607,72,-0.002812398946617945,-0.9483388788490403,-0.28607273060710814,0.03660342332478006,0.4911264028507872
641555L2025,641555,34.02140460407565,28.487530358370073,32,46.21748766102273,90.8111111111111,74,0.851134190299618,0.679805633344417,0.9477743671138826,-0.07120039684721273,0.508822526828865
641555L2026,641555,33.372471764275446,30.091565488798214,28,45.99570340685681,88.20746268656715,74,0.851134190299618,0.5852279008670636,0.12397842867301359,-0.2048699910495578,0.4547447901788481
641584L2024,641584,29.002184263983565,27.604370218040987,109,45.80831243780813,84.25338078291816,71,-0.42978569356973595,0.5053168494445405,-1.1270954804547668,0.0023962815135443924,0.09055416515452475
641584L2025,641584,29.81402616282128,27.995849403488286,71,44.40995141080259,85.17446808510638,71,-0.42978569356973595,-0.09100057451445247,-0.8356629001804056,-0.030226983940397172,0.15820765672433415
641584L2026,641584,31.233265206798546,25.23817303097494,31,41.96300664671694,83.96949152542372,71,-0.42978569356973595,-1.1344763079694615,-1.216918213465225,0.19957938043571488,0.2764775770557731
641598R2024,641598,27.37054055969495,27.040879581323523,110,43.96809132529842,89.93728813559322,73,0.42416089567650006,-0.27942749921385396,0.6712962484239391,0.04935383457333309,-0.04541614353619335
641598R2025,641598,27.099426369465295,27.18101704899538,84,42.68644581074013,91.47514124293785,73,0.42416089567650006,-0.8259727310318523,1.1578739029976672,0.037675712267345084,-0.06800899272199779
641598R2026,641598,23.929753113725383,28.838982772217097,46,44.6979971786869,90.6064935064935,73,0.42416089567650006,0.0318337343441706,0.8830332330850053,-0.10048809800113141,-0.3321484307003238
641645L2024,641645,28.780449695236836,28.081344961143074,63,46.265397606003056,85.0703125,70,-0.8567589881928539,0.7002363621912185,-0.8686177903905153,-0.03735161374496284,0.07207628442563063
641658R2024,641658,34.22129251994406,27.528494049185554,87,43.16346369238307,83.81582278481012,70,-0.8567589881928539,-0.6225531070075583,-1.2655390960657542,0.008719295584830533,0.5254798531512325
641658R2025,641658,35.204004834114684,28.179173659229818,36,41.45909429648576,79.59019607843138,70,-0.8567589881928539,-1.349364815863919,-2.6025299452399535,-0.04550400525219148,0.6073725459987847
641680L2024,641680,28.99966705305596,31.214189906566695,118,49.1952922153769,87.47580071174377,76,1.705080779545854,1.949661347721966,-0.10751986329653396,-0.2984220258635979,0.09034439757722416
641680L2025,641680,29.32615105348623,30.693657380898397,105,48.628440105153246,87.1420814479638,76,1.705080779545854,1.7079327929308348,-0.21310884047557432,-0.2550443153912398,0.11755139761308027
641680L2026,641680,29.220668227387982,30.549408573509865,71,48.57401038462021,88.19999999999999,76,1.705080779545854,1.684721769376658,0.1216172301233417,-0.2430235814421954,0.1087611621048928
641680R2024,641680,28.867916806216197,31.462420858433763,54,49.00139203569398,91.38202247191012,76,1.705080779545854,1.8669745068985288,1.1284110674465548,-0.3191079385191869,0.07936521034057738
641680R2025,641680,28.848586842401733,31.108320672470555,68,49.56026402880502,89.17912087912089,76,1.705080779545854,2.105300018564469,0.4314116692875817,-0.2895995896889196,0.0777543800227054
641680R2026,641680,29.85498586169988,30.56570352852253,60,48.63496366668775,86.26102941176471,76,1.705080779545854,1.7107147021332285,-0.4918742383433769,-0.2443814943599175,0.16162096496421766
641857L2024,641857,21.142879316095744,33.238359380436876,143,48.163786284897995,91.96840731070496,74,0.851134190299618,1.5097857023181476,1.3139435855887103,-0.46710281535277964,-0.5643879138361271
641857L2025,641857,24.023346694508515,32.08551059218158,147,47.03749603329396,91.74316770186336,74,0.851134190299618,1.0294902074523684,1.2426776369335168,-0.3710320829981715,-0.3243489656350628
641857L2026,641857,26.565758713336745,30.534282675468646,107,46.47713722166723,89.6299539170507,74,0.851134190299618,0.7905306565290042,0.5740555155382866,-0.24176308993876047,-0.11248129739937696
641933R2024,641933,25.08259267333623,24.35957469725829,106,42.81522878332419,90.86535433070866,69,-1.2837322828159718,-0.7710544881904052,0.9649369546472769,0.2727959082454359,-0.23607846739941993
641933R2025,641933,25.174784892718016,24.886166985859692,52,41.912260398065314,88.82706766917293,69,-1.2837322828159718,-1.1561165508588975,0.3200218204369273,0.22891321752865235,-0.22839578245093772
641933R2026,641933,30.291305722277066,24.467978654797566,81,40.58509161736302,89.37798742138365,69,-1.2837322828159718,-1.7220747356074613,0.4943331637042249,0.26376224511716284,0.1979809533456498
641943L2024,641943,25.586441015585386,31.17862313897316,22,47.73962531200743,89.82830188679245,72,-0.002812398946617945,1.3289063916013175,0.6368129332952035,-0.2954581285641365,-0.19409110554532352
641943L2025,641943,28.10975005321454,30.17307857704734,44,46.46814293933534,86.34565217391305,72,-0.002812398946617945,0.7866951325356059,-0.4650995451473619,-0.21166274840365182,0.016184647590439322
642020R2024,642020,28.208111698888615,28.020676187706982,25,46.89944985583242,81.39399999999999,72,-0.002812398946617945,0.9706217612203314,-2.031805291971063,-0.03229588262528852,0.024381451396612224
642086L2024,642086,30.210516101939437,27.834128047992106,91,45.65815344187798,89.2580808080808,71,-0.42978569356973595,0.44128300989376146,0.4563946386330507,-0.0167502043157155,0.19124848498418068
642086L2025,642086,30.373279006865044,26.29606091684595,62,45.04885285298709,87.73333333333333,71,-0.42978569356973595,0.18145271530798837,-0.02603638584943175,0.11142205661313091,0.20481206039464794
642086L2026,642086,32.48192554116809,26.346012029212346,97,44.22377001931519,87.39638009049773,71,-0.42978569356973595,-0.1703958133810666,-0.13264859596035414,0.10725946391593115,0.38053260491990165
642133L2024,642133,27.37579519614017,26.40388634704364,120,43.73541668720938,89.3751677852349,75,1.278107484922736,-0.3786493297184997,0.49344102911902865,0.10243660409665682,-0.04497825716575813
642133L2025,642133,27.458528366657582,25.77057748043156,107,43.879879889683124,91.222009569378,75,1.278107484922736,-0.31704440574512244,1.0777828881726264,0.15521234298099676,-0.03808382628930721
642136L2024,642136,28.936355994931578,27.642808421073727,56,44.21998008621018,86.171,71,-0.42978569356973595,-0.17201199339646425,-0.5203595987525782,-0.0008069020725172867,0.08506847606685912
642136L2025,642136,27.021455336017492,27.31343269684628,58,43.38949330649362,87.94594594594595,71,-0.42978569356973595,-0.5261649821801094,0.04123437355129434,0.0266410749464366,-0.074506578842648
642180L2024,642180,32.4467405812486,27.268488708222016,49,43.81929337965456,79.51592920353981,72,-0.002812398946617945,-0.34288093214221865,-2.626028029435819,0.030386407331792025,0.3776005249266108
642180L2025,642180,31.2505802150501,27.269978775000403,46,43.1391866462386,79.14750000000001,72,-0.002812398946617945,-0.6329058166001621,-2.7425992525771528,0.030262235100259716,0.2779204944100693
642197R2024,642197,32.896567527096025,31.62556305659943,20,48.492380928560124,89.37857142857142,67,-2.137678872062208,1.649911683843052,0.49451794393214227,-0.33270312169965904,0.4150861037472297
642201R2024,642201,26.809167347240503,31.511155365189026,21,46.983976852739815,86.56666666666668,74,0.851134190299618,1.0066674747931301,-0.3951704257813721,-0.3231691474154588,-0.09219724457406375
642201R2025,642201,28.19746920811019,30.258544785386142,88,46.712256009292325,86.41559139784945,74,0.851134190299618,0.8907947707693711,-0.44297073233477724,-0.2187849324318852,0.023494577165076674
642201R2026,642201,29.16678399581141,27.48876596862311,78,44.999470912415966,84.10958904109589,74,0.851134190299618,0.16039426829554032,-1.172591274655657,0.012029968965034202,0.10427080947351186
642215R2024,642215,25.383827040993875,28.295303144888447,37,46.878245420984754,89.72372881355932,75,1.278107484922736,0.9615793367529212,0.6037259495889382,-0.05518146239041055,-0.21097560342794944
642215R2025,642215,26.179615090479057,28.137176434486452,45,47.04941305039079,88.6448717948718,75,1.278107484922736,1.034572103185456,0.2623749354600343,-0.04200423652357769,-0.1446599326375176
642215R2026,642215,25.012596275662318,28.890869112184003,59,44.74911929731559,85.07524752475248,75,1.278107484922736,0.053634263320058585,-0.8670563455699022,-0.10481195966504024,-0.24191150053891253
642350R2024,642350,26.075723892661106,29.2120896694239,118,48.42550178843898,86.84621848739496,74,0.851134190299618,1.621391726705062,-0.30672006039071825,-0.13158033943503167,-0.15331753245568022
642350R2026,642350,27.61500849892496,26.35851164485737,86,43.53142193792418,88.27692307692308,74,0.851134190299618,-0.4656409013124283,0.1459557382507281,0.10621782927884589,-0.025043815267025593
642708R2024,642708,24.14304744542737,28.27763882232962,93,46.608716425896205,86.87153846153845,73,0.42416089567650006,0.8466413250881956,-0.2987088052365264,-0.053709435510508406,-0.3143739030584915
642708R2025,642708,20.70365545796883,22.649037023437234,60,40.62896087856756,91.244,73,0.42416089567650006,-1.703367116954433,1.0847406737400616,0.4153407143971905,-0.60098990201337
642708R2026,642708,24.213905843401015,23.729566099546748,79,42.35978081057621,90.34036144578313,73,0.42416089567650006,-0.9652758349037126,0.7988288878917759,0.3252966247213977,-0.30846903656068775
642715R2024,642715,32.28153210752695,31.645620111023046,156,49.017813596844874,88.56181818181817,72,-0.002812398946617945,1.8739773215177655,0.2360967219879489,-0.33437454290162716,0.36383315211647344
642715R2025,642715,29.09236909515342,28.937344360935114,159,46.81567938619636,88.89522673031026,72,-0.002812398946617945,0.9348986613251744,0.3415873886617171,-0.10868489706096618,0.09806956775201255
642715R2026,642715,29.985585070691236,29.21896076644582,120,46.7714706304228,87.38527607361962,72,-0.002812398946617945,0.9160462685237427,-0.1361619136258012,-0.1321529308535251,0.172504232380164
642731R2024,642731,27.406861916392593,25.332517712007753,90,42.91213499417253,85.8529411764706,70,-0.8567589881928539,-0.7297297795474177,-0.6209936031515036,0.19171732368298056,-0.042389363811389615
642731R2025,642731,26.955662562259878,27.01499086268729,39,44.106014582290555,86.25846153846155,70,-0.8567589881928539,-0.22061147121734387,-0.49268671501174577,0.05151122779301905,-0.07998930998911587
642851R2025,642851,29.223004445026746,29.049645104534477,34,44.348388860716625,87.49452054794521,73,0.42416089567650006,-0.11725332367625008,-0.10159689578461771,-0.11804329236091309,0.1089558469081231
642851R2026,642851,26.893965397851677,28.390566049874263,28,44.57856014068642,82.97333333333333,73,0.42416089567650006,-0.019099025830255287,-1.5321032687717624,-0.06312003780589522,-0.08513074035646599
643217L2024,643217,31.45545340681093,21.836180715068743,127,39.15884351277662,87.71618798955615,69,-1.2837322828159718,-2.330284331862171,-0.031461183004713324,0.4830787400945648,0.29499326039013835
643217L2025,643217,30.887054443228553,22.369222967535794,113,40.03813025200409,87.9546783625731,69,-1.2837322828159718,-1.955321076214064,0.043997315460966066,0.43865855238897716,0.24762668009160707
643217L2026,643217,28.95516858799595,23.178413837306767,137,40.92181514293438,88.93387622149838,69,-1.2837322828159718,-1.5784822716605182,0.353816111081934,0.3712259799080628,0.08663619215555673
643265R2024,643265,34.695639562132754,32.05598820055639,32,48.854782855976566,85.91388888888889,76,1.705080779545854,1.8044544518559162,-0.6017097100290096,-0.3685718836960727,0.5650087733336239
643289R2024,643289,22.086972032692785,29.078539249314154,122,46.39323517442624,84.99886685552407,71,-0.42978569356973595,0.7547514466472955,-0.8912232355741792,-0.12045113775921952,-0.48571352078637364
643289R2025,643289,26.18924126278623,28.260636706623014,118,46.45142301437539,82.78393939393939,71,-0.42978569356973595,0.7795650835794705,-1.5920276259035708,-0.05229259253495785,-0.14385775161191994
643289R2026,643289,31.256928779817716,27.821062614474467,147,44.16511304639993,86.26008230452675,71,-0.42978569356973595,-0.19540950749192298,-0.4921739036470894,-0.0156614181892456,0.27844954147403733
643376R2024,643376,22.994326030717584,29.577460234091927,85,46.916509938193954,86.61780821917807,74,0.851134190299618,0.9778968669833559,-0.37898920759258076,-0.16202788649070055,-0.41010068761764035
643376R2025,643376,22.844501527069422,30.171216493472183,97,46.14394828535189,87.02585365853658,74,0.851134190299618,0.6484454837030221,-0.24988338344440164,-0.2115075747723886,-0.42258606292165385
643376R2026,643376,22.562480322178423,29.525096093001196,60,46.21078713262883,85.73082706766918,74,0.851134190299618,0.6769482583505139,-0.6596305811354072,-0.15766420806647297,-0.44608782999590374
643396R2024,643396,27.746558282108147,26.423788655383678,122,44.14460297069848,85.14589743589744,70,-0.8567589881928539,-0.20415582927241796,-0.8447026708940994,0.1007780784016535,-0.014081333335093463
643396R2025,643396,29.545481417436154,27.817800549378642,131,44.335271236717176,82.97777777777777,70,-0.8567589881928539,-0.12284720651533682,-1.5306970438577356,-0.01538957943126018,0.13582892794224044
643396R2026,643396,27.75138693380751,26.702899461524737,53,41.17132742479444,80.72170542635659,70,-0.8567589881928539,-1.4720801921606765,-2.244519702251044,0.07751884455656526,-0.013678945693479902
643446L2024,643446,29.632723567891066,27.019440033127974,117,43.78283575698573,86.71142061281337,72,-0.002812398946617945,-0.3584279298157014,-0.34937018954946947,0.051140463589628794,0.14309910714681648
643446L2025,643446,30.856262568530447,24.837425740095085,119,41.821785589131274,86.74714285714286,72,-0.002812398946617945,-1.1946986508708393,-0.33806764980822845,0.23297498800903624,0.24506069053343152
643446L2026,643446,31.251128781726052,25.066931973689737,134,43.38914461490455,86.19362745098039,72,-0.002812398946617945,-0.5263136783080287,-0.5132002595579356,0.21384946854281525,0.277966208299732
643565L2024,643565,29.979469416751396,31.838362218224077,98,46.469422024039275,89.01447368421053,73,0.42416089567650006,0.7872405857347066,0.3793171970983908,-0.35043638516837977,0.17199459455184396
643565L2025,643565,33.54833580749051,29.6677509937753,91,46.01843386422249,88.95582329317268,73,0.42416089567650006,0.5949210827563894,0.36076017785205855,-0.169552116464315,0.46940012711343676
644433R2026,644433,28.974387052996427,28.24397202695523,20,45.1833920709459,84.38108108108108,68,-1.7107055774390898,0.238825652857926,-1.0866910287735732,-0.050903869229309194,0.08823773090559654
645277L2024,645277,35.48647777670066,22.39571380541958,77,40.665580426009434,88.03703703703704,67,-2.137678872062208,-1.6877510680404815,0.07005564994237576,0.43645098256532844,0.6309119578809493
645277L2025,645277,35.21360731078858,23.2634573179403,146,40.51520446735661,86.6221590909091,67,-2.137678872062208,-1.7518774292286503,-0.37761258914175455,0.36413902318860164,0.6081727523882762
645277L2026,645277,35.77869480589332,23.114238082047564,134,40.55169184621113,87.45778546712802,67,-2.137678872062208,-1.7363177423199454,-0.1132198976039985,0.3765739595129964,0.6552633769803379
645277R2024,645277,32.56009454911473,17.575540008730766,43,35.159170355442605,89.13305785123967,67,-2.137678872062208,-4.035905947309203,0.4168372993676175,0.8381321322893962,0.38704668891545513
645277R2025,645277,33.10120538200549,17.433412690519916,91,36.50719762770942,89.40802469135802,67,-2.137678872062208,-3.4610528622328904,0.5038369741163675,0.8499760754736337,0.43213925832301836
645277R2026,645277,32.232994493272365,16.80599417986115,102,36.48594622722081,86.7366515837104,67,-2.137678872062208,-3.470115314739898,-0.34138709507636233,0.9022609513618643,0.35978835092859135
645302R2024,645302,14.630970178706384,28.928734841216173,79,45.44046076212205,82.1066985645933,72,-0.002812398946617945,0.34845008942488254,-1.8063070344836125,-0.10796743708438772,-1.1070470086185737
645302R2025,645302,9.507224430292435,31.304459477508303,29,48.75830269014227,83.36219512195122,72,-0.002812398946617945,1.7633114259546268,-1.409067163336606,-0.30594449010873187,-1.5340258209864028
645302R2026,645302,12.334436014383098,32.994211153455204,45,47.53643925124061,80.89217391304348,72,-0.002812398946617945,1.242259677340188,-2.19058336981806,-0.44675712977097365,-1.2984248556455142
645305R2024,645305,27.79026540131939,30.274684128691476,30,48.442799907868746,81.92388059701491,72,-0.002812398946617945,1.6287683410546359,-1.8641507501502044,-0.22012987770732964,-0.010439073400823062
645305R2026,645305,27.97397366430204,28.195253692397756,35,47.5712054563258,81.17142857142858,72,-0.002812398946617945,1.2570853864788543,-2.1022270267727685,-0.04684400801618634,0.00486994851439763
645444L2024,645444,21.036925840687637,26.605841880321975,34,43.06243050472208,79.56346153846154,69,-1.2837322828159718,-0.6656377246684076,-2.610988769878343,0.08560697632346208,-0.573217370120136
645444L2025,645444,22.432891261097968,26.058639491112896,51,41.78499365483464,77.11649484536083,69,-1.2837322828159718,-1.210388212477985,-3.385210513595347,0.1312071754242187,-0.45688691841927503
645444R2024,645444,24.115124933967888,25.85047842106485,20,41.453469196496734,77.92692307692307,69,-1.2837322828159718,-1.351763584901519,-3.1287905302883723,0.1485539312615559,-0.3167007790134484
645444R2025,645444,27.034402471389644,25.427527001310008,30,42.75726128280556,86.24444444444445,69,-1.2837322828159718,-0.7957741635210547,-0.49712173204829,0.1837998829077927,-0.07342765089496872
646240L2024,646240,21.79780093496102,26.81046849685342,134,44.25428076086916,93.18743455497382,72,-0.002812398946617945,-0.1573848051684723,1.6996445439864825,0.06855475827917494,-0.5098111122640206
646240L2025,646240,22.642753124447708,25.934566433080796,160,42.54200405215839,93.53492822966507,72,-0.002812398946617945,-0.8875685104665936,1.8095917531204064,0.14154659692689364,-0.4393984298067967
646240L2026,646240,25.41567025830957,25.575375433190175,146,42.65943938228317,92.84725,72,-0.002812398946617945,-0.8374893590962628,1.5920099447579665,0.1714791802511121,-0.20832200198497475
647304L2024,647304,24.21934772403641,27.011799082850107,143,45.87801484848446,89.89479392624729,70,-0.8567589881928539,0.5350407627798908,0.6578510548500154,0.051777209446117745,-0.30801554650773816
647304L2025,647304,25.41076372186278,26.66929362581142,144,45.25784895159363,89.06357758620689,70,-0.8567589881928539,0.27057706354973804,0.39485370143010984,0.08031933086600833,-0.2087308800222075
647304L2026,647304,27.014091461256186,25.070101622782683,147,44.5563097819628,86.82625250501003,70,-0.8567589881928539,-0.028587474335319794,-0.31303730930982665,0.21358533111840305,-0.07512023507275689
647351L2024,647351,29.36762900684262,28.305068366576723,76,46.66561421689776,86.8408653846154,72,-0.002812398946617945,0.8709048332264763,-0.30841378535231134,-0.05599523086443359,0.1210078937261126
647351L2025,647351,29.572501386148293,28.809345149219606,69,46.857768720326526,86.95,72,-0.002812398946617945,0.9528472474341547,-0.2738835269465931,-0.09801829608467383,0.13808059200158537
647351R2024,647351,27.81210624568204,26.939522520438878,37,45.67478775033568,86.90144927536231,72,-0.002812398946617945,0.4483765485273992,-0.2892450056269944,0.057800256313720176,-0.008619003037269183
647351R2025,647351,27.553975003565327,29.068771130522514,37,46.053887780444114,84.8348484848485,72,-0.002812398946617945,0.6100400596030281,-0.9431187473946343,-0.11963712785991613,-0.030129939880328454
649966R2024,649966,29.235477965851164,27.060613620449928,35,46.016655153683914,87.09666666666666,69,-1.2837322828159718,0.5941625689921706,-0.227478104783722,0.04770933131279934,0.10999530697682462
649966R2025,649966,29.6651487170887,25.96982474570226,92,44.64253509012922,86.18448979591837,69,-1.2837322828159718,0.008182467512942203,-0.5160914191538337,0.1386084042084382,0.1458012029132861
649966R2026,649966,28.259420984997067,27.43335798510739,22,45.426446135592975,86.18372093023255,69,-1.2837322828159718,0.34247368860408617,-0.5163346887224932,0.016647300924677626,0.028657225238983248
650333L2024,650333,33.281259747340634,25.27194287791307,141,44.30343744510871,86.06219312602292,70,-0.8567589881928539,-0.136422416522052,-0.5547861595784594,0.19676522652420422,0.4471437887676138
650333L2025,650333,34.39282475799356,26.0206458865387,151,44.00891856616994,84.71074918566775,70,-0.8567589881928539,-0.26201712046782005,-0.9823838408169,0.13437330913873513,0.5397742063220242
650333L2026,650333,34.97313446807934,26.08560771556906,147,43.292505526060886,85.55559380378658,70,-0.8567589881928539,-0.5675244753769398,-0.715074491958932,0.1289598233862049,0.5881333488291723
650391R2024,650391,16.51676650482835,31.514552612371393,91,48.45633716199521,91.9732283464567,76,1.705080779545854,1.6345411710693971,1.3154689642204473,-0.32345225134732275,-0.9498973147750766
650402R2024,650402,32.62964788579192,27.31896972631292,145,44.119853235059004,88.2442265795207,70,-0.8567589881928539,-0.21471011269077236,0.13561054666978564,0.026179655824216812,0.39284280030522084
650402R2025,650402,32.51572359140347,26.42061373229261,139,43.11644094001956,89.96407322654463,70,-0.8567589881928539,-0.6426055012143078,0.6797710674235139,0.10104265532590932,0.3833491091061836
650402R2026,650402,31.71555651402623,26.74752173071967,93,42.74814426025586,86.24444444444444,70,-0.8567589881928539,-0.7996620288834442,-0.4971217320482945,0.07380032212365428,0.3166685193247467
650489L2024,650489,29.893173597648627,22.608133691355373,137,39.752501113367934,86.64133333333334,72,-0.002812398946617945,-2.0771248370953823,-0.37154584722573036,0.4187493254040122,0.16480327629327984
650489L2025,650489,32.083611096970664,23.209310121057943,109,40.34552601795391,85.94114832535885,72,-0.002812398946617945,-1.8242351493703857,-0.5930848078200739,0.3686512895954648,0.3473397345701163
650489L2026,650489,31.546232684233065,22.698508212610925,108,38.851232577052045,89.86577540106953,72,-0.002812398946617945,-2.4614620157580824,0.6486695759085291,0.41121811529938296,0.30255820017531637
650489R2024,650489,30.100530746195368,25.84232345053142,79,45.99670396254352,86.6990990990991,72,-0.002812398946617945,0.5856545780828203,-0.3532687239512624,0.14923351213934163,0.18208303867217493
650489R2025,650489,32.19077622077118,27.644460009046323,63,43.71414120123812,88.04096385542168,72,-0.002812398946617945,-0.3877220532447158,0.07129809765757733,-0.000944534403566936,0.3562701615534924
650489R2026,650489,30.785168291918968,27.144937053811713,75,45.618606652750074,81.95535714285714,72,-0.002812398946617945,0.42441866730756905,-1.854191551981767,0.04068237853265059,0.23913616748247493
650490R2024,650490,29.31048111187908,28.472288481387455,139,46.43255059158792,92.23283582089552,72,-0.002812398946617945,0.7715171229146979,1.397608926365703,-0.06993024043199458,0.11624556914581774
650490R2025,650490,29.319417646541673,28.684053062109946,148,46.98071350563555,93.04288617886179,72,-0.002812398946617945,1.0052758522427885,1.6539093502380529,-0.0875772888255355,0.11699028036770039
650490R2026,650490,28.41162325177106,30.275924939803478,149,47.35361779670816,90.91456692913385,72,-0.002812398946617945,1.1642972508238516,0.9805078505949133,-0.22023327863332978,0.04134074747014941
650559R2024,650559,27.724646826182095,27.274979949481303,141,45.51008271815373,89.61602870813397,72,-0.002812398946617945,0.37813969366156763,0.5696495710031472,0.02984547056018479,-0.01590728799559778
650559R2026,650559,26.56777632697663,27.097809784805012,26,41.85549608799616,88.53653846153846,72,-0.002812398946617945,-1.1803231373551861,0.22809820318063478,0.04460965094987568,-0.11231316292938646
650859L2024,650859,17.43558194236958,25.200630268737246,69,43.17618548110336,85.67142857142856,69,-1.2837322828159718,-0.6171280242633116,-0.6784243013209915,0.20270794395552283,-0.8733293616466407
650859L2025,650859,18.881841222495183,26.212060048889324,141,43.13253879395417,85.96728971962617,69,-1.2837322828159718,-0.6357407283808492,-0.5848136548412051,0.11842212894284969,-0.7528077549695071
650859L2026,650859,21.593464381334513,26.23402819282379,81,41.76731294484529,86.09825581395349,69,-1.2837322828159718,-1.217927978840894,-0.5433759032756464,0.11659145028164423,-0.526839158399563
650859R2024,650859,15.118786548868918,27.463430999098257,30,45.90220724011983,91.73409090909091,69,-1.2837322828159718,0.5453573722825896,1.2398057342029012,0.014141216425438566,-1.0663956444383624
650859R2025,650859,18.08022996011515,26.711951904198624,59,44.22194085002645,89.97435897435898,69,-1.2837322828159718,-0.1711758447872495,0.6830254842615988,0.0767644743337413,-0.8196086935011765
650859R2026,650859,19.330110778564535,27.250770077872286,63,44.33761342327491,87.13894736842106,69,-1.2837322828159718,-0.12184840389743935,-0.21410046514107334,0.0318629598609362,-0.7154519586303945
650968R2025,650968,24.446859229923014,28.976936949443925,60,48.32958025395227,87.72992700729927,71,-0.42978569356973595,1.5804869236945014,-0.027114149469672284,-0.11198427943670038,-0.28905625435052124
650968R2026,650968,24.424607504130794,29.1010183550567,26,47.737100879733966,87.04375,71,-0.42978569356973595,1.3278298720750998,-0.24422097016634767,-0.12232439657109821,-0.2909105648332062
655316R2024,655316,27.06364843411336,25.86807049563838,50,41.520837736417064,87.52,71,-0.42978569356973595,-1.3230349279915097,-0.09353518172270296,0.1470879250470949,-0.07099048733465896
655316R2025,655316,27.077500475787595,25.406705896461112,47,42.122524667563574,86.40851063829787,71,-0.42978569356973595,-1.0664514035068426,-0.44521108894540273,0.185534974978534,-0.0698361505284728
655316R2026,655316,29.060558475963177,25.085110460748666,98,41.715343835420065,87.04016736401672,71,-0.42978569356973595,-1.240089698782599,-0.24535451836130173,0.21233459462123783,0.09541868281949235
656180R2024,656180,28.22033608001962,29.49289255328917,38,47.33355795491528,89.93734939759037,76,1.705080779545854,1.155742926903247,0.6713156317569399,-0.15498057975713753,0.025400149824196028
656180R2025,656180,28.491200177582986,29.051639816988573,81,46.73189235218094,91.7546052631579,76,1.705080779545854,0.8991684977119695,1.2462964882543373,-0.11820951839875438,0.04797215795447644
656248R2024,656248,27.979086315983782,25.526671653510107,30,40.87228264588597,88.7,74,0.851134190299618,-1.5996049220145658,0.27981753295132195,0.17553782855778444,0.005296002821209456
656248R2025,656248,27.514414921120185,26.42822424781375,27,41.69039889961295,86.64102564102564,74,0.851134190299618,-1.250727223408964,-0.3716432012582424,0.10040844569914764,-0.033426613417423624
656305R2024,656305,28.51125351451793,30.307876461846472,145,47.19431223393754,93.18746987951808,73,0.42416089567650006,1.0963629470359806,1.69965572069368,-0.22289590547024604,0.049643269365721686
656305R2025,656305,28.3289608096707,29.867484316384992,127,46.98233608610112,92.16957831325301,73,0.42416089567650006,1.0059677858598657,1.3775942126353287,-0.18619656001512266,0.03445221062845268
656305R2026,656305,27.28208420869385,28.51001096860612,83,46.14911950558162,88.20973451327434,73,0.42416089567650006,0.650650700143245,0.1246972360191128,-0.07307378103355007,-0.05278750611961828
656413R2024,656413,30.167161198059848,24.57277590521164,82,41.12046451763422,83.13199999999999,71,-0.42978569356973595,-1.4937701829335168,-1.4819010393410197,0.2550291409159901,0.18763557632754826
656413R2025,656413,31.226196195815902,22.64033900466093,21,40.63533375359702,80.15555555555555,71,-0.42978569356973595,-1.700649466542711,-2.423649864264532,0.41606554929521583,0.27588849280721944
656484L2025,656484,30.172883079024547,29.50055901553857,27,43.27121196265949,90.39180327868851,73,0.42416089567650006,-0.5766049078469561,0.8151051149790911,-0.1556194516112542,0.18811239974127325
656484L2026,656484,29.460044520842768,29.282217415252433,61,46.34046632459787,87.0146551724138,73,0.42416089567650006,0.7322486852092747,-0.25342659123607886,-0.13742431825407606,0.1287091865594583
656537R2024,656537,30.342487664481922,26.53394059067878,49,42.971200325283874,85.96788990825688,72,-0.002812398946617945,-0.7045419450659147,-0.5846237547949396,0.09159875046039485,0.20224611519605448
656537R2025,656537,29.87997599547398,26.627231377766268,48,45.817918119858625,87.24719101123596,72,-0.002812398946617945,0.5094130988859229,-0.17985211099603313,0.08382451820310433,0.16370347611205935
656537R2026,656537,29.874185679773444,27.732503544860457,81,45.67436028040284,84.38,72,-0.002812398946617945,0.4481942581429769,-1.0870330834823907,-0.008281495721411384,0.16322094980368126
656541L2024,656541,26.581683465871585,28.717429198497555,47,45.553501028628425,90.78390804597701,77,2.132054074168972,0.3966550087732621,0.9391673008297587,-0.09035863352450295,-0.1111542346881403
656555R2024,656555,32.33991470311555,27.410571605949244,126,45.89983801366458,88.68562091503267,75,1.278107484922736,0.5443470387640733,0.27526798175888006,0.01854616585452303,0.36869836841552317
656555R2025,656555,31.316740128066865,28.526785322961302,90,45.06278041838961,90.22628865979382,75,1.278107484922736,0.18739198976033428,0.7627361893158973,-0.07447164389648186,0.2834338204947997
656555R2026,656555,31.21744998522841,28.29934910232067,90,44.82447654048033,89.37065868263473,75,1.278107484922736,0.08576962482743748,0.49201434632537094,-0.05551862550976239,0.2751596419249284
656577R2024,656577,30.028618348419364,27.427419103729815,53,46.143780569456105,85.98295454545455,73,0.42416089567650006,0.6483739628947331,-0.5798572944616103,0.017142207706142127,0.176090338857508
656577R2025,656577,30.45318031273128,27.285823802473143,30,43.649252891420055,88.34814814814816,73,0.42416089567650006,-0.41539304021338297,0.16849139392422924,0.028941816144198107,0.21147050255016767
656577R2026,656577,30.129379641573532,29.089272871184555,26,45.48545332959646,79.78222222222223,73,0.42416089567650006,0.36763673108286316,-2.54177275704275,-0.12134560624841957,0.18448711328702197
656582R2024,656582,34.36589093753688,27.460931582913926,111,43.268915712526685,85.3397810218978,71,-0.42978569356973595,-0.5775841213243895,-0.7833577868568353,0.014349501107466208,0.5375297212839678
656582R2025,656582,34.5911614008686,29.577437524837602,34,43.454521821735284,89.2843137254902,71,-0.42978569356973595,-0.4984342059757509,0.4646947495895036,-0.1620259940528402,0.5563022598949443
656716L2024,656716,27.470958387611724,24.10856890180729,103,41.245951551089824,87.77130434782609,71,-0.42978569356973595,-1.4402574611933059,-0.014022333866553377,0.29371305786635266,-0.037047991209795406
656716L2025,656716,27.358372704682512,26.44760174112966,139,42.82561894894688,85.5593659942363,71,-0.42978569356973595,-0.7666237033794893,-0.71388096861599,0.09879365458948837,-0.04643013145389633
656716L2026,656716,28.9496201917543,24.988031757591862,119,41.3681500925429,85.08151815181519,71,-0.42978569356973595,-1.3881470848001038,-0.8650723153694199,0.22042448655097147,0.08617382580208588
656775L2024,656775,30.408252305229244,25.4067452429448,133,42.89637730515175,86.09257142857143,67,-2.137678872062208,-0.7364494923704652,-0.5451744462533101,0.18553169610489326,0.20772650192499795
656775L2025,656775,31.780234834777325,24.1555953086092,125,41.73077778204574,86.38018575851393,67,-2.137678872062208,-1.2335080427469949,-0.45417309806417266,0.28979419063286,0.322058379387338
656775L2026,656775,30.332901670564947,25.12569348738129,126,42.339416307058166,84.7135294117647,67,-2.137678872062208,-0.9739600788461296,-0.9815041755959661,0.20895267573518575,0.2014472823696399
656811L2024,656811,26.49039938495951,30.06536208050037,133,46.95754856806717,89.64840425531915,74,0.851134190299618,0.995397390507818,0.5798932137409817,-0.20268637369140427,-0.11876124143081324
656811L2025,656811,26.09223982667862,29.290083170073377,140,46.34640807009064,89.4400544959128,74,0.851134190299618,0.7347824846342027,0.5139712236765421,-0.13807979782248805,-0.15194120462088723
656811L2026,656811,24.833132349097156,30.727057651817585,102,46.97042804073281,89.14682274247492,74,0.851134190299618,1.000889716032918,0.42119251929124035,-0.25782767130117207,-0.25686682775267605
656896R2024,656896,25.263001709871602,23.454426214874186,93,40.87325117422695,89.44257425742575,72,-0.002812398946617945,-1.5991919025480812,0.5147684777453457,0.34822494844411117,-0.22104438102147217
656896R2025,656896,23.63111282330324,25.26612631268037,38,42.79429435226321,86.70937500000001,72,-0.002812398946617945,-0.7799817721759027,-0.35001742268255465,0.1972499402935958,-0.35703512156883566
656941L2024,656941,21.781859152056533,26.615361518334577,143,43.454632336571215,93.60000000000001,71,-0.42978569356973595,-0.49838707800164467,1.8301805006654859,0.08481367315574524,-0.5111395941727279
656941L2025,656941,21.073865628773255,25.34378021113304,159,42.34013349206238,94.30906862745098,71,-0.42978569356973595,-0.9736542422946562,2.0545302438426085,0.19077878208920662,-0.5701390544463344
656941L2026,656941,19.979627650444662,25.164417525487004,149,41.59317489756374,92.2940170940171,71,-0.42978569356973595,-1.2921874510106437,1.4169667182361718,0.20572567255970972,-0.6613255526403838
656976L2024,656976,30.46099546350343,28.93131687306629,52,44.99323849881605,90.17064220183487,74,0.851134190299618,0.15773651629074623,0.7451296163150747,-0.10818260640523085,0.21212176511451344
656976L2025,656976,28.960286489956975,28.932794185950858,85,46.63199287916153,90.07402597402597,74,0.851134190299618,0.856567341604691,0.7145601833201471,-0.10830571581227814,0.08706268398564217
656976L2026,656976,29.559972861869333,30.098888270136364,34,45.640440925024706,87.81095890410958,74,0.851134190299618,0.43372967980389765,-0.0014756082414377155,-0.20548022282773695,0.13703654831167209
657041R2024,657041,23.798242428327534,27.853158373700193,121,44.45405347402873,88.7814705882353,71,-0.42978569356973595,-0.07219367970946367,0.30559487641211464,-0.018336064791389422,-0.3431076544834779
657041R2025,657041,22.431370976374037,29.25558288415425,38,45.93061219181168,87.8421686746988,71,-0.42978569356973595,0.5574703869429297,0.008399182075372977,-0.13520477399589423,-0.45701360881293596
657041R2026,657041,24.240755455100395,28.85821774905914,112,43.67295500718165,89.3268085106383,71,-0.42978569356973595,-0.40528550407616787,0.47814012534758443,-0.10209101273796832,-0.3062315689190728
657077L2024,657077,31.23770001288942,23.77100497709951,138,40.55467473313615,87.67289915966387,72,-0.002812398946617945,-1.7350457192781554,-0.045157795000766984,0.3218433849253343,0.2768471442300126
657077L2025,657077,32.0427924849462,23.512949169434698,55,40.43634289144959,89.94121212121212,72,-0.002812398946617945,-1.785507179261747,0.6725377998503433,0.3433480355640685,0.3439381835680774
657136R2024,657136,27.3504947978589,27.525097040915185,122,44.81148994075746,85.41047904191616,70,-0.8567589881928539,0.08023161601342402,-0.7609888905043511,0.009002379607361277,-0.04708662368919736
657136R2025,657136,28.669154616370356,28.308451599569185,54,45.59249242304848,83.77109375,70,-0.8567589881928539,0.41328250870218164,-1.2796913897700817,-0.05627716694713877,0.06280169452009066
657136R2026,657136,27.98193401528047,26.72042201726532,68,44.29812829222079,83.3967320261438,70,-0.8567589881928539,-0.138686452999321,-1.3981396659325929,0.07605863157818327,0.005533311095933395
657557R2024,657557,27.332033847864835,27.252636774239082,130,43.825692389528854,87.82721088435375,72,-0.002812398946617945,-0.34015213678076744,0.003666528150924216,0.0317074018303698,-0.048625036188702765
657557R2025,657557,28.174794159389283,26.901930893592795,54,42.63427576139884,88.11587301587302,72,-0.002812398946617945,-0.8482201398413155,0.09499940139356046,0.060932891884227125,0.021604989771667842
657656R2024,657656,29.44951276871321,27.421255073026266,84,44.84689279221482,89.1785340314136,69,-1.2837322828159718,0.09532881678929321,0.43122599031756975,0.017655876931437813,0.12783154054866172
657656R2025,657656,30.414573135453637,31.502724928579863,124,47.547806180164905,90.30123456790123,69,-1.2837322828159718,1.247106993336241,0.7864491200325168,-0.32246661103136187,0.20825323777703067
657656R2026,657656,28.51753459733972,31.945081257687626,51,46.82339680754638,87.98991596638655,69,-1.2837322828159718,0.9381896804040646,0.05514651464940368,-0.3593296384570088,0.05016669293420417
657757L2024,657757,30.54901201981497,29.388683987121574,131,46.89190077124978,87.78328530259365,75,1.278107484922736,0.9674025277143679,-0.010231552521759007,-0.14629653257650452,0.21945647814047517
657757L2025,657757,29.33165303386821,29.248045400526802,143,47.3360244921121,89.92299741602066,75,1.278107484922736,1.1567947576385893,0.6667746560959227,-0.13457665036027353,0.11800989597824518
657757L2026,657757,29.822693819931022,27.671164554498556,118,46.63486150868115,87.37591240875912,75,1.278107484922736,0.857790640690117,-0.13912458285882318,-0.0031699131912530376,0.15892996148347946
658668R2024,658668,30.09134565653533,25.346323313804668,50,44.407862961001086,86.77730496453901,73,0.42416089567650006,-0.0918911735669504,-0.3285243407602263,0.19056685686657104,0.18131761453383857
660162L2025,660162,17.942705518289,26.41420550602415,81,43.8211149274578,90.40509554140128,72,-0.002812398946617945,-0.3421041508442075,0.8193107949519486,0.1015766741816142,-0.8310690636533558
660162L2026,660162,17.746888614365442,25.59047917512761,38,42.12628459262893,90.94363636363636,72,-0.002812398946617945,-1.0648480201273363,0.9897054372775813,0.1702205350896593,-0.8473871389803188
660271L2024,660271,29.30251051758561,29.89230490810216,151,46.83060554432741,95.69707724425888,76,1.705080779545854,0.9412637759089059,2.493697010856306,-0.18826494265822014,0.11558135295469511
660271L2025,660271,28.971088768216692,31.90942724542211,158,48.44399325903141,94.89411764705882,76,1.705080779545854,1.6292772340210833,2.2396401079849486,-0.3563584707682157,0.08796287384061863
660271L2026,660271,30.894677325064333,31.283005739473907,129,48.21841208646614,93.21361111111112,76,1.705080779545854,1.533080342717677,1.7079268222023116,-0.3041566786058656,0.24826192024458868
660644L2024,660644,30.372346764712802,28.337316418044328,78,44.733377801695404,83.448322147651,69,-1.2837322828159718,0.046921456014787234,-1.3818165202418495,-0.058682568486733956,0.20473437354862778
660644L2025,660644,31.651511861340076,29.690680290314273,34,43.55309103747547,87.54655172413793,69,-1.2837322828159718,-0.4564003251133002,-0.08513420012425171,-0.17146289117589605,0.31133146493423397
660644R2024,660644,28.01261902499525,25.46772547935842,36,42.342949984965486,84.44444444444444,69,-1.2837322828159718,-0.9724531763609349,-1.0666428222290063,0.18045000973709158,0.008090395238831741
660670R2024,660670,30.053698364589447,29.170122503375502,43,44.800628738869705,92.17753623188406,72,-0.002812398946617945,0.07559996238054578,1.3801121029099535,-0.12808307559766519,0.17818034020501491
660670R2025,660670,31.262076517636977,25.58265641755618,93,42.81845961691024,92.65254237288136,72,-0.002812398946617945,-0.7696767307128528,1.5304043336117938,0.17087243155394502,0.2788785196256424
660670R2026,660670,30.26504766366044,25.791951523134767,102,42.040052670508295,89.58141891891891,72,-0.002812398946617945,-1.1016207824318769,0.5586990127338792,0.15343117275572946,0.19579278179426426
660688L2024,660688,33.15436539147513,23.308945237164938,111,42.92520345406612,86.11114864864865,71,-0.42978569356973595,-0.7241568622618552,-0.5392966025694741,0.3603483632532152,0.4365692591121553
660688L2025,660688,35.11386236983829,23.573802592357435,66,42.85243776378316,86.24450549450549,71,-0.42978569356973595,-0.7551870813141222,-0.4971024157720032,0.33827691698717377,0.5998606739757516
660688L2026,660688,35.56776209484451,24.067139234479686,95,41.2622812171381,87.9605504587156,71,-0.42978569356973595,-1.433293834344471,0.045855250236922,0.2971655301436528,0.6376856510596035
660688R2024,660688,31.231159609358755,30.728278556568146,62,49.410415840204344,83.08849557522124,71,-0.42978569356973595,2.0413987197685293,-1.4956658656897286,-0.25792941336371883,0.27630211060245724
660688R2025,660688,30.310257634480205,30.76493908761743,30,46.661638470804455,86.19787234042553,71,-0.42978569356973595,0.8692094150741624,-0.5118571739665485,-0.26098445761782596,0.19956027936257806
660688R2026,660688,31.198125971354013,30.135511230492167,48,46.097956058165664,86.59729729729729,71,-0.42978569356973595,0.6288325469090406,-0.385478875698223,-0.20853213619072056,0.2735493074353954
660707R2024,660707,31.861839015707414,22.944691923072988,58,42.574885574305526,89.51169590643275,75,1.278107484922736,-0.8735465059885232,0.5366386093550993,0.39070280609421104,0.32885872779817876
660710R2026,660710,22.91119029383145,27.001969873583764,30,46.01285259116291,86.90172413793104,68,-1.7107055774390898,0.5925410032854782,-0.28915803894377595,0.05259631021831298,-0.41702866569148495
660757R2025,660757,26.216650538278554,30.394815906104963,20,47.88939124182335,89.1195652173913,77,2.132054074168972,1.3927726119406343,0.41256822184609854,-0.2301408591584536,-0.1415736453208929
660766R2024,660766,30.781334677010392,25.466514839591387,62,45.136560455426014,86.33155080213903,72,-0.002812398946617945,0.21885476709428464,-0.46956122771724096,0.18055089638434443,0.23881669957342697
660821L2024,660821,27.55155795242248,29.591322312950172,143,46.399630181501806,92.31885714285714,75,1.278107484922736,0.7574785350542632,1.4248261247336864,-0.1631830597288877,-0.03033136080889894
660821L2025,660821,26.385798833923037,28.45967274795162,133,44.35899761641961,91.17084548104955,75,1.278107484922736,-0.11272932325715967,1.0615945396376707,-0.06887892931234152,-0.12747795401718598
660821L2026,660821,26.892294985082096,27.424898346387128,101,44.835317870786696,90.6306603773585,75,1.278107484922736,0.09039280441820653,0.8906796456634968,0.0173522708180327,-0.08526994142059774
660844L2024,660844,31.62597907285743,22.028307205866387,21,38.27836580234008,81.7235294117647,67,-2.137678872062208,-2.705755465568724,-1.9275419865072594,0.4670681991947611,0.30920373256068007
660844L2025,660844,32.79660288129992,22.94882568609488,29,37.49474873790257,86.12972972972973,67,-2.137678872062208,-3.0399213213179612,-0.5334175372616778,0.39035832584238656,0.40675571659755416
660844L2026,660844,30.72876572578558,23.261533973608145,36,38.29925520841442,86.914,67,-2.137678872062208,-2.6968473820497216,-0.28527394875020784,0.3642993018829479,0.23443595363802583
660844R2025,660844,26.281594028858127,24.90992528726647,22,41.19614509081445,84.95172413793104,67,-2.137678872062208,-1.4614969404939624,-0.9061392199728823,0.2269333590780874,-0.13616168777259516
660844R2026,660844,24.729765316999885,25.07367973724574,24,40.62453753436849,82.18333333333334,67,-2.137678872062208,-1.7052534089542328,-1.7820597472399615,0.2132871549131483,-0.26548074709411534
661388R2024,661388,28.869093881029265,27.622312901347637,150,44.049266322173715,92.79694989106754,70,-0.8567589881928539,-0.24481121336797762,1.5760949598271754,0.0009010579046568878,0.07946329990833305
661388R2025,661388,28.49085904204143,27.991690019203773,148,45.11113931394688,91.14767184035476,70,-0.8567589881928539,0.208014169202768,1.0542623856865847,-0.02988036858335441,0.047943729992680005
661388R2026,661388,28.582263512285724,29.402769272437773,137,45.361795113330146,90.34605543710022,70,-0.8567589881928539,0.3149038905994588,0.8006304701931022,-0.1474703063528544,0.05556076917970465
661531R2024,661531,22.270243116600728,24.94034013890536,22,44.39217314966801,82.27380952380952,72,-0.002812398946617945,-0.09858194061197983,-1.7534330257758546,0.22439878810818006,-0.4704409304607117
661531R2026,661531,21.567082712927544,26.247302911655314,23,42.34340737983036,87.23392857142858,72,-0.002812398946617945,-0.9722581247810593,-0.1840483549835629,0.11548522371235048,-0.5290376307668104
662139L2024,662139,31.52052648183373,26.526440168327188,124,44.20640925390268,84.5,68,-1.7107055774390898,-0.1777991424990946,-1.0490650108036752,0.09222378565636102,0.3004160166420385
662139L2025,662139,28.86245901739622,26.0126385987635,66,43.74508905158391,88.49659090909091,68,-1.7107055774390898,-0.37452464425028115,0.21545877339175915,0.1350405831200018,0.0789103946055792
662139L2026,662139,28.382406434200355,27.880725884977643,133,44.910790559425244,86.11798941798942,68,-1.7107055774390898,0.12257739652213119,-0.537132179006902,-0.020633357397843593,0.03890601267259056
663330R2025,663330,24.91696206615957,29.423045119288012,65,47.49422415422105,90.96082474226804,70,-0.8567589881928539,1.2242574608733943,0.9951438506868908,-0.14915996025704104,-0.24988101799747486
663330R2026,663330,26.766712697708737,25.510086092302835,86,44.42421336494396,91.02604166666667,70,-0.8567589881928539,-0.08491870324518963,1.0157785250656346,0.1769199586583904,-0.09573513203504429
663368L2024,663368,23.222902774920787,30.16108124143965,95,46.54950386179855,85.85527950310559,72,-0.002812398946617945,0.8213907045354094,-0.6202537551879688,-0.21066297043634416,-0.3910526256007068
663368L2025,663368,26.338281537375398,30.441413472273307,42,45.23903280703439,86.89041095890411,72,-0.002812398946617945,0.26255310218660377,-0.29273753563979016,-0.23402398967248228,-0.13143772872948922
663368R2024,663368,23.200821423465722,30.856775188546045,71,44.923647079171374,86.70333333333333,72,-0.002812398946617945,0.12805993399852766,-0.35192900967506213,-0.26863746602854377,-0.3928927382219622
663368R2025,663368,25.246135727521423,30.68311735252188,30,46.564052281727825,87.20588235294117,72,-0.002812398946617945,0.8275947363464773,-0.19292219549933665,-0.2541659796931966,-0.22244987955065376
663368R2026,663368,27.527320576805206,29.99311623633879,28,47.454309049957644,86.66222222222223,72,-0.002812398946617945,1.2072360538892624,-0.36493659012980545,-0.19666588667793908,-0.03235114211033855
663457L2024,663457,30.89136601680085,27.673014869998276,101,44.73585925553201,91.41648351648352,73,0.42416089567650006,0.04797964780570719,1.1393145628211168,-0.003324106149563022,0.24798597788929833
663457L2025,663457,29.120060462308203,27.945331609636227,126,45.14363193736273,90.98502538071065,73,0.42416089567650006,0.2218703316091961,1.0028009473473927,-0.02601716778605893,0.10037718168157787
663457L2026,663457,28.30628956681417,28.43216520234189,83,45.842769251744826,91.71911764705882,73,0.42416089567650006,0.5200106217449364,1.2350681850273038,-0.06658663384486403,0.032562940390408336
663494L2026,663494,31.868444451767935,28.0389332170095,62,45.07256003223172,85.49839999999999,67,-2.137678872062208,0.1915624107181686,-0.7331706461167765,-0.033817301733831684,0.32940918080322223
663527R2024,663527,23.6128673008537,28.736486730010732,84,45.70234951382404,89.79889502762431,76,1.705080779545854,0.4601299938006414,0.6275085852439668,-0.091946761150601,-0.358555581772964
663538R2024,663538,29.833038788439435,27.001648987126227,142,45.74408256435512,85.72779922779922,71,-0.42978569356973595,0.47792664624306164,-0.6605885915040911,0.05262305075644106,0.15979204219251386
663538R2025,663538,29.730784501107028,27.566132689091173,156,45.428204106666165,86.74609800362977,71,-0.42978569356973595,0.3432233582255312,-0.3383982420925929,0.005582742259362246,0.15127085158147993
663538R2026,663538,28.330215268098335,29.052066026928525,152,46.38367162519725,85.91594982078853,71,-0.42978569356973595,0.7506731643367922,-0.6010576299277495,-0.11824503589375042,0.03455674883075558
663550L2024,663550,26.09812102758035,27.521540569082084,34,43.82627344740941,91.50961538461539,74,0.851134190299618,-0.3399043503137431,1.1687815423039085,0.009298752260119633,-0.1514511045457431
663584R2025,663584,27.170828456497997,29.890786750324512,28,45.94930620452342,85.91346153846153,73,0.42416089567650006,0.5654422663706548,-0.6018449239630531,-0.18813842951008267,-0.06205881880260596
663586R2024,663586,29.04535711431344,27.946685449756146,103,44.67630383111407,93.32964169381108,73,0.42416089567650006,0.022582817812709786,1.744638968843193,-0.026129987796052134,0.09415190268201427
663586R2025,663586,28.812754665947047,28.17885610299141,101,44.880793695954736,92.2674740484429,73,0.42416089567650006,0.10978552660718668,1.4085684825405458,-0.04547754223232422,0.07476836531814819
663586R2026,663586,28.959626526633002,29.01160693650941,152,45.30954568141109,91.16305555555554,73,0.42416089567650006,0.2926226298638001,1.0591298024933513,-0.11487344502549075,0.08700768704197781
663604R2025,663604,26.982142442523998,30.70790447064874,51,48.13638261863911,84.83106796116505,72,-0.002812398946617945,1.4980996760667418,-0.9443149073777732,-0.2562315728704349,-0.07778265330043925
663604R2026,663604,29.440316864350084,31.21076792379387,33,47.751154752886976,82.26060606060605,72,-0.002812398946617945,1.3338230092359629,-1.7576106095301876,-0.2981368606325292,0.12706521518506797
663609R2024,663609,26.66091553156546,28.723405633407,21,46.62141859895076,91.00967741935484,76,1.705080779545854,0.8520580429230701,1.0106008673050686,-0.09085666976695676,-0.10455156254698394
663611R2024,663611,22.859415394610032,23.74708990748022,30,42.897601351246365,84.2671052631579,67,-2.137678872062208,-0.7359275098496065,-1.1227530465945985,0.32383630739360836,-0.42134324062660305
663616L2024,663616,28.129030305790582,25.339770941965135,109,42.70454910803728,92.02172284644195,75,1.278107484922736,-0.8182527564323638,1.330812653386764,0.19111288785319877,0.017791335305109495
663616L2025,663616,28.539327637966494,27.235680983633223,140,43.94529880271862,90.87855297157623,75,1.278107484922736,-0.28914714820851883,0.969113012611612,0.03312038438085807,0.05198277965310213
663616L2026,663616,29.501307466132936,25.268613216990648,119,43.19065811921238,87.56655737704918,75,1.278107484922736,-0.6109563088705119,-0.07880439942658897,0.19704269826773935,0.13214776533363892
663624R2024,663624,26.288267683999894,31.176549101509327,118,46.88630493315623,90.78708791208791,75,1.278107484922736,0.9650162371267492,0.9401734123931517,-0.2952852921088172,-0.13560554984411452
663624R2025,663624,25.585736357624757,31.196906904371094,85,46.30638092301297,90.72541666666666,75,1.278107484922736,0.717713298084507,0.9206605929903108,-0.29698177568063117,-0.19414982704204262
663647R2024,663647,31.80751249673291,26.474807762717308,91,43.65724574353041,88.9472602739726,71,-0.42978569356973595,-0.41198456637259034,0.35805083339090904,0.096526486123851,0.32433151788363696
663647R2025,663647,33.00469479193849,25.926414178962908,148,42.17399340621071,88.98053527980535,71,-0.42978569356973595,-1.0445030618041256,0.36857906538959617,0.14222595143671768,0.4240967091507685
663647R2026,663647,32.04309405890804,27.28452573644945,73,42.30242050197489,90.5377245508982,71,-0.42978569356973595,-0.9897365791622089,0.8612746938843242,0.029049988312839226,0.3439633147315642
663656L2024,663656,29.433928319717403,30.093711448213064,70,45.30544518094232,91.05911111111111,75,1.278107484922736,0.2908740114246024,1.02624171731656,-0.20504882100079533,0.12653283646567784
663656L2025,663656,27.808385890505892,30.247739829736332,135,45.66386522434212,89.98269230769232,75,1.278107484922736,0.4437187438275965,0.6856621559754005,-0.21788451946106768,-0.008929032635281331
663656L2026,663656,29.83065737837735,27.050955884533522,147,43.53587784797019,88.70284360189574,75,1.278107484922736,-0.4637407219247627,0.28071725031337647,0.0485141426391665,0.15959359135400675
663662R2024,663662,27.02220888717579,27.426441568373857,55,43.168025589062246,91.0702479338843,72,-0.002812398946617945,-0.6206077306536995,1.0297654147870823,0.017223668985805258,-0.0744437829127899
663697R2024,663697,29.798547711902383,27.517232092181136,144,45.13823332286875,86.94447115384615,70,-0.8567589881928539,0.219568145102404,-0.27563285721825015,0.009657792001865376,0.15691778581442625
663697R2025,663697,28.860651062522848,27.96411578102226,131,44.55867851191713,87.66539440203562,70,-0.8567589881928539,-0.027577352544780838,-0.04753230485964777,-0.027582515401561796,0.07875973169946497
663698R2024,663698,29.30018643060334,26.987686734074224,75,44.07102108125379,88.1022346368715,74,0.851134190299618,-0.23553410849810097,0.09068421001731405,0.05378657184410803,0.11538767903950593
663698R2025,663698,30.770092473181943,28.65765815717022,86,45.769790396354566,88.38385416666667,74,0.851134190299618,0.4888895005113253,0.17978879980904858,-0.08537771341389178,0.23787984925438957
663698R2026,663698,31.010004246760644,26.409566749680092,42,43.76978115676174,85.81025641025641,74,0.851134190299618,-0.36399493678031736,-0.6344990890339528,0.10196323721028566,0.25787249705261467
663728L2024,663728,28.897771480409155,25.265840331078955,138,44.247797615746485,90.99076923076923,74,0.851134190299618,-0.16014947918615643,1.004618304984724,0.19727377209371375,0.08185309985665719
663728L2025,663728,29.482852738230434,24.13607246098439,140,42.84989935615451,91.10487804878048,74,0.851134190299618,-0.7562695604942771,1.040722404114167,0.2914210946015941,0.13060987134176383
663728L2026,663728,30.210556215426557,24.78472428255001,107,42.95663081277467,89.44207650273223,74,0.851134190299618,-0.7107549716020103,0.5146109878588504,0.23736677613779258,0.19125182777477404
663728R2024,663728,26.313876899088992,26.436019683498376,83,45.00748439364331,90.86347826086956,74,0.851134190299618,0.16381153922210967,0.964343365013933,0.099758826058762,-0.1334714485866897
663728R2025,663728,26.68564420245021,25.346573338235338,87,43.95798700632595,91.63145161290322,74,0.851134190299618,-0.2837363875081909,1.2073305987250156,0.19054602149734853,-0.10249083997325492
663728R2026,663728,27.51648991137436,24.83704442482445,81,44.05752561071439,90.8680412371134,74,0.851134190299618,-0.24128912030960767,0.9657870934610798,0.23300676428158903,-0.03325369756290897
663743R2024,663743,31.16824441300096,27.314703419396494,98,45.338396416824516,81.90035842293906,71,-0.42978569356973595,0.30492574464518046,-1.8715931802741481,0.02653518140058549,0.2710591775726409
663743R2025,663743,30.836090304695787,27.691765573019282,82,45.71549063856871,85.54655172413793,71,-0.42978569356973595,0.4657338983033623,-0.7179354114361547,-0.004886664734646828,0.2433796685472099
663743R2026,663743,30.15958183835445,28.60954497556707,97,45.95960785211886,83.9605577689243,71,-0.42978569356973595,0.5698353035320244,-1.2197448594324232,-0.08136828161362904,0.18700396301876498
663757L2024,663757,33.622791345843915,29.20319381058744,64,44.862841233558015,87.9112,70,-0.8567589881928539,0.10212987408012934,0.030240735209904553,-0.13083901786532662,0.4756047553095539
663757L2025,663757,33.26117797793128,31.02103132356793,134,46.77344158369198,90.63715083798883,70,-0.8567589881928539,0.9168867623257885,0.8927332313379198,-0.2823254772803674,0.4454703079835012
663757L2026,663757,33.27710910182109,31.397411265837118,115,46.10140462244691,90.64578313253013,70,-0.8567589881928539,0.6303031535183733,0.8954644945589877,-0.31369047246946646,0.4467979016409851
663837R2024,663837,37.080906725644695,27.98926416459956,137,44.937870167718415,89.35739348370927,73,0.42416089567650006,0.1341252314140846,0.4878172293512111,-0.029678214033003414,0.7637810369596189
663837R2025,663837,36.867007343014684,27.61811414335308,31,44.95270096995429,92.24848484848485,73,0.42416089567650006,0.14044968240617364,1.4025602881728947,0.0012509544042034193,0.745956088407118
663837R2026,663837,36.75537618813757,26.572849160043187,83,44.70516948814765,87.65090090090091,73,0.42416089567650006,0.03489229577349578,-0.05211805739674482,0.08835636968002773,0.7366534921673583
663853R2024,663853,27.191632339143894,27.52981991728795,85,45.54845974246016,91.00275862068965,72,-0.002812398946617945,0.3945052014465111,1.008411755216989,0.008608806576297626,-0.0603251619154479
663853R2025,663853,28.188397749456886,28.552208155551853,91,45.47998405478493,93.30504201680672,72,-0.002812398946617945,0.3653044121726885,1.7368556161400726,-0.07659021327902771,0.022738622277301463
663886R2024,663886,26.58862271650711,30.893411043958594,131,46.69405554364304,90.22492668621702,75,1.278107484922736,0.8830333596736415,0.7623052600513084,-0.27169045397958946,-0.11057596380184649
663886R2025,663886,27.070715466548815,29.31416265262158,87,45.7876115360814,90.54838709677419,75,1.278107484922736,0.496489151766392,0.8646483298573212,-0.14008642136817162,-0.07040156796503776
663886R2026,663886,27.92719039551801,28.45754916322804,124,44.13566592063908,90.94532374100719,75,1.278107484922736,-0.2079669471213093,0.9902393244996816,-0.06870196391871009,0.0009713427823951903
663898R2024,663898,28.22012215886266,28.56336561587872,123,46.11793933094542,89.13027027027026,72,-0.002812398946617945,0.6373542187206548,0.41595530706058087,-0.07752000163959998,0.025382323061116097
663898R2025,663898,25.2974946039309,28.690472815587093,36,44.62458033277958,90.49000000000001,72,-0.002812398946617945,0.0005258363255907461,0.846174617075477,-0.08811226828196439,-0.21816997318319734
663968L2025,663968,26.451699782787546,28.707176948605643,100,44.282143598649604,88.16188340807174,71,-0.42978569356973595,-0.14550296969927093,0.10955711735170462,-0.08950427936684353,-0.12198620827847684
663968L2026,663968,29.46487115653894,29.591680581921747,107,45.17193805571037,83.17759336099584,71,-0.42978569356973595,0.23394119975366295,-1.4674752723080415,-0.16321291547651887,0.129111406200806
663968R2025,663968,26.5091137352648,28.03606557278884,74,45.72465148136079,84.07053571428571,71,-0.42978569356973595,0.46964045038080615,-1.1849477709112768,-0.03357833138210994,-0.11720171223870561
663968R2026,663968,29.643684075283822,27.78316583682561,56,45.09390855014834,84.20215053763441,71,-0.42978569356973595,0.2006662780053192,-1.1433047610904474,-0.012503353385174165,0.14401248276287948
663993L2024,663993,27.025258522827677,29.9791012919859,138,45.9148528642882,88.93360881542701,76,1.705080779545854,0.5507499753963826,0.3537315036389955,-0.19549797464853155,-0.07418964660846594
663993L2025,663993,26.201552923168116,29.94565628170559,149,45.198176907363106,89.03420365535247,76,1.705080779545854,0.24513050217487473,0.38555977191727564,-0.19271089045850567,-0.1428317799134294
663993L2026,663993,27.426672079735976,28.93452809405272,115,44.10854527878302,89.43795620437956,76,1.705080779545854,-0.21953228037602038,0.5133073229645809,-0.10845020815409996,-0.04073851686610771
664023L2024,664023,29.824464489634614,27.738257156925947,137,44.255952594211784,91.70067567567568,70,-0.8567589881928539,-0.15667186814226036,1.2292331341121885,-0.008760963393535567,0.15907751729211217
664023L2025,664023,31.633224964633843,26.105316427955344,144,43.271303754902235,90.10631229235881,70,-0.8567589881928539,-0.5765657639401436,0.7247755939950574,0.127317430687348,0.30980755687538125
664023L2026,664023,30.817100413783017,25.844823849523607,143,41.79526487793118,90.00676691729323,70,-0.8567589881928539,-1.2060081495474901,0.693279377034061,0.14902514555665944,0.24179717763781236
664023R2024,664023,25.66371668003179,32.91269724238055,80,49.373346124716434,87.69056603773586,70,-0.8567589881928539,2.0255907010811236,-0.03956798407873881,-0.43996430384808605,-0.18765146684145653
664023R2025,664023,30.20280695781738,28.29892506042049,94,45.43370971789585,89.41487603305785,70,-0.8567589881928539,0.34557117244689645,0.5060047427797492,-0.055483288684747535,0.19060605630734262
664023R2026,664023,29.79107610335763,27.2106299590779,75,44.58860712446826,87.20493827160495,70,-0.8567589881928539,-0.014814587568860994,-0.19322090340590797,0.03520796976046844,0.15629515176903
664034R2024,664034,29.543280524803784,26.64952303977889,131,43.73246285043037,88.69351351351351,70,-0.8567589881928539,-0.3799089646088002,0.277765204698416,0.08196687970205237,0.13564552022287626
664034R2025,664034,28.277188893646557,26.467725632133202,134,44.03855906268594,89.46280991735537,70,-0.8567589881928539,-0.24937721976554028,0.5211710528029271,0.09711666367252647,0.030137884293107337
664034R2026,664034,29.226217348315377,26.331305743547322,122,44.145504544047384,91.83374233128833,70,-0.8567589881928539,-0.20377136210939895,1.2713355045406434,0.10848498772134985,0.10922358884884235
664040L2024,664040,27.69717239702553,26.11095173749422,102,42.845487627837166,89.82581818181818,69,-1.2837322828159718,-0.7581508990145867,0.6360270875370747,0.12684782155910845,-0.018196823758644953
664040L2025,664040,27.043989468262247,26.663000423439783,133,43.52298303738072,91.1232044198895,69,-1.2837322828159718,-0.46923958815791234,1.0465208790325387,0.08084376439697809,-0.07262873448891849
664040L2026,664040,27.321026567227083,24.838277835638998,143,40.97848765267466,91.01326530612243,69,-1.2837322828159718,-1.5543148325192946,1.0117360768513592,0.23290398004704352,-0.04954230957518213
664056R2024,664056,26.073313776351362,27.46665849417407,125,45.3783370642884,87.21501597444089,71,-0.42978569356973595,0.32195804427807406,-0.19003231212499486,0.013872258502454216,-0.15351837548149216
664056R2025,664056,27.418819987300854,27.225488153010915,134,46.232604647167825,87.23099041533546,71,-0.42978569356973595,0.6862521246738921,-0.18497798935093868,0.03396978693271713,-0.04139285790236791
664056R2026,664056,25.222310452161302,26.617845589500313,30,45.65207154923826,89.22191780821917,71,-0.42978569356973595,0.4386894460846502,0.4449526435744946,0.08460666722526729,-0.22443531916399717
664059L2025,664059,20.81311919621528,29.375454465260773,36,45.758706728231324,88.73559322033897,71,-0.42978569356973595,0.48416297832168653,0.29107924942381685,-0.14519407242143778,-0.5918679238261658
664059R2025,664059,17.668207603043204,30.501415335750902,40,47.90048636067357,86.32615384615384,71,-0.42978569356973595,1.3975040171811328,-0.4712688278596538,-0.23902414496228186,-0.8539438899238387
664059R2026,664059,19.97019114185372,29.495558344828474,22,43.78617352489843,81.78095238095239,71,-0.42978569356973595,-0.35700457123731283,-1.9093733242777131,-0.15520272905207952,-0.6621119283562956
664238R2024,664238,24.17944996020339,28.302387716926958,124,44.48665868938427,88.25577689243028,73,0.42416089567650006,-0.058289503568286286,0.13926507266989158,-0.05577184339361985,-0.31134036016049
664238R2025,664238,22.56854890402608,30.166110233620834,89,45.7770692001396,84.79285714285714,73,0.42416089567650006,0.4919934754067709,-0.9564048334330031,-0.21108205311810954,-0.44558211484193233
664314L2024,664314,30.052816695098798,26.87710707596224,31,44.43553917163849,87.67758620689655,73,0.42416089567650006,-0.0800889234230204,-0.043674810417609365,0.06300154335344003,0.1781068677474608
664702R2025,664702,29.13449207708623,25.972456358813115,99,43.211389481010876,84.03231441048035,69,-1.2837322828159718,-0.6021156217917862,-1.197041014584252,0.13838910311586705,0.10157981624641337
664702R2026,664702,28.263818507637218,25.047132866576995,117,40.73000708254142,84.21044176706827,69,-1.2837322828159718,-1.6602769486138877,-1.14068141107594,0.21549939413554378,0.029023685458995807
664728L2024,664728,27.25617504013941,27.447077642212882,124,44.39988629470757,86.19672131147541,70,-0.8567589881928539,-0.09529274512398647,-0.5122213602234937,0.015503996165886491,-0.05494660349915481
664728L2025,664728,28.45148688280447,26.249693163333582,122,43.27178954547419,83.67831715210356,70,-0.8567589881928539,-0.5763586032878808,-1.309045961535216,0.11528603607249484,0.0446627167229335
664728L2026,664728,27.393194319708073,27.295054699785457,92,44.852345686347846,83.23783783783783,70,-0.8567589881928539,0.09765415031885537,-1.4484138833478108,0.028172574701505287,-0.04352833020176631
664761R2024,664761,25.03642172830062,28.878881879865492,134,46.06732227428906,90.425,76,1.705080779545854,0.6157690684977963,0.8256085777078364,-0.10381302363849769,-0.23992604615238733
664761R2025,664761,25.711338414416115,29.73063745300505,117,45.00463088284553,90.80025906735752,76,1.705080779545854,0.1625946873681835,0.9443407738976427,-0.1747926547334607,-0.1836829889760961
664761R2026,664761,25.499135388388297,29.759988691618265,147,45.57329990296679,90.57356076759062,76,1.705080779545854,0.405098045667692,0.8726132945502229,-0.17723859128456207,-0.20136657447841433
664770L2024,664770,27.82795106021459,30.00530865311302,21,44.939725502054124,86.51830985915493,71,-0.42978569356973595,0.13491642064940068,-0.41047054896567864,-0.1976819214091249,-0.007298601826223106
664770L2025,664770,26.826366117631384,30.682151614163104,123,46.28155515105678,86.46626865671642,71,-0.42978569356973595,0.7071265897203495,-0.4269364169362848,-0.25408550149663195,-0.09076401370815705
664770L2026,664770,27.442066362987067,30.08918460941591,116,45.924693411746105,85.02794117647059,71,-0.42978569356973595,0.5549463809004821,-0.8820241028176645,-0.20467158443436576,-0.039455659928516816
664774L2024,664774,30.36657351600139,24.193917972944412,109,41.68171436429693,90.1004081632653,71,-0.42978569356973595,-1.2544306588079184,0.7229075239740005,0.28660063527159235,0.2042532694893436
664774L2025,664774,31.624025990924842,23.11336839335842,74,39.53888569198312,89.07142857142857,71,-0.42978569356973595,-2.168219050490965,0.3973377579092452,0.37664643357042493,0.30904097573296446
664774L2026,664774,32.66723964802344,22.246739699467238,52,39.66986112466699,85.36111111111111,71,-0.42978569356973595,-2.1123658544195543,-0.7766089337110492,0.4488654913946902,0.3959754471578476
664901R2024,664901,27.764441575938598,30.722216484751172,45,48.45356277314737,82.16020408163266,70,-0.8567589881928539,1.6333580599994704,-1.7893778564864258,-0.25742424071230435,-0.01259105884922255
664913L2024,664913,28.789256959733567,27.809315605168003,114,44.042242058312056,89.54230769230769,73,0.42416089567650006,-0.24780664219522583,0.5463241969461402,-0.014682500747040214,0.07281022313369157
664913L2025,664913,31.23465197578013,26.137109499939406,34,42.9747073590387,87.16904761904762,73,0.42416089567650006,-0.7030464047197315,-0.2045767276124337,0.1246680080220095,0.27659314113757194
664954L2026,664954,31.09271602001191,28.491399090128226,68,44.46011143880911,86.24350282485877,71,-0.42978569356973595,-0.06961031970263964,-0.4974196610554994,-0.07152279116039217,0.26476514482355346
664983L2024,664983,30.214362013273036,31.23199084821104,123,48.672673824875645,81.79514824797843,72,-0.002812398946617945,1.7267958313648148,-1.9048817433528606,-0.2999054376672934,0.1915689775953139
664983L2025,664983,30.366154108945814,32.331779094025975,65,49.09304200011796,81.5364705882353,72,-0.002812398946617945,1.9060577405097188,-1.9867275115652507,-0.3915544581518713,0.2042183189013788
664983L2026,664983,30.715919545574778,30.577021618535674,137,47.53141077743547,82.74729729729731,72,-0.002812398946617945,1.2401153337207524,-1.6036212074736298,-0.24532466852767953,0.2333654386204591
665019L2024,665019,31.930899966520524,26.89650678001325,42,45.02291728787214,89.41882352941177,72,-0.002812398946617945,0.17039274647334066,0.5072537330169529,0.06138490134918909,0.3346138070326046
665019L2025,665019,31.918989198867386,27.656895398165968,110,44.102712564902944,90.66782945736433,72,-0.002812398946617945,-0.2220195843329279,0.9024399650890187,-0.001980816830204013,0.3336212430615098
665019L2026,665019,32.619775059912804,26.267342879787137,136,43.93001713274438,91.25736040609138,72,-0.002812398946617945,-0.2956638673510295,1.0889679143191835,0.11381522636803194,0.39202006481529467
665052L2024,665052,31.22430320805616,29.47303604775474,29,45.87240348659055,89.10769230769232,73,0.42416089567650006,0.5326478522189858,0.40881162602644294,-0.1533258709626016,0.27573074382724094
665052L2025,665052,30.85335574743517,30.325642754841628,24,46.909175311002855,90.88333333333333,73,0.42416089567650006,0.9747690867407515,0.9706255219668126,-0.22437642988650897,0.2448184554421585
665052L2026,665052,30.169993627395378,29.53561379254854,87,46.541590206178824,90.96327683615819,73,0.42416089567650006,0.8180160032657681,0.9959196946788569,-0.15854068302875154,0.18787161210550915
665155L2025,665155,29.986158532018145,22.869285021779962,23,41.45404662956566,89.00571428571428,73,0.42416089567650006,-1.3515173442000685,0.3765457181089947,0.3969867145352965,0.17255202082407303
665161R2024,665161,28.69473309720896,28.162972423702985,149,46.93066411404209,87.7608870967742,72,-0.002812398946617945,0.9839327772504606,-0.017318358408641703,-0.04415390229162212,0.06493323458997431
665161R2025,665161,30.156880464510753,26.302606127584863,124,45.276023703016655,88.44203980099502,72,-0.002812398946617945,0.2783275090644288,0.1981987697510153,0.11087662238488812,0.18677884853179036
665161R2026,665161,28.230977464093712,27.427818224899386,106,43.76666007433401,88.5993690851735,72,-0.002812398946617945,-0.36532589194663107,0.2479778505525061,0.0171089476086778,0.026286931830370303
665487R2024,665487,26.450454377475026,29.24494559559615,92,46.62474405682537,93.52649006622516,75,1.278107484922736,0.8534761520057565,1.8069219130973964,-0.13431833328271914,-0.1220899920545202
665487R2025,665487,26.270397025693036,28.95572275698993,153,46.68237664768935,93.12844827586207,75,1.278107484922736,0.8780530083800269,1.680981249550134,-0.11021643006553401,-0.13709477136968604
665487R2026,665487,26.835422688813704,29.514332625376763,152,46.89035532258879,92.24448979591837,75,1.278107484922736,0.9667434862032092,1.4012962511212328,-0.1567672524311036,-0.0900092994429637
665489R2024,665489,27.673441769026883,29.26734722075583,152,46.726514475668196,93.75095785440612,72,-0.002812398946617945,0.8968751547150485,1.8779436572281039,-0.1361851353793592,-0.020174376091865415
665489R2025,665489,27.863833402725017,29.000695389940198,153,45.66971479004287,91.96471774193549,72,-0.002812398946617945,0.44621323407910163,1.3127762037954396,-0.11396414947805648,-0.004308406617020921
665489R2026,665489,28.65742059208261,28.68256644597884,141,45.621735345729114,90.5308533916849,72,-0.002812398946617945,0.42575286791927713,0.8591006549476764,-0.08745340414794327,0.06182385916277836
665506R2024,665506,28.80565648161168,27.89675270516956,60,43.35500915166719,88.17352941176472,74,0.851134190299618,-0.5408704137363182,0.11324191997363296,-0.021968925747170093,0.07417684995686773
665561L2025,665561,25.762081107868433,27.893623355255663,36,46.292679335018846,84.22063492063492,69,-1.2837322828159718,0.7118703894943686,-1.1374562911139088,-0.021708146587678574,-0.17945443118840299
665561L2026,665561,26.589550961988447,25.644175625568863,25,44.23808538822609,82.8826923076923,69,-1.2837322828159718,-0.1642911639042068,-1.5607821441818621,0.1657458308862214,-0.11049861001173511
665561R2025,665561,27.17408263531391,28.38304490499317,21,42.414567518807225,86.51851851851852,69,-1.2837322828159718,-0.9419125774268711,-0.4104045290166618,-0.06249327573247084,-0.061787637234613335
665742L2024,665742,25.452474229746453,29.442927818591063,147,47.28990496516999,93.49673913043478,73,0.42416089567650006,1.1371275351050627,1.797508698994486,-0.15081685186562854,-0.20525500436523458
665742L2025,665742,24.877803332262335,30.230035167009166,156,46.48134488990317,93.32937219730943,73,0.42416089567650006,0.7923249756174762,1.7445536999868458,-0.21640913090047054,-0.25314424582224443
665742L2026,665742,23.817940133450367,28.71863866053878,104,45.536239031044346,92.27578616352201,73,0.42416089567650006,0.38929379823254273,1.4111984407858573,-0.09045942202793829,-0.3414661790565751
665750L2024,665750,30.079119729762798,27.378604743935213,136,44.78072261546916,88.69240924092409,74,0.851134190299618,0.06711119016937907,0.27741581218231554,0.021210071022358907,0.18029878730279414
665750L2025,665750,29.724791784945733,27.258665675283982,50,45.5447793781768,85.07714285714286,74,0.851134190299618,0.3929357459866541,-0.8664566612536679,0.031204993409961485,0.15077145856803872
665750L2026,665750,27.26141690415765,26.085107955699463,117,43.101722180204966,84.88544600938967,74,0.851134190299618,-0.6488821728084124,-0.9271096599851147,0.1290014700420047,-0.05450978149763497
665750R2024,665750,29.610780916806885,29.799752444310148,49,44.881199286554036,85.24264705882354,74,0.851134190299618,0.10995848676317331,-0.8140910316032973,-0.18055223734221895,0.14127055288980137
665750R2026,665750,27.76083186194036,29.911364938483036,78,45.785941313122976,81.90107526881721,74,0.851134190299618,0.4957769014728199,-1.871366369804141,-0.189853278523293,-0.012891868349075667
665804R2024,665804,29.215585751358027,27.59571986581701,103,45.55079183576997,87.03369963369964,73,0.42416089567650006,0.39549969989725536,-0.24740091215084642,0.0031171441988758395,0.1083376224357299
665804R2025,665804,29.184533114726403,27.033336676367956,28,43.38771293761536,85.69473684210527,73,0.42416089567650006,-0.5269242031271154,-0.6710495503620884,0.04998240998629703,0.10574990271642785
665804R2026,665804,27.16022445594494,28.78475129750976,71,45.97748884895917,86.68344827586208,73,0.42416089567650006,0.5774604802694416,-0.3582206539024711,-0.09596880844218673,-0.06294248551536057
665828L2024,665828,27.73492886911885,24.82159957293835,77,43.74924448816889,86.56927083333333,72,-0.002812398946617945,-0.3727525988400291,-0.39434646587081273,0.2342938352720975,-0.015050451084201555
665828L2025,665828,25.183303893396424,26.720242298260693,32,43.641343999589964,86.81449275362318,72,-0.002812398946617945,-0.418765710011389,-0.3167581017709886,0.07607360816190223,-0.22768586572773705
665828R2024,665828,25.990371073877668,26.940901796287335,40,42.31169006167626,89.76734693877552,72,-0.002812398946617945,-0.9857836658189435,0.6175267508249206,0.057685316659682094,-0.16043026735430002
665833L2024,665833,26.17221560587801,28.42262529984734,140,46.13753832893309,95.48066298342542,79,2.986000663415208,0.6457120202944105,2.425223407656014,-0.06579164197031832,-0.14527655635427164
665833L2025,665833,27.974736916468597,26.770399767485213,133,46.246699479125404,95.83566666666667,79,2.986000663415208,0.6922627283175568,2.537546788043639,0.07189381905985896,0.004933552861610717
665833L2026,665833,28.054275392766993,26.381838505925884,92,43.71899791378756,93.92081447963801,79,2.986000663415208,-0.38565095553785733,1.9316863963261488,0.10427392418980297,0.01156175921981036
665839L2024,665839,30.953588205712826,25.298984632627377,64,44.31338359885578,88.98675496688742,68,-1.7107055774390898,-0.1321809762457513,0.3705469781493523,0.19451174696467857,0.2531711602986298
665839L2025,665839,29.942405969585252,23.348699514904144,30,40.26463908199582,89.80933333333333,68,-1.7107055774390898,-1.8587285944471226,0.6308112714923214,0.357035506774948,0.1689059739546653
665862L2024,665862,22.362401555844084,25.552148776363268,137,42.67740067772468,88.82262773722627,71,-0.42978569356973595,-0.8298299398033904,0.31861702327993174,0.1734147349866877,-0.46276106052376537
665862L2025,665862,30.3311483972166,25.859190044412884,129,43.511658090212876,88.32946708463949,71,-0.42978569356973595,-0.47406900144330777,0.16258069411579007,0.14782796264921969,0.20130117625727775
665862L2026,665862,27.9402484259494,25.949608528555345,131,42.02785349894079,89.06153846153846,71,-0.42978569356973595,-1.1068230001875767,0.3942085211500111,0.14029308897068127,0.0020595119850108645
665877R2024,665877,30.334340406406604,25.91824624331936,31,43.30250546575864,84.605,70,-0.8567589881928539,-0.5632600986064566,-1.015842947209799,0.14290661274034674,0.20156717702311125
665877R2025,665877,33.836682473883975,26.140908030011136,26,42.97610811514632,83.18039215686274,70,-0.8567589881928539,-0.7024490659370024,-1.4665897316006489,0.12435146384936531,0.4934290159795589
665877R2026,665877,31.364024500652487,28.43650079760853,107,46.23838886479977,85.79244604316547,70,-0.8567589881928539,0.6887187478786904,-0.6401342999684826,-0.06694793345041757,0.2873741848769349
665923R2026,665923,28.087741786679565,27.660435508996287,88,45.550202770945944,79.88914728682171,71,-0.42978569356973595,0.39524849894726843,-2.507941601843673,-0.002275826066063876,0.014350625379191406
665926L2024,665926,24.218154511378057,28.93781234193129,141,47.31400590494032,85.43959595959596,71,-0.42978569356973595,1.1474051458517045,-0.7517762801156277,-0.10872389547731427,-0.3081149808959343
665926L2025,665926,26.892535657610114,29.305076522829737,96,48.48527252158371,85.59056603773585,71,-0.42978569356973595,1.6468803730050314,-0.7040092559562395,-0.13932924388551804,-0.08524988537659617
665926L2026,665926,26.042469122881506,28.216854718105164,138,46.301798607852675,84.03709677419354,71,-0.42978569356973595,0.7157592144684833,-1.1955278718089317,-0.04864409349180369,-0.15608876327064683
665953R2024,665953,29.00276704395475,27.227542162745234,32,44.8937262561564,87.8319587628866,72,-0.002812398946617945,0.11530049079434235,0.005168759794299996,0.03379861945485718,0.09060273015212357
665953R2025,665953,27.104330495550908,27.6620611559233,25,45.527315703241825,86.01333333333334,72,-0.002812398946617945,0.38548853210628675,-0.5702454275776679,-0.0024112966433150382,-0.06760031554819672
665953R2026,665953,26.214162462511553,27.379925682749093,76,45.72396789921666,89.54014598540147,72,-0.002812398946617945,0.46934894344134065,0.545640231571761,0.02109999278786893,-0.14178098496814298
665966R2025,665966,25.07950118405331,29.17863400831188,116,46.88142206694638,90.67939189189188,71,-0.42978569356973595,0.9629339864464425,0.9060983263763921,-0.1287923676756968,-0.23633609150632987
665966R2026,665966,25.894540693014825,28.39182515346463,85,45.26428617402835,86.81125,71,-0.42978569356973595,0.27332215428495615,-0.31778411098135695,-0.06322496310509251,-0.1684161324262036
666018L2024,666018,28.956312349594867,29.943759711575698,43,46.03732221978976,91.86907216494845,72,-0.002812398946617945,0.6029758377997388,1.2825138853084275,-0.1925528429476815,0.08673150562213323
666018L2025,666018,27.28190657294706,29.394410409126355,106,46.147333658135906,92.97946768060837,72,-0.002812398946617945,0.6498891429145698,1.6338436989808778,-0.14677373441023622,-0.05280230909851724
666018L2026,666018,26.45239539515085,29.806990195547055,149,47.281423609478324,91.08325358851675,72,-0.002812398946617945,1.133510743675625,1.0338804117897418,-0.1811553832786279,-0.12192824058153473
666023R2024,666023,28.92053693966489,25.13411228708904,94,43.07511506341038,86.36304347826088,70,-0.8567589881928539,-0.6602285183082582,-0.4595969259185631,0.20825110909287345,0.08375022146130166
666023R2025,666023,29.037416909125966,27.757276614025145,101,44.259119063066,85.93831417624521,70,-0.8567589881928539,-0.155321558376951,-0.5939815343161484,-0.010345918151802044,0.09349021891639146
666023R2026,666023,27.13885009656284,25.87734905064848,75,42.73907242303598,85.53240223463686,70,-0.8567589881928539,-0.8035306254025574,-0.7224123184840142,0.1463147121295867,-0.06472368213053563
666126L2025,666126,21.114951195462147,31.09754709722885,37,45.872940588116876,89.79473684210525,67,-2.137678872062208,0.5328768939273845,0.6261929328273064,-0.2887017917521109,-0.5667152572222601
666126L2026,666126,19.788396265079516,31.406670250473244,112,48.50112857752417,88.36360294117648,67,-2.137678872062208,1.6536420334417592,0.17338129979867886,-0.314462054522477,-0.6772615014208127
666134L2024,666134,26.00067878393736,28.00599791816893,67,44.329830137745624,87.94615384615385,76,1.705080779545854,-0.12516751011330676,0.04130015330298901,-0.0310726934971175,-0.15957129151599236
666134L2025,666134,27.101672221652567,27.37445182863823,123,45.04313567244182,89.99508196721311,76,1.705080779545854,0.1790146794150949,0.6895822517516502,0.021556147297107604,-0.06782183837305844
666135L2024,666135,27.826788165178748,27.9858541308232,52,45.87075464499764,91.30956521739131,74,0.851134190299618,0.5319447198002383,1.105485548232636,-0.029394044551639926,-0.007395509745876734
666139L2024,666139,21.650408533168278,30.002369411580855,106,46.836489000004455,90.8073275862069,75,1.278107484922736,0.943772718210326,0.946577257542677,-0.19743698461477788,-0.5220938124134159
666139L2025,666139,24.431480339895685,30.902336973754373,108,47.21421600980741,87.89094076655053,75,1.278107484922736,1.104850718165583,0.023830701476368406,-0.2724342814625711,-0.29033782851946527
666139L2026,666139,25.0777480355479,30.201033018820418,103,46.42602302409956,87.41280788177339,75,1.278107484922736,0.7687335054123464,-0.12745083285114567,-0.2139922852180748,-0.23648218721511416
666149R2024,666149,27.910369681941365,25.061340970203805,84,41.5047549162836,86.07853658536585,74,0.851134190299618,-1.3298932898070697,-0.5496150791438416,0.21431538549997628,-0.0004303833489919621
666149R2025,666149,27.644881357640255,25.575289409524814,69,42.85766487940818,81.75129870129871,74,0.851134190299618,-0.7529580288276366,-1.918755766480064,0.1714863488898922,-0.022554410374084455
666150L2024,666150,31.521922206586392,25.932356791870518,65,43.072723962972056,83.5345238095238,68,-1.7107055774390898,-0.6612481797735537,-1.3545422622167442,0.14173073369441683,0.3005323270380937
666152L2024,666152,24.512890602605363,27.40407139742591,92,44.24939847009719,85.8018691588785,70,-0.8567589881928539,-0.15946681045890326,-0.6371528204497126,0.01908784989813424,-0.2835536399603254
666152L2025,666152,21.833564469047595,29.876038727691835,62,45.666032151730796,84.09548872180451,70,-0.8567589881928539,0.4446428088818766,-1.17705262421939,-0.18690942762402626,-0.5068308177568062
666152L2026,666152,22.621708426226686,29.882093009950296,103,44.27719354566158,79.771484375,70,-0.8567589881928539,-0.1476138715259607,-2.545170218407305,-0.18741395114556467,-0.44115215465854857
666158L2024,666158,33.56510220524525,27.369311046027324,131,43.36535226227931,88.31550151975684,71,-0.42978569356973595,-0.5364596950758092,0.15816198092859107,0.021984545848016346,0.4707973269263321
666158L2025,666158,33.18039056668194,26.48167064606432,138,42.36528039753959,88.30600600600602,71,-0.42978569356973595,-0.9629305896719681,0.15515759462681694,0.0959545791782667,0.4387380237127229
666160L2024,666160,25.411904017802854,31.372061346156208,117,48.41866869633702,87.67230215827338,73,0.42416089567650006,1.6184778212105424,-0.04534668660229501,-0.311577979162724,-0.20863585536053453
666160L2025,666160,25.672489087923378,30.88892070061612,130,46.807025580886545,89.57024539877301,73,0.42416089567650006,0.9312083304377063,0.5551637041924067,-0.27131625870104986,-0.1869204328504909
666160L2026,666160,26.28284963948352,30.110816763912577,112,47.112887338243986,89.66385964912281,73,0.42416089567650006,1.0616400942759285,0.5847833097011119,-0.20647426397575477,-0.13605705355381245
666163L2024,666163,29.4380069666852,28.730584174182397,100,45.90949200809169,85.95074626865672,70,-0.8567589881928539,0.548463890547348,-0.5900480127475788,-0.09145488149823973,0.12687272371299438
666163L2025,666163,27.04496794246057,27.019952226443767,39,44.24205248200945,78.24615384615385,70,-0.8567589881928539,-0.16259943544509617,-3.027785721559741,0.05109778081331277,-0.07254719497239155
666176R2024,666176,25.063736084180093,28.636173008996547,122,47.3419330222254,89.82688172043011,74,0.851134190299618,1.1593143926888376,0.6363635917980279,-0.08358728439941891,-0.23764984982909798
666176R2025,666176,26.01750126783057,28.140036202173707,149,46.04843061551283,91.71706666666667,74,0.851134190299618,0.6077129048331954,1.2344192535890373,-0.04224255049751561,-0.15816941785822478
666176R2026,666176,25.627057728171746,27.54942048652568,153,45.25417860449323,90.10997679814386,74,0.851134190299618,0.269011879819872,0.7259350458448781,0.00697542580648669,-0.19070637949646022
666181L2024,666181,26.338109622671666,31.262094071453966,118,47.776730200083314,88.83697916666667,76,1.705080779545854,1.3447294092958806,0.3231578242469016,-0.3024140396042038,-0.13145205495480017
666181L2025,666181,27.13986593353408,31.619685111363733,84,47.82681207722614,92.38698224852071,76,1.705080779545854,1.3660863374339534,1.4463809494260154,-0.3322132929300177,-0.06463902904959913
666181L2026,666181,26.06434245132326,26.889287785265598,44,45.52627756918999,90.06909090909092,76,1.705080779545854,0.38504582996316544,0.7129987257857444,0.061986484244826855,-0.15426598590050075
666182R2024,666182,29.530180157212307,24.2040822697552,76,42.350662869579295,89.24979591836735,71,-0.42978569356973595,-0.9691640919289631,0.453773294509922,0.2857536105373599,0.13455382292358653
666182R2025,666182,27.61798174565516,25.138245995788154,137,43.481285277334976,90.95182926829268,71,-0.42978569356973595,-0.4870211913169935,0.9922976772729243,0.2079066333679472,-0.024796044706175618
666182R2026,666182,27.652819339669147,25.37824558538276,152,42.74619519241368,89.5939879759519,71,-0.42978569356973595,-0.8004931898585615,0.5626758699916418,0.1879066675683966,-0.021892911871676784
666185L2024,666185,28.410272149165532,26.396024785846436,61,42.956367567698194,86.0561797752809,73,0.42416089567650006,-0.7108672298978593,-0.5566887873952573,0.1030917341964237,0.04122815558635532
666185L2025,666185,29.45482446705699,25.387450939428025,67,42.04016163808172,88.29565217391304,73,0.42416089567650006,-1.1015743142727785,0.15188163588173983,0.1871395547312913,0.1282741820773102
666185R2024,666185,26.949939788628335,26.760832917689072,54,43.62623057213919,86.46756756756757,73,0.42416089567650006,-0.42521068377037186,-0.42652544075628857,0.07269105654287067,-0.08046620779174447
666185R2025,666185,27.980747669104918,26.03398914627277,36,42.26960583498981,86.41020408163266,73,0.42416089567650006,-1.0037300739083543,-0.4446752824486321,0.1332613708275625,0.005434448914637476
666211L2025,666211,29.83119350998295,26.320395115898826,46,43.15159635580318,89.00649350649351,73,0.42416089567650006,-0.6276138169686535,0.37679226403548477,0.10939420669205784,0.15963826898780673
666211L2026,666211,29.86978288252697,25.883590097140782,87,42.208097101690726,87.62360248447204,73,0.42416089567650006,-1.0299598734261768,-0.06075529288828545,0.1457946249218948,0.16285405003314177
666310L2024,666310,27.499213214359703,29.089174457640468,112,45.52393405725979,88.34,69,-1.2837322828159718,0.38404646215310106,0.16591331491517958,-0.12133740511974563,-0.034693422314130494
666310L2025,666310,27.208734372253055,31.156114106443155,119,47.70715531543415,88.37546468401487,69,-1.2837322828159718,1.3150598781912575,0.17713436241688105,-0.29358237585330293,-0.05889999248968447
666310L2026,666310,28.29188647360781,31.149780045759144,28,47.028001863295245,89.1,69,-1.2837322828159718,1.025441511238067,0.40637777521369983,-0.29305453746296867,0.031362682623211846
666397L2024,666397,27.696133631935567,27.288905056979836,86,43.789012590344704,87.81890243902438,73,0.42416089567650006,-0.35579387946267255,0.0010377310166546365,0.02868504493530703,-0.01828338751614182
666397L2025,666397,28.991300321470955,28.009823742254248,61,43.527638621935864,88.75040650406504,73,0.42416089567650006,-0.4672542595229371,0.29576618136649896,-0.03139151217089401,0.08964716994514059
666397L2026,666397,30.68797060600217,29.832651112029783,80,44.38467192917151,90.39151515151515,73,0.42416089567650006,-0.10178076294515112,0.8150139513669332,-0.18329379298552193,0.23103636032274188
666464R2024,666464,27.984151684309335,31.791041717385806,33,49.17228398878495,95.04556962025318,76,1.705080779545854,1.939849713854738,2.287559604031432,-0.3464930100985238,0.0057181168483388944
666624R2024,666624,27.139939873417784,28.324777804710468,145,43.96330805714434,89.22315789473684,72,-0.002812398946617945,-0.28146727727449766,0.4453450076997508,-0.057637684042245674,-0.06463286739262368
666624R2025,666624,27.442427419476804,26.443979689465337,97,43.06544775274568,91.4585798816568,72,-0.002812398946617945,-0.6643510486711987,1.1526338782578565,0.09909549222818193,-0.03942557188770538
666624R2026,666624,26.382666923284983,27.54751515000217,34,43.66045205931904,87.68833333333333,72,-0.002812398946617945,-0.41061726427066464,-0.04027441310395011,0.0071342038501125415,-0.12773894657035711
666703R2024,666703,30.866826924279493,25.06216685993844,22,42.007224016231994,87.54117647058824,68,-1.7107055774390898,-1.1156202419219665,-0.08683493360292696,0.21424656135542333,0.24594105351251874
666915R2024,666915,27.99924105712442,28.49860074648578,30,45.384989781592864,84.98048780487804,75,1.278107484922736,0.3247950306991126,-0.8970383783299652,-0.07212292919018844,0.006975564582929176
666969R2024,666969,28.449405390521942,26.334732313433957,147,44.55549548708685,91.04240196078432,72,-0.002812398946617945,-0.028934722444636823,1.0209549320331675,0.10819944023079693,0.04448925903272283
666969R2025,666969,29.057278094798395,25.23957942980374,134,44.57788666994905,92.12619047619047,72,-0.002812398946617945,-0.019386220858909023,1.3638662747106394,0.199462180533315,0.09514531772242722
666969R2026,666969,29.99907500909678,26.786650862214344,66,43.41781265915741,92.146,72,-0.002812398946617945,-0.5140884703905739,1.37013402004173,0.07053956116576465,0.17362839391395943
666971R2024,666971,29.005093439228332,25.670312139288974,125,43.793586498962554,88.3800959232614,75,1.278107484922736,-0.3538433807347004,0.17859968931941794,0.16356778807621217,0.090796596424922
666971R2025,666971,28.738075984068406,26.08569986452366,128,43.84703646946591,87.78657407407408,75,1.278107484922736,-0.33105016202672466,-0.009190983233487725,0.1289521443066549,0.06854514182826144
666971R2026,666971,29.11979785861728,27.754505767567142,49,45.239169492030875,87.30132450331126,75,1.278107484922736,0.26261139017048135,-0.1627242413171338,-0.010115014280301851,0.10035529804066752
667452R2024,667452,31.230146403760983,29.96527635568197,58,46.81373102472579,84.91774193548386,71,-0.42978569356973595,0.9340678015753443,-0.9168912094086923,-0.19434589662320403,0.2762176768026429
667472R2024,667472,31.713369252588937,26.854874406489962,39,45.08224010158608,89.93114754098362,72,-0.002812398946617945,0.19569038189990082,0.6693533605703725,0.06485426580946314,0.3164862475383057
667472R2025,667472,31.65928199524084,27.46576182515094,100,43.834713485711696,90.16536796536796,72,-0.002812398946617945,-0.3363051782821041,0.7434608447025739,0.013946980921048477,0.31197897609263087
667472R2026,667472,34.06387331072456,29.30663316588253,100,45.42134975394576,87.2819512195122,72,-0.002812398946617945,0.34030038634759663,-0.16885396004470402,-0.13945896413991754,0.5123615857162743
667670R2024,667670,30.440442444293947,26.88741936405912,140,43.72999346479705,91.90646900269543,75,1.278107484922736,-0.3809620100321123,1.29434626742119,0.06214218601203333,0.21040901351372318
667670R2025,667670,31.337624387063205,27.205367459675674,161,44.22776828419886,90.66913319238901,75,1.278107484922736,-0.168690792310191,0.9028524676404416,0.03564651137732048,0.28517417541116136
667670R2026,667670,31.093259409199067,26.334678022168177,47,42.260882005318045,89.85862068965517,75,1.278107484922736,-1.0074502660021405,0.6464058208837326,0.10820396450294527,0.26481042725581655
668227R2024,668227,18.146257207010887,24.156208177667715,147,43.068865902248675,90.37624020887728,70,-0.8567589881928539,-0.662893412147464,0.8101809502649502,0.2897431182113171,-0.8141064229265318
668227R2025,668227,22.566534026912837,24.22775945728014,158,42.33915602825261,91.14835680751173,70,-0.8567589881928539,-0.9740710722046705,1.0544791097099047,0.28378051157694834,-0.4457500212680359
668227R2026,668227,21.711989319789783,24.34287124387539,149,42.989079279028985,90.8748201438849,70,-0.8567589881928539,-0.6969176395865226,0.967931943669268,0.27418786269401085,-0.5169620801949572
668670R2024,668670,23.978487625276152,26.25570444657213,93,43.52874356207577,89.01698113207547,71,-0.42978569356973595,-0.46678306857501206,0.38011055512150943,0.11478509580261598,-0.32808722140442637
668670R2025,668670,28.76126808987302,28.843037629859058,44,44.59245440777312,88.92068965517242,71,-0.42978569356973595,-0.013173951119985008,0.34964387350987913,-0.10082600280462817,0.07047781731197933
668670R2026,668670,29.957700191293547,27.02869902094901,53,44.746039346508816,86.86145833333335,71,-0.42978569356973595,0.05232084833240877,-0.30189816390571084,0.05036888127120923,0.17018049243035657
668709L2024,668709,27.443450237011795,31.200894520850927,148,47.01088127434693,88.26651785714286,74,0.851134190299618,1.0181406030311335,0.14266352041028174,-0.2973140770539506,-0.039340337093122756
668709L2025,668709,26.98494558524802,31.464651846239946,95,46.82670780077719,88.74147465437788,74,0.851134190299618,0.9396016211804545,0.2929401387158541,-0.31929385416970213,-0.07754905807343733
668709L2026,668709,27.48368076194441,31.318459936942105,125,46.212938485617684,88.18835820895522,74,0.851134190299618,0.6778656818538612,0.11793376038585753,-0.30711119506154877,-0.03598779334873825
668715R2024,668715,27.830150631564404,26.140521093942855,152,43.5895619723211,87.93493150684931,69,-1.2837322828159718,-0.44084765059183184,0.037749398350156504,0.12438370852172209,-0.007115304213738701
668715R2025,668715,29.014621233628453,25.599903840850416,141,42.20014929301045,86.81868421052631,69,-1.2837322828159718,-1.0333491389354503,-0.3154319222682577,0.16943514627942532,0.09159057929159875
668715R2026,668715,28.124790610172948,25.838320399917908,96,43.29576074856963,89.38921161825726,69,-1.2837322828159718,-0.5661363174811332,0.49788450639303766,0.14956709969046766,0.017438027336973267
668723R2026,668723,30.742151953048772,27.40340289851891,84,42.814894249122894,88.63684210526316,73,0.42416089567650006,-0.7711971470383628,0.2598343368046288,0.019143558140384265,0.23555147257662531
668731L2024,668731,29.220818393260355,30.11421700400052,28,45.331680552908196,91.06808510638298,71,-0.42978569356973595,0.3020618299672844,1.0290810948557343,-0.2067576173164166,0.10877367592759057
668800R2024,668800,27.631506715925305,26.178017278513668,30,45.95832349246775,87.34347826086956,72,-0.002812398946617945,0.5692876008831411,-0.14938676689501482,0.12125902647415436,-0.02366896385033031
668800R2025,668800,27.508696777408343,24.936134188422002,30,44.85160679060294,83.4086956521739,72,-0.002812398946617945,0.09733905543372545,-1.394354367410825,0.22474928398179314,-0.033903125393410484
668800R2026,668800,27.166736753842752,26.153702781694147,24,44.64361173128847,86.7173076923077,72,-0.002812398946617945,0.008641590636523387,-0.34750751403191904,0.12328523454244777,-0.062399794023876375
668804L2024,668804,25.656257254978836,27.1493279643129,138,44.226902765584185,89.74079754601227,74,0.851134190299618,-0.16905988428338206,0.6091265068748326,0.040316469324218396,-0.18827308559586933
668804L2025,668804,26.593650959337197,26.938328793798924,146,44.11251223134596,91.13259493670887,74,0.851134190299618,-0.2178406121389801,1.0494920442416082,0.05789973353371636,-0.11015694356600599
668804L2026,668804,25.274824150392078,26.373802958995086,135,42.36757157673479,90.83882783882784,74,0.851134190299618,-0.96195353864643,0.9565439565502591,0.10494355310070287,-0.22005917764476587
668804R2024,668804,29.716236608954123,28.48397931672486,91,45.245059893190145,90.29148936170213,74,0.851134190299618,0.26512329430506876,0.7833657308888796,-0.07090447671011162,0.15005852723540455
668804R2025,668804,31.192901369717777,28.358276131585992,88,45.13689361474286,91.353,74,0.851134190299618,0.2189968396361765,1.1192283397565586,-0.060429211281872654,0.27311392396570905
668804R2026,668804,28.860085233408356,27.950142546612128,104,45.12257439478317,90.7301282051282,74,0.851134190299618,0.21289054791711412,0.9221513266131118,-0.026418079200717298,0.07871257927325725
668832L2024,668832,33.52040460345813,29.14103194873266,50,48.07984641329159,89.64197530864197,74,0.851134190299618,1.4739903626046496,0.5778590911185936,-0.12565886271076168,0.46707252677740535
668845R2024,668845,24.3735146261835,27.54522106679505,33,46.24975190631922,84.34603174603176,73,0.42416089567650006,0.6935644061288554,-1.0977806596110171,0.007325377450705754,-0.2951683046621474
668885R2024,668885,29.704107805034862,26.484274337749476,74,42.95922087620136,85.95372340425531,70,-0.8567589881928539,-0.709650464310499,-0.5891060452410622,0.09573760487117038,0.14904779357546616
668885R2025,668885,33.605899912763995,26.74292183072287,45,44.097294345767935,84.97165354330708,70,-0.8567589881928539,-0.2243301310477151,-0.899833544041538,0.07418364712338743,0.4741971358862272
668885R2026,668885,31.34624631289288,26.162997806805322,99,43.092530401803316,85.62936170212767,70,-0.8567589881928539,-0.6528019170748924,-0.6917342842458449,0.1225106491165165,0.285892669230301
668901R2024,668901,27.184974746911607,29.795821472180247,108,46.14977285957201,91.17836879432623,75,1.278107484922736,0.6509293165813155,1.0639749205149511,-0.18022465633139392,-0.06087996126813847
668901R2025,668901,26.60950879261425,28.75551966554978,118,46.223316533934934,91.43290734824281,75,1.278107484922736,0.6822912993580309,1.1445110731369454,-0.09353283911218835,-0.1088354574595849
668901R2026,668901,27.243570165215946,27.59903533277687,83,45.01206094022978,89.85329949238577,75,1.278107484922736,0.1657631628860761,0.6447221908448809,0.002840855285554037,-0.05599700974277688
668904R2024,668904,21.031406413319704,26.851122996100905,77,45.57990028384761,86.80582959641256,72,-0.002812398946617945,0.40791271373122245,-0.3194991299593215,0.06516688334188458,-0.573677322400797
668904R2025,668904,24.417004334898408,26.568362993483582,103,44.76728461504318,89.83926174496644,72,-0.002812398946617945,0.061380685927324374,0.6402806390593574,0.08873021689332816,-0.29154416226923835
668904R2026,668904,25.15038601080219,29.424951306681127,120,47.24639143504743,89.43963414634146,72,-0.002812398946617945,1.1185716145030618,0.5138382248175821,-0.14931880920646723,-0.23042902261058984
668930L2024,668930,25.336234824049157,26.146704073297492,147,43.2216942119159,85.05010845986985,72,-0.002812398946617945,-0.5977212697831101,-0.8750103609243929,0.12386846024216898,-0.21494162150667595
668930L2025,668930,30.68870852818613,26.863091523232427,152,42.92700759832307,89.20568181818182,72,-0.002812398946617945,-0.7233875025364491,0.4398155664932503,0.06416950608092442,0.23109785383807177
668930L2026,668930,31.474284559396338,25.12518248471472,138,41.52743843645153,88.78424999999999,72,-0.002812398946617945,-1.3202201238280176,0.3064742839778305,0.2089952592907333,0.2965625231055891
668939L2024,668939,28.55282467168051,25.878540437430637,132,44.23345069943902,88.4565868263473,73,0.42416089567650006,-0.1662675817426503,0.20280145738297103,0.14621542989774028,0.05310753246260358
668939L2025,668939,26.87589201086362,26.240961436640458,78,43.562401164282235,89.97754010695186,73,0.42416089567650006,-0.4524301123235233,0.6840319965406597,0.11601367996358854,-0.08663685593880406
668939L2026,668939,28.345876685531064,25.740095942410843,86,43.92928316676381,89.47717391304347,73,0.42416089567650006,-0.2959768599862331,0.5257158297382815,0.15775247114938976,0.03586186695014959
668939R2024,668939,26.865274437303157,26.433576603607936,80,43.93552493914236,87.48085106382979,73,0.42416089567650006,-0.293315117021552,-0.10592192883774267,0.09996241604963203,-0.08752165373550931
668939R2025,668939,27.395314339951387,26.814167920947,55,43.46481115748842,88.16375000000001,73,0.42416089567650006,-0.4940464190794741,0.1101477081683194,0.06824647293804335,-0.04335166184815679
668939R2026,668939,26.756746415296767,26.806671398118024,62,43.70737114265541,87.78857142857142,73,0.42416089567650006,-0.3906090787096188,-0.008559019060821623,0.06887118317379137,-0.09656565556937509
668942L2024,668942,29.584457504161083,29.75852206462058,133,45.49077085054259,87.83987341772152,73,0.42416089567650006,0.36990433603695266,0.007672961377626502,-0.1771163723680882,0.13907693516931788
668942L2025,668942,32.51946050993658,29.571103500455866,62,45.34033563032825,89.24680851063829,73,0.42416089567650006,0.30575270333375915,0.45282807689510435,-0.1614981586876955,0.38366051898394254
668942L2026,668942,28.25728568968953,29.141669131293,39,45.901635487874984,84.50568181818181,73,0.42416089567650006,0.5451135541131725,-1.0472672800897225,-0.12571196125745665,0.028479283963355268
668952R2024,668952,26.916175540715845,29.987072209897704,25,47.564229540455045,79.6275,75,1.278107484922736,1.2541105751808659,-2.5907269618622992,-0.19616221780784868,-0.08327989511778533
668952R2026,668952,27.52456098757118,31.107186185810555,86,47.912794307678794,87.24198895027624,75,1.278107484922736,1.4027526211615349,-0.18149804623434704,-0.28950504913391956,-0.03258110787984059
669003L2024,669003,30.125657946285592,27.456057263393532,66,42.787030823391994,86.5373015873016,74,0.851134190299618,-0.7830792332333015,-0.404461554677618,0.014755694400832317,0.184176972013027
669003L2025,669003,32.152731929947656,28.18148333874557,23,45.38989790749425,87.81555555555555,74,0.851134190299618,0.32688805312855573,-2.1224939945086237e-05,-0.045696478545170706,0.3530998039848656
669003L2026,669003,29.632781147087872,29.15475501263289,131,44.87053937967759,92.89790209790209,74,0.851134190299618,0.10541267342495508,1.6080362992119317,-0.12680245136911417,0.14310390541321696
669004L2024,669004,29.017351085898127,28.173969357513542,127,45.71873464647929,91.10906040268456,72,-0.002812398946617945,0.4671172738431418,1.042045703422487,-0.04507031344250182,0.09181806698073824
669004L2026,669004,31.575173109175687,26.306596542879785,53,44.4331425526238,93.55138888888888,72,-0.002812398946617945,-0.08111093823139294,1.814799915668316,0.11054408777697795,0.30496990225386816
669016L2024,669016,26.826759581148234,29.725687731541516,130,45.88831167124631,90.93222222222222,74,0.851134190299618,0.5394317424380256,0.986093996021106,-0.174380177944833,-0.09073122508175284
669016L2025,669016,27.73708417172002,29.447722431814398,124,46.10583486192958,90.352,74,0.851134190299618,0.6321923859446276,0.8025113334949541,-0.1512164029675732,-0.014870842534103978
669016L2026,669016,27.412975868500205,31.138540199723025,146,47.49324704335205,88.78398950131233,74,0.851134190299618,1.2238407814715282,0.3063918620352848,-0.2921178836266254,-0.041879867802422
669065L2024,669065,26.97834365659575,29.01956760669079,63,45.99301042995462,91.01610169491525,74,0.851134190299618,0.5840795071274774,1.0126335119832817,-0.11553683420727238,-0.0780992187944598
669065L2025,669065,29.514526473487905,29.29699615706533,114,45.520413180543024,90.88309352517986,74,0.851134190299618,0.3825450186107897,0.9705496465218146,-0.13865588007181748,0.13324934927988638
669065L2026,669065,29.874237005187094,29.325888502035227,119,45.00527166708394,92.2480701754386,74,0.851134190299618,0.16286794355809484,1.4024290853699117,-0.14106357548597556,0.16322522692148547
669087R2025,669087,22.954468130342896,30.001493020261414,20,45.598688858956535,89.31724137931033,76,1.705080779545854,0.41592491837111323,0.47511307920102486,-0.19736395200482448,-0.41342217931553105
669127R2024,669127,26.324552701404674,29.589719005089236,127,46.6640676213603,91.27580174927114,71,-0.42978569356973595,0.8702453026410333,1.0948027664703686,-0.16304945074047636,-0.13258179839371623
669127R2025,669127,27.181754362208284,29.654633885020512,123,47.475641550331616,90.87565445026178,71,-0.42978569356973595,1.2163330906515444,0.9681959187122134,-0.1684590240680827,-0.061148326660082
669127R2026,669127,28.56312926169802,30.94923282758751,96,47.512832070711255,91.42697368421052,71,-0.42978569356973595,1.2321926254070084,1.1426336582433718,-0.2763422692819993,0.053966248297395936
669134R2024,669134,24.21768765204042,28.13935617288463,79,45.98314835557735,87.67914893617021,70,-0.8567589881928539,0.579873921678531,-0.043180361928947635,-0.04218588139009238,-0.3081538858407373
669134R2026,669134,22.229046195651826,27.968441370264987,67,44.36567365892996,87.65448717948718,70,-0.8567589881928539,-0.1098823900295243,-0.05098335667999833,-0.02794298117178891,-0.47387400720645356
669208R2024,669208,27.51090190350609,25.60868269865001,25,43.57733601590043,85.70243902439024,67,-2.137678872062208,-0.44606129048697524,-0.6686125752222504,0.16870357479612577,-0.033719364885264724
669221R2024,669221,32.28004231658223,28.664524899182613,68,49.19848656293362,88.01377245508982,75,1.278107484922736,1.9510235460880982,0.06269472212394385,-0.0859499419149244,0.3637090028710803
669221R2025,669221,29.8725531372089,30.972322393074695,92,48.12195103928585,89.11069518716577,75,1.278107484922736,1.4919454697799526,0.40976173891055634,-0.27826639973926454,0.1630849045899693
669221R2026,669221,29.17392045948183,32.15441601941476,28,48.72494086062562,86.78125,75,1.278107484922736,1.7490845990825066,-0.3272761291510358,-0.3767742019342701,0.10486551477938022
669222R2024,669222,28.065345388316732,29.202131639947783,74,45.48452960641323,83.49829545454546,72,-0.002812398946617945,0.3672428183389898,-1.3660049356738124,-0.13075050364535526,0.01248425884895532
669224L2024,669224,30.046286999457845,26.165819748933497,105,43.20161557569886,87.50802919708029,73,0.42416089567650006,-0.6062836084026271,-0.09732275101668586,0.12227548727250188,0.17756272644404802
669224L2025,669224,30.75045316470734,23.696948462106075,118,40.97643264288248,90.21598639455782,73,0.42416089567650006,-1.5551911714059035,0.7594765463555965,0.32801476117478706,0.23624324021483942
669224L2026,669224,28.728750658704065,23.536424668146935,117,40.7353084052315,88.68652173913044,73,0.42416089567650006,-1.6580162512481342,0.2755530030490037,0.3413917440047154,0.06776803138123307
669234R2024,669234,30.304735112419934,28.047150234199762,68,45.10152329504963,87.62521008403361,72,-0.002812398946617945,0.20391351171388833,-0.06024664741335355,-0.0345020531663535,0.19910006919088877
669234R2025,669234,31.03178308401392,28.669752578177686,50,45.041081059101764,86.85945945945946,72,-0.002812398946617945,0.17813850959162783,-0.3025306088100387,-0.0863855818311805,0.2596874001570543
669236R2025,669236,29.100342213980344,32.43257248001913,47,48.13116177560055,90.6,71,-0.42978569356973595,1.4958732984635887,0.880978683697627,-0.39995390698463434,0.09873399432092296
669236R2026,669236,27.671210580700595,31.38793895165995,86,47.154259148416266,88.9743842364532,71,-0.42978569356973595,1.0792826992899458,0.36663287154756063,-0.3129011129547026,-0.020360308452389415
669242L2024,669242,29.273811362839425,25.9929914685354,37,43.89618551801083,87.05802469135803,70,-0.8567589881928539,-0.31009102954782325,-0.23970444917511666,0.13667784397234328,0.11318975672584634
669242L2025,669242,29.040304688683996,26.434823387903027,90,42.56468114414524,86.45025906735752,70,-0.8567589881928539,-0.8778980857226795,-0.4320018607057443,0.09985851735837444,0.09373086721289396
669242L2026,669242,31.409389642015913,27.29153060020111,71,42.6784685901965,86.02697368421053,70,-0.8567589881928539,-0.8293745389434449,-0.5659296122987633,0.028466249666867505,0.2911546133238871
669242R2025,669242,27.365293638834476,29.17304287355051,60,47.61975005703914,90.984375,70,-0.8567589881928539,1.277786758074205,1.002595166496635,-0.1283264397789159,-0.04585338694123268
669242R2026,669242,28.65169595349212,29.47284073085478,44,46.77779245164541,87.54603174603174,70,-0.8567589881928539,0.9187421475373839,-0.08529872151197596,-0.15330959455427173,0.061346805946904226
669257R2024,669257,33.228254962155326,27.879281136829444,120,45.13556771903451,89.44947089947091,70,-0.8567589881928539,0.2184314243407192,0.5169505794654277,-0.020512961718827032,0.4427267233355048
669257R2025,669257,32.79561147658424,29.068810173671412,109,45.36002462442335,91.27338129496403,70,-0.8567589881928539,0.3141488828699402,1.0940369332616353,-0.1196403814556577,0.4066730995379144
669257R2026,669257,32.60390317939353,28.410726733131327,68,44.59575298522235,88.99946524064173,70,-0.8567589881928539,-0.011767304932579773,0.3745685164632684,-0.06480009474398389,0.39069740810535486
669261L2024,669261,31.961176776588594,25.51268278946467,74,41.606777559461825,88.3130177514793,73,0.42416089567650006,-1.2863867284894932,0.1573761151412675,0.17670356722823755,0.3371368745382772
669261L2025,669261,30.143783301246895,27.49819052896439,52,44.11449363862154,88.78924731182795,73,0.42416089567650006,-0.21699566032784642,0.3080554364668499,0.011244588936594191,0.1856874182598022
669289R2024,669289,34.40833701194257,26.324315103746084,112,44.16300795950861,85.26270096463023,69,-1.2837322828159718,-0.19630720126913692,-0.8077459636602929,0.10906754103811966,0.5410668941511085
669289R2025,669289,36.522942263948345,25.89293191789683,100,42.533446478881544,85.11716417910448,69,-1.2837322828159718,-0.8912178041420021,-0.8537938907458602,0.14501613985889072,0.717283998484923
669289R2026,669289,35.112052565277345,27.743695735746744,24,42.837866361643776,83.00196078431374,69,-1.2837322828159718,-0.7614009136645801,-1.523045525943175,-0.00921417829526868,0.5997098569290064
669304R2024,669304,28.952936536667405,30.321052079680843,116,47.86658647526244,88.87197640117994,73,0.42416089567650006,1.383047741619621,0.3342309704431835,-0.22399387362311027,0.08645018787817804
669326R2025,669326,23.49053415745196,29.28318754834762,49,46.03553421491947,81.97553191489361,74,0.851134190299618,0.6022133605583946,-1.8478082418904576,-0.13750516267867496,-0.3687500103897756
669326R2026,669326,25.452731023675128,27.853749672826094,22,46.455259873295354,78.05454545454546,74,0.851134190299618,0.7812012746510599,-3.0884107327133963,-0.018385339718547833,-0.2052336048711784
669357L2024,669357,32.94424985560242,27.145954321222074,94,44.1769997757784,88.47906976744186,72,-0.002812398946617945,-0.19034052766098172,0.20991507356221428,0.0405976062484538,0.4190596311227628
669357L2025,669357,30.96738037021851,30.152786259593878,105,46.37103265808002,89.04770642201835,72,-0.002812398946617945,0.7452834000575413,0.38983205546839106,-0.20997172194919647,0.25432050734077016
669357L2026,669357,28.539824023568038,27.821810895421045,81,44.57705468425532,89.44583333333333,72,-0.002812398946617945,-0.019741013044956776,0.5157996513363824,-0.01572377493479375,0.052024145119897426
669364L2024,669364,19.3178947997795,25.230226669618382,65,41.599915502835515,84.92222222222223,69,-1.2837322828159718,-1.2893129856229781,-0.9154736439711594,0.20024157721542815,-0.7164699568624808
669364L2025,669364,20.642680060278217,24.45572176585887,122,41.08846876267978,84.99164086687307,69,-1.2837322828159718,-1.50741446062975,-0.8935095427598189,0.264783652528721,-0.6060711851542543
669364L2026,669364,24.42969834213497,23.965797882759663,130,41.05744292459669,86.24136904761905,69,-1.2837322828159718,-1.5206451267342644,-0.4980947894664818,0.3056106427869881,-0.29048632833285826
669364R2024,669364,17.507538861865036,25.009792858030487,43,41.138904965010965,82.965625,69,-1.2837322828159718,-1.4859064339702746,-1.5345421901070246,0.21861106151441945,-0.867332951688686
669364R2025,669364,18.103886035193693,24.42021348135137,90,41.03410887664427,83.51503267973855,69,-1.2837322828159718,-1.5305957039434435,-1.3607092674857164,0.26774267623767906,-0.817637353911298
669364R2026,669364,19.491923506457034,22.406728158197208,72,39.42291728616595,82.86355140186916,69,-1.2837322828159718,-2.2176726462949135,-1.5668383383771058,0.4355331198338594,-0.7019675646393528
669369L2024,669369,29.050408003781648,26.35007732357966,20,43.66652083713916,80.825,71,-0.42978569356973595,-0.40802929314848446,-2.2118372365892958,0.10692068938532155,0.09457281013769829
669369L2025,669369,31.73578723542476,26.07403830884893,27,41.88442723733229,83.51142857142857,71,-0.42978569356973595,-1.1679857308406192,-1.3618496095378456,0.12992394061288248,0.31835441277462423
669369R2025,669369,31.375250156343157,26.972699895127725,20,42.401537149072105,74.852,71,-0.42978569356973595,-0.9474692515357876,-4.101698054172293,0.055035475089649566,0.28830965618449067
669392R2026,669392,23.446801310675536,22.797383433206026,42,40.42599944662999,77.32941176470588,68,-1.7107055774390898,-1.789918040441779,-3.3178434713601743,0.40297851358312453,-0.37239441428781106
669394R2024,669394,23.241354604812475,32.81001810911555,131,49.078875572497665,91.3028350515464,72,-0.002812398946617945,1.9000166055938477,1.1033561196831403,-0.4314077094093361,-0.38951497310973276
669394R2025,669394,23.71752674893705,31.81521158044808,102,48.47072135284762,90.40827067669173,72,-0.002812398946617945,1.6406751689921024,0.8203154096808859,-0.34850716535371323,-0.3498339610993515
669394R2026,669394,22.23428041139971,31.77198562987429,150,47.507226177484824,90.20558510638298,72,-0.002812398946617945,1.2298020469060236,0.7561855724774771,-0.34490500280589753,-0.47343782256079664
669397R2024,669397,27.617909301367327,26.921428920042985,28,44.00162932413443,81.04375,67,-2.137678872062208,-0.26512554665339394,-2.1426246041020565,0.05930805634671129,-0.024802081730161813
669397R2025,669397,27.412716566940155,27.02642518646662,127,42.77167195227703,82.51595744680851,67,-2.137678872062208,-0.7896288740494541,-1.6768172762806417,0.050558367478074885,-0.04190147626575946
669397R2026,669397,27.48032429687189,26.813955384098755,57,41.87404404024837,82.70521739130434,67,-2.137678872062208,-1.1724135439861267,-1.616935315215749,0.06826418434206379,-0.03626749877144834
669450L2025,669450,31.258944267730136,28.36444128093905,23,42.341134776321304,86.55806451612904,69,-1.2837322828159718,-0.9732272543863818,-0.39789215142142537,-0.060942973727960904,0.2786174988000723
669450R2025,669450,31.78679934688434,28.46531348487965,20,43.80512575517386,96.22962962962963,69,-1.2837322828159718,-0.34892257744753735,2.6621969081311327,-0.06934899072301093,0.32260542206292264
669477R2024,669477,29.445778321736963,22.916902809575674,38,41.3970276070431,89.2421686746988,72,-0.002812398946617945,-1.3758325503383029,0.45136002999370683,0.39301856555232045,0.12752033663397455
669477R2025,669477,29.173523785715343,23.70568733483301,94,41.27357179559993,89.31030042918455,72,-0.002812398946617945,-1.4284790772586131,0.4729169583774,0.32728652178087597,0.10483245863217287
669477R2026,669477,27.231325261705646,23.997817319702126,96,41.07594421031928,89.85113268608414,72,-0.002812398946617945,-1.5127554338516995,0.6440366120187059,0.3029423563751162,-0.05701741836863524
669699L2024,669699,30.709455295112367,29.703785284400574,20,44.50265358661179,85.53035714285714,75,1.278107484922736,-0.051468635618591344,-0.7230593867617398,-0.17255497401642117,0.23282675108192485
669699L2026,669699,29.093568692574227,31.56164907060145,28,49.88479124398437,87.74305555555556,75,1.278107484922736,2.2436914848760985,-0.02296026884999869,-0.3273769561998276,0.09816953420374652
669701L2024,669701,33.5149677041576,28.396082064342313,140,43.68886736500236,87.07567567567568,69,-1.2837322828159718,-0.3984998342516312,-0.23411966704658704,-0.06357970567823272,0.46661945183569414
669701L2025,669701,31.812788359907348,27.10570599526371,140,42.47099123143107,86.52914572864321,69,-1.2837322828159718,-0.9178512353898253,-0.407042073296775,0.04395163341165098,0.3247711731481733
669701L2026,669701,31.178041669254128,26.34625554470392,70,42.267037619077826,84.38666666666667,69,-1.2837322828159718,-1.004825264540265,-1.0849237461113486,0.10723917095830011,0.2718756155937383
669707R2024,669707,26.29242535205641,27.744107416151238,114,44.755819606386616,87.97928571428572,75,1.278107484922736,0.056491544785862116,0.05178309644642733,-0.009248484995643125,-0.13525907750607166
669707R2025,669707,29.324682265402902,26.881261758390586,97,43.650123581040425,87.31969111969111,75,1.278107484922736,-0.4150217431152373,-0.15691303277069854,0.06265531981774448,0.11742899860613616
669707R2026,669707,31.588085800429614,26.441584499727192,106,43.20397853620814,85.00919999999999,75,1.278107484922736,-0.6052759469356678,-0.8879538224036669,0.09929509137302735,0.3060459598583621
669717R2025,669717,26.71489493032327,28.133238254269518,31,44.56044152173969,80.45918367346938,69,-1.2837322828159718,-0.026825534197801277,-2.327581743862419,-0.04167605483883315,-0.10005327931716668
669720R2024,669720,12.703217170542926,30.95730652469941,71,47.491894189977245,88.52078651685393,70,-0.8567589881928539,1.2232638703420862,0.22311427834219227,-0.27701507737465736,-1.2676930926321952
669720R2025,669720,12.58427310425437,28.553234082207894,102,44.28867823134989,88.78509090909091,70,-0.8567589881928539,-0.14271633930619007,0.30674034812350087,-0.07667570716703113,-1.2776050981562415
669720R2026,669720,14.146037766035624,29.784518641793937,34,47.23857354292114,87.37575757575758,70,-0.8567589881928539,1.1152377506413653,-0.13917357211428763,-0.17928275379920144,-1.1474580430078036
669743R2024,669743,31.938155500223044,28.489735477073555,29,45.29251511696122,87.97625000000001,71,-0.42978569356973595,0.2853601117263629,0.050822594607828495,-0.0713841567391696,0.33521843484114794
669743R2025,669743,33.548362297792025,27.40611246439935,91,43.352054620717176,86.87272727272727,71,-0.42978569356973595,-0.5421303446490754,-0.2983326646563714,0.018917760983680882,0.469402334638563
669743R2026,669743,30.69978477423247,27.97075876656881,69,43.449663280683886,83.37142857142857,71,-0.42978569356973595,-0.5005060834294388,-1.406145694329679,-0.028136097530440846,0.23202087434193341
669899L2026,669899,29.625555350360163,28.233453593233243,20,44.47516910949472,88.5054054054054,70,-0.8567589881928539,-0.06318912287245024,0.21824768536421454,-0.050027333085810234,0.14250175568590784
669911L2024,669911,25.390814214130145,30.601923895999327,104,46.94433878465169,91.7017857142857,77,2.132054074168972,0.9897642071844516,1.2295843510007012,-0.24739985831631728,-0.21039333899992693
669911L2025,669911,27.17043683667786,30.367408435054113,78,45.657245779280224,89.81727272727272,77,2.132054074168972,0.4408959460299496,0.6333233005432872,-0.2278569032375494,-0.06209145378761723
669911R2024,669911,21.374318900212938,31.23941129606383,71,47.27834522412632,92.94597701149425,77,2.132054074168972,1.132197996260895,1.6232472309893486,-0.3005238083216926,-0.5451012818263609
669911R2025,669911,22.28016325158458,30.675226826539927,48,45.9355476974761,90.10000000000001,77,2.132054074168972,0.5595750852053266,0.7227783808696557,-0.25350843586136723,-0.4696142525453908
670032L2024,670032,15.613713360791209,30.954756563734243,114,46.40447544289626,83.68511904761905,70,-0.8567589881928539,0.7595447495277444,-1.306893837674505,-0.27680258062756025,-1.0251517434448383
670032L2026,670032,15.346043711518755,30.501481223965143,89,46.927426844587536,80.66161616161617,70,-0.8567589881928539,0.9825522752595455,-2.263531982008336,-0.23902963564680194,-1.047457547550876
670042L2024,670042,28.944551851480902,27.559510492266437,127,44.279221854162785,87.83284132841328,75,1.278107484922736,-0.14674891914451363,0.0054480040614727455,0.006134591994756929,0.08575146411263616
670042L2025,670042,25.37887473540501,27.966221922166678,65,44.33817809710229,86.830081300813,75,1.278107484922736,-0.12160760425012389,-0.31182587599883266,-0.027758027163596505,-0.2113882955603549
670042L2026,670042,29.496444889968892,28.39239730670537,91,45.701962298649,89.20232558139534,75,1.278107484922736,0.4599648696651445,0.4387536511412854,-0.06327264254182079,0.13174255065330195
670092L2025,670092,27.386067535475412,25.367879242018983,23,43.259812567142326,87.32142857142857,71,-0.42978569356973595,-0.5814660689049433,-0.15636330198866985,0.1887705295153781,-0.04412222888782136
670097R2024,670097,34.46333406342075,26.54998797829163,26,40.36492824392953,84.27755102040817,70,-0.8567589881928539,-1.81596125930236,-1.119448002674079,0.09026146815932427,0.5456499817742904
670097R2026,670097,35.80068976160188,26.50695594775947,23,41.674098114667366,83.34705882352942,70,-0.8567589881928539,-1.2576785341931869,-1.413856297324651,0.09384747070367094,0.657096289956051
670156L2024,670156,26.68166922661594,29.130834733042185,39,43.8881204928417,86.7439024390244,69,-1.2837322828159718,-0.31353028088574086,-0.33909292006348957,-0.12480909473655544,-0.10282208795944392
670156L2025,670156,26.050161420022544,27.434841559212256,66,44.15738355929557,86.16328125,69,-1.2837322828159718,-0.1987056718940935,-0.522801815927488,0.016523669749272035,-0.1554477385088937
670223L2025,670223,26.166980001514165,29.331428925604413,41,47.13343760275423,88.27464788732394,74,0.851134190299618,1.0704035541820336,0.14523586688357615,-0.14152527745007445,-0.14571285671792525
670224L2025,670224,26.368065351978363,29.000564163632493,63,46.46215154017184,86.01832061068701,75,1.278107484922736,0.7841401587869894,-0.56866745000239,-0.11395321395241442,-0.12895574417924216
670231L2025,670231,27.149664061783273,28.393830196560103,52,44.0109128761716,84.65412844036696,70,-0.8567589881928539,-0.26116666641496783,-1.0002986789227615,-0.06339205002971522,-0.06382251836216628
670231L2026,670231,26.367420799015324,28.67546397553873,44,43.698307406538845,84.16630434782608,70,-0.8567589881928539,-0.394474220592219,-1.1546465172562597,-0.08686153161126746,-0.12900945692616203
670242L2024,670242,26.563737875053985,31.24696622303823,66,49.3385255302512,92.7904761904762,76,1.705080779545854,2.01074179812171,1.5740466770392392,-0.301153385569559,-0.112649700589607
670242L2025,670242,26.747666055457962,31.32370615038574,102,48.512384142747514,90.98923766816142,76,1.705080779545854,1.6584418594734955,1.0041337176480132,-0.30754837951518493,-0.09732235222260884
670242L2026,670242,26.96660091544945,31.839225320995485,34,49.08395334861872,88.39253731343284,76,1.705080779545854,1.9021819737051375,0.1825361527048655,-0.35050831039933045,-0.07907778055665145
670541L2024,670541,26.54419499996454,27.7186281299387,138,45.143034748934745,92.95075921908894,76,1.705080779545854,0.2216156664275193,1.62476032436868,-0.007125211144598372,-0.11427827351372748
670541L2025,670541,25.696666009448524,28.28852749751392,47,45.64792870993837,94.6586956521739,76,1.705080779545854,0.4369227726637843,2.165152446218629,-0.05461682510919985,-0.18490568939006202
670541L2026,670541,27.604541173751816,28.431877590665284,152,45.68395206284947,94.27264367816092,76,1.705080779545854,0.4522845802338323,2.0430053678262445,-0.06656266620514699,-0.02591609236478772
670623R2024,670623,32.72765069670951,24.988860117859193,148,43.182281808668755,85.00880361173816,71,-0.42978569356973595,-0.6145283048209075,-0.888079239889786,0.2203554565286939,0.40100970121502016
670623R2025,670623,30.855770315234558,25.949962788498347,101,42.77554427722233,87.3933774834437,71,-0.42978569356973595,-0.7879775588372036,-0.13359862265079567,0.14026356730876444,0.24501966942544082
670623R2026,670623,30.921836278728087,24.784936552579147,149,42.5150687499589,85.99222462203024,71,-0.42978569356973595,-0.8990548074320863,-0.5769242366185854,0.23734908696869775,0.25052516638323485
670764L2024,670764,28.896834585699843,26.306091601346434,68,43.512793303176885,86.6648,69,-1.2837322828159718,-0.47358490094474615,-0.3641209796796715,0.11058616623809048,0.08177502529754783
670764L2025,670764,28.224730475817598,26.58509837513546,80,43.395946488846114,84.4406896551724,69,-1.2837322828159718,-0.523413085493588,-1.0678308398287892,0.08733560175567175,0.02576634947402745
670764L2026,670764,28.27959189779074,26.747790392909074,102,43.94205605662325,81.18614457831325,69,-1.2837322828159718,-0.2905299856595047,-2.0975708732816223,0.07377793360787048,0.030338134638456065
670764R2024,670764,29.151213023764704,25.80562811135338,30,44.54158745601327,80.4551724137931,69,-1.2837322828159718,-0.03486566667289592,-2.3288509088534406,0.15229145707084513,0.10297322846961965
670764R2025,670764,31.29057427424747,25.002829287498198,58,42.15679037658012,84.08933333333333,69,-1.2837322828159718,-1.0518391260361024,-1.1790001928597207,0.21919135905877685,0.2812533326765167
670764R2026,670764,29.778291902063238,26.444003698990215,72,42.66093265291892,78.34018691588784,69,-1.2837322828159718,-0.836852568395156,-2.9980336013442166,0.09909349143444206,0.1552298016611641
670770L2024,670770,31.610596218176568,25.768324397473723,83,42.431430724188964,83.6196,68,-1.7107055774390898,-0.9347214279320487,-1.327624104023173,0.15540009989414974,0.3079218280039416
670770L2025,670770,32.24339279966835,24.360349807338523,150,40.33339394234783,84.62811839323467,68,-1.7107055774390898,-1.8294087547076159,-1.0085282735885575,0.2727313157387498,0.36065487646159006
670770L2026,670770,30.95238795430785,23.84215886804456,79,40.80471569677766,82.92413793103448,68,-1.7107055774390898,-1.6284181885880147,-1.5476687238546065,0.31591389401324665,0.253071139348215
671056R2024,671056,32.113112510057164,29.344529134773666,69,46.3974850177463,89.3225988700565,71,-0.42978569356973595,0.7565637508891226,0.47680819251790724,-0.14261696154751213,0.34979818566065796
671056R2025,671056,31.868362064461127,27.46773480059642,105,45.50352996694486,91.21049180327869,71,-0.42978569356973595,0.37534533680718185,1.074138660002999,0.013782566300591567,0.32940231519432156
671056R2026,671056,30.761653601676134,27.27186847384147,153,44.81695593932055,89.40984682713349,71,-0.42978569356973595,0.08256253779939852,0.5044134989793134,0.03010476019683761,0.23717660996223877
671083R2026,671083,31.56266938159401,25.92701561398203,21,42.24594676056792,84.37142857142858,70,-0.8567589881928539,-1.0138192554859682,-1.089745088673723,0.14217583185179095,0.30392792495539506
671213L2024,671213,32.13041389556463,29.681100669109657,55,47.9157922326584,90.1874074074074,76,1.705080779545854,1.404031057035057,0.7504341375121728,-0.17066458940884477,0.3512399677862801
671213L2025,671213,32.16833962863841,29.41028262836088,28,45.91436750398191,87.64583333333333,76,1.705080779545854,0.5505429982267169,-0.053721438844329304,-0.14809641934644655,0.35440044554242817
671218R2024,671218,24.517426773761628,28.205565686998717,119,45.56629475869043,91.50439882697947,71,-0.42978569356973595,0.40211077020115327,1.1671310203084646,-0.04770334089959979,-0.2831756256973034
671218R2025,671218,24.929231998304314,27.70181913351,157,44.06474654672638,91.78060344827585,71,-0.42978569356973595,-0.23820982256168385,1.254522329771614,-0.005724461442206656,-0.24885852365207958
671218R2026,671218,27.891167048392788,29.099346855027193,105,45.475712083120584,92.16777777777777,71,-0.42978569356973595,0.3634826715142242,1.3770245221204576,-0.12218510490197272,-0.0020306028113733867
671221L2025,671221,27.249011424243317,26.60451268213602,60,42.87658113231797,86.89059829059829,73,0.42416089567650006,-0.7448913772346085,-0.2926782637782936,0.08571774283895846,-0.055543571490495935
671221R2025,671221,25.317060284313012,28.932663893762257,26,42.340242507120806,82.07037037037037,73,0.42416089567650006,-0.9736077538860416,-1.8178012971381352,-0.10829485812989474,-0.21653949981802137
671277L2024,671277,28.238286817657208,29.512922645053337,135,47.45360825920477,88.50410628019323,73,0.42416089567650006,1.2069372085064056,0.2178366413602608,-0.15664975407081805,0.026896044627328308
671277L2025,671277,28.13220901758145,28.63572902508756,135,47.383630398662895,90.10946601941747,73,0.42416089567650006,1.1770958322619232,0.725773435146491,-0.08355028574033667,0.01805622795434836
671277L2026,671277,29.668874972210585,27.292098822377998,142,45.56737730966039,91.281598062954,73,0.42416089567650006,0.4025724135058797,1.0966367236301988,0.028418897818793514,0.146111724173443
671284R2025,671284,29.703783637501093,32.46934856875581,22,49.70321191271757,90.81351351351351,75,1.278107484922736,2.1662587497139336,0.9485344886890344,-0.40301858104602434,0.14902077961431873
671286R2025,671286,29.632612829466783,29.15479565591206,26,49.24858209647183,92.08571428571429,74,0.851134190299618,1.9723862978628153,1.351059583529329,-0.12680583830904504,0.1430898789447929
671289R2024,671289,31.303432224661353,27.103896380509997,104,44.300422866223045,86.88833922261485,71,-0.42978569356973595,-0.13770795429141658,-0.29339303425647356,0.04410243464112688,0.28232482854434043
671289R2025,671289,30.427260061293012,28.41867073936083,107,45.86475956137423,88.68700906344411,71,-0.42978569356973595,0.5293881748496209,0.2757071927569989,-0.06546209526310924,0.20931048159697863
671289R2026,671289,29.353888152968945,29.26668975627937,75,46.51709826650917,84.81497797356828,71,-0.42978569356973595,0.8075716544248676,-0.9494057891983885,-0.13613034667298743,0.11986282256997309
671732L2024,671732,26.587383935428203,30.44465873863635,112,46.59646300546029,91.08496732026144,75,1.278107484922736,0.8414159734315664,1.0344226375516925,-0.23429442853606908,-0.1106791955584221
671732L2025,671732,25.95595658688106,31.235869866245174,148,46.78877212318615,90.00255102040816,75,1.278107484922736,0.9234243213985288,0.6919454647062413,-0.30022868917013784,-0.1632981412706839
671732L2026,671732,25.82799533616683,30.438179473681075,137,46.073299221274375,89.28805031446541,75,1.278107484922736,0.6183178792559552,0.465877008604349,-0.2337544897897962,-0.17396157883020327
671739L2024,671739,30.836190430858057,30.15279950881502,103,47.39659807047542,90.32865329512894,71,-0.42978569356973595,1.1826257694531435,0.7951244219336802,-0.2099728260509582,0.2433880123940657
671739L2025,671739,30.96052670904494,28.526659141647723,156,46.766098212386154,89.33821138211383,71,-0.42978569356973595,0.913755253240728,0.4817480007886575,-0.07446112878701694,0.25374936890963945
671739L2026,671739,29.750729928696273,28.505493202768733,149,46.660486322683,89.75075921908893,71,-0.42978569356973595,0.8687180927428493,0.6122783862696344,-0.07269730054710107,0.1529329705472504
671976L2026,671976,25.98083901867747,29.687609343025184,144,46.89493944474156,84.02529761904762,72,-0.002812398946617945,0.968698340393552,-1.1992611316433301,-0.17120697890180528,-0.16122460528764973
672016R2025,672016,23.492463279880045,27.461640364948288,46,44.543655475885835,87.9067415730337,75,1.278107484922736,-0.03398377976437274,0.02883008621749604,0.014290435937936033,-0.36858925018743527
672016R2026,672016,25.866454390730574,28.080507379489628,29,44.12880143825946,83.46666666666667,75,1.278107484922736,-0.21089423869363813,-1.3760123033148244,-0.037281815273842334,-0.17075665761655787
672275L2024,672275,27.561361297273667,29.06332741508252,108,46.50610944365975,89.64698795180722,72,-0.002812398946617945,0.8028855780773737,0.5794450944520141,-0.11918348490658322,-0.02951441540463347
672275L2025,672275,27.719783726872027,28.809200472792124,119,44.80501047906216,87.27184466019418,72,-0.002812398946617945,0.07746851275742442,-0.17205168153402273,-0.09800623971571702,-0.016312546271436783
672275L2026,672275,30.581594036351348,28.103590303186834,90,45.81739611006648,88.72677595628416,72,-0.002812398946617945,0.5091904929004012,0.28828946173664577,-0.03920539224860953,0.22217164618517327
672275R2024,672275,25.073969154749946,28.788309315109103,50,43.507839959940355,93.3103448275862,72,-0.002812398946617945,-0.4756972058658273,1.73853342868238,-0.0962653099087986,-0.23679709394827686
672275R2025,672275,26.762041682666187,28.335845695777046,64,45.5439996524211,86.24556962025316,72,-0.002812398946617945,0.3926032395415707,-0.4967657257409448,-0.05856000829779381,-0.09612438328859015
672275R2026,672275,29.417582358159343,27.696896289187226,35,43.76396663731886,91.92258064516129,72,-0.002812398946617945,-0.36647448189690424,1.2994440008555,-0.005314224415308821,0.12517067300250626
672279L2024,672279,28.661628739778397,27.950605535323607,101,45.94552467472646,79.46558139534883,71,-0.42978569356973595,0.5638296698640313,-2.6419581064408937,-0.02645666159334059,0.06217453813742738
672284L2024,672284,29.887952195155826,27.437907073510367,120,45.04884465107906,89.59929328621908,71,-0.42978569356973595,0.18144921768428882,0.5643544733733687,0.016268210224429442,0.1643681594188798
672284L2025,672284,30.539114115501533,27.82270528570369,23,44.50121226588592,87.6108108108108,71,-0.42978569356973595,-0.05208327278721471,-0.06480258618205524,-0.015798307458347576,0.21863165278102206
672284L2026,672284,30.352798271859335,32.24502879896895,30,48.83654285674501,92.61904761904762,71,-0.42978569356973595,1.7966761820495372,1.5198065732125026,-0.3843252668971194,0.20310533247750553
672356R2024,672356,30.578207204039973,32.93848687871125,46,48.61850760846194,89.67722772277227,73,0.42416089567650006,1.7036971765727873,0.5890129763002543,-0.4421134402089777,0.2218894101592254
672356R2025,672356,29.13360729039171,35.64265029230084,122,51.592413000384035,89.52981818181819,73,0.42416089567650006,2.9718901311535526,0.5423725082629155,-0.6674603913414435,0.10150608402187
672356R2026,672356,31.66243930996801,31.33878329277239,43,47.07974621155217,89.57435897435897,73,0.42416089567650006,1.0475073839712923,0.5564652419992164,-0.3088048080474059,0.3122420856532286
672386R2024,672386,22.456438852823993,31.45175542514543,94,47.51400385362235,89.44107744107744,68,-1.7107055774390898,1.2326923208028953,0.5142948841461855,-0.3182191524118257,-0.45492461910877297
672386R2025,672386,21.700204059608073,31.549551018780782,130,47.56327677855339,91.11838790931989,68,-1.7107055774390898,1.2537042791586865,1.0449969321711652,-0.32636878521477186,-0.5179441852100997
672386R2026,672386,19.66427808827339,32.06758827755645,72,46.477299074515756,88.19090909090909,68,-1.7107055774390898,0.7905996770979637,0.1187408609810175,-0.3695385567794111,-0.687604682821323
672515R2024,672515,29.11306698069789,27.60920109118909,89,45.604612070275394,89.991796875,69,-1.2837322828159718,0.41845081407831136,0.6885428465857882,0.0019937087512026017,0.09979439154738519
672515R2025,672515,28.264754987294396,26.340840071680407,80,43.09346981426875,90.352,69,-1.2837322828159718,-0.6524013137896144,0.8025113334949541,0.10769046037692605,0.029101725430427255
672515R2026,672515,29.429531458776783,25.584546709095576,126,42.76456827037877,89.15567010309279,69,-1.2837322828159718,-0.7926581699239741,0.42399182954918907,0.1707149072589953,0.12616643138729286
672569L2025,672569,25.276727112968448,23.383254705015894,20,38.070597894235846,82.93333333333334,66,-2.5646521666853257,-2.7943560639473697,-1.5447592929979979,0.35415590759896887,-0.21990059743006837
672580R2024,672580,30.31227672784172,26.154458382309816,149,43.087194567134716,89.43908523908523,73,0.42416089567650006,-0.6550773317373448,0.5136645502292616,0.12322226782447536,0.1997285371427043
672580R2025,672580,30.481418567853655,25.980493212382193,154,42.53698478480698,90.58474903474904,73,0.42416089567650006,-0.8897089280836107,0.8761532690553865,0.13771936531844395,0.21382369047703223
672580R2026,672580,29.16705412549874,25.539152693246578,77,41.94706297344063,89.23320158102767,73,0.42416089567650006,-1.1412753319646691,0.4485228361251872,0.1744977419130785,0.10429332028078935
672640R2024,672640,29.311646079971485,27.883469828671775,112,45.32566772335404,87.65150602409638,70,-0.8567589881928539,0.29949771743754766,-0.051926596051201646,-0.020862019372354546,0.11634264982018472
672640R2025,672640,29.27114788105979,28.487083795545132,141,46.41096939235118,88.41166306695465,70,-0.8567589881928539,0.7623140309475553,0.18858755270279126,-0.07116318327846767,0.11296779991087676
672640R2026,672640,27.94414374865707,27.767764016864234,153,46.11785313452254,88.53515037593985,70,-0.8567589881928539,0.6373174610966562,0.22765901205653358,-0.01121986838839284,0.00238412221065006
672695L2024,672695,15.413511533945211,26.790091123743252,88,43.929960523251054,85.33402061855669,74,0.851134190299618,-0.2956880079174361,-0.7851803819627863,0.0702528727050223,-1.041835229015338
672695L2025,672695,17.14441929273946,25.554403794440546,144,42.270759176002464,86.70141242937854,74,0.851134190299618,-1.0032382428802227,-0.3525367848497669,0.17322681681358118,-0.897592915782484
672695L2026,672695,18.896342610450755,25.740920322881266,136,42.6214144309217,86.78662613981763,74,0.851134190299618,-0.8537047288070383,-0.32557511525664734,0.15768377277685452,-0.7515993059732095
672695R2024,672695,17.655827745404913,28.101550894761044,58,44.82245343665651,82.06288659793815,74,0.851134190299618,0.08490689192990564,-1.820169167268282,-0.03903544154646029,-0.8549755447270296
672695R2025,672695,21.98940008257981,25.996335536302013,102,42.93753496963432,84.06761363636363,74,0.851134190299618,-0.7188982076976003,-1.1858723181355966,0.13639917165845894,-0.4938445166291216
672695R2026,672695,23.216908206092214,24.81755580542672,83,42.199645503462584,82.12094594594595,74,0.851134190299618,-1.0335639750754726,-1.801799154394624,0.23463081589806656,-0.3915521730030879
672724R2025,672724,27.631893256579442,29.6144890947239,90,45.32512710730839,86.53414634146341,71,-0.42978569356973595,0.29926717699665617,-0.4054598763718137,-0.16511362487669837,-0.02363675212915221
672724R2026,672724,29.66216459556638,28.59287550288438,110,46.05836511496389,86.44429824561404,71,-0.42978569356973595,0.6119493752486116,-0.43388786831559034,-0.07997915889007157,0.14555252611975936
672744R2025,672744,28.493642797612228,27.48475466627667,74,44.86011959578854,87.36204379562044,72,-0.002812398946617945,0.100969258193173,-0.1435126204555107,0.012364244160570692,0.048175709623579976
672761L2024,672761,21.79703392085715,24.785207238895072,99,42.721632229168016,86.60381355932203,71,-0.42978569356973595,-0.8109678260108718,-0.3834171264469804,0.23732652977570398,-0.5098750301060099
672761L2025,672761,24.659675214384137,24.663290493855957,89,42.279434537872284,89.47486338797815,71,-0.42978569356973595,-0.9995387194079466,0.5249847782082291,0.24748625852896358,-0.27132158897876096
672761L2026,672761,27.067358248320115,25.924019760397254,47,44.336883836658934,86.14367816091954,71,-0.42978569356973595,-0.12215952899531547,-0.5290042451852738,0.14242548631718885,-0.07068133615076277
672761R2024,672761,27.168489412189768,24.77856197176446,54,42.097177869129595,91.89180327868851,71,-0.42978569356973595,-1.0772602985317028,1.2897060234630184,0.23788030203658828,-0.062253739161625056
672761R2025,672761,27.622218174888147,23.16393675962024,52,41.55248043821281,92.18607594936708,71,-0.42978569356973595,-1.3095412063720302,1.382814074693711,0.3724324030486068,-0.02444300893676014
672761R2026,672761,27.304040310079447,22.879191973002936,29,40.23917066575777,89.36222222222223,71,-0.42978569356973595,-1.8695893521985816,0.4893450451412644,0.39616113526671537,-0.05095783100415178
672820R2024,672820,30.140091092245637,27.683024100613512,96,45.84079465884405,88.56195652173912,71,-0.42978569356973595,0.5191685758574862,0.23614049282272437,-0.004158208700832648,0.18537973417636402
672820R2025,672820,30.307839205951264,27.66185471380157,138,46.45218753250104,90.60076335877862,71,-0.42978569356973595,0.7798911048790154,0.8812202108775175,-0.002394093133170886,0.199358743651833
672820R2026,672820,29.195859012744595,26.66907658027775,39,45.94619601316049,88.07444444444444,71,-0.42978569356973595,0.5641159555927202,0.08189137630209613,0.08033741799381418,0.10669372755127722
672960R2026,672960,27.027124483485593,27.808741970304926,150,44.498776201360606,90.5611111111111,73,0.42416089567650006,-0.053122108748942715,0.8686742156998948,-0.014634697841783803,-0.07403414988697292
673237R2024,673237,29.83862979435427,28.101059898362355,140,46.33763926984825,90.15072164948454,71,-0.42978569356973595,0.7310431152791027,0.7388267414864298,-0.03899452517990287,0.16025795935208334
673237R2025,673237,29.18700764816285,28.259650444193078,142,46.509064328692595,89.95044642857144,71,-0.42978569356973595,0.8041456599853005,0.6754595402916458,-0.052210403999129795,0.10595611383613186
673237R2026,673237,28.81845824072216,28.894934596439136,87,46.88018645056029,89.12296296296297,71,-0.42978569356973595,0.9624070698876103,0.41364327060284134,-0.10515075001963463,0.07524366321607416
673357R2024,673357,31.34217597289746,27.17604124912561,94,45.24041717072083,90.06349206349206,74,0.851134190299618,0.2631434505811729,0.7112272476472928,0.03809036225649246,0.2855534742306827
673357R2025,673357,31.403990170485567,27.252627674613844,105,44.85065615871986,89.1158088235294,74,0.851134190299618,0.09693366773719549,0.4113796965531137,0.03170816013247298,0.2907046573630249
673357R2026,673357,28.167447114589294,27.550956929940593,59,44.958866852212196,89.80066225165562,74,0.851134190299618,0.14307906276894092,0.6280677359978035,0.006847388855243904,0.02099273603833544
673490R2024,673490,32.589078699264284,26.292175564835482,112,42.46829685090667,86.50725075528702,70,-0.8567589881928539,-0.9190002276904173,-0.41396965612749664,0.11174583594733652,0.38946203476125135
673490R2025,673490,33.17265374513891,26.362981693378313,46,42.85125748257775,89.17238805970149,70,-0.8567589881928539,-0.7556904007247487,0.42928140114551216,0.10584532523543395,0.4380932885841367
673490R2026,673490,32.05812079710863,25.352127788013007,42,40.574137217144134,84.6392857142857,70,-0.8567589881928539,-1.7267461327598332,-1.0049949264444562,0.19008315068254275,0.34521554291494666
673548R2024,673548,29.07151799608899,29.080835080482437,126,45.82394776248924,91.70535211267607,71,-0.42978569356973595,0.511984381188163,1.230712761611422,-0.1206424570232431,0.09633197616331006
673548R2025,673548,28.033103091211768,27.860766219689836,150,44.645621368381526,91.3332530120482,71,-0.42978569356973595,0.00949858077803792,1.112980380808731,-0.018970051957192997,0.009797400756874927
673548R2026,673548,28.361702614293637,27.598339159346505,138,44.23007948226819,88.75833333333333,71,-0.42978569356973595,-0.1677052044309919,0.29827423494791583,0.0028988697380845827,0.03718069434703075
673962R2024,673962,21.48282301698635,25.879592537395805,41,42.58795655498196,86.20763358778626,73,0.42416089567650006,-0.8679725137396985,-0.5087687093896565,0.14612775490064292,-0.5360592720952431
673962R2025,673962,22.38835872235808,25.089702094795996,130,41.420534062757305,89.284,73,0.42416089567650006,-1.3658084515203333,0.4645954866543986,0.211951958450627,-0.4605979633142656
673962R2026,673962,21.3732495370368,25.322191661773402,101,40.64643578042284,90.64299363057326,73,0.42416089567650006,-1.6959151154633791,0.894581894450356,0.19257782786917646,-0.5451903954243725
673995R2024,673995,27.66489584573477,26.065677174201504,20,43.43670374082661,85.43823529411765,71,-0.42978569356973595,-0.5060325528276417,-0.752206795497062,0.13062070183350136,-0.020886536366208297
674441L2024,674441,33.38513360501438,24.659887664677555,22,41.110583336150846,75.86585365853658,71,-0.42978569356973595,-1.4979839164215374,-3.7809141425648187,0.24776982762716374,0.4557999435737594
675961R2024,675961,31.408810890380746,27.23987752844462,30,43.69638629258432,83.03571428571429,73,0.42416089567650006,-0.39529346090453393,-1.5123658976570307,0.03277067231324171,0.29110638402095645
675961R2026,675961,32.348868457536206,26.169547579875868,70,43.38056831599104,83.36242424242424,73,0.42416089567650006,-0.5299709573485912,-1.4089946694801736,0.12196483469397101,0.36944451461724476
676044L2025,676044,29.07521252931149,27.29849700326918,23,45.288775099111945,89.54130434782608,75,1.278107484922736,0.2837652175850295,0.5460067381444794,0.027885716077861684,0.09663985393185175
676059R2024,676059,23.452200487686447,31.232884259806003,101,47.138007021924594,90.81214953271028,73,0.42416089567650006,1.0723521384289048,0.9481029243367882,-0.29997988863354025,-0.3719444828702351
676059R2025,676059,23.571356345014628,32.31492756565813,82,47.84326394196786,90.24056224899599,73,0.42416089567650006,1.3731020747239977,0.7672523615843455,-0.39015016412121756,-0.3620148280928867
676070R2024,676070,30.18029287972899,27.952427479175643,23,44.432057142542774,87.8475,70,-0.8567589881928539,-0.08157380077615502,0.010086016629621329,-0.026608490247676937,0.18872988313331027
676070R2025,676070,29.062225796041254,28.51960929944934,27,45.44009020662945,85.48518518518519,70,-0.8567589881928539,0.34829206964850534,-0.7373518215278111,-0.07387364193715158,0.09555762615933212
676113L2024,676113,33.193643651242944,29.027889489669498,22,42.67697209934353,85.79777777777778,73,0.42416089567650006,-0.830012702874782,-0.6384473359079502,-0.11623032445549815,0.4398424474261396
676116L2024,676116,24.16658742848316,27.4244895347227,29,43.39975790633819,84.01379310344828,73,0.42416089567650006,-0.521787743670831,-1.2029011673467402,0.017386338456735057,-0.31241223780384225
676356R2024,676356,28.514487053807848,25.95655088895066,98,46.30046984166244,83.26964980544747,70,-0.8567589881928539,0.715192575084017,-1.4383485575290127,0.13971455893773843,0.04991273097321495
676356R2026,676356,28.190364472611545,27.743570407036227,96,45.7816772102397,84.25692307692307,70,-0.8567589881928539,0.4939585163793105,-1.1259746964862,-0.009203734236058914,0.02290251587352306
676369R2024,676369,30.773973152903874,27.04227159707388,60,43.86887383645207,88.16530612244897,71,-0.42978569356973595,-0.3217378298208447,0.11064006625364523,0.04923783326080322,0.23820323923121714
676369R2026,676369,29.083073930421342,27.976340541198272,46,42.765940643821885,94.8546875,71,-0.42978569356973595,-0.792072934651748,2.227164385574434,-0.028601245416229364,0.09729497069100616
676391R2024,676391,22.278765949498997,26.547198187768643,121,45.7656197854078,84.96784810126583,72,-0.002812398946617945,0.4871109841424617,-0.9010375882081797,0.0904939507029064,-0.46973069438585596
676391R2025,676391,22.679113259222635,28.300053089516716,147,46.05328846011319,85.64080808080807,72,-0.002812398946617945,0.6097844852921291,-0.6881126430987978,-0.05557729110943299,-0.43636841857555275
676391R2026,676391,23.054137174471308,27.4131205960872,151,45.54833811014377,83.73097514340344,72,-0.002812398946617945,0.3944533325312732,-1.2923849411953077,0.018333750009693322,-0.4051164256381634
676439L2025,676439,22.852116089167506,25.722610601583238,35,42.15887966267998,87.62786885245902,73,0.42416089567650006,-1.050948170352326,-0.059405411473256384,0.15920958288502352,-0.42195151608014686
676439L2026,676439,24.89864103009226,25.78715574315292,84,42.26308226306136,87.00584415584416,73,0.42416089567650006,-1.0065119875431454,-0.2562144022151569,0.15383082108755008,-0.251407771003084
676475L2024,676475,35.44837685488191,22.064124693848218,140,40.278329605256786,89.4266806722689,72,-0.002812398946617945,-1.8528904043045424,0.5097397377756754,0.46408340852960855,0.6277368810627199
676475L2025,676475,33.88959883991164,23.45712040524993,131,40.078848837398624,90.715,72,-0.002812398946617945,-1.9379570325366453,0.9173647533480643,0.3480004325794657,0.4978387131485311
676475L2026,676475,32.26194993942152,21.733697166521235,152,39.63967022162041,91.76569037656904,72,-0.002812398946617945,-2.1252404706195507,1.2498038248513872,0.49161903580685706,0.36220130477435425
676572R2025,676572,25.253791679855482,28.157802875848947,138,44.196528703401555,91.03368421052632,76,1.705080779545854,-0.1820126069108877,1.0181966305715788,-0.043723106637118946,-0.22181188352281556
676572R2026,676572,22.75932766933201,30.837117810922987,21,46.03713292657586,84.82,76,1.705080779545854,0.602895115554549,-0.9478168169937728,-0.2669993512266222,-0.4296838843997716
676609R2024,676609,15.766492769385222,23.442363667146587,126,41.76647392182763,81.92307692307692,69,-1.2837322828159718,-1.218285772025106,-1.8644050330709356,0.3492301607547444,-1.0124201260620038
676609R2025,676609,20.67504151939762,23.867944705934057,105,41.47811488150643,82.79324324324324,69,-1.2837322828159718,-1.3412536728595925,-1.5890838823489017,0.31376507418912186,-0.603374396894304
676609R2026,676609,17.512354938487956,23.872389582303683,122,41.87316788110642,80.76996699669967,69,-1.2837322828159718,-1.1727871735084157,-2.2292497121645884,0.31339466782498643,-0.8669316119701094
676632L2024,676632,28.926711260241145,27.10557043446711,21,43.05496007786194,87.0625,73,0.42416089567650006,-0.6688234153556337,-0.2382884588102995,0.04396293014470073,0.08426474817598972
676694R2024,676694,28.65979371295865,32.13257231228466,134,47.9085347642752,86.73285714285714,72,-0.002812398946617945,1.4009361804136755,-0.34258765846045797,-0.3749538930067615,0.06202161923578172
676694R2025,676694,30.569579269268655,30.586833504763405,97,46.95578679364558,87.69532374100719,72,-0.002812398946617945,0.9946460989855362,-0.03806264388216074,-0.24614232571332373,0.22117041559494885
676694R2026,676694,28.999230876036616,30.268955293585563,46,47.33795730955094,85.38198198198198,72,-0.002812398946617945,1.1576189887876633,-0.7700053775269402,-0.21965247478183691,0.090308049492279
676701R2024,676701,28.68373651171789,28.89182535612114,20,45.41558456872366,84.13877551020408,72,-0.002812398946617945,0.3378418793283809,-1.163356658152865,-0.10489164665980155,0.06401685246571838
676724L2026,676724,23.482182753883464,29.730949850287836,98,46.20768007144135,89.56008064516129,74,0.851134190299618,0.6756232824053765,0.5519475699933155,-0.17481868784035962,-0.36944596068715035
676801R2024,676801,20.262974338585554,35.45967925261977,78,51.16821283869765,84.82298850574713,71,-0.42978569356973595,2.7909941087568897,-0.9468712519653713,-0.6522128047013543,-0.6377133286286428
676801R2025,676801,20.557147485595262,33.20563725129395,44,49.61325894395126,80.32027027027027,71,-0.42978569356973595,2.1278991833528367,-2.3715340287683477,-0.4643759712575359,-0.6131988997111671
676914R2024,676914,32.37225879760347,25.690040783741527,122,42.53366668645339,88.62480620155038,68,-1.7107055774390898,-0.8911238987703266,0.25602616958029123,0.1619237343718328,0.3713937096228503
676914R2025,676914,31.288135391876875,24.942838925189943,74,41.22758547153609,90.75968992248062,68,-1.7107055774390898,-1.4480894967236173,0.9315046718876483,0.22419055591779813,0.2810500924789672
676914R2026,676914,31.7416999411502,24.0436225303875,54,40.556536852855814,87.05652173913043,68,-1.7107055774390898,-1.73425163648202,-0.24017998417020023,0.29912525548466845,0.31884713825174416
677008L2024,677008,29.46862478862634,27.917387173364265,38,45.518175475048906,90.22272727272727,74,0.851134190299618,0.38159077092363236,0.7616093642910642,-0.023688464763395405,0.12942420887475592
677008L2025,677008,30.00956296776215,29.089692800441373,49,46.811736678139845,88.78482142857142,74,0.851134190299618,0.9332173319214816,0.3066550843239211,-0.12138060035315441,0.17450239046940683
677347R2024,677347,33.31840063295518,26.646450769538337,20,43.63341425695459,87.82941176470588,70,-0.8567589881928539,-0.4221472714319839,0.004362888027315857,0.0822229022220986,0.4502388625688261
677347R2025,677347,35.25910608943284,25.411885462356892,42,43.567171100515694,88.88181818181818,70,-0.8567589881928539,-0.45039601953042285,0.3373449157978557,0.185103344487219,0.6119643172752977
677587L2024,677587,24.36045388815632,23.630696928144385,113,42.76821607316809,82.91872146118722,69,-1.2837322828159718,-0.7911025999957287,-1.5493824981947972,0.3335357223382613,-0.2962566994977456
677587L2025,677587,27.2653676832779,23.030291263979382,96,41.65290651916504,87.25853658536586,69,-1.2837322828159718,-1.2667154834469765,-0.17626236446981672,0.3835695276853448,-0.054180549904280596
677587L2026,677587,26.71995160546649,22.68687948459939,131,41.346231378793036,86.74169491525423,69,-1.2837322828159718,-1.3974941065401203,-0.3397913819213704,0.41218717596701077,-0.09963188972189811
677587R2024,677587,21.25417696103411,26.790328264207588,63,43.713812701115074,82.01124999999999,69,-1.2837322828159718,-0.3878621389188459,-1.8365070181299274,0.07023311099966101,-0.5551131100912633
677587R2025,677587,22.388624709957146,26.144933206068455,58,43.19801229231916,84.15285714285714,69,-1.2837322828159718,-0.6078201934627644,-1.1589012210528122,0.12401603251125544,-0.46057579768101026
677587R2026,677587,25.968411890450852,24.829521398766566,98,42.04824666654053,84.2255033557047,69,-1.2837322828159718,-1.0981265327270386,-1.1359159153092335,0.23363368311974617,-0.16226019930653468
677588L2024,677588,32.62725922270181,26.302918982137978,43,42.04276313101431,89.7813559322034,70,-0.8567589881928539,-1.1004649329799288,0.6219592048301318,0.1108505511721285,0.39264374504771177
677588L2025,677588,34.240551943585295,26.1156974380627,46,42.90650157918776,88.81681415929202,70,-0.8567589881928539,-0.7321320944338706,0.3167776037005076,0.126452346511735,0.5270848051213356
677588L2026,677588,34.16781719894603,25.87433481032895,107,41.19788464109136,90.55297619047619,70,-0.8567589881928539,-1.460755126241459,0.8661003218840443,0.14656589882288085,0.521023576401397
677592R2025,677592,28.831738245405184,28.512388910609076,20,44.929852815613515,90.45,71,-0.42978569356973595,0.13070630978952794,0.833518592849237,-0.07327194286712964,0.07635033027299294
677592R2026,677592,28.909315780328967,29.737588606185437,33,45.4816580106219,87.73968253968255,71,-0.42978569356973595,0.36601825431591606,-0.02402749311510601,-0.17537191749849304,0.08281512484997489
677594R2024,677594,23.72131504725487,30.409038425754847,134,48.100933760948,91.65569007263923,76,1.705080779545854,1.482982856381115,1.2149996620656571,-0.23132606912927725,-0.34951826957286664
677594R2025,677594,20.274927615492704,29.684268893300082,158,46.9449443193743,91.836,76,1.705080779545854,0.9900224315620841,1.2720498322883844,-0.1709286080913802,-0.6367172222197137
677594R2026,677594,20.969684614519483,29.478714709317302,146,47.42353447072228,90.40226757369615,76,1.705080779545854,1.1941125346702297,0.81841602425727,-0.1537990927594818,-0.5788208056341487
677595L2025,677595,30.402716901015612,27.48044491252649,51,46.05551645118694,92.12417582417582,75,1.278107484922736,0.6107345903594512,1.363228837593018,0.01272339030641915,0.20726521824052865
677595R2025,677595,31.069270241865276,27.80109025101057,21,49.24579289547648,87.10952380952381,75,1.278107484922736,1.9711968702970215,-0.22341009699671674,-0.013997054567254233,0.2628113299780006
677649R2024,677649,29.68690061902495,25.37346280500003,83,43.97129031398362,86.82184466019417,70,-0.8567589881928539,-0.2780633216837343,-0.31443195407920177,0.18830523260029075,0.14761386140797347
677649R2025,677649,31.42776620753672,24.922068677612454,75,43.051397379459864,83.09407894736842,70,-0.8567589881928539,-0.6703426933478268,-1.493899283360761,0.2259214098825888,0.2926859937839543
677649R2026,677649,28.394312131116333,26.542257620516473,146,43.68957700726333,87.68431876606682,70,-0.8567589881928539,-0.3981972142294603,-0.04154462461852013,0.09090566464058725,0.03989815408225539
677800L2024,677800,30.952568779619813,26.690580386739818,126,43.49399504938007,91.6268115942029,70,-0.8567589881928539,-0.481601232966706,1.2058624939979812,0.07854543412197519,0.25308620812421206
677800L2025,677800,29.873034236481093,26.638445630091006,110,44.43329852125545,90.5836956521739,70,-0.8567589881928539,-0.08104442692934054,0.8758199781706258,0.08288999717604284,0.1631249961959854
677800L2026,677800,30.049906427349875,27.286734780441595,149,43.76094700961013,89.813140311804,70,-0.8567589881928539,-0.36776217268763073,0.632015801786163,0.028865901313493758,0.1778643454350505
677870R2024,677870,25.8863643812339,28.489577361599327,59,46.18321574123764,86.72439024390245,70,-0.8567589881928539,0.6651907073519938,-0.34526659041775093,-0.07137098044965058,-0.16909749174128072
677870R2026,677870,26.796030382410855,28.776550583020455,62,45.06056438339883,89.52868217054264,70,-0.8567589881928539,0.18644698324800668,0.5420130736073,-0.09528541556807794,-0.09329199164320112
677942R2024,677942,27.029116400307778,29.837032535809513,51,46.34971080542367,87.70169491525424,71,-0.42978569356973595,0.7361909039106095,-0.03604680049165444,-0.18365891163383274,-0.07386815681845753
677942R2025,677942,27.747540576009786,28.47678109338091,67,45.02052971436935,88.9312925170068,71,-0.42978569356973595,0.16937458903531222,0.3529986254159606,-0.07030462476478257,-0.013999475509956838
677942R2026,677942,29.741419240839072,29.535025782850727,81,45.69426883920325,90.76954314720811,71,-0.42978569356973595,0.4566840689066671,0.9346222381590913,-0.15849168222060062,0.15215707989248362
677950L2024,677950,27.76972299297906,29.290426540183788,26,46.13925094696768,88.64936708860759,69,-1.2837322828159718,0.6464423495548007,0.2637972491206385,-0.13810841199835563,-0.012150940762517473
677950L2025,677950,20.57676581830619,27.037511738719456,134,44.87773507147158,88.58871473354232,69,-1.2837322828159718,0.10848120602227922,0.2446068072435265,0.04963448812367203,-0.6115640386519233
677950L2026,677950,21.2118675246456,27.933401827223864,32,45.322963875857624,88.22235294117647,69,-1.2837322828159718,0.29834468803905845,0.1286897142497714,-0.025023019251695366,-0.5586388964569723
677951R2024,677951,28.429335598642474,24.083259774458526,153,42.61544077584679,92.73271375464684,73,0.42416089567650006,-0.8562521357621066,1.5557706073586666,0.2958221518120829,0.042816776376100485
677951R2025,677951,27.44287326129721,25.23695061828393,153,42.67513073157963,93.3,73,0.42416089567650006,-0.8307979362017451,1.7352603189686968,0.19968124815996577,-0.039388418402671675
677951R2026,677951,26.369034318558015,25.64611324363441,137,42.41353528061848,92.2699074074074,73,0.42416089567650006,-0.9423527653366706,1.4093383987906904,0.1655843627140925,-0.12887499696427115
677956R2026,677956,27.657778149148246,28.521692637325653,22,47.04763449737624,88.2258064516129,75,1.278107484922736,1.0338136565958196,0.12978240704349686,-0.07404725342684444,-0.021479677748418524
678009L2024,678009,25.81520328245276,28.052029117957204,69,44.200485214051085,86.52461538461539,77,2.132054074168972,-0.18032539152599777,-0.40847547689100944,-0.03490862681280701,-0.1750275833063757
678009L2025,678009,27.20292896595426,29.41539418656675,56,46.169053555022856,85.46962962962962,77,2.132054074168972,0.6591513811421441,-0.7422736087269066,-0.1485223825302692,-0.059383776347917326
678011L2025,678011,32.578318184483166,26.819767408267033,29,42.09899339082541,85.90416666666665,69,-1.2837322828159718,-1.0764860870084383,-0.6047858270284472,0.06777984899470724,0.3885653251961581
678011L2026,678011,33.4724456014954,26.413512154059674,43,43.018366976249915,86.49574468085106,69,-1.2837322828159718,-0.6844281867033318,-0.4176101850477558,0.10163445351198715,0.4630759432805111
678218L2026,678218,25.223219680261288,28.57633210019941,69,44.84630549064856,85.8825,72,-0.002812398946617945,0.0950783677633884,-0.6116411734843243,-0.07860054199965738,-0.22435955015566508
678218R2026,678218,26.007270668580695,29.523840311740543,47,45.73471154424256,89.95744680851064,72,-0.002812398946617945,0.4739304660968255,0.6776744647442304,-0.1575595596280852,-0.15902196779571445
678225L2024,678225,31.023427762111293,23.580987084170125,23,41.36377321823323,84.05882352941177,71,-0.42978569356973595,-1.3900135601687174,-1.1886535132989469,0.3376782093361162,0.2589911233318354
678246R2024,678246,28.550696364183644,27.82504619932779,70,44.13108046208725,86.20394736842105,74,0.851134190299618,-0.20992237120599894,-0.5099350314293887,-0.01599338359368918,0.052930173504531254
678246R2025,678246,30.524296599341557,28.141458683721172,136,44.98681692244262,89.73596059113301,74,0.851134190299618,0.1549980976657951,0.6075960914215022,-0.04236109062647101,0.21739685976769074
678246R2026,678246,31.84994976912781,26.947406988224465,155,43.31467169747222,90.21312910284465,74,0.851134190299618,-0.5580719277302522,0.7585724975270138,0.05714321733158793,0.32786795724987855
678391L2025,678391,34.095586117929614,25.860698157514047,27,42.3083898460016,85.90697674418605,69,-1.2837322828159718,-0.9871910106116072,-0.6038967167993691,0.14770228655745607,0.5150043196500288
678391L2026,678391,33.431956151643476,25.429429603287144,115,43.56081664657205,82.37,69,-1.2837322828159718,-0.453105814449732,-1.7229983008508503,0.18364133274303138,0.4597018224595173
678489L2026,678489,27.84411510967329,26.97515658748086,49,44.90306648020987,81.18636363636364,66,-2.5646521666853257,0.1192835382614866,-2.097501563181805,0.05483075072688829,-0.005951597704664913
678489R2025,678489,22.95401524464981,27.715127305831036,22,43.08238010755918,87.94666666666667,66,-2.5646521666853257,-0.6571304110755078,0.041462410023839456,-0.006833475802292988,-0.4134599197899549
678489R2026,678489,25.801022553334686,26.911898885558404,30,47.11392855922912,73.0525,66,-2.5646521666853257,1.0620841128116556,-4.671060944050181,0.060102225887092985,-0.17620931073288185
678545R2026,678545,28.497541400579305,29.509888417533436,41,48.03766799397781,86.5910891089109,71,-0.42978569356973595,1.4560037869878257,-0.38744315026370474,-0.15639690177749296,0.0485005932041697
678554R2024,678554,31.675299858331975,29.365527155571087,34,46.999372585507075,88.81720430107526,73,0.42416089567650006,1.0132328349014514,0.3169010447970172,-0.1443667966139639,0.31331379801689224
678554R2025,678554,33.52794533741551,28.00728246070791,87,44.20126286889289,87.52954545454546,73,0.42416089567650006,-0.17999376820195,-0.09051499412325803,-0.031179738708699094,0.46770092127385343
678554R2026,678554,34.07750625595457,26.494982336147128,88,43.36631128722929,88.01369863013699,73,0.42416089567650006,-0.5360507282377474,0.06267136386415421,0.09484527167136599,0.5134976644854415
678662R2024,678662,27.090560584628268,24.8110390539121,147,43.48288594394725,87.91978494623655,72,-0.002812398946617945,-0.4863386026489628,0.03295701739867372,0.23517387852428495,-0.06874780812508341
678662R2025,678662,28.357693603580834,23.859214007868463,95,43.2947934745427,87.81598513011153,72,-0.002812398946617945,-0.5665488020576195,0.00011469270974141614,0.31449263236125474,0.03684661012096383
678662R2026,678662,28.866683122122655,24.711804285874578,135,42.880313394317405,85.83,72,-0.002812398946617945,-0.7432997904998102,-0.6282522052812602,0.24344344252741182,0.07926240333278223
678877R2024,678877,28.578349727117303,30.339366291321184,63,49.01703118292681,88.64444444444445,76,1.705080779545854,1.8736436687320537,0.2622397215259908,-0.225520057926472,0.05523462041566951
678877R2025,678877,28.955294128381308,33.434112149591506,60,48.74834966204779,90.27835051546391,76,1.705080779545854,1.7590670541799034,0.7792085919814863,-0.4834155461156655,0.0866466538543366
678882R2024,678882,30.518493087738673,26.344358158763832,145,46.17648141310863,85.90050251256282,70,-0.8567589881928539,0.6623189187906499,-0.6059451676061159,0.10739728645330733,0.21691323380078367
678882R2025,678882,30.534887056671103,26.787101356928776,148,44.83991081170556,87.73294930875576,70,-0.8567589881928539,0.09235141928535313,-0.026157891458361855,0.070502019939562,0.2182793978784862
678882R2026,678882,29.760985824849236,25.6890820439603,130,43.93300219928972,85.89572446555819,70,-0.8567589881928539,-0.29439091483141283,-0.607456944572235,0.16200362935360157,0.15378762855999728
678894R2025,678894,30.56058532464853,26.507200241189956,30,42.61141525147791,84.61818181818182,72,-0.002812398946617945,-0.8579687813746333,-1.0116722119534243,0.093827112917797,0.22042092020993861
679032R2024,679032,26.312684006397326,24.92876105841966,103,43.30059682721317,82.41985559566787,71,-0.42978569356973595,-0.5640740189022349,-1.7072239601861998,0.22536371148198833,-0.1335708563109952
679032R2025,679032,28.691380801352324,26.42995450522279,57,45.04556829136252,82.83109243697479,71,-0.42978569356973595,0.18005204603233554,-1.5771083745286512,0.10026425758172763,0.06465387660192128
679529R2024,679529,28.06526269690862,25.752011397120402,83,42.695651667179185,89.01223628691984,73,0.42416089567650006,-0.822046983323603,0.3786092832405251,0.15675951659025986,0.012477367898279171
679529R2025,679529,32.94239381108762,28.000789240203595,151,44.704747479639465,90.17368421052632,73,0.42416089567650006,0.034712334360364666,0.7460921097074606,-0.03063863700000624,0.4189049607465292
679529R2026,679529,30.572048553564766,28.615982082193906,153,44.37306198248464,89.47945619335347,73,0.42416089567650006,-0.10673171149628426,0.5264379446106416,-0.08190470716586547,0.22137618928629146
679822R2026,679822,29.761426487221023,28.781429143057473,90,44.82451297005925,89.18301886792453,71,-0.42978569356973595,0.08578515986612761,0.4326449953058947,-0.09569196223782939,0.15382435042431286
679845R2024,679845,30.154142872011416,28.30395702315893,50,45.078803778217754,83.07952755905512,71,-0.42978569356973595,0.19422499530851486,-1.498503351436222,-0.055902618912950786,0.18655071582351232
679845R2025,679845,28.938551956800655,28.024730965687347,61,43.531769504763425,87.73146853146854,71,-0.42978569356973595,-0.4654926848231028,-0.02662641028888218,-0.0326337807903189,0.08525147288928221
679845R2026,679845,28.753031542807413,29.02698655563223,115,44.8500267297854,85.46875,71,-0.42978569356973595,0.09666525390592197,-0.7425519240744721,-0.11615507995239256,0.0697914383898454
680118R2024,680118,27.840261526529492,29.055639660600697,44,45.459605824224774,83.58666666666667,72,-0.002812398946617945,0.35661431446702213,-1.3380442306361087,-0.11854283869976474,-0.006272729633314711
680474R2024,680474,29.291123204633937,29.003973787982563,127,44.40823335951825,87.44755244755245,72,-0.002812398946617945,-0.0917332207312184,-0.11645763119539665,-0.11423734931492024,0.11463241020872239
680474R2025,680474,30.210853179259175,28.60266528604674,70,44.399214476662685,85.50921052631578,72,-0.002812398946617945,-0.09557923537804718,-0.7297501890429997,-0.08079497415360166,0.19127657476082552
680474R2026,680474,30.192543221300706,30.709398399267826,31,46.74360633738172,86.06470588235294,72,-0.002812398946617945,0.9041638124728364,-0.5539911219537752,-0.2563560669220255,0.18975074493095315
680574R2025,680574,28.047964993102052,26.995828519702503,141,44.0680726521863,87.89306358381504,68,-1.7107055774390898,-0.2367914373225569,0.024502362144555236,0.053108089708418106,0.011035892581065335
680574R2026,680574,25.44006322443422,26.83751397720452,124,43.20473128738279,86.36529209621993,68,-1.7107055774390898,-0.6049549435376315,-0.4588854618344294,0.06630096824991671,-0.2062892548079208
680577L2025,680577,26.047350352889975,28.273378088826192,35,43.01291643565894,85.43846153846154,72,-0.002812398946617945,-0.6867525165878368,-0.7521352116496283,-0.05335437438522265,-0.15568199410327446
680664R2026,680664,29.36444568906213,30.276667629944416,37,48.53468168942168,89.40112359550561,73,0.42416089567650006,1.6679504308199224,0.5016534632089742,-0.22029516947840802,0.12074261724440512
680700L2024,680700,32.11049699331314,22.26949608564037,85,39.64729133947892,86.1989847715736,68,-1.7107055774390898,-2.121990519225522,-0.5115052000775477,0.44696912588026255,0.3495802259319894
680700L2026,680700,31.81131480110044,25.635991105387895,114,43.14132844264219,85.21691729323308,68,-1.7107055774390898,-0.6319924684094095,-0.8222319450195029,0.16642787423463545,0.324648376580931
680718L2024,680718,31.277110386522658,26.408420681598283,67,43.629792401785295,88.27482993197279,71,-0.42978569356973595,-0.42369177625069304,0.14529346592072945,0.10205874288376975,0.28013134203278245
680718L2025,680718,33.131265818669476,25.46397803626197,132,42.230996299731615,91.67243401759531,71,-0.42978569356973595,-1.0201947337213673,1.2202974563908293,0.1807622966617958,0.434644294711684
680728L2024,680728,32.38607951816134,29.072806980391658,25,45.796128420493346,86.42500000000001,69,-1.2837322828159718,0.5001210940721385,-0.43999384491596494,-0.11997344868234479,0.37254543633600584
680728L2025,680728,29.0039858476598,28.662252629199006,41,44.274214682663306,89.93866666666666,69,-1.2837322828159718,-0.14888417860342743,0.6717324164904916,-0.08576058608295718,0.09070429712754417
680728L2026,680728,28.41281373380778,27.84699619451869,57,45.71833635546411,86.85952380952381,69,-1.2837322828159718,0.46694742652362153,-0.3025102484107046,-0.017822549859597636,0.04143995430654268
680737R2025,680737,32.19710641235909,25.07481617854501,36,42.06028155120573,78.95185185185186,72,-0.002812398946617945,-1.0929943735187928,-2.8045024451466936,0.2131924514715425,0.35679767751915187
680757L2024,680757,24.332745010319883,22.863636563325006,112,41.352381443392105,85.02320185614849,68,-1.7107055774390898,-1.3948714714637183,-0.8835236266379751,0.39745741940654283,-0.29856577265078216
680757L2025,680757,22.914197205001617,22.73956445077323,151,39.72000781450849,84.89217391304348,68,-1.7107055774390898,-2.0909812875381446,-0.924980947194254,0.40779676211919086,-0.4167780897606376
680757L2026,680757,31.561161128052934,22.699664041620522,142,39.410743020209765,82.13653846153846,68,-1.7107055774390898,-2.2228642432955312,-1.796865673017452,0.4111217962152498,0.30380223716030547
680776L2024,680776,27.347422120527412,30.61515951563532,153,46.591165160747146,90.18268482490272,72,-0.002812398946617945,0.8391567592151602,0.7489399095474307,-0.24850282661931664,-0.047342680133488045
680776L2025,680776,28.526694656605216,30.500231703870195,154,47.09840110909817,91.6262114537445,72,-0.002812398946617945,1.0554625831180187,1.205672609193464,-0.23892550897222295,0.05093003120632892
680776L2026,680776,29.068643788622907,29.546407690333837,143,45.984878002734504,88.70575916230366,72,-0.002812398946617945,0.5806115128421818,0.28163973539227133,-0.1594401745108597,0.09609245887446989
680777R2024,680777,27.25805978512521,27.06771232593333,117,45.524233739661426,86.63323076923076,74,0.851134190299618,0.3841742587909508,-0.37410950341515026,0.047117772522515956,-0.05478954141700498
680777R2025,680777,28.26158501484005,27.359160660364136,113,45.26789852505923,89.31015873015873,74,0.851134190299618,0.27486260615651864,0.4728721247198104,0.022830411319948674,0.02883756105923189
680777R2026,680777,30.65980001083147,26.226464930881143,85,44.33381248459176,88.64756097560975,74,0.851134190299618,-0.12346927713431378,0.26322579387423867,0.1172217221101981,0.22868881072518357
680779R2024,680779,32.716352080759,28.67686976138251,30,47.12371720427202,84.43225806451613,71,-0.42978569356973595,1.0662583850369967,-1.0704986002190768,-0.08697868043158241,0.40006814988581113
680779R2025,680779,32.35090984028769,27.600106759991736,81,46.62533703632347,87.6445054945055,71,-0.42978569356973595,0.8537290223303291,-0.05414156785366938,0.0027515696843153727,0.36961462984653526
680779R2026,680779,33.01371442548224,28.689222608688524,85,45.98840064683782,88.09175257731958,71,-0.42978569356973595,0.5821137100692529,0.08736768002656525,-0.08800808437375036,0.42484834527941445
680862R2025,680862,27.841462757090436,31.29813972325019,29,48.4987168703556,88.832,74,0.851134190299618,1.6526135844372953,0.3215824128979046,-0.30541784392055593,-0.006172627086569331
680869R2024,680869,22.394606402519642,28.254823239335085,131,45.539494355988765,88.25696202531645,74,0.851134190299618,0.39068199981104523,0.13964004943286112,-0.05180813692763042,-0.4600773233008022
680869R2025,680869,21.40654723409908,29.086416601418918,27,45.254201661811265,86.95833333333333,74,0.851134190299618,0.2690217123883081,-0.27124685523279596,-0.12110758376794983,-0.542415587335849
680869R2026,680869,19.038482001568163,30.756887576578926,95,46.73347959891284,88.35527272727273,74,0.851134190299618,0.8998453636028741,0.17074561507428965,-0.26031349836461715,-0.7397543567134255
680977L2024,680977,27.817655776229966,27.493803243957416,141,43.74325697825329,88.32980392156863,71,-0.42978569356973595,-0.3753059140568044,0.16268726952417617,0.011610196020508686,-0.008156542158275215
680977L2025,680977,26.46500038333037,28.539747964669093,113,44.37935712085772,89.137343358396,71,-0.42978569356973595,-0.10404721112363235,0.41819323642742173,-0.07555186403879777,-0.12087782489990821
680977L2026,680977,26.486571566529257,28.593706564250834,37,44.33628422333605,85.68230088495575,71,-0.42978569356973595,-0.12241522824977695,-0.6749842947361081,-0.0800484140039428,-0.11908022630000097
681082L2024,681082,24.289444043793527,25.501736228924972,140,41.636538854327284,86.77529691211402,72,-0.002812398946617945,-1.2736953145090433,-0.3291596897636845,0.17761578060654562,-0.3021741865279785
681082L2025,681082,26.611234132870806,23.759930164619313,142,40.67362506453422,86.9256038647343,72,-0.002812398946617945,-1.6843205103882457,-0.28160247892032636,0.3227662859653506,-0.10869167910487192
681082L2026,681082,26.55808878777176,24.43915587982708,148,41.03743698466544,88.72974238875878,72,-0.002812398946617945,-1.529176464731598,0.2892280427682537,0.26616414303137,-0.11312045786312581
681146R2024,681146,27.316397549334912,31.05502084734207,64,48.8559803359262,87.09130434782608,71,-0.42978569356973595,1.8049651055033051,-0.22917474571260252,-0.28515793759487923,-0.04992806106619637
681146R2025,681146,26.237649499897802,30.647742033343118,37,47.58635334287373,87.30675675675676,71,-0.42978569356973595,1.263545054983795,-0.16100547303690377,-0.2512180364282998,-0.13982373185262217
681198L2026,681198,29.099680327733665,24.397824508583017,147,41.26885168075607,84.25279642058166,77,2.132054074168972,-1.430491924205947,-1.127280373051957,0.2696084239683752,0.09867883713369974
681297L2024,681297,27.088240764520172,28.770442493038562,143,45.71612526905214,90.33454545454546,75,1.278107484922736,0.46600453028447286,0.7969887047416879,-0.09477640806958683,-0.06894112646742467
681297L2025,681297,27.575312738777658,28.366584666386824,88,45.00474560004552,90.56010101010102,75,1.278107484922736,0.16264360739946124,0.8683546191285314,-0.06112158918194203,-0.028351795279300873
681297L2026,681297,27.988248020844022,27.76961100043916,124,45.792458320584984,86.97175925925927,75,1.278107484922736,0.49855601575490793,-0.2669988841383354,-0.011373783686303263,0.006059478226229468
681351R2024,681351,25.14261366732528,26.94280407231265,130,44.238168373986184,90.29263803680982,74,0.851134190299618,-0.16425577543604347,0.7837291723886534,0.05752679365757244,-0.2310767179003325
681351R2025,681351,27.625380190270924,28.66357384220301,119,44.796558462645415,90.71678321678321,74,0.851134190299618,0.07386423277567557,0.9179289642182877,-0.08587068716662423,-0.024179507654862025
681351R2026,681351,26.919595814162356,26.569472279620303,81,43.747347764805454,86.47807486631015,74,0.851134190299618,-0.3735614380226182,-0.4232009250703278,0.08863777638193475,-0.08299487233057601
681393R2024,681393,28.17527056990061,28.502394597324837,45,45.00744304340733,86.22347826086957,70,-0.8567589881928539,0.16379390581719874,-0.5037554452296774,-0.07243908342677645,0.021644690647611913
681393R2025,681393,26.720561687214843,26.191274841791554,87,42.47372332611904,88.29641255605381,70,-0.8567589881928539,-0.9166861602519463,0.15212222125160893,0.12015422953433053,-0.0995810495762021
681393R2026,681393,27.973207843619242,25.853099793029575,100,41.49229087793045,87.23348837209302,70,-0.8567589881928539,-1.335208457420682,-0.18418763431994253,0.14833548359782878,0.004806130124164494
681460L2024,681460,28.87586767445536,28.866631007004564,30,45.571804178811846,86.93442622950819,73,0.42416089567650006,0.40446020868725313,-0.27881107736254934,-0.10279211756675366,0.08002778269384099
681460L2025,681460,28.33248009061126,30.28812452057482,93,46.84413832868087,90.06337209302325,73,0.42416089567650006,0.9470346998325565,0.7111892889182986,-0.22124991036427488,0.0347454840401659
681460R2025,681460,29.976555893182596,29.573757399310413,38,46.590903786080915,80.6125,73,0.42416089567650006,0.8390452985375206,-2.2790723652911873,-0.1617193169255744,0.17175180092111061
681481L2024,681481,32.193893506463965,30.249969704622234,79,47.44957726299991,90.52041884816755,73,0.42416089567650006,1.205218229482785,0.8557991590590439,-0.2180703423682262,0.35652993536122474
681481L2025,681481,32.345365487186015,29.147665788242122,125,46.47545455502479,91.44,73,0.42416089567650006,0.789813099747728,1.1467551924486272,-0.1262116826698835,0.3691526004213956
681481L2026,681481,31.861856932745845,30.464533470379234,80,47.368997180224774,89.81146496815286,73,0.42416089567650006,1.1708556389536646,0.6314857220402593,-0.23595065618130948,0.32886022088471467
681508L2025,681508,21.33870827224518,28.842010403515925,28,44.71128446150861,88.96981132075472,69,-1.2837322828159718,0.037499966533597905,0.3651859982509451,-0.10074040060936706,-0.5480688341570072
681508L2026,681508,22.60551844830528,27.22399257196371,59,43.74704701562993,89.5911111111111,69,-1.2837322828159718,-0.3736896895757879,0.5617656282136222,0.0340944186866509,-0.44250131948533244
681508R2025,681508,19.592013240616488,28.742306585908295,20,43.319363373618216,82.69166666666666,69,-1.2837322828159718,-0.5560712081883032,-1.6212227726981885,-0.0924317491420646,-0.6936267534593984
681546L2024,681546,28.46218210030371,27.20042471129422,42,43.8977486648312,87.60864197530864,74,0.851134190299618,-0.3094244408291812,-0.0654888070485071,0.036058407075774866,0.045553984847870176
681546L2025,681546,27.49128257432038,27.850336469662302,45,44.06747776880436,87.19154929577465,74,0.851134190299618,-0.23704511953982804,-0.1974571834677264,-0.018100906121565192,-0.035354308984074066
681546L2026,681546,26.375903838759097,28.299056521630078,60,45.26013499138362,86.45581395348837,74,0.851134190299618,0.2715519229260435,-0.4302442913695928,-0.055494243785546495,-0.12830253694751428
681624R2024,681624,30.026550653359003,29.27446756966126,114,45.751276176760065,88.56375838926175,73,0.42416089567650006,0.48099429210520606,0.23671060479819633,-0.13677849778814513,0.17591803093581118
681624R2025,681624,31.5738764553556,29.814503052907547,155,46.13562136095459,88.60356347438753,73,0.42416089567650006,0.6448945479931407,0.24930495784017914,-0.18178145472533558,0.3048618477688609
681624R2026,681624,30.146553911918037,27.87922412637498,125,45.40517319750374,88.80458015267175,73,0.42416089567650006,0.3334020515973147,0.3129067565962536,-0.020508210847621555,0.18591830248239738
681715R2025,681715,29.25888209704963,26.92841966801245,83,45.10726834157074,90.2475138121547,71,-0.42978569356973595,0.206363430780445,0.7694518403780163,0.05872549401592261,0.11194565124336335
681715R2026,681715,28.093666601751885,28.21799932109909,125,44.79054966938617,91.20602006688962,71,-0.42978569356973595,0.0713018414845469,1.0727237999011652,-0.04873947707463078,0.014844359968551343
681807R2024,681807,28.67300060644129,32.51976549216962,115,50.45425486323002,88.11450980392158,73,0.42416089567650006,2.4865336922237353,0.09456808030648658,-0.4072199913305082,0.06312219369266832
681807R2025,681807,28.873513429893272,33.371171801888366,63,50.041098244665854,87.5215909090909,73,0.42416089567650006,2.3103470811013014,-0.09303181712279622,-0.4781705171404038,0.0798315956470003
681807R2026,681807,26.965241354601037,33.34478094630245,78,50.840089895402365,85.15087719298246,73,0.42416089567650006,2.651069279253677,-0.8431270727363781,-0.47597127917491083,-0.07919107729401927
681962R2025,681962,27.827103193839687,27.333969344411045,38,42.124070669325,83.67432432432432,68,-1.7107055774390898,-1.0657921261313972,-1.310309294662848,0.024929687649372905,-0.007369257357465149
681987R2025,681987,28.390003168446242,26.172351547282975,31,45.24013343841961,88.0375,71,-0.42978569356973595,0.2630224557081108,0.0702021317042514,0.12173117074337873,0.03953907385974779
681987R2026,681987,26.042787443711738,26.53072941935087,20,43.42822620411553,86.56969696969698,71,-0.42978569356973595,-0.5096477156900481,-0.39421163606726406,0.0918663480710542,-0.1560622365347942
682073R2024,682073,20.607422048323254,29.930385404960134,22,46.510162823182,82.63142857142857,78,2.55902736879209,0.8046141022484247,-1.6402821425150815,-0.1914383173963845,-0.6090093528171678
682177L2024,682177,28.90328282832159,26.406971656008654,70,42.345840012173866,88.52857142857142,72,-0.002812398946617945,-0.971220752439794,0.22557742912458534,0.10217949501623884,0.08231237884936012
682177L2025,682177,29.120069919871433,26.2707197273114,120,42.03399971991349,88.34961832061069,72,-0.002812398946617945,-1.1042020041881608,0.16895655738179324,0.1135338224076768,0.10037796981184706
682177L2026,682177,32.13717896883033,24.280311822755817,84,40.41128765784198,87.85689655172413,72,-0.002812398946617945,-1.7961917393095732,0.013059091286215822,0.2794011477873086,0.35180372389175485
682617R2024,682617,29.290139275505,27.299367551917744,24,42.06587153065123,87.88541666666667,73,0.42416089567650006,-1.0906105812945057,0.022082872927412067,0.02781317035714803,0.11455041611464416
682622R2024,682622,28.97072028799964,25.545234243207663,65,44.37864480941305,87.01354838709678,74,0.851134190299618,-0.10435096939316103,-0.25377677878071525,0.17399094608298812,0.08793216715586431
682622R2025,682622,27.072916963170247,27.59951891722962,87,44.950943255227195,88.2873015873016,74,0.851134190299618,0.1397001221010194,0.14923950522029705,0.0028005565811583346,-0.0702181099132518
682622R2026,682622,26.360782449131197,26.680445653985053,58,46.1419228518457,87.94485294117646,74,0.851134190299618,0.6475817573351625,0.040888546180243804,0.07938999518487222,-0.12956265274983933
682626R2024,682626,26.892464058579435,28.39112467117511,86,45.909334931188546,88.8103139013453,70,-0.8567589881928539,0.5483969066337256,0.3147209181492436,-0.06316658958096581,-0.08525585196248613
682626R2025,682626,25.80818479092387,27.788530442071217,73,44.56785799590736,93.1485549132948,70,-0.8567589881928539,-0.02366285111016279,1.6873430018115552,-0.012950403822308054,-0.17561245760044977
682626R2026,682626,25.794441002669096,28.572618708053042,105,44.73202353069377,90.52468619246862,70,-0.8567589881928539,0.046343940352208804,0.8571493493804448,-0.07829109265412686,-0.1767577732883477
682641R2024,682641,28.460138475502056,22.63062305445895,42,42.15059116254584,86.85590551181103,71,-0.42978569356973595,-1.0544827204098741,-0.30365507999847063,0.4168752118120474,0.04538368278106564
682641R2025,682641,26.900198996647354,27.66391356536342,55,46.742053087117405,88.0404109589041,71,-0.42978569356973595,0.9035014440440168,0.07112316086455134,-0.00256566409665826,-0.0846112737901595
682653R2025,682653,26.340119133236723,25.394022403567373,39,42.911080233473015,85.35438596491228,73,0.42416089567650006,-0.730179571962311,-0.7787367740414846,0.18659193271967892,-0.13128459574104548
682657L2024,682657,31.137421328388612,25.483842407178223,38,43.07604418892928,85.40869565217392,71,-0.42978569356973595,-0.6598323017910172,-0.7615531560989176,0.17910693241877476,0.2684905871882786
682657L2025,682657,30.48238012220371,25.240639319464,115,44.691721507698276,86.30308370044052,71,-0.42978569356973595,0.029157535647784734,-0.4785682359359191,0.19937385639495986,0.21390382000620356
682657L2026,682657,31.93717946135163,24.89901543673774,90,43.646188399200994,85.44831460674158,71,-0.42978569356973595,-0.41669986303704654,-0.7490176948782551,0.22784251328881489,0.33513709826853005
682657R2024,682657,32.54027477854333,24.787567224171553,23,41.45954716266831,84.06206896551724,71,-0.42978569356973595,-1.3491716954964599,-1.1876266553495574,0.23712986433599723,0.38539504136783825
682657R2025,682657,30.606456968282753,22.918396830906605,69,41.38724270868604,84.79237288135593,71,-0.42978569356973595,-1.3800052248260055,-0.9565580540652829,0.3928940637747429,0.22424355717945707
682657R2026,682657,31.07460631988522,23.14567234014669,67,41.3714617886185,87.61964285714285,71,-0.42978569356973595,-1.3867348443024083,-0.06200812137341456,0.37395443800473593,0.2632560031463293
682663R2025,682663,28.29848625470998,30.26782502468747,135,47.882637728683434,90.8399061032864,73,0.42416089567650006,1.3898926421184705,0.9568851200780036,-0.21955828570699568,0.031912664381726095
682663R2026,682663,27.395323167596914,32.80538890747795,64,48.97697505691784,89.90264900662251,73,0.42416089567650006,1.856562124399689,0.6603364070382118,-0.4310219426062023,-0.043350926211029574
682668R2025,682668,28.42089173719669,25.512482725937232,62,41.657531342123534,85.35579710144928,67,-2.137678872062208,-1.2647432727949255,-0.778290289586514,0.1767202391888573,0.0421131212556185
682668R2026,682668,30.723784915317072,25.793918689297424,75,43.06945675834443,86.74000000000001,67,-2.137678872062208,-0.6626414473271159,-0.34032765413434096,0.15326724224217467,0.23402088609898364
682674R2026,682674,29.730545716291054,25.032394310098574,34,41.73940067035494,91.03857142857143,73,0.42416089567650006,-1.2298308961129545,1.019742949321025,0.21672760717541215,0.15125095284681547
682729L2025,682729,28.4463157357114,25.96151375439272,28,42.228098488227175,84.56,70,-0.8567589881928539,-1.0214304771796547,-1.0300809744643173,0.13930098681756675,0.04423178779851108
682818L2026,682818,25.68573948773706,27.883180802295502,56,44.520235405069236,90.9152,70,-0.8567589881928539,-0.04397104058513356,0.9807081546003843,-0.020837933840998524,-0.18581623286601742
682829L2024,682829,27.58593940914556,29.640299873723645,147,46.02532742558524,92.65,78,2.55902736879209,0.5978607747775136,1.5295999252923311,-0.16726452312667708,-0.02746623941530905
682829L2025,682829,28.711096773854937,29.97540727039092,151,46.74403019371905,91.97184466019418,78,2.55902736879209,0.9043445618746881,1.3150311650489501,-0.19519013951561673,0.06629687431047238
682829L2026,682829,28.979032910373693,29.276463281790132,125,46.15042965454928,94.29612403100776,78,2.55902736879209,0.6512094003946867,2.0504345656880023,-0.13694480713221768,0.08862488568703537
682829R2024,682829,30.128036533778523,29.56699068529457,99,45.32689007158082,86.78943089430895,78,2.55902736879209,0.30001897591922666,-0.3246876892368768,-0.16115542409092085,0.1843751876374379
682829R2025,682829,29.611893039020014,29.965033647093524,105,46.60784938939681,88.2050724637681,78,2.55902736879209,0.8462715858278674,0.12322216073174136,-0.1943256709075003,0.14136322974089546
682829R2026,682829,30.973373728923917,30.38145774300476,82,47.253422592195975,95.70550458715596,78,2.55902736879209,1.1215699829052836,2.496363427253012,-0.22902767890010325,0.2548199538995541
682848L2026,682848,32.323921439143255,24.918464463532885,42,39.01437533920247,92.22345679012346,72,-0.002812398946617945,-2.3918913757128397,1.3946413953489598,0.22622176105588623,0.36736559641783223
682868R2024,682868,27.274664507121283,29.511379154557524,30,46.539009645234025,90.06282051282051,74,0.851134190299618,0.8169155482149951,0.7110147686080842,-0.15652112986283365,-0.05340581458399877
682877L2026,682877,28.932757375623066,25.828051071448673,23,40.802497867992344,83.01666666666667,72,-0.002812398946617945,-1.6293639600465313,-1.5183925758600034,0.15042287706290391,0.0847685911244831
682927L2025,682927,28.70901249226841,27.159734405599057,24,42.43172750128222,88.89074074074075,68,-1.7107055774390898,-0.934594870234629,0.3401680188449602,0.039449265883705266,0.06612318417826184
682928L2024,682928,26.972837488052885,30.187974510918703,131,48.69249571353265,88.08509615384615,72,-0.002812398946617945,1.7352486824910076,0.08526158360806949,-0.21290407622626528,-0.07855806617303192
682928L2025,682928,27.786889666921695,30.100939065806855,142,48.02828837195192,88.58823529411765,72,-0.002812398946617945,1.4520039386395311,0.24445511231918687,-0.2056511224669446,-0.010720384600631109
682928L2026,682928,28.76152466105494,29.188364791932862,148,46.46093391503086,89.63990384615384,72,-0.002812398946617945,0.7836209144191937,0.577203679132755,-0.12960326631077854,0.07049919824380584
682985L2024,682985,26.19635772023472,23.273511852170998,128,39.31158614316852,91.34425770308124,74,0.851134190299618,-2.265148726589287,1.1164622717166406,0.3633011453360435,-0.14326471349121248
682985L2025,682985,29.90311022194697,24.71301601277481,154,40.58482432715469,89.93044554455446,74,0.851134190299618,-1.722188718910343,0.6691312484750189,0.24334246528572598,0.16563132831814187
682985L2026,682985,30.817351164642343,24.480799267580124,135,39.610920505651464,90.0541547277937,74,0.851134190299618,-2.137500506643916,0.7082729089771183,0.2626938607186163,0.2418180735427562
682987L2026,682987,20.621231757790746,28.366070021753657,79,44.966759035051155,94.13288590604026,79,2.986000663415208,0.14644460718061472,1.9987859240821413,-0.0610787021291781,-0.6078585436948769
682988R2025,682988,16.053833275065045,31.343031507754386,31,49.01754585844686,87.91333333333334,74,0.851134190299618,1.8738631470887617,0.03091572316864167,-0.30915882596257216,-0.9884750839220185
682997L2026,682997,28.306186665477366,28.36518684127378,35,45.66590241161162,83.22711864406779,71,-0.42978569356973595,0.4445874824732038,-1.451805442748796,-0.06100510375585492,0.032554365279008124
682998L2024,682998,28.90725674752126,29.064575387773175,149,45.55264596991323,88.78272921108741,70,-0.8567589881928539,0.39629037732220457,0.3059931054448179,-0.11928748263080458,0.0826435387826659
682998L2025,682998,30.637440611290224,29.92155814609761,141,45.46336063989758,92.08280871670702,70,-0.8567589881928539,0.3582155189959009,1.3501402597356544,-0.19070271249117413,0.22682552743007958
682998L2026,682998,30.020201385048882,31.089288876190064,148,46.7639780835402,91.84401913875598,70,-0.8567589881928539,0.9128511449686413,1.2745870926476166,-0.2880136066655454,0.1753889252433011
683002L2024,683002,24.861314358477912,26.65843095586429,154,42.79199773435621,92.8042194092827,75,1.278107484922736,-0.780961142487054,1.5783950397932769,0.0812245533616025,-0.25451832697094634
683002L2025,683002,26.57791085402169,25.80740518641586,148,42.761758067422846,92.10294784580499,75,1.278107484922736,-0.7938565535710534,1.3565122923796356,0.15214336748230503,-0.11146861900896472
683002L2026,683002,27.68896530611826,24.10645601042711,151,41.49459563678346,89.21724137931035,75,1.278107484922736,-1.3342256154824914,0.443473018635436,0.2938891321480342,-0.018880748000917436
683011R2024,683011,30.03393294832539,28.419555606798326,150,45.651011128724974,87.00414078674949,70,-0.8567589881928539,0.4382372400973676,-0.25675334922836623,-0.06553583421623384,0.17653322218301012
683011R2025,683011,28.649941901071962,29.22562206952147,147,46.15839908541692,88.77769423558898,70,-0.8567589881928539,0.6546078864749135,0.304400036147651,-0.13270803944316256,0.06120063491189113
683011R2026,683011,28.644099076293248,28.196844266402415,65,44.871476141195394,87.61592356687899,70,-0.8567589881928539,0.1058121462394674,-0.06318490706550996,-0.04697655584990793,0.06071373284699829
683021R2024,683021,26.41513969188843,27.993742542149278,36,44.98798475398585,83.81978021978023,69,-1.2837322828159718,0.15549610803938715,-1.2642869612443692,-0.030051412162146462,-0.1250328825200698
683083L2024,683083,26.64767588365454,28.67836491273064,21,46.386119621641704,66.34137931034483,68,-1.7107055774390898,0.7517170885490843,-6.794463594887261,-0.08710327637725997,-0.10565486653956076
683083L2025,683083,27.993916079033347,29.210075546492412,23,45.30953371431379,83.83783783783784,68,-1.7107055774390898,0.2926175266118524,-1.2585735199542374,-0.13141249585740766,0.006531816408673248
683083L2026,683083,27.46392869011299,28.81719048435874,114,44.13474661800398,81.12391304347825,68,-1.7107055774390898,-0.20835897476553916,-2.1172609685943136,-0.09867207401293498,-0.037633799334689876
683083R2026,683083,30.257747032517138,29.68559125996223,71,45.6919123689431,83.85346534653466,68,-1.7107055774390898,0.45567917514316203,-1.2536289667376688,-0.17103880531322582,0.19518439586565575
683090R2025,683090,28.950446581109944,28.35003186241014,25,46.87257541570422,88.19333333333333,72,-0.002812398946617945,0.9591614182916471,0.11950789275230395,-0.05974218885055175,0.08624269158172293
683146L2024,683146,26.251258940795676,30.256114973024907,44,47.75502019501417,85.67053571428572,75,1.278107484922736,1.3354713893375494,-0.6787068018617517,-0.21858244806844893,-0.13868961177779937
683146L2025,683146,30.04011734230959,30.270108805457166,123,45.88156078148712,90.51811846689895,75,1.278107484922736,0.5365528913309865,0.8550713170324201,-0.2197486007711372,0.17704858834836004
683146L2026,683146,28.180299993185887,29.844477267216572,132,45.9079982214625,90.23931034482759,75,1.278107484922736,0.5478268798058726,0.7668562583472409,-0.18427930591775432,0.02206380925471822
683227R2025,683227,27.166888866907065,26.171061545270028,35,42.01201923079927,84.95157894736842,69,-1.2837322828159718,-1.1135753694299102,-0.9061851583548306,0.12183867091112432,-0.06238711793518359
683227R2026,683227,26.500738218511103,25.662680348394016,30,42.76887129707417,79.96666666666667,69,-1.2837322828159718,-0.7908231861503455,-2.4834144231106543,0.16420377065079203,-0.11789967196818048
683357L2026,683357,28.705775704698937,28.353962710967508,106,43.876275136405134,90.30681818181819,76,1.705080779545854,-0.3185816176290535,0.7882157788575901,-0.06006975956366567,0.06585345188080567
683679R2026,683679,32.937610329684595,26.12517994393328,20,43.0382582473767,84.13181818181818,70,-0.8567589881928539,-0.6759457480994783,-1.1655579610679137,0.12566213768918674,0.41850633729627723
683734R2024,683734,30.482740910816993,29.764530823505723,141,46.86816542117851,90.29864559819414,70,-0.8567589881928539,0.9572808191298733,0.7856299684491683,-0.17761710227518357,0.21393388572397706
683734R2025,683734,31.667535321407442,29.047176853213756,111,45.85092561993976,91.44954954954954,70,-0.8567589881928539,0.5234888254254825,1.1497766757098455,-0.11783760475085299,0.3126667532731811
683734R2026,683734,31.702038938755468,28.811609794950613,96,45.934700875315585,90.10801687763713,70,-0.8567589881928539,0.5592139661526931,0.7253149258095096,-0.09820701656225772,0.31554205471884994
683737L2024,683737,29.985585964872485,26.90245272079679,142,43.23987502963281,89.74302670623146,71,-0.42978569356973595,-0.589968237356547,0.6098318145182875,0.060889406283894054,0.172504306895268
683737L2025,683737,30.907598092689767,26.46482721761177,152,43.205737711222255,92.05051813471502,71,-0.42978569356973595,-0.6045257639053552,1.339923500036402,0.09735819821597917,0.24933865088004156
683737L2026,683737,29.828146452484788,27.542080342835572,153,44.1585587763576,88.24131455399062,71,-0.42978569356973595,-0.19820451203802578,0.13468918002838284,0.007587104447329018,0.1593843475296266
683748L2026,683748,28.526189091575308,27.372973093871227,69,44.250641165891444,86.96860465116279,71,-0.42978569356973595,-0.15893687495549402,-0.2679970040506689,0.021679375194357735,0.05088790078716995
683766R2025,683766,27.088548714246976,29.454107262635848,57,46.439799457866656,84.93955223880597,73,0.42416089567650006,0.7746083312525159,-0.9099904162280358,-0.15174847220269397,-0.06891546399019106
683766R2026,683766,26.94772392243791,29.372713728604214,62,46.971576295937155,81.43402777777777,73,0.42416089567650006,1.0013793782676894,-2.0191404788391116,-0.14496567770005786,-0.08065086330761329
683770L2025,683770,28.313967081327643,26.325075526072414,25,44.19771213506141,85.05454545454546,72,-0.002812398946617945,-0.18150794401968376,-0.8736064931217361,0.10900417251092549,0.033202733266531226
683953L2026,683953,30.459637116932335,26.94829239565199,116,42.528034935953166,87.23173652694611,71,-0.42978569356973595,-0.8935255038535741,-0.18474191918544122,0.05706943337929419,0.21200856956692218
685133L2026,685133,12.946477450320984,24.806636177002908,89,40.824340498389866,85.14909909909909,69,-1.2837322828159718,-1.6200493833101994,-0.8436896627179907,0.23554078493338437,-1.2474214026506905
686217L2024,686217,30.364435331591825,28.60582385831587,137,46.231973155206695,82.28646616541354,69,-1.2837322828159718,0.6859828310850125,-1.7494284567067708,-0.08105818850936242,0.204075087455213
686217L2025,686217,30.825249530010808,27.388526157761337,139,44.77349863163736,84.91305309734513,69,-1.2837322828159718,0.06403059270841792,-0.9183747606356102,0.020383286536848583,0.24247627065679497
686217L2026,686217,32.343327577783086,28.325094521561685,98,44.908636440159015,84.52804054054054,69,-1.2837322828159718,0.12165879336677203,-1.0401929667937266,-0.05766407711318037,0.3689827746378181
686452L2026,686452,30.747142005544116,25.754038154948002,42,42.136430603261,81.4080459770115,72,-0.002812398946617945,-1.0605213528313144,-2.027361136337593,0.15659062010462646,0.23596731028457066
686469L2024,686469,26.915498819097305,30.326097511362228,123,48.06147504301083,90.89111617312072,75,1.278107484922736,1.4661560708953907,0.973088017189268,-0.22441432626322566,-0.08333628858599695
686469L2025,686469,28.631843115631618,31.146141286347646,156,48.73665624183802,90.74100580270793,75,1.278107484922736,1.7540805091589153,0.925593005075422,-0.2927513075120105,0.05969240279186246
686469L2026,686469,29.304432482176324,31.469885920613144,108,48.39654964376395,89.90658682634731,75,1.278107484922736,1.6090453669329552,0.6615823355841015,-0.3197300270341354,0.11574151667058796
686475R2025,686475,31.04349631132275,25.757582823199243,34,41.95907523263872,85.71666666666667,70,-0.8567589881928539,-1.136152821166245,-0.6641109405889336,0.15629523108368973,0.26066350243278996
686475R2026,686475,31.963664788726476,25.093005630898112,53,41.142691482016424,79.36176470588235,70,-0.8567589881928539,-1.4842917107172193,-2.6748057698652854,0.21167666377545066,0.3373442088831006
686527L2024,686527,33.24494424856356,28.354621835168437,55,46.59861160880159,89.86837606837607,72,-0.002812398946617945,0.842332224374526,0.6494924286194275,-0.06012468658040978,0.44411749720285787
686527L2025,686527,31.660931798135767,28.827007922761805,80,46.63928485045615,92.35483870967742,72,-0.002812398946617945,0.8596769316561975,1.436210714268074,-0.09949019387985707,0.3121164596672082
686527L2026,686527,31.674752353111536,29.902586938229206,139,46.97360940885063,91.1128205128205,72,-0.002812398946617945,1.0022463794438994,1.0432354045468324,-0.1891217785021405,0.31326817258185563
686554L2024,686554,29.49201541697112,24.451577000101366,34,39.23163195323659,87.32857142857142,70,-0.8567589881928539,-2.2992444112187678,-0.15410329766255731,0.2651290496751795,0.13137342790348772
686555L2025,686555,30.730191812987506,29.989203332426403,102,45.42938348703837,87.47258064516129,68,-1.7107055774390898,0.343726293484624,-0.108538694313485,-0.1963398113519069,0.23455479423818648
686555L2026,686555,28.38102284688892,28.698141606975494,120,43.845332560172785,88.00186046511628,68,-1.7107055774390898,-0.3317767775292413,0.05892576128174788,-0.08875133423099779,0.03879071372997108
686555R2025,686555,29.502110866822086,30.229249214036788,69,44.90720314228814,88.5438775510204,68,-1.7107055774390898,0.12104757746642875,0.23042029553768553,-0.21634363481943897,0.13221471539106813
686555R2026,686555,29.53526434968517,29.064467067459386,82,45.19338131900361,85.05943396226414,68,-1.7107055774390898,0.24308547028277175,-0.8720597663187935,-0.11927845593798884,0.13497750562965857
686611R2024,686611,31.939936736420638,27.462532903764608,30,46.693530735820694,88.98602150537636,71,-0.42978569356973595,0.8828095604954248,0.3703149104830273,0.01421605770324271,0.33536687119094744
686611R2025,686611,30.00518972885602,26.209386675906813,80,43.65918763062482,89.68411214953272,71,-0.42978569356973595,-0.41115646755733803,0.5911912130968549,0.11864491002472555,0.174137953893896
686611R2026,686611,31.216752036601022,27.44461378864469,103,43.873469669830364,89.88986013986013,71,-0.42978569356973595,-0.3197779814925778,0.6562900018489422,0.015709317296569065,0.2751014795393128
686668R2024,686668,24.988958152012675,28.469431827356104,138,45.96300446358138,88.35950000000001,75,1.278107484922736,0.5712837553684267,0.17208312672547313,-0.06969218592938198,-0.24388134417638282
686668R2025,686668,23.98294595412619,29.118388672196886,136,44.85030162122225,89.24864130434783,75,1.278107484922736,0.09678247867858547,0.453407973934845,-0.12377192299944717,-0.3277156940002565
686668R2026,686668,24.90802464936175,29.933610475014106,69,46.13799859053604,87.40542635658915,75,1.278107484922736,0.6459082943667851,-0.1297863518901049,-0.1917070732342155,-0.25062580273062657
686676R2024,686676,28.3909860315625,27.978887962347713,113,43.29105196483402,87.47913385826772,72,-0.002812398946617945,-0.5681443323878496,-0.10646525371761843,-0.028813530512016072,0.039620979119435816
686681L2024,686681,26.690268714148516,27.95777811426788,98,45.81066281843674,88.49432624113476,72,-0.002812398946617945,0.5063191463440607,0.2147422310788222,-0.027054376505363464,-0.10210546399839604
686681L2025,686681,27.123819832910236,27.134634845300504,74,46.27773311245354,86.79241071428571,72,-0.002812398946617945,0.7054967186283068,-0.32374487239148475,0.04154089590858471,-0.06597620410158604
686681L2026,686681,24.070193280360503,29.84656418904884,124,46.20900019666806,88.33216374269006,72,-0.002812398946617945,0.6761862369352076,0.16343391835623652,-0.18445321607044343,-0.3204450834807305
686765L2024,686765,16.796523235932383,24.890075082181863,21,40.17810365527414,86.01190476190476,73,0.42416089567650006,-1.8956307833291763,-0.5706974284428922,0.22858754283513813,-0.9265842538497404
686765L2025,686765,18.38049629861806,26.633128947655162,24,43.179740151724474,85.47173913043478,73,0.42416089567650006,-0.6156121696400285,-0.7416061613945217,0.08333305404569646,-0.7945864986259341
686765L2026,686765,18.05010255673512,25.29266945837031,56,40.809681002032185,82.22706766917294,73,0.42416089567650006,-1.626300782581007,-1.7682221768923505,0.19503801148610092,-0.8221193104495125
686765R2026,686765,19.66259902828781,29.89439052182463,28,43.40948653623985,87.55365853658536,73,0.42416089567650006,-0.5176390643172375,-0.08288560036160089,-0.1884387438017591,-0.6877446044867881
686780R2024,686780,28.592160325893854,29.22340024508487,63,45.82831648495333,88.62827586206897,71,-0.42978569356973595,0.5138473802817224,0.25712397226979367,-0.13252288740677928,0.056385503647048786
686780R2025,686780,27.235572213566073,28.94841352851624,105,45.949357837678356,87.27665369649804,71,-0.42978569356973595,0.5654642848260819,-0.17053009953485737,-0.10960732769272674,-0.05666350571359965
686780R2026,686780,27.065536803686626,28.786047033826772,65,44.49807443057792,85.01323529411764,71,-0.42978569356973595,-0.05342137205595544,-0.886677052900845,-0.09607678646860436,-0.0708331232035535
686797L2024,686797,25.76377450416333,29.11428778606543,45,46.70130735125022,84.8295238095238,72,-0.002812398946617945,0.8861258223122934,-0.9448034778922865,-0.1234301824884924,-0.17931331483049492
686797L2025,686797,26.914533274638444,27.21149306305945,122,45.37928611189224,88.51198501872659,72,-0.002812398946617945,0.32236275637416834,0.22032947900402208,0.0351360444286725,-0.08341675062423537
686797L2026,686797,26.02724469982829,27.757520015439365,132,45.87660690361054,88.25545722713863,72,-0.002812398946617945,0.534440358417872,0.13916393037800903,-0.010366201602987068,-0.15735746519174812
686797R2024,686797,23.91552554115163,32.464031443962035,27,50.61101110644338,88.35121951219513,72,-0.002812398946617945,2.5533808635459017,0.16946317536888178,-0.40257548731320963,-0.33333406174813646
686797R2025,686797,26.347541653586386,29.43543621378062,87,47.03897876029482,88.3203007518797,72,-0.002812398946617945,1.0301225019231874,0.15968046087894855,-0.15019255146475827,-0.1306660523785735
686797R2026,686797,24.848880372207862,30.104834910064174,91,47.501771715087706,86.61111111111111,72,-0.002812398946617945,1.2274760446055335,-0.3811081766411099,-0.20597577615505447,-0.2555544924934505
686823L2024,686823,27.589170352489038,29.00465301091784,104,47.047080215689235,85.69363957597173,71,-0.42978569356973595,1.033577288575432,-0.6713967260313066,-0.1142939512261932,-0.02719699413668586
686894R2026,686894,22.59550753852881,28.817729121829192,25,45.72732672885558,87.3575,76,1.705080779545854,0.47078128358749505,-0.14495028014179326,-0.098716960468806,-0.4433355619667048
686948L2025,686948,26.6883256235606,28.217685742259654,121,46.17426337298931,91.7,72,-0.002812398946617945,0.6613730572108079,1.2290193499191764,-0.04871334550467784,-0.10226738821405561
686948L2026,686948,27.561262305304783,28.92001292384673,132,45.638165191654785,91.36138613861387,72,-0.002812398946617945,0.43275921549993,1.1218817190931023,-0.1072406106369342,-0.029522664735373755
687093R2024,687093,26.518865534568445,27.07382453702451,30,45.168023370204835,86.0780487804878,74,0.851134190299618,0.23227182029357524,-0.549769420902698,0.046608421598250814,-0.11638906229673533
687093R2026,687093,26.266306182094098,27.40515914974776,112,45.32469414721011,87.0923076923077,74,0.851134190299618,0.299082545384721,-0.22885728691093726,0.018997203871313317,-0.13743567500293086
687221L2025,687221,29.937215319587448,28.129769602188293,50,42.08713591286838,90.81046511627906,72,-0.002812398946617945,-1.0815425928559501,0.9475699739577742,-0.04138700049873112,0.16847341978818164
687221L2026,687221,30.942365219036066,28.43678791227679,72,44.4854583334236,88.76040268456376,72,-0.002812398946617945,-0.058801383662537184,0.2989289789305394,-0.06697185967277264,0.25223591140889984
687231R2024,687231,30.570616245781245,26.270016299342625,38,44.85595474307905,85.52083333333333,71,-0.42978569356973595,0.09919319736844598,-0.7260727258632261,0.11359244140507456,0.2212568303043314
687231R2025,687231,30.739079354042502,27.24502926224397,49,45.200334196607805,83.92948717948718,71,-0.42978569356973595,0.24605045713664062,-1.2295756127484156,0.032341361163295744,0.23529542265943615
687231R2026,687231,30.150870445937354,27.273580418637053,49,46.06289902203278,84.3211009174312,71,-0.42978569356973595,0.6138828157061016,-1.105668788879739,0.029962098130538923,0.18627801365067378
687263R2024,687263,22.179027916267717,22.184083988635905,148,41.04921324608999,87.6167901234568,71,-0.42978569356973595,-1.524154592882385,-0.06291072803945745,0.4540868006306346,-0.47804219715512924
687263R2025,687263,18.382883446785264,21.62516407397515,128,39.44016310576673,90.20921787709497,71,-0.42978569356973595,-2.2103183346974133,0.7573349833309594,0.5006634601856975,-0.7943875696120003
687263R2026,687263,16.461396171610385,20.788772063288526,152,39.13549771618304,89.50330788804072,71,-0.42978569356973595,-2.3402399191648056,0.5339846352556091,0.5703627944095828,-0.9545115092099069
687282L2026,687282,23.296076322673066,29.625914606972408,29,48.690088930357504,90.0754716981132,75,1.278107484922736,1.734222333275523,0.7150176112969591,-0.16606575089740735,-0.3849548299546835
687363L2024,687363,29.02782704855567,24.35337302848736,40,40.747071408176275,85.1047619047619,70,-0.8567589881928539,-1.6530000333483323,-0.8577179778593629,0.27331271397634654,0.09269106386886694
687363L2025,687363,23.427866285729532,24.046993235062036,124,40.56335907402035,80.03791946308725,70,-0.8567589881928539,-1.7313423667927574,-2.4608699951685025,0.298844363428457,-0.37397233303331134
687363L2026,687363,25.551190790310947,25.208186645835905,62,40.19297292027378,79.01507936507936,70,-0.8567589881928539,-1.889289930266548,-2.784497221667392,0.20207824586396791,-0.19702862431819343
687401R2024,687401,29.808956926499967,29.441486092924926,133,44.86383578616659,86.92093023255813,70,-0.8567589881928539,0.1025539913417544,-0.28308121897147787,-0.15069670806011715,0.15778522036422485
687401R2025,687401,31.947854316042882,28.20144520048084,143,45.11279990762577,83.6468671679198,70,-0.8567589881928539,0.2087223131839829,-1.3189967555788296,-0.04735996702311004,0.33602666949280113
687401R2026,687401,31.62573132863022,26.98293332434881,109,43.42761598861888,87.36048109965637,70,-0.8567589881928539,-0.509907936138126,-0.14400705840499806,0.05418268932122583,0.30918308720841264
687462L2024,687462,29.20870903886633,25.04548923916167,94,42.255328363742436,88.17519083969466,70,-0.8567589881928539,-1.0098185622961602,0.11376759677692161,0.2156363630868207,0.1077645630614219
687462L2025,687462,29.48370648780783,25.285350832267305,105,41.15891199192797,87.37896551724138,70,-0.8567589881928539,-1.4773746324384656,-0.13815857748590193,0.19564789699468457,0.1306810171398801
687462L2026,687462,31.92632797554254,24.33176682650614,109,41.338339939056354,86.67272727272727,70,-0.8567589881928539,-1.4008593340630744,-0.3616127857875626,0.275113230808115,0.3342328077844394
687515R2025,687515,29.561183302462474,27.30158810319412,46,45.21579406840058,91.42533333333333,70,-0.8567589881928539,0.25264316870694464,1.142114650232339,0.027628124417449957,0.1371374183611005
687515R2026,687515,27.55226336442196,28.989618230301463,45,46.69640083830153,87.8746835443038,70,-0.8567589881928539,0.884033487710798,0.018686906511222196,-0.11304105284149528,-0.030272576475608954
687529L2024,687529,27.169039885917755,25.900960063878568,35,42.89593656246993,86.71323529411765,73,0.42416089567650006,-0.7366374427892617,-0.3487960232857221,0.14434712769374602,-0.06220786635095946
687529L2026,687529,23.580257882891395,27.71648478783445,28,44.08570382717134,81.8450980392157,73,0.42416089567650006,-0.2292727946792015,-1.8890775991530009,-0.006946599302577461,-0.3612730332698228
687551L2025,687551,27.558837441602734,29.48721984518624,34,45.8218584632445,85.92469135802469,69,-1.2837322828159718,0.511093419898882,-0.5982918022518637,-0.15450785408189324,-0.02972473671054458
687551L2026,687551,30.68472320290623,29.946584993632896,124,46.20679636132196,85.9446096654275,69,-1.2837322828159718,0.6752464328423927,-0.5919896377259706,-0.1927882831191147,0.23076574339808018
687597R2024,687597,22.06782691260086,32.46611646041785,53,50.79306964008332,86.1254716981132,74,0.851134190299618,2.631017949887189,-0.5347647810440501,-0.40274923868452756,-0.48730894746070064
687597R2025,687597,17.657944039252204,29.520290359073787,143,46.30122682952267,86.57335164835165,74,0.851134190299618,0.7155153851753038,-0.3930552935274488,-0.1572637302391889,-0.8547991869064221
687597R2026,687597,19.61089005791075,31.432199061781315,56,48.18316924384113,84.72115384615384,74,0.851134190299618,1.5180513761480479,-0.9790917999374572,-0.31658945546481626,-0.6920536853515431
687637L2025,687637,32.395095146745,25.767674195819723,34,41.438215894579585,88.01333333333334,77,2.132054074168972,-1.3582682067627136,0.06255578373423502,0.15545428336531644,0.3732967387179776
687637L2026,687637,30.99348956686249,25.979698903181582,96,42.210264834372346,87.34239631336405,77,2.132054074168972,-1.0290354649625744,-0.1497290957410466,0.13778555775182819,0.25649627372776845
687749R2026,687749,29.180707587262866,27.687127165537884,42,44.18140049676187,82.55555555555556,72,-0.002812398946617945,-0.1884638831108658,-1.664288410690247,-0.004500130777863672,0.10543110876113311
687859L2025,687859,32.857098314633554,27.471142780149457,44,44.93652365147093,88.97176470588235,71,-0.42978569356973595,0.1335510226907909,0.36580405048840814,0.013498568004505293,0.4117970027086904
687859L2026,687859,34.03036391077962,25.673092584063223,120,42.26977266389493,89.14760383386582,71,-0.42978569356973595,-1.003658931348584,0.421439657080391,0.16333608434502475,0.5095691357208626
687952R2024,687952,30.30598940546129,28.682116638003674,24,47.17288755317316,87.76097560975609,73,0.42416089567650006,1.087226600845101,-0.01729035284756338,-0.0874159201500128,0.19920459361100176
687952R2025,687952,30.44395361976531,27.902427518007325,36,45.43884191569046,87.90899999999999,73,0.42416089567650006,0.34775974815018446,0.029544653877460834,-0.022441826816983774,0.21070161146967012
687952R2026,687952,25.867627346312524,28.47262363189749,53,48.12929863611905,90.06287878787879,73,0.42416089567650006,1.495078780799961,0.7110332068718184,-0.06995816964116426,-0.17065891131806202
687957L2026,687957,16.760629780041842,23.8095077530522,35,40.196970607855896,82.993,74,0.851134190299618,-1.8875851553802914,-1.5258807235271956,0.31863482026261014,-0.9295753751739522
688363L2025,688363,26.188769398606123,25.22195743825014,56,41.426276787568334,86.26141732283465,73,0.42416089567650006,-1.3633595225243993,-0.4917515030459086,0.20093067982944834,-0.1438970736269288
688363L2026,688363,26.551106910086627,24.885010512090307,51,42.80014203954857,83.65145631067962,73,0.42416089567650006,-0.7774880829563232,-1.3175447480301787,0.22900959034276772,-0.11370228100355344
688760R2025,688760,28.44770170143434,29.880194958124868,20,43.80797693358719,92.23076923076923,70,-0.8567589881928539,-0.3477067202162147,1.396955055998102,-0.18725578016011232,0.04434728494208932
689172L2024,689172,22.30527566093567,22.70195090961375,80,40.30797951485406,85.15661375661377,69,-1.2837322828159718,-1.8402464894855448,-0.8413120205290502,0.4109312238824809,-0.46752155176613314
689172L2025,689172,24.53942883953143,23.299671717990012,21,42.44658147978227,85.07142857142857,69,-1.2837322828159718,-0.9282605359506854,-0.8682646647145607,0.3611211565177923,-0.2813421202164867
689200L2025,689200,29.255891156909154,32.43917965208913,24,49.52805114681522,88.09756097560975,74,0.851134190299618,2.0915631491613027,0.08920546076346625,-0.4005045046571342,0.11169640623165715
689414L2025,689414,27.293011074908055,26.35426119360297,118,42.92117875794706,83.77071428571428,69,-1.2837322828159718,-0.725873154675321,-1.2798114524999111,0.1065720335500459,-0.05187693393510114
689414L2026,689414,28.610277301700894,24.18821580851676,138,41.93396569799575,84.08626506024098,69,-1.2837322828159718,-1.1468605373610863,-1.179970996324459,0.28707581564056345,0.05789525163096876
690022R2025,690022,25.947198188400385,27.583163774087673,58,43.93877179797317,82.05384615384615,73,0.42416089567650006,-0.291930525734643,-1.8230295692543879,0.0041634851763205916,-0.16402800781074026
690291L2024,690291,30.618619834645692,25.735824806012726,33,43.580410469509914,86.36,71,-0.42978569356973595,-0.44475021972550244,-0.46055988428360556,0.15810839918256617,0.22525712937636863
690924R2025,690924,22.29139050298329,26.056364456909407,37,41.22828182176363,87.31466666666667,70,-0.8567589881928539,-1.4477925449594862,-0.15850277275072344,0.13139676160784278,-0.4686786482621648
690924R2026,690924,26.263894238613283,25.80867550215483,35,44.44569057055968,85.93658536585366,70,-0.8567589881928539,-0.0757599583436475,-0.5945285309711007,0.15203750783739078,-0.13763667029299884
690976L2025,690976,29.58863107479562,28.11394861986564,26,43.48327434986999,87.9590909090909,71,-0.42978569356973595,-0.4861729707307224,0.04539344785168255,-0.04006858530517654,0.1394247327221961
690976L2026,690976,30.548761107058063,28.50470975906217,87,43.334689578136796,88.13819444444444,71,-0.42978569356973595,-0.5495354977236322,0.10206191491266267,-0.07263201357155413,0.2194355687440662
690976R2026,690976,31.132067166172757,28.28943243505699,22,41.73703204616813,85.23888888888888,71,-0.42978569356973595,-1.2308409727999663,-0.8152801188467804,-0.05469223657112258,0.26804440700362403
690984L2026,690984,32.8158872963941,23.528107936900465,62,41.125542301500225,81.84125874125874,71,-0.42978569356973595,-1.4916048115194682,-1.890292355351876,0.34208480494192123,0.40836275118873616
690987L2025,690987,31.2647393345995,25.773717606803118,64,41.38179654492316,87.19999999999999,73,0.42416089567650006,-1.3823276882548465,-0.19478337553260977,0.1549506657833669,0.27910042103918603
690993L2024,690993,26.05779762539364,29.36006477585231,138,46.87725418421555,87.79558823529412,74,0.851134190299618,0.9611566334986622,-0.006338897163987643,-0.14391159830406597,-0.15481138806130237
690993L2025,690993,22.856234737446943,28.763028713941388,131,45.306680106205775,90.0246835443038,74,0.851134190299618,0.29140063326092563,0.6989482086715152,-0.09415859314482233,-0.4216082953901938
690993L2026,690993,24.399946328728582,27.944418579758583,136,44.716596402870636,88.74518272425249,74,0.851134190299618,0.03976519212845473,0.2941133742699938,-0.025941081962921924,-0.29296566278339053
691011L2026,691011,26.394767421185577,25.027347809952207,55,43.69757585034546,83.28073394495414,72,-0.002812398946617945,-0.394786185597176,-1.434841529075929,0.21714814885427605,-0.12673057174530764
691011R2026,691011,25.51392168463815,27.219880822950337,27,42.25448268736571,81.27499999999999,72,-0.002812398946617945,-1.0101791927404689,-2.069456964044121,0.03443706443776525,-0.20013438312426
691016L2024,691016,30.7245646093485,31.498640555481124,58,49.08155014600258,91.93065693430657,74,0.851134190299618,1.9011571513841243,1.3019993436325188,-0.322126246606467,0.23408586060160275
691016L2025,691016,28.69436410782732,31.554510604920566,155,48.710571670853646,91.47547619047619,74,0.851134190299618,1.7429569982242707,1.1579798806016592,-0.3267820840597538,0.06490248547483753
691016L2026,691016,28.14125005009813,30.683544555299402,103,46.33288097866741,90.69737704918033,74,0.851134190299618,0.7290139884051346,0.9117888410352752,-0.25420157992465686,0.01880964733073842
691019L2025,691019,30.449008839846243,28.310809506056486,77,44.50517032468316,87.70168539325843,71,-0.42978569356973595,-0.050395397209831425,-0.03604981325689481,-0.05647365915441386,0.2111228798097479
691019L2026,691019,27.05977059612353,28.910861929437093,35,44.83887692311486,84.46333333333334,71,-0.42978569356973595,0.09191052757773341,-1.0606663663443918,-0.10647802776946443,-0.0713136405004781
691023R2024,691023,28.237724358491374,27.617602409416758,45,43.79317687263856,91.15862068965517,78,2.55902736879209,-0.35401806188612833,1.0577266082364687,0.0012935988988968343,0.02684917303017542
691023R2025,691023,23.793207170879217,31.77265842965647,103,48.655584740085416,92.33151260504202,78,2.55902736879209,1.7195083577988874,1.4288303206338389,-0.3449610694544125,-0.3435272592708376
691023R2026,691023,26.318895349624437,32.26802945127582,150,48.78891460391814,92.65878220140516,78,2.55902736879209,1.7763655780746759,1.5323786191359143,-0.3862419879226919,-0.13305324437540259
691026R2024,691026,32.07209662053842,22.9234091798617,137,41.258889688813596,86.03711340206186,69,-1.2837322828159718,-1.4347401185262352,-0.5627213994294218,0.392476368028485,0.34638019486742905
691026R2025,691026,33.602470479652595,23.092835629116816,123,41.86640479077886,87.32315521628499,69,-1.2837322828159718,-1.1756712274288603,-0.15581699051034625,0.3783574972572253,0.47391134979361055
691026R2026,691026,33.05271028735649,24.445249424142112,126,41.26159690963595,87.88179271708684,69,-1.2837322828159718,-1.4335856506057942,0.02093625308548637,0.265656347671784,0.4280980004356018
691176L2025,691176,27.58856058061206,23.477564727349368,108,40.30058076607257,91.76333333333334,69,-1.2837322828159718,-1.843401613755095,1.249058054944053,0.34629673907117936,-0.027247808459767302
691176L2026,691176,21.123391520361498,23.669070522628388,47,40.55036460040082,89.1938775510204,69,-1.2837322828159718,-1.7368837333532186,0.4360806892140558,0.3303379227979277,-0.5660118968139809
691176R2025,691176,29.514454220882953,25.45084983972734,56,41.11662768922056,86.69,69,-1.2837322828159718,-1.4954063609959922,-0.3561476844171421,0.18185631303968167,0.13324332822947374
691176R2026,691176,20.026041016857747,27.06867396677093,36,43.269816810073166,86.46129032258065,69,-1.2837322828159718,-0.5771998570626742,-0.42851156487200043,0.04703763578604914,-0.6574577721059601
691182L2025,691182,29.44695357164752,25.702251121546116,33,42.043257453304506,82.58309859154929,71,-0.42978569356973595,-1.1002541340596204,-1.655573777420227,0.16090620622145035,0.1276182741265209
691406R2024,691406,26.690177654165563,27.96254887804435,43,45.91523134042788,89.72857142857143,73,0.42416089567650006,0.5509113728554689,0.605258155911728,-0.027451940153402354,-0.1021130523303088
691406R2025,691406,28.22555571256892,28.633610022163914,153,46.61556488980802,92.44244306418219,73,0.42416089567650006,0.8495617857411323,1.4639287850914795,-0.08337370216336619,0.02583511920330424
691406R2026,691406,27.83342294308503,29.205550977316147,154,47.244074088711265,92.61446540880503,73,0.42416089567650006,1.1175834047554256,1.5183567591165046,-0.13103544842605222,-0.006842611587019931
691458R2026,691458,31.755739283884562,31.70748063988225,56,47.370798321749106,88.39056603773585,73,0.42416089567650006,1.1716237181930262,0.18191243988042363,-0.3395295869732274,0.32001708347960783
691594R2025,691594,20.924162129294018,27.603687433688183,108,46.212996926012494,86.35647482014387,67,-2.137678872062208,0.6778906031903509,-0.46167525332513004,0.00245318020961142,-0.5826143460696042
691594R2026,691594,21.230350520756055,25.979687374030974,127,44.26439360467676,86.18635235732009,67,-2.137678872062208,-0.15307228154131994,-0.5155021035982573,0.13778651851437887,-0.5570986467811011
691718L2024,691718,28.589026988306525,26.129842982458815,114,42.19629586875307,84.6021052631579,72,-0.002812398946617945,-1.034992394133646,-1.0167588436998567,0.1252735511453921,0.056124392181438054
691718L2025,691718,30.184569978146236,26.698934739963214,155,44.60850353245053,87.98558758314856,72,-0.002812398946617945,-0.006329958403080493,0.053777011571392606,0.07784923802002552,0.18908630800141393
691718L2026,691718,32.38241231968304,25.359024966236348,155,41.81627342641787,89.79745370370371,72,-0.002812398946617945,-1.1970492589085482,0.6270525494825419,0.1895083858305977,0.3722398364628144
691720R2025,691720,19.172500100526975,28.84855312639163,42,43.81119441797276,87.91752577319588,77,2.132054074168972,-0.346334655375036,0.03224221368032405,-0.10128562751567571,-0.7285861818001912
691720R2026,691720,23.03606155573159,27.46042386652659,119,43.70225676085922,89.4,77,2.132054074168972,-0.39279005695411245,0.5012979569104888,0.014391810806410868,-0.40662272719980663
691723R2025,691723,24.712795526435382,27.622725470633746,82,44.74007533438019,87.33820224719102,77,2.132054074168972,0.04977755351774977,-0.15105610081835377,0.0008666771308144897,-0.26689489630782387
691723R2026,691723,25.436881316902667,25.022953415395055,120,43.24058050314023,91.31353383458647,77,2.132054074168972,-0.5896673950586787,1.1067412211168,0.21751434840070547,-0.20655441376888342
691728L2026,691728,29.382023755738636,28.97779364982316,29,46.24057034596752,81.82857142857142,75,1.278107484922736,0.6896490192501367,-1.8943066287702903,-0.1120556711349699,0.12220745613411399
691740R2026,691740,28.12687728768822,29.657957316613874,47,46.3508024098868,85.22982456140352,77,2.132054074168972,0.7366564079892182,-0.8181480775530129,-0.16873597670086285,0.01761191712991265
691777R2025,691777,25.652589032179083,28.169640262102277,60,45.92381538789625,86.28550724637681,72,-0.002812398946617945,0.554571956191691,-0.4841294366469624,-0.04470955549156308,-0.1885787708291821
691777R2026,691777,24.408723797221764,28.61074725263698,77,44.82319874968209,89.10059523809524,72,-0.002812398946617945,0.085224723401804,0.4065661089075444,-0.08146847136945497,-0.29223420707562536
691781R2025,691781,22.474969179391383,27.216190658931424,72,43.372360120020986,89.84545454545454,76,1.705080779545854,-0.5334712624784445,0.6422400448845013,0.034744578106007985,-0.4533804252281571
691781R2026,691781,24.890679793443965,28.719862522105792,90,44.77332298434357,90.07149321266968,76,1.705080779545854,0.0639556896327932,0.7137588160930343,-0.09056141049185602,-0.2520712073904419
691783R2025,691783,26.828173474814477,29.03112039623014,24,44.71812736406627,85.30975609756098,72,-0.002812398946617945,0.040418055601285224,-0.792857691101782,-0.11649956666888499,-0.09061340060956595
691783R2026,691783,25.276032105412686,27.01116371637679,38,44.3998377766228,84.96582278481013,72,-0.002812398946617945,-0.09531343518811533,-0.9016783995614084,0.0518301566522276,-0.21995851472638192
691785L2025,691785,30.433465090108143,27.62539224722271,42,43.87340624902804,90.00689655172414,75,1.278107484922736,-0.3198050266752872,0.6933203934465133,0.0006444457484008718,0.2098275673315729
691785L2026,691785,27.800120981414256,26.12471261088276,69,43.16096683723166,85.81165644171779,75,1.278107484922736,-0.6236178665389891,-0.6340561182316371,0.12570108211006334,-0.009617775059584352
691788L2026,691788,28.852296197205902,26.69972191570571,100,42.35180696489676,87.39864253393665,72,-0.002812398946617945,-0.968676203637386,-0.1319327574860166,0.07778364004148426,0.07806349292305281
692216L2025,692216,29.41356287505578,21.559320191969068,42,37.27835681739311,88.12528735632183,71,-0.42978569356973595,-3.132199545690435,0.09797810441341641,0.506150450352871,0.1248357160772094
692225R2025,692225,27.99874460804708,29.42170051265959,63,44.34570885636111,88.63269230769231,75,1.278107484922736,-0.11839618539980931,0.2585213383398633,-0.14904790970467255,0.0069341938264842655
692585L2025,692585,27.262871064051716,27.65794356713337,52,45.39384532526347,88.59148936170213,74,0.851134190299618,0.32857139094330523,0.24548470127376126,-0.002068164244154088,-0.05438860150646274
693304R2024,693304,31.103438431932627,26.693458254490352,91,44.828320615932725,87.70625000000001,68,-1.7107055774390898,0.0874088933189107,-0.03460556891927714,0.07830561180943067,0.2656586791502799
693304R2025,693304,31.887670281537687,26.917716785638273,94,44.321482623541264,88.78295819935691,68,-1.7107055774390898,-0.12872722614562804,0.30606555747197517,0.059617400880437245,0.3310113332840349
693304R2026,693304,32.23993919945125,27.198942454172066,139,44.48536598038296,86.12164009111618,68,-1.7107055774390898,-0.05884076671614576,-0.5359771038185444,0.036181928502621176,0.36036707644349847
693307R2024,693307,25.889280601805268,27.31688031615982,24,45.50475053865873,89.76851851851852,73,0.42416089567650006,0.37586583771225385,0.6178974393651805,0.0263537733369749,-0.16885447336033335
693307R2025,693307,25.734455399292504,28.345037495763087,125,46.659148642435795,90.01441717791411,73,0.42416089567650006,0.8681476520457129,0.6956999241279325,-0.059325991629963916,-0.1817565735697304
693307R2026,693307,27.569700205383125,27.935923947230883,140,45.093414487043766,88.63349753694581,73,0.42416089567650006,0.20045558961219043,0.258776113363363,-0.025233195918946905,-0.02881950639551197
694192R2024,694192,24.92570705365186,29.213840653671955,140,45.36223608071846,89.12102689486552,73,0.42416089567650006,0.3150919368421467,0.413030697484217,-0.13172625478903624,-0.24915226903978413
694192R2025,694192,24.667059399251528,30.514213191689745,130,47.33029084711407,88.79471264367815,73,0.42416089567650006,1.154349700640367,0.309784670774365,-0.24009063295718538,-0.2707062402398117
694192R2026,694192,25.847716371616652,31.59440821728821,115,46.84509884553102,91.65,73,0.42416089567650006,0.9474443028768982,1.2131993196363797,-0.3301068850903907,-0.17231815920938467
694197L2026,694197,28.29940319042509,25.827241966946413,32,42.458937310925194,90.43661971830986,71,-0.42978569356973595,-0.9229915122466995,0.8292850636186274,0.15049030243809222,0.03198907569131837
694197R2026,694197,26.562417164451098,28.431407177146692,22,45.23811802496921,90.86774193548388,71,-0.42978569356973595,0.2621630022953329,0.9656923942442244,-0.06652346507859767,-0.1127597598065142
694203R2026,694203,29.96892537400215,26.10695960134132,75,43.947654591546275,86.3484693877551,73,0.42416089567650006,-0.2881425450352538,-0.46420817698147493,0.12718049957185004,0.17111592432274017
694208L2026,694208,31.370267238104294,29.20685615961985,100,47.135550897733864,90.23160173160173,68,-1.7107055774390898,1.07130474821847,0.7644172484538118,-0.1311442136180275,0.2878944129979188
694212L2025,694212,31.623131548253834,24.715228267093234,31,44.48906970849571,89.13544303797468,76,1.705080779545854,-0.05726134797907512,0.41759197389517777,0.24315811075919047,0.30896643884371383
694212L2026,694212,33.16793866770872,24.975963183241575,110,43.45256246849681,90.43359375,76,1.705080779545854,-0.4992697530578201,0.8283276454126931,0.2214302010801621,0.4377003654649541
694249L2026,694249,32.32870503773837,25.284846648198588,70,42.84221194847198,86.62045454545455,74,0.851134190299618,-0.7595477805373417,-0.37815190835594037,0.19568991233374433,0.3677642296340915
694249R2026,694249,29.81778858149301,27.237213644546927,59,44.16734919103087,87.36274509803921,74,0.851134190299618,-0.19445592541964626,-0.1432907279454621,0.03299266263804945,0.158521191613645
694359L2024,694359,28.535831739449424,25.911939706176998,30,42.179857238681386,91.7173076923077,71,-0.42978569356973595,-1.0420024876277076,1.2344955142478382,0.14343215750221017,0.051691454776679656
694362R2025,694362,28.632661303697567,29.03002144894767,25,43.48676407337942,85.21714285714286,69,-1.2837322828159718,-0.4846848121698893,-0.8221605764618345,-0.11640798772867929,0.05976058513069157
694362R2026,694362,28.74640320910089,29.02864860869826,34,43.92743643256873,84.36571428571428,69,-1.2837322828159718,-0.2967643817754404,-1.0915530921346204,-0.11629358437456154,0.06923907724763516
694371R2026,694371,28.23659766760623,28.97336450870367,41,44.06652701668357,83.25625000000001,69,-1.2837322828159718,-0.237450558510553,-1.4425882640882621,-0.11168657604167927,0.026755282123080093
694374R2025,694374,27.58424780151756,26.04798751512998,66,41.92440241395743,88.12086330935252,71,-0.42978569356973595,-1.150938706583617,0.0965783332728734,0.1320948400894618,-0.027607206717642423
694374R2026,694374,30.019733546454685,25.81961745914057,88,43.58645457336952,88.42863636363636,71,-0.42978569356973595,-0.4421727705731757,0.19395791405286317,0.15112567808857916,0.17534993869378468
694376R2026,694376,30.528169510400133,28.446616932461218,37,45.2405962521417,85.25657894736842,72,-0.002812398946617945,0.26321981810680345,-0.8096829736297633,-0.06779094468814151,0.21771960235590537
694377R2025,694377,30.571634450905474,24.943084560950506,21,41.6022285374998,85.59056603773585,71,-0.42978569356973595,-1.2883266145457701,-0.7040092559562395,0.22417008627108448,0.2213416807313505
694377R2026,694377,30.61433210671798,25.408107335557894,36,42.54512959636336,87.26375,71,-0.42978569356973595,-0.8862356526188826,-0.17461283692203872,0.18541818838713553,0.22489981871572606
694378L2026,694378,28.05574856630269,27.16946530479123,75,44.757227400582465,87.720245398773,74,0.851134190299618,0.05709188489268761,-0.03017741627110621,0.038638357617690744,0.011684523681118423
694384L2024,694384,30.78623418572549,23.34879618318772,140,41.339375315391955,85.45542452830189,74,0.851134190299618,-1.4004178079211484,-0.7467681113904053,0.35702745108465006,0.23922499196635183
694384L2025,694384,30.099106692734566,23.318952947714145,130,41.06143535346888,86.9504716981132,74,0.851134190299618,-1.518942594373576,-0.27373428137788924,0.3595143873741146,0.18196436755044143
694384L2026,694384,29.278165909382338,23.837953960478384,106,42.07579722893064,87.16970588235294,74,0.851134190299618,-1.086377864052917,-0.2043684527039476,0.3162643029770947,0.11355263560442246
694388L2024,694388,26.11071289640004,30.819000214172846,76,46.39130134372448,87.598,75,1.278107484922736,0.7539267834021283,-0.0688559344815378,-0.2654895514974438,-0.15040178214410224
694388L2025,694388,27.98517627427359,29.867347203218667,37,47.8575227504103,85.67,75,1.278107484922736,1.3791826045406255,-0.6788763021862113,-0.18618513391792893,0.005803499345360248
694388L2026,694388,28.296402192269024,31.441955509781927,39,47.77898763205236,88.31506849315069,75,1.278107484922736,1.3456920691459113,0.15802497104814137,-0.3174024927982006,0.03173899251164632
694497L2024,694497,29.161716093821838,23.083014598428534,38,39.12311570604627,85.99019607843137,74,0.851134190299618,-2.345520106645433,-0.5775660690418668,0.3791759164812489,0.1038484843077141
694497L2025,694497,28.809726992085235,23.82601441879907,60,41.040394645794485,86.35816993464051,74,0.851134190299618,-1.5279151989845163,-0.46113891807173657,0.31725926478370425,0.0745160591629972
694497L2026,694497,26.69700131414597,25.27338613307815,131,42.34188205455169,84.04910394265234,74,0.851134190299618,-0.972908584872059,-1.1917287964363563,0.19664495526044737,-0.10154441399860807
694514L2026,694514,27.22005344911272,26.529155574336727,23,43.887379815728075,86.58958333333334,75,1.278107484922736,-0.3138461354181921,-0.38791957856842535,0.09199750182223276,-0.05795673608471249
694671R2024,694671,28.691436912438828,28.01652470636202,128,44.67784541380383,89.59921874999999,72,-0.002812398946617945,0.02324021071813603,0.5643308900685059,-0.03194992584654166,0.06465855252579662
694671R2025,694671,28.86983220874561,27.463322359315193,133,43.21690698851997,91.40903790087464,72,-0.002812398946617945,-0.599762734518072,1.1369587655329836,0.014150269740693963,0.07952482721802845
694671R2026,694671,26.468428840174486,26.658057505789934,105,43.425378788456385,88.95993150684932,72,-0.002812398946617945,-0.5108619683315417,0.36206001914750857,0.08125567420113218,-0.12059212016289855
694673L2026,694673,22.70536575830706,28.697040595045948,42,46.69485971925761,89.68555555555555,70,-0.8567589881928539,0.8833762925226191,0.5916479076366856,-0.088659583236869,-0.43418071031851735
694728R2026,694728,27.280435064088433,24.56295624468337,71,41.00833064441031,83.25633802816901,70,-0.8567589881928539,-1.541588579705213,-1.4425604119222748,0.25584744596001247,-0.05292493483673629
695238L2024,695238,24.423091206278833,26.4062796042641,23,43.57939083030817,90.58333333333333,72,-0.002812398946617945,-0.4451850349201545,0.8757053402700281,0.1022371659949517,-0.29103692298753625
695238L2025,695238,25.5939798076306,27.653662504631157,52,43.50120317754537,85.77450980392157,72,-0.002812398946617945,-0.47852739700010727,-0.6458093369284409,-0.0017114090356364169,-0.19346287287488906
695257R2026,695257,27.371404963321964,29.205856890817405,27,45.50832690435014,81.2741935483871,72,-0.002812398946617945,0.3773909439867064,-2.0697121258228712,-0.13106094121782372,-0.045344109900608665
695336R2025,695336,22.373438790928027,26.39882705573755,80,43.84796584899467,89.59794871794871,70,-0.8567589881928539,-0.33065383718945796,0.5639290511582783,0.10285821170549762,-0.4618412909334368
695336R2026,695336,21.474212103434414,27.789124208347896,47,43.77042482244623,90.52037037037037,70,-0.8567589881928539,-0.36372045182582075,0.8557838206546555,-0.012999884345364698,-0.5367768482245712
695391R2024,695391,21.229326944901405,25.114042402745522,32,43.398778182651895,86.71265822784811,74,0.851134190299618,-0.5222055372831519,-0.34897860740290904,0.2099235994548332,-0.5571839447689886
695391R2025,695391,20.314879113434213,25.240651734246505,26,43.3129693576973,81.4074074074074,74,0.851134190299618,-0.5587978739270356,-2.0275631801470815,0.19937282182975125,-0.633387930724588
695490L2026,695490,32.550259219761905,25.534529644571204,40,43.605609089889626,84.73589743589743,71,-0.42978569356973595,-0.43400451378693816,-0.9744269192130429,0.17488299596935963,0.38622707813605306
695490R2026,695490,30.353754271686135,29.13919499416455,22,45.680815409372734,89.225,71,-0.42978569356973595,0.4509469849455073,0.44592785092069376,-0.1255057831634193,0.2031849991297389
695491R2026,695491,25.92500137357418,28.77876014279314,28,45.884274299373466,92.05588235294118,75,1.278107484922736,0.5377100445729639,1.3416207419320307,-0.09546954554913493,-0.16587774237959074
695506L2025,695506,21.891804752433586,29.02176934834584,60,46.8508695476562,89.35316455696201,76,1.705080779545854,0.9499051625256348,0.4864791943671034,-0.11572031267852652,-0.5019774608079736
695506L2026,695506,22.516077006429256,30.02876091695447,138,47.52413419930309,93.16601123595505,76,1.705080779545854,1.2370123079331794,1.6928661928737845,-0.19963627672924597,-0.449954772975001
695508R2026,695508,30.465079238379584,29.765929328163523,24,45.890609607275785,84.2159090909091,69,-1.2837322828159718,0.5404116748496512,-1.1389515465013877,-0.17773364433000025,0.21246207968752628
695578L2024,695578,28.01717526013452,30.230017084318934,78,46.07679933373904,92.75025380710659,78,2.55902736879209,0.6198104680854398,1.5613202905801689,-0.21640762400961785,0.008470081500437487
695578L2025,695578,30.92719003901963,30.14885270276228,154,45.27003152534075,94.29177718832891,78,2.55902736879209,0.2757722033267874,2.0490592220317208,-0.20964392554656333,0.2509713130741969
695578L2026,695578,30.72074319340266,27.642250383597688,131,43.44791002785532,95.25853658536585,78,2.55902736879209,-0.501253741001473,2.3549424807777903,-0.0007603989495139629,0.23376740927278275
695600L2026,695600,26.247590849494493,26.10102354804086,143,41.89017048847014,91.18342857142858,72,-0.002812398946617945,-1.1655365773977442,1.0655758370546176,0.12767517068022163,-0.13899528605289793
695657L2025,695657,32.21199035652717,28.04521178008129,69,45.258431250120545,89.37976878612717,75,1.278107484922736,0.27082537907830256,0.49489678858796937,-0.03434051532314738,0.3580380061998249
695657L2026,695657,28.785812438653767,27.28976871579026,148,44.180662718888335,88.66626506024096,75,1.278107484922736,-0.18877850129065055,0.2691437775797937,0.028613073367771708,0.07252317971037492
695670R2026,695670,27.92159283659717,23.303155558772975,33,38.96006952560351,84.69264705882354,70,-0.8567589881928539,-2.4150495603632502,-0.9881113647140697,0.36083083645254543,0.0005048795389918462
695681R2025,695681,28.65443579127424,24.438029016810646,49,40.95113693920518,86.90098039215685,72,-0.002812398946617945,-1.5659782775700246,-0.28939336055718284,0.2662580482827395,0.06157512576208083
695681R2026,695681,29.011204031667074,25.194010041401594,32,41.20708411461176,88.164,72,-0.002812398946617945,-1.456832100466628,0.11022680831973151,0.2032596295668272,0.09130581246148377
695720R2026,695720,22.987610126341753,22.94581082689867,51,40.42807351942306,85.73866666666666,72,-0.002812398946617945,-1.7890335723243311,-0.6571501272645054,0.39060956410873765,-0.41066034631562626
695731L2026,695731,24.20819232914187,27.365553522655823,83,44.301040498903774,89.03863636363636,74,0.851134190299618,-0.1374445708575161,0.3869622835029934,0.022297672795641432,-0.3089451627489499
695731R2026,695731,20.439114992030103,25.319697148759502,57,43.44604369784954,86.69666666666667,74,0.851134190299618,-0.5020496192330688,-0.3540383470460999,0.19278570395366815,-0.6230349408415972
695734L2025,695734,28.916552226709605,25.76138422272825,87,42.977731229836884,88.67918215613383,71,-0.42978569356973595,-0.7017569045048854,0.273230754543615,0.15597844778960587,0.08341816204836139
695734L2026,695734,30.222175374710186,25.14926452572528,156,43.02369042233337,88.44285714285714,71,-0.42978569356973595,-0.6821580550322095,0.19845737721121703,0.20698842253985342,0.19222009104840984
696030L2025,696030,23.6293903643563,23.96768397629447,55,41.925534860278596,88.51025641025642,69,-1.2837322828159718,-1.1504557858929172,0.2197825462371171,0.30545346832575415,-0.357178659814414
696030L2026,696030,30.022336950171894,25.494588482675923,70,44.142611948271785,85.66134969325152,69,-1.2837322828159718,-0.20500488137098297,-0.6816132644805397,0.1782114261272998,0.17556688900355213
696100R2024,696100,27.289681079464952,28.831986754226964,68,47.25241773267069,88.23825503355705,71,-0.42978569356973595,1.1211414703595362,0.13372114591018555,-0.09990509650195367,-0.052154433555359724
696100R2025,696100,28.731884321396496,29.58080305950938,138,46.133641137524876,90.76847545219638,71,-0.42978569356973595,0.644050101021533,0.934284418810725,-0.16230645527548818,0.06802916993893564
696100R2026,696100,28.351025971580487,30.05445219513999,130,47.200801642251726,89.89266055045871,71,-0.42978569356973595,1.0991302919306114,0.6571760534584187,-0.20177721657803924,0.036290974120934884
696135L2026,696135,28.9050599265239,28.016087481694175,26,44.89270455679678,88.22500000000001,69,-1.2837322828159718,0.11486479706545381,0.1295272452647468,-0.03191349045755457,0.08246047036621935
696285R2024,696285,33.656124510667645,30.48842106426228,144,46.523908487826226,81.11072386058981,71,-0.42978569356973595,0.8104758068961877,-2.1214340340483226,-0.23794128900489664,0.47838251904486473
696285R2025,696285,29.620015146906198,31.41270923730164,102,46.467698776137915,83.45131086142322,71,-0.42978569356973595,0.7865057234712879,-1.3808708893941852,-0.3149653034248434,0.14204007206474412
696285R2026,696285,30.39595108753325,30.769373685543805,126,47.7979485611283,86.44424778761062,71,-0.42978569356973595,1.3537777724543372,-0.43390383325843096,-0.26135400744502374,0.20670140045033167
699013R2026,699013,30.17523365998191,29.595853481396365,69,47.071210276756986,91.88308823529412,74,0.851134190299618,1.0438673178153828,1.2869485784547157,-0.1635606570994037,0.18830828148772008
699302L2026,699302,30.4877981543832,27.1660936497279,37,44.227214506908695,87.28241758241758,70,-0.8567589881928539,-0.16892694523546606,-0.16870640253898467,0.038919328872968194,0.21435532268782756
699393L2026,699393,31.41628609587562,24.30120225036474,69,42.167368426659024,88.8554794520548,69,-1.2837322828159718,-1.0473282197309761,0.32901132574851344,0.27766027881989847,0.29172931781219597
699393R2026,699393,32.41024369787082,26.404180014260024,23,44.48299774929086,88.37435897435897,69,-1.2837322828159718,-0.05985067577175222,0.17678451521207375,0.10241213182862463,0.3745591179784625
699625L2026,699625,27.293585304434,28.237680926107764,50,45.54547281933202,91.72558139534884,72,-0.002812398946617945,0.3932314572052612,1.2371133189010728,-0.05037961082535366,-0.05182908147460571
699912R2026,699912,27.879677996022586,28.90322449892164,63,48.177201271198555,84.38717948717948,75,1.278107484922736,1.5155063924108383,-1.0847614893905024,-0.10584157522651012,-0.0029880238422235195
700242L2024,700242,28.614972114335643,26.729203032296635,32,40.994939954341056,91.14936708860759,74,0.851134190299618,-1.5472989089069844,1.0547987632605171,0.07532688032557378,0.05828648601719788
700242L2025,700242,27.83642334941244,26.73100987449264,102,44.15433733363271,87.88592233009709,74,0.851134190299618,-0.2000047051229889,0.02224286514305401,0.07517631014257346,-0.0065925777264025
700246R2025,700246,27.345211158489757,29.407842998983188,30,46.03051856430723,84.92857142857143,73,0.42416089567650006,0.6000744852645257,-0.9134647512368381,-0.14789311689830567,-0.04752692696995927
700250L2024,700250,30.17037635544324,29.748334673208426,47,47.50790234877244,90.0229357798165,74,0.851134190299618,1.230090393557996,0.6983952149291922,-0.17626742308374213,0.1879035061094975
700250L2025,700250,30.876214039147868,28.583160001784613,132,46.23712714035726,93.2616847826087,74,0.851134190299618,0.6881806977937897,1.72313736098025,-0.0791695337984244,0.2467233130848833
700250L2026,700250,32.49920603825534,27.91486839759764,146,45.40110050552716,91.86460396039605,74,0.851134190299618,0.33166529181843674,1.281100142681855,-0.023478566782843362,0.3819726463438391
700337L2025,700337,34.87919630653246,29.92766899108667,100,45.32644016884581,90.26157894736842,70,-0.8567589881928539,0.2998271192850712,0.7739020576782724,-0.19121194957359577,0.5803051687002657
700337L2026,700337,30.30257207238818,29.376362910926616,55,45.856716582629396,91.16785714285714,70,-0.8567589881928539,0.5259583249943615,1.0606490276236875,-0.1452697762269247,0.19891981585490934
700337R2025,700337,32.550497733528836,29.55456024071269,59,45.65251935354297,90.54811320754717,70,-0.8567589881928539,0.43888040786366656,0.8645616711400103,-0.16011955370909745,0.3862469542832973
700337R2026,700337,30.692027354077926,29.973786061283562,42,44.80585820041162,87.94000000000001,70,-0.8567589881928539,0.07783001526041303,0.0393530726528017,-0.19505503875667016,0.23137442266238809
700932L2024,700932,24.015680544236464,29.559472093838966,51,46.575829692357495,89.07523809523809,71,-0.42978569356973595,0.8326170982630068,0.39854309354983886,-0.16052887480295386,-0.3249878114910671
700932L2025,700932,22.793065264288554,31.449477432394083,137,47.454568094881736,90.10676470588236,71,-0.42978569356973595,1.2073465210710856,0.7249187379079147,-0.31802931968254694,-0.4268724181533929
700932L2026,700932,23.30658281784395,31.511514954316397,99,46.70833121747865,89.33015075376885,71,-0.42978569356973595,0.8891210815727285,0.47919761309833886,-0.323199113176073,-0.3840792886904432
701162R2026,701162,26.76486118475319,25.87025897710585,45,40.71868190025826,89.5922077922078,73,0.42416089567650006,-1.665106462161917,0.5621126187768288,0.14690555159147264,-0.09588942478133984
701305R2025,701305,24.529901786336918,28.687007803536975,32,45.29818422124932,89.2672131147541,77,2.132054074168972,0.28777764596819994,0.4592841059955168,-0.08782351727778792,-0.2821360413160292
701305R2026,701305,27.10586712379643,26.911740544628252,33,46.024777425669775,84.875,77,2.132054074168972,0.5976262326768451,-0.9304147836826934,0.06011542096460568,-0.06747226319440329
701350L2025,701350,29.00582483283067,25.38037938817558,69,42.36098609276685,94.46878612716763,75,1.278107484922736,-0.9647618540667289,2.1050649574868108,0.187728850668995,0.09085754589178337
701350L2026,701350,29.390595068771365,24.384625202108264,51,41.50665765687726,92.01231884057971,75,1.278107484922736,-1.3290818846353298,1.32783722023636,0.27070836617460464,0.1229217322201747
701358R2025,701358,25.287120009683598,30.378747954510686,133,47.03494340669509,87.88529411764706,75,1.278107484922736,1.0284016647310177,0.022044098343385637,-0.22880186319226384,-0.21903452270380588
701358R2026,701358,29.682366354893208,31.281055363200878,144,46.66485159000476,88.64747191011236,75,1.278107484922736,0.8705796184246527,0.26319761349692095,-0.3039941472497798,0.14723600606366163
701398R2026,701398,21.28839172488643,29.784153829396846,154,46.43192009483111,90.4083885209713,73,0.42416089567650006,0.7712482537209976,0.8203526956823156,-0.1792523527661105,-0.5522618797702364
701538L2024,701538,26.9752071700455,27.774579214070464,144,44.16211451189986,89.76493506493507,74,0.851134190299618,-0.19668820328950568,0.6167636324810384,-0.011787801488911972,-0.07836059267364733
701538L2025,701538,24.564007427869416,28.725448252903398,113,45.75994980684131,89.09970414201183,74,0.851134190299618,0.48469307707313286,0.4062841655670567,-0.09102688805832315,-0.2792939045216543
701538L2026,701538,26.843530043399912,27.81681171772972,151,45.26135241963447,90.77260579064588,74,0.851134190299618,0.2720710833319614,0.9355912603977107,-0.015307176793850038,-0.08933368656077967
701675L2026,701675,29.494148651045844,28.164323699425452,125,45.5323097776204,83.85907780979826,70,-0.8567589881928539,0.3876182064257057,-1.251853179961843,-0.04426650860182768,0.13155119740971463
701678R2026,701678,28.32362871471076,26.21537283728764,103,43.47875171790944,89.56137339055793,69,-1.2837322828159718,-0.4881016030282082,0.5523565954197712,0.11814606324299011,0.034007869381791046
701762L2025,701762,23.45864650711251,27.790996066908033,116,44.0282832858867,92.65793357933579,77,2.132054074168972,-0.25375922457814737,1.5321101145991927,-0.013155872558709389,-0.37140731458473003
701762L2026,701762,22.956889169333163,29.22771784747373,93,44.63580259961113,93.11232227488152,77,2.132054074168972,0.005311462582854374,1.6758789730730799,-0.13288268760585087,-0.41322042606634213
701785R2026,701785,29.106873802802326,26.328236898837556,29,44.17437998070252,87.15238095238095,70,-0.8567589881928539,-0.19145771372436518,-0.2098500710400326,0.10874072478049701,0.09927829338942147
701807L2026,701807,28.135140776594007,25.9064310170298,147,43.59510506041674,88.60414746543778,73,0.42416089567650006,-0.4384838547264326,0.2494897329621755,0.1438912149311434,0.018300541205394854
701852L2026,701852,26.66831943852945,25.78733852790584,52,43.53919992304721,82.35806451612903,72,-0.002812398946617945,-0.4623240554031231,-1.7267746951764225,0.15381558902480683,-0.10393457029998476
702176L2025,702176,26.307002813948554,28.238256765614484,46,47.30496172703816,85.95784313725491,71,-0.42978569356973595,1.1435483443789167,-0.5878025592248486,-0.05042759745091363,-0.13404428901505958
702176L2026,702176,30.370693219104368,28.835200897165706,29,46.33975007294856,85.98615384615385,71,-0.42978569356973595,0.7319432466778988,-0.5788450337826738,-0.1001729417468488,0.20459657808125828
702222L2026,702222,26.43303708530899,33.89766553388138,135,50.14083712710665,85.27130177514793,74,0.851134190299618,2.3528797549223155,-0.8050246620033586,-0.5220449948064884,-0.12354143306835663
702284L2025,702284,24.126180938529107,23.803806274412327,72,41.697741712108716,86.67722222222223,70,-0.8567589881928539,-1.2475959526230034,-0.360190581044966,0.3191099434825994,-0.3157794453000135
702284L2026,702284,30.094096881897862,22.075935204982276,154,40.0534871160245,88.08126361655773,70,-0.8567589881928539,-1.9487722913038106,0.08404896648881521,0.463099199268437,0.18154688331404945
702332R2025,702332,32.362253715984586,27.170737580447696,131,44.05020805140775,83.4781094527363,66,-2.5646521666853257,-0.24440962211932152,-1.3723917988719998,0.03853233464631867,0.37055995282127646
702332R2026,702332,30.71812066713791,26.092469628448015,144,43.25411569015814,81.53349056603773,66,-2.5646521666853257,-0.583895446542203,-1.987670392393432,0.12838799731295877,0.23354886541738681
702358R2024,702358,29.661891802195857,28.781233857231676,56,46.4710667591156,86.32251655629139,74,0.851134190299618,0.787941966969501,-0.47241966857508033,-0.09567568841901301,0.14552979333888239
702616L2024,702616,26.816842987317717,27.28575681387051,60,44.46371618541121,89.26885245901639,71,-0.42978569356973595,-0.0680731106655768,0.45980279551298303,0.028947398527750856,-0.09155760790096264
702616L2025,702616,25.93193513798693,27.543636114723338,144,43.49701560405881,88.6676404494382,71,-0.42978569356973595,-0.480313146878658,0.2695789515548117,0.007457456790015193,-0.16529992867852825
702616L2026,702616,25.957300446453008,24.795607249991992,93,41.09719157036671,86.59491525423729,71,-0.42978569356973595,-1.5036947043514315,-0.3862325555651041,0.23645986218429402,-0.16318615297302172
703520L2026,703520,26.588164503712626,29.28658348290553,38,44.02806078817615,81.71186440677967,70,-0.8567589881928539,-0.25385410655714363,-1.9312328011495037,-0.13778815722516757,-0.11061414820138686
703601L2026,703601,31.93916683394684,24.151025716083595,46,41.51343317400098,86.04230769230769,71,-0.42978569356973595,-1.3261925314288412,-0.5610779228496899,0.29017499000999375,0.3353027126514642
703607R2026,703607,27.652022207634502,27.067949319581277,105,43.118400347547045,90.32996254681647,75,1.278107484922736,-0.6417699309812195,0.7955386699605708,0.047098023051853545,-0.021959339541230527
800050L2026,800050,25.972359860013665,28.887538014819427,125,44.53608301544223,91.3579207920792,75,1.278107484922736,-0.03721298167829583,1.1207852813507257,-0.10453436821799222,-0.16193120184296697
800325L2026,800325,29.696264340705262,26.304399149323682,43,42.03927051647801,87.94878048780488,67,-2.137678872062208,-1.1019543243909775,0.04213122431221728,0.11072720390665314,0.1483941715479995
800325R2026,800325,29.545437516967446,28.08941559996634,33,43.92592048275229,87.56181818181817,67,-2.137678872062208,-0.29741084379199745,-0.08030388366800258,-0.03802416698023503,0.13582526956984817
801126L2026,801126,30.812981147790108,27.25607787353075,22,44.339709868011035,87.40370370370371,67,-2.137678872062208,-0.12095439548303466,-0.1303314003063911,0.03142064355606422,0.24145390547173662
802139L2026,802139,33.05255245015257,27.803742083237463,130,44.40966263826322,89.67064439140812,69,-1.2837322828159718,-0.09112371874792434,0.5869300062694018,-0.014218040586161903,0.42808484733527497
802415L2025,802415,27.326935194689913,31.963985576471917,107,48.16112363404171,82.2114973262032,71,-0.42978569356973595,1.5086502408251143,-1.7731486428382466,-0.3609049983556997,-0.04904992395327964
802415L2026,802415,26.287898394507753,30.86384801025219,144,47.3245317159783,80.66375711574953,71,-0.42978569356973595,1.1518937753272327,-2.262854582823857,-0.26922686783738925,-0.13563632396845962
803011L2026,803011,30.34674067414906,24.280283108220733,134,41.176880003103314,86.96020942408377,71,-0.42978569356973595,-1.4697123492863884,-0.2706532589830903,0.27940354066523226,0.202600532668316
804606R2026,804606,29.748904401317137,30.813795464641466,74,47.9363409837817,87.22830188679247,75,1.278107484922736,1.4127938715720587,-0.18582864141026395,-0.2650558223698288,0.15278084326565575
804668R2026,804668,29.26038011745448,29.153156318468746,42,45.82029536096171,90.85851063829789,75,1.278107484922736,0.5104268501728532,0.9627716062235867,-0.12666922685543547,0.11207048627710108
805249R2025,805249,27.782253472607508,23.044305844086008,62,39.40534860976899,89.4469696969697,71,-0.42978569356973595,-2.2251646370248297,0.5161591974791775,0.3824016460097927,-0.0111067341268134
805300L2025,805300,30.497126114126647,29.90288254660101,54,45.60503074115263,88.86645962732919,72,-0.002812398946617945,0.4186293521912734,0.33248545985554134,-0.18914641253312414,0.21513265266644824
805300L2026,805300,30.969390214497015,27.883013611472975,146,42.5864856205666,85.49007832898172,72,-0.002812398946617945,-0.868599779377427,-0.7358036278670252,-0.020824001272454613,0.25448799436397884
805347L2026,805347,28.705882621580475,25.55969020827972,38,44.02334521738868,86.5891304347826,69,-1.2837322828159718,-0.2558650157359419,-0.3880628759441781,0.17278628232698345,0.06586236162093388
805367R2025,805367,31.628325419046874,28.362467017721695,117,45.61652464406277,87.5078947368421,69,-1.2837322828159718,0.42353081500541256,-0.09736529431748464,-0.06077845179318123,0.30939926140980045
805367R2026,805367,29.64402986948053,28.798384703797456,151,46.40271241614961,85.67429245283019,69,-1.2837322828159718,0.7587929239636515,-0.6775181675109911,-0.09710492563282802,0.14404129894593845
805373R2025,805373,32.19077279506839,26.62935698661307,55,44.11687607242161,84.17394366197183,70,-0.8567589881928539,-0.21597969466592137,-1.1522294336337486,0.08364738413253736,0.35626987607826016
805779R2024,805779,28.26807939441747,23.072838447989383,27,39.793064507626795,84.95952380952382,74,0.851134190299618,-2.0598269731644385,-0.9036713991570097,0.3800239290178447,0.029378759357350088
805779R2025,805779,28.789991222335747,25.801014107685035,123,42.957276015032015,84.12729306487697,74,0.851134190299618,-0.7104798313910042,-1.1669897108087766,0.15267595737654047,0.07287141168387319
805779R2026,805779,28.70946249054671,23.80756896662341,77,42.328246290044525,83.50964285714286,74,0.851134190299618,-0.9787234236780545,-1.3624146106193704,0.31879638579834246,0.06616068403478674
805805L2026,805805,25.78587537101395,27.56851884458037,20,44.70044357798817,84.9925925925926,75,1.278107484922736,0.032876977470327,-0.8932084161657409,0.005383895968595749,-0.17747157592627646
805808L2026,805808,29.023020340954282,28.223796737655853,150,43.93223211512089,87.87983870967743,69,-1.2837322828159718,-0.2947193097157942,0.020318003957692975,-0.049222595121027744,0.0922905049020845
805811L2026,805811,24.85023106705142,27.08601598929996,106,43.15815348776218,92.69851301115243,79,2.986000663415208,-0.6248175919860947,1.5449494714031515,0.04559246724196342,-0.2554419345898206
805999L2026,805999,24.750705569979853,23.034694875184158,114,38.95344923744866,88.33517915309447,70,-0.8567589881928539,-2.417872717689667,0.16438799603449492,0.38320256008494685,-0.26373572601245127
806068L2026,806068,32.3934526923817,27.02160489148077,68,43.64997119346495,85.73262411347517,72,-0.002812398946617945,-0.4150867273108034,-0.6590619947540016,0.05096005872689583,0.37315986752103597
806146R2026,806146,28.086320049379225,30.617842638744783,37,45.48623363695402,85.08349514563108,74,0.851134190299618,0.36796948554638825,-0.864446793328695,-0.2487264202117719,0.014232147270829701
806198R2026,806198,31.871558544480973,22.697976148138356,66,39.96085936339684,85.65,76,1.705080779545854,-1.9882724931596338,-0.6852043142993292,0.4112624540054304,0.3296686885293087
806367L2026,806367,29.522308920038544,27.394157552885797,29,43.482374194670086,86.96124999999999,70,-0.8567589881928539,-0.4865568331379274,-0.2703240201329669,0.019914003609810216,0.1338978864924396
807712R2025,807712,23.33015750568938,27.68920704545231,47,44.88974271172828,85.91883116883118,72,-0.002812398946617945,0.11360174711819203,-0.6001459696619497,-0.004673454104065833,-0.3821147313699906
807712R2026,807712,25.611511908995997,26.82308026051159,146,44.031000627955954,84.8323394495413,72,-0.002812398946617945,-0.2526004405506616,-0.9439126076854442,0.06750377797432765,-0.19200186442777264
807713R2025,807713,29.66327660209054,28.348566258256053,121,45.492571376488826,84.34966887417218,70,-0.8567589881928539,0.37067215276903837,-1.096629870064538,-0.059620055171044406,0.14564519333010603
807713R2026,807713,31.575585404914342,27.87168448703486,63,45.23099054530142,84.27462686567164,70,-0.8567589881928539,0.25912355809405924,-1.1203732070037498,-0.019879907569278227,0.3050042602320895
807727R2026,807727,24.124080159812646,27.924036219661858,31,45.41266351945259,84.57424242424241,72,-0.002812398946617945,0.3365962263511169,-1.0255746628080094,-0.02424255195486147,-0.3159545101930519
807799L2024,807799,31.0303842035141,23.910679432081245,100,40.93127957766756,88.02439024390245,68,-1.7107055774390898,-1.5744462557602432,0.06605419693498507,0.31020384701018955,0.2595708267820693
807799L2025,807799,30.59367638839204,25.07801280573328,54,40.66864006615706,90.2311377245509,68,-1.7107055774390898,-1.6864463143353665,0.7642704363419027,0.21292606587251997,0.22317850885523102
807799L2026,807799,30.367661052255567,24.466568201811192,80,40.961465944167074,88.81287553648069,68,-1.7107055774390898,-1.561573574126503,0.31553142105755155,0.2638797828660273,0.20434389751052487
808959L2026,808959,28.905714559961663,27.198981344452115,122,43.55341756175481,93.60617283950617,74,0.851134190299618,-0.45626108201844945,1.832133590823853,0.03617868764595045,0.0825150231526995
808975L2025,808975,26.868044237844522,26.00024992346165,57,41.635305468188136,85.5909090909091,70,-0.8567589881928539,-1.274221280000815,-0.7039007137244545,0.13607297272848928,-0.08729083702372886
808975L2026,808975,35.9482237681352,25.53662382475295,40,43.05921720309818,85.76206896551724,70,-0.8567589881928539,-0.6670080058116625,-0.649745625734439,0.1747084809542141,0.6693907905004943
808982L2024,808982,25.288797073807352,22.748106019099524,30,40.41265128624856,89.13007518796992,72,-0.002812398946617945,-1.7956102332729025,0.41589358290260153,0.40708496475866635,-0.2188947673601597
808982L2025,808982,26.700411519243687,21.13972608329005,147,37.9276290515538,86.82520325203252,72,-0.002812398946617945,-2.8553237327597083,-0.3133692935873969,0.5411166260761225,-0.10126023024046511
808982L2026,808982,28.446294397919928,20.32944429111102,141,37.89292438318848,87.21814432989692,72,-0.002812398946617945,-2.870123200164257,-0.18904249856400065,0.6086401087577084,0.044230009649221635
810938R2025,810938,27.711434933808665,28.668835649162723,82,46.455693328385706,87.73098591549297,72,-0.002812398946617945,0.7813861173475374,-0.02677911027585204,-0.08630917107993359,-0.017008279026716977
810938R2026,810938,29.08802958917799,31.38802768312278,81,47.969192831852105,86.3569306930693,72,-0.002812398946617945,1.4268032218294726,-0.46153101485542236,-0.31290850724327157,0.09770794225406003
813841R2026,813841,26.72725720132188,23.8816384313024,47,41.251028062920874,79.93855421686746,74,0.851134190299618,-1.4380926322261605,-2.4923092192535967,0.3126239304084268,-0.09902309006728238
814430L2026,814430,29.337980517959437,27.99643513119366,28,43.08670177024373,90.26904761904763,72,-0.002812398946617945,-0.6552874801660367,0.7762651499210186,-0.03027579458251169,0.11853718631918071
814439R2026,814439,22.10772680033708,25.235528151247706,77,40.80565883585834,85.11420118343194,72,-0.002812398946617945,-1.6280159961240073,-0.8547313843712057,0.19979978707965115,-0.48398395681601575
815873L2026,815873,25.537076018586966,30.131290981286867,20,47.32358213708168,91.003125,73,0.42416089567650006,1.1514888366665115,1.0085276778526833,-0.20818044875694555,-0.1982048552951919
823550L2026,823550,31.516038324318693,25.865348305301463,52,43.269274745066085,83.897,72,-0.002812398946617945,-0.57743101539904,-1.2398545760142121,0.14731477424183806,0.30004200351578536
