batter,side,year,PA,DECISIONS,WHIFFS,INPUTS,SQUARING,LUCK,OTHER,TOTAL,DECISIONS_s,WHIFFS_s,INPUTS_s,SQUARING_s,LUCK_s,OTHER_s,name
444482,L,2024,262,1.831922742129042,1.7970501587215097,-5.463996586463485,1.6771585970271334,4.082866517044583,-0.07294603919910093,3.852055389259684,1.1987135275160121,1.2400160047676991,-4.371867497135662,0.6013420856652493,0.5879290983091474,-0.020016498941203904,"Peralta, David"
453568,L,2024,499,-2.49715232132817,7.260840835228897,-19.699597603676825,4.640395219084977,12.626985312802274,7.406325078811404,9.737796520922561,-1.9549433075573588,5.87512961967534,-17.4153650711702,2.3927849170321305,3.0639440775540594,3.100972743238181,"Blackmon, Charlie"
455117,R,2025,161,-9.26343503738249,-22.345555039080406,0.7676754031764202,-0.1972984167846193,6.473970996525429,6.230694854757415,-18.33394723878825,-4.981355277184046,-12.908886117172264,0.5457975405373061,-0.050442744226927565,0.6065383295067571,1.1749068504229292,"Maldonado, Martín"
456781,R,2024,309,-3.315966491704399,4.668413853338117,-18.86623674662368,10.256462958192254,14.30576531467144,3.130251906234251,10.17869079410798,-2.2902007601749843,3.380733042334921,-15.568621663949767,4.075023978894852,2.3683825802066782,0.9655046690469095,"Solano, Donovan"
456781,R,2025,180,-4.094622484399249,-0.3070511505977972,-19.883611346230623,-3.006440503472437,11.363388398026819,0.06515560169360138,-15.863181484979687,-2.314806044962716,-0.18565752600773885,-14.581597331723998,-0.8341893547683724,1.1772442628365296,0.013437139182353454,"Solano, Donovan"
457705,R,2024,514,16.544643367519665,-6.386988541121904,6.78543815063642,-6.285854870021769,4.506575972489766,-2.697281551680694,12.46653252782148,13.03488514004565,-5.196994106364864,6.019011920203824,-3.2877256462482727,1.1182377208627408,-1.148820398573668,"McCutchen, Andrew"
457705,R,2025,547,11.109666636952369,-3.3508332650825006,2.342293625901164,-1.0365094359557046,-16.25209139847475,0.13135042395164773,-7.056123412707778,8.866349675431639,-2.757516501918063,2.0919830958182426,-0.5581932061576211,-4.22431958629753,0.05795157774719904,"McCutchen, Andrew"
457759,R,2024,537,3.170158733728985,12.106377822626937,-20.420963440708004,9.82549921494445,-2.786277410436886,2.2854849849835714,4.1802799051390584,2.520547279913969,9.930014402699413,-18.20244193046345,5.246259491508976,-0.7143769496781933,0.9979671478734565,"Turner, Justin"
457759,R,2025,191,-0.06821117854417849,8.53549079472865,-14.328092036746005,0.0017848623516095131,-17.538632049315346,-2.2512930856679225,-25.64895269319319,-0.039551829538062376,5.281205959329967,-10.671350326295356,0.0005167438434933508,-1.915906972131493,-0.4865289975037662,"Turner, Justin"
467793,L,2024,431,-0.7169487722587526,5.668637356578456,-7.970668749201652,-9.346903734711049,-5.8998436479881144,6.5376789786970795,-11.72804856888403,-0.5426860485315811,4.452720256617912,-6.919850267667965,-4.477497652458937,-1.2787976326865196,2.5073197864655232,"Santana, Carlos"
467793,L,2025,328,2.85349408328402,4.047947384038486,-7.2462439437072925,-11.238244395872817,7.119989745509329,-8.694020902580135,-13.157078029328412,2.006749494838854,2.979006963402279,-6.040841951445726,-4.62662181183944,1.2386164636278658,-2.7935184488647566,"Santana, Carlos"
467793,R,2024,162,7.214978588303095,1.3795107092014973,-3.0263206746639635,15.779034476418573,10.876087352972183,8.713849828336363,40.93714028056775,3.8909128664490096,0.7990175323769995,-2.1554820669368198,4.0528035987089215,1.0246998597424457,1.651421002191621,"Santana, Carlos"
500743,R,2024,337,4.432576405844424,11.985202846500826,-22.80658483800528,2.2699740544604206,10.315074984999526,1.8719608599123774,8.068204313712295,3.142156566524779,8.882918499113119,-19.097584915685196,0.9494324767501082,1.8349228358367684,0.612592223181852,"Rojas, Miguel"
500743,R,2025,315,2.2064571312871113,7.677980144707191,-14.702948037636675,-3.60475066489843,14.425118755092983,-1.6391006342073964,4.362756694344784,1.532941004915255,5.589542426541554,-12.173560666111628,-1.4488459654671297,2.4267127304826612,-0.512317828804141,"Rojas, Miguel"
500743,R,2026,243,-2.2496451529135726,8.879461184468758,-16.579125727895367,-1.4891445322573313,3.1127288895825815,12.61134808136753,4.285622742352599,-1.4333118323276506,5.982097382235999,-13.061210113321474,-0.5084298603406339,0.42011201063248477,3.2747806557598986,"Rojas, Miguel"
502054,R,2024,479,8.295610617022039,-2.2079642614227253,-2.5800532279731376,2.7832165423452047,-3.745927408083446,-0.9564226940913323,1.5884595677966022,6.436027851464411,-1.7724565017482914,-2.2698980011877232,1.4066960970681364,-0.8810891938637869,-0.390957791365406,"Pham, Tommy"
502054,R,2025,447,7.585491202046861,-1.2937259621447805,-0.42775938489631227,-5.867295803603527,-0.7181820056319355,4.438192518802654,3.7167205645729595,5.792142237774106,-1.0240857673161268,-0.37312620235599553,-2.864049693837082,-0.160156862121689,1.740535682358253,"Pham, Tommy"
502110,R,2024,495,-0.4554341946680589,-5.274821538740086,21.483174741868073,-0.2847449466127955,-17.490393065379212,2.195285376132994,0.1730663726009139,-0.3559208466190056,-4.261564381687678,18.97435173626249,-0.1462541527755082,-4.218236722582194,0.9148520589704137,"Martinez, J.D."
502671,R,2024,653,-1.4940878631755925,-2.7786208894447206,5.733578532143974,14.735048729026087,-4.5527750067619035,-5.5114109780102645,6.13173252377758,-1.23280331690152,-2.354291693772855,5.211257375987631,8.577850062791907,-1.3449543006802605,-2.674198837446047,"Goldschmidt, Paul"
502671,R,2025,529,-0.10396866416693293,1.88394804065444,4.307600780739594,2.414157890357519,-7.7540152782729335,2.859836192189586,3.6075589615012755,-0.08240860290321042,1.541081077458223,3.833327626639958,1.2800018328245952,-1.9659529891819627,1.2382113258814336,"Goldschmidt, Paul"
502671,R,2026,368,-2.0229666252481753,-1.5430664748098684,-0.6188765070101334,7.776899250368626,7.084384468856111,-3.1301114185270054,7.546262693629554,-1.470089087079379,-1.1691476256692346,-0.5254277621418024,3.420358825446935,1.3539928776845824,-1.0858550948208299,"Goldschmidt, Paul"
514888,R,2024,680,-10.066273241959072,7.779700293742431,-10.654156166345622,7.969174358515921,10.952222467148893,5.149667205116915,11.130334916219462,-8.363970851337648,6.63185820711046,-9.7187312466269,4.717438626823489,3.328562363972369,2.55081570415022,"Altuve, Jose"
514888,R,2025,649,-12.384607930847064,10.056158361290944,-9.56026353022702,-2.501805349929803,16.275246371048237,1.3572410554748051,3.241968976810102,-10.2077981175138,8.512448658812128,-8.684460538032166,-1.452657870097244,4.787149933190899,0.6564658425647989,"Altuve, Jose"
514888,R,2026,550,-11.827873868107732,5.763810244315878,-14.17806143249176,-3.1458502519567153,18.27378854103017,-0.017665991845046126,-5.131852759055203,-9.449941311171674,4.747824156079861,-12.670300453994201,-1.6984152178648706,4.76906018096168,-0.007818034204966533,"Altuve, Jose"
516782,R,2024,369,-0.8117157909113496,0.921204333321331,1.9134817290648227,10.174370560207247,-12.07628360500461,1.045222603115111,1.1662798297925543,-0.5903107750264559,0.6984349812025672,1.6252160085867835,4.48159456073263,-2.3131330463418385,0.36323710780488444,"Marte, Starling"
516782,R,2025,329,-2.335516043202611,4.309811101273802,3.2768406743984784,-3.6937149177875126,6.126158380795261,-0.9294672171097578,6.754111978367659,-1.6439587909280342,3.174268202465732,2.733124980228417,-1.5233728045793904,1.0684088499393614,-0.2992690189320515,"Marte, Starling"
516782,R,2026,168,-0.5505288759516942,-0.04395364445011846,9.110193385543177,-15.432253889931953,-11.588005777199545,-7.315996599001318,-25.82054540099145,-0.3018574990975699,-0.025846541223847233,6.556067028645157,-4.071804346691036,-1.1282728500120696,-1.4278341630633393,"Marte, Starling"
518595,R,2024,341,6.133690071229612,-6.285469373039061,-1.764132980271817,4.034561238663332,3.166344120435702,1.1253964487463541,6.410389525764125,4.3629379561430595,-4.672708067847995,-1.4800581943344382,1.6990778187472289,0.5687376688720766,0.37121122662490014,"d'Arnaud, Travis"
518595,R,2025,231,-6.170011504239249,-12.617228257698123,-6.146522166573326,-1.6862851296157588,-3.5746353322762707,4.729405541942994,-25.465276848459737,-3.8583549549190925,-8.358550263854388,-4.789501141295676,-0.5566929828730552,-0.46170598479229114,1.1826003848642679,"d'Arnaud, Travis"
518692,L,2024,630,6.71170450712548,5.026977436960085,8.874239730442067,-2.9552696979095607,-1.8506355206912442,5.115389486892499,20.922405942819328,5.502835845287155,4.235682058992098,8.039072106794002,-1.6945280329482113,-0.5329937913738214,2.436258013463223,"Freeman, Freddie"
518692,L,2025,621,2.4848291298186855,-3.6512503704061787,14.110568488686884,-2.7144831803165244,9.09084715110457,2.9676284594429494,22.288139678330385,2.0319736879632244,-3.069505411946637,12.765191459954297,-1.5468989177609591,2.591476032989354,1.4027170262780524,"Freeman, Freddie"
518692,L,2026,637,4.255603585784419,2.8072811381712417,14.21666676990416,-0.30328340049879243,-13.426396190921125,5.797106340526484,13.346978242966388,3.4960314715585388,2.3694863357390266,12.892048409050235,-0.17471936304509275,-3.8973736650174713,2.776915029291287,"Freeman, Freddie"
518735,L,2024,183,-0.810326602742125,7.055215329458037,-8.55886525596166,5.718461465918985,25.067791111400858,6.535471334620432,35.007747382694525,-0.4613883208259656,4.293742667935093,-6.304180513951001,1.605706134397939,2.635749604042942,1.3655901031867446,"Grandal, Yasmani"
518792,L,2024,256,-2.3384299157978012,2.651025601774382,4.650235649197422,-14.526160621159503,4.403625232337198,-2.729952454835338,-7.889656508483641,-1.517848629284146,1.8160896747841926,3.7034098426118987,-5.131185401773796,0.6216462727122097,-0.7365765329048983,"Heyward, Jason"
518934,R,2024,228,-1.7241035875290198,5.458287023743799,-20.779442218235143,-2.579066063191887,-29.089893471564334,11.942208774228622,-36.772009542547956,-1.0728619990749835,3.5999698469501045,-16.144883873148576,-0.843987603842154,-3.714735244602805,2.957002048398538,"LeMahieu, DJ"
519203,L,2024,376,-5.733176889072142,10.675925021270112,-10.253145494249951,-7.699419451642455,-4.965442939154666,4.561226273185042,-13.414033479664058,-4.190665802163655,8.130835089855097,-8.733003774336142,-3.427130166048898,-0.9656318561815482,1.6046148337139643,"Rizzo, Anthony"
519317,R,2024,458,-11.023775322455338,-8.870479083569725,9.472292410925863,25.3104235799346,-7.895826325532841,-0.7790172210559727,6.2136180382465875,-8.465622291060166,-7.057006931047951,8.287919843884444,12.508756078495836,-1.7942781962297158,-0.3100349302136086,"Stanton, Giancarlo"
519317,R,2025,278,-5.601438423162356,-13.279790245173388,12.486495306762688,29.03012215232492,21.704324592429785,-4.190582222112135,40.14913116106951,-3.739681632676158,-9.32988089537659,10.106996041490525,10.807695645261033,3.287358991339706,-1.2000157789346162,"Stanton, Giancarlo"
521692,R,2024,644,-18.819258860933672,4.7896188065451195,4.171056677913477,19.755463771248472,-9.880815256095763,1.5844811180122218,1.6005462566898543,-15.490308553066315,4.049543338010195,3.78625877153264,11.433661857181873,-2.890471354805243,0.7633166369392599,"Perez, Salvador"
521692,R,2025,636,-17.777567667301867,3.856467860043188,5.225101067099228,20.739365722727594,-24.004070919085983,2.54356945173622,-9.41713448478162,-14.600396303018801,3.254254690294907,4.7375654155927736,11.939839726157949,-6.960062232848232,1.2174168700470394,"Perez, Salvador"
521692,R,2026,607,-19.976809207360652,6.292276390668939,2.398088770378957,3.9074041704185305,-12.06511281103386,-0.9307620995361042,-20.374914786464185,-16.26769336241428,5.270375667744,2.1646818831977943,2.2048338155392373,-3.383540270833469,-0.434659351989839,"Perez, Salvador"
527038,R,2024,241,-2.609131148099214,17.93047806512363,-19.783797115705703,-3.0387790688448093,-9.476496336992358,-7.612758963571486,-24.590484568089938,-1.6573594625190537,12.047149689311336,-15.558486964083649,-1.031872910197232,-1.2698869635664591,-1.964729281764305,"Flores, Wilmer"
527038,R,2025,464,-2.8723033292399647,8.223851594999013,-22.016662335639435,-2.569671888045653,16.518151192164307,-0.14241319555829451,-2.859047961320021,-2.2124018012545967,6.5599171906131755,-19.294995417073228,-1.2783275459652892,3.791535796643777,-0.0571225894243568,"Flores, Wilmer"
542303,R,2024,687,1.7991188926264583,-1.8887943919845624,15.195701183179512,27.01358891083112,-6.859800818904547,-3.636867524772638,31.622946250975346,1.497451055022649,-1.6125397865650501,13.873944566281848,16.05774678550464,-2.099699665610614,-1.8107828102261532,"Ozuna, Marcell"
542303,R,2025,590,7.0863592518182505,2.7854662320746204,9.267570057690437,2.8275218121208274,-5.623382423863116,-9.462045468137012,6.881489461704006,5.7399195602334085,2.3222241983233767,8.342158918847096,1.5757049698344459,-1.5449889952020854,-4.351873332092267,"Ozuna, Marcell"
542303,R,2026,280,1.8669245607290854,-6.141424023266457,13.068097812695981,-9.733887965320166,-14.657372517232238,-8.750378455632758,-24.348040588026556,1.249378735855533,-4.323919814566342,10.592182901443062,-3.640174291889274,-2.2335580700893094,-2.518598110944474,"Ozuna, Marcell"
543309,R,2024,262,-5.090054309262012,0.21337400185046151,-4.689127220032614,13.614007989887305,10.110450148481409,-10.943811165597912,3.214839445326633,-3.3306628145313724,0.1472341637275959,-3.7518769565087267,4.881277163300827,1.455895708194506,-3.002997654348668,"Higashioka, Kyle"
543309,R,2025,327,-3.1070889602021246,2.9401080477990704,-3.7213598321404873,-3.6843574438395477,9.703310179976997,-2.3827795874895714,-0.25216759589566357,-2.183111651242765,2.161968571054566,-3.1007397321699566,-1.51407237990879,1.6837658770449866,-0.7640368321679494,"Higashioka, Kyle"
543309,R,2026,186,-0.08672106281097255,-3.3964692335025974,-5.615166319414303,-2.4230768182053444,4.046410037338732,3.371251570369826,-4.10377182622466,-0.04972307301679595,-2.080193980845675,-4.153596327092109,-0.688369089352469,0.4316898957714903,0.713528565853866,"Higashioka, Kyle"
543510,R,2024,233,-10.160255978077368,-2.538996777018504,-4.416624319436688,11.280817859276535,-4.14832390173546,4.745394985660085,-5.2379881313314,-6.374113338866561,-1.686899583393501,-3.448062259033377,3.7456716701360575,-0.5398398838696765,1.194286588164742,"McCann, James"
543510,R,2026,152,-16.88707325474612,-1.6322428167156346,3.2636619823958726,-1.1481196795121889,18.53245703112519,-3.3230570386524554,-1.1943737761053401,-8.83899285770851,-0.9199334569532152,2.2813386720778803,-0.2811458507421772,1.6478539040978581,-0.5978946633671882,"McCann, James"
543685,R,2024,238,12.291830938512922,11.818997740160022,-18.21368739738235,-7.109097292691079,-7.014817173238327,-0.8919057834273761,-9.118678968066192,7.772218761419269,7.908253284000895,-14.285254776390294,-2.3940934953248423,-0.9298621866923589,-0.22805364596453728,"Rendon, Anthony"
543760,R,2024,716,8.538529783852807,3.807828028732146,-16.45306447042721,-1.3591745219473135,-1.8281588827651285,5.012199679413717,-2.2818403831409824,7.15542382739501,3.270268872769037,-15.075049313286986,-0.8214304190631331,-0.5757586054263157,2.547360227476552,"Semien, Marcus"
543760,R,2025,535,9.343073182408041,1.4525682111670792,-14.539757839769004,3.2267588524540987,-9.864414950373458,-1.6096467689216327,-11.991419313034875,7.422855953903207,1.1906398839258103,-12.954905703747285,1.719909731671615,-2.5221378222408086,-0.7013823091288588,"Semien, Marcus"
543760,R,2026,534,8.341551512829158,1.077947325340551,-14.192574497784841,0.23801033859099696,-10.31658155734116,-1.9645203634951136,-16.816167241860406,6.624620459293174,0.883272689714935,-12.64298507414283,0.126752151363659,-2.6340764476082756,-0.855110216932134,"Semien, Marcus"
543807,R,2024,612,13.452829806438613,-2.1086498648529206,0.3070180969774779,-6.166373529416266,-8.414607953436542,2.1227828886663356,-0.8070005556233021,10.971671451655173,-1.768539959923858,0.2773564585518124,-3.491934979874779,-2.373747364909182,0.9956604092221842,"Springer, George"
543807,R,2025,583,13.827112440540017,0.6271690832905203,8.938872917234656,13.386461567696447,1.8208296873839347,9.267507524430663,47.86795322057623,11.174406932464846,0.5218245955900704,8.036648279338012,7.420484309236078,0.4959428226672848,4.234937927728994,"Springer, George"
543807,R,2026,506,10.975837078494282,2.0087707354342665,7.424644969155177,-20.905722249401265,16.409562204995474,-2.249374475385958,13.663718263291983,8.618531569807315,1.629705158075006,6.574278969697777,-10.852597441581393,4.023947758835021,-0.9494313568256402,"Springer, George"
543877,R,2024,315,-7.717339239425438,3.4183674159143846,-15.122854329688682,5.941820977344598,-6.010039816799515,-5.990790944087016,-25.480835936741666,-5.36163862021454,2.4885594050320825,-12.521229358627714,2.3881772002658734,-1.0110585834162202,-1.8724835713203831,"Vázquez, Christian"
543877,R,2025,216,-1.3632051269011698,3.5632475205868896,-23.70897444416562,-13.932632887809397,-1.2818854030329165,6.9453796751735615,-29.778070666148654,-0.8308495941435854,2.306485959400737,-18.19556671473461,-4.395121764005309,-0.156128639834869,1.6507405524081729,"Vázquez, Christian"
543877,R,2026,261,-13.224621108224536,6.735308568373739,-17.298921304225725,-15.293848183149167,11.542179542933724,-4.2702249983021145,-31.810127482594083,-8.642048856880553,4.64204251214222,-13.830667261406113,-5.470136938929249,1.6566302054718318,-1.168507398517718,"Vázquez, Christian"
545121,L,2024,177,1.9980786423175854,10.11372044393277,-27.394452029843766,-15.532652180746487,6.326446951101845,2.360359536890879,-22.128498636347178,1.1213093981846451,6.074524918463186,-19.999266467765455,-4.257664562108283,0.6456094694761729,0.48031848758965806,"Vargas, Ildemaro"
545121,L,2026,310,-14.386774495570082,19.913791788016745,-19.23119825710689,-9.241362653008178,-11.224491604408662,2.540849825862936,-31.629185396214126,-9.946274611873706,14.433846581651617,-15.87874484312325,-3.6788639096552425,-1.8632796210662272,0.7854598779488744,"Vargas, Ildemaro"
545121,R,2026,169,-9.126646853074462,7.606243850469121,-11.064396609438344,17.440428473951034,12.903260330250477,10.948724754707387,28.707613946865216,-5.017592978339595,4.483712201564551,-7.97562243690943,4.621793895707581,1.263079514572061,2.1470443062192452,"Vargas, Ildemaro"
545341,R,2024,278,-3.4377953632876093,8.542801272220087,-1.6898494849301062,10.490820003693537,4.262140867890446,2.5627469877016855,20.73086428328804,-2.2951712052790514,6.0018507002890065,-1.3678219256329864,3.90565320649385,0.6455481738097032,0.733868627235561,"Grichuk, Randal"
545341,R,2025,292,-8.03017525494797,4.093174016998275,2.059071042119011,2.8137330471443778,-21.14664044419525,6.585662223408409,-13.625175369473146,-5.447993369913043,2.9173129839689005,1.6820508965902183,1.0800358957936942,-3.3387220709126852,1.9526835174351596,"Grichuk, Randal"
545341,R,2026,266,-8.606284296928349,-2.675711260754745,2.8701208919436665,20.603184374702096,13.549637940243835,0.7295154929663803,26.470463142172882,-5.66092234690762,-1.8549636961070317,2.303371955781128,7.459183802165417,1.9765785528506072,0.20238842115279923,"Grichuk, Randal"
545361,R,2025,548,2.9551994313017675,-8.947743287469976,3.760606652240331,23.422961934224556,-5.8764647356766915,2.6870445375264485,18.001604532146434,2.3593408044230735,-7.365787169107271,3.3593824139281505,12.624639056549807,-1.52950378928383,1.1867294805057385,"Trout, Mike"
545361,R,2026,604,7.77200343471128,-3.551679788001335,4.761424708844988,21.16540536086125,-12.578437026897381,-1.8258107101382899,15.74290597938051,6.323135880029618,-2.972469470711236,4.295916669925288,11.917227317721933,-3.514934632166205,-0.8503894468503979,"Trout, Mike"
547180,L,2024,620,-3.24100994898999,2.2803183267647684,12.143360309363102,5.168997338774926,9.515785970263002,-1.2344453463610443,24.633006649814764,-2.6495631377826663,1.916508176289442,10.983858295641783,2.9436074772365353,2.7094865537238353,-0.5829927922683645,"Harper, Bryce"
547180,L,2025,574,-2.5720033966311786,-0.5741826400759816,13.398920150382361,5.387593255664177,-3.6832981375360525,4.768166113554244,16.725195345357573,-2.0723356499230086,-0.47648330256003296,12.02749653547134,2.965766846138076,-0.9919103637749965,2.1604954021406577,"Harper, Bryce"
547180,L,2026,668,4.997449354167751,-0.5870383225664554,14.291177372527445,9.512433312153181,-4.722531652093581,0.13409595989871306,23.625586024087056,4.139757066711952,-0.499101935799741,13.015896356984488,5.590012345121576,-1.417530330839312,0.06582579548114928,"Harper, Bryce"
553869,R,2024,350,-1.9736905984983342,2.1205025097813466,-6.644172818809211,-9.683894089114924,15.236465078209019,-1.78204786658169,-2.7268377850137937,-1.4144001888057272,1.586882090817094,-5.597452513971303,-4.139807525743171,2.7957463991398965,-0.5981142058348765,"Díaz, Elias"
553869,R,2025,282,0.0784829884214244,-12.105407904581089,-2.280375838925605,-15.033977055685948,0.4822904559028728,-0.5769291793474626,-29.435916534215806,0.05264570103044663,-8.540837623480469,-1.8508170103597206,-5.64731809095593,0.07393812132096296,-0.1668989731740781,"Díaz, Elias"
553869,R,2026,233,-7.048151603929857,-2.2160302205423243,4.8456821480677945,-16.92372774518253,3.376343470410966,0.564062108775364,-17.401821842400583,-4.4217111507720475,-1.4723218594274772,3.783028060705732,-5.619337920264158,0.4393786286090805,0.14195905998089092,"Díaz, Elias"
553993,R,2024,641,-4.051877519312383,-4.868846462570214,5.772087199588574,7.894363115087971,4.704900320310531,4.479570601375978,13.93019725448046,-3.3323795912506364,-4.1135542238941785,5.237326039533699,4.5599475925059085,1.3717997240081428,2.1527912908364555,"Suárez, Eugenio"
553993,R,2025,658,-2.746871990270097,-8.307437017611022,7.030737804235614,8.244707576019733,19.010010514551936,-0.6873603550409416,22.543786531885228,-2.2695177349676694,-7.046967863051166,6.394673855548211,4.814856092670789,5.646055647217502,-0.3348247623404342,"Suárez, Eugenio"
553993,R,2026,481,2.3815119564284033,-8.454444533099851,11.853177916024583,-3.697895109127444,13.244604544078515,-12.105499290048055,3.221455484256148,1.8493848994610456,-6.792426608567391,10.43349023782529,-1.8728452902155328,3.1252356228357625,-4.960570902697716,"Suárez, Eugenio"
570482,R,2024,458,-2.0564821237840283,9.073156983449818,-3.312534672925313,-4.242153736359265,-9.855235604443203,-1.1934264547661377,-11.586675608828132,-1.5792594096878967,7.218249557376142,-2.898350331502223,-2.0965301575460593,-2.2395419598550887,-0.4749623982855559,"Urshela, Gio"
570482,R,2025,197,-12.123305781056757,1.3042451397988357,1.041156111319108,-12.582355691805088,-7.201796795314923,2.3021997588758163,-27.259857258183004,-7.120745375177196,0.8164628504209092,0.7815123487771807,-3.723346663392204,-0.808657557389504,0.5096994547774831,"Urshela, Gio"
571448,R,2024,632,-5.049453456098715,12.666529861601953,-0.5808679626598867,-16.48199058662619,9.390916769432593,0.759933999911167,0.7050686255609221,-4.142339715366881,10.678013331728135,-0.5263583934541579,-9.46341756856132,2.710746345326727,0.36252740966874253,"Arenado, Nolan"
571448,R,2025,433,-6.523713807098809,12.661650259491534,0.06574072477338604,-25.522730285834875,6.170721882150577,2.421124951544049,-10.727206274974137,-4.943599530278771,9.955602404522416,0.05710852776690796,-12.255782118483651,1.342367175556155,0.9311973968759162,"Arenado, Nolan"
571448,R,2026,574,-5.65374315946307,4.15175093584696,-8.157427957092933,-4.8176473565697755,27.644727632965665,1.5028529175188565,14.670513013205701,-4.555380261243017,3.4453148863178558,-7.322488334217923,-2.652022550417639,7.4447114566780765,0.6809550550605465,"Arenado, Nolan"
571657,R,2024,240,-0.7736212356061405,3.3791971352970025,-16.450794286954036,-0.9416104657937402,-4.664178845741445,9.060114668461123,-10.390893030337235,-0.49067009079099444,2.26731896453743,-12.92582520340236,-0.31886357569417456,-0.6227707531170196,2.3310621967928964,"Farmer, Kyle"
571657,R,2025,300,-3.262432792204132,1.1494016095125588,-17.50337241172023,3.9795763643484228,0.8713103734878902,3.2392894373298953,-11.526227419245592,-2.2325090261362663,0.825532918529718,-14.368626904139171,1.553056397216925,0.14072642125045137,0.9788290662889633,"Farmer, Kyle"
571745,R,2024,425,4.6321883211069075,-11.323568909515261,8.63801070331953,-10.508265162763868,-9.586670752542968,5.789592530298489,-12.35871327009717,3.494290652679505,-8.867820866737963,7.485281069633753,-4.997078389369491,-2.055195884549671,2.2012567807272743,"Haniger, Mitch"
571771,R,2024,395,7.01662719974689,2.0015902719686935,-9.014278725356213,-6.695999335554914,1.438514572125845,-8.112348106005566,-13.365894123075266,5.196049262629661,1.5421041202175916,-7.73296058106306,-3.062225206391532,0.2910248960864233,-2.945726649162904,"Hernández, Enrique"
571771,R,2025,256,0.13153257584906577,2.388003028144434,-3.216244058203822,1.9713199604812846,-8.517312148958538,-13.690835842196737,-20.93353648488431,0.08537631964505728,1.6359056056885197,-2.561390604678235,0.696344234877354,-1.2023628423339596,-3.6939648451949476,"Hernández, Enrique"
571912,R,2024,153,-2.512360912992831,-10.842365438591203,-7.212486142970632,-9.31724040240009,-3.466141256229941,-5.705976412402046,-39.056570565586746,-1.3191231021840015,-6.128245982497407,-5.051551508610408,-2.292875993886697,-0.3100457795454573,-1.0321692672376752,"Maile, Luke"
571970,L,2024,291,11.997061505846224,-12.122560714961034,2.398681346832806,-0.8826212937449308,4.443925415237819,11.871876490305754,17.706362749516632,8.130304183921945,-8.631547453898142,1.9582456946855569,-0.3380734830962776,0.6996014038101037,3.5115845924879276,"Muncy, Max"
571970,L,2025,386,16.488480032545706,-3.494303727197499,0.947684737096919,8.454149620648348,-1.9623454694180529,1.5328387342244867,21.966503927899904,12.136851286211245,-2.677816588763981,0.8102923391121497,3.817956257614617,-0.38975177013529116,0.5484545444706631,"Muncy, Max"
571970,L,2026,543,7.604481335300414,-7.666077578044569,2.0239305285297937,15.349387017174909,8.362341132599566,-0.27907070164744996,25.39499173391266,6.059934132624172,-6.300462181690909,1.80622015189294,8.238127071189352,2.1617932465354945,-0.12262074993161234,"Muncy, Max"
572138,L,2024,405,4.959545689908136,-5.511241958302904,-7.083335228372215,9.014135089286308,6.927860019919449,-1.9466813090767887,6.360282303361985,3.696392185358603,-4.270282909621603,-6.097889322089356,4.178346396929838,1.429730677503803,-0.7181654367742623,"Singleton, Jon"
572191,R,2024,298,0.7791212554575948,-19.65303323548696,7.311846009988829,-9.198254323531708,-13.287228498151551,2.346370454932151,-31.701178336791642,0.5320317121956888,-14.088724326651828,5.995133728880816,-3.5750505583062635,-2.1340276720456344,0.7057070546802197,"Taylor, Michael A."
572191,R,2025,324,3.094137582594685,-17.326302833377685,12.542910512101754,-11.553172817926528,2.1307311120083194,-3.7997593107493506,-14.91145575534881,2.16804203061605,-12.709515966716214,10.434985669746501,-4.721976873310843,0.36692696585501844,-1.2107744084338605,"Taylor, Michael A."
572233,R,2024,549,4.859642610219708,-3.4874472825454164,3.1652615345110444,8.546833542684194,-0.4105899836989083,1.1196414121011518,13.793341833271775,3.8812154169052686,-2.8717933404740537,2.828105083749436,4.610491746086582,-0.10701097905345172,0.49499149440965284,"Walker, Christian"
572233,R,2025,639,1.6245257310256647,-9.912476428070208,0.41697466285382456,6.212669201949263,1.8716081597028764,1.536493142944946,1.7497944704063662,1.3353141365894203,-8.370713962001242,0.378233924297108,3.5838285432212555,0.5444942693300405,0.7372091161411934,"Walker, Christian"
572233,R,2026,611,0.8185233110848212,-4.39663604409208,-0.05600047386185607,-6.7926616257116565,5.7125407514642905,1.7006013395227475,-3.0136327415937325,0.6673583888696117,-3.6865174168779786,-0.05058215687075645,-3.8438650287765976,1.6096073277577108,0.7969497433834284,"Walker, Christian"
572761,L,2024,156,8.710933382024303,-5.22580204357765,1.749602303051695,3.7818481779293758,6.640106477504965,-13.720727349005836,1.9359609479268554,4.615862736384475,-2.978596193366619,1.2325049210795578,0.9443651855251922,0.6045423467473031,-2.5217009004308277,"Carpenter, Matt"
573262,L,2024,473,3.724414343092367,-6.416017369376248,-3.8277350704477637,3.2985899341097165,8.865280857583551,0.8182493489460049,6.462782043907626,2.8813390900164864,-5.137641697325568,-3.3624651970607715,1.6567824292314524,2.0651903759418953,0.33198673260421274,"Yastrzemski, Mike"
573262,L,2025,554,5.025507312828124,4.530324874559996,-4.371117494809573,0.4724514768947424,-8.158283582948675,3.5394624564833315,1.0383450430079448,4.020992011224042,3.7365205879311163,-3.9092741989071396,0.2559223438483222,-2.140555835336361,1.5727090393970171,"Yastrzemski, Mike"
573262,L,2026,391,-0.7236856002182953,4.7613798079577885,3.1477216072642236,-4.869120086570411,-1.9473361036077066,-1.6378105493167892,-1.2688509244911894,-0.5344948566292703,3.65976012187208,2.696373551091637,-2.2144598341528243,-0.39077530191390225,-0.5908661236600274,"Yastrzemski, Mike"
575929,R,2024,356,2.763895239826658,-8.816622337877448,10.632197675052678,9.339632316963005,-4.619052669377017,9.440499478367528,18.740549702955402,1.990187287077073,-6.626038868068176,8.981051688412718,4.031537863400777,-0.859378472034588,3.204424438975054,"Contreras, Willson"
575929,R,2025,562,-1.313193227719942,-2.8999636065180456,8.261801327138942,14.637679112695382,-7.732802383209208,4.435896004695136,15.389417227082264,-1.053705874211169,-2.3978122081172106,7.400006183545721,7.9811565266640505,-2.050448455283837,1.9867410964095886,"Contreras, Willson"
575929,R,2026,532,-6.291504353032038,-2.0862251546055512,12.46379981757074,17.050742994595858,16.70315050288067,2.3697083500254377,40.209672157435115,-4.992668638907409,-1.7082981942183233,11.098407906328877,9.064425721918667,4.252818330043744,1.0292939524941578,"Contreras, Willson"
578428,R,2024,290,-13.591698217634159,16.39019410485562,-13.06309560150191,2.2329405939432108,19.971406447177902,8.893586329521876,20.833333656362537,-9.200749807888068,11.658625207865963,-10.657757585533126,0.8534752056158276,3.134964184470537,2.6242630591000498,"Iglesias, Jose"
578428,R,2025,343,-15.397918268065121,17.175194104727687,-16.27091168406309,-5.219465234646058,2.672856491089722,-0.6897627454712499,-17.730007336428105,-10.97111836560632,12.787417187124579,-13.663668845876241,-2.2055216981418835,0.4824052000556135,-0.22841028862827678,"Iglesias, Jose"
592178,R,2024,155,0.3414470703715028,-15.75857858119241,-1.5430179831883704,0.6871769284559469,-3.0731234099559845,0.4385960048640485,-18.90749997064527,0.18038332362515092,-8.957204905924447,-1.0849081982061786,0.17076831064263628,-0.2781584898657375,0.08018629838867583,"Bryant, Kris"
592192,R,2024,461,8.179947544751325,4.204430214184939,-12.315497973937502,-9.611500143542678,13.665168035632975,1.505924347137064,5.628472024226122,6.291227545223667,3.3493365502352,-10.78439890128217,-4.765820753981755,3.1210207132608128,0.6016881999432402,"Canha, Mark"
592206,R,2024,659,-7.032802516796601,1.657056261290768,4.843904480284214,4.332313224478962,-2.6910447223180927,1.681470836689277,2.790897563628528,-5.812167514744988,1.4059584649596535,4.406286101077891,2.5316411514266335,-0.800105486150876,0.8197106186687406,"Castellanos, Nick"
592206,R,2025,590,-11.29155558527234,3.1748831231715404,5.7817136059588705,-4.191182285147034,3.258582528416214,-6.080970109668337,-9.348528722541086,-9.146109936881563,2.646878404261315,5.204381884779542,-2.335637775764774,0.8952750794605013,-2.7968172149067323,"Castellanos, Nick"
592273,R,2024,361,2.4039325992045177,-0.2832664718785394,-0.27059930955618844,-25.645505540135012,-15.192079957279581,-4.035268009704991,-43.02278668934979,1.7377279094856923,-0.21362103850706826,-0.22906881987458083,-11.157950110837593,-2.858726674588047,-1.3823535948806867,"Drury, Brandon"
592450,R,2024,683,13.968909769096767,-8.478424129155995,23.86302455553737,42.17222235258679,0.3044204463956669,6.313842536613933,78.14399553107455,11.615262234060584,-7.232177007457696,21.776271341613594,25.009124417103397,0.09280217079088943,3.1344216974048713,"Judge, Aaron"
592450,R,2025,642,6.720348758329916,-7.479691431511875,20.738924312776156,40.22941830129155,-4.15451245498399,9.031443132255475,65.08593061815724,5.528535560321654,-6.3209125338616365,18.8202605275609,23.25264316895469,-1.2126622211543039,4.343843885879595,"Judge, Aaron"
592450,R,2026,280,3.1879407859795554,-8.367623062696353,20.348561990380208,25.696472628483715,-7.249915533051384,-3.8003960261090137,29.815040782986728,2.133426016750233,-5.891293456459859,16.493271895628233,9.609689302743698,-1.104775588344705,-1.0938578600606252,"Judge, Aaron"
592518,R,2024,638,-0.8693001221943798,2.6252650512248663,2.4627465390413987,7.826407205483443,1.9030574062688386,1.881947654394953,15.830123734219118,-0.7143407471767509,2.216397378616046,2.2336097163030937,4.511734054029019,0.5530289458809381,0.9022224878184592,"Machado, Manny"
592518,R,2025,674,-2.2273917901976703,3.490109753686089,2.868943334658756,12.827963369733142,-9.456394317413512,0.5810321582032044,8.08426250867001,-1.8479367564039486,2.9712651159630483,2.615008925077645,7.5661678111871575,-2.856256294621256,0.2865189590480175,"Machado, Manny"
592518,R,2026,655,6.656076412728143,-1.6925035530460808,3.7726596313931866,-0.8831388067058212,-7.297198448083938,-3.1249892232644942,-2.569093986979004,5.4950028572352005,-1.4347066799247585,3.4299295850973914,-0.5147665495676673,-2.1603436830819156,-1.518667209653397,"Machado, Manny"
592626,L,2024,447,-6.119468534077643,2.9574060293117,2.770508036590135,18.817587691109313,8.608551462935676,8.99167262938732,36.0262573152565,-4.672714162452171,2.3410192818361932,2.416660344086245,9.185578513422417,1.919734244112264,3.5262839521334843,"Pederson, Joc"
592626,L,2025,305,-1.982959975609497,1.0808152605618606,0.9763930020854327,-6.400128861038535,-17.083028762826448,-1.9607078424357187,-25.369617179262907,-1.364014631182837,0.7798746541760369,0.803887251399806,-2.5229117620601875,-2.797555614257925,-0.5993311543917401,"Pederson, Joc"
592626,L,2026,431,2.0142926031008304,-5.18431955354148,1.043048488870689,13.843646308761757,-0.7389948612226382,5.168568512529216,16.146241498498377,1.5246953975794844,-4.0722881427659345,0.9055374890125046,6.631596473895727,-0.16017795309224384,1.9822408138109409,"Pederson, Joc"
592663,R,2024,413,-6.707314989564624,2.5127442372494624,8.435280280833805,8.857262059362052,-6.975919888425007,-3.0364692668542954,3.0855824326013925,-5.023804606382131,1.955482018126597,7.281371648877044,4.148742768966601,-1.4621261056856676,-1.1340709233349553,"Realmuto, J.T."
592663,R,2025,549,-5.469568269372144,4.288777856616432,5.071001980617869,-3.6758455056581334,-3.7011753240279175,0.7193434863277678,-2.7674657754961265,-4.368340306807721,3.531661610785441,4.53085039726559,-1.9828928782909017,-0.9646275135711669,0.31802048713348513,"Realmuto, J.T."
592663,R,2026,451,-3.9496652111347808,0.3696161286887125,12.814977752549808,-10.630933372961321,-15.204264312172924,-0.8245195682589153,-17.424788583289423,-3.0222291810772672,0.29312205639879146,11.190932880760673,-5.213028015949074,-3.4141269582402547,-0.3251062717247622,"Realmuto, J.T."
592669,R,2024,424,0.8185110212580494,3.2506950611429133,1.3755416024031475,-14.425860841154522,10.03833374511707,-0.07217820089175053,0.9850423878749107,0.6170861643569314,2.544413765669364,1.1916025874694585,-6.851568654854576,2.148043593236743,-0.02740276490428282,"Renfroe, Hunter"
592696,L,2024,321,-9.787221397986851,-0.451040005041359,2.7048981482694714,-15.144455925432961,-5.440210309728064,-6.032170185541349,-34.150199675461124,-6.838712583754221,-0.3300334795981724,2.246792007639215,-6.155778045791893,-0.929650555789764,-1.9099587898250248,"Rosario, Eddie"
592885,L,2024,312,8.299139746616572,3.3246082225225644,8.99804250697197,0.11405185607418686,6.407039189411447,7.188377138324982,34.33125865992172,5.748972155061177,2.413989450548496,7.4377819685251385,0.045578391806782574,1.0692931020486027,2.2320476746423896,"Yelich, Christian"
592885,L,2025,641,0.21209160190086201,-4.240606875242731,15.225774095543848,-3.6540453021137442,6.403293751094487,-1.9048811892915105,12.041626081891208,0.17443018015263909,-3.582771906576191,13.815166054375162,-2.1106522255653064,1.8669973862304314,-0.9154474835434713,"Yelich, Christian"
592885,L,2026,484,5.071750603382197,-10.179519057184153,14.855303384533523,-11.595636349620678,-6.416010993677802,0.34803256627732265,-7.916079846289592,3.94397660055973,-8.188354697106403,13.085757668174251,-5.890775822290506,-1.5211445040039224,0.1431398555651405,"Yelich, Christian"
593160,R,2024,336,7.758011873220064,7.901480050008844,-22.031014076087597,-3.0518227453579336,-7.332985383963475,-1.7108330680027288,-18.46716335018283,5.494724295385684,5.851730274641173,-18.439219210354032,-1.2742399524367463,-1.3012625093880208,-0.5587450096566035,"Merrifield, Whit"
593428,R,2024,462,5.538584772047811,8.278255003406736,-5.085241353254951,-4.875873297475909,-2.784840599980421,-2.2749006832243985,-1.2040161584811315,4.2618757672051855,6.597534434479518,-4.454227753456486,-2.4203218345907778,-0.6371005178706372,-0.9101135745856862,"Bogaerts, Xander"
593428,R,2025,554,1.873039348295831,3.4293712491343857,-3.2178999380212274,-0.6300890681646871,-9.377933221253858,1.0735531179312088,-6.849958512078347,1.4986499446495591,2.8284762419591867,-2.8779032403747586,-0.3413130851400381,-2.460565323091436,0.47701782787682895,"Bogaerts, Xander"
593428,R,2026,592,11.714131214097772,0.09306690544127666,0.31006233555642654,-7.618067997569486,-11.000388970803543,0.11130485139276435,-6.3898916618847865,9.494488899490353,0.07763286208654245,0.2791953160336248,-4.25171205215264,-3.0297111342916976,0.05128595309671624,"Bogaerts, Xander"
593871,L,2024,336,0.7372100258017007,-11.510610061268336,-0.8078085302774662,18.9783507603296,-20.75171583116251,0.28997594174765984,-13.064597694829354,0.5221396803422509,-8.524603612083768,-0.6761086220696257,7.9241079145092925,-3.6824606081473332,0.09470392722834631,"Polanco, Jorge"
593871,L,2025,410,2.306879863870556,3.9516098346328086,-5.401337540808624,7.244107178528522,1.1195893094943659,6.076444015931034,15.297292661648662,1.7246943499235041,3.07026189921023,-4.657796523899399,3.3799934537832472,0.23331228540494336,2.259094790950428,"Polanco, Jorge"
594807,R,2024,330,-10.944641032010466,-3.795763006214011,-3.5535398680163643,1.1182792626335076,-11.668560671871598,-0.6603563749741936,-29.504581690453122,-7.710800300360702,-2.7978946631918724,-2.9654033915045543,0.4620266883307171,-2.0401139745101387,-0.21305870420941306,"Duvall, Adam"
595281,L,2024,279,-5.134591863363285,-16.23247667066603,-13.811496266033853,-1.6614658023484175,7.299009063766519,1.1725394300794008,-28.368482108565665,-3.4320900528950764,-11.416498219650434,-11.187138270592866,-0.619945978013024,1.1088878326949454,0.33662962184501166,"Kiermaier, Kevin"
595777,L,2024,493,8.528916985596716,7.784250196315094,0.4827970614289183,-0.08938675384685026,-6.078622926169196,8.275155029231763,18.903109592556447,6.659427297941811,6.284051897110519,0.4262136979821261,-0.04582149840397566,-1.4615097062721996,3.4404053640726535,"Profar, Jurickson"
595777,L,2025,262,9.423749454283119,12.91031848230336,-3.533403286975805,-10.540313807675963,11.334836423808024,1.4677532466349301,21.062940512377665,6.166404123376009,8.90848898513429,-2.8271560459740543,-3.77920984927077,1.6322062282249143,0.4027536193847078,"Profar, Jurickson"
595777,R,2024,173,7.8853050719769255,14.60847870958988,-4.557076003559702,2.2975940683584866,1.1794725151840817,13.238438362391504,34.652212723941176,4.380738395106796,8.693895568721556,-3.3062479932801008,0.6193991526751288,0.11791618208577744,2.6452245569242137,"Profar, Jurickson"
595879,R,2024,286,-25.27976044109243,3.753321983664414,-0.041770351869055276,-5.6913095199520525,-18.40152854086938,0.22969918289711913,-45.43134768722138,-17.035880440372992,2.6590660379443554,-0.03399154269728747,-2.156699507803031,-2.8548756459021014,0.06711646971125623,"Báez, Javier"
595879,R,2025,436,-28.394890052937928,4.9788622386939245,-0.7406290178312841,-2.2011205174672503,12.267217270971162,0.779625395537796,-13.31093468303358,-21.553259965747092,3.9205451755996013,-0.6439612828137442,-1.0607519390835976,2.683032470992523,0.30112954591697944,"Báez, Javier"
595879,R,2026,192,-24.415938702991674,8.55988664225335,-5.741280815105619,-5.707140821392007,-2.68227864328018,1.8172227519238964,-28.169529588592233,-14.188479723310314,5.306838606807733,-4.28171219302706,-1.6584379771242184,-0.2943758223082553,0.3943316223279044,"Báez, Javier"
595909,L,2024,346,-5.373289437990038,-4.07949059624687,-3.4967211741406348,-0.7356813670742568,4.568477190471425,-1.113612505397727,-10.2303178903781,-3.8380714061860766,-3.0440387570602483,-2.940493707167295,-0.31243159025457595,0.8304332994112703,-0.37091635111366017,"Cave, Jake"
595978,R,2025,180,0.3282540099256972,-7.36170816504577,-2.3793422472323913,-25.48410796399642,-7.764983884190586,-2.6469157034441446,-45.30880395398361,0.18557128754953764,-4.451234012484347,-1.7448847676294552,-7.071010237781215,-0.8044504340156854,-0.5458774654310166,"Hedges, Austin"
595978,R,2026,242,6.021943407535424,1.3668239086857183,-12.6287442404671,-8.986962603358396,20.117172170399062,0.4867502304181388,6.376982873212851,3.8310040523824265,0.9195900171826147,-9.940342061524582,-3.060038240301864,2.705459936962853,0.12600863186740097,"Hedges, Austin"
596019,L,2024,518,3.7869872827357653,0.18954979029280603,7.436663077348276,13.733632312230116,-10.887355817333912,6.224191998256919,20.48366864352997,2.9885165288813407,0.15445596231843947,6.602438671257449,7.20973245203883,-2.7173068310988504,2.6627989296463066,"Lindor, Francisco"
596019,L,2025,503,0.3298518583309499,1.487977371513017,2.9740732693800926,9.131391134862422,-3.2803626279566336,13.343319870249845,23.986250876379696,0.25867747164297944,1.2058310973089832,2.6316464069588923,4.726739423043026,-0.8008045478200683,5.612693851836672,"Lindor, Francisco"
596019,L,2026,308,4.418369518117685,0.005789328963741479,17.37037597338811,-4.877293173884838,-4.983624389599385,-1.975181022818121,9.958436234167191,3.0485230861270214,0.00418871681554783,14.326091229314576,-1.9340265317558287,-0.8228317629524607,-0.6078661495055968,"Lindor, Francisco"
596019,R,2024,172,2.9652529327075436,4.501101297949953,6.899061630634861,20.86910524687631,-20.415763952458448,15.327833269985845,30.146590425696065,1.643121985494181,2.672434829856157,4.997429506974933,5.60222784480106,-2.0304140367612296,3.0485322725247532,"Lindor, Francisco"
596019,R,2025,227,3.4253390860904305,9.107057761350838,-8.645657886785546,-12.493705881751364,1.4066494316815052,-0.4083429849411719,-7.608660474355308,2.127952908266944,5.9974924742622635,-6.710773573044229,-4.076427044300692,0.17893938030800097,-0.10077550380467151,"Lindor, Francisco"
596103,R,2024,212,10.001175894842918,-7.745235645710099,10.399061561392646,-13.352809203030501,-13.360550532012539,-2.5358226283852767,-16.594180552902852,6.050956147504503,-4.980339132516067,7.945945929723074,-4.158502392031911,-1.6007388596740924,-0.5941546853849898,"Slater, Austin"
596103,R,2025,160,0.7517183017631146,0.6229286663648919,5.542222144693654,24.28067745699821,-20.871186051631998,-24.86813152091262,-14.541771002724742,0.4030673958703527,0.3589146346146613,3.933272825524061,6.179028770611455,-1.9443817439600952,-4.665660902379329,"Slater, Austin"
596115,R,2025,654,-7.3500231589049205,-4.9121514694866,-7.521793503102689,13.206968472143682,7.069859956761744,4.003441805976681,4.496302103387898,-6.066280798650822,-4.1629782877214705,-6.837520840142057,7.693210013011416,2.090789398625545,1.9440454016316944,"Story, Trevor"
596115,R,2026,251,-19.728550574380144,-3.614808337477953,-3.2438203390253846,2.2922173677722366,11.198852197159956,-3.6868873808496647,-16.782997066800956,-12.71668789562045,-2.4608913927414515,-2.5729165380259946,0.7993980333837969,1.5543160356921764,-0.9805079352160243,"Story, Trevor"
596117,L,2024,187,-0.12268737176097944,1.31917463565669,-25.601476782358272,-1.7428155085558594,1.259251971452362,-6.52044576088627,-31.408998816452325,-0.0705058557249992,0.8096166231173426,-18.96407244814311,-0.4970172227626019,0.13498772177032237,-1.3859011192714854,"Stubbs, Garrett"
596142,R,2024,280,-1.6538520838688402,-1.3488025918466053,1.3613896559801655,-3.827663694825663,1.09615153568061,6.9800882918281495,2.6073111129478157,-1.1067868886084762,-0.9496354967071678,1.1034573235490392,-1.4314283284894984,0.1670366299063356,2.0090602109566436,"Sánchez, Gary"
596142,R,2026,262,9.216224982510672,-1.6992823460806494,-0.060586110034418515,-3.4309795900461446,4.297639738761218,7.461049971552569,15.784066646663252,6.030611065140848,-1.1725534179069925,-0.04847631967661904,-1.2301713303741135,0.6188562486476831,2.0473229320680115,"Sánchez, Gary"
596146,L,2024,399,-0.22039613955612436,1.5475482968010763,-8.607461773399754,0.12608858617040297,4.302240856196345,3.5973501734006357,0.7453699996125811,-0.16363642543455303,1.1950424894744478,-7.394507009280238,0.057978460550934835,0.877399874014192,1.3146506273309881,"Kepler, Max"
596146,L,2025,472,1.003584425384953,2.9547287714375714,-2.461262061868716,1.768342532078431,-14.15531498339477,-0.3087554492245981,-11.198676765587132,0.7760363458378886,2.3650079831070254,-2.1615334287574517,0.8872496067576281,-3.2921675666173664,-0.12511322992961307,"Kepler, Max"
600869,L,2024,316,-9.735172351424925,-2.1101347244170556,-6.957295834835959,1.4274468619122964,30.66119437836325,-3.459499280879604,9.826539048717994,-6.770072381405596,-1.5374940561207466,-5.7635513922832455,0.5748170953871102,5.171692468815531,-1.0836596622621864,"Candelario, Jeimer"
602104,R,2024,301,10.43728289201616,-2.1857885038267613,-10.700785077587776,4.68044862222883,0.8875336984108405,6.740471729212542,9.859163360453836,7.149815516751003,-1.571366439752341,-8.789570556482097,1.8302841546272546,0.14374710361134369,2.0415283407755176,"Urías, Ramón"
602104,R,2025,389,5.3955035967316745,-2.772806941928245,-5.618614996831089,-3.397198804330792,5.782964964968163,-5.81293742520848,-6.423089606598768,3.9796258572678576,-2.128742463970235,-4.809422886468734,-1.5407160821867016,1.1557279301824441,-2.0902396630805895,"Urías, Ramón"
605113,R,2024,227,-7.594933313096933,4.705868765171651,-13.772944228813461,1.8485638907478448,-5.935073009467362,-8.08873346844269,-28.83725136390095,-4.7182658491613765,3.099070330239839,-10.690581487731961,0.6031465690551292,-0.7549985536391239,-1.9962292006594764,"Ahmed, Nick"
605131,R,2024,156,12.019384655602776,-1.480336507802121,-27.17817175193109,4.956818384908104,3.098355266435487,-3.3531901193119555,-11.9371400720988,6.368987950310261,-0.8437603740577883,-19.145625478300918,1.237766957699866,0.28208688673492355,-0.6162750944684715,"Barnes, Austin"
605137,L,2024,405,4.232477662049439,-2.114461001054892,2.112185729509707,-5.48794986087914,0.6108129538587946,3.2494067083551483,2.602472191839055,3.154502112267904,-1.6383506193668422,1.818334780296233,-2.543844229158483,0.12605595607267878,1.1987640591616948,"Bell, Josh"
605137,L,2025,415,7.032900056036443,4.173568496420468,14.795230558765514,4.327628700838494,-21.37100588822345,-2.8547079648327904,6.10361395900468,5.274048662972989,3.251453184594408,12.779734272272808,2.032268403125672,-4.496408636397853,-1.069415036617334,"Bell, Josh"
605137,L,2026,414,6.7415125590290295,-0.3178748855506754,11.667593654753649,1.6761274340288317,-12.710265692562576,-4.359065918203689,2.6980271514945726,5.052481889810387,-0.247510977901113,10.074847974916347,0.7861077286708842,-2.6691188856116947,-1.630506328690814,"Bell, Josh"
605137,R,2024,198,-1.803902706531837,2.24327473591689,-5.971622202320458,-9.626007885759584,30.537886374739212,1.0131188853460202,16.392747201390243,-1.061753103007454,1.406956816087683,-4.488070322383058,-2.858675228586592,3.4444053718784127,0.22518669974200936,"Bell, Josh"
605137,R,2026,201,3.025302745128672,0.4943970142593709,1.1954550393578929,-3.9572325732282216,7.133653463883121,-2.1067486566574036,5.784827032743435,1.7916545452256338,0.31181532429620845,0.9018076556754993,-1.1876576653038853,0.8154110664110239,-0.47376806686154055,"Bell, Josh"
605141,R,2024,513,11.463717833841065,11.278445571420477,-12.783870713420045,-1.0804205250413295,2.8602367421437247,15.409563662995133,27.147672571939026,9.028086919605533,9.173765478239272,-11.337415552284687,-0.5645734433995817,0.7086852204931238,6.555871979185397,"Betts, Mookie"
605141,R,2025,662,7.357962533239901,8.521520147945889,-12.56850099256927,-3.4737941081591424,-1.8568386309749965,9.293590549000253,7.273939498482639,6.085678378743991,7.235201750051861,-11.437693350887256,-2.033785565603232,-0.5538416918602674,4.541136843993588,"Betts, Mookie"
605141,R,2026,504,7.813532359997838,8.64046994440008,-9.899035327422132,-4.633313229908988,-0.7125132463022213,12.877407840550244,14.086548341314819,6.130177660375891,7.0047225824030654,-8.76128829787833,-2.4006686774392296,-0.17420051904158276,5.422947860093604,"Betts, Mookie"
605170,L,2024,210,1.7835178548739625,0.6838359317441937,3.4354961607725776,-12.804521297260983,-0.15117412946275632,9.674683750580334,2.621838271247326,1.0750280427218386,0.4382300784030322,2.619185829431012,-3.9617671595608193,-0.01796173154070117,2.2504113024717167,"Caratini, Victor"
605170,L,2025,324,2.5844499019084997,4.9428858964594395,3.298257449402696,-16.714432739100662,1.7170728172598382,7.968256384342192,3.796489710272003,1.8109071958786078,3.6257987538857317,2.743961952566354,-6.83147098103461,0.29569208213956044,2.5390452712907794,"Caratini, Victor"
605170,L,2026,253,8.485630680289072,3.6960173234153717,2.8183863153880178,-21.169652336105234,1.5750187768883248,5.662970622875934,1.0683713827514818,5.485104162773229,2.522542464084491,2.2391339361385856,-7.421003577986769,0.2200991282034185,1.5148269321717451,"Caratini, Victor"
605204,R,2024,157,11.265822036300069,-8.835664927888963,1.3205076754080285,-18.49620323488248,-8.634892048548197,4.63171348335253,-18.74871701625901,5.9876091534885925,-5.049973200738265,0.9319842582083142,-4.64086461697711,-0.7907337274703367,0.8557005809544298,"Davis, J.D."
605361,L,2024,164,-1.959724393785683,4.738716123432738,-12.23334239763994,-8.951287305846664,11.7315853188691,3.742610168550358,-2.931442486420091,-1.062816830519473,2.7588387449879312,-8.743822034422632,-2.3201417209378734,1.1176470259151285,0.716368071605734,"Martini, Nick"
606115,R,2024,602,-0.9982822947712905,-0.1757802520520981,-12.92410543764604,-10.64326177401299,11.57755368722167,-3.659768666827333,-16.82364473808808,-0.811678433287837,-0.14703422828910498,-11.656774125253147,-5.984024854398209,3.2275201985329844,-1.701553494526536,"Arcia, Orlando"
606115,R,2025,214,-0.1640306481882137,-1.9223823898103283,-10.193908262343479,-21.735512469146634,8.888807544654297,-4.005502502506301,-29.132528727340663,-0.09961025333622534,-1.2402676160745714,-7.806398233672702,-6.812993943347131,1.0738087728941246,-0.9452717073465908,"Arcia, Orlando"
606192,R,2024,649,4.5020523900281075,-11.496783846468338,7.73086505803028,13.932264318975452,9.962176637515931,-2.1515935526230914,22.478981005458344,3.7107385367777392,-9.731925325603063,7.022650820141298,8.089683480692285,2.9302433977009428,-1.0406756181462464,"Hernández, Teoscar"
606192,R,2025,545,0.17192751292821057,-8.238728127284439,8.171548765830575,3.3957070470980857,-1.5851554493720312,3.3467664116620277,5.26206616086243,0.13710948889169605,-6.775531499930181,7.295430567143785,1.825604355406243,-0.4109050502932769,1.4735657328094955,"Hernández, Teoscar"
606192,R,2026,471,1.7581372959702524,-10.676393593841112,5.560748142020078,12.588966518262488,-0.8902924036576008,-1.579342423628364,6.761823535125743,1.3588512576399665,-8.541921450270591,4.882306621285492,6.309723304042643,-0.2067226287335398,-0.6391706464430823,"Hernández, Teoscar"
606466,L,2024,370,10.307055661772075,-1.3138425581028392,-3.667671029677509,10.233399019223443,-9.130252048030867,7.704655963019466,14.13334500820377,7.501215019698501,-0.9967753157167274,-3.116405849140908,4.5144221426561755,-1.7526696069846426,2.6822620334686893,"Marte, Ketel"
606466,L,2025,369,9.814050039158396,3.399139665833899,-1.3308991966223858,19.86605153868427,-1.2828043996409761,7.526121993260219,37.991659640673426,7.1371526211897045,2.5771459845961044,-1.1303994427075688,8.750574592516905,-0.24571278266208885,2.6154876269141516,"Marte, Ketel"
606466,L,2026,449,1.5106350097947578,5.679527361049262,0.38150875714496474,-3.231401164959298,-16.51002836122744,1.5913311007329791,-10.578427297464776,1.1547092536647798,4.499969919710637,0.3329721080432792,-1.5809741473290344,-3.6945755851116138,0.6257700596058008,"Marte, Ketel"
606466,R,2024,206,-1.1030526131034308,1.6195486823770195,13.242981246266622,30.868078902954764,1.823797119958691,19.700443728741995,66.15179706719566,-0.6597835791357229,1.030685181356109,10.04994002605697,9.42432323852039,0.21304883265240065,4.515205609967734,"Marte, Ketel"
606466,R,2025,181,1.9869824799187308,0.047251391186833254,12.804254127365558,8.553124704944,-14.797900994385598,15.316193556742915,23.909905265772437,1.126001558600321,0.028632949277755934,9.403822059061943,2.3827252125315304,-1.540689172960558,3.172595267250665,"Marte, Ketel"
607043,L,2024,664,5.893867482336021,0.03495650375207089,1.6320495324188167,1.8827609686415316,-5.660019590066034,1.6673125192108262,5.450927416293233,4.877283946215079,0.02969334088091039,1.4856140893719494,1.1036690687187583,-1.6917973121606573,0.8159574485165705,"Nimmo, Brandon"
607043,L,2025,651,7.612213626981003,-0.7253181068256348,-0.24287558559397013,0.18675856735057,-0.37559603315171886,1.9289030153489581,8.384085484109207,6.277624817238162,-0.6142650229420595,-0.22068818754987654,0.10858010063952095,-0.11071673424417766,0.9344476638368667,"Nimmo, Brandon"
607043,L,2026,634,6.072322673391496,1.3771641914449955,0.8107346850469611,10.191938343221743,-16.148633415744623,1.0035173165516678,3.307043793912239,4.984279268094737,1.161538637590097,0.7348716029135771,5.859747719778584,-4.671886802446508,0.479520172987654,"Nimmo, Brandon"
607208,R,2024,541,-5.662305815346064,2.9886593837063065,-8.847847771633791,4.158760802389039,17.249937644225472,10.79330316006768,20.680507403408644,-4.508848581845504,2.4546507597965377,-7.892962784494938,2.2282206783388765,4.44718259854883,4.73265619930688,"Turner, Trea"
607208,R,2025,641,-1.9319953797840652,5.6875279050059,-14.987345105478502,7.003577507115212,16.67569261394534,6.142578647138475,18.590036187942363,-1.5889280816848375,4.80523561730935,-13.598826571780727,4.045411381123513,4.862103119741548,2.951999419492529,"Turner, Trea"
607208,R,2026,676,-4.542527151290661,-0.9995204867037142,-11.121837063298145,1.2544579081630853,1.341649363729735,4.420682236309721,-9.647095193089974,-3.770569663313806,-0.8513047881695861,-10.140082212985593,0.7408012598989561,0.40607696663285164,2.1832037509106677,"Turner, Trea"
607680,R,2024,314,-11.102757226591871,8.137962143793597,-13.155527536646753,-2.756846769238151,10.408091028664652,-2.0642953720713995,-10.533373732089924,-7.706173927682081,5.91928010136659,-10.886382667658507,-1.1059441678351385,1.7463092234970963,-0.6438073483948507,"Pillar, Kevin"
607732,R,2024,280,4.537799644987937,-1.339786483379436,-14.92669144154788,12.573798068810548,15.39859990131459,-0.6838380743378473,15.559881615847916,3.0367752951981344,-0.9432876317976973,-12.098642673815604,4.702213200374109,2.3465097197483407,-0.19682729049399325,"Stallings, Jacob"
608070,L,2024,495,-4.544601184675919,16.34337127451817,-15.466819372076879,4.763842044981224,15.976692972277805,0.02044802786086731,17.092933762885274,-3.5515960815689516,13.203921381730764,-13.660591348032124,2.4468623255060242,3.8531708663816664,0.008521407099860144,"Ramírez, José"
608070,L,2025,462,-7.736239002166622,15.871223724040814,-15.252508857008337,14.30525893799778,19.838021318523186,4.366968516611967,31.39272463799878,-5.952944820676826,12.648915138950901,-13.359867023271507,7.100949603229918,4.538433422598306,1.7470816884733542,"Ramírez, José"
608070,L,2026,365,3.1430172462598738,10.674385945229206,-15.09634012279351,0.17053374410802222,-11.537335767025311,-2.6596748954951566,-15.30541384971687,2.2789103264443566,8.071671876884107,-12.800945053879397,0.07465871164844178,-2.190493785133691,-0.9177314573865613,"Ramírez, José"
608070,R,2024,175,-10.912389443243152,16.594545929746616,-5.085800910643917,22.93955711599909,29.05769340619527,8.097449170678027,60.69105526873194,-6.093407585344695,9.921766417052307,-3.701459457980568,6.236240599013422,2.9351953732040665,1.6329162320746808,"Ramírez, José"
608070,R,2025,189,-2.7764619368065944,13.469791242772603,-8.39146942199275,2.9305546272554324,15.926702957857671,9.466191430445788,30.625308899532147,-1.602788111294506,8.300740042479553,-6.233008500109598,0.8421073016578613,1.7235745683903587,2.028917128203155,"Ramírez, José"
608070,R,2026,151,0.37694132608175723,15.631067822568417,-4.170425444598929,-2.5501377243811425,1.4627669596873027,11.452814421049897,22.2030273604073,0.19667701088643494,8.784296136537632,-2.9093778944120405,-0.6213577704177755,0.12928505765962672,2.0494949143564254,"Ramírez, José"
608324,R,2024,636,4.526553676072579,9.90673319379037,-6.467282179897802,-3.1603956113626963,4.950633576723304,2.465612738987958,12.22185539431371,3.717577049592902,8.359730751400976,-5.863843013733884,-1.819468231353451,1.4354530905266236,1.1801048095611881,"Bregman, Alex"
608324,R,2025,493,9.810454081514367,7.664457834645336,-7.358634413491757,-1.8488642657834387,10.960510323488489,3.448524391405371,22.676447951778364,7.6600588123874855,6.1873461902504605,-6.496209351793284,-0.947766054340821,2.6352830925754307,1.433728041639827,"Bregman, Alex"
608324,R,2026,692,8.107530984744791,7.6980434288538016,-7.688440037227952,-6.453780158998022,15.689092230139106,3.85451626538159,21.206962712893315,6.756283544573229,6.579082190511374,-7.024096589675554,-3.8476097144490735,4.8264347593305725,1.926137174353573,"Bregman, Alex"
608336,L,2024,260,13.717091974816586,-23.643187447413386,-0.7410303703627684,8.34556110212775,-2.2044585108419787,-9.18100873821161,-13.707031989885397,8.951938784721062,-16.27566790136276,-0.5920049747006997,2.977593187081703,-0.315363489075157,-2.5052987186822637,"Gallo, Joey"
608348,R,2024,312,7.469196925815469,-0.3845509664618022,-10.749968409268646,-2.8507687519356333,-5.295452816293828,5.436492110948251,-6.3750519071961875,5.174054957284907,-0.27922146433622935,-8.885923925645029,-1.1392489311330238,-0.8837765778059783,1.6880735861448268,"Kelly, Carson"
608348,R,2025,422,8.647189006313914,2.0767615268241313,-3.6747072513395587,-6.764161732999979,1.84885242347811,-1.9767032624482257,0.15723070982839052,6.511634443934613,1.6238696435859166,-3.181304994453893,-3.2046670005615443,0.39415667154354084,-0.7482639926838573,"Kelly, Carson"
608348,R,2026,418,5.915361590346636,4.321853951796244,-4.763261298474597,-8.5857184353228,6.316497950183683,1.6926993566314028,4.897433115160569,4.443970818795537,3.3723237134593607,-4.118407439247102,-4.04728779415036,1.3365503286453955,0.6369687251286708,"Kelly, Carson"
608369,L,2024,522,6.156770778108777,0.1535882871002357,3.875082737010843,14.366140629513971,-10.786420783156673,13.506396210336531,27.271557858913685,4.8665035828444525,0.1253302905115355,3.4433465018671403,7.569332771655402,-2.7076851350880484,5.803677308454534,"Seager, Corey"
608369,L,2025,435,10.210196311990584,-2.56595510871132,12.38207979618815,11.16549433504499,-14.911331393778681,10.00173431431331,26.28221825504703,7.745801794680005,-2.019543636009813,10.762727430201181,5.374412918663663,-3.255494575084113,3.8577171518593234,"Seager, Corey"
608369,L,2026,412,6.167885454534059,-9.256049332311933,9.389961970019128,6.307147227866327,-16.4538530722,1.9194693066631165,-1.9254384454293003,4.6169571044744755,-7.1994196551974,8.102766805619673,2.950461676603027,-3.442061178139228,0.7158014604838154,"Seager, Corey"
608385,L,2024,507,8.693200423056332,2.1398726958039207,-2.286747192299397,-2.208756987302307,8.256902347593645,5.418911406221217,20.01338269307341,6.829034858266309,1.7367138950463497,-2.0252969627701516,-1.1477004952509733,2.0277738195087913,2.2898613137344284,"Winker, Jesse"
608671,L,2024,207,5.25875171892954,2.3194404338844112,-22.914445245212786,-13.98443191260977,-1.5641192260558092,-1.7691094551016846,-32.6539136861661,3.15160566805176,1.4786955348844335,-17.409777114288687,-4.283959340773151,-0.18349718575509047,-0.40698315106371546,"Jankowski, Travis"
608701,R,2024,306,9.91047797575006,-8.19689706225597,8.743237202843288,-2.8296275892411358,15.059611643978501,-1.2945803882934617,21.392221782781284,6.824061068616666,-5.919951879670424,7.202670822927193,-1.117643432599093,2.472954325394212,-0.3966153758897577,"Refsnyder, Rob"
608701,R,2025,210,9.808224484589664,-1.6444977962179326,10.260350710647279,-3.949155236800025,3.952366473797804,-5.485576290242241,12.941712345774546,5.911976906443682,-1.0538615546744663,7.822382540598261,-1.221883517700012,0.46959983037516684,-1.2759903271661472,"Refsnyder, Rob"
608841,R,2024,315,-3.4427735932993073,1.158669941655409,-3.465315481991097,-14.854026494763712,-2.542151418395326,0.01887155041562259,-23.12672549637841,-2.3918746197118885,0.8435076250758293,-2.8691680157780968,-5.970231607818193,-0.4276617277522528,0.005898497952674407,"Meneses, Joey"
609280,R,2024,319,-12.692427909939788,14.481908524844915,-16.782361117200917,-5.698991681464216,13.28689472777627,4.119331182766521,-3.2856462732172185,-8.851973998144672,10.57885959954567,-13.92528568886593,-2.307885233668421,2.2587898649244167,1.2987345026403525,"Andujar, Miguel"
609280,R,2025,340,-8.086045058781924,10.171151119456237,-18.230358292272616,2.0617237728792146,29.427856599517593,2.2202550502126726,17.564583191011174,-5.746782557697281,7.555677604579204,-15.287520010999822,0.8667795469199832,5.273098360667244,0.7309089213212786,"Andujar, Miguel"
609280,R,2026,252,-11.74696944226979,13.193245229937036,-10.885550609276986,-1.2525783913806448,3.5473592273435823,2.6985688853880903,-4.445925100258712,-7.582590926905632,8.99309736665376,-8.641236556488451,-0.4379615787825206,0.4940350070202192,0.7197665502827275,"Andujar, Miguel"
620443,R,2025,283,2.7015223221784326,0.28350304807551546,-4.151329867067131,14.078808098207073,-30.58013772775954,-0.15331934514309478,-17.820953471508744,1.8142680102585345,0.20023080234287702,-3.3715800008754986,5.300214777089098,-4.702193239593434,-0.04446518995674858,"Torrens, Luis"
620443,R,2026,274,-1.4056593548647827,5.274981592146491,-6.038394178215613,-2.898056544815201,4.333694598320481,-9.428655900134105,-10.162089787562728,-0.9339271334670349,3.689981093590117,-4.8741228906517735,-1.0691275340732354,0.648354330129804,-2.6721526216196803,"Torrens, Luis"
621020,R,2024,592,8.774689727750003,-8.709959252857743,7.928179387714177,-5.356367498135377,-8.451854311748434,5.143212916767156,-0.6720990305102168,7.112025014397203,-7.265515730327628,7.138921100338886,-2.9894367252755862,-2.3277974244073514,2.369838988284142,"Swanson, Dansby"
621020,R,2025,643,7.618075482023539,-11.179697661273254,-0.45647595583796263,24.285111887865174,-18.61126714969971,-4.227857553491137,-2.5721109504133453,6.2687848555313925,-9.449978243784686,-0.414304644630866,14.046036822975621,-5.438438979932787,-2.0351110319179835,"Swanson, Dansby"
621020,R,2026,472,5.764964501969848,-8.328074467492389,7.252162170239458,-12.57934445934639,5.3159919667436375,-1.6222739750390507,-4.196574262924884,4.457843179738231,-6.665912211612764,6.369005237029054,-6.3115704239187576,1.2363650231621122,-0.657374428071205,"Swanson, Dansby"
621028,R,2024,310,-3.0768542524493547,6.386393870184525,-16.971848584796813,-7.847692481514764,15.55560437435699,2.1718289931846466,-3.7825680810347735,-2.1271784961247495,4.6289642029758395,-14.013253339246315,-3.124062297773773,2.5822497486410674,0.6713834554678092,"Newman, Kevin"
621035,R,2024,246,14.561146153706343,-13.745175794699223,2.5637427736394116,-4.145452715048145,-7.148624064830527,-7.374012992581976,-15.288376639814118,9.3185504688587,-9.297127424931942,2.024983599590029,-1.4268168981095974,-0.9751065080219581,-1.9322503901380483,"Taylor, Chris"
621043,R,2024,363,-0.27592074667991323,6.766176672152848,1.0520388626921287,6.163906316273781,18.886347044194167,3.773839633248254,36.36638778188126,-0.1997595147254156,5.109529248290926,0.8913298913035669,2.690190427250566,3.5698524580914865,1.2974964160685083,"Correa, Carlos"
621043,R,2025,587,-5.921781547983182,8.469814025032514,2.1495728886890055,7.424808955420506,-12.63513561511184,-5.852057612755301,-6.364778906708299,-4.791963493025055,7.055229590865292,1.9339408177858695,4.128313565957035,-3.458604505168653,-2.684125012805333,"Correa, Carlos"
621438,R,2024,344,-11.040039435655283,5.042693436977498,-6.702826716759714,7.670366109612616,5.612282230536294,-0.5816380160384153,0.0008376086729956209,-7.8726804304917914,3.7572180127535453,-5.631392252893317,3.2466168930948456,1.015340484657955,-0.19298073481598044,"Taylor, Tyrone"
621438,R,2025,340,-5.398313838765374,3.916520978219243,-11.726528900488322,5.80076969146986,-16.69507722982771,2.116736017216194,-21.985893282176107,-3.836601896733182,2.909402239279461,-9.83357223987039,2.4387304405661423,-2.9915459209238047,0.69683041095535,"Taylor, Tyrone"
621438,R,2026,235,-9.94055106621912,6.1200118924253495,-1.7371957255519443,-8.007640901574701,20.14617793488441,7.9872133924760575,14.568015526440051,-6.256120620540972,4.077759006741876,-1.358766108089615,-2.6740505855642094,2.641265534599082,2.023048202748675,"Taylor, Tyrone"
621439,R,2024,387,-3.8672867333387493,-4.943771589526301,3.065806315099919,20.350567381927195,4.603120165474713,4.350036719761207,23.558472259397988,-2.8485775981231165,-3.790887274870897,2.6223175766325726,9.203507864502154,0.9161470646757435,1.5590440030046788,"Buxton, Byron"
621439,R,2025,537,-1.5020401180129264,-9.5775828206261,12.894641462800788,15.36588963402652,12.998474616952855,2.0007524038973363,32.18013517903847,-1.1942503362681138,-7.855820852882228,11.493775165029136,8.204513844485282,3.332694229420679,0.8736374044184496,"Buxton, Byron"
621439,R,2026,406,-2.148651827370344,-5.7503419760717165,10.219218140891838,6.185214414100309,-3.1175121591850052,5.62846890887043,11.016395501235511,-1.6024139660884382,-4.458017521546154,8.800518378492953,2.8708425338474246,-0.644633770306627,2.079675139868835,"Buxton, Byron"
621466,L,2024,194,19.89759254481022,-8.780292651620675,-9.282216715161557,-1.5958921548888854,-14.693624160688264,9.955963375060398,-4.498469762488765,11.612948189713157,-5.464893614481192,-6.940649379575356,-0.467166908204417,-1.6275392350928977,2.177993939618904,"Stewart, DJ"
621493,R,2024,665,8.8819860965872,-5.8553649649108,-6.670935950494431,13.37105147876429,-10.510156711306541,8.810465550794707,8.027045499434424,7.351914032428457,-4.974888879880358,-6.073206470050321,7.842952303331927,-3.1448337953003587,4.315021414282166,"Ward, Taylor"
621493,R,2025,663,5.73546591274388,-0.18115974075357066,-8.102250873029288,13.482251915843,6.562358634185683,-0.010205125480548334,17.486460723509154,4.744969309596033,-0.15384881337003203,-7.374279439218845,7.898327685701606,1.9594372062175371,-0.004990390174196131,"Ward, Taylor"
621493,R,2026,604,17.75491130323239,0.8175752686410126,-13.599168297688736,4.039035736370531,-15.135141692667707,2.3161584680346756,-3.806629214077832,14.445016352772972,0.6842445465534276,-12.269624610179356,2.2741878170563594,-4.229383474635284,1.0787737784168707,"Ward, Taylor"
621550,R,2024,174,4.95837759519288,-10.880328885247666,11.84804743035918,-6.459888200574589,-4.902752387185649,-6.117180698988329,-11.553725146444172,2.7617167841082586,-6.490276058380182,8.609572092870936,-1.7488365368455467,-0.49269458624360357,-1.227945027531631,"Wisdom, Patrick"
621566,L,2024,679,-0.32335607773534053,-0.40761275459222934,13.062181477128375,0.29849361237757266,2.5700857111611275,-0.9498619952360601,14.249929973103443,-0.26860659625604577,-0.34739676586249063,11.913793663358653,0.17659038954017992,0.780291822409744,-0.470151430709335,"Olson, Matt"
621566,L,2025,721,5.158443185442592,-2.675810126673823,16.375157729808706,3.258728212456766,2.22059932453978,0.04621336434084878,24.383331689914876,4.327718926175435,-2.300312348882797,15.012387100571551,1.9748626877827558,0.7026917483398621,0.023567482852843918,"Olson, Matt"
621566,L,2026,674,0.2467087009993656,-0.9943084774967025,21.039989654868005,2.554745006991716,2.8840059485322254,-0.7984856786768283,24.932655155217784,0.20467978678368934,-0.8464931770618481,19.177709112043313,1.5068354095318828,0.8710994770016531,-0.3937497817276112,"Olson, Matt"
622268,L,2026,252,13.773565554619628,-0.7852030981931235,-10.853548206199397,-0.1739591449946817,12.098710859012947,7.434747148796366,21.494313113041738,8.8907452870175,-0.5352290351297179,-8.615832206695261,-0.0608244739888505,1.684967977896065,1.983007488335403,"Walton, Donovan"
622534,R,2024,344,-1.169101047321606,7.796877218919102,-10.26600739463722,1.1215537812461964,-16.211266361545682,-0.6419281288185881,-19.3698719321578,-0.8336889546599671,5.809309627140307,-8.625005084161423,0.4747172951946879,-2.932845207764637,-0.21298429363715563,"Margot, Manuel"
622761,R,2024,209,-3.354075184837179,-1.346223853421041,-1.4893788242914743,-11.69482995695468,3.505265473676998,2.134064327393831,-12.245178018433542,-2.0178573093024754,-0.8612353910788962,-1.1341971557472146,-3.606507535350749,0.4147290128640171,0.4945849957362209,"Mateo, Jorge"
622761,R,2026,209,-22.08422469822898,-3.733071289513347,-2.346030161566332,8.874931486886766,-10.73508564259133,-5.6122710150947706,-35.63575132010799,-13.286170336626748,-2.3882009695336284,-1.7865573842917593,2.7368937728029583,-1.2701324635740956,-1.3006848015031334,"Mateo, Jorge"
623912,R,2024,246,-18.201970068397713,4.205875609131626,-8.33822377304934,-6.607452917659924,2.712825469402011,-0.1370628630715449,-26.36600854364488,-11.648531985364771,2.8448207615205425,-6.585983025967735,-2.274208904170615,0.3700423670837329,-0.035915283972221226,"Ramírez, Harold"
623993,L,2024,484,-11.602170988321234,15.878744713430974,-9.048382782016708,6.171957703161224,19.052125146395007,2.4477799689981614,22.900053761647428,-9.022267550600144,12.772783579260983,-7.970550402735452,3.135457004493861,4.516986564485468,1.0067301315085895,"Santander, Anthony"
623993,L,2025,165,-11.809988190417421,6.406246726667749,-8.310402407114703,-12.756572761826218,-1.947721369003803,-8.312350261876173,-36.730788263570574,-6.422722968782685,3.739128485650077,-5.950174140329403,-3.3213701467154766,-0.18657896456838072,-1.5988914431749068,"Santander, Anthony"
623993,R,2024,178,-2.7788891543332026,-1.6201680121960014,-0.6982764468192375,2.483385614853217,24.001947480479068,0.8090746810253197,22.197074163009162,-1.5633494109108177,-0.9752971289148263,-0.5105496544269583,0.6835096866943101,2.461800853487494,0.1653817087333908,"Santander, Anthony"
624413,R,2024,691,-2.032966219911105,0.1451228569793725,2.284748153318318,9.831999965222844,-0.20343626252193972,3.7779525347616074,13.8034210278491,-1.6937319337786574,0.12400221060799413,2.0870664374243977,5.858210670886117,-0.06252044417454199,1.886511721970155,"Alonso, Pete"
624413,R,2025,704,1.8151710989339207,-0.14217297742497173,10.081898818107096,21.375280353422543,-5.334414209941796,-2.2748990139367127,25.520864069160076,1.5169538149874555,-0.1218090025392211,9.224327350888267,12.831823678132078,-1.6606238992404407,-1.1465654764709365,"Alonso, Pete"
624413,R,2026,677,2.9761732185101666,-3.318210092177357,11.662917947972728,26.06228059764738,-13.128326648349356,0.13637597503505863,24.39121099863862,2.4710223384315646,-2.82678248727119,10.634787063584035,15.400002295483269,-3.9776472681223702,0.06740120294339723,"Alonso, Pete"
624415,L,2024,224,10.240286243500222,-0.6711992259367049,-11.713510808905044,-8.589644912077548,20.25551005830857,-8.581394201679673,0.9400471532098243,6.329553331690757,-0.44000903595536156,-9.064875800083497,-2.7775540386106354,2.5469249185603644,-2.096663258382378,"Biggio, Cavan"
624424,L,2024,486,1.9857907035042757,-2.0368458112921743,8.754883634831076,6.063615209461576,-11.410171097756457,3.2975461147634375,6.6548187535117345,1.5456370102962287,-1.6397486092807505,7.715794806427124,3.086666554727272,-2.7137083480024913,1.359518156599828,"Conforto, Michael"
624424,L,2025,488,8.643042003164192,-3.0811944978312877,11.992432116469484,-8.33904295092809,-24.380387292436964,0.13352517121462254,-15.031625450348047,6.73341457503839,-2.4824777934150375,10.574232658532248,-4.253525278886776,-5.816614959468166,0.05518291228842239,"Conforto, Michael"
624424,L,2026,296,4.297646703299396,-2.5543704425319955,4.5066186034046956,-1.6143115266259167,10.170499317234764,4.6632672660661125,19.46934992084706,2.9284212804482954,-1.8276622507315585,3.690579254837673,-0.6248473119126843,1.6242457704513635,1.3959541903520227,"Conforto, Michael"
624428,L,2024,294,4.754576260987458,5.416060101286551,-15.22378712797301,0.6957562126132771,-9.0464315084897,-4.2746527512548615,-17.67847881283028,3.2327670899775196,3.8677272334849975,-12.451790226366347,0.2681862930149903,-1.4365186658563767,-1.2735518530322927,"Frazier, Adam"
624428,L,2025,457,1.949355615425433,9.7238306470566,-17.3209529077482,-3.3782179151744156,7.944572435161939,-2.8631763692730483,-3.944588494551694,1.4962326783239739,7.732441018523866,-15.151074015968995,-1.6677155571806068,1.8023078703998197,-1.137993911282133,"Frazier, Adam"
624431,R,2024,234,-4.239140223357312,6.03409402787778,-17.876688004856316,-8.856653939083477,19.008439531689135,-1.187185928879524,-7.117134536609708,-2.6636985526461396,4.014786628592528,-13.969436930994485,-2.9491731810937853,2.482882786066217,-0.2997409083965028,"Trevino, Jose"
624431,R,2025,302,-8.028530096269767,7.882045062337855,-22.27189878046413,-6.110600483526542,-3.4833062315378154,8.61823532608131,-23.394055203379086,-5.505497991894491,5.671692472418506,-18.30485025520973,-2.3943714241968777,-0.5657345891762638,2.6162975581093812,"Trevino, Jose"
624431,R,2026,152,-12.324091846907265,1.4977062405889692,-23.648992118379688,-3.4006050023065093,18.857585684749854,-5.109786857235603,-24.128183899490242,-6.450647674068771,0.8441085268047158,-16.53092770217539,-0.8327232809194409,1.6767634286314732,-0.9193685986575343,"Trevino, Jose"
624503,L,2024,276,-16.15502761057057,-1.1874221645511949,-10.571649604548773,0.3100836379932782,-0.9328888773749028,4.153506198001709,-24.383398421050458,-10.759647285273456,-0.8324439250332042,-8.545254245944898,0.11491907944310223,-0.1404327966257862,1.1832795853591116,"Gordon, Nick"
624512,L,2024,159,-12.472173097394485,5.0896234897801484,-9.749998586188541,-5.309946739616891,-10.778589349069584,4.482797649752451,-28.7382866327369,-6.668062719249836,2.924707238163221,-6.906888870549983,-1.3449868202191788,-0.9984502212565789,0.8367695072615406,"McGuire, Reese"
624585,R,2024,573,0.48714616058982907,-1.7610374545900453,8.719089877376542,4.776497282391269,-3.4306790757982157,2.686422567103379,11.477439357072758,0.39237436394760666,-1.4609564682614355,7.825264502946274,2.627309096106247,-0.9227035265116873,1.2160795574753283,"Soler, Jorge"
624585,R,2025,315,6.374317191629788,-5.471797109457375,7.554282747999153,-8.465221422018,11.236567144753401,-9.22540202924129,2.0027465236656767,4.428571062101483,-3.98344896916972,6.25469933555652,-3.4023995122620443,1.8903082186043687,-2.883494667032255,"Soler, Jorge"
624585,R,2026,362,-2.4806367445307402,-12.45610851286443,7.525141162348912,-1.9386617482376296,5.185990839691298,-6.12402599315494,-10.288300996747527,-1.7945487712758441,-9.399966345190846,6.372914778030157,-0.844799125985553,0.9780525560587968,-2.1017121313203186,"Soler, Jorge"
624641,R,2024,275,-16.585068429703618,0.28038545753496236,3.420482856048691,-0.8220776303423334,11.03423141029776,6.796294443345118,4.124248107180582,-11.032666405066985,0.19635115614113605,2.7629119053082354,-0.30397179158032156,1.6559272986257074,1.9311535937005564,"Sosa, Edmundo"
624641,R,2025,261,-21.383197113993873,7.951711077495453,-0.8262647165850155,-3.34686268691708,19.429102440071784,5.623205048498488,7.447694048569759,-13.973529575113234,5.480399374622665,-0.6606072230721016,-1.1970693702452686,2.7886273859892086,1.538737819474446,"Sosa, Edmundo"
624641,R,2026,242,-23.650463317805027,11.932742978362397,9.01678039766304,9.105298200475104,-5.143823898558772,3.3669058277028214,4.627440187839564,-15.045810742401933,8.028269955461496,7.097291681560344,3.1003312145077166,-0.6917676780049535,0.8716158112770802,"Sosa, Edmundo"
628451,R,2024,244,-6.8153753899863245,-4.927600713034787,-13.289326428544733,-5.904714796866383,10.85320670157045,6.4185589826669895,-13.665251644194788,-4.3487335867093515,-3.3241724249905165,-10.47858400634872,-2.021468156117814,1.4700235144712848,1.6717754924537205,"Ibáñez, Andy"
628451,R,2025,193,1.0155746064009072,9.580117609353936,-16.810528186697603,-9.654104320460096,-9.512798751412708,4.723238984414108,-20.658500058401458,0.5914497903404252,5.951065281586719,-12.553432162299186,-2.815735848014975,-1.0488526040651909,1.0291030885452233,"Ibáñez, Andy"
630105,L,2024,659,5.996219851472584,6.303464448910991,-10.157546520208893,2.359409633232598,-5.86508504722032,8.84048309908291,7.47694546526987,4.955497349564765,5.348285032648952,-9.239871726459485,1.37875038370118,-1.7438159552324795,4.309701787482694,"Cronenworth, Jake"
630105,L,2025,516,7.176095326446035,6.066249686428431,-1.2945609880659108,-11.104096589342474,5.8625068205806885,-2.6505910024975567,4.055603253549214,5.65842078266784,4.939580977333434,-1.1488411866808967,-5.818594252198279,1.4589428291096154,-1.1314516804892694,"Cronenworth, Jake"
630105,L,2026,409,1.132848969128668,1.4637113322804904,-2.9901799636531585,-15.529328371880045,7.4402296076233565,-4.073963354009236,-12.556681780509924,0.8464304565562712,1.1366324133325247,-2.577688143084087,-7.236317783393865,1.5474814425214594,-1.512291496158298,"Cronenworth, Jake"
641313,R,2024,242,-13.250846067254985,-6.228937979436984,0.1710963519833528,-12.965561296674403,-15.504229486239616,-7.86747487977019,-55.64595335739283,-8.429844245568155,-4.190787962618955,0.13467342689098838,-4.414741122876715,-2.0850878728482525,-2.036711405353334,"Anderson, Tim"
641343,L,2024,348,14.370309575627395,-13.521944335646321,11.404900192105915,-2.8772513239673976,-7.466572244718003,-10.009406019520497,-8.099964156118906,10.281409319100693,-10.104559037431649,9.59948544398676,-1.2259741682172258,-1.363645955890534,-3.3467093165847586,"Bauers, Jake"
641343,L,2025,218,12.419711113303691,-2.0853473162361906,21.023234147104468,-5.137512168836944,-10.88734843514348,-14.019973656236425,1.3127636839551196,7.596813228434041,-1.3542248708262954,16.168877741614093,-1.6308974348969503,-1.3368070973044837,-3.355660924665681,"Bauers, Jake"
641343,L,2026,551,14.814493249245565,-7.04040081861314,22.070793955202536,-0.2610185669454037,-0.7164887055447531,1.665267319830058,30.532646433174865,11.84043664181073,-5.801246145505,19.727490565017632,-0.14103926446439416,-0.18723905453762626,0.7377056384109626,"Bauers, Jake"
641355,L,2024,563,-7.7452075012028585,8.58958190727189,-9.138718816127925,-5.308135430930416,19.139419047281912,2.474420112934779,8.011359319227385,-6.216934310129477,7.104413616673485,-8.186968558565027,-2.89658672324138,5.081687038498925,1.109326706673302,"Bellinger, Cody"
641355,L,2025,657,-5.294734515726358,13.234995078370796,-5.9951829107870855,-0.811558757107337,13.770957527212447,-1.5118894531194111,13.392586968843052,-4.373453267161737,11.224286232173784,-5.45205384814489,-0.4736451763554637,4.085662472677469,-0.735892251008156,"Bellinger, Cody"
641355,L,2026,554,3.1435834388369397,6.0960733810587024,-5.48524140319291,4.106081278939371,4.904590042497388,2.552259928070285,15.317346666209776,2.5152334097522475,5.027918377724951,-4.905682063623735,2.2242240660240262,1.2868575514269962,1.1340598492334428,"Bellinger, Cody"
641432,L,2024,253,3.4106203889835394,6.2143218154787085,-23.109318003788093,-1.3578463331629476,-0.5111927406688055,11.024279920960131,-4.32913495219747,2.2046220013685027,4.241292530129723,-18.35974646228596,-0.4759918744424844,-0.07143602236121019,2.9489604033279604,"Calhoun, Willie"
641487,L,2024,453,11.423407574118245,0.035635063584484705,0.6531027912525084,-7.114854847004831,-13.322576752055305,-4.6396493776986905,-12.964935547803586,8.750104730889715,0.02828603821262039,0.570654224579845,-3.496737180784492,-3.0018701076737906,-1.8343089299369528,"Crawford, J.P."
641487,L,2025,654,5.714700553715981,4.7344187238087985,1.647457096323657,-5.748770553963801,-4.96807667883162,1.3729601579231252,2.752689298976141,4.716580817442146,4.012352321508922,1.4975846152525172,-3.3487245223264246,-1.4692231692263504,0.6667005569181297,"Crawford, J.P."
641487,L,2026,470,11.359546039402543,5.2013069607170435,-0.19863781828431298,-9.463759061657667,-7.761330746024508,4.304684719160897,3.4418100933139977,8.77546839147008,4.159669111143724,-0.17435766315770193,-4.738307690487818,-1.7992132754647592,1.7399314896330895,"Crawford, J.P."
641584,L,2024,382,4.305603570734802,0.3540230829848817,0.9691844972432732,-19.955833064541306,7.292579397476965,2.185189678101793,-4.84925283799959,3.1605372106579086,0.27063904620341545,0.8274190400492727,-8.960745673889619,1.4363644080228128,0.7766451662270214,"Fraley, Jake"
641584,L,2025,217,4.712396788907871,-2.5706301469920283,3.0056578066828723,-11.419812613334871,4.001513854793343,0.03643085621263715,-2.2344434537301785,2.877301166890997,-1.6666748241133078,2.3091811745125432,-3.6138396547170633,0.48934917973793995,0.008689215702070622,"Fraley, Jake"
641598,R,2024,431,11.121556552357712,-9.624911990086304,-6.3147707439591025,-4.433216107471151,3.310617054748226,-5.039661248343395,-10.980386482754012,8.418333097781295,-7.560377898700168,-5.4822586909315465,-2.1236673959025065,0.7175799063399482,-1.932802513893581,"Garver, Mitch"
641598,R,2025,289,8.92934731762659,-10.244863554178322,-1.1320573109903962,-7.882455556771271,-0.5698965214371982,0.30377951559490624,-10.596146110155688,6.037873436483623,-7.2800744644859945,-0.9230208893144488,-3.00640782799568,-0.08919796061625085,0.08941922256218135,"Garver, Mitch"
641645,L,2024,187,5.963114930688923,7.570451462684642,-18.891328049887292,-0.8484156956946448,-10.65499355319602,-9.264988711429538,-26.12615961683393,3.426876906238043,4.6462107313345715,-13.99358782406536,-0.24195172165513115,-1.1421807055537447,-1.969245462056047,"Guillorme, Luis"
641658,R,2024,231,1.8652583977309551,-4.269819222216796,-12.041128202246169,-6.482951086769853,-2.6889207934795993,-7.653151288072894,-31.270712195054358,1.1664206746040797,-2.8286322366162775,-9.382703861506945,-2.1402153852453076,-0.34730558716639937,-1.9136907542467128,"Hampson, Garrett"
641680,L,2024,374,-3.795863993149004,4.743007620329622,-7.994431141885623,-10.269176217384123,-8.75125785901484,-3.6891963197232607,-29.756917910827227,-2.770600631661447,3.607697839949372,-6.803774394085022,-4.557445180845813,-1.6945613681138632,-1.2933561823724828,"Heim, Jonah"
641680,L,2025,302,-2.024277491988302,2.49466796939321,-12.114024288857465,-7.817233940221725,6.9916423576315925,-3.0232523338864765,-15.492477727929169,-1.3881315176680806,1.7950911763747728,-9.956286295177227,-3.0630969269204655,1.1355343613058766,-0.9177897097748675,"Heim, Jonah"
641680,L,2026,198,-3.632142949098298,3.7704322677645155,-6.075388360453524,-21.71931803164189,-15.765769634783222,6.680969136194775,-36.741217572017646,-2.137830955520938,2.3647729338689265,-4.566057475455761,-6.450075376595165,-1.778240345630621,1.4849840552958302,"Heim, Jonah"
641680,R,2026,179,-0.881065217392637,4.669916594660979,-6.261658069363329,-7.196930883149446,12.1051526378466,3.490495104998896,5.925910167601066,-0.4968845167696502,2.817427800316066,-4.585141112338216,-1.988885872032804,1.247841886135675,0.7166720787424082,"Heim, Jonah"
641857,L,2024,642,0.4432654233369908,-6.254062433364947,9.451421962769022,3.6715853348229643,-8.515924310608451,0.6240133820003675,-0.5797006410440528,0.36465498201146784,-5.285162093193355,8.577022656167497,2.1221799185762653,-2.4857163870806533,0.30013107256673904,"McMahon, Ryan"
641857,L,2025,587,5.635097502719189,-14.172118794730755,18.023602601750422,-0.5408763263593621,-9.619191292482403,-4.072244350252446,-4.74573065935536,4.559975962278388,-11.805164976507115,16.21558447191585,-0.30073596358115295,-2.6330527311846534,-1.8677896975832182,"McMahon, Ryan"
641857,L,2026,352,4.4088580570451805,-8.297743782674745,21.307729924775934,-16.966040135387022,-10.168981696268343,-7.630346959089184,-17.346524591598182,3.1646024476852626,-6.218523721063748,17.96700121706077,-7.276551658061859,-1.8746081971234096,-2.570700727806941,"McMahon, Ryan"
641933,R,2024,469,2.26399705967743,-15.430673336539465,7.31642498539755,20.586581022669293,13.535841462733202,-3.2464773399772806,25.02569385396073,1.748133487901562,-12.335187976308141,6.4204409188927976,10.296311765472412,3.132715523233938,-1.3105446122899271,"O'Neill, Tyler"
641933,R,2025,208,8.707253514929132,-8.784874599993469,10.795988467168979,8.862128325827811,-36.95846407386874,-0.629391351950418,-18.007359717886708,5.2283882638349155,-5.610332500643399,8.211985019225464,2.7238883447342537,-4.354320500412287,-0.14532927311851548,"O'Neill, Tyler"
641933,R,2026,260,8.268386852877665,-6.0735080893368165,3.1013619967969293,-0.6689750271201178,-8.088509770288583,-8.290712349839158,-11.751956386910082,5.396048454821489,-4.18092530366927,2.477660570851719,-0.23868203212517425,-1.1571189251379628,-2.262356089540248,"O'Neill, Tyler"
642086,L,2024,307,2.445156209520669,-3.2845225319458264,-3.599453226172007,-0.7130579999556957,3.5425417511413078,-1.773592085389269,-3.3829278828008196,1.6853717025227615,-2.3742917276928406,-2.9669291327055083,-0.28219906945523543,0.5833124594295174,-0.5445987221357657,"Smith, Dominic"
642086,L,2025,225,-1.0372595855516882,5.0128328336017605,-13.547040360362189,5.064009859254068,11.789544384179564,-2.563271556992601,4.718815574128914,-0.6422234904616827,3.291233718915602,-10.494357915479787,1.6424413265384763,1.4881981572464718,-0.6283860055528194,"Smith, Dominic"
642086,L,2026,292,5.044736579190898,5.6226061463211705,-15.66157264794123,-3.5581230050350467,-1.190819376000497,-0.18063988637156983,-9.923812189836275,3.4225518825949823,4.007379565659206,-12.793906463456432,-1.365765871423833,-0.1880116580983762,-0.05356067723232969,"Smith, Dominic"
642133,L,2024,421,-9.937097735726804,5.086553366466105,-2.3545380706737444,-7.281229913647393,0.3586536179086624,8.908564674275302,-5.219094061397871,-7.47859357601846,3.97523891004999,-2.03774478399845,-3.4453326743387684,0.07631869794649561,3.3672897985487733,"Tellez, Rowdy"
642133,L,2025,313,-6.571298888561999,-0.2905103066317166,3.0627737268078628,13.785374402960445,-8.350908836701931,0.2937927225589698,1.9292228204316335,-4.556537168356048,-0.21112353562187786,2.53309209036398,5.5196181545453396,-1.3974318021308312,0.09142635109128341,"Tellez, Rowdy"
642136,L,2024,187,18.5033230513911,-20.434699282506838,-0.10493649217761884,-11.125734827559283,-0.22400526035343912,5.031229666133816,-8.354823145072265,10.633471128846505,-12.541381391316525,-0.07773079877492349,-3.172844054944578,-0.024012636426372733,1.069372721023755,"Thaiss, Matt"
642136,L,2025,191,15.163913386664312,-5.324159148217567,-1.0945120245675954,-17.898005898253817,8.738290068874788,-8.147963696022885,-8.562437311522764,8.792701287382695,-3.2942430257616686,-0.8151763138140882,-5.181735359250683,0.9545642339944144,-1.7608638492961812,"Thaiss, Matt"
642180,L,2024,156,2.0292439400209696,3.1807982653608713,-18.38437205169407,3.0521895110133137,-16.912306274886436,-1.3851106041546464,-28.419557214339996,1.0752821856158092,1.8129874660512022,-12.950845449362062,0.7621621435380532,-1.5397652671634199,-0.25456629002588116,"Wade, Tyler"
642201,R,2025,271,0.44798135523623644,-4.612855599101383,3.584955436618841,2.5187407800807016,-6.456725397053982,-2.3497690328277936,-6.86767245704738,0.29653939615040187,-3.216109737841717,2.887571769696438,0.9227469276105426,-0.9569673769345104,-0.6607011904605209,"White, Eli"
642201,R,2026,204,2.326040509012021,-3.6435787348373387,8.960036190392099,-22.7862346581915,27.558113270146148,-0.25341939783254536,12.160957178688887,1.385845734430595,-2.3105470463965987,6.78362883310178,-6.909797487659535,3.191595838474431,-0.05764634590839027,"White, Eli"
642215,R,2026,174,9.932750096708846,-6.674381736513932,5.0490667386443,-18.670295258113377,12.054688710250314,-12.839856665211622,-11.14802811423547,5.532342409950461,-3.9813667808994975,3.668984644396972,-5.054467428426794,1.2114174645890228,-2.5774354105434547,"Wilson, Weston"
642350,R,2024,447,-6.8402595610608286,-17.90595557913233,2.057843684950275,22.265615227134454,-10.509212874424696,-6.14990621172309,-17.081875314256212,-5.223096997366188,-14.173970991804289,1.7950170734275883,10.868691575973225,-2.3435877592835523,-2.411822190973476,"Siri, Jose"
642350,R,2026,237,-17.164079060998866,-12.458286045981147,7.5269297786247105,9.323724337094138,-0.6275403460587127,6.421075115269535,-6.9781762220503385,-10.83616682098875,-8.324387796177545,5.898110696665045,3.131139485125326,-0.08288142804004502,1.6366808809732791,"Siri, Jose"
642708,R,2024,346,-11.646486791820669,2.6381915268168608,-11.134469932176476,3.635613250430066,12.27977792424179,2.2419715428668843,-1.9854024796415473,-8.318935440583946,1.9685686403019949,-9.363296968124681,1.5439842304281468,2.2321522188914544,0.7467444016209636,"Rosario, Amed"
642708,R,2025,191,-7.777657189562984,9.048986542965523,-12.344491687026643,9.660343570758453,-7.51523089897115,13.187116098483864,4.259066436647061,-4.509826364718843,5.598923694712445,-9.193994221593462,2.7968112284504736,-0.820958170285517,2.8498796608073054,"Rosario, Amed"
642708,R,2026,235,-11.680569796011824,1.4338123012498765,-3.8252739259785633,10.43938715066895,-0.8298215118174638,-2.2939536667854896,-6.756419448674514,-7.351207500842471,0.9553479843128093,-2.991978674784713,3.4861015455486046,-0.10879378540766112,-0.5810260243141524,"Rosario, Amed"
642715,R,2024,688,2.7410949376453337,-5.028649319050671,14.113805199699973,3.5598965894143983,0.6083989950221321,-9.278365503024823,6.716180899706344,2.2820371291331134,-4.294073164096552,12.887783726880224,2.117365283429894,0.18641137464116478,-4.623037567035455,"Adames, Willy"
642715,R,2025,684,4.906528835823533,-5.695516633217499,11.113113494808397,-5.075812833963312,2.116635306552928,1.4378947734871406,8.802842943491186,4.080823927247714,-4.859374523717329,10.142600217492221,-3.011869001966522,0.6459099163120023,0.7143493115747322,"Adames, Willy"
642715,R,2026,505,0.9329477106330363,-7.199747337316414,10.447180115774653,-8.054711550451527,13.368709916303612,-3.18260561570026,6.311773239243102,0.7322649814015928,-5.838935382342256,9.248536901881666,-4.177391283213701,3.273378464081286,-1.341800403829877,"Adames, Willy"
642731,R,2024,382,-10.419090642635341,2.2391969794877955,-3.7740291277114335,-13.106614231386105,1.0308959335366799,1.5101020339454378,-22.519539054762962,-7.648155046389172,1.7117927161151385,-3.2219908251227056,-5.885248508212688,0.20304780333551595,0.5367101341024567,"Estrada, Thairo"
642731,R,2025,165,-10.326428124649578,4.439812874378933,-0.5368392803733468,-24.16415109927385,13.666455332198971,2.1876568927675932,-14.733493404951279,-5.615906301708685,2.5913817400194556,-0.38437214554807125,-6.291508822966998,1.3091570107411654,0.42079866418660977,"Estrada, Thairo"
643217,L,2024,523,6.4488419637277845,2.5572375797824254,-10.617092246409639,3.2308423562796875,-7.793129615863187,-4.084310111274842,-10.257610073757775,5.099409114110197,2.0874776486892515,-9.436215822907782,1.703830152377214,-1.959093158299403,-1.756937500955096,"Benintendi, Andrew"
643217,L,2025,470,-0.1651933107289918,-0.22480762489870443,-7.960083682103471,3.736942090632949,12.555967946148147,1.791731082606924,9.734556501656852,-0.1276150183956477,-0.17978660753985007,-6.987096421713586,1.8710093242644552,2.910694693251048,0.7242085158305993,"Benintendi, Andrew"
643217,L,2026,453,-1.7911697890903213,-4.402150682998277,-1.223739652457781,4.410857092214961,0.18922935216556377,-2.9109275826248737,-5.727901262790728,-1.372000705013427,-3.4942943806396696,-1.0692531280132116,2.1678036059959767,0.042637542746574865,-1.1508499941556047,"Benintendi, Andrew"
643289,R,2024,428,-4.258874122919154,9.372522970697693,-14.036074741827145,-9.527262769004484,12.61427739447771,-2.7301707541758566,-8.56558202275124,-3.2182224219237563,7.35107375134221,-12.174369263828666,-4.547291028401946,2.719229828423907,-1.0425654900647252,"Dubón, Mauricio"
643289,R,2025,398,-4.163837533848525,11.362160607693228,-21.228014781185298,-9.477273282194025,1.3189104499056783,5.023344158102245,-17.164710381526692,-3.089504607464063,8.769030380376512,-18.23012981335403,-4.351963774129981,0.2684419408162236,1.832857523522619,"Dubón, Mauricio"
643289,R,2026,602,-8.854286709987967,13.991075650356406,-12.033921605976778,-0.33311405988930926,3.2858523320273076,-0.7091809985389411,-4.65357539200928,-7.199199667555834,11.703060993307338,-10.853881274696914,-0.18728871431070068,0.9160099842784512,-0.32972286397595024,"Dubón, Mauricio"
643376,R,2024,322,15.53204222768529,0.19517262543857766,-17.490417569501258,-10.118454633905898,6.503840490379571,-0.2757040374936222,-5.653520897397341,10.863005886047672,0.14293014510197502,-14.535856163756486,-4.12045069124461,1.1142781867145306,-0.08748149717906777,"Jansen, Danny"
643376,R,2025,338,12.745296807315144,-5.424967433876329,-11.196695425710963,-0.8575660216302678,16.131856653863117,-8.754403109004084,2.6435214709566166,9.042650934864007,-4.023834755341406,-9.380307345193652,-0.3593013738623048,2.876652387942589,-2.87055937869529,"Jansen, Danny"
643376,R,2026,209,3.05254788350291,-4.319147705436329,-8.72216477839207,-13.92305725067022,11.972188622597306,0.7035483599436904,-11.236084868454713,1.8364543784134528,-2.7631384288475984,-6.642134507529971,-4.2936589137665075,1.4165015479021974,0.16305247135071957,"Jansen, Danny"
643396,R,2024,496,-5.933361020989215,8.983036953353958,-22.163707993209186,-0.017876368763665707,8.165778216010128,5.810294518686379,-5.155835694911602,-4.638952506819601,7.260268756133133,-19.58002177139576,-0.009190889729529353,1.9723949887435523,2.4242032893911993,"Kiner-Falefa, Isiah"
643396,R,2025,460,-5.733078209589651,12.90967170675628,-21.86690644300343,-5.060340007577173,9.94411433904042,-5.004683402223341,-14.811222016596892,-4.407119251737524,10.279568078349794,-19.143174292781307,-2.5064007106936246,2.2673569951478507,-1.9970016327579962,"Kiner-Falefa, Isiah"
643396,R,2026,173,-3.8478256215122957,6.621606035405034,-17.8213551787473,-0.2056448121849794,-7.115624275067903,2.1198285987629935,-20.24901525334445,-2.1376874177942917,3.940694477053039,-12.929742613737222,-0.05543895859307125,-0.7113749891339637,0.4235713089731185,"Kiner-Falefa, Isiah"
643446,L,2024,471,5.702322744253222,7.625000413194223,-13.653805590207297,-10.99480936759816,9.553254357158924,1.4435063597147277,-0.324531083484362,4.40728289551545,6.100576380525968,-11.987967039017402,-5.510714862066008,2.2182306010459416,0.5841968652775654,"McNeil, Jeff"
643446,L,2025,458,8.201220910980746,10.724573621285781,-3.7057825657990486,-11.386538325706054,-1.6838490780397908,0.27492109454005614,2.4245456572616906,6.29806364217912,8.532052177219127,-3.242428287874709,-5.62738233300912,-0.3826443948872466,0.1094136818239234,"McNeil, Jeff"
643446,L,2026,498,2.2926133404656444,10.381810752353395,-8.338981577663814,-13.109559875359002,-2.939111053809063,2.461795897704022,-9.251432516308817,1.7940338571486012,8.39725307879663,-7.370333398773838,-6.753277742160284,-0.7120937755548229,1.0295337139329195,"McNeil, Jeff"
643565,L,2024,351,9.788163138718126,5.8902567619090584,-7.671550422856926,-1.4034299915019293,-9.213214106459858,4.159271642271045,1.5494970220795155,7.020130621453408,4.411147418462987,-6.465879550469366,-0.6009382049439496,-1.6944789054051235,1.3986364480595177,"Tauchman, Mike"
643565,L,2025,385,8.139835400821928,0.6596379065308792,-1.3574818023268551,-0.27780569112703074,10.938950629290257,2.4134533448050655,20.516589787994242,5.987470984766323,0.5051987658593609,-1.1602413906375564,-0.12528064763501584,2.168129601791045,0.8621032099342825,"Tauchman, Mike"
645277,L,2024,293,3.899909132184603,7.701590949699515,-8.38860266088801,-8.111963010383421,-3.768489930874436,-6.284747191545699,-14.952302711807448,2.648761915368663,5.494513949715718,-6.85691728573607,-3.1202939442840045,-0.5967002994052008,-1.8679455748044673,"Albies, Ozzie"
645277,L,2025,480,-1.2960081784715953,3.79453587581817,-6.038168065673937,-16.021751402496406,11.068609013340515,-0.1521155975619337,-8.644898355045191,-1.005958733275021,3.0473385715175603,-5.31363419751471,-8.106081954774064,2.60763067334111,-0.06225711762948351,"Albies, Ozzie"
645277,L,2026,407,-2.208010125248479,6.421385190589626,-2.269528533347709,-23.419378230757363,5.069421203677841,-3.619735320573437,-20.025845815659526,-1.6477111939943514,4.9810017750641356,-1.9551243906610107,-10.884341009474413,1.050293111688909,-1.339538984884453,"Albies, Ozzie"
645277,R,2025,185,-8.867938177195354,11.269462768692838,-3.536298110779469,-1.6989885545960124,-6.5407080692881125,3.2829001611066047,-6.091569982059503,-5.072892327305826,6.887641674514426,-2.6121608783887713,-0.48080308545208544,-0.6944399793192608,0.6918805643203295,"Albies, Ozzie"
645277,R,2026,258,-14.913751248560388,10.354513829660448,-6.968231415071659,-15.385185298143114,22.1730088846707,3.7347284665171325,-1.0049167809268806,-9.706753373058403,7.110738191379795,-5.558215666411761,-5.462009848216026,3.1510743403501666,1.0134144107059742,"Albies, Ozzie"
645302,R,2024,296,4.33206006890955,0.10137520088674241,-11.26478604097913,9.708808756362005,14.423057782297,6.952541510788739,24.25305727826491,2.951870586345696,0.07253436100574781,-9.225006447542341,3.7579630407315565,2.3033864778077517,2.0812509559996397,"Robles, Victor"
646240,L,2024,587,-1.547926061962464,-6.001911580577296,0.23697987969920722,23.82865418013185,1.8315900785181134,4.720247244928446,23.067633740737858,-1.2525968948233877,-4.999503420015585,0.21320750031593283,13.249116159213795,0.5013595334591019,2.165004949562119,"Devers, Rafael"
646240,L,2025,720,3.218631616373274,-9.282627927527926,1.193999474123748,23.074740372111073,-3.552827865930935,3.0912823182363875,17.74319798738562,2.6996939966219364,-7.978437067350997,1.094506140758924,13.97616470959628,-1.1231989776071154,1.5753926132038074,"Devers, Rafael"
646240,L,2026,625,-2.5158161920768327,-5.720974573751729,2.6083376912704077,16.574847477872815,8.979372324582021,0.9895605797640694,20.915327307660753,-2.0597158441268846,-4.814374626973542,2.361085591273259,9.471559969841968,2.5714645021998552,0.46932220727972895,"Devers, Rafael"
647304,L,2024,628,-4.50139079828308,5.1002514009094915,-7.69069812637682,7.321779315849585,4.790465299314218,1.3373350449169426,6.357742136330336,-3.688513730367378,4.295268745157291,-6.964827842189484,4.192553655867793,1.3765605152829006,0.6358592845660231,"Naylor, Josh"
647304,L,2025,601,-6.473114545639869,5.785976954859544,-14.984429498919447,12.22192020367921,12.11488918378191,7.99850252984326,16.663744827604607,-5.261491529405971,4.8384572303093245,-13.512859074277722,6.866601861922291,3.37326726228825,3.7154736224617704,"Naylor, Josh"
647304,L,2026,627,-9.465314907242732,7.56483458952237,-14.993122642126213,4.771144842785741,-11.65176630954163,7.620708678081602,-16.153515748520867,-7.753801682505056,6.369258642372749,-13.575984852192715,2.7301635595047475,-3.344383239444231,3.620370216498013,"Naylor, Josh"
647351,L,2024,281,-8.522825921766541,10.822831447520814,-7.8394445388457505,-6.085405172019578,-12.004732068988803,1.1818357873619838,-22.447740466737876,-5.710346936202542,7.627936543514655,-6.358450666808905,-2.280835501288756,-1.83487122744324,0.3410289564501038,"Toro, Abraham"
647351,L,2025,203,-10.288780377113332,11.724588350008057,-7.751620098600118,-1.8836680054775203,-8.011570070026961,2.721490913525853,-13.48955928768402,-6.117833111955089,7.421680525740734,-5.861725070387065,-0.5692578668385693,-0.9238225086271116,0.6167216952267741,"Toro, Abraham"
649966,R,2025,331,2.8932639534838094,11.186701739184596,-13.677532970062254,-13.808651859591809,3.773890423290212,5.821969552073761,-3.8103591616216885,2.0402051671057384,8.252383399499085,-11.41951262541011,-5.715296040306242,0.661470450144645,1.8822637861182105,"Urías, Luis"
650333,L,2024,669,-5.642872111542143,20.708946473452393,-20.209232215146457,5.137963221380645,-3.4653877773382042,11.108799597673661,7.638217188479893,-4.67560797787427,17.610758469474238,-18.408305763436378,3.0212029393624955,-1.0412712385306855,5.4573044433383275,"Arraez, Luis"
650333,L,2025,677,-6.994467481395799,23.22040578987486,-21.115989808571587,-6.3315212229861615,-0.37208170657845085,4.829712446836392,-6.763941982820752,-5.807284765707982,19.781458862081127,-19.254534435784453,-3.7412474707485748,-0.11273407672836723,2.3869924941235916,"Arraez, Luis"
650333,L,2026,645,-3.1603151451808884,21.326289540735953,-21.003315498486412,-2.5861724643711974,9.282263726611133,6.974411389231315,10.833161548539898,-2.601998645401659,18.035344992380015,-19.068396719519715,-1.4977499795747469,2.7183564878959317,3.362593079236785,"Arraez, Luis"
650391,R,2024,348,-2.117226185521914,3.1657773847719732,-6.503150121780244,-4.101479068028595,-17.02741373107888,-3.916414815687754,-30.499906537325412,-1.5147947175326348,2.365694140558328,-5.473690596371897,-1.7476079850936563,-3.109775558669038,-1.3094784970967421,"Jiménez, Eloy"
650402,R,2024,665,11.486131515692822,3.3548351021700844,-4.588156617559057,-0.9107435276707144,-1.085682845549367,-4.6977999715732786,3.5585836555104913,9.507451436001215,2.8503657660342765,-4.177048417516076,-0.5342076544566411,-0.32485644100705996,-2.3007986763564823,"Torres, Gleyber"
650402,R,2025,629,18.77541547690271,6.11972586089461,-3.9177171259447254,2.8591058331883312,-14.244044603130922,1.3254847906064333,10.917970232516439,15.389302768518856,5.155131109168957,-3.548484135382457,1.638277308984594,-4.097729265349116,0.6307508669821728,"Torres, Gleyber"
650402,R,2026,417,17.68134043758649,0.0017010725606639654,-10.304582382450375,2.117707004726413,-5.579109996795387,-1.0549815160148304,2.8620746196129754,13.27535391649162,0.0013266405044212825,-8.906648771522322,0.9970183276674326,-1.1782936996948683,-0.39640037121171007,"Torres, Gleyber"
650489,L,2024,472,1.1963029197946893,0.023159535132126326,-4.766125370757549,9.192568225513407,2.8392638363237532,4.319496399524,12.804665545530428,0.925058742354001,0.018537229542689222,-4.185714099342812,4.612286587708275,0.6603408208139324,1.7503371926584514,"Castro, Willi"
650489,L,2025,339,2.079217704819555,-5.320674894015085,-2.3124916761514034,-6.109413116443204,0.4574028707238833,-0.05670278207547041,-11.262661893141727,1.4764478499708598,-3.9494873628291725,-1.9382743973732637,-2.5641049326961283,0.08176281801845062,-0.018629716611585963,"Castro, Willi"
650489,L,2026,313,-3.8496040968490397,-4.0773847890701385,7.069730920658388,13.658211760686642,-8.044498104022564,-3.9700326485282713,0.7864230428750162,-2.669314613170311,-2.9631716090907547,5.84707884861808,5.468702654657016,-1.3461573707206251,-1.2354478885886948,"Castro, Willi"
650489,R,2024,164,-8.804405221767817,-1.3349086235857903,-12.891978182169156,7.511003463057823,7.856915290136804,-4.191854276613654,-11.85522755094179,-4.77489083775303,-0.7771720305328526,-9.214584144909855,1.9468252895163882,0.7485141835660274,-0.8023572932665609,"Castro, Willi"
650489,R,2026,169,-11.725641198412678,1.7672138592010476,0.3839908879683168,-17.811911756739494,32.30825499211596,-12.356520042069647,-7.434613257936499,-6.446452447523544,1.0417334099517488,0.2767947001318083,-4.720238677113812,3.1626034031447023,-2.4231128825850785,"Castro, Willi"
650490,R,2024,622,5.752255334759389,8.620510948879906,-3.4737046336486856,1.5845147008586058,-6.403814236379417,2.6750733944163203,8.754835508886117,4.705296271854867,7.248882456799953,-3.1429848478682256,0.9035901432527418,-1.8275995293091933,1.2655071150521502,"Díaz, Yandy"
650490,R,2025,645,6.073112009227157,6.055750333180272,-4.604496851941404,6.919355511148322,4.167865084767522,4.496391101058598,23.10797718744047,5.000206781743955,5.121263417061222,-4.180310135936661,4.007259654283183,1.2205797451511435,2.167858010398769,"Díaz, Yandy"
650490,R,2026,664,1.0195929432807467,8.602379649904242,-4.331311411881995,9.50711946382733,3.2188860725818262,0.6048844279765463,18.621551145688695,0.8437319483074621,7.307177890079491,-3.9426850295485636,5.573046106012648,0.9621349748158335,0.2960212610487446,"Díaz, Yandy"
650559,R,2024,622,-3.605035195465744,-5.8420002734538965,11.328633798978679,-1.05944910851432,-4.616761970690453,-6.3636429632292195,-10.158255712374952,-2.948888336480648,-4.912466737295068,10.250072511156064,-0.6041646513047211,-1.3175885016516178,-3.01047270868442,"De La Cruz, Bryan"
650859,L,2024,249,-2.383193511921036,6.882490733500599,-7.805895640653517,-8.880838370423431,7.113507149043297,0.39059015146842013,-4.683339488985669,-1.5317930786053406,4.6734833146800385,-6.181171238267361,-3.0810261417069453,0.9805184535892779,0.10326649496572816,"Rengifo, Luis"
650859,L,2025,441,4.2113862037683445,4.235717349495328,-8.445793590618337,-2.885420392854818,-8.701203507641932,-2.3422840386417088,-13.927597976493123,3.2054269224764482,3.343422321336918,-7.354322239127513,-1.3987421761151915,-1.9200978490468452,-0.9110445371754593,"Rengifo, Luis"
650859,L,2026,220,9.306047248987486,9.193270429802265,-2.528887878063783,-20.106071864068262,-5.330612934585342,4.333768581585529,-5.132486416342107,5.712432527299434,5.989200450786698,-1.9490479495872108,-6.422501490039449,-0.6597828332272013,1.0445041584807238,"Rengifo, Luis"
650968,R,2025,168,-20.22710677043495,15.55745239646659,-12.551464392936502,-5.87565290870321,10.961795597877115,-0.38229732390645055,-12.517273401637407,-11.090615098341836,9.148418515321337,-9.03254611458925,-1.5502926030081696,1.0673015355930813,-0.07461145889485983,"Pozo, Yohel"
655316,R,2026,333,8.159745078118377,6.3473956833446925,-4.827931198243096,-11.105862106649996,-1.2792279882209394,-6.399510411054714,-9.105390942705677,5.764108152477135,4.689835795129652,-4.034890012406837,-4.6128699734108825,-0.2253334421156644,-2.0774280033277495,"Monasterio, Andruw"
656180,R,2025,288,-4.840211186500288,-13.075198494369108,12.081151369267284,-0.8831299254073167,-11.702977947197223,-13.616872073106947,-32.037238257313604,-3.26919307051706,-9.28200414282803,9.84403348424672,-0.33610822757950043,-1.8263550869310403,-3.998406777629447,"Adams, Riley"
656305,R,2024,643,5.610150283968964,2.2664801706257642,-0.473724748610924,12.436281965747742,4.084650383963407,-1.4888827208280275,22.434955334866928,4.616497331955829,1.915811048860114,-0.429959915995586,7.192903835007039,1.1935846006005257,-0.7166848958492315,"Chapman, Matt"
656305,R,2025,535,5.95115428755678,-2.4800839497804357,-4.025848614224272,7.75942450876836,2.2831298190913842,1.0676911165445884,10.555467167956404,4.72805469608899,-2.032873116313291,-3.5870259841731804,4.135886917812922,0.58375160602892,0.465232295194867,"Chapman, Matt"
656305,R,2026,351,6.777075033756531,-1.18752584044027,-6.781039055200327,-7.773209695509316,9.593798346824752,-5.445901739825338,-4.816802950393971,4.8605597693983915,-0.8893248218467157,-5.715322111071473,-3.328430138558751,1.7644753213763726,-1.831290985772575,"Chapman, Matt"
656413,R,2024,233,10.964188916295253,-13.611238842454455,-8.225607725940405,-4.215458319388451,5.653786376878544,11.269205080731101,1.8348754861215888,6.878466740602262,-9.0432541469266,-6.421738754779558,-1.3996966355226046,0.7357524275867665,2.836151790918416,"Fairchild, Stuart"
656484,L,2026,188,-4.427147469554164,-11.086750296908939,-2.895834134439053,-2.8929152350884775,-5.099919514896612,-1.6643456625297837,-28.066912313417028,-2.5499575521991007,-6.818276710916257,-2.1480262874657097,-0.8281522118189425,-0.5493034258026877,-0.3552396101909504,"Gray, Tristan"
656537,R,2024,172,-5.963496773680175,-15.36261084480813,-3.266041661023148,17.63558750773941,3.7534347803095427,3.5087006674067136,0.3055736759442148,-3.30452507142801,-9.121229135165235,-2.3658018788135604,4.734202939058522,0.37329128029473424,0.6978407861575326,"Hill, Derek"
656537,R,2026,213,-4.101878211013388,-11.758239166286726,10.359162040558354,3.594342923309821,17.49889363883454,-4.2111797357023315,11.381101489700276,-2.486347237677905,-7.573472334278811,7.924234718350309,1.1230266015751151,2.105256892059812,-0.9902582106795184,"Hill, Derek"
656541,L,2024,158,-6.8515211604653015,-18.67817121881926,12.906177929596854,0.6532309679736628,31.344672499873834,0.29088968734998644,19.66527870550978,-3.652307053350436,-10.704428446056083,9.125880531044796,0.16468232819212322,2.886963429160314,0.05402007077539407,"Hilliard, Sam"
656555,R,2024,517,-0.12878970460967135,-1.904783420225645,-4.005812001651887,2.957578178749068,11.453412948952014,6.020151052174764,14.391757053388647,-0.10159349058492963,-1.5515703579791582,-3.555679529475042,1.551211836587582,2.854442307062382,2.572660005050797,"Hoskins, Rhys"
656555,R,2025,326,5.698345663611599,-6.6518684312962515,0.5340349710802559,-4.911186804306079,8.318525741259245,5.031659738267283,8.019510878616051,4.000138854017043,-4.887393382591446,0.4447451597071861,-2.0145929443531667,1.439821069203075,1.6100434831638153,"Hoskins, Rhys"
656555,R,2026,319,7.946599043977867,-14.916206128967923,7.4479119078335625,-13.672303047826942,5.028898051490898,-1.1580051098484652,-9.323105283341,5.542130206300859,-10.896108763946504,6.17995884952016,-5.5367875719047355,0.8549193911124559,-0.36509353670951855,"Hoskins, Rhys"
656577,R,2024,156,-15.491404722778121,-8.563790837286392,7.463370605216653,-26.713858761187286,-8.003961677610196,-6.076984181785889,-57.38662957543123,-8.208787125118034,-4.881178922588126,5.257561094155838,-6.6707168025224535,-0.7287132807659606,-1.116874936241899,"Jackson, Alex"
656582,R,2024,416,7.211300469620874,-2.3940279316850788,-7.641031238895972,-20.673870734037155,22.092368994653995,0.7881338356301633,-0.6171266047131767,5.41108609720548,-1.8660784271713142,-6.602285520880109,-9.720910496541604,4.657021123479611,0.29569089487464645,"Joe, Connor"
656716,L,2024,324,5.582343295074301,4.575586168264331,-10.630896257329674,-0.3119255295230682,-13.721382876735865,-1.5522484334174456,-16.058523633667424,3.9115115504655873,3.356370139774627,-8.844298936420325,-0.1274892325957184,-2.362919167942406,-0.49461624408593224,"McKinstry, Zach"
656716,L,2025,511,6.036845938178475,0.1782404181728321,-9.272623548081155,2.00201759054063,10.115210779460758,-2.522477013003674,6.537214165267866,4.750281465989035,0.14487301409722375,-8.2198149657883,1.0442024418065987,2.4989040738384167,-1.0707591946161181,"McKinstry, Zach"
656716,L,2026,417,2.774288334827196,7.954760094875887,-7.154206258423938,-19.52652165348686,-4.41661803154252,0.9446239137823202,-19.423673599967913,2.082967614431188,6.203795880816119,-6.183656941918358,-9.193103635522277,-0.932778382845023,0.3549344366650556,"McKinstry, Zach"
656775,L,2024,499,5.027393581850751,4.2239220337793295,-9.971996505053355,-7.035022090327315,10.371669411075397,1.6662987806617213,4.2822652119865285,3.9357909220645957,3.417798298435489,-8.815711016935882,-3.6275562649257167,2.5166905860097657,0.6976667977625765,"Mullins, Cedric"
656775,L,2025,497,4.400346525672706,0.5245330551198042,-6.617929793927103,-8.1815842804366,6.578610628892231,-3.7570018599857216,-7.053025724664685,3.4418877726797175,0.42410167626582573,-5.847830597975009,-4.210565522837347,1.591452797192037,-1.5693573475429343,"Mullins, Cedric"
656775,L,2026,486,0.5315035318104823,1.9374784348680607,-3.8516766023543645,-23.36174687725963,4.641396687174241,1.5881437590472145,-18.514901066713996,0.4136949218362938,1.5597535912995173,-3.3945335613882315,-11.892232645884642,1.1038745018339329,0.6547627237262406,"Mullins, Cedric"
656811,L,2024,492,0.544662559344742,10.979868193305114,2.6987527644669447,-4.976682288543077,-5.24806270284235,7.784049723621161,11.782588249352537,0.4250862670471014,8.86033247016258,2.38189407818088,-2.548625561494342,-1.2598694774910546,3.2323893053035144,"O'Hearn, Ryan"
656811,L,2025,541,2.8942639437063957,2.3997484540026734,7.722328464934166,-2.7497388394973816,4.249749863016284,-1.8115637168813006,12.704788169280834,2.3046791013476176,1.9709654429181644,6.888912734098301,-1.4732814012000603,1.0956221424555694,-0.7943359069962359,"O'Hearn, Ryan"
656811,L,2026,433,-1.242401736406625,2.4857223823416645,2.6981123408096175,-2.324067399441134,5.816261095670327,1.1681236089778233,8.601750291951674,-0.9414785538007422,1.9544738023438066,2.3438321385185237,-1.1159959517352134,1.2652584459974217,0.4492761363744342,"O'Hearn, Ryan"
656896,R,2024,302,1.6879120343084404,-0.950999612683039,-12.512123792510177,9.762242523624247,-16.3812188969168,2.415905755921397,-15.978281988255928,1.1574716920719152,-0.6843119142137314,-10.283476710007424,3.8252270947282887,-2.6605246644542873,0.7334132906200844,"Rivera, Emmanuel"
656941,L,2024,689,8.796203828746846,-12.074459716050114,10.764387244467033,19.913533730186984,-10.80643735322468,5.940272322425127,22.533500056551194,7.324862692468398,-10.312830574130256,9.830558485389963,11.851197443975032,-3.314392041950544,2.961956497895928,"Schwarber, Kyle"
656941,L,2025,719,6.489686915998529,-11.370145141310102,17.85714482621269,24.6599323786457,-0.2528208391755939,-0.6351977808988027,36.74860035947241,5.442139093784751,-9.770752963484346,16.367251606809052,14.928114616865537,-0.07985139914022356,-0.32349160049546566,"Schwarber, Kyle"
656941,L,2026,672,2.7394355666618035,-9.492154627450414,11.86319501644455,19.95389190026655,5.411536117062227,0.8542318279641442,31.33013580094886,2.2715978002245025,-8.077463703942938,10.810318383644491,11.754820973299902,1.6311389606394364,0.42060484780241786,"Schwarber, Kyle"
656976,L,2024,158,4.67496500492328,-2.504817599864068,5.960841531688005,25.095797694748903,-10.878067751116294,6.137835962131405,28.486554842511232,2.4920608521463268,-1.4355067449618235,4.214875076061656,6.326758213913088,-1.0019113703461835,1.139835296681283,"Smith, Pavin"
656976,L,2025,287,3.478782187885832,-10.244766997067758,5.013589779751096,3.5883262700629794,14.119790699180854,6.22102060575988,22.176742545572882,2.3469974518286256,-7.265353998951358,4.082568061003627,1.3627311043758323,2.197059890281162,1.8222320713318014,"Smith, Pavin"
657041,R,2024,528,4.50939542150652,-0.49300703429845516,-6.678929397222882,11.604655217348196,3.302616679707099,-5.913102479178492,6.331628407861985,3.5728754117764554,-0.4031438266968034,-5.9423303624107495,6.147392127129268,0.8361632881738071,-2.5574247806091153,"Thomas, Lane"
657041,R,2026,374,11.701934846602857,-1.401028074556788,-1.322299729433373,-1.4837038928436288,-1.6184497838703054,-7.059453981838341,-1.1830006159395787,8.54124071256899,-1.065671059987815,-1.1253620027180982,-0.6584655879987259,-0.3133906604241679,-2.474899045835967,"Thomas, Lane"
657077,L,2024,620,3.0727870830236164,7.7405025661156,-14.120165663109718,-3.8470997584137665,-12.16449868215205,5.95615411232452,-13.362320342211797,2.512038998205261,6.505555072039846,-12.771909488265718,-2.1908217149954172,-3.4636703384335727,2.8129191197981034,"Verdugo, Alex"
657077,L,2025,213,-2.224897152175462,10.902879492617112,-20.68214656032929,-0.6679322502803582,-23.675876482640287,13.041125551895641,-23.30684740091264,-1.3486180241958534,7.022535860476811,-15.820795464122035,-0.20869062889081302,-2.848397342676515,3.0666184928612035,"Verdugo, Alex"
657136,R,2024,487,-1.0949283274668964,-3.3864996236347027,-2.420275266475926,-5.24040839838878,21.925722670416288,-0.8879459599688774,8.895665094481107,-0.8526237686299623,-2.7273698874227077,-2.133540586577151,-2.6703073850537837,5.222821039588067,-0.3665262630091087,"Wong, Connor"
657136,R,2025,188,-0.6424755948712711,2.456087393867119,-0.21198622681579887,-21.235389812867773,-14.133766326167436,-0.7397470551748132,-34.50727762202997,-0.37005442138808875,1.5104771938670036,-0.15724380839554186,-6.079035717693964,-1.522323291530578,-0.15789235459704362,"Wong, Connor"
657136,R,2026,234,-5.199332620800079,-2.3708588288158445,1.9644980185049672,-17.182243335127,4.816826183912409,6.625290834617107,-11.345819747708445,-3.2670433264843846,-1.5774517732462472,1.5351239090324633,-5.721507420693902,0.6291739411628802,1.672754574368513,"Wong, Connor"
657557,R,2024,482,0.5614346897926992,-17.228460486871704,5.326790309392488,2.577024641960729,5.1456827146401745,-2.318893611370978,-5.936421742456591,0.4361894496608484,-13.847249295503246,4.689951413552449,1.3065041819545504,1.2161180585529705,-0.9513972897383601,"DeJong, Paul"
657557,R,2025,209,-2.548189049657666,-14.209657106255976,6.498223159547338,-10.570211716559669,10.595916395814285,-6.654764914450608,-16.888683231562297,-1.5330252352664118,-9.090508657905875,4.948550432409594,-3.2596923894011054,1.2536665140560617,-1.5422903773751635,"DeJong, Paul"
657656,R,2024,309,-2.6507353624852787,-11.229826448355276,9.160169174541952,7.334862709513695,9.122199990892044,-3.485149263925116,8.251520800182021,-1.8307531627275775,-8.132322139026867,7.559070214770867,2.9142348141857055,1.5102204654114608,-1.0749703178659404,"Laureano, Ramón"
657656,R,2025,486,1.7393165513832123,-3.596290495873603,9.263915581263324,13.299475121499903,3.015271201532759,2.3840145111600655,26.10570247096566,1.3537942491596051,-2.8951687488986995,8.164411397167592,6.770061033705722,0.7171291789568223,0.9828857279686857,"Laureano, Ramón"
657656,R,2026,206,-1.3273106518043885,-14.51475197507607,7.017807704624692,5.46603664114463,-11.923407990998172,3.579254991448117,-11.702371280661191,-0.7939220324301545,-9.237227589733921,5.325730304553716,1.668833888292681,-1.392845797331889,0.8203405181840311,"Laureano, Ramón"
657757,L,2024,499,-8.338879450499222,8.869833436729444,-2.535186111097981,3.79518729906577,-12.919995999803502,-2.9618537244004384,-14.090894550005931,-6.528250773909704,7.1770504722919,-2.2412230207124133,1.956959805744121,-3.135043262106625,-1.2401059325765154,"Sheets, Gavin"
657757,L,2025,545,-6.841608051254047,4.704138688114573,6.656451590859623,4.547247015152946,-4.893918906861605,-0.6490343706844158,3.523275965327076,-5.456074872067995,3.8686845067511864,5.942775573674771,2.4446967423369332,-1.2686049152793377,-0.28576682397776865,"Sheets, Gavin"
657757,L,2026,414,-7.985661475213916,9.001076278706309,5.153647882807012,-6.864303333921564,-4.764828546724241,-4.540893935489418,-10.000963129835814,-5.984919501134326,7.008622867596581,4.450122319298961,-3.2193744897825223,-1.000600158044319,-1.6985190035346611,"Sheets, Gavin"
658668,R,2024,196,-0.07003023632428367,6.071024036615506,-6.974110716458767,2.946091278797733,-27.732079849079554,5.807947771232969,-19.9511577152164,-0.04104654690922665,3.793248093278259,-5.228253143000276,0.8686811800382076,-3.099871435195445,1.2807727087247027,"Olivares, Edward"
660162,L,2025,260,6.19308671316733,-8.433981544776067,15.490594483182782,-13.902035839205348,12.210752664759394,8.864648928827927,20.423065405956017,4.0416826865728295,-5.805845045821655,12.375348382315336,-4.960074786443024,1.7468351278344065,2.4189709689010463,"Moncada, Yoán"
660271,L,2024,721,3.0260190069406874,-1.4109783047843902,18.143963226110635,38.909098451743176,-9.066322413306217,7.256817349993406,56.8585973166973,2.5387038795465955,-1.212975011248581,16.63398936262276,23.579789948080194,-2.868968695619765,3.7007675355723446,"Ohtani, Shohei"
660271,L,2025,707,1.637922800304058,-7.903728833432329,27.077212669308985,30.11223045405583,-5.966227497533556,2.9759385028144063,47.93334809551739,1.3697808377035707,-6.7757659539004145,24.78295617150987,18.107424134726777,-1.8627534168646487,1.5030578157499013,"Ohtani, Shohei"
660271,L,2026,581,-1.3309549509167855,-3.446560527416114,25.772268626078727,16.326669214785408,-17.444845273951653,3.9877387417401056,23.864315830319686,-1.0749038739582029,-2.8659906912138102,23.162955949274817,9.036459038868253,-4.739613952505182,1.8188619068572203,"Ohtani, Shohei"
660644,L,2024,205,3.739664689182272,2.93104333101903,-22.847505594192103,-9.927124263641419,10.82577223366343,-2.612231978563498,-17.890381582532285,2.232479268057702,1.8620213733129383,-17.318329587285294,-3.020611069780937,1.2591993887233202,-0.596462803682278,"Bruján, Vidal"
660670,R,2024,222,6.000908519798002,-5.964722955081168,20.928356711712663,-8.533894062297517,-6.012415833953877,1.6743105039180046,8.092542884096106,3.6964628206805843,-3.8981168626586067,16.16315373318967,-2.742806666402605,-0.7500924103789628,0.4063125466171605,"Acuña Jr., Ronald"
660670,R,2025,408,11.287411873574559,-10.054808284115289,22.81358708081137,7.7155818395761155,5.303053920166979,10.937526034847682,48.00235246486142,8.428389542049489,-7.803700639368083,19.659832304222352,3.5905879781574246,1.1008367437248716,4.0538594935221095,"Acuña Jr., Ronald"
660670,R,2026,454,5.986475932054628,-7.95904981771449,23.455517279118055,1.2485134373134086,-9.571771853311663,-0.025533121049890604,13.134151856410044,4.587887286614705,-6.320524694800159,20.500161891196633,0.6142948839034806,-2.1604175192584423,-0.010108111154426808,"Acuña Jr., Ronald"
660688,L,2024,353,-11.195306329341411,16.51689972975572,-25.916458037663045,3.865176017891427,-5.558164091203913,6.184164984921948,-16.103687725639272,-8.042227857180487,12.386944731130091,-21.862861081237163,1.660418667455944,-1.026996746028049,2.0873961219047406,"Ruiz, Keibert"
660688,L,2025,213,-4.605506777795258,10.217263973519618,-27.22215305431562,-0.5783347527338702,-11.135143160277538,5.763674322316245,-27.56019944928642,-2.791620927294453,6.5809314593072035,-20.823569464082524,-0.18069653502549768,-1.3396468008824507,1.3553270531219634,"Ruiz, Keibert"
660688,L,2026,254,-2.770790311393916,12.13984130328043,-18.411924728770707,-8.201602110501474,14.220474541239048,8.286865896866534,5.262864590719913,-1.7935332358722647,8.2958463540684,-14.639636612582205,-2.882434704931216,1.9939765944839132,2.2231219082898965,"Ruiz, Keibert"
660707,R,2024,248,-11.335000292214502,3.54252911377349,-0.6923255108461408,-11.976970247615425,-6.253266401832743,-7.161350528244834,-33.876383866980156,-7.275069821275627,2.4024081403200954,-0.5477646841311185,-4.144252827500805,-0.8589576322389184,-1.8877600377805879,"Montero, Elehuris"
660766,R,2024,251,-0.3845889295115791,6.93550212579812,-18.347234453719732,8.814632296818198,13.258389534099242,-11.196509935834628,-0.9198093623503844,-0.24789947777819385,4.721555305923803,-14.552563958335305,3.0740538930328554,1.840164250540776,-2.977651798054354,"Yepez, Juan"
660821,L,2024,535,-8.190071762185706,-3.3004549037326103,11.786469125731523,13.684645142007763,-16.915264240698942,1.3800150238099087,-1.5546616150680654,-6.506822943151346,-2.7053140866446816,10.501728968713445,7.294116303829573,-4.324901976376114,0.6013233106296719,"Sánchez, Jesús"
660821,L,2025,497,-2.7714004188703742,-1.5427001872314687,5.904631574485561,0.3857905405474256,-10.716314908743309,-1.8282565151210577,-10.568249914933222,-2.167749553190275,-1.247322221153507,5.217535734925985,0.19854300748938686,-2.592418110628029,-0.763690810419076,"Sánchez, Jesús"
660821,L,2026,311,-8.343247235101048,0.8139697062085944,3.3394129992175374,3.030087702618981,-8.545402500694289,1.382562813807545,-8.322616513942679,-5.773821476194742,0.5905012393557325,2.7588205994350625,1.2085768228161027,-1.4223617868824898,0.42834698225917384,"Sánchez, Jesús"
661388,R,2024,674,7.038267602000629,-1.0422737370456288,6.671807331154616,2.711103690526775,5.369961052628359,4.160761981726254,24.909627920991007,5.8392391766828755,-0.8873278534857966,6.081275815593264,1.5990586256625017,1.6219697004593545,2.0517576781590914,"Contreras, William"
661388,R,2025,656,11.455479194326802,-0.2543896205541298,5.206149377522422,-12.231032207932607,8.562515044382923,1.7805571598234866,14.519278947568896,9.459722220436884,-0.2156918669392008,4.733848462092495,-7.13379610689977,2.5376652132362456,0.8659851554022343,"Contreras, William"
661388,R,2026,618,2.9655014883907906,3.244778404319942,5.533513695345145,-9.558981094011159,0.04378638882149124,4.406773115854129,6.635371998720341,2.4229008725117347,2.7256875066937045,5.003603044794892,-5.436013351984437,0.012438767028908412,2.0776430144633213,"Contreras, William"
662139,L,2024,510,3.668075896740968,-4.691446120810762,5.497241790163594,-22.073611599787046,17.749039681944176,-5.607767281585823,-5.458467633334896,2.8851348647358765,-3.8117872247695352,4.872003341636492,-11.50225513148852,4.378333066244895,-2.3777422314274075,"Varsho, Daulton"
662139,L,2025,270,0.19546440250898076,-13.630355364469326,13.570068081904038,5.7260110148524825,24.445231999907488,2.518092200797917,32.82451233550157,0.12922505228984027,-9.492517513999756,10.922404669301995,2.0928267922813677,3.6116947506071804,0.706149819287439,"Varsho, Daulton"
662139,L,2026,525,-7.648124146576144,4.217464660518996,2.042671538643692,-14.862144682315023,-1.9405644226390446,-2.829170941262766,-21.01986799363029,-6.052563947629928,3.4451349236904396,1.8162468190262302,-7.8518984900867155,-0.4892282974796365,-1.219665049700799,"Varsho, Daulton"
663330,R,2026,171,3.4662020990425177,-16.907705145583115,0.8857061546584448,19.262902123411273,-7.494633545126463,-0.8985849263999305,-1.6861132399972745,1.91571550610952,-10.014802884705265,0.6405408552761902,5.149021045968356,-0.74146085283224,-0.1778849884458793,"Jones, Jahmai"
663368,L,2024,275,3.5929742913885914,-7.886973284487551,-7.528169107447604,2.299572252597722,2.4971444787159176,-8.625121412438505,-15.650572781671428,2.3901069161630617,-5.523169198852907,-6.080915744208183,0.8502908626761225,0.37475104129672804,-2.450811151662815,"Perkins, Blake"
663368,R,2024,158,5.513109232283744,6.9524889465242365,-12.367963823850694,-13.154317629504646,13.181618046055727,-0.0737602252323094,0.051174546276056464,2.938846317975011,3.9844596978038163,-8.745312584751497,-3.3162598823588807,1.21407710469062,-0.013697744405302128,"Perkins, Blake"
663457,L,2024,403,10.341233218534997,5.57750014452707,0.27420986529674474,5.340723161509306,-12.638938536379563,2.054956763232943,10.949684616721498,7.697680633062718,4.31679796840841,0.2358984408498079,2.4690263807349204,-2.598116286901636,0.755743253435857,"Nootbaar, Lars"
663457,L,2025,580,5.897414081400598,1.8329027274353882,4.009190491614457,-15.355630951213081,-5.2605911816967605,9.803774690139324,0.9270598576799245,4.761281580260591,1.5237094797749646,3.6026512231191905,-8.492472262045688,-1.4274647634338875,4.46744576891032,"Nootbaar, Lars"
663457,L,2026,308,9.0179122358335,3.4866919649825077,10.526527379276974,-4.629004271156989,-22.233633906545545,0.017442295906366725,-3.8140643017031834,6.222049452151214,2.52270433340846,8.681676884509319,-1.8355708293208413,-3.67093078329547,0.005367903563599944,"Nootbaar, Lars"
663494,L,2026,183,4.43319475608593,0.762240767127407,-12.698217572299232,-1.9283301881844783,2.6439885000574526,-3.6602189143259856,-10.447342651538909,2.5241973760744107,0.4638930992494509,-9.353092190046928,-0.5414623549998782,0.2780018235811397,-0.7648046283093051,"Torres, Bryan"
663527,R,2024,278,5.960352720752196,-3.010819669618607,-7.733706266139509,-2.071677358819281,-5.896519579567114,0.5551718349588854,-12.197198318433427,3.9793031557569782,-2.1152885999241122,-6.259926160032156,-0.7712698641712014,-0.8930928292632281,0.15897909327619916,"Nevin, Tyler"
663538,R,2024,640,-2.422318915871903,14.881894139902426,-17.441525554409367,1.7799375622144273,0.5897458716795548,8.191828417276989,5.579561520792128,-1.9916315478953217,12.570255450885442,-15.823346282494038,1.0274507063183633,0.1717610666667465,3.9336350168659977,"Hoerner, Nico"
663538,R,2025,650,-3.9540465502116002,18.780740561930536,-15.489270528263436,-2.2528751654838044,5.07591425751746,5.920952381395489,8.081414956884645,-3.259935759012748,15.901485349048215,-14.072302411831801,-1.3089625860808252,1.4946365937044124,2.866103238685428,"Hoerner, Nico"
663538,R,2026,672,-3.316168610389174,15.139581129907793,-17.242548530979423,3.306466833612963,-11.758537376512226,10.293164060476316,-3.5780424938837525,-2.7498370146785707,12.88320954191793,-15.712246077633248,1.9478368369207701,-3.5442447430945547,5.068126194009807,"Hoerner, Nico"
663586,R,2024,470,0.757720235146251,-5.064236560521044,8.06594294554526,17.80297060897755,-8.955871218967143,4.216061837797044,16.822587847977918,0.5853534947645606,-4.050049064864278,7.080016158532723,8.913577786633883,-2.0761288131899382,1.7041105754321901,"Riley, Austin"
663586,R,2025,446,-1.3801479276361357,-8.436186459625114,11.40496842706152,7.700004052777266,-2.669922866204573,-0.10590014237987289,6.5128150839930905,-1.0532973573867093,-6.674785334667254,9.945484368282584,3.7543553539263423,-0.5943657846381144,-0.04147456751255519,"Riley, Austin"
663586,R,2026,609,-4.798827002229555,-9.226560536406566,10.41520771104418,-1.2278598052420742,-9.42656627290315,-6.673680722083326,-20.93828662782049,-3.9102078625252576,-7.732239731920462,9.4044976581935,-0.6938382115421291,-2.6498480938530555,-3.122026844428899,"Riley, Austin"
663616,L,2024,400,-0.5885991112317738,-0.7804556655998964,6.9960149391630555,0.6766207234004267,-3.743112129285981,6.453942154573413,9.014410911019246,-0.4372958016948672,-0.6030242205178304,6.012261729511012,0.31154664998936465,-0.7648932998993303,2.3623389349585127,"Larnach, Trevor"
663616,L,2025,565,-2.45566384358768,-0.3305809330075313,-2.223090814691763,-4.315822018374596,2.3478362882236956,8.327525377021065,1.350204055583191,-1.9724935231480818,-0.27358980128971394,-1.992301884848885,-2.3588865528307283,0.6249965167966999,3.740683298569335,"Larnach, Trevor"
663616,L,2026,434,-2.0555064813289947,0.7026622842431538,-7.325293797203273,1.9660597384166576,9.054572965657988,14.336717756053119,16.67921246583865,-1.558510294276237,0.5527615061875142,-6.365359550543025,0.9452160419237161,1.9732723173930045,5.521925287598838,"Larnach, Trevor"
663624,R,2024,507,-9.228036578473015,2.008263654535166,13.658615739863674,1.0477949308534946,-0.467723791568497,-1.7912106203251068,5.2277033348857165,-7.249181015154011,1.6299004144438014,12.096987837896812,0.5444486505193902,-0.11486608650281467,-0.7569092012694308,"Mountcastle, Ryan"
663624,R,2025,357,-7.823786118364544,-4.341856331413383,21.059272866232828,-7.667716322535944,-4.248428074059924,-5.373299528497492,-8.395813508638465,-5.63806418381633,-3.265348585318469,17.796577352248352,-3.3151176435049208,-0.7922297271552037,-1.827260405705097,"Mountcastle, Ryan"
663647,R,2024,395,-4.180007065950693,9.503897151409612,-12.33137882637159,-4.454451478060342,-11.235980780689255,-8.15740091235055,-30.855321912012815,-3.0954363135615006,7.322177350960979,-10.578557561821892,-2.0371169280640276,-2.273143562457479,-2.9620860620647917,"Hayes, Ke'Bryan"
663647,R,2025,567,-3.867366948220342,5.041250276576461,-13.611906413777712,-4.922911415931668,-7.581010337554693,-1.7169577068522859,-26.658902545760238,-3.10859088564247,4.174692939870709,-12.203262655286222,-2.6950121067643122,-2.023310060903646,-0.7727502846773716,"Hayes, Ke'Bryan"
663647,R,2026,235,-8.469059912927646,-1.3216887693931187,-8.35836324376002,1.1601543314989449,-37.534617695542366,4.6467281667125695,-49.87684712341163,-5.330032510764595,-0.8806401651233582,-6.537582684366042,0.38741889248299566,-4.920977685892641,1.176950533860134,"Hayes, Ke'Bryan"
663656,L,2024,336,16.540927416376764,1.9650991127805757,10.917186732826012,2.8227255596611127,12.225373103995596,8.18781236908428,52.65912429472434,11.715351462236466,1.455326077918242,9.13731881027859,1.178584073519876,2.1694328913160374,2.674076966826057,"Tucker, Kyle"
663656,L,2025,590,20.261191402126133,1.830046107722072,3.8317105905575732,-2.6038091929670824,-8.150743116190949,6.732063226389963,21.900459017637708,16.41147516093777,1.525696957465703,3.4490959850835634,-1.4510356978577834,-2.239365468689437,3.096274111506022,"Tucker, Kyle"
663656,L,2026,606,14.09772877190503,3.0556386872717543,3.8424455028599205,-10.076099496987071,-5.134933388919804,-1.2324368218281654,4.552343254301666,11.476671857832017,2.5587002284503937,3.4679018447026593,-5.68156286255022,-1.4383328681071865,-0.5750335543180404,"Tucker, Kyle"
663662,R,2024,186,1.0607248049088736,-6.0085528779309305,-9.35205015491104,1.9744468342579227,-16.439759585447344,-0.041000455109421075,-28.80619143423194,0.6081855458825997,-3.679984911088204,-6.917807766426308,0.5609183163576492,-1.7538702297747466,-0.008677784888765142,"Cameron, Daz"
663697,R,2024,637,7.848518566219864,5.135438237209167,-7.316135193108338,7.266974416262479,-11.363328239424538,10.380348663508487,11.951816450667122,6.447655980992526,4.334567908302092,-6.634464365189916,4.186451151583618,-3.298512541826326,4.972368026349258,"India, Jonathan"
663697,R,2025,566,7.643277003888306,4.199454540441705,-5.528853798868904,-6.601851885470484,-12.716508869580643,8.80423997129031,-4.200243038299711,6.141539770831603,3.476540462520046,-4.955787912723955,-3.6112484251339647,-3.389542606643608,3.958673538864893,"India, Jonathan"
663698,R,2024,283,-8.393211061998109,2.415039256352512,7.722151397966942,6.965700262732742,2.8149045876272325,4.8335389901705454,16.358123432851862,-5.636649458018236,1.7056791850089856,6.271689326271767,2.6223603026460167,0.43283733513161887,1.4018076398688806,"Bart, Joey"
663698,R,2025,334,-6.230649364129108,-4.171032226285957,4.318666590941771,-5.009171461908251,-2.0831807614074545,3.367330600273029,-9.808036622515969,-4.4052520526566905,-3.0842196450279973,3.611053673656947,-2.0842302959907433,-0.3678554698834795,1.0953276698849126,"Bart, Joey"
663728,L,2024,453,1.5171568401837197,-5.385039312983349,9.455700444786382,15.295909547729002,-6.973336581611919,-5.710194968012256,8.20019597009158,1.1621121945146,-4.274481717210403,8.26200022025728,7.517479524122213,-1.5712463905947898,-2.2575545626038807,"Raleigh, Cal"
663728,L,2025,485,-5.732782488814266,-2.498980463098539,16.063835573382164,11.900266002582939,1.6670848865594927,-1.270768315395853,20.128655195215934,-4.460063749062286,-2.010978549910993,14.153807225288478,6.0516715527255265,0.3958647020965292,-0.5232805071478213,"Raleigh, Cal"
663728,L,2026,325,-4.492652475427349,-5.394486943305127,18.403037295819374,-7.011664136888917,-10.725253046056853,-9.610711306984443,-18.831730612843316,-3.150874073685853,-3.960312642089586,15.318197711840034,-2.8710088857267375,-1.8516807557285402,-3.0688391147066607,"Raleigh, Cal"
663728,R,2024,171,-6.989602427626721,-3.39835144039887,9.815564084362796,12.09559811809944,-20.458680199414896,-2.6738458278372934,-11.60931769281554,-3.8630435760927067,-2.0129177505463964,7.098595601427837,3.2331830829362067,-2.0240229728569425,-0.5293178421058993,"Raleigh, Cal"
663728,R,2025,204,-6.488110699328753,-5.821773467726112,12.402637820237015,33.104541832288405,29.898815738675268,-9.978995557415754,53.11711566673007,-3.865590690420684,-3.6918322532819294,9.390016930299542,10.038766097786755,3.4626802985908385,-2.2699628940843515,"Raleigh, Cal"
663728,R,2026,186,-7.284536666623572,-8.729962978381064,9.135604653461016,4.2786978711915715,-9.375630735468455,-3.63030532464351,-15.606133180464017,-4.176719436171647,-5.346733679052471,6.757700800986999,1.215530327011237,-1.0002360160336727,-0.7683575366107664,"Raleigh, Cal"
663743,R,2024,335,-2.9209538460472455,9.14539798656161,-23.388690246396518,-15.426364964013676,5.398537630462716,1.7674424769742545,-25.424630962458856,-2.0670078172935975,6.7677185275763145,-19.56602644165316,-6.429853237521275,0.9556419095305507,0.5760751998737774,"Fortes, Nick"
663743,R,2025,243,-7.708661915012228,8.07930568796385,-11.295155224516,-9.598559195525823,17.209370079420054,-4.753182902100025,-8.066883469770168,-4.911404058498213,5.443032229341799,-8.898442419177687,-3.2771796192642366,2.3226767644236475,-1.2342559511209668,"Fortes, Nick"
663743,R,2026,313,-9.423518817748336,5.893867036952824,-15.275445576374688,-11.029002206149817,12.144502605688471,7.387851203060493,-10.301745754571051,-6.534265824449392,4.28326988379169,-12.633682347350101,-4.415975875890021,2.0322475665956743,2.2990504053945537,"Fortes, Nick"
663757,L,2024,208,11.759745979354605,-7.053644257426451,-4.005714870235147,-1.9433933088028235,-1.1516630085514379,4.022661940406264,1.6279924747450059,7.0612986929481725,-4.504707400768785,-3.046953097967295,-0.5973267581394532,-0.13568501758295842,0.928850601440761,"Grisham, Trent"
663757,L,2025,582,5.49640601069834,-1.7027798497475564,0.05105957354725129,18.948517666666145,-6.606182988858849,7.98464341912029,24.17166383142562,4.440467120645748,-1.4163581452939384,0.045898032773365176,10.49564803358618,-1.7970917836829952,3.6453111112237453,"Grisham, Trent"
663757,L,2026,485,14.042688755784418,1.9075309817448787,-3.9642937619471836,1.8688742440534918,-12.821792604036716,2.998397829500414,4.031405445099304,10.925111354083997,1.5350275619295022,-3.492929782223887,0.950383217980603,-3.044653065037154,1.23468858787461,"Grisham, Trent"
663837,R,2024,565,4.001099238753078,2.4549373905347807,-11.467042209815519,4.822416586846059,4.19890658878898,0.680895564080782,4.691213159188161,3.2138528872839904,2.0317137674718766,-10.276597634822583,2.635774503774191,1.1177533993791773,0.30585492680156195,"Vierling, Matt"
663837,R,2026,292,-7.5070965954741755,7.661904893752354,-3.1289685040731263,-5.2059113827025625,-21.555688824770023,-1.5378342481159961,-31.27359466138353,-5.093115801456451,5.460841521922526,-2.5560479313343474,-1.9982603429085173,-3.4033043793838624,-0.45597595002211405,"Vierling, Matt"
663853,R,2024,216,-7.253317092644609,-2.2943412657403943,3.818834600493052,11.664366659380304,-2.4120440701436103,-11.064373066183524,-7.540874234838782,-4.420769437918502,-1.4851244222945057,2.9307830209799532,3.679585343329949,-0.2937775553121055,-2.6297207872751005,"Gonzalez, Romy"
663853,R,2025,340,-5.3675403285008825,-2.359307674923112,0.8743166861130935,18.504292405492148,9.782655105710607,-1.1954839095843826,20.23893228430747,-3.814731047542819,-1.7526205197786304,0.7331799858574656,7.779481615477796,1.752927618987421,-0.39355381929097194,"Gonzalez, Romy"
663886,R,2024,514,3.597353929186803,-3.4289814442041644,3.3469203641635414,-3.6951703971590626,17.271400822960857,5.448020290577993,22.53954356552597,2.834216140741854,-2.790109335820616,2.968880287558708,-1.93270553221589,4.285633263540521,2.320409168171318,"Stephenson, Tyler"
663886,R,2025,339,3.9686301423517905,-10.72515838613413,0.277159605458098,8.991934787638389,4.545440539008348,-0.43503857067600366,6.62296811764649,2.818115403414845,-7.961185066583392,0.2323084544630958,3.773891845914075,0.8125179166813262,-0.14293205712580767,"Stephenson, Tyler"
663886,R,2026,459,10.285442580209816,-6.463303809765932,3.677636934588704,4.145818190173591,-6.2748011110388395,-3.4459520728401585,1.9248407113271808,7.902620767565301,-5.1442434896856595,3.2186786542186914,2.0511800776039704,-1.4283147998839447,-1.3732284406524309,"Stephenson, Tyler"
663898,R,2024,538,0.27557604887923887,0.4965412264864028,-7.88777798190527,2.0831507366907442,8.105936551032869,-1.342903914795432,1.730522666388553,0.21919000943461883,0.4074141505600152,-7.032274442038777,1.113248763372501,2.081167159537593,-0.5869995996674263,"Rodgers, Brendan"
663968,L,2025,290,-7.146782944730511,12.906771583183417,-18.285605740857093,-0.6510201896478883,21.798577174978455,-7.7394476863616255,0.8824921965647541,-4.837935683447859,9.180807229567328,-14.918634850094897,-0.24883312692102796,3.4217799781262275,-2.283707146771246,"Mangum, Jake"
663968,L,2026,332,-14.702734924983751,11.94272759291506,-12.483433434971653,5.701214002742767,10.152749137020562,1.6061397410085385,2.2166621137315192,-10.376951203843571,8.81706665513355,-10.427731946329615,2.3638622642457467,1.783959515827134,0.5203313411770155,"Mangum, Jake"
663993,L,2024,567,7.306071719858975,-0.3234130285709387,8.145063268529128,-7.927754370732981,4.156426949241137,-2.7076703641084663,8.648724174216854,5.872622966035089,-0.26782048360316585,7.302162047571673,-4.3399915626017105,1.109316580423403,-1.2186398280673025,"Lowe, Nathaniel"
663993,L,2025,608,-0.010067991301913676,0.21340681622788293,5.253508192495916,-7.297333016714176,2.1923339872858247,-8.25171129636393,-7.899863308370394,-0.008201160901936018,0.17879611998831774,4.7429415164368836,-4.120624537296238,0.6155466409393858,-3.8568722708595886,"Lowe, Nathaniel"
663993,L,2026,416,2.619622673839745,0.7245972455726797,18.23396632795207,-4.482999086645415,5.820070624648439,-2.5320743475630683,20.38318343780446,1.9656654011372412,0.5648034721964144,15.755183837286284,-2.107918417309744,1.22685764689562,-0.949979934716821,"Lowe, Nathaniel"
664023,L,2024,497,10.356236754240397,-4.64436306109669,5.947769759270565,15.54954059399407,-14.277383243407206,-2.35686828873115,10.574932514269987,8.100499460084466,-3.7551154120273873,5.255654120098088,8.002406047149751,-3.453887573086116,-0.9845000625379593,"Happ, Ian"
664023,L,2025,477,11.883537729250271,-1.187934318565263,-0.5624980929328495,7.9840461455589855,-5.144801380089662,6.014399609711283,18.986749692932765,9.211011116638172,-0.9528333599541134,-0.4946293536088597,4.026953892405268,-1.2062538877349638,2.452432252655736,"Happ, Ian"
664023,L,2026,469,14.810101589194483,-10.56589814940395,3.0740315925099786,8.161420243936078,11.62962047621648,-7.772236788784017,19.337038963669052,11.435542478568317,-8.446315787322137,2.697579523047325,4.081907879121346,2.691542501843554,-3.13751244265692,"Happ, Ian"
664023,R,2024,162,2.155704452042641,-8.424144017588787,-0.9185982140201272,-0.46941123247664085,4.499259645834143,-5.565885506805247,-8.723074873014019,1.1625340374969615,-4.879294318214017,-0.6542670754018599,-0.12056704325596494,0.4239015905633729,-1.0548288532402894,"Happ, Ian"
664023,R,2025,184,10.504235096161024,-2.679217229659422,3.1723505826054197,5.594614582161616,-25.08072045803432,5.936011978595273,-2.5527254481704063,5.994990536421978,-1.6340242272972658,2.3399999690478506,1.5770951909078283,-2.6499969026616936,1.245688202109366,"Happ, Ian"
664034,R,2024,536,3.3611757572009777,2.013872671365086,5.359106435506663,-20.78599767198386,-2.958706402379907,6.587892417463159,-6.422656792827881,2.671400862858246,1.6512849740087392,4.775928239216207,-11.088902327975445,-0.7575352708545826,2.873612203645367,"France, Ty"
664034,R,2025,491,-4.958940102545555,9.084866341823966,3.3763058326964983,-7.500938459906024,-11.216041744023206,5.719754750487281,-5.494993381467041,-3.8685148758545806,7.328257533880409,2.9791837207937903,-3.8375177235032036,-2.688403824423089,2.372348922311649,"France, Ty"
664034,R,2026,480,-1.7503035257836181,0.7753541635062671,9.38878998466382,-6.9688607131517095,25.064902339634283,3.5344026153506958,30.04428486421974,-1.358581795155455,0.6226760600938912,8.26220717826692,-3.5258415046566665,5.904988430466205,1.4465427799687185,"France, Ty"
664040,L,2024,423,5.74230592030085,-6.013951768524331,5.652591997339763,13.674964623596566,-3.17923687987937,-0.9855963258156101,14.89107756701787,4.326682422077539,-4.704878698968181,4.89517336398634,6.486878331028298,-0.6790442773827922,-0.3736379365995855,"Lowe, Brandon"
664040,L,2025,553,2.4036481357325266,-7.784212081798487,14.107144392298464,3.802166544731516,0.4027101879286233,-0.7384467285016765,12.193010450390965,1.9225039689884602,-6.418227491370834,12.614202383138883,2.0578909090403505,0.10552162732533675,-0.3277887739259783,"Lowe, Brandon"
664040,L,2026,638,-0.6343430167119093,-6.371244206529265,16.938656033831556,0.7292786098221191,11.293062725156894,-1.8894379159825403,20.065972229586855,-0.5212665372466332,-5.378965050132983,15.362663635295924,0.4204114419837617,3.2817667791249834,-0.9058133860180888,"Lowe, Brandon"
664056,R,2024,435,-13.01276042035004,1.745259137614648,-10.802625667129403,4.029788731039083,-4.025542292864965,9.335933430057267,-12.729947081633412,-9.871922139177496,1.3736120996784635,-9.389837369777057,1.9397035156432625,-0.8788706219527311,3.600914540412032,"Bader, Harrison"
664056,R,2025,503,-9.903263131699365,-3.816269850756054,-1.8351022988032486,1.7860008031354102,23.052226945945044,1.2739203138269206,10.557512781648702,-7.7663684566932085,-3.0926390077324544,-1.6238135155473783,0.9244988283916984,5.627526669876803,0.5358580010577472,"Bader, Harrison"
664238,R,2024,440,15.566360327104414,-7.442882417503574,-2.18510942446914,-9.111228740432315,6.219101422323017,-3.4522469133427296,-0.40600574632032876,11.841649006927545,-5.87215547201307,-1.9021635000157493,-4.411611539031818,1.36994499715532,-1.340908663938194,"Moore, Dylan"
664238,R,2025,243,7.118351313942775,-13.650354165791429,-6.774817560013861,-0.5601320865646819,6.267167944561404,-10.801752852322146,-18.401537406187938,4.535300668074399,-9.196250338320569,-5.337272729760157,-0.19124260431100742,0.8458534679884129,-2.8048842249739976,"Moore, Dylan"
664702,R,2025,299,-1.644502933525474,9.156673859210416,-11.30536415487536,-1.4999963868754036,5.859997472164425,-4.542109425368483,-3.9753015692698805,-1.1241596806749232,6.570391725913764,-9.275087954517586,-0.584192332828199,0.9438087417863473,-1.3693116112522772,"Straw, Myles"
664702,R,2026,318,5.3669412323307855,6.570949325086893,-10.898834015969197,-10.433338556597127,-3.1989601675925896,3.4612565530473014,-9.131985629693933,3.739462887556409,4.795934608907038,-9.038547635310579,-4.217233041723527,-0.5424117781129857,1.0889133852104318,"Straw, Myles"
664728,L,2024,426,-5.417511414393306,4.7251360616361024,-14.968230679975283,-3.104936376594897,7.28038810704353,1.6444592785024303,-9.840695023781427,-4.089056953247101,3.7022782217143337,-12.974807120426602,-1.4783349613466503,1.5636573709296495,0.6261496607098429,"Isbel, Kyle"
664728,L,2025,407,-4.381070560686606,6.335012063331407,-16.839030269523725,-14.437841614388983,13.526938246035208,2.8835686502919113,-12.912423484940785,-3.2693414409546997,4.914003037654408,-14.50627225490843,-6.710100926821586,2.802538887821106,1.0671091338370948,"Isbel, Kyle"
664728,L,2026,313,-12.840727258128744,3.5749454100101974,-12.634508725989246,-4.300565701271356,-0.914394112154229,-5.001715385866371,-32.11696577339974,-8.90375738687331,2.5980321433943776,-10.449473899854235,-1.72193223235596,-0.15301369431667217,-1.556500729302804,"Isbel, Kyle"
664761,R,2024,605,0.1857749432548064,7.236683177515176,-1.3576263494900538,4.132365295825357,-1.1231231088570104,3.556148585092832,12.630222543341107,0.15118910976342764,6.058153045141258,-1.225093885304178,2.3284188764962783,-0.31422120646602686,1.6577753581720054,"Bohm, Alec"
664761,R,2025,504,3.3695834351929945,8.267028546294947,-3.1921114980379133,-2.8191774264118754,1.2470635959878567,2.3591525609576145,9.231539213983625,2.643637236974144,6.701978239636555,-2.8252257102072083,-1.4607065414965845,0.3048913501978637,0.9934888675182924,"Bohm, Alec"
664761,R,2026,611,2.6197135149892525,5.8153137281472675,-4.590328860025465,-2.6135997064546164,-6.798165699878686,6.365303436339972,0.7982364131177261,2.135904704224123,4.876058679506091,-4.146192317210386,-1.4789967562691808,-1.9155009656659359,2.982960687054628,"Bohm, Alec"
664770,L,2025,438,-7.653561899987399,13.621859280895295,-8.807386025331944,-1.5924595969951352,8.225226404224763,3.651212746125839,7.444890908931418,-5.8158668171322825,10.736790383367074,-7.66240275599088,-0.7692492062912223,1.8054266624147994,1.4142407815827385,"Lukes, Nathan"
664770,L,2026,433,-6.484453274749271,12.330835545186272,-13.768738542028787,-0.7468562546057068,4.844430987220731,-0.15568917350509756,-3.980470712481859,-4.913848324903931,9.695489409952849,-11.96081105058141,-0.3586335563540545,1.053848360967749,-0.05988016149156275,"Lukes, Nathan"
664774,L,2024,396,12.12277420533314,-2.657885162802119,0.4336459614017348,5.592910189073727,-9.966936449810778,7.702027172016348,13.226535915212054,8.98320941874768,-2.048927358665315,0.3721397288097743,2.561268662853351,-2.0204740577754587,2.801237596075846,"Wade Jr., LaMonte"
664774,L,2025,241,9.679921453071657,-0.5057203311616698,-6.907615747368153,-14.586141286135039,-20.374903922480414,0.7226394411712588,-31.971820392902362,6.1488321230525775,-0.3397839426425092,-5.432326713106446,-4.952990565119894,-2.7303155042730487,0.18650148743982806,"Wade Jr., LaMonte"
664913,L,2024,402,-2.9713978533854606,-4.4613130728356944,5.356102588143926,-0.30964595272408185,-4.183815362247971,-7.516973210669534,-14.087042863718818,-2.210407171494839,-3.450966243174843,4.606170061585579,-0.1429586919187626,-0.8583473774042197,-2.7601463181470827,"Brown, Seth"
664954,L,2026,231,0.44735906183531327,6.537340089936048,-14.079660628897962,-5.693342619566054,4.192196804190273,-1.5972485153837974,-10.193355807886178,0.27975151289009775,4.330799492376767,-10.971171798239396,-1.8795420950706705,0.5414712758096167,-0.3993962226890644,"Sullivan, Brett"
664983,L,2024,494,-3.3994102877076995,8.734602237590106,-10.360192508536239,-4.0493372296619246,6.053219510723451,8.750614122850864,5.729495845258559,-2.6554573103158168,7.0540018938886275,-9.148158004505596,-2.0778239746552996,1.4576430990161855,3.642385850429501,"McCarthy, Jake"
664983,L,2025,223,-4.157280239395368,6.278095425704255,-5.964560897863017,-7.343158040047132,-12.432100837333147,4.0908941464911095,-19.528110442443303,-2.565234999032018,4.109299275888104,-4.611190972850071,-2.367306091839618,-1.5571060146092104,0.9961388579924556,"McCarthy, Jake"
664983,L,2026,574,-3.4116882604593406,3.7749641093894075,2.483245319465158,-1.8208947967597264,8.537563802083504,5.245133451294707,14.80832362501371,-2.7488934181946405,3.132639756662506,2.229076980934191,-1.002367692263654,2.299161702490341,2.376613237723237,"McCarthy, Jake"
665019,L,2025,386,-2.5199372315718405,-3.2044261432716743,3.514619775534382,10.28749748879739,-10.321174848727686,-3.0813838557709308,-5.324804815010361,-1.8548770638534304,-2.455672475501693,3.0050810860704233,4.645909662707919,-2.049942902439304,-1.1025288839736473,"Clemens, Kody"
665019,L,2026,568,-7.335999423862302,1.0946165117396796,4.926070473506866,6.974936942534798,2.3132750602843117,3.9598476335725583,11.93274719777591,-5.898716410824316,0.9067336299268534,4.4170951844836885,3.821423321425025,0.6181922078437996,1.783933799346241,"Clemens, Kody"
665052,L,2026,305,-1.759553617071696,-15.16108616767206,10.743274413187109,22.20514703652976,-4.403190800432509,6.885889612871672,18.510480477412276,-1.2103405553098856,-10.939655705638152,8.845189714187628,8.75320292029969,-0.7210765324708571,2.1048154556110372,"Conine, Griffin"
665161,R,2024,649,-5.670135280780637,5.4994450574204095,-10.218993965586167,0.2586678679473953,-0.004542432528759505,6.80549777174912,-3.330060981778638,-4.673510584137031,4.655231353898419,-9.282845556707631,0.1501939046239555,-0.001336096860275958,3.291660542379666,"Peña, Jeremy"
665161,R,2025,541,-2.956231968587743,0.23102477556768589,-6.265938324782307,7.339147744074557,8.817098875461738,11.441183402144452,18.60628450387838,-2.3540237411847635,0.18974565785940758,-5.589700375045546,3.9322388427189114,2.27312408295946,5.016739245859039,"Peña, Jeremy"
665161,R,2026,462,-5.743758613693191,-5.091630506815396,-0.4514486545135372,13.051236505370166,8.121316126896058,3.150965904491682,13.036680761735779,-4.419754622501561,-4.057885095655646,-0.39542963381820256,6.478468728608657,1.857950042193802,1.2605986994869032,"Peña, Jeremy"
665487,R,2024,438,0.5823912390456303,-3.0451404454456386,9.626045567929753,17.794712558009234,-17.416690489281482,15.959493387322501,23.500811817579994,0.4425534053313938,-2.400188841806475,8.374634412168714,8.595865500926028,-3.8229412583979485,6.181662907947579,"Tatis Jr., Fernando"
665487,R,2025,685,10.9355890582901,-2.928347763760984,4.032987456663799,7.087317517361923,-7.03491443907099,5.7804046746509785,17.873036504134824,9.09750685147195,-2.4989811822720283,3.681254142094614,4.207946868564651,-2.1489459543754474,2.8738289599607105,"Tatis Jr., Fernando"
665487,R,2026,681,6.119129108811196,-0.7918421822137321,11.179751339267492,11.333515178859562,-13.128975328184442,8.640376702679761,23.351954819219834,5.085589151847103,-0.6751575087668348,10.199494643158847,6.713018708458411,-3.9941963855711355,4.283063905745457,"Tatis Jr., Fernando"
665489,R,2024,683,0.8383744757874727,6.025796315750586,3.412561986727206,30.223825048165576,-4.148998530484024,6.622938973282084,42.9744982692289,0.6971152042343122,5.140061985874364,3.1141432059501213,17.923442465772133,-1.264816719100009,3.2878684411373755,"Guerrero Jr., Vladimir"
665489,R,2025,672,5.957099920943568,3.0609222375327647,-2.794965430114915,16.29798196566692,-2.027389836289223,9.73571499846386,30.229363856202976,4.93975300635482,2.6047287728290716,-2.5469079897059217,9.601127498837752,-0.6110935007805166,4.793650612311871,"Guerrero Jr., Vladimir"
665489,R,2026,592,2.268731112796379,4.891007526183622,0.10746844355101956,-6.187389115760947,-15.563549447485949,6.404303895199667,-8.079427585516207,1.8388425033561204,4.0798918900772865,0.09676985115597274,-3.4532373409153116,-4.2864901573297,2.950912067860494,"Guerrero Jr., Vladimir"
665506,R,2024,181,3.803996653609577,-16.686625619925046,-5.8714628942036375,-6.575206965193115,0.9902949981411462,-2.5304934939853028,-26.869497321556377,2.1556839097292793,-10.11160291774337,-4.312175604627431,-1.8317178755177685,0.10310494591441939,-0.5241662462075614,"Pache, Cristian"
665742,L,2024,710,15.499733804456296,0.7285121128286761,8.948316299468443,37.82730614282214,-19.931625314131995,10.821679501543262,53.893922546986815,12.971267462553296,0.6249209801852569,8.193057284202657,22.785121877058742,-6.24111559987796,5.477161817776039,"Soto, Juan"
665742,L,2025,703,15.572810553348559,0.17249368947531032,2.8618466554937667,33.69986828248428,-9.944206883426961,4.768091921076676,47.13090421845163,13.011288532283869,0.14775665907885163,2.618099735235217,20.21891844496925,-3.0926405799077705,2.4014583275732493,"Soto, Juan"
665742,L,2026,447,16.882624030748346,1.474751828929526,-0.5167909455673477,23.851376835658,-8.42190554991563,7.3431848184433,40.613241018296186,12.891262691936285,1.1673819669092649,-0.45078670331978693,11.642761982752628,-1.8781116143015582,2.8797928761549265,"Soto, Juan"
665750,L,2024,427,-0.607013165937302,3.0352254622560615,-2.2169840020220892,-1.7268488298534208,-1.90420825664551,-5.370795171451806,-8.790623963654067,-0.4584277627455355,2.3793915556279073,-1.9223323532560739,-0.8232042717127499,-0.4097329413722692,-2.047971403525452,"Taveras, Leody"
665750,L,2026,315,4.546061678389134,0.4504652299675046,5.520472488734607,-14.931168227949414,8.784175916715887,-7.012052889326216,-2.642045803468495,3.1583864734373406,0.3279370963626252,4.5707708804508025,-6.001236939194807,1.477746692128098,-2.191689537998716,"Taveras, Leody"
665750,R,2026,158,-11.074132755942273,0.11346725038498745,-0.8960060320603929,-14.894745602436808,-8.069265158173012,-5.553347361070616,-40.37402965929811,-5.903234074157085,0.06502788996243117,-0.6335604582769033,-3.7550292375874927,-0.7432099796843235,-1.0312920345108156,"Taveras, Leody"
665804,R,2024,364,-0.7736836353322676,2.9527976495478407,-0.7349572769263967,-12.855983454254373,-1.2902031834402792,-0.679447334977597,-13.381477235383075,-0.5605521007407593,2.23132826299091,-0.6229469738909673,-5.619597484019584,-0.2444156928519571,-0.23402493811412653,"Amaya, Miguel"
665804,R,2026,243,-0.6281325114367332,-4.0384093774683,-4.130786812094739,-8.747347105287226,17.351088443577208,1.3820473368291333,1.1884599741193416,-0.40020078710899765,-2.720678390666986,-3.2542774191842647,-2.986555281071735,2.3418038998156385,0.35887534423693096,"Amaya, Miguel"
665828,L,2024,258,-1.677557667614069,6.639018199681888,-18.22335906305478,11.170481308433706,7.654584140768888,-2.6967161585901906,2.8664507596254416,-1.0918539727008454,4.559202010094917,-14.53587772929556,3.9657162220426314,1.087816443744071,-0.7317509267942973,"Cabrera, Oswaldo"
665833,L,2024,592,-7.0052845698742345,-6.084774065147799,8.57257647871878,17.17556026918829,-4.157011389454692,-0.6296199942790183,7.871446729151321,-5.677894106768781,-5.075686395583987,7.719167808315571,9.585834180304035,-1.1449180320292156,-0.290110099346915,"Cruz, Oneil"
665833,L,2025,541,-9.74746529453449,-3.5977361945311355,10.158712979513172,8.666571316810609,-13.461893204644245,-5.264123234710721,-13.245933632096804,-7.761828220357964,-2.954898752129323,9.062355677357813,4.643458553163861,-3.4705920936043295,-2.308216964834411,"Cruz, Oneil"
665833,L,2026,408,-10.281845566446082,-7.241510536292921,4.6216585731793804,33.32864973663321,9.398498235602402,-3.835775515959383,25.98967492671661,-7.677526134054173,-5.6202543902638,3.9827595806931155,15.510100412485457,1.9509913248739366,-1.4216830150483075,"Cruz, Oneil"
665839,L,2024,224,-6.3423973377675456,4.869616635464812,-8.533457465062279,7.725725743813272,-11.9131452585667,-6.12728434227355,-20.320942024391993,-3.920255864493431,3.192308987324608,-6.603889587678272,2.498196486650411,-1.49795716968514,-1.497058828924561,"Valdez, Enmanuel"
665862,L,2024,616,-4.089680479565844,-4.180841589193132,3.506950267663584,-2.2291299473309847,12.541050515225496,8.82461211441687,14.372960881215992,-3.339403957612062,-3.510178617168523,3.170125500102027,-1.2658916765569999,3.554379619377216,4.153375938578303,"Chisholm Jr., Jazz"
665862,L,2025,529,1.343992517996416,-7.4043027315989045,8.55547174848816,12.873887261127116,5.6072346245045495,-2.4709127325341784,18.50537068798316,1.065287763461315,-6.056765147023649,7.6135017801687805,6.825816718797774,1.4216582345378892,-1.069820760728955,"Chisholm Jr., Jazz"
665862,L,2026,522,-2.0818689094352076,-8.912399437290585,7.253083393850402,-3.711926805659507,4.289666768211253,-2.3251883086787113,-5.488633299002356,-1.6455740958884715,-7.272648401251427,6.444992540012326,-1.9557659875848799,1.0768230886100867,-0.9991297763525462,"Chisholm Jr., Jazz"
665877,R,2026,359,9.032104734927236,12.367494728681343,-18.62583535797158,-5.084774001798022,4.621164784916706,-3.359093054376443,-1.0489381656207613,6.518962180361546,9.313997694365371,-15.75374757744724,-2.205363365306626,0.8656594788085654,-1.1465185001904368,"Fermín, José"
665923,R,2026,242,-4.430482538263481,-7.576359587038815,1.208265425807485,-8.253022072913133,19.54309232395715,1.9484648924174754,2.4399584439666797,-2.818557965333574,-5.0973242409302095,0.9510503502916626,-2.8101333293333175,2.628254750666753,0.5044135164030099,"Ruiz, Esteury"
665926,L,2024,633,-4.267774619079823,8.834268163503257,-11.263623445627582,-2.2818867217881142,-8.045716375904266,6.878440606447809,-10.146292392448721,-3.5020801899424407,7.449225271225643,-10.208140535785384,-1.3110663794879873,-2.3250587337123525,3.284081314741871,"Giménez, Andrés"
665926,L,2025,370,-5.152215011827672,6.698836779780244,-6.039543683932679,-4.757076507340062,-13.124599702242614,6.642898591441255,-15.731699534121525,-3.7496520732665912,5.082218645544611,-5.131776844338403,-2.098564854033722,-2.519436142720882,2.3126269063184246,"Giménez, Andrés"
665926,L,2026,495,-8.239879495346347,5.844258826344939,-7.633952633081105,-8.476918728582802,1.8781647948956406,2.023193704798773,-14.605133530970901,-6.439448158168655,4.7216166592176805,-6.742453298383062,-4.354017802751778,0.4529654467612776,0.8431354513878951,"Giménez, Andrés"
665953,R,2026,217,3.3170386966578436,-4.357792180661098,6.556654012936963,3.9015563026159907,19.065056674732226,2.184205385836492,30.666718892118425,2.025321665395693,-2.8253860341303336,5.037333917654331,1.2346611419035813,2.3314850788938153,0.5209603536184312,"Chaparro, Andrés"
665966,R,2025,446,-0.1312733723779752,-3.1756033652623388,2.0926919083625166,-8.165924659287704,10.679082806647916,-2.134866375196691,-0.835893057114278,-0.10018483776430116,-2.5125654669461825,1.8248919140246376,-3.9815281594946916,2.3773276419073706,-0.8360957560450584,"Narváez, Carlos"
665966,R,2026,277,-1.2079511135548677,-13.165541891889207,7.443003431157916,-12.412322893884134,-11.058790564334352,-5.13702942650633,-35.53863245901098,-0.8054964447277891,-9.239692885160727,6.020479481588414,-4.610566279762634,-1.6698603099460005,-1.4672604199002062,"Narváez, Carlos"
666018,L,2025,417,0.7285129631094444,-0.3753564150615945,6.592875841648943,29.072496539365993,-2.7013691702811586,-3.350798889898091,29.96636086888353,0.5469759180401828,-0.29273473414956047,5.698477370206471,13.687357040470568,-0.5705222294811441,-1.2590343087989393,"Aranda, Jonathan"
666018,L,2026,647,0.9305506302849118,2.5392235228107567,6.219390814480006,11.377636933775435,-1.2757187583922445,-3.9391610447883543,15.85192209817051,0.7665737019720869,2.148410664766166,5.648041305076458,6.597802026940992,-0.3744189492137611,-1.9022442376360755,"Aranda, Jonathan"
666023,R,2024,368,-1.0551380507536865,5.141226599476849,-4.280175689031433,-17.536528691277383,11.739365220443952,-1.8070330517076398,-7.798283662849337,-0.7667684253490389,3.8953946378405435,-3.633880278840039,-7.712742411324266,2.243669434782344,-0.626870990627468,"Fermin, Freddy"
666023,R,2025,347,0.4018397978663867,6.018421663254476,-6.281233838624586,-15.102124315340864,4.985653768478593,-5.700320187891475,-15.67776311225747,0.2872655182747884,4.494119760744974,-5.284493241538975,-6.42427125131252,0.9084074450257928,-1.9022896120002122,"Fermin, Freddy"
666023,R,2026,259,0.5673526337543658,0.19036036665337935,-6.769234132918974,-17.961368458520937,-3.109790592347446,4.445655102549878,-22.63702508082973,0.3697651816131574,0.1308841704275348,-5.403707075385847,-6.392519086541141,-0.44341059587977766,1.209726916454663,"Fermin, Freddy"
666126,L,2026,368,1.2835255529778997,3.096669892182775,-10.161938948616859,-6.626830093913569,2.9699489801387062,4.687995018603687,-4.750629598627359,0.9327375374711648,2.346278861623896,-8.627512565614243,-2.914546796447214,0.5676272630138184,1.6262945930023822,"Cortes, Carlos"
666134,L,2024,295,-1.963526166769611,-1.2828104014106776,2.5314798112213253,-1.085024115272179,-0.2831506439361211,-4.582165599928345,-6.66519711609561,-1.3365055098921599,-0.9169716429614545,2.0718184874355234,-0.4191066336151093,-0.04509119108867831,-1.3684261942284135,"Jones, Nolan"
666134,L,2025,405,-2.2170678200055467,-2.7899487319360037,9.399531217480403,-7.221509406565388,-16.167035009094636,-2.0228355935121063,-21.018865343633276,-1.6523997714053384,-2.1617396729893272,8.091852100142818,-3.3474057699867945,-3.3364568352016635,-0.746260109841041,"Jones, Nolan"
666135,L,2024,178,2.491478277712271,-6.647759370713783,9.383329073698913,-1.304274085411005,-16.782839201064593,1.17553741054872,-11.684527895229477,1.4016575982114692,-4.001770544269598,6.860685961517998,-0.3589792765774219,-1.721360648036029,0.24028979054220187,"Kirilloff, Alex"
666139,L,2024,384,-9.729148156773556,-2.637247676166884,18.52607868499737,-3.984032007552327,7.066977890896508,-9.422128666340134,-0.1794999309390252,-7.151607353494685,-2.01856567173912,15.828273436920252,-1.7940938965269735,1.3977755577052975,-3.3600288792692656,"Lowe, Josh"
666139,L,2025,433,-12.010149740814677,5.506245153005481,10.74431782365487,-8.58121761597203,-9.459393829390656,-3.525388420484065,-17.32558663000108,-9.101161144233785,4.329450455643263,9.333517007665849,-4.120622372090655,-2.057778655356777,-1.3559120598206482,"Lowe, Josh"
666139,L,2026,325,-3.5020354986176274,-2.5865245139999313,16.577732777032367,-9.028199285528352,-11.257781303896286,-11.490937403452163,-21.28774522846199,-2.4561153835234433,-1.8988730234264937,13.79886288391757,-3.6967030743096077,-1.9436200622128244,-3.669222499975867,"Lowe, Josh"
666149,R,2024,341,1.945713440783995,-12.54572706197862,-0.412818621045813,5.600953350944085,34.55417632365574,-6.156315047872112,22.985982384487265,1.3839999941295404,-9.326673408191645,-0.3463432687248762,2.358733710925132,6.2066095612521215,-2.0306561860539554,"Fitzgerald, Tyler"
666149,R,2025,243,0.9003831462119259,-7.281490780854839,-7.9847337809589245,-12.822599453271588,8.782108572517508,-8.723170844524766,-27.12950314088068,0.5736592792968049,-4.905543932678763,-6.290457489960747,-4.377944724645558,1.18528449501038,-2.2651401701253175,"Fitzgerald, Tyler"
666150,L,2024,240,-9.767117441740167,3.057458700789676,-24.868826119927583,3.295126079772542,-14.332788321922434,-0.026256478606560264,-42.642403581634525,-6.194804616693376,2.051444120610951,-19.540095987639347,1.1158496239458278,-1.9137433774993942,-0.0067554867615213,"Fletcher, Dominic"
666152,L,2024,319,3.35216114289138,-2.8862027587372774,-11.932120177338788,2.9028678639076935,14.182574167290365,-5.909983212026239,-0.290702974012864,2.3378697507690775,-2.1083363223929776,-9.90076313952165,1.1755563532743898,2.4110565669376585,-1.8632876957295057,"Hamilton, David"
666152,L,2025,195,-0.7780094260763721,-2.489518180829176,-9.10274715333133,-13.442670468547403,-3.9228572790146603,-0.8584769762636428,-30.594279484062582,-0.45504580106592346,-1.5524935349464124,-6.815270138982936,-3.9494092905548737,-0.436505819368937,-0.1885582144764496,"Hamilton, David"
666152,L,2026,370,-1.0461764554437887,2.0008909271696007,-4.115468750450414,-11.08506218066653,0.9495264861843622,-7.191024866450463,-20.48731483965723,-0.7613808247816004,1.518019547581212,-3.496897835733106,-4.890129864682927,0.18227385231070112,-2.503448963015118,"Hamilton, David"
666158,L,2024,489,5.719000877255784,1.7012974002238075,3.994956820034384,-3.442569563559752,-2.047288873848569,-7.681587612845307,-1.7561909527396546,4.457436500756219,1.3712577850200183,3.5233738216044483,-1.7577247486912164,-0.4891990547941563,-3.1784388404041457,"Lux, Gavin"
666158,L,2025,505,11.785736533489175,3.707743886898752,-4.710231796454897,-8.77553632646325,11.479640043610884,-11.014246843531765,2.4731054975488984,9.250552892877122,3.006949543585752,-4.169809661858149,-4.55123050975522,2.810832662943363,-4.643654491661263,"Lux, Gavin"
666160,L,2024,418,-7.532557257705158,-4.072501325424739,8.470048838994789,-6.81988973536939,7.646615767342367,-4.192977951823874,-6.501261663986005,-5.6589042162318055,-3.1777549510011784,7.323367324079724,-3.214880232952119,1.6179989129212502,-1.5778323598946475,"Moniak, Mickey"
666160,L,2025,460,-7.872790470811624,-3.4791221353077035,12.368660509437444,10.297352297073427,2.9585873356109254,-1.9500241341267845,12.322663401875682,-6.051954147559595,-2.7703162137014075,10.828025652259615,5.100307702051947,0.6745873450808083,-0.7781114341895593,"Moniak, Mickey"
666160,L,2026,429,-13.876189782637857,-5.2580239275706155,19.43071717401097,-19.713129493544315,31.733805115910183,-0.26362644549794445,12.053552640670425,-10.491532211351263,-4.126056963630478,16.85869382635375,-9.42040691180525,6.853312400275848,-0.10081582788087054,"Moniak, Mickey"
666163,L,2024,328,-0.3337018435217031,-2.2384701875707997,-6.46268856861143,-12.462842968174325,8.754276778686378,-3.850489037449207,-16.593915826641087,-0.2346793041684812,-1.6473579430493945,-5.387629857299992,-5.130771238189192,1.5229223261276477,-1.2372194964557381,"Rortvedt, Ben"
666176,R,2024,450,-4.8767177437904845,-6.1811082731559015,5.673448740841256,5.123205375942234,-5.890833579546632,-4.165918728147858,-10.317924207857388,-3.7296507909420726,-4.899640878410783,4.953056475200471,2.5093940150098066,-1.3205147863614748,-1.64040469739539,"Adell, Jo"
666176,R,2025,573,-4.6234755206077995,-1.0494103230173655,10.792757933788971,23.506736550003737,-9.32619604700571,-4.374708109505733,14.925704483656098,-3.724001980081892,-0.8705906823710602,9.686353362099114,12.9298645233771,-2.5083412908592533,-1.9803262401967225,"Adell, Jo"
666176,R,2026,638,-7.229800589646105,0.10508621606413705,15.91104268063524,-1.1255152234438675,-13.570588784425844,-3.5071475372768046,-9.416923238093242,-5.941033508783859,0.08871973277691066,14.430660632179121,-0.6488322455777592,-3.9436164067950927,-1.6813578044207407,"Adell, Jo"
666181,L,2024,388,9.678821212106193,-25.792425890694584,2.5469561271923,-0.22111123100650804,9.94177586552038,-5.53261995957942,-9.378603876461632,7.13409840984032,-19.78954306655161,2.1793349412824043,-0.10013852924181783,1.982779032996702,-1.9861636941149967,"Benson, Will"
666181,L,2025,252,5.524138284192395,-13.03560284488366,4.466549880376345,19.06142004956274,-15.797781545777644,6.177857994831615,6.396581818301793,3.5657946535524223,-8.885641369801704,3.545664844440125,6.664788149140579,-2.2001315955578074,1.6477680303636337,"Benson, Will"
666182,R,2024,332,-5.532004026845788,6.9682432546032045,-11.6416532376837,5.78892606492094,-17.72517693333431,-2.8508427391697437,-24.992507617509393,-3.9043984768098055,5.144508636491862,-9.724571369492113,2.40022982276967,-3.114525694783482,-0.9235702150209503,"Bichette, Bo"
666182,R,2025,628,-7.656075669659188,11.200654856450713,-12.384747818084787,21.040065415958193,2.8176607003218637,3.8723365284366227,18.889894013423415,-6.273514452253435,9.432833589659499,-11.21583957717105,12.047836922429473,0.8096667490906777,1.8411699775081507,"Bichette, Bo"
666182,R,2026,672,-12.867901965977603,10.631120060973188,-7.9686972903668964,13.65705104390619,-13.93824287039653,0.7639887436096687,-9.722682278251984,-10.670335946261716,9.04668010531934,-7.2614632645202075,8.045357309076696,-4.2012490533096445,0.37617115016018005,"Bichette, Bo"
666185,L,2024,150,3.3678119766367898,-10.237553128125013,-9.88171022078212,-10.165264218177663,3.083014139370453,-11.095089683465572,-34.92879113454312,1.7516416761049072,-5.736514955620988,-6.87982343605313,-2.464406997107081,0.27084280125762605,-1.9746709675282474,"Carlson, Dylan"
666185,L,2025,169,13.075699831392285,4.621195759423447,-3.6458960617783656,-8.116309108751391,1.494164303013846,-10.41070945541002,-2.9818547321102002,7.188679557461876,2.724092498174029,-2.628095454220648,-2.1508593066122588,0.14626135366091583,-2.041539536404057,"Carlson, Dylan"
666211,L,2026,277,6.344072439689804,-17.102650168209724,6.524440409271694,-7.442063262173559,1.2915845532727646,-1.3428076263767283,-11.72742365452575,4.230409441179406,-12.002790038893306,5.277474338978732,-2.7643597593923515,0.19502727444765067,-0.383538484626255,"Trammell, Taylor"
666310,L,2024,390,-0.46553708951612544,-9.066304605873963,-6.0571624180097166,-0.676167667818883,7.755292995064571,-5.08819315399986,-13.59807194015398,-0.3436029354755206,-6.964541558125297,-5.186726135090103,-0.30708953802481403,1.5530849102760187,-1.8326425406033313,"Naylor, Bo"
666310,L,2025,414,3.2231894375759502,1.3712456571964966,2.54890009027527,-16.037023038493068,0.5376490131668165,-6.050812005388783,-14.406850845667318,2.4156457646837253,1.0677105017824775,2.200949199350233,-7.521401714146498,0.1129047314655083,-2.2633030685093107,"Naylor, Bo"
666397,L,2024,301,10.760778188364378,-9.59075221388992,17.65294041620007,-20.95306967206717,-6.899482971000257,-8.53821791584162,-17.567804168234513,7.371418371953451,-6.894805300010642,14.500035669583069,-8.193674262217009,-1.1174569430691959,-2.58602284160078,"Julien, Edouard"
666397,L,2025,209,5.259433561245579,-4.527610152622328,11.5053647835543,3.775935822200037,-26.498686970755347,-6.844340074438601,-17.329903030816357,3.16414685703157,-2.8965005266675563,8.7616070542357,1.1644411287627954,-3.135218822112712,-1.5862258054176996,"Julien, Edouard"
666397,L,2026,276,13.135475670406784,-4.732927321425065,18.05684193159015,-7.645272945875785,-24.13483114903282,0.6762796258630608,-4.64443418847368,8.748551134966226,-3.3180251421642595,14.59566964060975,-2.833389516187065,-3.633146365606993,0.19266321924909002,"Julien, Edouard"
666624,R,2024,609,3.731193341632338,-9.066431232298834,4.0013810592341486,-1.2885900417570866,-13.674084686688772,-0.4204854502028948,-16.717017010081104,3.0402724528878,-7.5980447453291955,3.6130800119525097,-0.7281556136675283,-3.8438436853049613,-0.19670807128684478,"Morel, Christopher"
666624,R,2025,306,-0.281772069047122,-18.25383072711395,5.2891367386522,9.724179861132495,-2.26609778778878,-7.506360085727987,-13.294744069893147,-0.19401988595434072,-13.183256871890366,4.357186014989249,3.8408466896952236,-0.3721182496973106,-2.2996932858602888,"Morel, Christopher"
666969,R,2024,635,-8.012536842234695,-7.914221929207142,-6.63170936629839,9.292885244433853,-4.978146127791657,2.1840853116304295,-16.0596437094676,-6.578700724339051,-6.67672149333682,-6.012044676836549,5.34642542547182,-1.4418182310373064,1.0445010399267254,"García, Adolis"
666969,R,2025,548,-11.330167905315186,-3.9988577474795126,-0.3185111869744392,6.733420735090319,-9.218747523911492,0.026012307062018767,-18.106851321528293,-9.04565938150559,-3.2918618852998285,-0.2845287952474033,3.629216776047235,-2.3994203835973305,0.011488299213262086,"García, Adolis"
666969,R,2026,259,-3.818516793539709,-10.910204988470191,-1.3813642240520927,10.109094646097736,-16.1500016288131,-9.98459717322832,-32.13559016200568,-2.4886718976039948,-7.501420354534304,-1.1027078521180353,3.597865085951926,-2.3027537170230508,-2.716952996080047,"García, Adolis"
666971,R,2024,553,-3.972381292355534,7.752343834249144,-5.559100709766923,5.922252777284308,4.1065085496879865,0.07594693690717735,8.325570096006158,-3.1772199463635826,6.391951529157359,-4.970787812984581,3.205369887939229,1.0760230999303346,0.033712050404433175,"Gurriel Jr., Lourdes"
666971,R,2025,546,-6.415315428589994,9.107913437714554,-1.057142068172193,-6.537807282638971,1.1033591780611653,0.05044889293514905,-3.748543270690292,-5.118011517698547,7.49278686792864,-0.9439852235001787,-3.517843369986747,0.28640207305226334,0.022235206950683727,"Gurriel Jr., Lourdes"
666971,R,2026,201,-10.277086390693981,3.8088511891381702,2.3654401252385266,-17.29449073489823,-17.258060111374537,-0.034514984265671,-38.68986090685573,-6.086329235383758,2.4022357224715107,1.784401707928633,-5.190479485028823,-1.9726796754073488,-0.007761769455331183,"Gurriel Jr., Lourdes"
667452,R,2024,189,-0.6263191423839755,-4.588146998894245,-1.5960517053828565,-13.932286957489536,-9.884086635138738,4.5550673662319054,-26.071824073057446,-0.36155974695039894,-2.8274391806137955,-1.1855139244377215,-4.003501748978625,-1.0696476478006531,0.9763012154754114,"Julks, Corey"
667472,R,2025,333,1.9267453073302803,-3.522056991998106,-6.268291411541405,2.1238483556062198,-21.66639361055823,4.07597807984802,-23.330170271313218,1.3610680514409588,-2.6023064856192284,-5.2386551035540405,0.8821500045266829,-3.8164917399045453,1.3231560635324906,"Myers, Dane"
667472,R,2026,330,7.22332421022604,-0.11883045522765857,0.24104181827959498,-1.4640533793348325,17.176378339434475,-9.291208101006678,13.766652432370943,5.08903035987306,-0.08759111039383506,0.2011476589454276,-0.604886236377571,3.0030927093026754,-2.997734001762071,"Myers, Dane"
667670,R,2024,611,-6.576563428216319,-7.7736216528840645,11.420953142514168,25.8886975034654,5.625143518575159,4.7928785182640326,33.377487601718386,-5.362003396013777,-6.518072300773027,10.315920627623479,14.650024461320179,1.584981643214798,2.2460780292401825,"Rooker, Brent"
667670,R,2025,694,3.2240554278251943,-4.734417091610808,11.215601137483555,3.55716111339878,0.09911508991047209,-2.890352895472903,10.471162781534288,2.6880069903019277,-4.047934091073883,10.24903458295862,2.123176432983048,0.030551730743068127,-1.4464212771122806,"Rooker, Brent"
667670,R,2026,199,1.4095089704244184,-19.479720677414846,12.036220671650446,2.2169241893102556,-12.220691632750283,1.698534483586513,-14.339223995193496,0.8313369126583323,-12.240394302135488,9.057325737314262,0.6607032399985594,-1.384559514026987,0.37901580709184235,"Rooker, Brent"
668227,R,2024,650,3.9952245947392893,-2.4910593328599595,-5.299642328858718,6.83185316059947,7.143481592712831,1.323994331298857,11.503852017631772,3.2938852277752866,-2.109157695590395,-4.814827747385578,3.9694344000202566,2.1034454983375475,0.6408942677634643,"Arozarena, Randy"
668227,R,2025,710,1.923711320422127,-7.199749824917263,-4.955415422574892,12.667479159600074,3.1783283252920618,2.5619899018648216,8.176343459686928,1.6098969422792795,-6.175977912304144,-4.537166665262958,7.630203838381387,0.9952181109108981,1.2966964384798716,"Arozarena, Randy"
668227,R,2026,646,-0.26159241679708223,2.040402727641927,-4.952937470978518,11.20705721263382,10.680592728415572,10.650315778490329,29.36383855940605,-0.21543715677301103,1.7259523573787283,-4.497292204000527,6.494660571144072,3.1312916730117317,5.138987143477957,"Arozarena, Randy"
668670,R,2024,336,3.5009060503953116,-11.70810674107589,0.958093913844062,0.6246199643197178,-5.426767760467269,0.14885983871941222,-11.902394734264655,2.4795674259500053,-8.670867007429514,0.8018924431014678,0.26080011194505015,-0.9629978875036063,0.0486164860724014,"Rogers, Jake"
668670,R,2026,172,6.276014628614101,-6.415871974467895,0.7345859442908451,-19.037887913763445,2.000643886980715,-5.045821397567663,-21.48833682591334,3.477699154703442,-3.809289903401023,0.5321073603846468,-5.110644875043275,0.19897053277778673,-1.0035566737277786,"Rogers, Jake"
668709,L,2024,642,9.49653763834289,-0.8218279215789952,-4.309254162173014,-1.6452550689369239,5.381460260693837,-2.085328543621659,6.016332202726135,7.812384136825515,-0.6945075819974195,-3.9105830557282126,-0.9509590408041279,1.570796482980277,-1.002978318261187,"Bleday, JJ"
668709,L,2025,342,6.7373284375843125,-10.581830358081513,-4.323893444931013,-13.570622037829137,9.649674622841848,1.2333929616605004,-10.855949818755002,4.79635903205853,-7.872590850477414,-3.629334422686717,-5.724695919681606,1.7374390408102303,0.40763255843640267,"Bleday, JJ"
668709,L,2026,526,15.581128108055205,-4.37374832483599,8.433786951820393,-6.3538629879806665,0.5085972696971025,2.4722827452651748,16.268183762021216,12.33546823497503,-3.574043201076178,7.500504677495035,-3.359855971614122,0.12840308855563767,1.0669633324001186,"Bleday, JJ"
668715,R,2024,655,5.665568096053405,1.2052024902840657,-6.677607647612485,-0.6916310087857988,2.7872937592635005,4.1036581770391996,6.392483866241886,4.677276963969495,1.021629798271641,-6.0709754565801255,-0.4031399200932927,0.8251814046936942,1.9942760335618581,"Steer, Spencer"
668715,R,2025,567,5.770174314811901,-0.7696225859594964,-9.099216439278337,-5.480794657939307,13.585534672212239,1.925926219200644,5.932001523047644,4.638068102600591,-0.6373295908157272,-8.15757358230285,-3.0004212365133944,3.6258688170986852,0.8668006370892806,"Steer, Spencer"
668715,R,2026,384,6.075097760240704,-2.87156424740972,-3.446924686448778,14.319375934116618,-5.624031068898378,-7.083359863934562,1.368593827665884,4.465623620407954,-2.197913023641184,-2.9449765048101764,6.448317914307428,-1.112375514009723,-2.5259996491134484,"Steer, Spencer"
668723,R,2026,260,3.133182612119784,1.3270190467702383,3.510280449989813,3.6120273900179507,2.4212686913561803,-1.6130723519786394,12.390705838275327,2.0447525610051014,0.9135029425306296,2.8043432119674834,1.2887267873849568,0.3463797294161277,-0.44017255748098455,"Vilade, Ryan"
668804,L,2024,487,1.3284030253464698,-2.8270328644694347,5.985751831651095,11.241019121019868,1.4219488257217336,3.5829575121680515,20.733047451437788,1.0344311726327071,-2.276794673620198,5.276608264729033,5.727984174595855,0.33871559701051407,1.4789729180156397,"Reynolds, Bryan"
668804,L,2025,486,5.141350458567914,-3.260174214797731,11.937554014442542,-3.375799518093399,-15.229226852162009,-0.5705445734374383,-5.356840685480122,4.001761886407655,-2.6245806654044794,10.520724330319009,-1.7184414096237792,-3.6220035342381385,-0.23522512794134093,"Reynolds, Bryan"
668804,L,2026,447,13.624206262059142,-4.525382607352131,10.217334489662221,3.4178219893649406,-14.00516598578198,0.5785143732492944,9.307328521201487,10.403194525533868,-3.5821959637930103,8.912382406882092,1.668368589192025,-3.1231963766658217,0.22687724904488107,"Reynolds, Bryan"
668804,R,2024,202,-6.05138761142473,-3.09891192789358,12.395796105206179,-1.6476640392830135,-12.130182989261257,15.64450649321553,5.112156030559133,-3.5910214647087226,-1.9580580571725978,9.362321009725827,-0.4962216318787432,-1.392644769764823,3.5317065996693224,"Reynolds, Bryan"
668804,R,2025,167,8.467071436601806,-6.364455278548059,15.709786364181456,10.619374051262454,-4.883032972558789,-3.006071890805187,20.542671710133682,4.6300108884728965,-3.7333505872664725,11.286455850673278,2.789627795864109,-0.47288338192614243,-0.5838692997603487,"Reynolds, Bryan"
668804,R,2026,236,6.630245213831095,-1.2038898450938265,12.930063191748376,-3.704451859730792,16.091378972593894,1.2703728122482936,32.01371848559704,4.17933183238855,-0.8032866729847465,10.122730176427867,-1.2405561519226838,2.117456904759971,0.322788786212193,"Reynolds, Bryan"
668832,L,2024,156,5.5037203703571596,-26.231647446783,9.279997422852796,-3.9041341263491303,11.988266512955454,-0.9575192135889878,-4.321316480555709,2.916382970100057,-14.951482007770787,6.537281341778012,-0.974901205728355,1.0914606257786141,-0.1759802524799913,"McCann, Kyle"
668885,R,2024,257,10.178947485207432,-0.06006275333472856,-16.310521655214096,-2.122614424606934,-5.2022687302693775,2.6980012380894314,-10.818518840128272,6.6160743160423,-0.04119657864962029,-12.99986590246198,-0.7516787847084643,-0.7368507070642336,0.7300298377004739,"Martin, Austin"
668885,R,2025,181,10.57775918868432,2.7135586862098755,-5.026060817565759,-5.326989870989576,-18.735808421592257,12.90887684415796,-2.8886643910954377,5.994302140723739,1.6443365215903307,-3.6912873734204985,-1.4839901802402224,-1.9506859244944514,2.6739438509685765,"Martin, Austin"
668885,R,2026,354,16.311039367475754,-2.187576457606943,-0.37815446375867284,-22.094329456703328,-4.532008248008365,6.566493255205989,-6.314536003395567,11.7264806426363,-1.641745279404392,-0.3191482806763161,-9.506694084147457,-0.8393240857955503,2.220602322352243,"Martin, Austin"
668901,R,2024,455,-2.905979327275243,-9.717883356234942,0.34074791888515465,15.614552090265775,18.702445961635146,4.502163030846719,26.53604631812261,-2.2282148790538505,-7.720761497125872,0.29789675251500825,7.691275034979732,4.228471885880729,1.784696334924466,"Vientos, Mark"
668901,R,2025,463,-6.6402175655488245,-6.809319113166674,0.36571935827801794,6.6920439992962955,-8.12967889508279,3.3227365296345166,-11.19871568658946,-5.1121143763776145,-5.429214938977546,0.3204241258516687,3.32546316045433,-1.8629663991902197,1.3310432251440236,"Vientos, Mark"
668901,R,2026,283,-2.528617289379257,-9.497935888733531,10.164474655920985,-1.5606009987766647,-10.160353606883753,1.7948512391592917,-11.788181888692929,-1.698149750844231,-6.708144185792856,8.255267725453164,-0.5875156772617318,-1.56231951822762,0.5205370608571106,"Vientos, Mark"
668904,R,2024,322,-5.563393162485411,-0.6998118408210199,-6.856414892144769,9.25029276980431,8.672756446146629,-0.10397293801066762,4.699456382489072,-3.8909997658101223,-0.5124909690990811,-5.698197900377299,3.766916650476891,1.4858702855526256,-0.03299084179530746,"Lewis, Royce"
668904,R,2025,406,-1.6894965454323052,2.4199269101158416,-2.116809782191655,-5.811766189493826,7.929014194870349,-4.729524864624428,-3.9986562767560243,-1.2599867626632777,1.8760756509871475,-1.8229401833989578,-2.6975080339235373,1.639547836307481,-1.74752236240475,"Lewis, Royce"
668904,R,2026,492,-4.477355204305488,-4.3429929068276305,7.551381593208731,-4.124767236593904,-8.014168780042422,-3.373480521313946,-16.78138305587466,-3.4943878138637947,-3.5046286888501736,6.664779128999122,-2.1123484693002443,-1.9239112040274862,-1.4008649412470822,"Lewis, Royce"
668930,L,2024,616,-1.1522328447997867,11.021337279471123,-17.403374494562037,1.6579283298360623,-1.0133275709490226,3.0413274404255355,-3.8483418605781257,-0.9408487878797532,9.253367205062675,-15.731868735564513,0.9415142780619118,-0.2871969028082225,1.431425659124969,"Turang, Brice"
668930,L,2025,658,5.603820243040669,0.7468164696560127,5.619657483317642,5.977390076145829,4.635423325381088,-3.1528694769107726,19.430238120630467,4.629982565696878,0.6335036486110699,5.111252586329971,3.490757284116413,1.376740850483874,-1.5358156250285626,"Turang, Brice"
668930,L,2026,659,7.197710998192453,-2.385016769379155,9.811636912138624,3.4302862410872885,5.129409308535529,-3.581768779047616,19.602257911527126,5.948453968997861,-2.02360933319629,8.925213024069075,2.0045304573178915,1.5250837321415314,-1.746098616603039,"Turang, Brice"
668939,L,2024,455,-3.932709757332517,9.531865757780787,0.37974576499754653,-9.194055136043989,-12.685216639260899,-0.0370033942336571,-15.93737340409273,-3.015479949922776,7.572972368641302,0.331990377356418,-4.528724636434877,-2.8680249650474856,-0.014668465272381057,"Rutschman, Adley"
668939,L,2025,257,6.706324836954718,9.297170387596111,1.03677879698622,-4.1413030179295705,-18.991651704891662,-1.9628370231732544,-8.05551772445744,4.358952001009217,6.376857367110823,0.8263368650154801,-1.4665544450934596,-2.6899825273621456,-0.5311078339142536,"Rutschman, Adley"
668939,L,2026,263,3.0481549572678923,11.047440583332975,4.854022782179918,-2.4657434858325735,9.06843197079175,-5.581849197489717,19.970457610250246,1.997176506599837,7.63204507365794,3.8867675367216767,-0.8862492708489188,1.310110118979805,-1.5359049685438446,"Rutschman, Adley"
668939,R,2024,181,-1.304558044118844,15.067442287663825,-8.300580225898553,6.3027770162185766,16.9701875865415,13.522273685224425,42.25754230563092,-0.7392789849976358,9.130425579689835,-6.09619105141724,1.7558244762674227,1.766857629849936,2.8010028299312197,"Rutschman, Adley"
668942,L,2024,474,5.216957008430394,-0.5867883879252009,-17.455069296738188,1.312035281977921,-8.739693703400242,5.2678505440057934,-14.984708553649524,4.037951429394035,-0.4700698411072085,-15.337299149245071,0.6596885419091691,-2.0392344975330294,2.1399978537992848,"Rojas, Josh"
668942,L,2025,211,12.177762307901244,-2.791073064523987,-14.084026559797978,-13.348445075806339,-10.075846516927518,-12.2436544496389,-40.36528335879348,7.354077929146989,-1.7916837162285857,-10.749617769947877,-4.143621166246179,-1.2021807811534684,-2.858370781159571,"Rojas, Josh"
668952,R,2026,263,5.319024994450283,-5.20043050730507,15.658867928192555,-24.626052951554005,-3.2875291533088693,-1.4682660195061499,-13.604385709031263,3.4850694619721754,-3.592680108554502,12.538544266530625,-8.851213274049192,-0.47494707178301976,-0.40400895737523074,"Kreidler, Ryan"
669003,L,2024,225,10.615909027298825,-11.480311830476612,12.841354383905369,-5.880556656544261,23.88311017068689,-10.583634836591386,19.395870258278823,6.572883244370652,-7.537532300470098,9.947690819503503,-1.9072769493347552,3.0147730384751528,-2.594578011468383,"Mitchell, Garrett"
669003,L,2026,512,8.855694697840027,-13.645243024323428,19.89907919552723,8.621027615634421,-10.318642338077458,-2.137559143056254,11.274357003544536,6.9712827542595095,-11.09484910605927,17.643661279111253,4.500718560687077,-2.5529150186098,-0.9083875588750877,"Mitchell, Garrett"
669004,L,2024,450,3.486115975302027,-1.872575928635483,0.27981052147919416,4.698797363818075,-16.865833030382124,-1.1754483379491185,-11.449133436367429,2.6661365056766746,-1.4843534787631172,0.24428127908603262,2.3015149925236735,-3.7807182294627673,-0.4628537186981103,"Melendez, MJ"
669016,L,2024,478,0.14221852162870155,-7.342489060356082,11.607129340952207,5.402566282354584,2.3962980340461972,-7.089723121360223,5.1159999972653845,0.11028643419401321,-5.891795742384767,10.2092371723977,2.72774811291797,0.5627390393609797,-2.8944925506496975,"Marsh, Brandon"
669016,L,2025,426,-2.5377677786790453,-0.42606220811886975,6.016554108141662,8.08620332639929,2.1381912416724465,-6.871135420794199,6.4059832686212825,-1.9154693340495905,-0.33383183333515026,5.21528768174204,3.850036081925588,0.4592335527090534,-2.61627585958816,"Marsh, Brandon"
669016,L,2026,550,-9.494346900836913,-2.088832160688934,12.923703963690642,-7.474172576985079,-0.47127601595279517,2.105849656509825,-4.499074034263252,-7.585557810413767,-1.7206339851829273,11.549337190991281,-4.035236082138349,-0.12299275965004865,0.9319377473689674,"Marsh, Brandon"
669065,L,2024,210,-5.634815165145728,-14.494852783590805,9.184858988088356,6.58944421077,-11.48299972812581,-7.840962638884117,-23.679327116888096,-3.396424824978286,-9.288895445420328,7.002439060072523,2.038798879546637,-1.364350892123733,-1.823872634983528,"Stowers, Kyle"
669065,L,2025,454,6.236931155086335,-13.234793406222963,15.718631093908082,19.99331707185519,3.224297021567349,-2.03067712782583,29.907705808368164,4.779829983228713,-10.510153909129773,13.73811024069767,9.837132723160048,0.7277469500358874,-0.8039091690635136,"Stowers, Kyle"
669065,L,2026,502,-0.03301657851685281,-15.86376109429583,22.635049210586686,-3.9497438706351593,7.3896620106444955,-2.0392042616587656,8.138985416124575,-0.02588124138882661,-12.850863231204992,20.024317305022322,-2.042568090050796,1.8012575309564967,-0.8567759209083516,"Stowers, Kyle"
669127,R,2024,534,-3.036297809157218,-4.618812272098881,7.134731643730677,6.125031251063518,-0.9302954202489587,-2.487124660640238,2.1872327326488987,-2.4113404510077627,-3.7846661362383895,6.355739453316272,3.2618788445827263,-0.23752725088010374,-1.0825877642283976,"Langeliers, Shea"
669127,R,2025,521,-5.303401822270028,4.065380977429742,8.121375198184353,-4.035883679525165,11.930461566174944,0.47552741589012,15.253459655883967,-4.190288637225489,3.3162392938928673,7.215002086992183,-2.124525401192395,2.9905713542194925,0.20410996158293143,"Langeliers, Shea"
669127,R,2026,444,-5.186158870506917,-2.037999969310838,12.896814681560402,9.801244933976825,-3.2724340182527385,2.187870692476803,14.389337449943541,-3.9537401990477,-1.6109684823592472,11.239941208442596,4.7678697148603355,-0.7259519195749163,0.8545126062124975,"Langeliers, Shea"
669134,R,2024,299,-2.513222444774102,6.053810544251331,-22.33122153700822,-1.3034594042781709,-6.3720936730145405,11.160151116917291,-15.306035397906406,-1.718004439752214,4.343925242045078,-18.320864418882767,-0.5076485495530533,-1.0262867416991015,3.3644553833013773,"Campusano, Luis"
669134,R,2026,240,4.227276839154284,1.203720632799536,-4.955916676998777,-0.03848569575618008,13.040218807846134,3.224511596366973,16.70132550341197,2.681154827454218,0.8076529747979645,-3.893995120971988,-0.013032657354279888,1.741156837325797,0.8296293546456915,"Campusano, Luis"
669221,R,2024,262,-1.2255112140915587,-2.8980794589163597,3.400797945022758,-0.31130189042735795,-3.3810939083794214,-1.8925521501136193,-6.307740676905559,-0.8019098385922232,-1.9997577111044416,2.721055506697123,-0.1116167119752085,-0.486874475213307,-0.5193190545346201,"Murphy, Sean"
669221,R,2025,335,5.612314030153025,-8.60747500866094,2.2046858445625483,5.950420546275069,-0.5132307781833254,-6.440384774296431,-1.7936701401500563,3.971544086234494,-6.369648229345793,1.844350456387584,2.480190952523995,-0.09085142578712102,-2.0991607899275886,"Murphy, Sean"
669222,R,2024,266,6.373435604311413,-3.2113234809624194,-11.274680387263981,4.092082652475393,-12.972979636451099,-1.612868240584181,-18.606333488474867,4.192230095385092,-2.2262822454023206,-9.04832360452679,1.4814989801258764,-1.8924574537757324,-0.4474556879004746,"Senzel, Nick"
669224,L,2024,415,7.482879675501221,-2.3101203490570836,2.3740830011624077,3.806464679490207,-13.372532164848007,-1.3401518130165206,-3.3593769707677748,5.61149330053276,-1.799718435717576,2.0506709763438136,1.7875280969097478,-2.81354885357383,-0.5020403200065318,"Wells, Austin"
669224,L,2025,448,0.2853009875936412,-3.1355268209970197,0.42067918697948364,-3.9959040092957183,10.204492409881013,-6.943191819310383,-3.1641500651489833,0.2179656367055903,-2.48317112288189,0.3670549261990801,-1.952783507540847,2.279587774406611,-2.7266261186357363,"Wells, Austin"
669224,L,2026,381,3.805202851665224,-6.507314721229351,3.989342077012808,-10.117593862676767,-5.008301557124455,-4.1804868214976665,-18.019152033850204,2.7912686490775926,-4.971555473754309,3.4045022669765963,-4.536531632503221,-0.9843726436877247,-1.483290552905954,"Wells, Austin"
669234,R,2024,230,9.739859242819861,-15.529318807231451,3.6386027506717324,-2.630636987604319,10.570392902862718,-13.07814664747135,-7.2892475459528105,6.080818128600553,-10.272651080618825,2.832557860351437,-0.8659296765546453,1.3601401066316434,-3.2595968417331087,"Malloy, Justyn-Henry"
669236,R,2025,185,-7.9682323217438045,-12.404401881866152,-1.0872604399890031,1.6065259873300088,23.435501455632817,3.2019105684653453,6.784043367829213,-4.558216780436399,-7.581290883387554,-0.8031277615712729,0.4546367598991235,2.4881937817410456,0.6748117768730074,"Jackson, Jeremiah"
669236,R,2026,277,-0.9244058986857485,-3.326341931999669,1.4159830004215728,-2.6187775781666485,-10.80550491004684,-5.784772140456584,-22.043819458933918,-0.616420363805514,-2.334455971131991,1.1453570697857183,-0.9727468177646904,-1.6316145670039577,-1.6522714773712779,"Jackson, Jeremiah"
669242,L,2025,252,0.9677258819548905,9.704126932163344,-23.853352311101887,13.832772319010948,-12.313158246412295,2.0649014241984998,-9.596984000186502,0.6246606436072464,6.6147605716663005,-18.935418830337188,4.836601721266766,-1.7148337201988653,0.5507537653816471,"Edman, Tommy"
669242,L,2026,208,3.089290454555996,4.683763357613329,-17.830769888050565,-1.755498440756188,6.13353185084753,12.379699264801559,6.70001659901166,1.8550062805090226,2.991217403440255,-13.563002188008534,-0.539574870298244,0.7226318557150323,2.858527830107781,"Edman, Tommy"
669257,R,2024,540,1.084791152902518,8.432110720340676,-9.49376476717471,1.7544837643833588,0.22655161812501867,6.815675112413845,8.819847600990705,0.863484732168105,6.923184598515024,-8.467478288172254,0.9392267033277023,0.05832679375040126,2.9854382636111914,"Smith, Will"
669257,R,2025,437,10.368743201172858,2.62282831041272,-0.6700408659437437,15.341742570517884,5.922109316538653,4.320430376066238,37.90581290876461,7.874779726641111,2.0663196837977056,-0.5827604323277037,7.402184178558557,1.2975778797211455,1.6711090171117393,"Smith, Will"
669257,R,2026,264,13.030881357279242,6.886609619693497,-2.023700449772433,20.926735883851148,-21.05731335327937,-2.797293752842033,14.96591930493005,8.549107341651744,4.763142729674747,-1.6216641520996649,7.5398820402184725,-3.0520260901942193,-0.7718241478351181,"Smith, Will"
669261,L,2024,275,6.685438282089868,-5.302899156450969,-5.155796341270716,-2.3608295527717207,-14.149971732241367,3.3282886451649634,-16.95576985547994,4.4472659639957675,-3.713567705768648,-4.164619935881569,-0.872941389334426,-2.1235121500472744,0.9457266208171388,"Suwinski, Jack"
669261,L,2025,177,8.044883752910588,-12.908301892795237,14.679744879689611,-20.652465000803705,-33.12231955354729,6.94324744221343,-37.01521037233261,4.514739094042017,-7.753012547412212,10.716919221742229,-5.661059510693146,-3.3801094548120063,1.4129076771065212,"Suwinski, Jack"
669289,R,2024,391,2.4779126197210126,11.834117287637426,-20.678080278308165,-3.4462321699873804,2.310696520046451,-2.238322367104794,-9.739908387995452,1.830120082558138,9.096109168705155,-17.713074949547,-1.5673350798332224,0.46369146475520706,-0.8075102832280854,"Espinal, Santiago"
669289,R,2025,330,5.934993377642555,10.236169459470878,-16.11460513788208,-27.949180843696144,0.30845335999795276,-1.0904728264090564,-28.674642610875896,4.181365892688259,7.5451823138840215,-13.44752176800741,-11.547444272872381,0.05392953149169303,-0.3518323380755873,"Espinal, Santiago"
669304,R,2024,430,-9.370295505421497,7.851210150285087,-10.28730332044252,-1.4155386288450196,7.693296772915742,7.0295180948457405,1.5008875633375336,-7.088729410456805,6.164058499689692,-8.928332381924335,-0.6772725490025868,1.664498680665882,2.6920895173508463,"Miranda, Jose F"
669326,R,2025,150,-5.312538929365163,-12.297336233525048,-8.355913691799154,-17.64879732960385,9.153704090929518,-3.2004767555484817,-37.66135884891217,-2.7631188021068542,-6.890694713379843,-5.817536596608177,-4.278670843776422,0.8041529314481165,-0.5696113065988807,"Teodosio, Bryce"
669357,L,2024,401,2.2066024019012307,-19.734678859839864,8.64311881069425,11.953321166945088,-7.275536071070221,-3.4613013514781574,-7.668473902847673,1.640432184798981,-15.256779553031711,7.430361632317989,5.511262870093028,-1.4896889247857672,-1.2689476382675269,"Gorman, Nolan"
669357,L,2025,401,-2.076846385163383,-13.67855038146329,9.691232940633844,-0.6931770899091803,-3.2238323325939455,-2.4638539553581134,-12.445027203854073,-1.5439689769982998,-10.574817520831786,8.331409875199652,-0.319599975994952,-0.6600898235289794,-0.9032734628415414,"Gorman, Nolan"
669357,L,2026,291,1.3171910268709908,-17.755447629918468,9.018543417063835,-7.780085506888293,-7.0860469131679364,-1.7291272891581544,-24.014972895198024,0.8926488966964979,-12.642295005683307,7.362596887710324,-2.9800330274613884,-1.1155471581314202,-0.5114588879033909,"Gorman, Nolan"
669364,L,2024,209,7.711959238488407,5.080761497426707,-26.602687570444512,6.488649013051141,30.82983447042683,3.837823246212193,27.34633989516077,4.639619704643565,3.2503744485697714,-20.25857497469367,2.001000582817267,3.64766289820232,0.8894435699519269,"Edwards, Xavier"
669364,L,2025,420,4.575841046583732,8.35262593615416,-22.158187017573066,2.198640537475567,6.992078512611187,6.668215081026297,6.629214096277872,3.4417201054931104,6.524343284209743,-19.170753983846513,1.039049506929574,1.4850763925511923,2.5167475007779183,"Edwards, Xavier"
669364,L,2026,447,10.17529651323688,6.43863675853935,-16.238124658659668,0.6123852232181621,2.8772244516470833,-0.05436478410679342,3.811053503875015,7.76967016984892,5.096686978753457,-14.164200719377746,0.29892846206784623,0.6416301664229603,-0.021320356474104605,"Edwards, Xavier"
669364,R,2025,198,3.447681135133068,8.079717973135253,-25.779447213030743,3.7898952672495096,-9.877857173312348,-11.647503080771983,-31.987513091597243,2.029259189064358,5.067508714986912,-19.374965134144805,1.1255008148758465,-1.1141355329211227,-2.5888993058283756,"Edwards, Xavier"
669392,R,2026,160,-5.433672045739827,5.775883324898013,-4.286901930330454,13.79896206171653,23.953682962349852,-6.904137682638434,26.903816690255685,-2.913506344534965,3.3279076161801786,-3.042381634666042,3.511606450640752,2.2315504129655888,-1.2953271227249736,"Taylor, Samad"
669394,R,2024,577,-10.476159056678997,-4.351500627842712,-3.076371757210908,24.630257639522217,-1.7805319944450408,2.9438139093171856,7.889508112661749,-8.449471340613464,-3.6142738980064033,-2.7629653306414004,13.590247811467004,-0.48132500320821786,1.3376699763457411,"Burger, Jake"
669394,R,2025,377,-13.417765279833521,0.16132283584674043,-0.2661276376318775,16.572578192096696,-14.315633398246717,2.039884672754143,-9.225740615014535,-9.814720271528257,0.12294197843191343,-0.22676046196051208,7.387583123064664,-2.7899286705480177,0.7188564256659306,"Burger, Jake"
669394,R,2026,600,-6.025900579271003,-6.053157925273512,5.425877881638779,5.624694372896329,-4.176603881792077,-0.6756301735163861,-5.880720305317866,-4.896458553544923,-5.060503077361118,4.892219916049934,3.1577977265728214,-1.161535865733627,-0.3135646622219463,"Burger, Jake"
669397,R,2025,414,1.421294077246147,-0.1350053523998925,-24.014794647504875,-1.9235513050259738,-4.608033629087405,-6.979517460475146,-36.23960831724714,1.0652005054508424,-0.10512094007204832,-20.736529946247504,-0.9021501090410963,-0.9676736806633388,-2.6106848586502602,"Allen, Nick"
669397,R,2026,157,-1.599619795217042,-2.8833991222332496,-15.143674367921818,-15.910493297240947,23.147015452038033,1.0342446679649213,-11.355926462610098,-0.8501730363822336,-1.6479900961782072,-10.68806064907941,-3.99208661605551,2.119670484042804,0.19107480771587376,"Allen, Nick"
669477,R,2025,347,3.172531763749508,-3.5272639416518103,-3.97557387368847,12.750659449161718,-15.7104596060871,-3.499914909220191,-10.790021117736348,2.2679659560742698,-2.63390428063969,-3.3447080313357667,5.4239849457018,-2.8625129488888583,-1.1679785617721496,"Schmitt, Casey"
669477,R,2026,408,-4.416386568804131,3.1856619200301997,-4.6328685797535964,30.59830881487112,-7.738936708111551,-0.8671387805706737,16.128640097661368,-3.2977467985642464,2.472444154049589,-3.992419913748047,14.239486025419502,-1.6064905267608793,-0.32139432323340433,"Schmitt, Casey"
669701,L,2024,591,4.889187150338134,2.5254870272867618,-0.9757290797219148,-8.482596333040748,7.825872211607126,2.5570763268338768,8.339297303303235,3.961493510598614,2.1060739557285912,-0.8784462917460053,-4.730675938365809,2.1527510156110075,1.1771504083249509,"Smith, Josh"
669701,L,2025,562,3.781879461413057,6.932368233122415,-8.491125666352938,-3.3897464078056485,-2.372333288490298,3.3951305367221654,-0.14382713139124972,3.034579009342384,5.731974409328307,-7.60540951642988,-1.8482504267312314,-0.6290535934767537,1.5206049370502877,"Smith, Josh"
669701,L,2026,228,-0.43358458082245543,4.717437665475741,-6.236448257664437,-10.933421886708336,-0.4112311832436231,-5.439902582477891,-18.737150825441,-0.2698076980490237,3.1113485378662067,-4.8454973835887545,-3.5779124356892353,-0.05251359794658789,-1.346970513041851,"Smith, Josh"
669707,R,2024,447,4.289443210629276,-5.286458642560468,2.1354400681557215,-6.621324843544073,-2.6208530539200385,-0.4177244919871659,-8.521477753226748,3.2753403220763126,-4.184647455305262,1.8627028912128067,-3.2321198769799944,-0.5844585326647653,-0.1638199290856327,"Triolo, Jared"
669707,R,2025,377,7.736115727245444,0.8416194978689188,6.625374790794906,-16.513846344654123,-5.02208996526328,-2.2305730426660872,-8.563399336674221,5.658752427664057,0.6413869779302487,5.645310128594571,-7.3614021390364766,-0.9787392838570126,-0.7860551069648534,"Triolo, Jared"
669707,R,2026,355,7.888524361771638,0.8287358118200232,-0.7225939458543532,-18.943965401007244,-3.1895161000427037,1.1602543731280959,-12.978560900184544,5.675783414356607,0.6223919912046073,-0.6101105416900553,-8.164265574737588,-0.5920545697419974,0.39309807238892885,"Triolo, Jared"
669720,R,2024,254,-7.808053693753414,-5.108615333055989,2.154995990817435,-8.382985072369227,5.986754812813519,8.48946125526777,-4.668442040279905,-5.054155036429618,-3.4910083934637965,1.713474211516894,-2.9461813409087636,0.839455036401616,2.2774722725150416,"Hays, Austin"
669720,R,2025,415,-5.945946750495041,-7.074256852824255,-1.0447931004872348,3.644775317906298,10.799147776292596,-2.9273192072891603,-2.548392816896799,-4.458930492356547,-5.5112585291177,-0.9024650302472179,1.711598250940089,2.272114919673312,-1.0966162619149478,"Hays, Austin"
669743,R,2025,324,10.818201440552112,2.554047125041129,-10.286700523941498,-0.12815595817345155,6.8011532374004755,0.8022543582987063,10.560799679177475,7.580243215661968,1.87349274843119,-8.557947730930326,-0.05237950476539632,1.1712066847150109,0.2556343617172538,"Call, Alex"
669743,R,2026,192,10.139551806037925,14.125103927610995,-11.646830844931948,-23.354528753378272,17.057390280745462,-5.122852732000819,1.1978336840833468,5.892250425161654,8.757084057422144,-8.685932502667766,-6.7865922069529505,1.8720215004160494,-1.1116429323912738,"Call, Alex"
669911,L,2024,310,-2.1534757986501427,-12.83745521095801,13.970424291810469,14.394800884033529,-18.740466274852267,6.70669962347359,1.3405275148571725,-1.4888022099737257,-9.304800461220742,11.535048399693501,5.730379322545721,-3.1109408006948,2.073260455644692,"Toglia, Michael"
669911,L,2025,240,-5.793592394470706,-24.463109071722208,13.94791784823284,1.597357701827488,-2.9882876068878534,-11.184192141104628,-28.883905664125066,-3.6745921328977444,-16.413860721679512,10.95924883096056,0.5409234571729078,-0.3990023078062236,-2.877562641955548,"Toglia, Michael"
670032,L,2024,445,2.1544231896621366,3.08932386717216,-27.66090700195111,-6.7970484918748335,9.068287818577257,8.343561387687375,-11.802359230727014,1.643331984008752,2.4431540527514666,-24.11422982608151,-3.3102819412526903,2.0152195180675734,3.2631983077231332,"Lopez, Nicky"
670032,L,2026,260,2.3659972553710165,6.539523458337496,-21.139855944655242,-2.57504311954005,4.8620814106010535,-8.61045955574589,-18.557756495631615,1.544078193379803,4.501724324514315,-16.888511435186444,-0.9187435997837474,0.6955553712049525,-2.349608186570319,"Lopez, Nicky"
670042,L,2024,455,3.3293156505357384,-15.974477220748685,7.924742580896807,3.1109806563755167,11.531316070048469,6.627533236212882,16.54941097332073,2.552816050672454,-12.691562981514858,6.928156999726917,1.5323787527406818,2.6071373717334643,2.6272114526325145,"Raley, Luke"
670042,L,2025,219,6.408698854197749,-19.329557617873352,7.279999949083812,-6.1869164150715195,-10.84534812727348,10.245238584879312,-12.427884772057476,3.926997137944927,-12.572745583130246,5.604925824379393,-1.970170000835738,-1.3370055114207868,2.4607302480725446,"Raley, Luke"
670042,L,2026,286,-3.810419569509793,-19.6387557225648,14.78549195695206,18.55001936626711,-21.059470085728602,5.07373377226504,-6.099400282318983,-2.5678191201649376,-13.913207712164802,12.032019331095553,7.029457367713506,-3.267237725921542,1.482508970011122,"Raley, Luke"
670156,L,2025,175,6.3729166540393685,1.313937683136615,-17.398030591067876,2.9011093290327308,-19.95925071657568,8.55570635330287,-18.21361128813197,3.5585953821083534,0.7855944256525638,-12.662333035248514,0.7886819997615522,-2.0161373284853497,1.725327505822789,"Mastrobuoni, Miles"
670224,L,2025,217,-1.8269052350470614,-10.756253627363739,9.974465777844514,-25.84087496289463,9.941192640849458,-1.4062269022069704,-19.91460230881843,-1.1154740995013754,-6.973845359855332,7.663163966572049,-8.177435288600874,1.2157185107804067,-0.33540273684515826,"Misner, Kameron"
670231,L,2025,175,0.6595288679878123,1.20473557320309,3.034771117596439,-11.023957206156014,-28.20180272096839,1.6487064056516556,-32.67801796268541,0.3682766481028704,0.7203032250619221,2.2087145079793085,-2.996921394043336,-2.8487395646122264,0.33247500477840786,"Rave, John"
670242,L,2024,261,4.785172339600385,-20.453482494069185,10.984559332812564,24.829069581553725,6.302746536280912,0.8466112378820739,27.294676534060475,3.127022907423914,-14.096746169084698,8.78226927988812,8.880591009589528,0.9046229311021451,0.23166729985581358,"Wallner, Matt"
670242,L,2025,393,3.6989644842667033,-13.107881439585697,10.034881187465501,-0.9575701846446641,16.281707111450487,3.590714916621244,19.540816075573574,2.7355958586962523,-10.08704488491737,8.602268709598443,-0.43671146422341284,3.2806233218231586,1.2996351812422506,"Wallner, Matt"
670541,L,2024,617,-6.852022522115398,7.437888202997257,13.282390099619786,20.92690964025026,-5.177224172732003,12.165533730325226,41.783474978345126,-5.59664179140585,6.246375333205199,12.008553272512508,11.892427712887583,-1.4690329717008217,5.73072460046243,"Alvarez, Yordan"
670541,L,2025,194,-6.918934476838133,9.591880590626953,17.462838459957492,9.827845053543784,-23.230956480985366,2.826790801599836,9.559463947904563,-4.038138152974612,5.970029595870913,13.057596330923317,2.876913689882629,-2.57317682336638,0.618396533064542,"Alvarez, Yordan"
670541,L,2026,634,-6.817399682319122,8.552894333020323,19.8205646205174,30.329635974877156,-14.582406745228573,9.905451504061395,47.208740004928586,-5.5958528106215635,7.213749306540312,17.965889904522907,17.437705101865944,-4.218768973634474,4.733215601171724,"Alvarez, Yordan"
670623,R,2024,640,7.970124642925843,13.289486919185423,-20.119080583662395,-2.107729191853239,16.33324890562267,-3.6944022953828553,11.671648396835447,6.553039558705437,11.22520048959686,-18.25248473636014,-1.2166650633538107,4.756991763543153,-1.774015457264519,"Paredes, Isaac"
670623,R,2025,439,9.282265105693778,10.777603743505468,-17.96549265997902,1.4406804513314415,21.330658717455144,-0.6142429235789783,24.25147243442783,7.057362454441032,8.499040019108396,-15.634561440696423,0.6967516417083941,4.690391352981615,-0.23824999566498703,"Paredes, Isaac"
670623,R,2026,636,4.3922283078435855,14.967047530967392,-16.49165849000752,-2.3256354478092343,19.828152614909918,1.501068147624345,21.87120266352849,3.607258042718893,12.629843264653056,-14.952880318428265,-1.3388892832862336,5.74924047789142,0.7184492976044948,"Paredes, Isaac"
670764,L,2024,196,17.003065056046722,-4.061962254170583,-15.276827484487486,-16.03357972538297,-13.952035448573213,-3.958544612044252,-36.279884468611776,9.965939629160507,-2.537962373838754,-11.452516967123909,-4.727643388485319,-1.559548233858913,-0.8729410292715468,"Walls, Taylor"
670764,L,2025,214,16.205925747172813,-1.2517700002847492,-7.131064495538902,-15.868316044007713,0.49462644498075764,-4.887753599598082,-12.438351947275878,9.841309456825845,-0.8076071661684393,-5.46090153546109,-4.97392188255993,0.05975314610621682,-1.153477044962664,"Walls, Taylor"
670764,L,2026,266,10.306364187129216,-3.8945300459143706,-1.5469703056678843,-16.33382051161365,7.837131842411003,-7.7661845305908725,-11.398009364246557,6.779177323146463,-2.699922056063499,-1.241497537091027,-5.913501872909752,1.1432561359859765,-2.1545612679674995,"Walls, Taylor"
670764,R,2026,153,3.714945345646383,-2.862730569761413,-8.477589899248061,-35.98256566311007,11.049952460154959,-1.443755907786207,-34.001744234104414,1.9505438901910896,-1.6180525561950068,-5.937617237111033,-8.854935307469816,0.9884164756099341,-0.26116485062412376,"Walls, Taylor"
670770,L,2024,342,3.279856810612757,2.647725110290613,-16.239953503191124,-11.718770260986155,14.623007406133993,7.978890803041561,0.5707563659016477,2.3349567982590003,1.9698346857293867,-13.631284633311232,-4.943501934527775,2.6328954036786008,2.6369987284099445,"Friedl, TJ"
670770,L,2025,686,8.428914803897554,0.5864205906052459,-15.638477166433887,-11.026128332349293,12.846834208441154,11.407759417975791,6.605323522136565,7.013879444430497,0.5005441392371844,-14.276396693933078,-6.550412951194855,3.9282824900363518,5.6757267410215615,"Friedl, TJ"
670770,L,2026,272,4.646629677357284,-6.4377449080308,-9.158174560861966,-18.63458071411732,-6.762766962665186,4.399707275427529,-31.946930192890466,3.079644726737014,-4.49343532672624,-7.381908462932267,-6.842765645685272,-1.0054752787120116,1.240374812831552,"Friedl, TJ"
671056,R,2024,260,-0.9593677120732094,4.518006255647139,8.185515168759066,5.527766566195193,-13.077119618148703,10.51488638451304,14.709687044892522,-0.6260948782937723,3.110137732348648,6.5393618051324,1.9722388783522768,-1.8707750903678415,2.8692850793802323,"Herrera, Iván"
671056,R,2025,451,3.616940332165689,3.3145183177457467,5.274153108882283,7.56734113279459,0.3236348122619926,9.719781868363603,29.8163695722139,2.7676327065062294,2.6285606873160403,4.605758557217398,3.7107523815205012,0.07267239732764032,3.8324888418043517,"Herrera, Iván"
671056,R,2026,689,-0.7271175900628835,6.15282178188812,0.18018763229786963,-5.98314915034841,3.0504025947707443,10.870106300375161,13.543251568920601,-0.6054926207011191,5.255142679807426,0.1645560511174133,-3.5607684139978435,0.9355747647800424,5.420085181561387,"Herrera, Iván"
671213,L,2024,239,3.1894148627525376,-8.892852209653462,19.45560363210757,0.32168758993484775,18.626003080698805,-6.416190762454336,26.28366619338596,2.019798806734753,-5.958578650163238,15.273090603283617,0.10863451178175937,2.477998431051143,-1.6456971709614212,"Casas, Triston"
671218,R,2024,514,0.6555476743979936,-7.248551388413439,6.856753912940114,13.144288757661908,-4.056186103774538,-2.2719048290901975,7.079948023721841,0.5164806789596539,-5.898034512310314,6.082272451635254,6.8749304818277235,-1.0064803815065961,-0.9676448532599524,"Ramos, Heliot"
671218,R,2025,693,-2.251883368129532,-0.8963149475148696,-0.2462445426098554,0.07096879420583149,-3.5011617589105044,3.9365301847259966,-2.8881056382329344,-1.8770230406972632,-0.7661903835455144,-0.22499507504763352,0.042334790471780515,-1.078139398720506,1.968541413141477,"Ramos, Heliot"
671218,R,2026,423,-0.017271860394549424,-7.978322744288878,6.370421419191748,12.916802646968781,-11.835885695860586,-5.9044509564642,-6.448707190847686,-0.013013910405135467,-6.241659756827203,5.516817287232397,6.127235389860464,-2.5279935887746525,-2.238367589592116,"Ramos, Heliot"
671221,L,2025,175,-2.381140882965528,-6.542110872452744,10.459639305175788,-15.096261047439565,6.8547175530458295,-3.1966184040464705,-9.90177434868269,-1.329613646351351,-3.9114837022796145,7.612553364442724,-4.103998850600619,0.6924133641671342,-0.6446240006813244,"Waters, Drew"
671277,L,2024,526,-10.089588569329688,9.443402858970915,2.0073561217455707,6.9151717266349575,-3.490100718895314,0.23719358025159631,5.023434999378037,-7.987855464495521,7.716751691329648,1.7852222336848502,3.6566701334955347,-0.8811288191603966,0.10236565914389917,"García Jr., Luis"
671277,L,2025,527,-9.045929833184545,7.935914158909014,5.319022879950225,4.699892613060577,-18.05845618138755,0.8801949380993266,-8.269361424552956,-7.16443015257883,6.487146028284718,4.731413686473059,2.4874779674433416,-4.56560712667045,0.380275996099081,"García Jr., Luis"
671277,L,2026,534,-11.568745396290804,7.6737360435062705,17.129764082451157,0.4864724784220643,8.07401765276843,-0.6962334311378151,21.0990114297193,-9.18756508579406,6.287878188453118,15.259483165074814,0.25907039830386697,2.061494848707614,-0.3030542881604199,"García Jr., Luis"
671289,R,2024,383,0.9101086165894877,8.101281432158009,-6.0672273054731605,-19.915978022280466,-12.739468467723533,9.482021834967473,-20.22926191176219,0.6685313287559395,6.1969751313703085,-5.1817351592476175,-8.95573302897686,-2.5144691981598193,3.3757166449374068,"Freeman, Tyler"
671289,R,2025,428,4.4797424060705255,12.734219861572818,-3.0592315194995683,-13.24476095142903,-5.679253185123639,5.656655070394758,0.8873716819858649,3.385121757432256,9.987725787484543,-2.653463654688629,-6.321625015288093,-1.2242631251252187,2.1600968937832805,"Freeman, Tyler"
671289,R,2026,288,3.676061508024343,9.472677353204661,-7.476193297707846,-9.9941384413517,-5.6817866351384705,5.715326157802093,-4.288053355166921,2.482898854154566,6.724596224981549,-6.091794971177528,-3.8036443574908674,-0.8866939654814227,1.6782267412830731,"Freeman, Tyler"
671732,L,2024,451,-1.4468863991354473,-0.887702108765506,6.54510499409255,11.749671935741143,-0.3393516431627338,-0.12327305780281629,15.497563720967188,-1.1071374568262713,-0.7039873192601701,5.715642438149954,5.761617238145399,-0.07620162143047067,-0.04860629846664816,"Butler, Lawrence"
671732,L,2025,630,-0.691820161270529,-7.927327664721304,6.9074742971197,-1.3006018943585436,1.0392447028674212,-0.010113553064530384,-1.9831442734277862,-0.5672140032223014,-6.679488815353991,6.2574018323939615,-0.7457547347556993,0.29930851761646293,-0.00481668595542576,"Butler, Lawrence"
671732,L,2026,518,4.342310062643815,-3.881298664489303,8.668121546790449,-1.3330390287874994,-2.977456712521562,-1.7867689524778552,3.0318682511580457,3.426751775718672,-3.1627031575340214,7.695755517284537,-0.6998042853619193,-0.7431247402932039,-0.764405477131121,"Butler, Lawrence"
671739,L,2024,469,-10.903359051660932,2.1028173643895403,6.990411382109916,7.205051893553676,-12.25496463851639,11.857940714444881,4.997897664320688,-8.418971662241823,1.6809796244061324,6.134351594825208,3.60358334882054,-2.8362712481127996,4.786837759439856,"Harris II, Michael"
671739,L,2025,640,-14.474503556607168,4.091647312071266,4.622475507909341,3.31504198866599,-17.678874970327495,1.1859828815577722,-18.9382308367303,-11.900942412896695,3.4560823672141656,4.193614280805031,1.9135739955352324,-5.148899836676494,0.5694972544175967,"Harris II, Michael"
671739,L,2026,608,-19.56538752682881,8.075049183777631,7.224667579738723,10.801067391508575,-1.906669919761684,3.825124558721552,8.453851267155986,-15.937527795217287,6.765423374446241,6.522532096807995,6.0990971935225,-0.5353400856328828,1.7878736074561903,"Harris II, Michael"
671976,L,2026,470,-0.9610370404934641,2.8491857440224297,-5.236912796218417,0.9327264612262636,15.814928053495231,4.475893348506833,17.87478377053888,-0.7424196479884955,2.2785945957104787,-4.596787687238808,0.4669967753358851,3.6661790916388313,1.8091331396795955,"Peters, Tristan"
672016,R,2025,159,-19.303802704865586,-7.26280142295677,-1.755745133964463,3.668144004340513,13.444801411701656,-6.695739125568285,-17.905142971312937,-10.32049235934342,-4.173504765866553,-1.2437680291030697,0.9291252026493863,1.2454287392833134,-1.2498423454743692,"Clarke, Denzel"
672275,L,2024,349,3.360449253123738,7.175058472972191,-1.156369679831914,-2.083742727201076,-16.380933668234487,3.5592662423990613,-5.526272106772484,2.4062352762850505,5.365599779162181,-0.9737561107973921,-0.8893288372791678,-2.998729763604615,1.1923377048204515,"Bailey, Patrick"
672275,L,2025,331,0.48898796711335046,-1.0604818297225918,4.302847256319865,-13.990867317853299,2.2394348198890333,-8.50565352944061,-16.525732633694254,0.34481326045483157,-0.7823130401714843,3.592491326930598,-5.790713633397424,0.3925180098605309,-2.7499085099185976,"Bailey, Patrick"
672275,L,2026,275,-4.551445302234955,-0.21408709420216537,10.787755445191804,-6.588506270541817,-19.27109147338968,0.8339809222207185,-19.0033937729561,-3.027697949713246,-0.14992306958805027,8.713862692913873,-2.436169019780768,-2.8920479604331537,0.23697402583863608,"Bailey, Patrick"
672279,L,2024,332,-1.0649365138999372,-2.1588002264130055,-9.986637153118394,-7.930722364606169,0.7763509951464942,-5.113561378548354,-25.478306641439364,-0.7516148727644386,-1.5937971743316681,-8.342094009668696,-3.2882707642413282,0.13641416001931186,-1.656609435876544,"Siani, Michael"
672284,L,2024,449,-4.649896528495921,-9.930603979514391,11.394856459900241,-0.7327730310730595,-5.575448687006561,0.15329821650581965,-9.340567549683872,-3.5543188892249176,-7.868158096894483,9.945169816539394,-0.3585117287661293,-1.2476608849099282,0.06028251068311547,"Kelenic, Jarred"
672356,R,2024,161,-0.301978789512417,-19.262388586429736,4.434137357838242,3.8367316265082216,-2.418561156971704,-6.585158104571517,-20.29721765313891,-0.16238723871489244,-11.127760316182028,3.152558039894013,0.980926635182231,-0.22659200122256606,-1.2417471162580913,"Arias, Gabriel"
672356,R,2025,470,-7.099791579177173,-18.404329073776193,7.806360383482951,4.713697153317828,-5.338897193423393,-2.1691056468075396,-20.492065956383513,-5.48472591888642,-14.71859279556101,6.852163228468359,2.360050306298079,-1.2376504778731638,-0.8767413795538236,"Arias, Gabriel"
672386,R,2024,385,-1.1689802491486192,13.90040025985575,-10.602786561244566,0.031115965704723015,-6.261563847828978,-1.3191339587636255,-5.420948391425313,-0.8598743068975951,10.645939214079302,-9.062214906575637,0.01403221193727856,-1.2410588905696047,-0.4712043108814655,"Kirk, Alejandro"
672386,R,2025,504,2.938109634473394,11.79551776144952,-0.7763754190350377,3.7435534094549427,-12.683398819368358,1.0162089404335506,6.033615507408011,2.305120554333886,9.562480995412876,-0.6871426001187354,1.9396554833345139,-3.1009313426970286,0.4279470035560073,"Kirk, Alejandro"
672386,R,2026,293,3.4873667961590025,9.28445572500369,-6.708862126784769,-9.28213894104246,10.880124841483662,3.0286295692230953,10.689575864042217,2.368569123407451,6.623770572824448,-5.483882661322856,-3.5704060645573086,1.722752049113961,0.9001659142570627,"Kirk, Alejandro"
672515,R,2024,349,5.61542747052163,12.98996693729067,-0.9067970917457167,-7.929653560777679,-2.386899256628935,-2.555016985108641,4.827027513551329,4.020902758293116,9.714062121249697,-0.7635959544261354,-3.3843283478212802,-0.43695103029804044,-0.8559188552717836,"Moreno, Gabriel"
672515,R,2025,306,0.21845244735447214,10.198406184041966,3.8234848160386647,4.0316322904476625,-7.521154440006851,2.6981086057541983,13.448929903630114,0.15041987328798448,7.365479083159966,3.149783299649139,1.5924100292228531,-1.235056510358932,0.8266086590985908,"Moreno, Gabriel"
672515,R,2026,530,-2.2502190910087094,16.155280715259604,8.173246681768276,1.8696386128703864,1.8206201459067806,-1.4692893993030247,24.299277665493314,-1.7842875704961292,13.219658355418602,7.274871524746961,0.9921737224666982,0.46225106273058686,-0.6368334242467569,"Moreno, Gabriel"
672580,R,2024,627,4.6048101859086605,5.389162636700858,-8.166996115127326,-6.92167642838206,-17.734982444668304,0.3876956763782357,-22.441986489189937,3.7721708487262444,4.537438366002193,-7.395058267272457,-3.96074933336504,-5.090436631158255,0.18418259234364964,"Garcia, Maikel"
672580,R,2025,668,4.135031915473212,8.881084681835945,-4.878086511842851,-5.298591929609499,2.3772633798845613,4.493287801222513,9.70998933696388,3.425352891047044,7.550727757137117,-4.4427877986179976,-3.1137347644200424,0.7135670427716525,2.205690940015074,"Garcia, Maikel"
672580,R,2026,331,3.6808630570028984,4.5110391486412285,-4.1772011048579065,-9.782425467895145,-7.107671496916215,4.411604748120879,-8.46379111590426,2.595586143899318,3.327774839507864,-3.4875880657873357,-4.048871541534017,-1.2458005233884037,1.426287750525473,"Garcia, Maikel"
672640,R,2024,435,0.0913928272027442,3.2479966186758205,-3.7656263738689995,0.5914285463233616,-0.07191969234226595,2.6844462137453893,2.7777181397360513,0.06933370361709344,2.5563467103376007,-3.2731504668872877,0.2846789514594239,-0.0157017614375904,1.0354038486294672,"Lopez, Otto"
672640,R,2025,592,1.3158607021691313,6.522355203529188,-1.256792350828302,-1.9131180613111607,-10.094184581346086,-0.40036281435256676,-5.826241902139794,1.0665259421872242,5.440699887829838,-1.1316773994766398,-1.0677283428111541,-2.780125639090548,-0.18447523411266015,"Lopez, Otto"
672640,R,2026,671,-0.5552408170612498,8.788451176517803,-6.532558214330052,1.55190919033375,8.122614184156516,6.989560561273,18.364736080889767,-0.4603002535542572,7.476978012268806,-5.951996463654309,0.9136688974779922,2.4457626829336725,3.4389033554080966,"Lopez, Otto"
672695,L,2024,268,10.33488059772969,12.061636047046791,-19.75753795830988,-8.93464355613433,10.57475111914019,-2.070654109957725,2.2084321395147373,6.815340723983179,8.381035353501922,-15.879512564503477,-3.2501750946753036,1.552507186579439,-0.5775730161845589,"Perdomo, Geraldo"
672695,L,2025,503,11.502583045126089,9.596477599604551,-12.624649494951694,3.2349244895654676,10.341549646361495,8.409486246607818,30.46037153231373,9.02059219715311,7.776819282181538,-11.171081030370868,1.6745143088897823,2.524586738592361,3.5373409475611233,"Perdomo, Geraldo"
672695,L,2026,458,14.943738340383087,11.31686195958308,-10.050597734654296,-0.9399065520469918,-2.2463556431144585,4.683940905579542,17.707681275729964,11.475927321234648,9.003253661283823,-8.793916487613943,-0.46451462019215445,-0.5104705682778369,1.864124761988644,"Perdomo, Geraldo"
672695,R,2025,219,6.733836958130003,18.1015944731663,-8.096255130173212,8.290003249404707,13.110900494284486,3.511616695684379,41.651696740496675,4.126228905988214,11.774027448495517,-6.233366727644404,2.639879806525419,1.6163009259671182,0.8434299846818945,"Perdomo, Geraldo"
672695,R,2026,197,9.569495204730426,18.314923463287712,-10.699452811694188,-15.195489779683056,2.123946302934657,-5.708873885657753,-1.5954515060822032,5.620739091505847,11.465217818164971,-8.031220684959232,-4.496620311460648,0.2384884325637935,-1.2639259020399052,"Perdomo, Geraldo"
672724,R,2025,265,2.0431060659748512,-12.238922600997997,-8.911759153852767,-7.906473422065083,-2.108566170330036,-7.524530993945737,-36.64714627521677,1.3421526565061754,-8.47494614514207,-7.146671681854074,-2.855587769956582,-0.30660278561371074,-2.0818431491620437,"Peraza, Oswald"
672724,R,2026,366,-9.77114758858714,-3.3100719123046622,-6.268184091249812,3.52583442770081,6.113615028593347,-6.0236638562987475,-15.73361799214621,-7.090100611215354,-2.504652322629212,-5.317317139116491,1.5459651603782691,1.163314000647065,-2.082215361020718,"Peraza, Oswald"
672744,R,2025,234,-7.41081883788407,-13.797758927024033,19.229263650238718,-6.258631854684469,-14.654094363637792,-4.816036716989976,-27.70807704998162,-4.656648842052391,-9.180343857558677,15.026384401769594,-2.0840589847055466,-1.914118125278485,-1.2159537822217399,"Canario, Alexander"
672761,L,2024,325,-1.4751613891877502,6.893464450073065,-14.333940674412473,5.056612178208346,7.552493358547311,-2.1967749305562463,1.4966929926722514,-1.0345887649037349,5.060773099710757,-11.931190146004637,2.0704897171175203,1.3039139076472597,-0.7014620060638691,"Pérez, Wenceel"
672761,L,2025,274,-7.145930538222124,2.1283634959910147,-9.680242647876414,6.895249354430351,0.29612492068858726,-7.783420283301558,-15.289855698290141,-4.747792130731644,1.4888433112613801,-7.813781426740308,2.5437395113325056,0.0443025852957422,-2.2058803646547576,"Pérez, Wenceel"
672820,R,2024,368,-12.913332865616228,7.392816762566867,0.6954432324457593,12.513368168754416,-21.30027609187476,-2.078852295292465,-15.690833089016413,-9.384114145351754,5.6013751228881885,0.5904331109383242,5.503505687056084,-4.070984889075391,-0.721166774723174,"Sosa, Lenyn"
672820,R,2025,544,-22.029455756222458,8.482855557804104,7.732709984419194,12.856264957207594,3.032519146071228,-3.4426324021135493,6.632261487166115,-17.561606980095252,6.974025131111596,6.902281831749892,6.905931798282403,0.7850226444676147,-1.514217153083137,"Sosa, Lenyn"
672960,R,2026,617,4.040705551559793,-8.782676018942691,11.049680359436294,3.3631059845333406,4.836416593428806,-1.5088149965064943,12.99841747350905,3.3003950999337226,-7.375734798238764,9.989969745303915,1.9111992883514972,1.3723291098825796,-0.7107458998262339,"Okamoto, Kazuma"
673237,R,2024,619,-12.614297672740092,5.587759689434723,3.261296320822423,7.670940494963372,-0.18641257563728741,5.6906004323014345,9.409886689144574,-10.309295017680492,4.69505837828318,2.9494382847609106,4.365361838139983,-0.053017103566168636,2.68521652260043,"Diaz, Yainer"
673237,R,2025,568,-15.739105996576809,6.445047939037366,-1.7226526803570466,6.568475352932128,-4.541143316045801,2.7990358367120525,-6.1903428642981115,-12.655470300573139,5.338802813716129,-1.5446634188174946,3.598731444700093,-1.213560575168453,1.260981506550313,"Diaz, Yainer"
673237,R,2026,339,-8.383266008181316,5.179105580482471,-0.8314539773087611,-2.2163210824339883,18.586050229093498,4.384436453738272,16.718551195390173,-5.952938475284518,3.8444017814134783,-0.6969045438874171,-0.9301842438207694,3.322339976043805,1.4405079547231954,"Diaz, Yainer"
673357,R,2024,423,-4.580170143697309,-7.963715250696926,10.00555086453538,-5.162775514667897,8.53322841159994,-7.649779428450518,-6.817661061377329,-3.451042477691829,-6.230231915685246,8.664857839931605,-2.4490225412557285,1.8225882938037166,-2.9000187259453547,"Robert Jr., Luis"
673357,R,2025,428,-3.19438047321517,-6.502811414247322,11.07849901190369,0.15408942285981922,-7.343126761784618,-3.432039985747786,-9.239770200231389,-2.4138367480112604,-5.1002965206543065,9.609078060688594,0.07354572526556918,-1.5829404015868593,-1.3105870554763104,"Robert Jr., Luis"
673357,R,2026,230,1.0983969752733405,-0.950736244358576,18.882782895049,-13.709036713936193,-2.310130353730701,-4.773631908215096,-1.7623553499182276,0.6857544932762714,-0.6289124351961696,14.699756686768406,-4.512618724480613,-0.2972548867890535,-1.1897798603308105,"Robert Jr., Luis"
673490,R,2024,465,6.995512213205429,9.61029142624657,-16.93345577354309,4.128391064964394,-7.663633837438397,4.143576543149214,0.2806816365841203,5.390981599242748,7.669175230820492,-14.844113510919058,2.055961160461446,-1.7620111528731273,1.6641509964367158,"Kim, Ha-Seong"
673490,R,2025,191,-0.23903305743008102,8.715182794256055,-13.675679329072041,-0.9080295824288191,-0.5928156671908817,4.558050089734255,-2.14232475213151,-0.13860183833817238,5.392387668920016,-10.18544302314148,-0.262887889369625,-0.0647587375552548,0.9850443528868325,"Kim, Ha-Seong"
673548,R,2024,582,3.9774846958677403,-3.768257852793641,-0.1576785581729679,18.874626558677104,11.677283388555662,-2.6134321585311038,27.990026073602795,3.2133525035259067,-3.1344056039677595,-0.14173905357792488,10.45471949891621,3.1765923028021175,-1.1931369737951936,"Suzuki, Seiya"
673548,R,2025,649,4.256600471128801,-1.4567087238874654,3.468558286390616,15.333949849597326,-2.01480126810099,-2.975714372060324,16.611884243067962,3.508429053129101,-1.233090985387379,3.1508082875314294,8.903563552343913,-0.5926273271746103,-1.4392836369095707,"Suzuki, Seiya"
673548,R,2026,612,7.786533722503999,0.37201368333482465,0.02428165953319315,5.625841719449408,9.812956927265258,-4.396989885116353,19.224637826970326,6.350432658388306,0.3120105787036332,0.02193575936463884,3.1858390345101175,2.7682193605407495,-2.0623440916801568,"Suzuki, Seiya"
673962,R,2024,188,-10.552234096540497,-1.8810464912933325,2.9048770671481305,-1.8239201478488665,16.465390363412972,-5.064478450799613,0.04858824407879388,-6.077897610615631,-1.1568309144034663,2.1547340118287432,-0.5221319609718791,1.7734584452524758,-1.0809673682496395,"Jung, Josh"
673962,R,2025,511,-4.85631803026811,0.6738900965660455,2.8192808399803204,6.303008119798613,0.06782925778209307,-9.23420560574233,-4.226515321883368,-3.8213460751479205,0.5477348541963475,2.4991812426188695,3.287491828502472,0.016756824182179275,-3.9198020463030874,"Jung, Josh"
673962,R,2026,435,-2.054138791392145,7.184272608521835,5.430711706237659,-0.38893870719273355,-0.7976461294092962,0.9719394809251204,10.346200167690439,-1.5583394726898339,5.654406024736188,4.720472716080577,-0.18721224065683503,-0.17414492231137826,0.37488174433590843,"Jung, Josh"
675961,R,2026,226,-7.672850292195574,2.097855917073998,-5.9398940722543,-16.175655614979735,30.91748343984282,-2.593665623832436,0.6332737536547692,-4.758695619177061,1.3794680030281652,-4.605994219067903,-5.262081286010857,3.9178717673130268,-0.6379679520480899,"Williams, Alika"
676059,R,2024,447,1.7503296659357277,-2.568792973516238,-4.250732966374394,18.080589490564503,-7.243423348945318,5.698375923619055,11.466345791283336,1.3365196950409355,-2.0334015087696407,-3.707831797441849,8.825821729158625,-1.6153063506029908,2.234744568770058,"Westburg, Jordan"
676059,R,2025,351,1.3509678678179595,-3.8792539689281225,0.5307924721298578,4.65392625691215,10.767619781743733,5.642942567839278,19.066994977514856,0.9689224385680308,-2.9051299157718753,0.4473724347638999,1.992776346312289,1.980362593418383,1.8975498184526276,"Westburg, Jordan"
676356,R,2024,363,-9.787047535678651,9.135206732956531,-13.901477522876608,-0.38566141042618773,3.1528632575783737,-4.457472894031724,-16.243589372478265,-7.085570367021872,6.898520132252787,-11.777894228847192,-0.16831901415329675,0.5959467240411881,-1.5325386520864452,"DeLuca, Jonny"
676356,R,2026,349,-8.628052142004693,3.116829618972909,-4.855809984228228,-12.73999735500168,26.333392432162178,-3.2939112502382906,-0.06754868033779803,-6.178079734553284,2.3308047423228295,-4.088981860628277,-5.437354087316748,4.820648765346974,-1.1034450115606287,"DeLuca, Jonny"
676369,R,2024,230,8.2254633555971,-8.94794141108745,-5.392208616545554,-0.09019028140015187,-7.656436272618599,-4.914181489209324,-18.775494715263978,5.135345947193937,-5.919067097979725,-4.197694540474673,-0.029688034331308098,-0.9851881707668149,-1.2248104332908007,"Velázquez, Nelson"
676391,R,2024,450,-7.806620142047125,14.449291363721443,-18.08714913014986,-3.803367397693738,15.828522374311042,1.1491326773243193,1.729809745466082,-5.9704023314541175,11.453664213781979,-15.790513884808885,-1.862925001889228,3.5481901770410915,0.45249145862512613,"Clement, Ernie"
676391,R,2025,587,-6.28953131743812,10.291030608237703,-18.154358138102126,-8.35616916039619,9.217973383419709,5.682487980822568,-7.608566643456456,-5.089550199916772,8.572276020837467,-16.333223408577478,-4.646164865846257,2.5232277075276914,2.606349618132049,"Clement, Ernie"
676391,R,2026,605,-12.373353467021683,10.78942155095778,-17.1650332590808,-17.002941027941485,11.546785820946884,6.387948025370474,-17.817172356768832,-10.069798772062494,9.032310164874632,-15.489370322431853,-9.580462038389248,3.230496232203045,2.977879740496347,"Clement, Ernie"
676439,L,2026,240,2.3491023626196434,-2.9866612352232487,7.245427218204413,-3.0693485114623966,-8.355387700270494,-2.9538136791937095,-7.770681545325793,1.4899206698234166,-2.0039415837973245,5.692924251125901,-1.039393121646629,-1.1156285517295512,-0.7599819269293768,"Feduccia, Hunter"
676475,L,2024,594,-4.952017572071301,9.483051748932562,-0.5872188992123195,-1.0416944088667976,-6.830354813834947,3.7286108801136155,-0.19962306493918688,-4.016251024814745,7.914819455601596,-0.5289379570557476,-0.5822452821268341,-1.8858071342594118,1.721157509509749,"Burleson, Alec"
676475,L,2025,545,-1.545448016016702,5.594333608609481,3.7945266583276407,0.819309841131176,3.5086932714846157,3.75952064821374,15.93093601174995,-1.232470498617717,4.600780970150221,3.3876938832894177,0.4404784021856369,0.9095258043961695,1.655299509309452,"Burleson, Alec"
676475,L,2026,652,-8.509637705013946,7.3756553957734505,19.07932840254648,6.4669265108581415,-12.486602210097184,0.28697635550562894,12.212646749572572,-7.019598238376669,6.247839758725987,17.338805091332894,3.7622404965873693,-3.6847374445802963,0.13913431407565444,"Burleson, Alec"
676572,R,2025,514,-1.6125314391745864,2.8295416177624944,-1.0705210386785926,-1.6271346858068143,-6.941246102436524,-1.934430146376633,-10.356321794710658,-1.2704512045039256,2.3023543907349433,-0.9496039532879805,-0.8510493078578925,-1.7223637788242407,-0.8239083570599386,"Wagaman, Eric"
676609,R,2024,483,-9.213933810833634,-0.7808693155008658,-6.297502807636211,-1.6813998521364912,9.516631067954492,-9.684441077671638,-18.141515795824347,-7.161790842556736,-0.627873133160187,-5.545984147625316,-0.8533098654337228,2.2526989954316337,-3.978196428896973,"Caballero, José"
676609,R,2025,368,-2.260486295680306,3.5677771743596303,-9.238059429755106,5.01202693609166,8.003613173898712,-8.160343144687491,-3.075471585772903,-1.642694542409681,2.7032265170775753,-7.8431364540869914,2.204340060523003,1.5296791529089802,-2.8308737275924214,"Caballero, José"
676609,R,2026,441,-13.516824994152547,6.059609951738437,-7.877111518741602,5.307192521340342,11.390760463461355,-4.792683974087078,-3.429057550441094,-10.28810767910338,4.783094219837759,-6.8591323954114785,2.572725289786005,2.513603393564029,-1.864141359872157,"Caballero, José"
676694,R,2024,513,-0.34594453877908515,-3.282655363797846,-12.563553334881881,-0.619150800792127,-8.357847463984687,10.980719555559428,-14.188431946676197,-0.27244367060750957,-2.6700763205946716,-11.142026399040589,-0.3235370779108885,-2.0708366148819484,4.671656720459855,"Meyers, Jake"
676694,R,2025,382,4.073609757263926,4.132654453486541,-14.914148361507445,4.078661573432169,-4.4910461596620275,6.7129137921545095,-0.40735494483233003,2.990241671816184,3.1592789095835805,-12.73261216572413,1.8314369002380808,-0.8845675181483618,2.3858578961000565,"Meyers, Jake"
676694,R,2026,153,-1.213232116015328,3.3641088029042203,-14.28284087725325,-17.943984469329404,13.139208978479813,0.8091592033465071,-16.127580477867443,-0.6370113880815526,1.9014380554545014,-10.003555632623257,-4.415828018541061,1.1753001361445945,0.14637096294010013,"Meyers, Jake"
676724,L,2026,343,2.912982937313895,0.7137993050880355,1.9068769975659496,-4.2693013873568795,5.882133594472381,0.2125231094052347,7.359014556488615,2.0755195634817585,0.5314437465092651,1.6013199709073453,-1.8040232902061593,1.0616252099035879,0.07037559664992345,"Young, Jared"
676801,R,2024,267,-3.402316359945461,-11.177421834605097,5.623346717689775,-2.7638502895437926,-6.360795898711083,-3.0066942912944747,-21.087731956410135,-2.2408006792646433,-7.757772339898005,4.516271649395824,-1.0030218709972214,-0.9308707144284151,-0.8364063531250214,"McCormick, Chas"
676914,R,2024,454,6.435730359588974,-11.252784314216107,-3.015158482524218,-0.8644120203992941,-1.3368134577593218,-6.3627813062712395,-16.396219221581205,4.9321847831608565,-8.93617991747745,-2.6352536285520536,-0.4253089040503951,-0.3017283799053852,-2.518912614303148,"Schneider, Davis"
676914,R,2025,227,10.0683387591178,-8.262703757389822,0.6644778995645072,-7.948447691441857,21.72841971009476,-4.781440739983234,11.468644179962151,6.254840821711246,-5.441439474811619,0.5157688155906602,-2.5934072273086826,2.764064642139528,-1.1800180663160162,"Schneider, Davis"
677008,L,2025,167,-12.130774071883463,1.207856765228346,1.7138255000404194,-5.6380988953822175,-12.666475388197721,3.3364478357537957,-24.177218254440838,-6.633417050862485,0.7085213999379,1.231271730471562,-1.481085167399218,-1.2266486325846886,0.6480382147569691,"Kjerstad, Heston"
677587,L,2024,316,-3.981662527902744,3.1327819817720672,-16.051131068676348,-4.911075572271717,-9.302219368756582,0.9593782855153798,-30.153928270319945,-2.7689436343966136,2.282619029184199,-13.297051184078574,-1.9776359253737774,-1.5690262179289727,0.30051734787438245,"Rocchio, Brayan"
677587,L,2025,269,-2.5642398396186152,4.9676103124468085,-16.069564477751328,8.190102906435225,-15.275275603976356,1.6943416849913038,-19.057025017472963,-1.6931323618204672,3.455667188100991,-12.924848329564613,2.9863951914723743,-2.2497391191337535,0.47387744940661347,"Rocchio, Brayan"
677587,L,2026,384,-4.5473727854635975,10.232505944007235,-13.789168691164955,-0.05101459221794804,5.071807670291223,3.180126209334755,0.09688375478671382,-3.3426384435271985,7.832023295006009,-11.781161908176882,-0.02297295010645843,1.0031514042300176,1.1340660143241712,"Rocchio, Brayan"
677587,R,2026,192,2.3013713707643624,3.0618869983589443,-13.647201665542323,-6.854640932339777,-9.3921611187362,4.221023674747175,-20.30972167274782,1.3373625084460121,1.8982658079098622,-10.177762010579654,-1.991890019452809,-1.0307747703640757,0.9159488630578478,"Rocchio, Brayan"
677588,L,2024,169,-9.549066339944565,5.073958768259941,1.3979405055865852,5.285819026343554,-12.686723262207602,-7.924957572452389,-18.40302887441447,-5.249828221507708,2.990986259016585,1.0076867320817104,1.4007663943726005,-1.2418830473389504,-1.5540837325047667,"Tena, José"
677588,L,2025,169,1.274319017366334,1.8544348166105409,-3.160492994491848,-2.131700478467634,-3.8273017290811393,-3.14291057501068,-9.13365194307443,0.7005874399038459,1.0931482315979109,-2.2781991398484243,-0.5649104477893977,-0.37464844437458344,-0.6163245863068807,"Tena, José"
677588,L,2026,287,0.033753803273594306,-11.381761031777742,11.04755301228536,-4.394890457410724,10.195944500330244,-9.742004506516777,-4.241404679816046,0.022772362854023686,-8.071684114534111,8.996026611981758,-1.669038285789159,1.5865037366671422,-2.853582101045851,"Tena, José"
677594,R,2024,614,-10.501909737818291,-4.559995589113161,7.144529706081823,15.9474708110815,-9.187294065578046,3.2540457704704635,2.0968468951242922,-8.570149807224485,-3.8265118128257987,6.456314045068079,9.043616089490094,-2.597795667701548,1.5289070792766222,"Rodríguez, Julio"
677594,R,2025,704,-2.804279341068069,-2.9828413376200413,5.565986033043331,9.374725692567354,4.767606476479275,5.249991553833986,19.171189077235837,-2.3435599251344055,-2.555597657508406,5.092540415804666,5.627754355915042,1.4841744464199338,2.6460335296261714,"Rodríguez, Julio"
677594,R,2026,633,-12.406181237965543,2.8812613066281947,6.724931679926625,11.896187743453783,-15.508235239206035,-0.7319958838169935,-7.144031630979973,-10.180350516185982,2.4295350946000807,6.094756985940888,6.834998269457286,-4.481584498226749,-0.3494882259007829,"Rodríguez, Julio"
677649,R,2024,284,-8.357901415472181,3.1328899119748677,-9.914628112048304,-11.070802761770741,10.550805962214453,-1.3573156814615988,-17.016952096563507,-5.619434982753862,2.214969189324528,-8.057679365203521,-4.176968984040144,1.6272064956093268,-0.39463094079676697,"Duran, Ezequiel"
677649,R,2025,219,-5.767230412423592,3.932487670567342,-12.570070093303201,-8.505895282881953,-5.545422522583586,-10.987884930975905,-39.44401557160089,-3.5339306524945906,2.5578530025499546,-9.677789968814613,-2.708628756606617,-0.6836350838020689,-2.6391011383471286,"Duran, Ezequiel"
677649,R,2026,579,-1.7107811075621682,0.9182688592155179,-1.483170281365648,1.6179038591008403,17.073659379592097,-2.05395577305324,14.361924935927398,-1.380740970257809,0.7631433009271666,-1.3325407233222637,0.8940958240234017,4.627125273013206,-0.9350804346762961,"Duran, Ezequiel"
677800,L,2024,449,-1.543532710028166,-5.94398539444621,9.91186330290526,-0.8605596021202256,9.791105886020459,0.8789107007723361,12.23380218310345,-1.179855816956046,-4.709503762873995,8.650847344379875,-0.42103174868570475,2.191030806626939,0.3456200921085176,"Abreu, Wilyer"
677800,L,2025,412,3.968091095871086,-0.5581118835705258,10.666654572111026,5.5095389956148,3.986838071521336,-9.543241376754485,14.029769474793236,2.970305870842069,-0.43410331126371254,9.204447778369062,2.5773433019749894,0.834025956673758,-3.5588306056874863,"Abreu, Wilyer"
677800,L,2026,660,0.5665093780303273,2.61226464484348,10.236658095125724,3.879967099602439,-4.432256995120184,-4.466730198779493,8.396412023702291,0.4683074074150766,2.2169307765445283,9.313110859992127,2.2687358087434486,-1.3192098678556978,-2.1792061320822573,"Abreu, Wilyer"
677870,R,2024,210,0.8796874937717029,-5.517869815881849,-5.868672955119811,7.709422015016714,-0.06269345164147154,3.707675916449176,0.8475492025944649,0.5302378790612686,-3.5360770175735348,-4.474214006444459,2.3853242342469967,-0.007448913063008362,0.8624360241004162,"Jiménez, Leo"
677870,R,2026,196,0.6945162228030032,3.0377736934676887,-4.591789575632169,-6.287109363755543,-29.649749607199485,2.6074148400328574,-34.188943790283645,0.407074061359652,1.8980371682041735,-3.4423081675687546,-1.8538100365190329,-3.3142271466200763,0.5749889460057811,"Jiménez, Leo"
677942,R,2024,185,0.8677517702137536,-3.544173898746877,-3.371987342840648,-18.71788823613164,19.500356001273506,-4.4098281708897105,-9.675769877121613,0.4963962545931522,-2.1661192150658954,-2.4907892783532755,-5.297044758032126,2.070391565376267,-0.9293838538185696,"Alexander, Blaze"
677942,R,2025,265,0.6592894086658794,-10.687273318057592,4.13277176518771,-2.0370252304217282,9.228397201720261,5.146028832680166,6.442188659774692,0.433098920307443,-7.400493389962791,3.314223648993493,-0.7357141451777579,1.341884513092769,1.423773106832233,"Alexander, Blaze"
677942,R,2026,289,5.400077798645902,0.46605687610477925,11.838059300327501,9.730333243232462,-14.504564032336605,-4.137731916509136,8.792231269464903,3.6514411564019458,0.33118340178817957,9.652140326346224,3.711197585672543,-2.2701972773048795,-1.2179648467092876,"Alexander, Blaze"
677950,L,2025,470,-8.565511949818692,-3.943666201465561,-6.644223121709628,5.949158269886756,-2.534743040025192,1.1093162208843106,-14.629669822248008,-6.617023172551582,-3.1538893218169766,-5.832077833947646,2.9786200386631627,-0.5875981164494527,0.4483799280551317,"Thomas, Alek"
677951,R,2024,701,-1.8380782580458732,7.804977790625236,-3.5930528628061316,31.324360084323192,2.6387379985398973,8.586131406273056,44.923076158909375,-1.535018246527627,6.682944679397506,-3.28622967976924,18.772259195224045,0.8190354266530436,4.318305770507219,"Witt Jr., Bobby"
677951,R,2025,679,-0.568953928265463,4.150239445617235,-2.2260135937730094,18.654626513532065,0.3579824517755807,2.544037853985351,22.911918742871762,-0.4726207070800011,3.537131124379809,-2.0303091558235944,11.036175067573097,0.1086853946051778,1.2592176998645663,"Witt Jr., Bobby"
677951,R,2026,599,-3.688106708336985,5.148399271721494,-3.8830163297649074,27.926581834985782,-18.182251690473898,4.815601660851749,12.137208038983232,-2.9959028511073056,4.302937393811434,-3.500530524773211,15.666980025835938,-5.050494702734772,2.232956515111238,"Witt Jr., Bobby"
678009,L,2024,297,4.713494994067719,-2.487057196085096,-8.008334854119617,4.486703592249367,7.959859962165699,-1.5751918665569404,5.089474631721134,3.215229824449599,-1.781205569188905,-6.562220477348843,1.7402479755760318,1.2748097670242542,-0.4726504431508134,"Meadows, Parker"
678009,L,2025,213,4.900964301243292,-7.643727799715018,-10.90960777797145,5.054953127306415,-15.471702734843547,-0.15090734233754147,-24.22002822631785,2.9707120556716378,-4.92331889181849,-8.3452978512465,1.579383757422051,-1.8613696092274417,-0.03548583631675662,"Meadows, Parker"
678218,L,2026,189,1.1888887914060322,-4.745218421983433,3.444347938553159,-1.1685239513714183,-5.192357446550522,-0.06219230930801137,-6.535055399254193,0.6863183662833049,-2.924234225738585,2.5583898240838225,-0.3357803135488857,-0.561912611075066,-0.013329863707561899,"Valenzuela, Brandon"
678246,R,2024,237,11.552923085292901,1.17553920709593,-6.26036070433143,-20.157004500922486,-6.062800537012153,-7.5717274967384025,-27.323430946615638,7.293685922639913,0.7854727523000073,-4.905625736014954,-6.769225516845101,-0.8007350755779227,-1.9299730041129124,"Vargas, Miguel"
678246,R,2025,570,12.92922549999554,4.0958432262388325,0.3232179809040403,-9.480296274587337,-1.6816414778738966,-2.3676367041520447,3.818712250525134,10.403258626715699,3.394866404663432,0.2899273101218608,-5.202310635372329,-0.4505548963225205,-1.0686942488547007,"Vargas, Miguel"
678246,R,2026,678,14.691956046526403,2.2789759862027337,18.115699692381266,-0.4146658676654135,-9.748016837569544,-1.8481471848825306,23.07580183499291,12.201320164960729,1.941883347522525,16.52087943532965,-0.24517082703416107,-2.95651352959846,-0.9140930915856574,"Vargas, Miguel"
678391,L,2026,361,9.284147767591412,5.121139346923248,-15.540302058566988,-14.62217193727989,4.999946624041704,-1.2055031878461637,-11.96274344513668,6.711220895657199,3.862028211013401,-13.15523923135246,-6.361873613016699,0.94085081344082,-0.4129667871753334,"Vivas, Jorbit"
678554,R,2025,264,-1.7943267127844995,5.861355296694416,3.468522767606219,-11.326615376067476,-4.615336015891095,-4.787270357520255,-13.19367039796269,-1.1771952527998972,4.054022720796121,2.7794523807122906,-4.080968208538271,-0.6689422197024463,-1.320894832870293,"Mead, Curtis"
678554,R,2026,331,8.559112921662923,7.6034648338833,0.3513591075713247,9.34668325855631,1.5386904454220727,-3.1122255296093315,24.287085037486598,6.035517909657566,5.60904442048593,0.29335332429802286,3.8685211533171797,0.26969470424614234,-1.0061937556045115,"Mead, Curtis"
678662,R,2024,696,-12.644663877861591,-4.471948277324645,0.3762632915413311,7.808191784325484,17.515827746909483,-5.177906786564186,3.4057638810258783,-10.547334697909797,-3.8251166215359307,0.34392188877460184,4.665910487396774,5.409920146594396,-2.5949085414314883,"Tovar, Ezequiel"
678662,R,2025,390,-8.683987468184304,-2.081223860806995,2.3556778880708062,12.73419990407451,-12.03847668302842,-0.054481566113074024,-7.768291785987477,-6.409464794313463,-1.5987517186397295,2.017158402684111,5.783387393059057,-2.410840762691967,-0.019622925607496518,"Tovar, Ezequiel"
678662,R,2026,490,-10.229164437921535,2.0839255057692814,5.275895214741717,-8.408804870572652,-13.11317263785438,-9.603169598364373,-33.99449082420194,-7.976286038736012,1.6803240018108045,4.6542256189389315,-4.297703105150586,-3.138262856834166,-3.9782984640041903,"Tovar, Ezequiel"
678877,R,2024,198,-16.081178346086258,-4.074663265902365,-0.26343854723755344,26.586472675647965,7.656191902532124,-0.041225591533204924,13.782158827420712,-9.465167354729516,-2.5555832120938335,-0.1979915482880246,7.895494347745576,0.8635512030402875,-0.009163243363195102,"Noel, Jhonkensy"
678877,R,2025,153,-27.380262632643152,-5.835312968007565,8.508032032274466,-24.095970986360527,8.658445374563737,-13.748006597735648,-53.893075777908685,-14.37609413352945,-3.2981947947932166,5.958938595650451,-5.929767939634189,0.7744965503016662,-2.486913521955806,"Noel, Jhonkensy"
678882,R,2024,570,-16.16771698627613,-0.9151904700408565,-1.2951497753550147,4.146597780927119,14.617617292866893,-6.177798275442449,-5.791640433320439,-13.009050017097552,-0.7585615974522824,-1.1617524790029956,2.2754446814234655,3.9164347041419734,-2.7885095192061424,"Rafaela, Ceddanne"
678882,R,2025,589,-10.158114819861696,6.871059785398671,-0.6028379912284407,-1.6997052146191605,0.4080879286340162,-1.2530987831500875,-6.434609094826697,-8.225374536055671,5.726738705705552,-0.5425497582757414,-0.9464904362540016,0.11198170781816152,-0.5758090539629214,"Rafaela, Ceddanne"
678882,R,2026,568,-13.760950085770247,7.698064948852477,-7.061555248765475,-0.7150287955063422,21.71320849656422,-1.4402448326075592,6.433494482767072,-11.064878472513747,6.376748660032713,-6.331935739052114,-0.39174945051838356,5.802568198791736,-0.648838458944538,"Rafaela, Ceddanne"
679032,R,2024,363,-11.024459537389845,7.851333358540465,-20.881426892883773,-0.6523639100835098,17.3701693921958,-0.29540332399726105,-7.632150913618126,-7.981424788813447,5.928993488841389,-17.691589752748712,-0.2847193088183296,3.2832681596443383,-0.10156360402926455,"Rojas, Johan"
679032,R,2025,172,-8.663045719754061,4.686280085272468,-12.822888589734573,1.9214208273923634,-7.163961013852958,-12.312518563614578,-34.35471297429134,-4.800413727429258,2.7823808648890966,-9.28843446164357,0.5157977370596366,-0.712479191824985,-2.4488203607184604,"Rojas, Johan"
679529,R,2024,381,7.3347672947537745,-4.267861847223155,-4.05977811864782,-3.8834279448029903,6.599695615188387,-5.55568594583231,-3.8322909465641155,5.3803454891153555,-3.260624825562609,-3.4646123449779336,-1.741253301255246,1.2971582773436896,-1.9712289095108786,"Torkelson, Spencer"
679529,R,2025,643,8.898690435582317,-3.610357508584699,9.380420126247724,-2.1280768953652647,2.2331402513071694,0.8633088763332544,15.637125285520503,7.3225811385401185,-3.051764094354267,8.513814533251875,-1.230838324832267,0.6525507851066317,0.41556022073821913,"Torkelson, Spencer"
679529,R,2026,598,13.706267937538998,-14.186257796411583,11.459248131038265,-5.4346670984400935,5.205605933476004,-8.29372996845573,2.4564671387458556,11.130307975324534,-11.85335819231103,10.328785173724373,-3.0466443085191313,1.4442199650647134,-3.842291278541522,"Torkelson, Spencer"
679822,R,2026,242,1.1359270081634847,2.913966913449279,-4.716464465613393,14.854067444049868,17.456609071061887,-3.7527279547411867,27.891378016369938,0.7226472713176783,1.9604975205511581,-3.712425338300208,5.057772732450179,2.347653839065563,-0.9714964386175358,"Foscue, Justin"
679845,R,2024,171,6.727573729100795,8.614403773941737,-15.541124188273097,-22.84345950063619,-13.876226572646944,10.24701185847549,-26.671820900038202,3.7182244263522817,5.102499423928314,-11.239308801403531,-6.106112826506535,-1.3728061187646212,2.0285111985491255,"Loftin, Nick"
679845,R,2025,188,3.447003434396551,3.9215550721416013,-17.866980748818364,-9.824560988159254,-9.608303736905,8.802896374471846,-21.128390592872616,1.9854121644791043,2.411729939152089,-13.253087899504262,-2.8124681338080553,-1.0348936181087316,1.8788990454455843,"Loftin, Nick"
679845,R,2026,424,4.572676588150388,4.240820186000916,-14.333414642240532,-10.997071369911215,8.280769331981306,8.26642126352107,0.030201357501929968,3.447400686541108,3.3194135580331676,-12.416733848781599,-5.223063657894832,1.7719527923930674,3.1383824435269676,"Loftin, Nick"
680474,R,2024,459,10.750791862466288,-8.049106307345419,-10.990299903293831,2.7852593931739165,-8.321066027828206,-0.9442666181810455,-14.768687601008297,8.260162883371521,-6.406408229918714,-9.6187427773236,1.378031625163584,-1.8941001552144603,-0.37629477956614893,"Schuemann, Max"
680474,R,2025,213,13.708573822297389,-0.6586446316204935,-16.619249356108792,-8.94082572474482,-8.90776469456621,2.5436556848326113,-18.874254899910316,8.309431168399335,-0.42423247436583295,-12.71288471258434,-2.7934967094596437,-1.071675352918573,0.5981402089519301,"Schuemann, Max"
680574,R,2025,575,-0.6645924695735246,-6.522370512870737,-5.425146116882892,3.524345034400892,-2.553177704622257,-5.678495656980097,-17.319437426528616,-0.5356618706571981,-5.414166776965792,-4.870731558912186,1.9416022964910793,-0.688444354746146,-2.575422754254528,"McLain, Matt"
680574,R,2026,481,6.2244698226639,-5.202182854837803,2.067665979649407,-0.750837410686458,-15.702903600068554,-8.802946320641956,-22.16673438392147,4.833668991714618,-4.179511156231751,1.8200159456469942,-0.3802710100810746,-3.7053030575254953,-3.607256365880392,"McLain, Matt"
680700,L,2024,317,12.30330079360246,1.0622995466170755,-23.903863676425214,11.589745867260183,-8.755966261189633,2.424979134519438,-5.279504595615686,8.564239090680735,0.7746797540172847,-19.813123003443145,4.675873305336369,-1.480771782155144,0.7612539484491356,"Palacios, Richie"
680700,L,2026,382,-1.467954888831264,7.214491977768707,-14.429510850820966,3.5804012816029536,6.013074007116694,-2.7646092411672707,-1.854107714331148,-1.0775553237769666,5.515242710286482,-12.318864004249543,1.6077036318729077,1.184349873464208,-0.9825785034479257,"Palacios, Richie"
680718,L,2024,225,-6.334660543663322,0.921622203663668,4.601359674490353,-3.528471461932337,-12.420377429057604,-5.6241753184151335,-22.38470287491437,-3.9221308358192375,0.6051017804676592,3.564491877004072,-1.1444107554409375,-1.5678284249078298,-1.3787665427903952,"Barger, Addison"
680718,L,2025,499,-5.33858815244333,-0.9682940604774923,4.515171832602214,9.550112949973101,-5.797560047444827,0.5665870436236002,2.5274295658332666,-4.179415525150311,-0.7834978405896539,3.9916229461030026,4.9244439630197805,-1.4067807423219711,0.23722574424597792,"Barger, Addison"
680728,L,2026,195,-2.216645471776031,-4.209077374125628,12.425917320113442,-21.12592714908281,4.1720949677353545,-12.446079635416424,-23.399717342552098,-1.2964819969732098,-2.6248313676676234,9.303343467059557,-6.206723072576289,0.4642390999332438,-2.7336907315789256,"Del Castillo, Adrian"
680757,L,2024,543,6.847012866082432,14.993510776564484,-25.082867952881273,10.008375695977545,4.139337985162842,8.516611107933171,19.421980478839203,5.456315183664086,12.322605225006818,-22.38475131687152,5.371567650708787,1.0700822604053615,3.742109919693205,"Kwan, Steven"
680757,L,2025,696,4.998511245037518,17.43592651820476,-27.48163016945485,3.681055394593304,-0.27386270542913876,2.3783606510526005,0.7383609340041926,4.169424478335161,14.913958793942998,-25.119469177465,2.199673809857,-0.08458494733503848,1.1919156953607788,"Kwan, Steven"
680757,L,2026,618,11.67131897684445,15.070639372259954,-27.506657892632372,8.705001863471395,-1.409408051450347,3.5087428661268802,10.039637134619962,9.535806690053052,12.659679132530632,-24.87251405910222,4.950371372585609,-0.40038237617928235,1.6542524231914262,"Kwan, Steven"
680776,L,2024,736,-0.6858709709278553,-1.2542043375632437,1.6961892295064125,7.8169867743975425,14.850900680553568,4.508327396943383,26.932328772909806,-0.5773119655361669,-1.081293709893401,1.5576712156970016,4.775615516080744,4.765848438127484,2.3223098464337406,"Duran, Jarren"
680776,L,2025,696,-2.212219682283294,-4.129711204279951,2.4583432395157003,0.3389486229348854,7.68365992771566,7.695479179940415,11.834500083543416,-1.8452860146956749,-3.532381411863014,2.2470383616937037,0.20254419693114592,2.3731671287908904,3.8565902163885983,"Duran, Jarren"
680776,L,2026,595,-6.51672792149412,-9.403438728300857,5.456062532609747,0.11934463768286832,-20.592616965004744,1.641461111104295,-29.29591533340281,-5.286962274860188,-7.850554162464043,4.915373193814235,0.06675604626200052,-5.692384905098728,0.7583982203531536,"Duran, Jarren"
680777,R,2024,465,-9.398333869432493,7.6356198500352415,0.399967829844815,-5.306025055193039,13.212501640605172,-0.95513174500657,5.588598650853129,-7.2426783642815735,6.093353887887511,0.3506176144038272,-2.6424292801356195,3.0377984833213847,-0.3836018059830454,"Jeffers, Ryan"
680777,R,2025,463,-1.8628901123223136,5.79324080238377,-3.860544125745039,-0.20138360586888002,4.376231134314902,0.9831858086911653,5.227839901453603,-1.434186038455126,4.619074093410954,-3.382406341923194,-0.10007312601453858,1.0028405381730319,0.39385091115246196,"Jeffers, Ryan"
680777,R,2026,355,8.798523321901245,10.474606609774236,7.978471191562616,-7.931256938244017,3.1226604694303197,-5.7409826563912265,16.70202199803317,6.3305265282924825,7.866573607607208,6.736493446243068,-3.4181274413572034,0.5796444798175368,-1.9450641756784042,"Jeffers, Ryan"
680779,R,2025,283,-2.320694772294918,-1.8888163271891987,-3.723063924579948,2.852538860905844,-31.842737631475675,-3.4552398178632773,-40.37801361249716,-1.5585147131243262,-1.33402166657016,-3.0237558257356887,1.0738883943392523,-4.896338497682836,-1.0020776876135227,"Davis, Henry"
680779,R,2026,292,5.369331722586963,1.426092905044901,6.248656510522814,-25.392194178435126,-6.985269575395147,-2.7081240466631806,-22.041506662338772,3.642770263014276,1.0164139933841398,5.104514643260042,-9.746653547502088,-1.102864247594871,-0.8029730359222913,"Davis, Henry"
680869,R,2024,548,3.588741140220609,-19.605602010071177,3.6744357775079832,-1.3162363359692242,0.7177046231112071,-4.543537376985303,-17.484494182185905,2.865141120071386,-16.139342299933027,3.2824052270170436,-0.7094324236785388,0.18680141718041082,-2.0066469594179925,"Gelof, Zack"
680869,R,2026,414,7.487614467961304,-10.645635459882195,9.462672328646898,-0.9277060064142283,9.551293183591156,2.4395389620860612,17.367777475988998,5.611654085934905,-8.289146965761631,8.170920925817764,-0.4350963099647477,2.0057438321887298,0.9125082738845782,"Gelof, Zack"
680977,L,2024,651,3.192351849004194,10.408879755537658,-11.793445646028015,2.2801923605116663,-6.288056303658605,10.10554272181352,7.90546473718042,2.632662215578527,8.81518150679994,-10.71607975015222,1.325687594920758,-1.8535687207414528,4.895580914675455,"Donovan, Brendan"
680977,L,2025,514,1.9435095198487338,10.415864643904776,-10.972765786259151,9.265235970347959,-11.273400717264304,6.317851537986597,5.6962951685646095,1.5312160435895479,8.475228477168816,-9.733374116585825,4.846047919994293,-2.797321514471517,2.690885835583782,"Donovan, Brendan"
680977,L,2026,160,-0.2005835113431517,8.087852820419501,-17.301613772340563,-0.9230916780026138,11.842451157090066,9.912961620827792,11.417976636651026,-0.10755182277987553,4.6600018534989465,-12.278823459578513,-0.2349114865675297,1.1032552619013485,1.8598308209118615,"Donovan, Brendan"
681082,L,2024,569,-3.4238242468859634,10.511013682480424,-14.882632857114116,5.904600419725304,-5.731263949349512,-0.44156774076608996,-8.063674691909954,-2.75397032925643,8.709502690680791,-13.34734157551915,3.237580678317221,-1.533579553434911,-0.19912106464876034,"Stott, Bryson"
681082,L,2025,562,4.482008139439012,12.35944213278974,-8.195228371384568,-1.6485946218094796,3.2684038932420503,-5.913408718019434,4.352622454257324,3.5963620624126067,10.219307981973131,-7.340377506368382,-0.8988919366504081,0.8666578275288287,-2.648486823749011,"Stott, Bryson"
681082,L,2026,588,-2.8496491770939674,11.233061260617607,-3.4687053659067617,5.483375402550969,-7.960725761693385,-1.662496910115529,0.7748594483589342,-2.306712425622203,9.359632095485768,-3.121278448528565,3.0511490339587337,-2.1817772593104263,-0.7632292503784205,"Stott, Bryson"
681146,R,2024,272,-0.17341787922543297,7.326800949517906,-10.800083843300438,-1.4423863830732035,26.2092097523173,0.5600005279755518,21.68012312421168,-0.11493609225649858,5.113981167129774,-8.705362601838615,-0.5296557052351726,3.8967352602886796,0.15787653736707938,"Bride, Jonah"
681198,L,2026,618,5.692818743556336,7.441458325024167,-8.076141187607702,-1.7739043151739684,16.824846313748427,3.911952961023574,24.02103084057083,4.651198306529449,6.250993892555591,-7.302738704794482,-1.0087861297758984,4.779575325270628,1.8443522116305773,"Rumfield, TJ"
681297,L,2024,561,0.11030073408470932,-7.475047744481064,18.299751108002187,4.128459732495015,-1.4342026613920167,-5.011857857575836,8.61740331113299,0.0884741146883244,-6.178777578658213,16.3878422360477,2.2492087161799126,-0.379799135014448,-2.242494845661862,"Cowser, Colton"
681297,L,2025,358,-3.1430217986381677,-9.907343725424942,22.14736679155656,-7.784179627003393,-1.4682255074434212,-8.750133817220567,-8.905537684173932,-2.2667283557512876,-7.456108378833228,18.724196936790726,-3.3708150942110673,-0.27441234746111687,-2.9810921782695226,"Cowser, Colton"
681297,L,2026,381,-4.897098301794617,-5.203191514888591,17.909562115220968,-0.43326819912447295,-8.645516669899317,-7.175287955827069,-8.444800526313097,-3.5922176803974026,-3.975211952242786,15.284010156252187,-0.19426900480129203,-1.6992607180948953,-2.545884556919923,"Cowser, Colton"
681351,R,2024,521,-2.3654420313825595,-12.628000201722674,-2.874542639883528,17.61097219266455,-8.927392890151165,7.712933094653884,-1.47147247582149,-1.868967353085705,-10.300995332229848,-2.55373389848364,9.270573865352523,-2.2378015550414747,3.31061138650583,"O'Hoppe, Logan"
681351,R,2025,454,-3.6589807207522798,-11.054667552466118,-0.08035319388786413,9.378734300423568,-14.159440749794687,-4.554550674059526,-24.12925859053691,-2.804152446487195,-8.778849342374425,-0.07022882776678054,4.614534634595248,-3.195887274326815,-1.8030660796189848,"O'Hoppe, Logan"
681351,R,2026,274,-6.851175330579291,-2.8419718506081435,-3.9164525185423744,-9.873993425161945,-4.776866578508917,0.16628706245780786,-28.094172640942862,-4.551955290749291,-1.9880301407823637,-3.1613157914807055,-3.6426336335586873,-0.7146562962302137,0.047127015196487,"O'Hoppe, Logan"
681393,R,2024,196,8.860344299625783,-16.176756282461533,13.561997925641968,4.675235425025587,-13.501949765584174,-11.387610788218392,-13.96873918597076,5.193278746660131,-10.107429908658844,10.166967684175862,1.3785346894020964,-1.5092379881189253,-2.5112039036179006,"Norby, Connor"
681393,R,2025,337,0.797289754761932,-7.971306365670785,7.875448073536004,-7.246882627159045,5.547214380877681,3.2291614244168882,2.2309246407626735,0.5651812871279503,-5.9079905183572485,6.594676028950671,-3.0310591911397156,0.9867800629231243,1.0567310558454792,"Norby, Connor"
681393,R,2026,372,10.821545826805611,-12.730675770942339,10.698176549260689,-10.40214103173533,6.599036572983272,-9.376096802135255,-4.39015465576335,7.8871914873655,-9.670952576171342,9.097550719483122,-4.602691200215604,1.2722973818964498,-3.2756293760865582,"Norby, Connor"
681460,L,2025,264,-8.93835587342893,-3.3199712653944546,11.378232689069524,4.908267771760601,0.1115266314262361,-7.562591938822073,-3.422891985389095,-5.864143930459526,-2.296267375207552,9.117788192510174,1.7684439764654953,0.016164559227178788,-2.0866564595426325,"Baldwin, Brooks"
681481,L,2024,293,-1.0711768387556304,-4.121232021935059,3.496009048208961,30.543961667966997,5.682677869494911,6.295202244489939,40.82544196947011,-0.7275278266628622,-2.9401933941221303,2.8576684154469287,11.748837920612687,0.8997916004419605,1.8710530140198127,"Carpenter, Kerry"
681481,L,2025,464,-4.958804275276199,-4.017906868465883,13.953992387611981,5.495016755313181,10.070388630441592,1.5183637349574508,22.061050364582123,-3.819536536760218,-3.204962544893207,12.229020687346079,2.7335907422795636,2.3115322371274973,0.6090226954657771,"Carpenter, Kerry"
681481,L,2026,259,-10.7818520011783,-7.148805189174387,13.747331360651197,-9.916488814310997,10.860358703806336,7.7834673884729595,4.544011448266811,-7.026940964317328,-4.915232373117177,10.974144235899162,-3.5293159406727557,1.5485281022372026,2.117993813281241,"Carpenter, Kerry"
681508,L,2026,192,12.72951839535341,2.1975145017617086,-1.3725889870195347,12.263529710000178,0.45094887782202087,11.455040325665028,37.72396282358281,7.397320080011797,1.362384256282507,-1.0236445822809115,3.5636589390648346,0.04949092334624237,2.485707726622294,"Gasper, Mickey"
681546,L,2024,157,5.688055429832222,-12.630812878268504,0.21798835283977613,-3.289275350956307,-25.135528277703195,-1.769001823427023,-36.918574547683036,3.023112973689331,-7.219068067810421,0.15385121730296294,-0.8253089241017458,-2.3017670464457063,-0.32681984614477405,"Outman, James"
681546,L,2026,174,-4.592522563153003,-25.025774995582612,7.369728153573325,-11.733806691511145,-0.6615445109750071,-9.795756265968906,-44.43967687361735,-2.5579428755792755,-14.928242519990885,5.355330168620587,-3.176604489311783,-0.06648090161935728,-1.9663715671661715,"Outman, James"
681624,R,2024,442,-2.324018270094096,2.0153658082333723,15.17157221721049,-5.7630417550541555,-9.82550809132635,-4.033645539026048,-4.759275630056786,-1.7698445133619936,1.5915679630140729,13.214775168817322,-2.796964090636519,-2.1720282609450576,-1.571081042077738,"Pages, Andy"
681624,R,2025,625,-5.195665507691261,4.814933605264571,14.995656950757933,-11.408229939536072,12.512029806591748,-4.027812055072517,11.6909128603144,-4.253726723231304,4.051913512446588,13.57417395631258,-6.519138964404512,3.5831280110789785,-1.910283900602861,"Pages, Andy"
681624,R,2026,555,-5.893993650549572,7.818664531940877,13.777396041059525,-5.175360617082929,-2.600938367871208,1.6937349390135805,9.619502876510273,-4.717581417098097,6.450713385088536,12.324050862359766,-2.805759173884948,-0.683337739628104,0.7533409086202871,"Pages, Andy"
681715,R,2025,296,13.584109825875744,-11.59722451048815,6.876677055417196,-1.9767451190103946,11.503430798249163,3.1547683891813447,21.545016439224902,9.256227660477851,-8.29786044269594,5.631477592483076,-0.7651335281807649,1.8371171598304787,0.9443833906999923,"Hernández, Heriberto"
681715,R,2026,483,11.10213324789874,-12.934599051285023,7.954041132007249,13.339419082063433,-8.898854653639875,-2.343033411049778,8.219106345994746,8.629447297977938,-10.400315483381425,7.00483785004137,6.769750745140169,-2.1064640202612637,-0.9624765202108612,"Hernández, Heriberto"
681807,R,2024,389,2.8350594512483367,2.289960869834777,-5.8646240555587354,6.193423521627686,18.450467997208612,2.0230350202848344,25.92732280464551,2.0910885697331127,1.7580513344566109,-5.020001756526689,2.808875127178462,3.6873336287674934,0.727451154189699,"Fry, David"
681807,R,2025,156,-1.314341679138761,-12.642955628022435,-0.6747379604461788,-24.226204140963205,40.04070667997072,-17.060891497327603,-15.87842422592746,-0.6964604725519965,-7.206216231020757,-0.4753182224546534,-6.049524648204728,3.645469069469725,-3.135581981671034,"Fry, David"
681807,R,2026,201,-2.5325078540282115,-2.9955280738672894,2.6352247791779937,-21.35045069829024,19.51520525354418,-5.191131192165399,-9.919187785628964,-1.499809966058877,-1.8892742691631683,1.9879174055470523,-6.40776753963475,2.230682273478486,-1.1673875675511054,"Fry, David"
682177,L,2024,221,11.245523180369675,-10.977958300615937,5.585585322818128,-12.601737247656574,13.958293562412877,-10.249857323339933,-3.040150806011765,6.915045040483057,-7.163179356921229,4.309356780129302,-4.0378192653326,1.734528808414342,-2.478884832159789,"Schneemann, Daniel"
682177,L,2025,421,6.038058063521612,-6.92309975612468,12.689383899661433,-13.704309282249636,-7.586620344368415,-7.898357326250763,-17.38494474581045,4.544202285857506,-5.41053510027846,10.982080169249455,-6.484605637967946,-1.6143737511217426,-2.985448163919931,"Schneemann, Daniel"
682177,L,2026,281,4.130465656069057,-10.34051288355886,3.4009135287563454,-0.28315809587252727,-15.380083639794947,-9.024944538410919,-27.497319972811855,2.7674379508310976,-7.287998199514696,2.7584276905751444,-0.10612884751091271,-2.3507790747975728,-2.604225943118823,"Schneemann, Daniel"
682622,R,2024,243,-12.96390317422014,-2.2952610327250027,-0.7994704357943141,-0.36031705006142545,-15.458002358209573,-6.853771890523502,-38.73072594153396,-8.259665213731411,-1.5463184905215626,-0.6298312415671502,-0.12302093146283169,-2.0863019817765034,-1.779714544493288,"Marte, Noelvi"
682622,R,2025,361,-3.2638512952251397,-3.16511436557921,-4.778070915088929,6.927409683824983,22.632192591598148,-2.674905640768288,15.677660058761564,-2.3593363183312883,-2.386922155964114,-4.044751879047981,3.014005379168106,4.258748824910818,-0.9163370114672997,"Marte, Noelvi"
682622,R,2026,201,-19.11268656792352,4.626083300243019,4.617317433329019,-26.169079106821915,-6.242424239481474,2.1516995805806944,-40.12908960007418,-11.318976858111654,2.9176625725530667,3.483135770874831,-7.853950158356881,-0.7135392589332276,0.4838766824590778,"Marte, Noelvi"
682626,R,2024,341,1.020689935828305,-1.5425862320126646,-10.622189297294502,3.1859975790653086,10.732982395131128,-2.165112836787642,0.6097815439299328,0.7260241079617848,-1.1467807261292375,-8.911719517204387,1.341721564490535,1.9278546978058546,-0.7141609455232978,"Alvarez, Francisco"
682626,R,2025,277,-0.7119633148878279,-6.154116538878809,4.534930323855015,4.233717980100585,13.699428695343908,1.3367277112346925,16.938724856767564,-0.47475755639734174,-4.319013016377177,3.6682040009425,1.5726175933349629,2.0685925928525863,0.3818019131364693,"Alvarez, Francisco"
682626,R,2026,407,-4.301441427847101,-8.126273647310517,5.7960662006266865,14.349093542036218,-8.945947314291141,-4.882903326314559,-6.111405973100413,-3.209918790647356,-6.303466037394637,4.9931209201479465,6.668854559223647,-1.8534397644676326,-1.806993822958339,"Alvarez, Francisco"
682641,R,2024,155,-19.24661711278377,13.030925182103433,-17.25158879424239,-3.6956853949591606,4.01922545886925,0.327405581146586,-22.816335079866054,-10.167809492602391,7.40680172189993,-12.129729088627563,-0.9184038715937455,0.3637932926634433,0.059857913279615343,"Matos, Luis"
682641,R,2025,184,-10.254564722894525,11.84225180606086,-4.988421155009477,-20.174961402942987,18.644698888958597,-0.6086928753198798,-5.539689461147412,-5.852498340535709,7.2224551793129725,-3.6795760885712,-5.687225480515378,1.969975080638993,-0.1277358496290359,"Matos, Luis"
682657,L,2025,315,-18.63969154339201,6.134449411118456,-3.107942400617078,-22.766318299096202,8.411288993358065,-4.610119955248788,-34.57833379387756,-12.949967203382593,4.465857504275573,-2.573274778897613,-9.150393878106247,1.4150165711976581,-1.4409405967570732,"Martínez, Angel"
682657,L,2026,257,-18.68992519337302,8.149790065541675,-0.04844740272077747,-3.005102122376114,9.547935999151694,-3.7935849547218727,-7.839333608498414,-12.148007858408484,5.5898780653942035,-0.03861370911403948,-1.0641930465966762,1.352372158524513,-1.0264747731397332,"Martínez, Angel"
682657,R,2025,169,-6.08749875791845,6.182576281658727,-3.571066695139093,-7.717072442183513,11.182319780066548,11.792516897020883,11.781775063505103,-3.3467484296374597,3.6444917170867615,-2.5741557052605644,-2.04505975064137,1.0946193968111495,2.312511897685348,"Martínez, Angel"
682663,R,2025,584,-3.621007622812723,1.936654000248258,-0.6262544252432035,3.40764095622995,-11.571996761040106,1.056865428102175,-9.418098424515652,-2.9272857567756883,1.611821221435856,-0.5631421989080453,1.8903918576781504,-3.1558185807357972,0.48340129674774207,"Ramírez, Agustín"
682663,R,2026,235,3.64070667980986,-5.243737360679569,1.3425735628362276,-17.51472263461474,7.680857292403957,-0.794305954419053,-10.888628414663314,2.2912914969373848,-3.4938979902906793,1.05010818756153,-5.848820506908109,1.0069991294712048,-0.20118646573706814,"Ramírez, Agustín"
682668,R,2025,193,-10.361662601388655,3.871032982378816,-16.544232040404864,-5.680815919853714,-7.615041489093185,-1.4336899570663437,-37.764409025427945,-6.034419465141985,2.404643755398032,-12.354572818295178,-1.6568784115587372,-0.8396115911433247,-0.31237351480665343,"Acuña, Luisangel"
682668,R,2026,220,-7.205618545283379,-0.5057309516472452,-3.323374319189081,-22.831437872889257,-15.9960359914752,6.573124225963424,-43.28907345452075,-4.42310345693412,-0.32947187474910544,-2.5613693508174187,-7.293067723508288,-1.9798679957393606,1.5842229364534628,"Acuña, Luisangel"
682818,L,2026,180,-6.008377580340435,0.4302458488982021,4.704647821987743,3.044245802739406,-10.971215296469842,-1.5365552519583199,-10.337008655143247,-3.396705995822975,0.26014681829403535,3.4501418747959223,0.8446790944342375,-1.1366152252928576,-0.3168861348105355,"Piñango, Yohendrick"
682829,L,2024,477,-6.220070658977666,-9.339002141203519,22.314542554033277,4.959494432039959,12.823250540735762,0.07629932400808744,24.6145140506359,-4.8212191766006045,-7.4907447741461475,19.62216032063332,2.5014453878845027,3.0065486838857165,0.03111182082931903,"De La Cruz, Elly"
682829,L,2025,480,-1.1656192585642868,-3.3647691220890255,14.924201109668598,0.5018740887245772,3.2642479588858215,-4.48567933091382,9.674255445711864,-0.9047511368401432,-2.702198915903597,13.13341141293174,0.253919337029851,0.7690174160748374,-1.83587659798754,"De La Cruz, Elly"
682829,L,2026,432,-7.3854730457925,-1.6651449008140045,24.735253833799405,13.045800130650026,-10.21291308013096,-0.4235110218756933,18.094011915836266,-5.593495206658448,-1.3086227329365319,21.480820402358706,6.256945400281858,-2.2176810245505982,-0.16265636117067314,"De La Cruz, Elly"
682829,R,2024,218,-8.916591147917424,-10.433026000733626,7.783489546539996,-7.407459453069153,-1.1103263365689655,7.331065898894322,-12.752847492854851,-5.454046150274624,-6.775208704165151,5.986247881773694,-2.3514896362471416,-0.13633182917691006,1.7546802851605812,"De La Cruz, Elly"
682829,R,2025,210,-10.688098653846774,-2.4758193980418093,7.89494795388499,-2.480416382198436,-8.288387841042516,-9.482744319914092,-25.520518641158635,-6.442327305478415,-1.5866064922155538,6.019024570896556,-0.767450179268512,-0.9847835594296865,-2.205764606486911,"De La Cruz, Elly"
682829,R,2026,181,-1.8006889157699097,-2.3177463032140873,29.84072884363859,9.41690193376998,34.592735520519,-0.534851087741004,69.19707999120257,-1.0204310033947406,-1.4044858928328823,21.915911802980652,2.6233558419370158,3.60163600903755,-0.110789017086033,"De La Cruz, Elly"
682928,L,2024,602,-6.380973756588446,4.045051475506698,1.4084430706902265,0.6480933319028024,2.1000958897904454,5.332831457382671,7.153541468684396,-5.188210598070465,3.3835485792485738,1.2703318479196988,0.36438139814857323,0.5854519949785127,2.479418462778658,"Abrams, CJ"
682928,L,2025,638,-6.694705733453177,2.469633863541805,-5.953939066439105,1.0310355317832856,2.575828396653512,7.990855256873725,1.4187082489600449,-5.501323390696677,2.085004719329815,-5.3999776015323855,0.5943669933761422,0.748536359585909,3.8308872687384556,"Abrams, CJ"
682928,L,2026,636,-4.976723563029584,-3.1105930631834875,1.6515846546572588,11.139786277111298,15.924739306474265,1.2642941418035134,21.893087753833264,-4.087293474036414,-2.624853216163016,1.497481147321006,6.413275338821203,4.617432475872959,0.6051232514538236,"Abrams, CJ"
682985,L,2024,580,3.182621237905559,-4.64031933649934,21.00273751427598,-0.5104841044110843,-0.37493624248213975,-0.009816932137056865,18.64980213665192,2.569491588656952,-3.8575416231172377,18.87302141240687,-0.28232458247401976,-0.10173918789578537,-0.004473441437152324,"Greene, Riley"
682985,L,2025,655,-4.300362948306668,-7.582325386846601,26.049593391909774,1.4902893564303565,4.309074337607367,-3.9103116799372213,16.055957070857005,-3.5502156560140863,-6.427409184632723,23.683098870404553,0.8686642507859094,1.275706230467776,-1.9003144342500427,"Greene, Riley"
682985,L,2026,571,6.6126039757852295,-7.111265577931589,30.168400555634083,2.333391396393967,-4.22528127000849,-4.181420650702455,23.596428429170743,5.322528789161729,-5.895986091656762,27.066010414051703,1.2814607635134192,-1.1335145261023545,-1.8892078621620152,"Greene, Riley"
682987,L,2026,275,-4.2801256458741435,-17.912381015734265,38.57041296450307,-10.706600169010443,3.997072521107061,0.43311070266347884,10.101489357654751,-2.847211551936006,-12.543862840109663,31.155441397354473,-3.958877258043163,0.599847987247283,0.12306754760128887,"Jones, Spencer"
682998,L,2024,684,-1.4381830128054798,4.46820018910064,-4.351407699309533,-1.8876179968691347,2.4098130710963113,4.943557324141136,4.1443618753539395,-1.1961555402604158,3.8122368108191678,-3.9713972774625326,-1.1200685128267633,0.7353756947455823,2.4559702395093437,"Carroll, Corbin"
682998,L,2025,641,-3.068030034188521,-0.9460103833060446,6.902665142661515,17.083978111607102,-7.173595411629452,7.836755262816371,20.635762687960973,-2.523235369910402,-0.7992581072359521,6.263160386145861,9.868059490645603,-2.0915929213926163,3.766186534268631,"Carroll, Corbin"
682998,L,2026,646,-0.9504299802655654,-3.459332603850411,13.28936072843987,-0.7071299072209063,-1.3029583331349952,3.182804859715378,10.052314763683372,-0.7827364996557737,-2.926208234132741,12.066806566882786,-0.40979256552087023,-0.3819958950379434,1.535766036844683,"Carroll, Corbin"
683002,L,2024,716,3.594058482696373,-0.9504780220130106,14.300205078832269,8.34179060914202,-3.2682388748294473,1.0802404813353756,23.097577755163577,3.0118781986062944,-0.8162970244943486,13.102501186997168,5.041442761881063,-1.0292960171633103,0.5490127716910391,"Henderson, Gunnar"
683002,L,2025,643,-1.6259776207836019,-0.5692359096993611,11.83318001502919,-1.9705079430751025,-3.8702082838411913,1.4463631356540456,5.243613393283978,-1.337989352908556,-0.4811639031057038,10.739977381678374,-1.1397035046080617,-1.1309220066533898,0.6962177737276043,"Henderson, Gunnar"
683002,L,2026,688,2.3547969617401603,0.8489599803967792,10.445346713465222,-7.515291473383453,1.3547981172739776,0.5924981968291946,8.081108496321878,1.9604334109190176,0.7249454153430521,9.537992588864736,-4.469966152364117,0.4151055170515477,0.29521809864562365,"Henderson, Gunnar"
683011,R,2024,690,-0.588937876150682,3.047857692289726,-8.047632858489212,-3.7843519672427823,5.601922270131652,-6.1850228925206405,-9.956165631981937,-0.4905451475557657,2.603734518261895,-7.350411272870819,-2.2535143314945003,1.7198675538699795,-3.0862373280338,"Volpe, Anthony"
683011,R,2025,597,2.79418504094349,-3.4532324940494483,5.7959097552395376,-4.320057934960558,-8.191524898355848,-5.957391348491749,-13.332111879674574,2.2683310074071126,-2.884561259738734,5.223276030881965,-2.4200193888339854,-2.269872646636689,-2.757441160032383,"Volpe, Anthony"
683011,R,2026,234,7.815392824024555,-3.4213951752505936,-5.9917995996427935,-9.486980898191806,-1.0886029096865577,-2.8862355357584533,-15.05962129450565,4.910866226837838,-2.276426508646593,-4.682190939822288,-3.159065469525578,-0.1421933357978369,-0.7287172466329819,"Volpe, Anthony"
683083,L,2026,336,8.29596280155004,2.7313196235016695,-8.842910064515431,-16.388787778159223,-10.002178652116347,-6.066871965020808,-30.273466034760098,5.875735833383384,2.0227787236580266,-7.401218871446634,-6.8428771594623665,-1.774919682870738,-1.981394034333408,"Nuñez, Nasim"
683146,L,2024,170,-8.072407940151633,4.013146647730786,18.16446485112222,-36.230080992716026,0.8272230506907966,2.576127507050864,-18.721526876272996,-4.449784611407107,2.3713875332458043,13.11514862368915,-9.642829173542209,0.08140753350059274,0.5075787089919401,"Baty, Brett"
683146,L,2025,432,0.8845695976226412,-0.3366615260457063,20.71344979157989,-5.750893274139788,1.2701927876358365,-5.8380171245091255,10.942640252143748,0.6699416237226422,-0.26457933244917414,17.98816773322183,-2.7582076115516814,0.2758157658407195,-2.242186325444559,"Baty, Brett"
683146,L,2026,460,5.408196599869013,-4.685231647450498,30.952967460740542,-24.112961486423508,-9.006098546427785,-2.0745825529726583,-3.5177101726648967,4.157376976402721,-3.7307035203382184,27.097479587439953,-11.943217988515407,-2.0534800628815386,-0.8278135523492134,"Baty, Brett"
683357,L,2026,332,-3.782091711538609,-14.488585155318017,23.246897995679287,-1.4362651485954119,-0.742295780432204,-7.879094476637375,-5.081434276842328,-2.66933882297009,-10.696620186564612,19.418729802612294,-0.5955105324204033,-0.13043025127369276,-2.5525424043830727,"Caissie, Owen"
683734,R,2024,619,-6.737952393781669,3.4790812674909795,-8.722887636299445,11.257011525128027,-3.650335964920255,1.6001546112566776,-2.774928591125686,-5.506730604010929,2.9232627316716338,-7.888770665795031,6.406115202635332,-1.0381823181288428,0.7550629589932342,"Vaughn, Andrew"
683734,R,2025,447,-1.567722963587331,2.0964469160299966,-9.070809002926,18.21500045525444,-21.49672393331176,4.56436687681156,-7.2594416517290945,-1.1970845595433968,1.6595024846535802,-7.9122904956924796,8.891432820733748,-4.793837528727872,1.7900177567348716,"Vaughn, Andrew"
683734,R,2026,331,7.713563367481237,7.044676981069726,-7.029622365809818,-2.183156049209662,18.073968081108116,1.1301088804654595,24.749538895105054,5.439272770181708,5.196828942866823,-5.869103845988764,-0.9035916938373331,3.1679234057059324,0.3653682831977439,"Vaughn, Andrew"
683737,L,2024,567,3.692372475025355,-5.85541935870426,3.2252082614600437,5.13333664103089,6.204982292557076,-2.6639627381537965,9.736517573215309,2.967930267786678,-4.848911780941251,2.8914438827436006,2.810207868235004,1.6560593563719206,-1.198968359012329,"Busch, Michael"
683737,L,2025,591,7.683255402953371,-3.1564993277549003,-0.7067925086867248,25.282700293436932,-0.17250823889356082,7.123345555969124,36.05350117702424,6.2254042406551156,-2.632292683998238,-0.6363234131206398,14.099959168067809,-0.04745378872000711,3.2792330216561174,"Busch, Michael"
683737,L,2026,689,8.759088689216622,-4.264939459148146,-4.8027694467282585,5.905115379216131,5.858281123286782,1.4867740842939254,12.941550370137055,7.293955802841509,-3.6426969889718426,-4.386121092231646,3.5143279558894616,1.796766103376041,0.7413397771770533,"Busch, Michael"
683748,L,2026,243,3.1795709614253727,0.09538271454458828,11.719202434035315,-3.0762352089500236,10.119710562344855,-1.6553458696035055,20.3822855937966,2.0257935678585106,0.06425938186269378,9.23251128338688,-1.0503008967776444,1.3658150459533296,-0.42984259869717156,"Mesa Jr., Victor"
683766,R,2025,191,-2.0088401385516153,-4.4673295127625545,-9.68855717885111,14.131699524919286,-5.180416705089205,7.172684019873039,-0.04075999046215876,-1.164813516273603,-2.7640926353833972,-7.215893612820795,4.091334393946342,-0.5659048240432362,1.550095270942819,"Koss, Christian"
683766,R,2026,207,-10.09322121407926,-4.269502384689695,-6.001308453553322,-10.455532381508672,14.74871630505269,1.502149721215068,-14.56869840756319,-6.048936113999999,-2.7219039645032397,-4.559632208084452,-3.2029242151861803,1.730269592236839,0.3455691365769401,"Koss, Christian"
683953,L,2026,495,8.32956155464567,0.8100049089153045,4.22017370757527,-16.357168718127546,9.464772019200351,-1.086586291809223,5.380757180399824,6.509534495220302,0.6544085033917816,3.7273383137178357,-8.401567371549932,2.2826616161809934,-0.452818443159197,"Bazzana, Travis"
685133,L,2026,317,6.412897584949623,-3.9731782382555405,5.197327210398589,-14.485108105031077,2.5625043906597056,5.896341083535971,1.6107839262572663,4.463971831861257,-2.8974320379599376,4.307892845386619,-5.844004785692319,0.4333598463206064,1.850990331153562,"Meckler, Wade"
686217,L,2024,523,-0.7435078064939101,10.381511528833688,-24.2256475197867,0.23825109383207035,7.968483600056624,-1.3723755481550626,-7.753284651713294,-0.5879273373688723,8.47444658540249,-21.53117191985429,0.12564506489118002,2.0031749082057084,-0.5903513690822147,"Frelick, Sal"
686217,L,2025,594,-4.477526388661361,12.534366739896392,-17.139006733851197,-4.519207785722768,17.44541242862757,8.554793459904664,12.398831720193296,-3.631422886808232,10.461532042967555,-15.437975889277654,-2.525968642809912,4.816540884723455,3.948963160610403,"Frelick, Sal"
686217,L,2026,370,2.2411678373407007,12.096020662238,-20.577075099665162,-11.47307088612739,-2.317832279359642,4.939791224840544,-15.090998540732949,1.6310653978009952,9.176909927418103,-17.484260905604383,-5.0612983188969585,-0.4449377923797541,1.7197152629848202,"Frelick, Sal"
686469,L,2024,555,-4.677455594752137,13.729523253656296,-9.62099866059327,4.367256709526666,3.7058675466750257,2.0817706536801825,9.585963908192765,-3.7438583923562065,11.32741007897673,-8.6061020882672,2.3676554126525104,0.9736328949534937,0.9259317734189477,"Pasquantino, Vinnie"
686469,L,2025,679,-3.6106926710616327,8.856841587180757,-4.8341606446495256,5.421268866545386,8.41545356760655,-0.37955995170127466,13.869150753920257,-2.9993432481399656,7.548434361974352,-4.409155741460786,3.2072511479218155,2.554976891298167,-0.1878700855780336,"Pasquantino, Vinnie"
686469,L,2026,459,3.5419169010573315,10.081327620947587,-10.162111101399395,5.481943011930565,-2.2338823297249975,-1.6267059601112015,5.08248814269989,2.7213633094547123,8.023884611935946,-8.89390950374797,2.7122396055099225,-0.5084921635416103,-0.6482501328471431,"Pasquantino, Vinnie"
686527,L,2024,186,-4.33975021742575,-5.0407075257369165,7.455180932990059,0.2997915662957997,-1.9554489695274124,-5.253745573765732,-8.834679787169955,-2.4882734360171375,-3.0872205026359496,5.51467407724168,0.0851674391567314,-0.20861641654016383,-1.1119601923385765,"Canzone, Dominic"
686527,L,2025,269,-8.685335745462226,3.344735575586497,9.119385271435261,25.26560273094822,-5.195282385229384,0.9631778885693267,24.81228333584769,-5.73480795232686,2.326731014401022,7.334776972665016,9.212713853212902,-0.7651600088940138,0.2693838469555346,"Canzone, Dominic"
686527,L,2026,507,-5.510382703943905,1.563499394547086,16.993233593732324,6.403857551312631,-6.940797435115192,-0.1875836891426717,12.321826711390273,-4.328738984070337,1.2689311512460602,15.050349466231577,3.3275324200037284,-1.704557803029138,-0.0792669598477384,"Canzone, Dominic"
686555,L,2025,295,10.500324556201678,1.8780662081922774,-3.690322713355464,3.2910715614185673,11.055200921045978,-1.0752428915111094,21.959097641991924,7.1472139574833236,1.3424692024812634,-3.0202408837084023,1.2712251310161495,1.7605193134121098,-0.32111247527254616,"Collins, Isaac"
686555,L,2026,352,10.674405244486843,-1.8328007470048506,0.5332221371942621,-14.07283332844028,2.890945003494543,2.509508344301573,0.7024466540320919,7.6619044040912065,-1.37354384754926,0.4496209977203284,-6.035686457920451,0.5329333224163988,0.8454654764353872,"Collins, Isaac"
686555,R,2026,154,2.1598338221010436,0.07365769523510378,2.61412332547095,-26.745836662010984,3.882557068281683,-5.21751601805228,-23.233180768974478,1.1375358704005751,0.04175016038050466,1.8344742420011464,-6.61425255164181,0.34935975378003303,-0.9488572223973941,"Collins, Isaac"
686611,R,2025,322,-2.759258119380351,-5.850326604982791,-7.831306825690821,0.6137066690207136,-7.973758806085636,11.128804900846898,-12.672138786271987,-1.9298065735699794,-4.284350987568644,-6.508406625521873,0.24991445433912926,-1.3661136857348704,3.531194259577554,"Crews, Dylan"
686611,R,2026,425,1.1105266078525469,-6.767820952461796,2.164672802301951,5.144323284739288,-9.575973347745377,2.601310776128828,-5.322960829184557,0.8377256010273235,-5.300080243619612,1.875800448220684,2.446320711928025,-2.0529025688738884,0.9890424852467627,"Crews, Dylan"
686668,R,2024,602,1.276950360179043,-5.786779803146262,-7.009073040335789,17.367269127556153,0.930346943169076,0.7503232057920259,7.5290367932142495,1.0382564863317785,-4.840445344124386,-6.321766845123853,9.764503807100656,0.25935647822007113,0.3488513042947504,"Doyle, Brenton"
686668,R,2025,538,-0.27925686054979026,-6.865997878145347,-5.014720960767922,6.51370887521512,-3.7642424505438097,-0.500633436934983,-9.911142711726729,-0.2221176845648649,-5.633579940714256,-4.47082741518116,3.480966702304571,-0.9664543657957536,-0.21883295135507067,"Doyle, Brenton"
686668,R,2026,215,-8.93822943866323,-11.837263526800859,1.6779855966905999,-9.521931188314193,11.221208768078693,-6.703691174260699,-24.101920963269688,-5.437816897615985,-7.649697755091258,1.2863867711004984,-2.9942095405979625,1.3611396345435485,-1.587667933878717,"Doyle, Brenton"
686676,R,2024,394,-0.33046235427354054,-13.950403813953788,-7.435754997486814,-1.7429724682575003,3.756882438570326,-2.560855409581992,-22.263566604983307,-0.24455747511367448,-10.741682980392994,-6.376512767122318,-0.7960025986862822,0.7585166190100382,-0.9283879021624464,"Lee, Korey"
686681,L,2024,355,-9.87674512048437,12.149630542630462,-0.1783019746118453,-4.150346364892926,3.200977404907327,4.03513699605819,5.1803514836068345,-7.106305764147115,9.124539615611896,-0.1505463959931461,-1.7886714440647669,0.5941820767704823,1.3671179456098503,"Massey, Michael"
686681,L,2025,277,-6.3467008250087344,9.361567205562833,-6.879940526870639,-17.810728098804226,-8.442153656167166,-1.5710716031089345,-31.68902750439687,-4.23216212388818,6.570030053717808,-5.565030455740288,-6.615807781702892,-1.2747521746513517,-0.44873622256796014,"Massey, Michael"
686681,L,2026,435,-7.088383046210241,5.340045884831032,14.232439465325982,-16.541242556364043,3.410636944203495,1.6965092509534492,1.0500059427396693,-5.377488193467483,4.202901152127754,12.371093479731776,-7.9619822479909805,0.7446223128049094,0.6543517984001228,"Massey, Michael"
686765,L,2026,199,0.23652922262876028,6.026456584977109,-1.3485977449112558,-5.969616761452205,1.6746085607082417,1.1951129412457773,1.8144928031964278,0.139506365563931,3.7868204614631162,-1.0148276105504281,-1.7791069062529863,0.18972700438541648,0.26668089483571705,"Sogard, Nick"
686780,R,2024,218,-13.607149548920663,1.4945350457425872,0.47566385875756284,-3.6450540194845407,-0.700700045995766,-4.218067714762963,-20.200772424663782,-8.323138336429768,0.9705512906689793,0.3658310003370582,-1.1571182811979497,-0.08603571385160447,-1.0095885595139986,"Pagés, Pedro"
686780,R,2025,388,-12.600870847331937,-1.624125901834614,-2.252871214107722,-10.123963255801758,13.00306706882615,-3.688253707324372,-17.287017857574256,-9.287892678719283,-1.246129759801067,-1.9276974984750395,-4.585017169500333,2.593320257614645,-1.3240518346988677,"Pagés, Pedro"
686780,R,2026,207,-13.432986152919959,0.2761372275068648,3.2802549906818026,-10.126339473025462,-8.320520346595835,-7.0277096394236915,-35.351163393776275,-8.050479954398963,0.1760437040609583,2.492249218982695,-3.102080001847682,-0.9761353496487412,-1.6167226994155124,"Pagés, Pedro"
686797,L,2025,350,-3.19094777183266,8.608470454337354,-5.158253405532599,-23.943154630290437,2.9200379593407217,5.027267649520251,-15.73657974445737,-2.2867196785469908,6.442165255783942,-4.345624245468408,-10.235557185608174,0.5357991875592079,1.6873173016839018,"Lee, Brooks"
686797,L,2026,416,-4.9923517834398465,13.069874091865433,-2.0401349386766308,-13.987993873159835,25.417995578456786,-0.44446941260205824,17.022919662443847,-3.746071244920761,10.187604649837331,-1.7627926054929361,-6.577192931911398,5.3580556414764215,-0.1667553814024847,"Lee, Brooks"
686797,R,2025,178,-9.901853853985012,-3.0202231285744574,-4.497227305758719,-1.7087605527752356,-5.091437300341461,14.100582432606569,-10.118919708828319,-5.57059189115693,-1.8180922742625252,-3.2881788542253014,-0.4703073026908995,-0.5222119872419826,2.882278325512856,"Lee, Brooks"
686797,R,2026,198,-9.551129728105629,5.05857011178165,-1.5626945178166847,-31.702964400911174,13.131814755452837,-2.6318824446499094,-27.25828622424891,-5.621667725938364,3.1726785776507347,-1.1744686202081671,-9.414959979382553,1.4811533690035945,-0.584990498540777,"Lee, Brooks"
686823,L,2024,352,-1.9115558407629896,10.014000839457719,-15.505381777402082,3.764638934276883,4.399138923399507,-0.9369216379978133,-0.17608055902877578,-1.3720818892998952,7.50472699493824,-13.074373208646938,1.6146130423256713,0.8109624082729542,-0.31565342305044436,"Brennan, Will"
686948,L,2025,446,0.8344707054208094,10.06734808013412,12.50731110554905,-6.666930753996098,5.217554630665068,3.6547816892375264,25.614535457010476,0.6368489719372229,7.965374834455219,10.906761196666858,-3.250651168357959,1.16150769417391,1.431353032276388,"Baldwin, Drake"
686948,L,2026,594,-5.002611287207429,2.820589002578475,24.191628699160653,3.3412583743891364,-10.082793339781269,1.168014928616883,16.43608637775645,-4.057284211249838,2.354142242910033,21.79063153306081,1.8675649099155471,-2.7837797788936753,0.5391653165876039,"Baldwin, Drake"
687093,R,2026,451,-4.045598483086983,6.779988579872062,1.8046514770454867,-9.177928542227297,7.689269985025262,3.0788766030203765,6.129259619648905,-3.095635993663002,5.376832991414618,1.5759476093326255,-4.500526617982372,1.7266303325208736,1.213994345364322,"Grissom, Vaughn"
687221,L,2025,155,9.935525777961976,-16.38873679712534,6.174626892740427,2.2338226853865737,-11.889370316109996,-14.742473677845643,-24.676605434992005,5.248846211631523,-9.31538798913727,4.341429205482329,0.5551206835709664,-1.076145943852951,-2.6952922056035575,"Rushing, Dalton"
687221,L,2026,248,-0.05362606869847199,-8.026725523892946,8.932619139983185,12.654654341466848,3.946506805116929,-9.047611535272905,8.40581715870264,-0.034418472339155744,-5.443419127803528,7.067446201276647,4.3787440355469505,0.5420978290553061,-2.384985824431765,"Rushing, Dalton"
687231,R,2025,197,4.204997812498207,11.312376303121498,-16.330169560724876,-8.68220701415229,-8.010303689830277,3.399432121737076,-14.10587402735066,2.469847685667036,7.08159434115667,-12.257747930963424,-2.5692221161796334,-0.8994411811202774,0.7526230911641381,"Hernaiz, Darell"
687231,R,2026,157,-0.20984641502395313,5.637460878718553,-9.068630901225031,-19.677925939363547,8.176944542660125,-8.844341544931146,-23.986339379165006,-0.11153010507139535,3.2220581688062,-6.400433258240357,-4.937369527561238,0.7487975299729398,-1.6339758979821497,"Hernaiz, Darell"
687263,R,2024,603,-6.694280683913412,0.2394852892201663,-3.6689802472530353,3.1413556691078632,5.267599830078373,7.096842222289264,5.3820220795292215,-5.444640438606018,0.20037567656925712,-3.309740108010028,1.767466364179467,1.4702280179154537,3.3024987365927596,"Neto, Zach"
687263,R,2025,549,-6.360424306570644,-5.187105149267793,2.7381947598066847,20.876925627253833,-5.581880496823421,0.3558578558154257,6.841568290214087,-5.07983381839779,-4.271403355274067,2.4465284893753956,11.261819106153826,-1.4547907173558017,0.15732413069371065,"Neto, Zach"
687263,R,2026,678,-12.87674230189826,-3.751546056821496,7.096495787103025,3.5327101347935486,9.957941265519803,2.341532873173541,6.300391701870164,-10.69382831051282,-3.196639569398863,6.471753964952314,2.0887117386718494,3.0201823169805406,1.158121517916168,"Neto, Zach"
687363,L,2024,156,-1.310358025698354,-4.763903932331238,-15.571212301185396,1.0937390066744381,2.797446474784942,-8.963950784974985,-26.718239562730595,-0.6943495624274638,-2.7153240785009944,-10.969118956297176,0.273117531788325,0.25469092438438157,-1.6474638837223812,"Scott II, Victor"
687363,L,2025,459,8.49424748990643,-4.882150172771281,-10.223800882194427,-4.691065679461803,-4.860814587346918,-0.30989832620444696,-16.47348215807245,6.52639068227676,-3.88577884951008,-8.947900581214295,-2.320946077001242,-1.1064531435722182,-0.12349597041951398,"Scott II, Victor"
687363,L,2026,192,10.063015975513377,-5.526786844476301,-13.077272634198845,-4.87015505799902,-14.868011271964786,-1.323071041884969,-29.602280875010546,5.847774269945422,-3.42641988424078,-9.752722344127008,-1.4152182950164496,-1.6317406303920163,-0.28710225526794425,"Scott II, Victor"
687401,R,2024,514,-3.6112310131680183,7.992957127123566,-8.298381452336532,-3.0442709344060415,11.54045171099767,1.2180765421408162,5.797601980351461,-2.8451493589295014,6.503745985238863,-7.361065825252151,-1.5922619647023881,2.863586123436169,0.5188005596833237,"Ortiz, Joey"
687401,R,2025,508,-11.613808586799125,13.996605786266683,-15.232223260734076,-9.391593042427372,5.415278702084903,3.692883864874584,-13.132856536734407,-9.127202083629234,11.363815402568823,-13.493717348830153,-4.884619957665927,1.331890779919769,1.5622722265662534,"Ortiz, Joey"
687401,R,2026,403,-9.04820321447447,7.377458151447874,-5.527885468071901,-3.774747859078987,6.125158052223726,-0.2791088155090397,-5.127329153462798,-6.735190782008398,5.709905071259954,-4.7555530567920545,-1.7450730477583547,1.2591146677011777,-0.10264673596517866,"Ortiz, Joey"
687462,L,2024,380,4.147327467788576,9.053010645332641,0.19224838480334114,-1.0045507931874238,2.5750701832131364,1.3532135888706542,16.316319476820922,3.0400990043002434,6.912161352285743,0.1640013923506336,-0.4497680738300607,0.5050575361871505,0.4793237804505625,"Horwitz, Spencer"
687462,L,2025,410,6.187136358564301,6.584898258777673,-9.44819654334932,-1.3067732234211042,7.959016876670003,9.281941762193705,19.25802348943526,4.625693468890976,5.116234415885725,-8.147570242414892,-0.6097210921774016,1.6585871277308204,3.450831807205286,"Horwitz, Spencer"
687462,L,2026,436,2.862954869775527,8.691735690239247,-4.41561456941465,-16.375386786306606,0.6473461436207962,8.603937860605377,0.014973208519689491,2.1731378590807053,6.844202710234737,-3.8392835739242734,-7.891536673696514,0.1415847363701975,3.3232625769902833,"Horwitz, Spencer"
687551,L,2026,385,9.054997935798701,1.2753596801622222,-14.86363732639609,11.958655395216512,-10.203199934972506,4.530196426240826,1.7523721760496644,6.660642966102127,0.9767633576930925,-12.70396937325406,5.392935208341834,-2.022301824159679,1.6182193408053958,"Gilbert, Drew"
687597,R,2024,183,-2.5981534904918977,-13.59683582762683,-4.841451610738268,7.55506925607948,-7.682735277127706,-13.707005081680135,-34.871112031585355,-1.4793512543826304,-8.274915989909918,-3.5660550774991195,2.121413447058797,-0.807800191674905,-2.8640857752243396,"Beck, Jordan"
687597,R,2025,588,-0.24931801669558684,-7.8490326412603455,4.030313159533694,4.932957809677953,11.39009947344371,-10.697333674204181,1.5576861104952433,-0.20181605920686632,-6.539985505573271,3.6266353808303617,2.744876713813171,3.12165759207826,-4.910997374812161,"Beck, Jordan"
687597,R,2026,167,-3.6671452984413424,-2.5326312046098343,9.307860091996515,-23.232365378683028,-5.435494181138964,-7.458905283707188,-33.01868125458384,-2.005288698521949,-1.485625993308348,6.687089789590277,-6.102963499655656,-0.5263849098012445,-1.4487430650936204,"Beck, Jordan"
687637,L,2026,343,3.313260783859789,0.11254681635793913,11.751555673688664,-14.790916993836513,4.775813439054992,-2.6169032654679736,2.545356453656895,2.3607201702866965,0.08379428407481644,9.86849220664342,-6.250005872016137,0.8619532119198519,-0.8665698953767774,"Beavers, Dylan"
687859,L,2026,441,-1.459524063452286,3.9447747320569566,-2.002431666795939,-0.7150082422372865,-0.15541411544459974,2.854475021736837,2.466871665863682,-1.1108925899044726,3.1137695940397254,-1.7436523378701687,-0.3466088293975683,-0.0342952912794893,1.110264097844089,"Johnston, Troy"
687952,R,2026,200,-14.492799196658742,-0.05091819254223298,7.6986196161048355,8.925189323863037,13.620485591006112,7.612066132265413,23.31264327403842,-8.565508188122259,-0.03205482465057565,5.8004336999243264,2.669316236273347,1.550023088283306,1.705201538816927,"Encarnacion-Strand, Christian"
688363,L,2025,185,3.462127112916396,-2.1511974698380874,-11.822743030152548,-7.150923593797703,-1.416081080683049,8.291620505451009,-10.78719755610398,1.980505244436162,-1.3147634139693254,-8.733117472327809,-2.023666444620392,-0.15034814365151203,1.7474826503732868,"Pauley, Graham"
689172,L,2024,271,-4.831486877315262,2.2025754784310103,-21.021854514413555,-3.582872355808883,2.348251392101621,3.702366219555673,-21.183020657449397,-3.198182657294144,1.53564842695126,-16.932459751783565,-1.3125941678831534,0.3480401963675942,1.041020515040774,"Wisely, Brett"
689414,L,2025,392,10.315328640615995,8.227825759620245,-17.13561679285715,-4.699647369574428,5.993857437873547,3.4634043735078377,6.165152049186052,7.623710528977528,6.327924445620776,-14.683932291538042,-2.1403610657350325,1.2052553720642578,1.251518892135271,"Hicks, Liam"
689414,L,2026,532,2.739943546498106,10.57011871674276,-18.351377675553607,-5.247025029407066,16.36900895895729,10.42431449671384,16.504983013951325,2.1743019553638665,8.65530485845332,-16.341009809806778,-2.7893956676951115,4.167741967798107,4.527849965270857,"Hicks, Liam"
690022,R,2025,206,-2.1499421985559235,-9.375166088232687,-6.665980543380716,-8.878806321692348,13.710303542381158,-1.7874395834322472,-15.147031192912765,-1.2859736170763623,-5.966381168432398,-5.05873288121774,-2.7107855014533224,1.6015839333491977,-0.409668804709052,"Ritter, Ryan"
690976,L,2026,235,7.097137563552065,-8.572542414014727,4.741651100245172,0.007153823182761793,-4.603911063679258,-1.8522178051051021,-3.182728795819089,4.46660837637462,-5.711878122768155,3.7087328253423832,0.0023889289375008237,-0.6035959602937555,-0.4691405772690084,"Freeland, Alex"
690984,L,2026,186,-2.531189789771569,-0.7080262797211188,-0.6641976498882709,-4.279336706780302,-16.54746321394602,-4.27788879254881,-29.008102432656084,-1.4513029552061212,-0.4336361980931516,-0.49131383864813,-1.2157118130743927,-1.765360555206863,-0.9054191867072178,"Halpin, Petey"
690987,L,2025,207,1.237890875083157,-12.225478409937137,-2.7682275193106882,1.4864275272925958,-9.318890551171613,-8.863705576653286,-30.45198365469697,0.741876419892244,-7.794017933163698,-2.103224564116731,0.45534885719495044,-1.093260770671379,-2.0390930675796075,"Hassell III, Robert"
690993,L,2024,552,-1.8872072659182069,1.333648073702517,0.08299548510161935,-5.6566946715841775,0.6624654850286367,4.0723399547115475,-1.3924529389580647,-1.508893168062798,1.0992681572413778,0.07419794826666501,-3.0590964136433523,0.17335321364351694,1.8058497862426304,"Keith, Colt"
690993,L,2025,467,4.709786643277101,2.3723295690934516,1.7413083983938036,4.327396799756768,-8.860225425650134,1.189071971561011,5.479667956432002,3.633091858983018,1.8947981980451902,1.5272632897925003,2.1597101921219855,-2.043870360511816,0.47878427449178895,"Keith, Colt"
690993,L,2026,423,3.8981133590555492,1.2413261328872567,5.820989596768197,-2.0690574711180396,-13.369269384253785,6.349045161705612,1.8711473950447877,2.93712992375851,0.9711233321924123,5.04100653992921,-0.9814814476293583,-2.855504704799146,2.4069125172865924,"Keith, Colt"
691011,L,2026,165,-3.920038294379638,-6.034875717327511,-4.856889026519543,-19.702767995383304,-10.483388490115896,4.942031158884767,-40.05592836484112,-2.1318666526905234,-3.522370689858625,-3.477489304646058,-5.129919034629399,-1.0042400318554419,0.9506061562498596,"Romo, Drew"
691016,L,2024,213,0.11627111377566356,-6.414837116103818,12.581060668959347,-2.5597640842894895,-13.113895375119654,15.517559138811693,6.1263943460337416,0.07047755873922774,-4.131791396709581,9.623874726190275,-0.7997798823731971,-1.57770652191133,3.648951436728573,"Soderstrom, Tyler"
691016,L,2025,622,0.1312854454628798,-0.42349999973436164,6.3205432896291285,1.8382118252988746,4.366055851788586,5.078974947395677,17.311571359840787,0.10739038535936846,-0.3561159816087331,5.71878552861689,1.0482642323549591,1.246038895746897,2.4027299387437084,"Soderstrom, Tyler"
691016,L,2026,449,8.867200826542739,0.028882453054503092,10.260951247057543,-14.287087099150755,5.728408377691757,4.832275667462216,15.430631472658003,6.777970047115492,0.022883976375229088,8.95552330916438,-6.990006561033105,1.281889847231937,1.9002289536518602,"Soderstrom, Tyler"
691019,L,2025,297,6.731053903320448,-2.97092713742064,3.1811174418924426,7.467814367865712,2.4945887375231477,-4.155459953373745,12.748187359807362,4.591473054956397,-2.1277483972455586,2.606683461456362,2.896524936059028,0.3995203561895292,-1.2468830179720591,"Teel, Kyle"
691023,R,2024,182,-3.5463681584019886,-11.874216153479376,11.284517518432748,-15.710395037666364,5.24082960851241,-4.539017005156994,-19.144649227759565,-2.01448476045005,-7.211036607782971,8.299793529575389,-4.394011207011653,0.5483502199409587,-0.9443255015780952,"Walker, Jordan"
691023,R,2025,395,-12.25333271152513,-8.912677672849034,17.3417857699421,-15.641803108117525,-2.6197839899550783,-4.336488837046295,-26.422300549550965,-9.074006440412393,-6.866678537537777,14.8767693844416,-7.1533346033585605,-0.5300067015093493,-1.5746502201536512,"Walker, Jordan"
691023,R,2026,646,-6.5151429634806775,-6.686441214987401,17.739400600081094,6.755140576604979,2.247183715741908,-3.7244256609018644,9.815715053058037,-5.365613778899198,-5.6559809596113455,16.10746521429949,3.914706985340816,0.6588199583820337,-1.7971087417773368,"Walker, Jordan"
691026,R,2024,634,-4.810096259247177,10.044467166058324,-16.1995572234065,1.994047603434615,9.670793039769178,1.451552128694812,2.1512064553032517,-3.9482195449793815,8.471783379104679,-14.683711950186748,1.1464566899707467,2.797812620332236,0.6936088858377926,"Winn, Masyn"
691026,R,2025,538,0.9085248202823524,8.945443329301105,-11.769403644881482,-7.019565555218484,7.771464657289028,-0.10293098079736515,-1.2664673740248462,0.7226301586773234,7.339773619964996,-10.492901377270544,-3.75129967127256,1.9952928232822307,-0.04499238095573866,"Winn, Masyn"
691026,R,2026,520,4.936596405885108,-0.9025302313879998,-5.618604433813834,-4.487906052005339,-6.072194868271223,1.921554135637241,-10.223085043956043,3.8988970723209544,-0.7359570903859357,-4.990477991466655,-2.3603243660555675,-1.5199078030632713,0.8238816463879217,"Winn, Masyn"
691176,L,2025,325,-1.5036100825381764,0.5837594824902826,3.7849421760294883,0.8264697854652487,7.30442880254583,-4.094166694446492,6.90182346954618,-1.054540953682719,0.4285616190646464,3.1504849796437,0.33840783750207043,1.26108635266522,-1.3073266371986139,"Domínguez, Jasson"
691406,R,2024,175,-13.138771539477338,-3.63460852087447,-3.882958300937125,6.030653261515125,2.418093367692011,-0.6743430764404669,-12.881934808522265,-7.336604927560988,-2.1731077737355786,-2.8260274006927557,1.6394651613305726,0.24425808220936715,-0.1359867449979452,"Caminero, Junior"
691406,R,2025,652,-8.610366187353808,0.6723936085788819,6.266813122293653,7.128628385653303,7.941921897534735,4.803440133780852,18.202830960487617,-7.102689140915403,0.5695775216938314,5.695119292393671,4.147196408154052,2.3436237100685755,2.3288446431049605,"Caminero, Junior"
691406,R,2026,672,-8.675130409102119,6.324168894365114,7.149444898628282,11.045217909431432,6.965622646725419,-2.9602444567790496,19.849079483269076,-7.193601263632097,5.381627955586736,6.514920770783899,6.506728601387177,2.0995699258779554,-1.4575588598342009,"Caminero, Junior"
691458,R,2026,199,-4.45656110814148,7.15011557459659,7.158630996671426,-10.553502191508388,-15.634940369055725,2.7028239347402745,-13.6334331626973,-2.628506685984374,4.492889574149537,5.386911268817486,-3.1452284768613996,-1.7713813661092206,0.6031158065685258,"Jordan, Blaze"
691594,R,2025,342,-3.840995914742156,12.175180711251386,-29.564176054237123,0.3537256922159623,21.10053288710085,4.365448755092024,4.5897160766809435,-2.734436300448342,9.057999705798006,-24.8152002815428,0.14921733294689868,3.799184019445468,1.4427673094270421,"Sanoja, Javier"
691594,R,2026,470,-9.379600480219276,15.357323498606663,-25.213749936431995,1.814032156389408,22.158693786833755,6.773342976310597,11.510042001489154,-7.245922262498348,12.281794685347549,-22.13179019146587,0.9082482406210538,5.136775809825007,2.7377504982211973,"Sanoja, Javier"
691718,L,2024,406,-10.536108896980277,-2.7344215636909586,6.08011161203054,-7.647760732371325,4.680260230555512,2.0027897754815926,-8.155129574974913,-7.857582056657632,-2.1198911808990286,5.236030119648027,-3.5496775583281606,0.967776112612788,0.7400151220322638,"Crow-Armstrong, Pete"
691718,L,2025,646,-11.857758048673391,-1.3076729605396746,10.75565145385562,3.7066139063706878,6.233050354616651,-4.121562647589016,3.408322058040878,-9.765580023254621,-1.1061449773360394,9.766185766689162,2.148039287514484,1.8273797315525289,-1.988735160301628,"Crow-Armstrong, Pete"
691718,L,2026,700,-7.227722336473708,0.688042709794013,18.592421657572334,15.982881410874308,11.241016548518463,2.017377327032486,41.294017317317895,-6.034603249506335,0.5890096504760465,17.002676445147284,9.57284157185236,3.4856547215708304,1.0138990548675069,"Crow-Armstrong, Pete"
691720,R,2025,156,5.487450329311452,-6.079136331231359,-9.385997729122545,-23.49253842570364,11.282663291471403,-0.22369425055890588,-22.411253115833592,2.9077615890277024,-3.464978616519879,-6.611953110834061,-5.866321006306041,1.0272196337352595,-0.04111225146504092,"Karros, Kyle"
691720,R,2026,454,6.970896264016922,1.4809453055566917,-4.226177919293394,5.130527983195761,-1.5604055171247213,-2.0871603928729305,5.708625723478328,5.342322713559578,1.1760639259457912,-3.693686670625955,2.5243277305710348,-0.3521947104472018,-0.8262698949749857,"Karros, Kyle"
691723,R,2025,292,-1.7206627144259334,-5.41766319341086,0.42663259095968614,-5.269403464318067,12.198548371286671,-2.902053836930476,-2.6846022468389785,-1.1673666840923516,-3.8613113225267934,0.34851528551430666,-2.0226314279028816,1.925959009318216,-0.8604742396203179,"Mayo, Coby"
691723,R,2026,437,-5.752932031666101,-6.549709407704702,9.624263371518389,9.931632920674828,-5.183810727489089,4.764800649614989,6.834244774948316,-4.369196116901036,-5.159999767642283,8.370593747773944,4.791879132031928,-1.1358112073119342,1.8429879982376562,"Mayo, Coby"
691740,R,2026,161,-11.449192531007546,5.3272874850458996,1.9507701184962565,-6.326720262927096,-10.390961218732368,2.0534144805330197,-18.835401928591832,-6.156732940175713,3.077540358143847,1.3869475671923286,-1.617535189684453,-0.9735162951706116,0.38720733339938473,"Susac, Daniel"
691777,R,2025,220,-6.0535679929419,-8.460361673303353,-2.2516825777153846,-1.670594104889141,0.49197347739320346,-5.337351929836623,-23.281584801293203,-3.715927695602716,-5.5117275548976545,-1.7354020908896646,-0.5336394498358589,0.06089274512526128,-1.2863830130841623,"Muncy, Max"
691777,R,2026,285,-6.620321905384176,-10.88995641917001,7.985487510241579,-2.787285723055017,12.325650133774314,-5.126760884788418,-5.113187288381727,-4.456296583723906,-7.7071782612598225,6.494122661274944,-1.053934368529242,1.9065913139952093,-1.4942919911346988,"Muncy, Max"
691781,R,2025,274,-5.039537281917551,-9.23561905549434,2.6122561683685004,3.600084011958087,-18.18998867012171,-7.974950724646674,-34.22775555185369,-3.348293874623883,-6.460545711308771,2.1085833767569193,1.3281138178781338,-2.7213634121463173,-2.260161544960961,"House, Brady"
691781,R,2026,340,-2.2419172263903624,-6.697657963799258,10.927999121325902,2.1323945804178703,-14.395471199139509,0.4005495922469792,-9.874103095338379,-1.5933389832435596,-4.97538023827091,9.163945248309878,0.8964906126527514,-2.579485710232101,0.13186109874037863,"House, Brady"
691785,L,2026,232,5.3596208561960745,-5.284350019817915,3.386754055132378,-36.35172638659401,8.366174678514295,0.3579353005967074,-24.165591515972466,3.357006548483283,-3.505830176581211,2.641544758380318,-12.03553945740852,1.084660760736571,0.08979292864027286,"Mayer, Marcelo"
691788,L,2026,324,0.8603201146375551,-3.3364904325239357,14.584338035490855,-16.185375839060026,4.479475104303169,-6.0777915625414485,-5.675524579693831,0.6028206951141805,-2.4474452993669713,12.133336856405956,-6.615236489780305,0.7713972914657644,-1.9366580569728757,"Mack, Joe"
692225,R,2025,263,-0.15487891322774008,-3.2972804216114975,9.354760322931028,-15.09923433811431,1.5612923132729963,-5.347639327178649,-12.982980363928172,-0.10147795345135797,-2.277902524879352,7.490648554527656,-5.427038740817095,0.22555882482137143,-1.471459640344266,"Campbell, Kristian"
693304,R,2024,387,-3.134363718263388,1.6175977105251926,-4.484496987883953,6.119145688829588,-4.1452201278082725,5.007329828677396,0.9799923940765636,-2.30871897737635,1.2403749780191229,-3.8357854557751647,2.7673727426976678,-0.8250124081074723,1.7946164695580966,"Gonzales, Nick"
693304,R,2025,409,3.0280291768745276,-0.14966470338148324,-7.062749296009934,-13.853686711490266,-0.7515028730979442,9.166441121689383,-9.623133285415715,2.262451737603613,-0.11622083483507042,-6.088451310354649,-6.455506453031983,-0.1563038792417196,3.402664617668811,"Gonzales, Nick"
693304,R,2026,593,2.9668965099764324,1.873805577931215,-1.7862110518130387,-2.0199113699787015,5.146291914947759,1.9589752623633616,8.139846843427026,2.405485252973955,1.5634943750627588,-1.6086619898232355,-1.128171335247528,1.4191182438415848,0.9034588638424282,"Gonzales, Nick"
693307,R,2025,468,-5.36925635889014,-0.8256944636617827,13.851903709817902,9.769572802654675,-11.850734268465708,0.2153869404329095,5.79117836188786,-4.143825708831707,-0.6597724075621773,12.152391893098002,4.88100694801633,-2.738219983151944,0.08683719408868136,"Dingler, Dillon"
693307,R,2026,593,-9.151686631464168,2.5480691490647827,15.51296097717824,1.6070687973977542,-3.4140592418824007,2.1247063483961575,9.227059398690367,-7.419957911508284,2.1260966605896088,13.97097540532393,0.8975883684510281,-0.9414455759182224,0.9798923041044157,"Dingler, Dillon"
694192,R,2024,569,-4.6360799465343465,-0.900070705933731,-0.7804591915824447,8.236909828519867,8.338027214714094,3.9175009652751758,14.175828164458615,-3.7290543252705617,-0.7458051594204448,-0.6999470803195232,4.516420792975146,2.231100882017601,1.7665623888529391,"Chourio, Jackson"
694192,R,2025,589,-8.67846218581155,1.7744529867461218,0.5939230723760344,1.3172241203226591,11.871476281546714,-0.8852550210965783,5.9933592540834,-7.027248967074412,1.4789317686113292,0.5345263968771595,0.7335036814415107,3.257602332860545,-0.4067818619471869,"Chourio, Jackson"
694192,R,2026,551,-5.4561893827910275,0.696337970991771,9.842363715931317,9.896081452278546,6.049607718802235,-4.655386960261415,16.372814514951425,-4.360842021778066,0.5737781234706085,8.797378913400541,5.347267305321773,1.5809360577859166,-2.0623146618407135,"Chourio, Jackson"
694203,R,2026,287,5.34221801558246,-4.749668020971798,-3.607379046193048,-8.716330297881754,1.2184117586110323,-4.402484270263199,-14.915231861116304,3.6041842784370646,-3.3683557234376997,-2.9374901268154052,-3.310182385596853,0.18958663493833033,-1.28955496842105,"Guzman, Denzer"
694208,L,2026,338,-5.741516366949963,0.37111198244425914,6.19375928608263,-15.354598471235265,-10.687976453689128,1.6700288828394558,-23.54919114050801,-4.073544078890223,0.2752630889096138,5.188974381868846,-6.433240341461957,-1.9058930194756165,0.5476006773547103,"Ballesteros, Moisés"
694212,L,2026,396,-15.93098896704513,-2.646066165403761,12.142255723889276,4.753729575020501,-6.2759585791255255,0.0164700832075934,-7.94055832945704,-11.805169981287499,-2.0398162550478967,10.420057268885724,2.176966584581551,-1.2722476520894432,0.005990191317324292,"Basallo, Samuel"
694249,L,2026,207,2.845281518031389,-1.7575520209417776,25.14426064990553,-28.277526254308192,15.56555698776053,6.25331345723698,19.77333433768446,1.7051965635023336,-1.120479011975021,19.103930683632388,-8.66247363411808,1.8260985827576723,1.4385730674132664,"Carrigg, Cole"
694362,R,2026,154,2.3300355766787892,-0.7827629828559989,-1.0957331223287408,-11.720014720362705,23.21888359290987,-1.6039231406319001,10.346485203409308,1.2271773044109753,-0.4436804595887669,-0.7689362508011881,-2.8983627713372133,2.089278615203017,-0.2916893883781537,"Dunn, Blake"
694374,R,2025,225,-1.970361526099425,-7.825227897028672,3.3648711568151515,-2.8925004065355617,-4.3087265639535755,-10.61620004560479,-24.248145282406874,-1.219957351456959,-5.137744418737152,2.6066329854906125,-0.9381423687479037,-0.5438920049496774,-2.6025613722465653,"Tawa, Tim"
694374,R,2026,330,2.677989993678368,-6.146492204178112,8.887358512880466,1.4848440165989927,-3.13067919057644,-7.904153791979691,-4.131132663576415,1.8867175257026165,-4.530640534529405,7.416436582804998,0.6134760668469511,-0.5473633420615056,-2.550212019770269,"Tawa, Tim"
694378,L,2026,220,-6.316002479194141,10.61368019626157,-1.720742841882554,-1.997204691784497,-16.454594600374538,-5.757279615481101,-21.632144032455262,-3.877020719895659,6.914564158787928,-1.3261996851777678,-0.6379689775118652,-2.0366249019137657,-1.3875919737519178,"Gonzalez, Jacob"
694384,L,2024,607,8.77533236552092,8.078597312986627,-14.158601250963342,2.2182214612556184,-0.5585720614704398,-2.53759743240313,1.8173803949262581,7.146006881968149,6.766588125563941,-12.780539235225516,1.2516774499955,-0.15664595049780983,-1.1850401473471672,"Schanuel, Nolan"
694384,L,2025,561,6.6751718178565875,10.11905266032575,-9.038165191212963,-8.111627572757738,-0.48625801195907503,6.126867839896942,5.2850415421495045,5.354270049769188,8.364277772144586,-8.093881954064784,-4.419261569986511,-0.12876867217402432,2.7413925018348193,"Schanuel, Nolan"
694384,L,2026,446,3.2472732141059018,9.898499777118463,-8.096681328951348,-0.088682309337853,-8.180943129293546,7.435863200953809,4.215329424595423,2.478244705977733,7.83178056385129,-7.060555941652737,-0.04323957501568232,-1.8212034301330187,2.9121699311397435,"Schanuel, Nolan"
694388,L,2024,262,-6.369998576540203,-13.990924720683818,19.409972719012387,-19.55789739754907,9.502065497495822,-8.217587897339724,-19.224370375604597,-4.168190769378314,-9.654138194723906,15.530359052706421,-7.0124476201095,1.3682888668280644,-2.2549180360210417,"Loperfido, Joey"
694497,L,2024,162,4.041282857626394,-2.4426189957187887,-14.007063881970117,3.5529575025947526,-1.2026303073493823,-7.045925835882539,-17.10399866069968,2.1793937813191184,-1.414773650888228,-9.976462593930988,0.9125678110467106,-0.11330684163052053,-1.3353213716654635,"Carter, Evan"
694497,L,2025,219,10.154883613619564,-3.5760631307632926,-10.51282052150215,-5.862126857822999,7.852424897203154,12.119881055825951,10.17617905656023,6.222510964254051,-2.3260197062515977,-8.093898302217513,-1.8667435765321927,0.9680404208673201,2.910987154669922,"Carter, Evan"
694497,L,2026,442,13.29011434419054,-6.153247702418655,-3.596544244268486,-11.501023320512202,-4.970142747827264,-3.138136733906981,-16.068980404743044,10.121020241836053,-4.859322248919216,-3.1326696331970965,-5.581765775830914,-1.0987004853969522,-1.2222856674906184,"Carter, Evan"
694671,R,2024,556,1.3974398356679494,2.371130155270161,5.744241992164843,-1.8681617133817696,-6.72211618018247,-4.657874735519962,-3.7353406459812484,1.1189193704776348,1.9568937379571525,5.139270436896184,-1.013636003706158,-1.7684290049273999,-2.0738044936162847,"Langford, Wyatt"
694671,R,2025,571,6.354537597693295,-2.808462928062734,9.84759318668276,4.1779944479506925,-4.1295036132614324,-2.415737805811724,11.02642088519086,5.114809450163221,-2.328510752597686,8.834908541226048,2.2944868844119832,-1.1078202922132538,-1.0914546124161957,"Langford, Wyatt"
694671,R,2026,450,12.790559727276658,1.1192362946969403,1.761732314207915,-3.218759679344644,4.330418663733073,-4.632340418249336,12.150846902320607,9.782055002910724,0.8871962210909862,1.5380344557697623,-1.576578661677569,0.9707254159156399,-1.8240665451985827,"Langford, Wyatt"
694728,R,2026,234,8.593462214086617,-13.229549295493273,5.441575497769833,-10.933589419042518,-9.474610108878284,-8.901587339794252,-28.504298451351872,5.399772514189939,-8.802285375147274,4.252227577093164,-3.640770985240485,-1.2375737789945995,-2.247474309200227,"Matthews, Brice"
695336,R,2025,294,-9.482629206128479,6.0073992882364955,-0.9305462462936438,2.4329258100104205,-0.6597684505363529,-12.00566240411265,-14.63828120882421,-6.447500248458559,4.290015508507995,-0.7611093453540588,0.9377959439506356,-0.10476724368599574,-3.5768598039102315,"Saggese, Thomas"
695336,R,2026,165,-0.5405151725630557,0.8595866645810494,4.090422320597924,10.152159927964664,-3.2964308820080808,-9.905423462211496,1.3597993963610042,-0.29395280992855694,0.5017142049868843,2.9287059666582556,2.643271162167211,-0.315776512248709,-1.9053211565677226,"Saggese, Thomas"
695506,L,2025,232,-14.370768067731685,5.420488668990771,11.168027323804417,-2.815955269698145,-46.02495081498735,3.685947201092643,-42.93721095852935,-9.001152097230518,3.596149512484257,8.710654378323504,-0.9323227292789094,-5.967059030222488,0.9246698871214093,"Caglianone, Jac"
695506,L,2026,533,-12.104834582177768,-2.071558107644851,20.668737458586044,11.947993548971908,3.4774082945643165,0.24270827104697149,22.160454883346617,-9.609600767087043,-1.6968648562492583,18.40828955041502,6.357315705128084,0.8866289311200722,0.10553347475695922,"Caglianone, Jac"
695578,L,2024,336,1.3890661330239715,-5.007251104790257,16.546140593446378,7.638247715991748,-6.210256721400316,-3.660140548885164,10.69580606738636,0.9838262113739553,-3.708303089697583,13.848564230143522,3.1892286080933183,-1.1020305949205815,-1.1953739406725712,"Wood, James"
695578,L,2025,683,-1.1943905914952848,-10.027098642923063,26.800478934597606,9.103904402667586,-7.227249420873598,-1.074740807193086,16.38090387478016,-0.9931455037961424,-8.553211204365333,24.45685374067849,5.398830443038375,-2.2032174351144866,-0.5335405318738022,"Wood, James"
695578,L,2026,598,6.372312398221564,-8.016605045390534,26.98508637945592,19.755981270345664,-23.21184236621325,-0.019089463345289798,21.865843173074076,5.174698162213209,-6.698291575762713,24.322988464910928,11.075093801750118,-6.439789449993077,-0.008843702266967117,"Wood, James"
695600,L,2026,585,7.023011873845814,-8.206212171246039,0.3967361617669082,-0.8554520973513163,11.168172608667685,1.8751709762608446,11.401427351943894,5.679385316330976,-6.831752284411848,0.35681563317880755,-0.474924282889935,3.04948222251542,0.8584835989631391,"Jensen, Carter"
695657,L,2025,283,-2.5796348127981017,-9.303065835090337,11.548021454397357,11.55263245650928,13.825446290253952,-2.964674802493863,22.07872475077828,-1.7324117149011438,-6.570512553757693,9.378941069993681,4.349191553230091,2.125887092437148,-0.859805578544847,"Montgomery, Colson"
695657,L,2026,616,-6.335258794336752,-17.224945125614507,11.949027520427032,0.5370181209183724,6.638850296140718,-1.763562375719943,-6.19887035818508,-5.173017402217854,-14.461833286896196,10.801384095236445,0.3049650695531701,1.8815803476790853,-0.830035070383512,"Montgomery, Colson"
695681,R,2025,184,4.972277265049763,-18.10408887912278,5.47771622949023,-3.6846267121422414,-0.1250237106189778,2.3948797050283925,-9.068866102315614,2.837784462700542,-11.041478650609495,4.040491576732629,-1.038678711941731,-0.013209845644343559,0.5025719969539219,"Moore, Christian"
695720,R,2026,185,-10.240512465363684,8.468486608842866,-6.729177634599875,2.153172625537451,-25.016164633245573,-0.7476982375479575,-32.11189373637678,-5.858071636856282,5.175748168685685,-4.970648404117721,0.6093343236885652,-2.6560159338297855,-0.15757953429860577,"White, Tommy"
695731,L,2026,249,15.703251374219438,-0.7164025955476587,-2.2683876712508937,-3.4602001308148203,-12.128249591876271,5.433773708891911,2.5637850936217044,10.093234832298478,-0.48646568611978847,-1.7962439259055256,-1.2004460180339873,-1.6717453550560746,1.436612682743386,"Montgomery, Braden"
695734,L,2025,351,2.595704710472782,8.466961493925304,-5.894741202782756,12.672055479862358,7.59865958860277,0.1641417993230401,25.6027818694035,1.8616553345091913,6.340812777073089,-4.968315985360897,5.426079191074603,1.3975327430211248,0.055195890754065446,"Lile, Daylen"
695734,L,2026,640,-4.318132087928465,3.047506768745733,11.191538477492198,-4.000699343009304,-10.648890695060716,-1.0574174730350872,-5.786094352795639,-3.5503698699400394,2.574130565055041,10.153216713227582,-2.3093626726031924,-3.101445745422807,-0.5077614163163119,"Lile, Daylen"
696030,L,2025,175,2.73922405628162,10.595375438017449,-1.9676791967024958,4.740328698547761,-32.7192276807137,-3.9162332179812838,-20.52821190255065,1.5295649710192598,6.334903084545415,-1.432082163826566,1.2886835666907555,-3.3050567490248746,-0.7897401583437461,"Osuna, Alejandro"
696030,L,2026,227,2.908532008449306,5.723001763414911,-5.673412977354147,-14.225172449055815,-1.6030081598215142,6.242705734021987,-6.627354080345276,1.8068923953544604,3.7689076873911698,-4.403712288406303,-4.641367279653257,-0.20391810517012854,1.5406455814124265,"Osuna, Alejandro"
696100,R,2024,224,-8.172920428522302,-7.582165534298237,-6.572042735522448,5.9148050595356105,4.660680831280559,-1.1785129792146478,-12.93015578674146,-5.051707979435806,-4.970538132764692,-5.085985928749992,1.9126158122797423,0.5860333367303181,-0.2879421228035951,"Goodman, Hunter"
696100,R,2025,579,-9.261095437275165,-3.266295914887473,-1.6498027897608412,13.392836407673135,27.126149290884367,-0.8129393547657836,25.528852201868244,-7.4744652271353225,-2.714512009501914,-1.4822501707509725,7.401230324392708,7.351446350945007,-0.37009739702908034,"Goodman, Hunter"
696100,R,2026,550,-11.570308906351334,-9.679000144020218,2.336393015743565,14.842969038963929,17.780194550265918,-0.4448045780340116,13.265442976567853,-9.244158446089301,-7.97288403722147,2.0879301185875843,8.013580582353898,4.640242916734813,-0.19684699484171692,"Goodman, Hunter"
696285,R,2024,522,-0.19228893786773568,2.5870236300581846,-14.29608127369304,-0.13832908013421155,-0.03830829026130917,4.0026829405436,-8.07530101135451,-0.15199117180096466,2.111049151188182,-12.703305912418127,-0.07288379437005812,-0.009616423295219266,1.7199465936881582,"Young, Jacob"
696285,R,2025,364,1.4633869428140762,4.627171782884706,-13.554446025359145,2.2088582634136307,-16.97654999876079,-0.741549886426225,-22.973128921433748,1.0602584668069635,3.496595568763644,-11.488696553325692,0.9655344053455018,-3.216032391982603,-0.25541518429115173,"Young, Jacob"
696285,R,2026,460,4.819369065690065,1.3750135617911803,-6.192679906120197,-2.082066179760992,4.71376967287093,3.8344928383064527,6.467899052777439,3.704734771471258,1.0948803221455548,-5.4213224486627904,-1.0312532645731565,1.074786378847193,1.530064510273512,"Young, Jacob"
699013,R,2026,287,13.918458356330321,-21.66248240206939,14.162625914414338,14.812584932897426,13.065347265719499,-16.261651605866476,18.034882461425713,9.390236160644092,-15.362536131093556,11.532631658787366,5.625344159106759,2.0329869643019762,-4.763286439141228,"Valdez, Esmerlyn"
699393,L,2026,201,-1.6093513932625112,5.5294602390685474,-5.643639353874209,-17.910899496014654,4.427530394636818,-5.810200206551066,-21.017099815997074,-0.9530952706293029,3.4874208134347953,-4.257355573931888,-5.375478111354993,0.5060881214564673,-1.3066045212548865,"Ramírez, Pedro"
699912,R,2026,219,-11.778678824571601,2.1087619506075677,1.0857738884507413,-11.419861327172354,11.446054524345488,1.28664078572847,-7.2713090026116864,-7.2175084342694475,1.371626191582308,0.8359453501892228,-3.636556030673171,1.4110600972400535,0.30902900636385405,"Fernandez, Jose"
700242,L,2025,327,-4.8415035292783895,-4.793403431233729,-3.8768691856788102,-19.36419113785243,2.6919036259789286,0.5612281839270644,-29.622835474137364,-3.401750931396905,-3.5247641917344494,-3.230314418034986,-7.957639129210871,0.46711229319144937,0.17995747740258927,"Sweeney, Trey"
700250,L,2024,178,11.31892253166773,-4.633885425250275,2.8413629185291644,8.921762391216408,-24.499026672076493,-9.35594524598711,-15.406809501900579,6.367807382469692,-2.789473139172255,2.0774821530421312,2.4555634776606534,-2.512784632162981,-1.9124343498631498,"Rice, Ben"
700250,L,2025,531,9.242058615731619,3.2020123241303775,10.282322170750593,14.260618175893676,-13.685305697308232,1.5869998070571447,24.888705396255176,7.331251993966009,2.6210624383362555,9.15401956624598,7.574473034299423,-3.479555185950363,0.6885873059730468,"Rice, Ben"
700250,L,2026,646,5.263338070694985,-2.629722976640918,12.447990990677962,14.552138096092502,-0.583476894803683,3.5222380905482145,32.572505376569055,4.334676834173124,-2.2244513346793147,11.302838601510706,8.433185958218559,-0.17106132483010136,1.6995492565725014,"Rice, Ben"
700337,L,2025,266,11.498231006862913,1.9544745413553468,-13.121729939169823,-9.59797363856618,-9.232152011500533,-2.550456702484583,-21.04960674350286,7.563146952964094,1.354959099046046,-10.530645185732686,-3.4748536049752596,-1.3467572892401698,-0.7075694899028246,"Quero, Edgar"
700932,L,2024,157,-0.04406411990465642,-4.315877676810418,4.008727537936318,-14.462469293722632,10.340138876768705,-4.468883421992,-8.942428097724681,-0.02341939423784736,-2.4667149312965693,2.8292686444616075,-3.6287643018960236,0.946890419778086,-0.8256180254155674,"Manzardo, Kyle"
700932,L,2025,530,0.8391505718884998,-3.659078754793732,6.764258629148069,0.7006688990895586,9.89105523857052,-0.1504899278463423,14.38556465605657,0.6653956235542282,-2.994177067332151,6.020754591560528,0.3718286865925596,2.511315062527197,-0.06522677976884268,"Manzardo, Kyle"
700932,L,2026,355,1.789265530287319,-9.926794239040522,5.490618181109138,6.382654419949563,-2.673036310184007,-9.60930482125188,-8.54659723913039,1.28737431171525,-7.455158983833814,4.635914889556753,2.7507274561148782,-0.4961829045194473,-3.255664697085108,"Manzardo, Kyle"
701350,L,2025,303,2.7793480674249427,-7.800360020445486,12.319025726303213,7.538327614197484,2.1159820780082157,9.00273205422272,25.955055519711085,1.9078936920214271,-5.618113877768568,10.130728443912252,2.959751169857297,0.344615850681501,2.7393180200369636,"Anthony, Roman"
701350,L,2026,228,3.367774809708793,-8.085940430787335,16.688157782946565,0.4522474665350887,-14.232629382030895,1.6558925538333045,-0.15449719979447896,2.095673160773892,-5.33301777800307,12.966102103838674,0.1479959203341414,-1.8174851702527204,0.4100144090747772,"Anthony, Roman"
701358,R,2025,495,0.9950147384840972,-2.6685354187788324,7.288542484182999,-5.945105732821361,-2.6796161883325387,-4.312478204577426,-7.322178321843063,0.7776018846757133,-2.155928007880276,6.437380433817349,-3.0535973068451736,-0.6462550821927439,-1.7971602269187985,"Smith, Cam"
701358,R,2026,547,0.5037627917656994,-6.346309694087266,17.10922261405498,-5.716576780954317,-14.449491493621721,-3.3587089449720207,-12.258101507814647,0.40204060222743254,-5.22259758194723,15.280835884708383,-3.078557908799848,-3.755779390600418,-1.4818565231765832,"Smith, Cam"
701398,R,2026,673,1.8150163445518799,-0.11521054837664474,10.602208068342737,4.2040907905139715,0.277386732933207,-5.344100141290923,11.439391246674226,1.5054318819832435,-0.09806152461974738,9.662520188266189,2.478139387192893,0.08369646620200291,-2.633302858945709,"Stewart, Sal"
701538,L,2024,593,-5.15389268131453,6.529239687840896,4.8190522318043945,16.97793781371674,-8.670165597591062,6.282182784341561,20.784354238798006,-4.178646878522561,5.447966238122972,4.340039294017301,9.482605552763573,-2.390845754577459,2.8972768721665103,"Merrill, Jackson"
701538,L,2025,484,-6.787614555387801,-2.138743821766498,11.131755791980186,4.300693267489592,1.8394307921501258,3.756332653115872,12.101854127581479,-5.278294433921078,-1.7203949342291787,9.805754547349625,2.1848235970287213,0.43610275024962913,1.5449155209032561,"Merrill, Jackson"
701538,L,2026,648,-8.375302255072677,-0.7403033448263779,21.673680305970194,2.774088210238266,-11.447458405201726,-2.1057528983771707,1.7789516127305065,-6.901325550547594,-0.6265117820763291,19.685400405118735,1.609715501458279,-3.3634557240641056,-1.0176926701757139,"Merrill, Jackson"
701675,L,2026,454,-13.844306526335114,10.76905952294287,-1.677394872131747,-5.825948469272696,0.6910928632204069,-3.90636002105766,-13.793857502633937,-10.609934563350093,8.552039277733659,-1.4660459637263163,-2.8664892436084766,0.15598461309117778,-1.5464588612142676,"Church, Nathan"
701678,R,2026,344,2.311578666790658,-5.42782691717651,-11.727035358305871,10.776766153854119,15.209752019202254,-1.908805355466234,9.234429208898417,1.6483926746503472,-4.044173876163223,-9.8524904278138,4.561455157164927,2.751657231826068,-0.6333194357334158,"Lee, Hao-Yu"
701762,L,2025,487,6.389251465550819,-15.54298016950923,23.632580688828817,11.473500167790494,19.974114555912738,0.07174682456969517,45.998213533143335,4.9753280891777365,-12.517779650490366,20.832783263778072,5.846447433350175,4.757937848521672,0.02961564856179107,"Kurtz, Nick"
701762,L,2026,426,11.647289297678096,-15.509888378189512,27.294078178694186,3.361531743361107,4.5680346467908,1.3015233315541557,32.66256881988883,8.791200543226678,-12.152437774227531,23.6591356366634,1.6005061930889446,0.9811071801523871,0.4955722547296719,"Kurtz, Nick"
701807,L,2026,630,1.1611163894827474,1.5174968181831185,2.404237676336184,8.404505694476228,-1.5800665975733883,6.3277912113340316,18.23508119223892,0.9519836401934446,1.278627988281314,2.1779713675792975,4.819076415406969,-0.4550683681620955,3.013677078868865,"Benge, Carson"
701852,L,2026,159,2.781647854080196,-5.419682406984612,0.0009959377864209422,4.531460498960784,-23.872963498208712,-9.06302076245258,-31.041562376818504,1.4871668480730351,-3.114372683182202,0.0007055212933605211,1.1477995818628135,-2.211417924451706,-1.6917246795909564,"Cavanaugh, Drew"
702176,L,2025,153,-6.653940494852365,-4.978734742001767,-11.824579731608347,-30.54382024090734,6.711861343300884,10.695616732963686,-36.59359713310524,-3.4936726574293937,-2.8140456391550117,-8.28181467497253,-7.516516604415049,0.6003749208559929,1.9347585913469918,"Roden, Alan"
702222,L,2026,450,-9.032477484822802,9.495233837506877,-10.333251673736891,-2.3611461272607888,4.96666073320604,-6.662737124621201,-13.927717839728764,-6.9079222061458605,7.526681915986649,-9.021175910878062,-1.1565115051086747,1.1133481957139684,-2.623571411245101,"Crawford, Justin"
702284,L,2025,256,3.66408154143101,3.5568685662779638,-10.959186407836155,-0.5746932274426247,-9.687088160421036,-4.654398487876387,-18.65441617586723,2.3783142302765903,2.436638964730607,-8.727806905184192,-0.2030032281796758,-1.3674965353861874,-1.255816999627774,"Young, Cole"
702284,L,2026,621,2.4732731991059076,2.4103430804762245,-11.73745942742673,7.622552274565428,-8.201182100843344,2.966740295865104,-4.46573267825741,2.0225238039182787,2.0263089023245637,-10.61834730221354,4.3438537212548365,-2.3378642829710836,1.4022972155807938,"Young, Cole"
702332,R,2025,507,3.7776074080983664,9.546730215001492,-26.347147585400126,-2.0465975689953995,8.000966700726897,15.18780728379875,8.119366453229977,2.9675391588037265,7.748095972794803,-23.33480419788417,-1.063440232229573,1.9649197875307232,6.417889080027705,"Durbin, Caleb"
702332,R,2026,572,1.5445222306945061,7.542358768463422,-14.272450669469158,-9.80534018330719,15.730727096696238,5.335139722952978,6.074956966030798,1.2436203498992633,6.2552764990604075,-12.807034964030978,-5.389181452873284,4.225481345395078,2.4127820785337493,"Durbin, Caleb"
702358,R,2024,211,-6.788978942070384,4.330087415536103,-12.788165419631902,-11.916430108539664,-19.169654267198403,0.06811140082011947,-46.265029921084135,-4.09982383766267,2.779628814047366,-9.760553181027223,-3.6990954184868214,-2.2871914436832697,0.015901105243444652,"Lipscomb, Trey"
702616,L,2024,208,3.638014680379964,-13.238057213028156,-2.009168209505174,-4.272937143818278,-3.8685160256254894,-7.3132066698333515,-27.063870581430486,2.184495171289675,-8.454292862380058,-1.528276849103297,-1.3133418131520318,-0.45577539702101744,-1.6886520702878787,"Holliday, Jackson"
702616,L,2025,647,7.082420567207708,-2.501944694889903,-3.2066477456601925,-0.9259919543561224,-7.900822803779569,1.4630468864904573,-5.9899397449876215,5.834392215139732,-2.116869435427486,-2.9120663837609846,-0.5369754395348384,-2.3188635838853964,0.7065140210248512,"Holliday, Jackson"
702616,L,2026,353,4.9339381582360655,-1.7629407762787892,-2.061933388839075,-6.616027043775558,-2.523467253005362,-1.2187245491894685,-9.249154852852186,3.544329537261186,-1.3221276581754675,-1.7394260887595512,-2.842140890098755,-0.46626774867013693,-0.41136691919617463,"Holliday, Jackson"
703520,L,2026,172,-3.563432951194811,3.2098780145657626,-10.613251520406859,5.059507001579352,17.77541957182675,3.5255296615288394,15.39364977789903,-1.9745887311529684,1.9057979898435187,-7.687853675275413,1.3582044208366995,1.767823212102294,0.7011878823055505,"Bateman, Brett"
703601,L,2026,187,-4.773462923504571,8.683955605474921,5.227004138901687,-2.0897121401690018,-0.77424547907685,0.30692916223645594,6.5804683638626384,-2.74320888419494,5.329601269285797,3.871858097075937,-0.5959454223245462,-0.08299660090348294,0.06523686954536466,"Clark, Max"
703607,R,2026,449,6.696784347403961,-11.979171859138782,7.110345450992367,-1.7473009202153995,3.3347243758163554,4.170169695836989,7.585551090695489,5.1189326380006435,-9.491267424620672,6.205746708019221,-0.8548729920692385,0.7462368320881376,1.6398644744190762,"Bolte, Henry"
800050,L,2026,536,8.275632955245213,4.9850068161543355,-2.0295943632761366,-1.2871505794327112,0.46021745428840405,3.1518094807293124,13.555921763708415,6.5773213346481665,4.087481283147378,-1.8087338160523245,-0.686668365981977,0.11783222343587148,1.3748066321454266,"DeLauter, Chase"
802139,L,2026,600,9.589213502516987,4.390533016854344,9.353219384849892,-9.819465724743758,-19.638532389845828,8.6771240885675,2.5520918781991364,7.7918953123265835,3.670531335433987,8.433290824438284,-5.51281269453022,-5.4615808361960045,4.027113634858395,"Wetherholt, JJ"
802415,L,2025,440,0.07058422589625758,12.105620548668448,-29.991393964615984,9.819450898258246,-3.0843758463772506,6.115509410849835,-4.9646047273204506,0.05369486578270967,9.550881225773866,-26.107861819297575,4.7545291775494345,-0.6794269739554915,2.375362990900297,"Simpson, Chandler"
802415,L,2026,604,0.05674185493651907,9.570925515404273,-27.396680926839288,-7.319478697868749,15.568498175437227,5.72343954860804,-3.7965545303219725,0.04616396040770251,8.010092575659781,-24.7182021119857,-4.121248329645778,4.3504811679419415,2.6657487355049176,"Simpson, Chandler"
803011,L,2026,535,8.669437319438806,7.426607267229596,5.649697420367451,-11.518622263172697,-4.18829030190944,9.39913557052088,15.4379650124746,6.887667811995156,6.0874351694040625,5.033873200788289,-6.139594383017768,-1.070863850934236,4.095549121428445,"Antonacci, Sam"
804606,R,2026,319,-10.217058789909554,-0.32904478203365845,10.338797141562475,-4.625660584423391,2.1483583646565387,-3.894498973147126,-6.579107623294719,-7.125597985470368,-0.24036324667604245,8.578691810410787,-1.8732250116234557,0.3652237938009119,-1.2278498529284854,"Griffin, Konnor"
805249,R,2025,218,-0.5827395565011932,-10.0437459234555,-5.205560968765259,16.305772139801856,0.5040821931568732,-3.1156247218016877,-2.137816837564909,-0.3564465816614684,-6.522410161561368,-4.003574249877066,5.176248947520697,0.06189391819791035,-0.7457203837342218,"Kemp, Otto"
805300,L,2025,234,9.077877916673383,-0.7159769988236611,-6.0990335567890925,12.094083684197944,0.8258583480885066,-0.5896519639346003,14.593157429412479,5.704159096815769,-0.47637555331036435,-4.765987110612383,4.027203444626348,0.10787363543333542,-0.14887542970994472,"Marsee, Jakob"
805300,L,2026,603,12.378027952465025,1.6711755210700427,-3.347380018501267,-12.687477251219734,3.550867371964655,2.759725266558632,4.324938842337352,10.067386583018042,1.3982609403308304,-3.0196286590203933,-7.1385387870427275,0.9910746576371154,1.2842316231194237,"Marsee, Jakob"
805367,R,2025,505,1.5452314628370567,10.333736863447996,-14.929430758195238,-5.7738475932555176,-2.5404060750161928,0.9377870483191268,-10.426929051862768,1.2128427729650142,8.38057489754786,-13.216522521974113,-2.994473539566779,-0.6220278985811467,0.395375108349442,"Meidroth, Chase"
805367,R,2026,634,0.040861644270261524,3.621261912636003,-11.292297531842237,5.781193145273578,11.378400883504158,-0.8180134036884718,8.711406650153291,0.03354002370278781,3.0542731611012335,-10.235640513297218,3.323836174219622,3.2918327856003033,-0.3908790833732661,"Meidroth, Chase"
805373,R,2025,210,-4.733982074306894,1.0302877305239866,-17.659826237828636,1.7071311882093068,0.6847613165223785,-4.83389749344809,-23.80552557032795,-2.85344128723738,0.660250583460281,-13.463664189318441,0.528192825135634,0.081359813220305,-1.1244044595868834,"Alvarez Jr., Nacho"
805779,R,2025,523,-4.0270204237645135,14.249074403944844,-29.795895088273486,7.720380514603712,21.848108092302045,2.251020593075176,12.24566809188778,-3.184358489036699,11.631545136011848,-26.481873771488235,4.07145123717964,5.492335068864865,0.9683159181469471,"Wilson, Jacob"
805779,R,2026,337,-11.408150679063816,14.322997247696492,-22.81103430760867,7.404323063035714,11.083959268750782,-1.3317156713872491,-2.739621078576743,-8.086988759147095,10.615591479242694,-19.101310774869468,3.0969097512733357,1.971697733975935,-0.4357989962564781,"Wilson, Jacob"
805808,L,2026,691,16.60061059575126,6.872451644477995,13.917974267061897,-16.756925363880775,-2.329320630949084,2.6241637148927364,20.92895422735403,13.83052212617567,5.872260331347707,12.713758812993467,-9.984296107114933,-0.7158515333821351,1.3103699855843418,"McGonigle, Kevin"
805811,L,2026,447,10.337493799487643,-7.663312880297983,12.111809685037308,9.720151827113542,4.650407044363656,-1.709563255093957,27.44698622061021,7.893521048786315,-6.066114371078273,10.564896320233832,4.744774900797838,1.0370555012145275,-0.6704431667020855,"Eldridge, Bryce"
805999,L,2026,473,3.327801507513275,-4.153174749742634,-0.6473227685613754,5.63980864808111,-6.674863137111266,1.4399817746345447,-1.0677687251863466,2.574505327313415,-3.3256649011584316,-0.5686392188835664,2.8327061135261378,-1.5549268357019561,0.584241032377631,"Ewing, A.J."
806068,L,2026,242,-9.805934417998671,-8.933929862520204,10.50808687295468,-13.96436942142479,2.3532155557516625,-9.120343539943313,-28.96327481318064,-6.238280892135441,-6.010688475359614,8.271129412430184,-4.754832785806103,0.3164724323675958,-2.361050780893722,"Emerson, Colt"
806146,R,2026,153,-2.4280395331231697,-6.157669338767469,5.926393842318694,-10.811493660062098,-3.9748935889505814,8.252732790598333,-9.192969487986288,-1.2748498930209116,-3.4803948087321035,4.150785618349067,-2.6605961851997435,-0.35555359412469,1.4928588100479547,"Lombard Jr., George"
806198,R,2026,252,3.318402436103067,5.464122613943261,-3.242967516914671,-3.7794829343827656,5.5504861875766185,-0.3715591748633346,6.939001611462178,2.1420067811936656,3.7245867740730927,-2.5743529624294244,-1.3214887980778298,0.7730072729900757,-0.09910284927887554,"Pratt, Cooper"
807712,R,2025,207,7.41392627198109,4.683744753917498,-13.113912219878033,-1.42597619952785,26.123193445498924,11.627685682584223,35.30866173457586,4.443216434270021,2.9859928079969573,-9.963596604727805,-0.4368303337498609,3.064684840088936,2.674945942451354,"Keaschall, Luke"
807712,R,2026,601,7.767472723094123,5.197666459025664,-2.5976488071168347,-20.076772222662377,10.444652010672659,13.443517521743557,14.178887684756793,6.313574655492489,4.346489288777244,-2.3425424543234468,-11.279667943178271,2.908206765998387,6.2447982680227545,"Keaschall, Luke"
807713,R,2025,438,-6.607209495971459,4.972889945437475,-10.441062009832624,3.6633841215911445,7.717665705085543,-0.31649517866648763,-1.0108269123564069,-5.020753861221791,3.919646785560294,-9.083696580291301,1.769624380543994,1.6940177389413777,-0.12258951202429752,"Shaw, Matt"
807713,R,2026,192,-5.077181416277691,7.588238016940524,-5.518095820434569,-9.225508439483953,8.93943232320404,2.570766545238007,-0.722348790813641,-2.950428670907387,4.704449503708072,-4.11526607346617,-2.680840377544499,0.9810885038752125,0.5578482557170072,"Shaw, Matt"
807799,L,2024,422,-0.9434294213964489,11.406615223291869,-6.3143000842316175,-9.132737305270265,8.900980253507528,7.892095016516213,11.809223682417276,-0.7104352074761859,8.91910600130125,-5.466480190258424,-4.3268305848175785,1.8975991299496209,2.9874845860196326,"Yoshida, Masataka"
807799,L,2025,205,-4.353153230903902,7.5104323487885045,-0.8075889448583264,-16.737276719843507,4.55662402762564,13.874335532740893,4.043373013549301,-2.5987154321037287,4.771197139348703,-0.612149604710449,-5.092794448349242,0.5300035938670924,3.1679901092238025,"Yoshida, Masataka"
807799,L,2026,296,1.2330906393397212,9.22751703966519,3.4888970049116925,-19.275959128142446,0.5246368770852019,7.420358729270901,2.6185411621302626,0.8402293436991422,6.602325285545206,2.8571423592102256,-7.461094743548622,0.08378538772274727,2.221292555418819,"Yoshida, Masataka"
808959,L,2026,523,9.768342430287198,-21.12822172796218,18.481214260055793,9.021528707502046,1.8044872977169588,-1.5341012060704482,16.413249761529368,7.724297586905259,-17.247005504050254,16.425658021975035,4.757630034935685,0.4536250381360953,-0.6599204922674977,"Murakami, Munetaka"
808975,L,2025,170,-7.045855174046081,-4.789971883914089,-7.008856198330257,-2.1490923235463164,33.66376969119695,-8.329629907288446,4.3403642040717605,-3.8839139647202305,-2.8304172778073315,-5.060550447071783,-0.571992377226383,3.3128724551423376,-1.641200904516659,"Kim, Hyeseong"
808982,L,2024,158,-1.3608436790378202,14.966173634418935,-6.747806235586243,-14.799512449867102,-16.412789655134933,14.377333524652602,-9.977444860554566,-0.7254183196771518,8.577088886489815,-4.771333069210422,-3.7310205514486454,-1.511680286500553,2.669962560854654,"Lee, Jung Hoo"
808982,L,2025,616,5.988799098907765,10.312903234781785,-14.887585222802278,-1.6787295411068965,-1.2887257642275423,5.6310191907439116,4.077680996296747,4.890117825136113,8.658575467013915,-13.457708250077472,-0.953326994607029,-0.3652501507569552,2.6502852831683796,"Lee, Jung Hoo"
808982,L,2026,579,-2.7782343859396668,15.273331053334205,-13.367199230499757,-2.9978464683448074,-0.8106899809497421,7.656747774524294,2.976108762124527,-2.242263504483169,12.693167321553762,-12.009637433540007,-1.6566880617368835,-0.2197047519827448,3.4857980542424056,"Lee, Jung Hoo"
810938,R,2025,295,-10.280789017565846,10.370135309006065,-9.793059750297019,-6.115531963218128,-2.39553388247416,-3.6715244076127402,-21.886303712161826,-6.997783579640868,7.412724438135922,-8.014854453623839,-2.3622147911680336,-0.3814841264440655,-1.0964706671022102,"Williamson, Ben"
810938,R,2026,277,-10.870565932148098,11.297185410666371,-10.495225382515306,-5.291692374117742,-4.26289583018139,-2.4960656668316354,-22.1192597751278,-7.24880511493199,7.928463903607474,-8.48935374738224,-1.9656029440714682,-0.6436906921098455,-0.7129370019794962,"Williamson, Ben"
813841,R,2026,153,-1.885230964195977,-23.25948524200501,1.3652688524334675,11.97203542505307,19.778513781192242,-0.37065538845233675,7.600446464025459,-0.9898465244235511,-13.146563616268939,0.9562203371289257,2.9461934476858804,1.7691848860799892,-0.06704884020638457,"Cox, Jonah"
814439,R,2026,282,4.69878782983964,-8.703097910753314,-5.649229583805545,9.95114124585522,2.7976141373412284,-5.856073637371175,-2.760857918893945,3.1519057093869676,-6.140375166446606,-4.585073228131047,3.7380168783829393,0.42889161700026246,-1.694094720628445,"Waldschmidt, Ryan"
