batter,side,year,PA,DECISIONS,WHIFFS,INPUTS,SQUARING,LUCK,OTHER,TOTAL
444482,L,2024,262,1.8319227421290414,1.7970501587215095,-2.9655233312125717,-0.8213146582237785,4.082866517044583,-0.07294603919910103,3.8520553892596854
453568,L,2024,499,-2.49715232132817,7.260840835228897,-24.660443712980914,9.601241328389065,12.626985312802274,7.406325078811404,9.73779652092256
455117,R,2025,161,-9.26343503738249,-22.345555039080406,-3.6197146361171813,4.190091622508984,6.473970996525429,6.230694854757414,-18.33394723878825
456781,R,2024,309,-3.315966491704399,4.668413853338117,-18.193445538531687,9.583671750100258,14.30576531467144,3.1302519062342515,10.178690794107982
456781,R,2025,180,-4.094622484399249,-0.30705115059779675,-22.481871782835515,-0.40818006686754255,11.363388398026819,0.06515560169359946,-15.86318148497969
457705,R,2024,514,16.544643367519665,-6.386988541121904,12.436918314271939,-11.937335033657288,4.506575972489765,-2.697281551680694,12.46653252782148
457705,R,2025,547,11.109666636952369,-3.3508332650825006,6.804213426194006,-5.4984292362485485,-16.25209139847475,0.1313504239516482,-7.056123412707777
457759,R,2024,537,3.170158733728985,12.106377822626937,-18.02037937857585,7.424915152812301,-2.786277410436886,2.2854849849835723,4.1802799051390584
457759,R,2025,191,-0.0682111785441784,8.53549079472865,-14.789982669063058,0.46367549466865915,-17.538632049315343,-2.2512930856679234,-25.64895269319319
467793,L,2024,431,-0.7169487722587529,5.668637356578456,-12.856590118192889,-4.460982365719809,-5.8998436479881144,6.537678978697079,-11.72804856888403
467793,L,2025,328,2.85349408328402,4.047947384038486,-8.537842283078453,-9.946646056501656,7.11998974550933,-8.694020902580135,-13.157078029328408
467793,R,2024,162,7.214978588303095,1.3795107092014973,0.4962561898660128,12.256457611888598,10.876087352972183,8.713849828336365,40.937140280567746
500743,R,2024,337,4.432576405844424,11.985202846500826,-24.86808536164996,4.331474578105102,10.315074984999528,1.871960859912378,8.068204313712295
500743,R,2025,315,2.2064571312871113,7.677980144707191,-22.178621947003286,3.870923244468183,14.425118755092983,-1.6391006342073975,4.362756694344786
500743,R,2026,243,-2.2496451529135726,8.879461184468758,-19.159246171036212,1.0909759108835133,3.112728889582581,12.611348081367533,4.2856227423526
502054,R,2024,479,8.295610617022039,-2.2079642614227253,0.32317786314309066,-0.12001454877102374,-3.7459274080834457,-0.9564226940913323,1.5884595677966014
502054,R,2025,447,7.585491202046861,-1.2937259621447805,0.6668983395730917,-6.961953528072932,-0.7181820056319361,4.438192518802653,3.716720564572958
502110,R,2024,495,-0.4554341946680586,-5.274821538740086,14.57377708775894,6.62465270749634,-17.490393065379212,2.195285376132995,0.17306637260091365
502671,R,2024,653,-1.4940878631755923,-2.7786208894447206,5.932979534068246,14.535647727101813,-4.552775006761903,-5.5114109780102645,6.131732523777581
502671,R,2025,529,-0.10396866416693284,1.88394804065444,4.562357529514437,2.1594011415826753,-7.7540152782729335,2.8598361921895865,3.6075589615012738
502671,R,2026,368,-2.022966625248175,-1.5430664748098688,4.853541200249537,2.304481543108957,7.084384468856111,-3.130111418527008,7.546262693629554
514888,R,2024,680,-10.066273241959072,7.779700293742431,-13.518203384152539,10.833221576322838,10.95222246714889,5.149667205116915,11.130334916219462
514888,R,2025,649,-12.384607930847064,10.056158361290944,-12.067898021422115,0.005829141265295186,16.275246371048237,1.3572410554748058,3.241968976810102
514888,R,2026,550,-11.827873868107732,5.763810244315878,-8.891288858819642,-8.575927662794339,18.27378854103017,0.1256388453204602,-5.131852759055204
516782,R,2024,369,-0.8117157909113493,0.9212043333213313,-2.521273732366169,14.60912602163824,-12.07628360500461,1.0452226031151108,1.1662798297925554
516782,R,2025,329,-2.335516043202611,4.309811101273802,8.27810924342919,-8.694983486818225,6.126158380795261,-0.9294672171097584,6.754111978367657
516782,R,2026,168,-0.5505288759516938,-0.043953644450118665,14.462680442662787,-20.784740947051564,-11.588005777199545,-7.315996599001318,-25.82054540099145
518595,R,2024,341,6.133690071229612,-6.285469373039061,-2.917905835958261,5.188334094349777,3.166344120435702,1.1253964487463535,6.410389525764123
518595,R,2025,231,-6.170011504239249,-12.617228257698123,-9.375684785811195,1.5428774896221087,-3.574635332276271,4.729405541942995,-25.465276848459737
518692,L,2024,630,6.71170450712548,5.026977436960085,-4.274387963047969,10.193357995580477,-1.850635520691244,5.115389486892497,20.922405942819328
518692,L,2025,621,2.4848291298186855,-3.6512503704061787,3.033857243417791,8.062530391425833,9.09084715110457,3.267326132969687,22.288139678330392
518692,L,2026,637,4.255603585784419,2.8072811381712417,-0.16478710083834705,14.078170470243714,-13.426396190921126,5.797106340526484,13.346978242966388
518735,L,2024,183,-0.8103266027421248,7.055215329458037,-12.260484063463318,9.420080273420645,25.067791111400858,6.53547133462043,35.007747382694525
518792,L,2024,256,-2.338429915797801,2.651025601774382,-1.8295961227073558,-8.046328849254728,4.4036252323371965,-2.7299524548353395,-7.889656508483641
518934,R,2024,228,-1.7241035875290196,5.458287023743799,-35.22662794541599,11.868119663988962,-29.089893471564334,11.942208774228622,-36.772009542547956
519203,L,2024,376,-5.733176889072142,10.675925021270114,-15.939323850123316,-2.013241095769089,-4.965442939154666,4.56122627318504,-13.414033479664063
519317,R,2024,458,-11.023775322455338,-8.870479083569723,16.496810811870354,18.285905178990106,-7.895826325532842,-0.7790172210559728,6.213618038246587
519317,R,2025,278,-5.601438423162356,-13.279790245173388,16.467062887003088,25.04955457208452,21.704324592429785,-4.190582222112136,40.14913116106951
521692,R,2024,644,-18.819258860933672,4.7896188065451195,-0.1156808191020445,24.042201268263995,-9.880815256095763,1.584481118012223,1.6005462566898543
521692,R,2025,636,-17.777567667301867,3.856467860043188,1.6526955272267534,24.311771262600068,-24.004070919085983,2.5435694517362206,-9.41713448478162
521692,R,2026,607,-19.976809207360652,6.292276390668939,3.531660151784621,2.773832789012867,-12.06511281103386,-0.9307620995361038,-20.374914786464185
527038,R,2024,241,-2.609131148099214,17.93047806512363,-21.310992413625826,-1.5115837709246884,-9.476496336992358,-7.612758963571486,-24.590484568089938
527038,R,2025,464,-2.872303329239964,8.223851594999015,-21.27922230793806,-3.307111915747029,16.518151192164307,-0.142413195558294,-2.859047961320021
542303,R,2024,687,1.7991188926264583,-1.888794391984563,10.029828671009685,32.17946142300095,-6.859800818904547,-3.6368675247726387,31.622946250975346
542303,R,2025,590,7.0863592518182505,2.7854662320746204,6.416372588647353,5.67871928116391,-5.623382423863115,-9.46204546813701,6.8814894617040085
542303,R,2026,280,1.8669245607290859,-6.141424023266455,9.592273168017389,-6.258063320641576,-14.657372517232238,-8.75037845563276,-24.348040588026556
543309,R,2024,262,-5.090054309262011,0.2133740018504615,-1.107217466488529,10.03209823634322,10.110450148481407,-10.943811165597914,3.2148394453266347
543309,R,2025,327,-3.1070889602021246,2.9401080477990704,-7.895728044566982,0.49001076858694653,9.703310179976997,-2.3827795874895714,-0.25216759589566345
543309,R,2026,186,-0.08672106281097273,-3.3964692335025974,-0.33019080551935004,-7.708052332100299,4.046410037338732,3.3712515703698243,-4.10377182622466
543510,R,2024,233,-10.160255978077364,-2.5389967770185042,-9.367222641503345,16.23141618134319,-4.148323901735461,4.745394985660088,-5.237988131331402
543510,R,2026,152,-16.88707325474612,-1.6322428167156349,-4.9761596498400875,7.091701952723771,18.53245703112519,-3.323057038652453,-1.1943737761053397
543685,R,2024,238,12.291830938512922,11.818997740160022,-17.34090710816808,-7.981877581905355,-7.014817173238326,-0.8919057834273761,-9.118678968066192
543760,R,2024,716,8.538529783852807,3.807828028732146,-20.705014173025532,2.8927751806510074,-1.8281588827651287,5.012199679413717,-2.2818403831409833
543760,R,2025,535,9.343073182408041,1.452568211167079,-17.767285239925815,6.454286252610908,-9.864414950373455,-1.609646768921633,-11.991419313034875
543760,R,2026,534,8.341551512829158,1.0779473253405512,-8.774000450819996,-5.180563708373847,-10.31658155734116,-1.9645203634951132,-16.816167241860406
543807,R,2024,612,13.452829806438613,-2.1086498648529206,7.318957713755834,-13.178313146194624,-8.414607953436544,2.1227828886663356,-0.8070005556233029
543807,R,2025,583,13.827112440540017,0.6271690832905203,19.88921826446349,2.436116220467612,1.820829687383935,9.267507524430664,47.86795322057623
543807,R,2026,506,10.975837078494282,2.0087707354342665,16.233725378347557,-29.714802658593648,16.409562204995478,-2.2493744753859577,13.663718263291978
543877,R,2024,315,-7.717339239425438,3.418367415914384,-17.584801346672347,8.403767994328264,-6.010039816799516,-5.990790944087016,-25.480835936741666
543877,R,2025,216,-1.3632051269011698,3.5632475205868896,-22.949249178263447,-14.692358153711574,-1.2818854030329145,6.9453796751735615,-29.778070666148654
543877,R,2026,261,-13.224621108224536,6.735308568373739,-16.571588926031346,-16.021180561343545,11.542179542933722,-4.270224998302115,-31.810127482594083
545121,L,2024,177,1.9980786423175856,10.11372044393277,-22.301890446953617,-20.625213763636634,6.326446951101845,2.3603595368908787,-22.128498636347178
545121,L,2026,310,-14.386774495570082,19.913791788016745,-12.113437484528742,-16.359123425586322,-11.224491604408662,2.540849825862936,-31.629185396214126
545121,R,2026,169,-9.126646853074462,7.606243850469121,-5.925613024950753,12.301644889463443,12.903260330250477,10.948724754707387,28.707613946865216
545341,R,2024,278,-3.4377953632876093,8.542801272220087,-7.904203321690335,16.705173840453764,4.262140867890446,2.5627469877016864,20.73086428328804
545341,R,2025,292,-8.03017525494797,4.093174016998275,-1.2781208444891292,6.150924933752518,-21.14664044419525,6.5856622234084075,-13.625175369473146
545341,R,2026,266,-8.606284296928349,-2.675711260754745,10.591404690702413,12.881900575943348,13.549637940243837,0.72951549296638,26.470463142172882
545361,R,2025,548,2.955199431301768,-8.947743287469976,12.968031748517477,14.215536837947408,-5.8764647356766915,2.687044537526449,18.00160453214643
545361,R,2026,604,7.772003434711282,-3.551679788001335,20.71634814947384,5.210481920232394,-12.578437026897381,-1.825810710138291,15.74290597938051
547180,L,2024,620,-3.24100994898999,2.2803183267647684,15.438669538008238,1.8736881101297893,9.515785970263002,-1.234445346361044,24.633006649814764
547180,L,2025,574,-2.5720033966311786,-0.5741826400759816,14.774634230629331,3.924719906085084,-3.6832981375360525,4.855325382886368,16.725195345357566
547180,L,2026,668,4.997449354167751,-0.5870383225664555,17.07149786114045,6.732112823540178,-4.722531652093581,0.13409595989871237,23.625586024087056
553869,R,2024,350,-1.9736905984983342,2.1205025097813466,-1.274127365223661,-15.053939542700471,15.236465078209022,-1.7820478665816912,-2.7268377850137937
553869,R,2025,282,0.07848298842142445,-12.105407904581089,4.975721843663837,-22.29007473827539,0.4822904559028737,-0.5769291793474617,-29.435916534215806
553869,R,2026,233,-7.048151603929858,-2.2160302205423243,15.146567760761844,-27.224613357876578,3.3763434704109674,0.5640621087753627,-17.401821842400583
553993,R,2024,641,-4.051877519312383,-4.868846462570214,6.975452070987763,6.6909982436887825,4.704900320310531,4.479570601375977,13.93019725448046
553993,R,2025,658,-2.746871990270097,-8.307437017611022,9.714317102310305,5.561128277945044,19.010010514551936,-0.6873603550409423,22.543786531885228
553993,R,2026,481,2.3815119564284033,-8.454444533099851,11.433011325759798,-3.27772851886266,13.244604544078513,-12.105499290048055,3.2214554842561482
570482,R,2024,458,-2.0564821237840283,9.073156983449818,-11.796623015686587,4.241934606402007,-9.855235604443203,-1.1934264547661386,-11.58667560882813
570482,R,2025,197,-12.123305781056757,1.3042451397988355,1.281954786819906,-12.823154367305886,-7.201796795314922,2.3021997588758176,-27.259857258183004
571448,R,2024,632,-5.049453456098715,12.666529861601953,-11.684130229533029,-5.378728319753047,9.390916769432593,0.7599339999111675,0.7050686255609213
571448,R,2025,433,-6.523713807098809,12.661650259491534,-13.766239583266326,-11.95533153097828,6.170721882150577,2.6857065047271638,-10.727206274974137
571448,R,2026,574,-5.653743159463069,4.15175093584696,-14.09550392652226,1.1204286128595524,27.644727632965665,1.5028529175188563,14.670513013205703
571657,R,2024,240,-0.7736212356061406,3.3791971352970025,-20.575987129342113,3.183582376594336,-4.6641788457414455,9.060114668461123,-10.390893030337235
571657,R,2025,300,-3.2624327922041316,1.1494016095125585,-18.626583415504747,5.102787368132943,0.8713103734878895,3.2392894373298953,-11.526227419245592
571745,R,2024,425,4.6321883211069075,-11.323568909515261,10.192124534421154,-12.062378993865492,-9.586670752542966,5.789592530298489,-12.35871327009717
571771,R,2024,395,7.01662719974689,2.0015902719686935,-7.7567104242763145,-7.953567636634814,1.438514572125845,-8.112348106005566,-13.365894123075266
571771,R,2025,256,0.13153257584906614,2.388003028144434,-9.81909666272469,7.965194510603223,-8.517312148958538,-13.081857787797803,-20.933536484884314
571912,R,2024,153,-2.512360912992831,-10.842365438591203,-9.162401940898905,-7.3673246044718175,-3.466141256229941,-5.705976412402046,-39.056570565586746
571970,L,2024,291,11.997061505846224,-12.122560714961034,0.2714677167702148,1.2445923363176592,4.443925415237819,11.871876490305757,17.706362749516632
571970,L,2025,386,16.488480032545706,-3.494303727197499,0.8463356448787388,9.764654096895443,-1.9623454694180535,0.32368335019556876,21.966503927899904
571970,L,2026,543,7.604481335300414,-7.666077578044569,7.328549760543157,10.044767785161545,8.362341132599564,-0.27907070164745035,25.39499173391266
572138,L,2024,405,4.959545689908136,-5.5112419583029055,-9.990950345787118,11.92175020670121,6.927860019919449,-1.946681309076789,6.360282303361984
572191,R,2024,298,0.7791212554575945,-19.65303323548696,23.16294238854234,-25.04935070208522,-13.287228498151551,2.3463704549321505,-31.701178336791642
572191,R,2025,324,3.094137582594685,-17.326302833377685,14.586325567454857,-13.596587873279633,2.1307311120083194,-3.7997593107493506,-14.911455755348804
572233,R,2024,549,4.859642610219709,-3.4874472825454164,6.836397310784107,4.8756977664111325,-0.4105899836989078,1.119641412101152,13.793341833271775
572233,R,2025,639,1.6245257310256647,-9.912476428070208,7.606523827424815,-0.9768799626217276,1.8716081597028764,1.5364931429449453,1.749794470406367
572233,R,2026,611,0.8185233110848215,-4.39663604409208,0.9754378272512162,-8.098762094345517,5.712540751464289,1.975263507043539,-3.0136327415937325
572761,L,2024,156,8.710933382024303,-5.22580204357765,-9.589679189437879,15.121129670418952,6.640106477504964,-13.720727349005838,1.935960947926854
573262,L,2024,473,3.724414343092367,-6.416017369376248,-1.2304761913599813,0.7013310550219338,8.865280857583551,0.8182493489460053,6.462782043907625
573262,L,2025,554,5.025507312828124,4.530324874559996,-1.362053958537009,-2.536612059377822,-8.158283582948677,3.5394624564833315,1.0383450430079453
573262,L,2026,391,-0.7236856002182955,4.7613798079577885,4.097849030619282,-5.819247509925471,-1.9473361036077075,-1.637810549316788,-1.268850924491189
575929,R,2024,356,2.7638952398266583,-8.816622337877448,21.327986501807505,-1.3561565097918238,-4.619052669377017,9.440499478367528,18.740549702955402
575929,R,2025,562,-1.313193227719942,-2.899963606518046,19.032608937676997,3.866871502157324,-7.732802383209208,4.435896004695136,15.389417227082264
575929,R,2026,532,-6.291504353032038,-2.0862251546055512,24.35047622578976,5.164066586376839,16.70315050288067,2.369708350025438,40.209672157435115
578428,R,2024,290,-13.591698217634159,16.39019410485562,-12.260327126626107,1.4301721190674088,19.971406447177902,8.893586329521876,20.833333656362537
578428,R,2025,343,-15.397918268065121,17.175194104727687,-16.757130821474746,-4.7332460972344,2.672856491089722,-0.6897627454712498,-17.73000733642811
592178,R,2024,155,0.3414470703715028,-15.75857858119241,1.2351088491929991,-2.090949903925424,-3.0731234099559845,0.4385960048640491,-18.90749997064527
592192,R,2024,461,8.179947544751325,4.204430214184939,-9.495666044398284,-12.431332073081895,13.665168035632973,1.505924347137065,5.628472024226122
592206,R,2024,659,-7.032802516796601,1.6570562612907684,-4.401322200373539,13.577539905136716,-2.691044722318092,1.6814708366892777,2.790897563628527
592206,R,2025,590,-11.29155558527234,3.1748831231715404,-4.638351659209029,6.228882980020866,3.258582528416213,-6.080970109668336,-9.348528722541086
592273,R,2024,361,2.4039325992045177,-0.28326647187853954,-3.0672689499283345,-22.848835899762864,-15.192079957279581,-4.035268009704991,-43.02278668934979
592450,R,2024,683,13.968909769096767,-8.478424129155995,16.716102906848203,49.31914400127596,0.3044204463956681,6.313842536613932,78.14399553107454
592450,R,2025,642,6.720348758329916,-7.479691431511875,16.01662977505992,46.14253366552456,-4.154512454983988,7.840622305738711,65.08593061815724
592450,R,2026,280,3.1879407859795563,-8.367623062696355,14.378241358441102,31.666793260422818,-7.249915533051384,-3.800396026109015,29.81504078298672
592518,R,2024,638,-0.8693001221943798,2.6252650512248663,4.4124269273359635,5.876726817188877,1.903057406268838,1.8819476543949536,15.830123734219118
592518,R,2025,674,-2.2273917901976703,3.490109753686089,8.218601764842072,7.478304939549827,-9.456394317413512,0.5810321582032052,8.08426250867001
592518,R,2026,655,6.656076412728143,-1.6925035530460804,1.443473621037052,1.4460472036503125,-7.297198448083938,-3.124989223264495,-2.5690939869790044
592626,L,2024,447,-6.119468534077643,2.9574060293117004,-4.32426333871372,25.912359066413163,8.608551462935678,8.99167262938732,36.0262573152565
592626,L,2025,305,-1.982959975609497,1.0808152605618606,-11.069303717907204,5.6455678589541005,-17.083028762826448,-1.9607078424357185,-25.369617179262907
592626,L,2026,431,2.0142926031008312,-5.18431955354148,-3.0435107543813698,17.930205552013817,-0.7389948612226377,5.168568512529217,16.146241498498377
592663,R,2024,413,-6.707314989564625,2.5127442372494624,10.296947961472242,6.995594378723612,-6.975919888425007,-3.0364692668542936,3.0855824326013925
592663,R,2025,549,-5.469568269372144,4.288777856616432,8.706830505905566,-7.311674030945832,-3.7011753240279175,0.719343486327768,-2.767465775496127
592663,R,2026,451,-3.9496652111347808,0.3696161286887126,11.361130448458592,-9.177086068870105,-15.204264312172924,-0.8245195682589144,-17.424788583289423
592669,R,2024,424,0.8185110212580494,3.2506950611429133,3.0831160324819384,-16.13343527123331,10.03833374511707,-0.07217820089174919,0.9850423878749105
592696,L,2024,321,-9.787221397986851,-0.451040005041359,-3.0820203248442097,-9.35753745231928,-5.440210309728064,-6.032170185541353,-34.150199675461124
592885,L,2024,312,8.299139746616572,3.324608222522565,7.052274935443745,2.059819427602411,6.4070391894114485,7.188377138324982,34.33125865992172
592885,L,2025,641,0.21209160190086204,-4.240606875242731,1.8873774423795213,9.684351351050582,6.403293751094486,-1.9048811892915098,12.041626081891208
592885,L,2026,484,5.071750603382197,-10.179519057184153,6.863289284670313,-3.6036222497574677,-6.416010993677803,0.34803256627732204,-7.916079846289591
593160,R,2024,336,7.758011873220064,7.901480050008844,-18.046333271986118,-7.036503549459413,-7.332985383963475,-1.7108330680027288,-18.46716335018283
593428,R,2024,462,5.538584772047811,8.278255003406736,-11.422854183085725,1.4617395323548639,-2.784840599980421,-2.274900683224399,-1.2040161584811329
593428,R,2025,554,1.8730393482958307,3.4293712491343857,-7.17111760426964,3.323128598083726,-9.377933221253858,1.0735531179312081,-6.849958512078347
593428,R,2026,592,11.714131214097772,0.09306690544127696,-2.285985314338766,-5.022020347674292,-11.000388970803543,0.11130485139276466,-6.3898916618847865
593871,L,2024,336,0.7372100258017007,-11.510610061268336,-9.006530741264832,27.177072971316964,-20.75171583116251,0.2899759417476601,-13.064597694829354
593871,L,2025,410,2.306879863870556,3.9516098346328086,-13.860303672311469,15.35089795841068,1.1195893094943654,6.428619367551721,15.297292661648662
594807,R,2024,330,-10.944641032010466,-3.795763006214011,-0.22952881200336875,-2.205731793379487,-11.668560671871598,-0.6603563749741937,-29.504581690453122
595281,L,2024,279,-5.134591863363285,-16.23247667066603,-7.180707389451884,-8.292254678930387,7.299009063766519,1.1725394300793996,-28.368482108565672
595777,L,2024,493,8.528916985596716,7.784250196315094,-6.098949441869342,6.492359749451411,-6.078622926169196,8.275155029231763,18.903109592556447
595777,L,2025,262,9.423749454283119,12.91031848230336,-10.381526309691179,-3.6921907849605886,11.334836423808024,1.4677532466349286,21.062940512377665
595777,R,2024,173,7.8853050719769255,14.60847870958988,-8.60729667341063,6.347814738209417,1.1794725151840826,13.2384383623915,34.652212723941176
595879,R,2024,286,-25.27976044109243,3.7533219836644136,7.227116146881688,-12.960196018702796,-18.40152854086938,0.22969918289711774,-45.43134768722138
595879,R,2025,436,-28.394890052937928,4.9788622386939245,2.9442600465582287,-5.886009581856764,12.267217270971162,0.7796253955377969,-13.31093468303358
595879,R,2026,192,-24.415938702991674,8.55988664225335,-9.950843962946019,-1.4975776735516046,-2.68227864328018,1.8172227519238966,-28.169529588592233
595909,L,2024,346,-5.373289437990038,-4.07949059624687,-2.468934556312498,-1.7634679849023933,4.568477190471425,-1.1136125053977264,-10.230317890378101
595978,R,2025,180,0.32825400992569714,-7.36170816504577,-11.085152681966468,-16.778297529262343,-7.764983884190586,-2.646915703444147,-45.30880395398361
595978,R,2026,242,6.021943407535427,1.3668239086857183,-12.839393140269149,-8.776313703556346,20.117172170399062,0.4867502304181381,6.376982873212851
596019,L,2024,518,3.7869872827357653,0.1895497902928062,12.282295969607432,8.88799941997096,-10.887355817333912,6.22419199825692,20.48366864352997
596019,L,2025,503,0.3298518583309497,1.487977371513017,6.295518124857686,5.809946279384828,-3.2803626279566327,13.343319870249845,23.986250876379696
596019,L,2026,308,4.418369518117685,0.005789328963741368,12.659151932988108,-0.1660691334848345,-4.983624389599385,-1.9751810228181208,9.958436234167193
596019,R,2024,172,2.965252932707543,4.501101297949953,5.285696545976614,22.482470331534557,-20.415763952458448,15.327833269985844,30.146590425696065
596019,R,2025,227,3.4253390860904305,9.107057761350838,-8.818184951530577,-12.321178817006334,1.4066494316815061,-0.40834298494117155,-7.608660474355311
596103,R,2024,212,10.001175894842918,-7.745235645710096,1.7973181128056923,-4.75106575444355,-13.360550532012539,-2.535822628385277,-16.594180552902852
596103,R,2025,160,0.7517183017631146,0.6229286663648921,-5.265985086136297,35.08888468782817,-20.871186051631998,-24.86813152091262,-14.541771002724744
596115,R,2025,654,-7.3500231589049205,-4.9121514694866,-8.240486421431545,13.925661390472538,7.069859956761744,4.003441805976682,4.496302103387898
596115,R,2026,251,-19.728550574380144,-3.614808337477953,-6.544340807983206,5.592737836730058,11.198852197159956,-3.686887380849665,-16.782997066800956
596117,L,2024,187,-0.12268737176097987,1.3191746356566902,-18.022145757206786,-9.322146533707343,1.259251971452362,-6.520445760886271,-31.408998816452325
596142,R,2024,280,-1.6538520838688398,-1.3488025918466053,0.2974811279757681,-2.763755166821265,1.096151535680609,6.9800882918281495,2.6073111129478175
596142,R,2026,262,9.216224982510672,-1.6992823460806499,5.626700381828281,-9.118266081908843,4.2976397387612195,7.46104997155257,15.78406664666325
596146,L,2024,399,-0.22039613955612433,1.5475482968010768,-11.151630384724172,2.670257197494819,4.302240856196345,3.5973501734006352,0.7453699996125797
596146,L,2025,472,1.003584425384953,2.9547287714375714,-6.91220086279167,6.219281333001384,-14.15531498339477,-0.30875544922459847,-11.198676765587132
600869,L,2024,316,-9.735172351424925,-2.110134724417056,-9.560423958357614,4.03057498543395,30.66119437836325,-3.4594992808796046,9.826539048717997
602104,R,2024,301,10.43728289201616,-2.1857885038267613,-12.81253551233545,6.792199056976506,0.8875336984108407,6.740471729212541,9.859163360453836
602104,R,2025,389,5.3955035967316745,-2.772806941928245,-3.5920913372079184,-4.809256812100558,5.782964964968163,-6.427403077061884,-6.423089606598768
605113,R,2024,227,-7.594933313096933,4.705868765171651,-13.977271540262056,2.052891202196437,-5.93507300946736,-8.08873346844269,-28.83725136390095
605131,R,2024,156,12.019384655602776,-1.4803365078021211,-25.578351439630946,3.356998072607962,3.098355266435487,-3.353190119311956,-11.9371400720988
605137,L,2024,405,4.232477662049439,-2.114461001054892,-3.4145241788742435,0.03876004750481007,0.6108129538587949,3.24940670835515,2.6024721918390563
605137,L,2025,415,7.032900056036444,4.173568496420468,8.783318695221448,10.33954056438256,-21.37100588822345,-2.8547079648327904,6.1036139590046785
605137,L,2026,414,6.7415125590290295,-0.3178748855506754,10.102939951333338,3.240781137449143,-12.710265692562576,-4.3590659182036875,2.6980271514945744
605137,R,2024,198,-1.8039027065318367,2.2432747359168905,-11.958959693426198,-3.6386703946538446,30.537886374739216,1.0131188853460198,16.392747201390243
605137,R,2026,201,3.025302745128672,0.4943970142593709,-3.362037350444327,0.6002598165740012,7.133653463883121,-2.106748656657404,5.784827032743435
605141,R,2024,513,11.463717833841065,11.278445571420477,-17.737778154090215,3.8734869156288423,2.8602367421437243,15.409563662995133,27.147672571939026
605141,R,2025,662,7.3579625332399035,8.521520147945889,-21.9202131316194,5.877918030890989,-1.856838630974996,9.293590549000253,7.273939498482639
605141,R,2026,504,7.813532359997838,8.64046994440008,-21.211455617140132,6.679107059809013,-0.712513246302222,12.877407840550244,14.086548341314819
605170,L,2024,210,1.7835178548739625,0.6838359317441937,-1.1898635338809234,-8.179161602607483,-0.15117412946275785,9.674683750580334,2.621838271247326
605170,L,2025,324,2.5844499019084997,4.9428858964594395,1.5322724807908037,-14.94844777048877,1.7170728172598386,7.968256384342194,3.796489710272003
605170,L,2026,253,8.485630680289072,3.6960173234153713,-2.307734597687438,-16.04353142302978,1.5750187768883241,5.6629706228759344,1.0683713827514805
605204,R,2024,157,11.265822036300069,-8.835664927888962,2.4051352383507254,-19.580830797825183,-8.634892048548197,4.631713483352532,-18.74871701625901
605361,L,2024,164,-1.9597243937856825,4.738716123432738,-12.585924690459484,-8.598705013027121,11.7315853188691,3.742610168550358,-2.931442486420093
606115,R,2024,602,-0.9982822947712905,-0.17578025205209796,-8.663008780314561,-14.904358431344468,11.577553687221672,-3.659768666827333,-16.82364473808808
606115,R,2025,214,-0.16403064818821372,-1.9223823898103285,-5.08081552643841,-26.848605205051705,8.888807544654297,-4.005502502506302,-29.132528727340663
606192,R,2024,649,4.5020523900281075,-11.496783846468338,1.0976840692541945,20.56544530775154,9.962176637515933,-2.1515935526230914,22.478981005458348
606192,R,2025,545,0.1719275129282107,-8.238728127284439,-0.3512458571558552,11.803965236780854,-1.5851554493720306,3.4613028449656884,5.262066160862429
606192,R,2026,471,1.7581372959702524,-10.676393593841112,-1.9038058420984054,20.05352050238097,-0.8902924036576003,-1.579342423628363,6.7618235351257425
606466,L,2024,370,10.307055661772075,-1.3138425581028395,-2.1138761875447276,8.67960417709066,-9.130252048030867,7.704655963019466,14.133345008203769
606466,L,2025,369,9.814050039158396,3.399139665833899,7.474252996393649,11.19496625522062,-1.2828043996409746,7.392055083707836,37.991659640673426
606466,L,2026,449,1.5106350097947578,5.679527361049262,5.936131900924806,-8.78602430873914,-16.51002836122744,1.591331100732979,-10.578427297464776
606466,R,2024,206,-1.1030526131034306,1.6195486823770195,22.08252287680672,22.02853727241467,1.8237971199586906,19.700443728741995,66.15179706719566
606466,R,2025,181,1.9869824799187301,0.047251391186833545,18.436370162937585,2.9210086693719752,-14.797900994385598,15.31619355674291,23.909905265772437
607043,L,2024,664,5.893867482336021,0.034956503752071065,1.9588359033264031,1.5559745977339448,-5.660019590066034,1.667312519210826,5.450927416293233
607043,L,2025,651,7.612213626981003,-0.7253181068256345,-4.679034527709778,4.622917509466379,-0.3755960331517192,1.9289030153489573,8.384085484109205
607043,L,2026,634,6.072322673391496,1.3771641914449955,0.12803997347204205,10.874633054796663,-16.148633415744623,1.0035173165516673,3.3070437939122392
607208,R,2024,541,-5.662305815346064,2.9886593837063065,-7.9790352919828385,3.289948322738089,17.249937644225472,10.79330316006768,20.680507403408644
607208,R,2025,641,-1.9319953797840652,5.6875279050059,-9.631745377781124,1.6479777794178365,16.67569261394534,6.142578647138475,18.590036187942363
607208,R,2026,676,-4.542527151290661,-0.9995204867037142,-7.358681504763033,-2.508697650372025,1.3416493637297355,4.420682236309721,-9.647095193089974
607680,R,2024,314,-11.102757226591871,8.137962143793601,-21.79273949148191,5.880365185597006,10.408091028664652,-2.064295372071398,-10.533373732089924
607732,R,2024,280,4.537799644987937,-1.3397864833794362,-19.232425191145047,16.87953181840772,15.39859990131459,-0.6838380743378463,15.559881615847917
608070,L,2024,495,-4.544601184675919,16.34337127451817,-19.96123371826448,9.258256391168825,15.976692972277807,0.02044802786086888,17.092933762885274
608070,L,2025,462,-7.736239002166622,15.871223724040814,-16.01073876200693,14.780242748247927,19.83802131852318,4.650214611360409,31.39272463799878
608070,L,2026,365,3.1430172462598738,10.674385945229206,-15.738411325737045,1.0809081398855425,-11.537335767025311,-2.92797808832914,-15.30541384971687
608070,R,2024,175,-10.912389443243152,16.594545929746616,-9.152007169406936,27.00576337476211,29.05769340619527,8.097449170678027,60.69105526873194
608070,R,2025,189,-2.7764619368065944,13.469791242772603,-12.305686879802177,6.844772085064862,15.926702957857671,9.466191430445786,30.625308899532147
608070,R,2026,151,0.3769413260817569,15.631067822568417,-10.778771381821592,4.058208212841519,1.4627669596872999,11.452814421049899,22.2030273604073
608324,R,2024,636,4.526553676072579,9.90673319379037,-4.36994833676369,-5.257729454496808,4.950633576723304,2.4656127389879576,12.22185539431371
608324,R,2025,493,9.810454081514367,7.664457834645336,-7.582205525808109,-1.625293153467087,10.960510323488489,3.448524391405371,22.676447951778364
608324,R,2026,692,8.107530984744791,7.6980434288538016,-10.801928948168468,-3.340291248057506,15.689092230139106,3.854516265381591,21.206962712893315
608336,L,2024,260,13.717091974816586,-23.643187447413386,-9.305156826858923,16.909687558623904,-2.2044585108419783,-9.18100873821161,-13.707031989885397
608348,R,2024,312,7.469196925815469,-0.3845509664618021,-18.68619069585101,5.0854535346467316,-5.295452816293828,5.436492110948251,-6.375051907196188
608348,R,2025,422,8.647189006313914,2.0767615268241313,-9.299933706808309,-1.1389352775312296,1.8488524234781099,-1.9767032624482261,0.15723070982838988
608348,R,2026,418,5.915361590346636,4.321853951796244,-4.171248016660273,-9.177731717137124,6.316497950183683,1.692699356631403,4.897433115160569
608369,L,2024,522,6.156770778108776,0.15358828710023573,0.46765602034965575,17.77356734617516,-10.786420783156673,13.50639621033653,27.271557858913685
608369,L,2025,435,10.210196311990583,-2.56595510871132,10.508742017454905,13.038832113778238,-14.911331393778681,10.00173431431331,26.28221825504703
608369,L,2026,412,6.167885454534059,-9.256049332311933,9.005153190818708,6.691956007066748,-16.453853072199998,1.9194693066631165,-1.9254384454293003
608385,L,2024,507,8.693200423056332,2.1398726958039207,2.6285924698527,-7.124096649454403,8.256902347593645,5.418911406221217,20.01338269307341
608671,L,2024,207,5.25875171892954,2.3194404338844112,-21.34732464811176,-15.551552509710799,-1.5641192260558099,-1.7691094551016842,-32.6539136861661
608701,R,2024,306,9.91047797575006,-8.19689706225597,11.417665613604868,-5.504056000002717,15.059611643978501,-1.2945803882934606,21.392221782781284
608701,R,2025,210,9.808224484589664,-1.6444977962179326,12.593601657798477,-6.282406183951226,3.9523664737978037,-5.485576290242239,12.941712345774544
608841,R,2024,315,-3.4427735932993073,1.158669941655409,-1.2218381381123147,-17.097503838642496,-2.542151418395326,0.018871550415622565,-23.12672549637841
609280,R,2024,319,-12.692427909939786,14.481908524844915,-18.34630949240414,-4.135043306260999,13.28689472777627,4.119331182766522,-3.2856462732172167
609280,R,2025,340,-8.086045058781924,10.171151119456237,-18.100891942260095,1.9322574228666891,29.427856599517593,2.220255050212671,17.56458319101117
609280,R,2026,252,-11.74696944226979,13.193245229937036,-11.242862605372135,-0.895266395285496,3.5473592273435828,2.6985688853880916,-4.445925100258711
620443,R,2025,283,2.7015223221784326,0.2835030480755152,-1.9497659629279982,11.877244194067941,-30.58013772775954,-0.15331934514309395,-17.820953471508744
620443,R,2026,274,-1.4056593548647829,5.274981592146491,-1.9221217152095469,-7.014329007821266,4.33369459832048,-9.428655900134105,-10.162089787562728
621020,R,2024,592,8.774689727750003,-8.709959252857743,8.41002202658299,-5.8382101370041894,-8.451854311748434,5.143212916767156,-0.6720990305102172
621020,R,2025,643,7.618075482023539,-11.179697661273254,-0.19549283313338423,24.0241287651606,-18.61126714969971,-4.227857553491136,-2.5721109504133453
621020,R,2026,472,5.764964501969848,-8.328074467492389,7.332444462790575,-12.659626751897505,5.315991966743637,-1.6222739750390498,-4.196574262924883
621028,R,2024,310,-3.0768542524493547,6.386393870184525,-21.183322742811256,-3.636218323500326,15.55560437435699,2.1718289931846466,-3.7825680810347753
621035,R,2024,246,14.561146153706343,-13.745175794699223,2.533214469322524,-4.1149244107312555,-7.148624064830527,-7.374012992581976,-15.28837663981412
621043,R,2024,363,-0.2759207466799129,6.766176672152848,3.865687442749884,3.3502577362160277,18.886347044194167,3.7738396332482544,36.36638778188126
621043,R,2025,587,-5.921781547983183,8.469814025032514,0.9996934387776847,8.636707004987512,-12.63513561511184,-5.914076212410986,-6.364778906708299
621438,R,2024,344,-11.040039435655283,5.042693436977498,-7.962777760187519,8.930317153040424,5.6122822305362945,-0.5816380160384141,0.0008376086729959478
621438,R,2025,340,-5.3983138387653735,3.9165209782192427,-14.483039295407549,8.557280086389087,-16.69507722982771,2.116736017216194,-21.985893282176107
621438,R,2026,235,-9.94055106621912,6.1200118924253495,3.08505981185664,-12.829896438983287,20.14617793488441,7.987213392476059,14.568015526440051
621439,R,2024,387,-3.8672867333387493,-4.943771589526301,11.29002512764518,12.126348569381937,4.603120165474712,4.3500367197612055,23.558472259397988
621439,R,2025,537,-1.5020401180129261,-9.5775828206261,19.783562986421092,8.476968110406215,12.998474616952855,2.000752403897336,32.18013517903847
621439,R,2026,406,-2.148651827370344,-5.7503419760717165,18.119418508879676,-1.8854177404542283,-3.1175121591850052,5.798900695437129,11.016395501235511
621466,L,2024,194,19.89759254481022,-8.780292651620675,-9.849814925565807,-1.0282939444846337,-14.693624160688264,9.955963375060396,-4.498469762488766
621493,R,2024,665,8.8819860965872,-5.8553649649108,-8.819395990733405,15.519511519003265,-10.510156711306541,8.810465550794707,8.027045499434424
621493,R,2025,663,5.735465912743879,-0.18115974075357066,-12.160518826167735,17.54051986898145,6.562358634185683,-0.010205125480548095,17.486460723509154
621493,R,2026,604,17.75491130323239,0.8175752686410125,-14.314969488503818,4.754836927185613,-15.13514169266771,2.316158468034676,-3.806629214077832
621550,R,2024,174,4.95837759519288,-10.880328885247666,17.254389807493418,-11.866230577708826,-4.902752387185649,-6.117180698988329,-11.553725146444174
621566,L,2024,679,-0.32335607773534025,-0.40761275459222895,8.958808081879553,4.401867007626396,2.570085711161127,-0.9498619952360595,14.249929973103443
621566,L,2025,721,5.158443185442592,-2.675810126673823,11.544280812676329,8.089605129589147,2.220599324539781,0.046213364340850445,24.383331689914872
621566,L,2026,674,0.2467087009993656,-0.9943084774967023,16.140225291801084,7.454509370058638,2.884005948532225,-0.7984856786768278,24.932655155217784
622268,L,2026,252,13.773565554619628,-0.7852030981931233,-9.648851682129532,-1.378655669064545,12.098710859012947,7.434747148796366,21.494313113041738
622534,R,2024,344,-1.169101047321606,7.796877218919102,-9.154775291966512,0.010321678575485972,-16.211266361545682,-0.6419281288185887,-19.3698719321578
622761,R,2024,209,-3.354075184837179,-1.3462238534210413,-3.7895221834300874,-9.394686597816063,3.5052654736769977,2.1340643273938316,-12.245178018433545
622761,R,2026,209,-22.08422469822898,-3.733071289513347,-0.6758296441796291,7.204730969500064,-10.73508564259133,-5.6122710150947706,-35.63575132010799
623912,R,2024,246,-18.201970068397713,4.205875609131626,-7.685486338981462,-7.260190351727802,2.712825469402013,-0.13706286307154472,-26.36600854364488
623993,L,2024,484,-11.602170988321234,15.878744713430974,-16.935861494341328,14.059436415485846,19.052125146395007,2.447779968998162,22.900053761647428
623993,L,2025,165,-11.809988190417421,6.40624672666775,-24.395115747981972,3.3281405790410554,-1.947721369003804,-8.312350261876173,-36.73078826357057
623993,R,2024,178,-2.7788891543332026,-1.6201680121960014,-2.9414574057718226,4.726566573805803,24.001947480479068,0.8090746810253188,22.197074163009162
624413,R,2024,691,-2.032966219911105,0.1451228569793725,11.911073258318646,0.20567486022251766,-0.20343626252193972,3.7779525347616074,13.8034210278491
624413,R,2025,704,1.8151710989339207,-0.1421729774249716,16.02233822597271,15.434840945556928,-5.334414209941797,-2.2748990139367136,25.520864069160076
624413,R,2026,677,2.9761732185101666,-3.318210092177357,24.46841146757067,13.256787078049435,-13.12832664834936,0.13637597503505872,24.39121099863862
624415,L,2024,224,10.240286243500222,-0.6711992259367049,-13.214373901621101,-7.08878181936149,20.25551005830857,-8.581394201679673,0.940047153209825
624424,L,2024,486,1.985790703504276,-2.036845811292174,9.179855979120315,5.6386428651723355,-11.410171097756459,3.297546114763438,6.6548187535117345
624424,L,2025,488,8.643042003164192,-3.0811944978312877,15.366661774163646,-11.693221289927846,-24.380387292436964,0.1134738525202163,-15.031625450348043
624424,L,2026,296,4.297646703299396,-2.5543704425319955,2.5154563836631207,0.37685069311565916,10.170499317234764,4.6632672660661125,19.46934992084706
624428,L,2024,294,4.754576260987458,5.416060101286551,-10.811998308375015,-3.7160326069847174,-9.046431508489702,-4.274652751254862,-17.67847881283028
624428,L,2025,457,1.949355615425433,9.7238306470566,-13.494944483592064,-7.204226339330552,7.9445724351619385,-2.8631763692730483,-3.944588494551694
624431,R,2024,234,-4.239140223357312,6.03409402787778,-21.804635736608738,-4.928706207331053,19.00843953168914,-1.1871859288795235,-7.11713453660971
624431,R,2025,302,-8.028530096269767,7.882045062337855,-23.341729722411173,-5.0407695415795,-3.483306231537815,8.61823532608131,-23.39405520337909
624431,R,2026,152,-12.324091846907265,1.497706240588969,-21.992112729889946,-5.057484390796258,18.857585684749854,-5.109786857235603,-24.128183899490242
624503,L,2024,276,-16.15502761057057,-1.1874221645511949,-15.461409093767132,5.199843127211637,-0.932888877374904,4.153506198001709,-24.383398421050458
624512,L,2024,159,-12.472173097394485,5.0896234897801484,-17.533752804972007,2.473807479166577,-10.778589349069584,4.482797649752449,-28.738286632736905
624585,R,2024,573,0.487146160589829,-1.7610374545900453,12.22078664667933,1.274800513088482,-3.4306790757982157,2.6864225671033792,11.477439357072758
624585,R,2025,315,6.374317191629788,-5.471797109457375,6.350758494363886,-7.261697168382734,11.236567144753401,-9.22540202924129,2.0027465236656767
624585,R,2026,362,-2.4806367445307407,-12.45610851286443,13.297566830498353,-7.71108741638707,5.185990839691298,-6.124025993154943,-10.288300996747527
624641,R,2024,275,-16.585068429703618,0.2803854575349628,8.53946383459883,-5.941058608892475,11.03423141029776,6.796294443345118,4.124248107180582
624641,R,2025,261,-21.383197113993873,7.951711077495453,4.007156980203564,-8.180284383705658,19.429102440071784,5.6232050484984875,7.447694048569761
624641,R,2026,242,-23.650463317805027,11.932742978362397,11.677481285879733,6.444597312258412,-5.143823898558774,3.366905827702822,4.6274401878395635
628451,R,2024,244,-6.815375389986325,-4.927600713034787,-13.793843355983206,-5.400197869427909,10.853206701570448,6.418558982666989,-13.66525164419479
628451,R,2025,193,1.0155746064009072,9.580117609353936,-18.385250335536107,-8.079382171621594,-9.512798751412708,4.723238984414108,-20.658500058401458
630105,L,2024,659,5.996219851472584,6.303464448910991,-13.198834915612558,5.400698028636262,-5.865085047220319,8.840483099082912,7.476945465269872
630105,L,2025,516,7.176095326446035,6.066249686428431,-4.951063929974088,-7.447593647434296,5.862506820580689,-2.650591002497556,4.055603253549214
630105,L,2026,409,1.1328489691286683,1.4637113322804902,-3.1372248796951805,-15.382283455838019,7.4402296076233565,-4.073963354009236,-12.556681780509924
641313,R,2024,242,-13.250846067254985,-6.228937979436984,2.000674142490844,-14.795139087181893,-15.504229486239616,-7.86747487977019,-55.64595335739283
641343,L,2024,348,14.370309575627395,-13.521944335646321,16.488269262119864,-7.960620393981346,-7.4665722447180025,-10.009406019520497,-8.099964156118906
641343,L,2025,218,12.419711113303691,-2.0853473162361906,23.24249514879484,-7.356773170527321,-10.887348435143478,-14.019973656236425,1.31276368395512
641343,L,2026,551,14.814493249245565,-7.04040081861314,25.801410105209797,-3.9916347169526643,-0.7164887055447537,1.665267319830058,30.532646433174865
641355,L,2024,563,-7.7452075012028585,8.589581907271889,-15.877830036948412,1.4309757898900746,19.139419047281912,2.4744201129347787,8.011359319227383
641355,L,2025,657,-5.294734515726358,13.234995078370796,-10.417920657731102,3.6111789898366817,13.770957527212449,-1.511889453119411,13.392586968843052
641355,L,2026,554,3.1435834388369397,6.0960733810587024,-2.5137249896867115,0.9528049721410433,4.904590042497386,2.734019821362415,15.317346666209774
641432,L,2024,253,3.4106203889835394,6.2143218154787085,-24.68434769820857,0.21718336125752488,-0.5111927406688053,11.024279920960133,-4.32913495219747
641487,L,2024,453,11.423407574118245,0.03563506358448481,0.7821199338629267,-7.243871989615247,-13.322576752055305,-4.6396493776986905,-12.964935547803586
641487,L,2025,654,5.714700553715981,4.7344187238087985,-8.886281354568125,4.78496789692798,-4.968076678831621,1.3729601579231254,2.752689298976141
641487,L,2026,470,11.359546039402543,5.2013069607170435,-4.3203932435525045,-5.3420036363894745,-7.761330746024508,4.304684719160897,3.4418100933139986
641584,L,2024,382,4.305603570734802,0.35402308298488194,-0.6083071712743898,-18.378341396023643,7.292579397476966,2.185189678101793,-4.8492528379995905
641584,L,2025,217,4.712396788907871,-2.5706301469920283,3.6767492346609063,-12.090904041312907,4.001513854793342,0.03643085621263811,-2.2344434537301776
641598,R,2024,431,11.121556552357712,-9.624911990086304,-10.302677083913785,-0.44530976751647,3.3106170547482265,-5.039661248343395,-10.980386482754016
641598,R,2025,289,8.92934731762659,-10.244863554178322,-2.738104658376167,-6.276408209385502,-0.5698965214371988,0.3037795155949079,-10.596146110155688
641645,L,2024,187,5.963114930688923,7.570451462684642,-17.451139865673063,-2.2886038799088726,-10.65499355319602,-9.264988711429538,-26.12615961683393
641658,R,2024,231,1.8652583977309554,-4.269819222216796,-14.007301164328489,-4.516778124687534,-2.688920793479598,-7.653151288072894,-31.270712195054355
641680,L,2024,374,-3.795863993149004,4.743007620329622,-8.642129151754224,-9.621478207515523,-8.75125785901484,-3.68919631972326,-29.756917910827227
641680,L,2025,302,-2.024277491988302,2.4946679693932095,-14.752177510622234,-5.179080718456955,6.991642357631591,-3.023252333886478,-15.492477727929172
641680,L,2026,198,-3.632142949098298,3.7704322677645155,-9.48995110119672,-18.304755290898697,-15.765769634783222,6.680969136194773,-36.741217572017646
641680,R,2026,179,-0.8810652173926367,4.669916594660979,-10.04645559786609,-3.412133354646686,12.1051526378466,3.4904951049988977,5.925910167601066
641857,L,2024,642,0.443265423336991,-6.254062433364948,6.335638253779541,6.787369043812445,-8.515924310608451,0.624013382000368,-0.5797006410440536
641857,L,2025,587,5.635097502719189,-14.172118794730755,18.871960389579066,-1.9148804101527857,-9.619191292482407,-3.5465980542876685,-4.74573065935536
641857,L,2026,352,4.4088580570451805,-8.297743782674745,22.009947405433643,-17.668257616044734,-10.168981696268345,-7.630346959089184,-17.346524591598182
641933,R,2024,469,2.26399705967743,-15.430673336539465,9.331367789239994,18.57163821882685,13.535841462733204,-3.2464773399772806,25.025693853960732
641933,R,2025,208,8.707253514929132,-8.784874599993469,11.434491288982485,8.223625504014306,-36.95846407386874,-0.6293913519504174,-18.007359717886708
641933,R,2026,260,8.268386852877665,-6.0735080893368165,-1.3852594618274798,3.817646431504291,-8.088509770288583,-8.290712349839158,-11.751956386910082
642086,L,2024,307,2.445156209520669,-3.284522531945826,-1.0105442017961035,-3.7889728337374313,3.5425417511413095,-1.286586275983436,-3.3829278828008196
642086,L,2025,225,-1.0372595855516877,5.0128328336017605,-11.082231931039871,2.59920142993175,11.789544384179566,-2.563271556992602,4.718815574128913
642086,L,2026,292,5.044736579190898,5.6226061463211705,-16.842413115700236,-2.3772825372760433,-1.1908193760004968,-0.18063988637157022,-9.923812189836275
642133,L,2024,421,-9.937097735726804,5.086553366466105,0.2519588166081761,-9.887726800929315,0.35865361790866196,8.9085646742753,-5.219094061397872
642133,L,2025,313,-6.571298888561999,-0.2905103066317169,8.518783290063917,8.51282572374282,-8.350908836701931,0.11033183852054154,1.9292228204316322
642136,L,2024,187,18.503323051391096,-20.434699282506838,8.007711500559186,-19.23838282029609,-0.22400526035343804,5.031229666133814,-8.354823145072263
642136,L,2025,191,15.163913386664312,-5.324159148217567,0.6784556262208113,-19.670973549042223,8.73829006887479,-8.147963696022885,-8.562437311522764
642180,L,2024,156,2.0292439400209696,3.180798265360871,-17.523198065767968,2.191015525087215,-16.912306274886436,-1.3851106041546475,-28.419557214339996
642201,R,2025,271,0.44798135523623633,-4.612855599101383,4.923404650509521,1.1802915661900226,-6.456725397053982,-2.349769032827795,-6.867672457047383
642201,R,2026,204,2.326040509012021,-3.6435787348373387,10.122521112037635,-23.948719579837036,27.558113270146148,-0.25341939783254597,12.160957178688887
642215,R,2026,174,9.932750096708844,-6.674381736513932,10.514666136782793,-24.135894656251867,12.054688710250314,-12.839856665211624,-11.148028114235471
642350,R,2024,447,-6.8402595610608286,-17.90595557913233,7.584199564617701,16.739259347467026,-10.509212874424696,-6.1499062117230885,-17.081875314256212
642350,R,2026,237,-17.164079060998862,-12.458286045981147,12.226436209023563,4.624217906695285,-0.6275403460587118,6.421075115269535,-6.978176222050338
642708,R,2024,346,-11.646486791820669,2.6381915268168603,-17.041113844726603,9.54225716298019,12.27977792424179,2.2419715428668847,-1.9854024796415473
642708,R,2025,191,-7.777657189562984,9.048986542965523,-3.7120165461085177,1.0278684298403293,-7.5152308989711525,13.18711609848386,4.259066436647061
642708,R,2026,235,-11.680569796011824,1.4338123012498771,-4.187872122937136,10.801985347627522,-0.8298215118174644,-2.293953666785488,-6.756419448674514
642715,R,2024,688,2.7410949376453337,-5.028649319050671,11.745930737870111,5.927771051244259,0.6083989950221321,-9.27836550302482,6.716180899706344
642715,R,2025,684,4.906528835823533,-5.695516633217499,8.340855297188144,-2.303554636343058,2.116635306552928,1.4378947734871392,8.802842943491186
642715,R,2026,505,0.9329477106330359,-7.199747337316414,6.368221767620223,-3.975753202297096,13.368709916303612,-3.182605615700261,6.311773239243102
642731,R,2024,382,-10.419090642635341,2.239196979487796,-1.9579329756649524,-14.922710383432587,1.0308959335366792,1.5101020339454372,-22.519539054762962
642731,R,2025,165,-10.326428124649578,4.439812874378933,2.676889753711298,-27.3778801333585,13.666455332198971,2.1876568927675923,-14.733493404951279
643217,L,2024,523,6.4488419637277845,2.5572375797824254,-14.2529833715631,6.866733481433147,-7.793129615863186,-4.084310111274842,-10.257610073757771
643217,L,2025,470,-0.16519331072899196,-0.22480762489870448,-16.0783503947652,12.075612107558799,12.555967946148145,1.5713277783428043,9.734556501656852
643217,L,2026,453,-1.7911697890903215,-4.402150682998277,-6.390141730773013,9.577259170530192,0.18922935216556355,-2.9109275826248746,-5.727901262790728
643289,R,2024,428,-4.258874122919154,9.372522970697693,-17.246738371002024,-6.316599139829606,12.61427739447771,-2.7301707541758558,-8.56558202275124
643289,R,2025,398,-4.163837533848525,11.362160607693228,-22.4017108460332,-8.303577217346124,1.3189104499056792,5.023344158102246,-17.164710381526692
643289,R,2026,602,-8.854286709987967,13.991075650356406,-13.820178341285636,1.4531426754195507,3.2858523320273076,-0.7091809985389411,-4.65357539200928
643376,R,2024,322,15.53204222768529,0.1951726254385775,-17.114559162357036,-10.494313041050123,6.503840490379571,-0.27570403749362227,-5.653520897397342
643376,R,2025,338,12.745296807315144,-5.424967433876329,-7.940088284334358,-4.114173163006872,16.131856653863117,-8.754403109004084,2.643521470956617
643376,R,2026,209,3.05254788350291,-4.319147705436329,-11.375359001896776,-11.269863027165519,11.972188622597306,0.7035483599436918,-11.236084868454713
643396,R,2024,496,-5.933361020989215,8.983036953353958,-26.028776035793314,3.8471916738204626,8.165778216010128,5.810294518686379,-5.155835694911603
643396,R,2025,460,-5.733078209589651,12.90967170675628,-26.150136460963335,-0.7771099896172653,9.94411433904042,-5.004683402223341,-14.811222016596892
643396,R,2026,173,-3.8478256215122957,6.621606035405034,-17.28296239804336,-0.7440375928889187,-7.115624275067902,2.1198285987629926,-20.249015253344446
643446,L,2024,471,5.702322744253222,7.625000413194223,-21.483862374068927,-3.1647525837365293,9.553254357158924,1.4435063597147277,-0.3245310834843622
643446,L,2025,458,8.201220910980746,10.724573621285781,-11.992530894269288,-3.4218228269185103,-1.683849078039791,0.596953924222751,2.424545657261689
643446,L,2026,498,2.2926133404656444,10.381810752353395,-15.062616608610995,-6.3859248444118215,-2.939111053809063,2.461795897704022,-9.251432516308817
643565,L,2024,351,9.788163138718126,5.8902567619090584,-7.101058416434401,-1.9739219979244569,-9.213214106459855,4.1592716422710465,1.5494970220795148
643565,L,2025,385,8.139835400821928,0.659637906530879,-2.9268576100057824,0.9940064014026365,10.938950629290257,2.7110170599543246,20.516589787994242
645277,L,2024,293,3.899909132184603,7.701590949699515,-10.717983114396725,-5.782582556874706,-3.768489930874436,-6.284747191545698,-14.952302711807448
645277,L,2025,480,-1.2960081784715953,3.79453587581817,-9.096172250326756,-12.963747217843586,11.068609013340515,-0.1521155975619344,-8.64489835504519
645277,L,2026,407,-2.2080101252484794,6.421385190589626,-9.087640321644969,-16.601266442460105,5.069421203677841,-3.6197353205734353,-20.025845815659526
645277,R,2025,185,-8.867938177195354,11.269462768692838,-4.167847259166588,-1.0674394062088925,-6.5407080692881125,3.2829001611066033,-6.091569982059505
645277,R,2026,258,-14.913751248560388,10.354513829660448,-3.4199902685544545,-18.933426444660316,22.1730088846707,3.734728466517133,-1.0049167809268804
645302,R,2024,296,4.33206006890955,0.10137520088674225,-10.512847598198054,8.95687031358093,14.423057782297,6.952541510788739,24.25305727826491
646240,L,2024,587,-1.5479260619624635,-6.001911580577296,1.007304540803895,23.058329519027165,1.8315900785181138,4.720247244928446,23.067633740737858
646240,L,2025,720,3.218631616373274,-9.282627927527926,1.8333759967909948,23.067957353814077,-3.552827865930935,2.4586888138661345,17.74319798738562
646240,L,2026,625,-2.5158161920768323,-5.72097457375173,2.1035002789926063,17.281279432018177,8.979372324582021,0.7879660378965092,20.915327307660753
647304,L,2024,628,-4.50139079828308,5.1002514009094915,-6.482563807252701,6.113644996725465,4.790465299314219,1.3373350449169448,6.3577421363303355
647304,L,2025,601,-6.473114545639868,5.785976954859544,-17.547216532475034,14.784707237234795,12.11488918378191,7.9985025298432575,16.663744827604607
647304,L,2026,627,-9.465314907242735,7.56483458952237,-18.764161581232273,8.542183781891799,-11.651766309541632,7.620708678081602,-16.153515748520867
647351,L,2024,281,-8.522825921766541,10.822831447520814,-14.434381259996279,0.5095315491309489,-12.004732068988803,1.1818357873619836,-22.447740466737876
647351,L,2025,203,-10.288780377113332,11.724588350008057,-8.878406884979409,-0.7568812190982298,-8.01157007002696,2.7214909135258534,-13.48955928768402
649966,R,2025,331,2.8932639534838094,11.186701739184596,-16.387843561620524,-11.09834126803354,3.773890423290211,5.821969552073761,-3.8103591616216885
650333,L,2024,669,-5.642872111542143,20.708946473452393,-20.006349161845616,4.935080168079804,-3.465387777338204,11.108799597673661,7.638217188479893
650333,L,2025,677,-6.994467481395799,23.22040578987486,-19.48075975933408,-7.96675127222367,-0.3720817065784508,4.829712446836392,-6.763941982820752
650333,L,2026,645,-3.1603151451808884,21.326289540735953,-17.889611033621037,-5.699876929236577,9.282263726611133,6.974411389231315,10.833161548539898
650391,R,2024,348,-2.1172261855219143,3.1657773847719732,-3.0295712769406156,-7.575057912868222,-17.02741373107888,-3.9164148156877534,-30.499906537325412
650402,R,2024,665,11.486131515692822,3.3548351021700844,-2.2730971359293686,-3.225803009300402,-1.0856828455493663,-4.6977999715732786,3.5585836555104913
650402,R,2025,629,18.77541547690271,6.11972586089461,-2.3459395227349136,1.28732822997852,-14.244044603130922,1.3254847906064329,10.917970232516439
650402,R,2026,417,17.68134043758649,0.0017010725606641025,-8.231784073298515,0.04490869557455568,-5.579109996795386,-1.054981516014831,2.8620746196129763
650489,L,2024,472,1.1963029197946893,0.023159535132126555,-0.7485457674635165,5.174988622219374,2.8392638363237537,4.319496399524001,12.804665545530428
650489,L,2025,339,2.0792177048195546,-5.320674894015085,-1.3749889003834201,-7.046915892211187,0.45740287072388214,-0.05670278207547121,-11.262661893141725
650489,L,2026,313,-3.8496040968490397,-4.0773847890701385,12.892335361803383,7.835607319541646,-8.044498104022564,-3.9700326485282713,0.7864230428750164
650489,R,2024,164,-8.804405221767817,-1.3349086235857905,-11.306777183897122,5.92580246478579,7.856915290136804,-4.191854276613655,-11.855227550941791
650489,R,2026,169,-11.725641198412678,1.767213859201048,18.385631621971363,-35.81355249074254,32.30825499211596,-12.356520042069647,-7.434613257936499
650490,R,2024,622,5.752255334759389,8.620510948879906,-15.49076274520706,13.601572812416979,-6.403814236379418,2.6750733944163203,8.754835508886117
650490,R,2025,645,6.073112009227157,6.055750333180272,-15.911400829156246,18.22625948836317,4.167865084767522,4.496391101058597,23.10797718744047
650490,R,2026,664,1.0195929432807467,8.602379649904242,-14.979243277385189,20.155051329330522,3.2188860725818262,0.6048844279765472,18.621551145688695
650559,R,2024,622,-3.605035195465744,-5.8420002734538965,8.568828832890228,1.7003558575741344,-4.616761970690452,-6.36364296322922,-10.158255712374952
650859,L,2024,249,-2.383193511921036,6.882490733500599,-16.802907140108186,0.11617312903123804,7.113507149043297,0.39059015146841985,-4.683339488985668
650859,L,2025,441,4.2113862037683445,4.235717349495328,-13.350419037498485,2.019205054025331,-8.701203507641932,-2.3422840386417096,-13.927597976493123
650859,L,2026,220,9.306047248987484,9.193270429802265,-5.2398598372734355,-17.395099904858608,-5.330612934585342,4.333768581585528,-5.132486416342107
650968,R,2025,168,-20.22710677043495,15.55745239646659,-24.41017902662201,5.983061724982299,10.961795597877117,-0.3822973239064501,-12.517273401637409
655316,R,2026,333,8.159745078118377,6.3473956833446925,-6.3176959669324395,-9.616097337960651,-1.2792279882209394,-6.399510411054714,-9.105390942705677
656180,R,2025,288,-4.840211186500287,-13.075198494369108,15.961694624532045,-4.763673180672081,-11.702977947197223,-13.616872073106943,-32.037238257313604
656305,R,2024,643,5.610150283968964,2.2664801706257642,4.0447171886943085,7.9178400284425114,4.084650383963407,-1.4888827208280266,22.434955334866928
656305,R,2025,535,5.95115428755678,-2.4800839497804357,-0.6393914832178106,4.372967377761897,2.2831298190913842,1.0676911165445895,10.555467167956404
656305,R,2026,351,6.77707503375653,-1.18752584044027,-6.0702375598030756,-8.484011190906566,9.593798346824752,-5.445901739825336,-4.816802950393971
656413,R,2024,233,10.964188916295253,-13.611238842454451,-7.3601403726731345,-5.08092567265572,5.653786376878543,11.269205080731101,1.8348754861215872
656484,L,2026,188,-4.427147469554164,-11.086750296908939,1.857389817369525,-7.646139186897055,-5.099919514896612,-1.664345662529785,-28.066912313417028
656537,R,2024,172,-5.963496773680175,-15.36261084480813,-2.7784920980015158,17.148037944717778,3.7534347803095436,3.508700667406715,0.30557367594421436
656537,R,2026,213,-4.101878211013388,-11.758239166286724,12.540929890133285,1.4125750737348939,17.49889363883454,-4.211179735702332,11.381101489700276
656541,L,2024,158,-6.8515211604653015,-18.678171218819255,8.103735528567897,5.4556733690026205,31.344672499873834,0.29088968734998627,19.66527870550978
656555,R,2024,517,-0.12878970460967124,-1.904783420225645,-10.212919203669037,9.164685380766217,11.453412948952014,6.020151052174765,14.391757053388647
656555,R,2025,326,5.698345663611599,-6.6518684312962515,-12.007337556634933,7.6301857234091095,8.318525741259245,5.031659738267282,8.019510878616051
656555,R,2026,319,7.946599043977867,-14.916206128967923,-3.6865341127607567,-2.537857027232621,5.028898051490898,-1.1580051098484658,-9.323105283341
656577,R,2024,156,-15.491404722778121,-8.563790837286392,9.7682617397242,-29.01874989569483,-8.003961677610196,-6.076984181785888,-57.38662957543123
656582,R,2024,416,7.211300469620874,-2.3940279316850788,-8.446298684768783,-19.868603288164348,22.092368994653995,0.7881338356301636,-0.6171266047131772
656716,L,2024,324,5.582343295074301,4.575586168264331,-13.667363124514639,2.724541337661895,-13.721382876735865,-1.5522484334174467,-16.058523633667424
656716,L,2025,511,6.036845938178475,0.17824041817283218,-10.073933689924193,2.8033277323836665,10.115210779460758,-2.5224770130036727,6.537214165267866
656716,L,2026,417,2.774288334827196,7.954760094875887,-6.07803864033542,-20.602689271575375,-4.41661803154252,0.94462391378232,-19.423673599967913
656775,L,2024,499,5.027393581850751,4.2239220337793295,-6.466296382272663,-10.540722213108006,10.371669411075395,1.6662987806617224,4.282265211986528
656775,L,2025,497,4.400346525672706,0.5245330551198043,-6.220629705740695,-8.953355707174524,6.578610628892229,-3.382530521434205,-7.053025724664685
656775,L,2026,486,0.5315035318104822,1.9374784348680605,-2.650941109786739,-24.562482369827258,4.641396687174241,1.5881437590472138,-18.514901066713996
656811,L,2024,492,0.544662559344742,10.979868193305114,-0.20269846250384502,-2.3548491672774414,-5.248062702842349,8.063667829326315,11.782588249352537
656811,L,2025,541,2.8942639437063957,2.399748454002673,3.413627687178207,1.2219672827176893,4.249749863016284,-1.4745690613404112,12.704788169280835
656811,L,2026,433,-1.2424017364066253,2.4857223823416645,1.295014867592952,-0.9209699262244679,5.816261095670327,1.1681236089778233,8.601750291951674
656896,R,2024,302,1.6879120343084406,-0.950999612683039,-14.106809781557644,11.356928512671715,-16.3812188969168,2.415905755921396,-15.978281988255928
656941,L,2024,689,8.796203828746846,-12.074459716050114,22.578236930315263,8.099684044338753,-10.806437353224682,5.940272322425126,22.533500056551194
656941,L,2025,719,6.48968691599853,-11.370145141310102,27.01184760153797,15.505229603320414,-0.2528208391755935,-0.6351977808988029,36.74860035947241
656941,L,2026,672,2.7394355666618035,-9.492154627450414,20.59756987244618,11.219517044264915,5.411536117062228,0.854231827964144,31.33013580094886
656976,L,2024,158,4.67496500492328,-2.504817599864068,7.383266209515761,23.673373016921147,-10.878067751116292,6.137835962131404,28.486554842511232
656976,L,2025,287,3.4787821878858316,-10.244766997067758,6.208823583513113,2.393092466300964,14.119790699180854,6.221020605759881,22.17674254557288
657041,R,2024,528,4.50939542150652,-0.493007034298455,-3.281856205048426,8.20758202517374,3.302616679707098,-5.913102479178492,6.331628407861985
657041,R,2026,374,11.701934846602857,-1.4010280745567878,-2.7897253858221274,-0.016278236454874345,-1.618449783870307,-7.059453981838342,-1.1830006159395796
657077,L,2024,620,3.072787083023616,7.7405025661156,-19.053432686096656,1.086167264573172,-12.16449868215205,5.95615411232452,-13.362320342211797
657077,L,2025,213,-2.224897152175462,10.902879492617112,-22.53661859548449,1.1865397848748416,-23.675876482640287,13.041125551895641,-23.30684740091264
657136,R,2024,487,-1.0949283274668964,-3.3864996236347027,0.5757702495472944,-8.236453914412001,21.925722670416288,-0.8879459599688776,8.895665094481105
657136,R,2025,188,-0.6424755948712717,2.456087393867119,-1.6660847762299376,-19.78129126345363,-14.133766326167436,-0.7397470551748135,-34.50727762202997
657136,R,2026,234,-5.199332620800079,-2.3708588288158445,6.949679234228712,-22.16742455085075,4.816826183912409,6.625290834617106,-11.345819747708445
657557,R,2024,482,0.5614346897926992,-17.228460486871704,10.02596374360896,-2.1221487922557434,5.145682714640176,-2.318893611370978,-5.936421742456592
657557,R,2025,209,-2.548189049657666,-14.209657106255976,9.969311372504375,-14.041299929516704,10.595916395814285,-6.654764914450608,-16.888683231562297
657656,R,2024,309,-2.650735362485279,-11.229826448355276,12.313253876037082,4.181778008018564,9.122199990892044,-3.4851492639251154,8.251520800182023
657656,R,2025,486,1.7393165513832123,-3.596290495873603,9.250290996839242,13.313099705923989,3.0152712015327596,2.3840145111600655,26.10570247096566
657656,R,2026,206,-1.3273106518043887,-14.51475197507607,6.920134698469374,5.563709647299948,-11.923407990998172,3.579254991448118,-11.702371280661191
657757,L,2024,499,-8.338879450499222,8.869833436729444,-5.732062292779256,6.992063480747043,-12.919995999803502,-2.961853724400438,-14.090894550005931
657757,L,2025,545,-6.841608051254047,4.704138688114573,4.687883630443783,6.515814975568786,-4.893918906861605,-0.6490343706844159,3.523275965327074
657757,L,2026,414,-7.985661475213916,9.001076278706309,4.285341172930756,-5.995996624045306,-4.76482854672424,-4.540893935489418,-10.000963129835815
658668,R,2024,196,-0.07003023632428362,6.071024036615506,-7.096959973263449,3.0689405356024158,-27.732079849079554,5.807947771232969,-19.9511577152164
660162,L,2025,260,6.19308671316733,-8.433981544776067,14.973028272803466,-13.38446962882603,12.210752664759394,8.864648928827926,20.423065405956017
660271,L,2024,721,3.0260190069406874,-1.4109783047843898,17.35880587998495,39.69425579786887,-9.066322413306217,7.2568173499934066,56.8585973166973
660271,L,2025,707,1.637922800304058,-7.903728833432329,20.277596281456677,36.83680420482256,-5.9662274975335565,3.0509811398999744,47.93334809551739
660271,L,2026,581,-1.3309549509167857,-3.446560527416114,18.50237335917623,23.596564481687906,-17.444845273951653,3.9877387417401042,23.864315830319686
660644,L,2024,205,3.739664689182271,2.93104333101903,-22.711397471647125,-10.063232386186392,10.825772233663429,-2.6122319785634973,-17.890381582532285
660670,R,2024,222,6.000908519798002,-5.964722955081168,21.268420154491256,-8.87395750507611,-6.012415833953878,1.6743105039180044,8.092542884096106
660670,R,2025,408,11.287411873574559,-10.054808284115289,34.310823798601604,-3.7816548782141206,5.303053920166978,10.937526034847682,48.00235246486142
660670,R,2026,454,5.986475932054628,-7.959049817714492,35.74822886721884,-11.044198150787377,-9.571771853311663,-0.025533121049891878,13.134151856410044
660688,L,2024,353,-11.195306329341411,16.51689972975572,-27.946454371293164,5.895172351521543,-5.5581640912039125,6.184164984921949,-16.103687725639272
660688,L,2025,213,-4.605506777795258,10.217263973519618,-27.324916091292664,-0.4755717157568231,-11.135143160277538,5.763674322316244,-27.56019944928642
660688,L,2026,254,-2.7707903113939163,12.13984130328043,-22.849821524702367,-3.763705314569812,14.220474541239048,8.286865896866534,5.262864590719913
660707,R,2024,248,-11.3350002922145,3.54252911377349,-0.8648980366201625,-11.804397721841402,-6.253266401832742,-7.161350528244834,-33.876383866980156
660766,R,2024,251,-0.3845889295115792,6.93550212579812,-13.960014255228185,4.42741209832665,13.258389534099242,-11.19650993583463,-0.9198093623503845
660821,L,2024,535,-8.190071762185706,-3.3004549037326103,11.558943137723157,13.91217113001613,-16.915264240698942,1.3800150238099087,-1.5546616150680663
660821,L,2025,497,-2.7714004188703742,-1.5427001872314687,11.645070294223654,-5.354648179190667,-10.716314908743309,-1.8282565151210572,-10.568249914933222
660821,L,2026,311,-8.343247235101048,0.8139697062085942,-0.7310920490135695,7.100592750850089,-8.545402500694289,1.3825628138075443,-8.322616513942679
661388,R,2024,674,7.038267602000629,-1.0422737370456288,7.194378440769499,2.188532580911893,5.369961052628359,4.160761981726254,24.909627920991007
661388,R,2025,656,11.455479194326802,-0.2543896205541299,8.26553026304507,-15.290413093455255,8.562515044382923,1.7805571598234864,14.519278947568896
661388,R,2026,618,2.9655014883907906,3.244778404319942,3.863359793803602,-7.888827192469614,0.04378638882149194,4.406773115854129,6.635371998720341
662139,L,2024,510,3.668075896740968,-4.691446120810762,9.538642691888633,-26.115012501512087,17.749039681944176,-5.607767281585824,-5.458467633334897
662139,L,2025,270,0.19546440250898092,-13.630355364469326,22.126064159929008,-2.8299850631724888,24.44523199990748,2.518092200797917,32.824512335501566
662139,L,2026,525,-7.648124146576144,4.217464660518996,9.378845655643591,-22.19831879931492,-1.9405644226390444,-2.829170941262766,-21.01986799363029
663330,R,2026,171,3.4662020990425177,-16.907705145583115,1.0321088724979237,19.116499405571787,-7.494633545126463,-0.89858492639993,-1.6861132399972767
663368,L,2024,275,3.5929742913885914,-7.886973284487551,-7.61217834062526,2.3835814857753777,2.497144478715919,-8.625121412438505,-15.650572781671427
663368,R,2024,158,5.513109232283744,6.952488946524237,-10.424778582071397,-15.097502871283943,13.181618046055725,-0.07376022523230905,0.05117454627605635
663457,L,2024,403,10.341233218534997,5.57750014452707,0.4486012997649866,5.166331727041065,-12.638938536379563,2.0549567632329406,10.949684616721497
663457,L,2025,580,5.897414081400598,1.832902727435388,6.7220763084636985,-18.068516768062324,-5.2605911816967605,9.803774690139324,0.927059857679924
663457,L,2026,308,9.0179122358335,3.486691964982507,9.931706840036025,-4.034183731916038,-22.233633906545542,0.01744229590636594,-3.814064301703184
663494,L,2026,183,4.43319475608593,0.7622407671274068,-15.24518924529369,0.6186414848099789,2.643988500057453,-3.660218914325985,-10.447342651538909
663527,R,2024,278,5.960352720752196,-3.010819669618607,-14.843898549258276,5.038514924299484,-5.896519579567115,0.5551718349588858,-12.197198318433427
663538,R,2024,640,-2.4223189158719025,14.881894139902426,-19.184568090005275,3.5229800978103336,0.5897458716795544,8.191828417276989,5.579561520792128
663538,R,2025,650,-3.9540465502116002,18.780740561930536,-18.718615006040825,0.7120302581604636,5.07591425751746,6.18539143552861,8.081414956884645
663538,R,2026,672,-3.316168610389174,15.139581129907793,-17.471968615773275,3.5358869184068134,-11.758537376512226,10.293164060476315,-3.5780424938837516
663586,R,2024,470,0.7577202351462511,-5.064236560521044,7.108404245586131,18.760509308936676,-8.955871218967141,4.216061837797045,16.822587847977918
663586,R,2025,446,-1.3801479276361357,-8.436186459625114,9.52595520256893,9.579017277269859,-2.669922866204572,-0.10590014237987365,6.512815083993091
663586,R,2026,609,-4.798827002229556,-9.226560536406566,7.644579925883858,1.5427679799182474,-9.42656627290315,-6.673680722083326,-20.93828662782049
663616,L,2024,400,-0.5885991112317734,-0.7804556655998962,0.02885541679520304,8.098844739477519,-3.74311212928598,5.998877660864176,9.014410911019247
663616,L,2025,565,-2.45566384358768,-0.3305809330075313,-15.011628600195722,8.689942736088243,2.3478362882236956,8.110298408062187,1.3502040555831905
663616,L,2026,434,-2.0555064813289947,0.7026622842431536,-17.44324133897723,11.72151455792594,9.054572965657988,14.699210478317793,16.67921246583865
663624,R,2024,507,-9.228036578473015,2.008263654535166,8.894197092588863,5.812213578128308,-0.46772379156849714,-1.7912106203251077,5.2277033348857165
663624,R,2025,357,-7.823786118364544,-4.341856331413383,12.237856863050615,1.1536996806462658,-4.248428074059924,-5.373299528497493,-8.395813508638465
663647,R,2024,395,-4.180007065950693,9.503897151409612,-19.88779917381639,3.1019688693844607,-11.235980780689255,-8.15740091235055,-30.855321912012815
663647,R,2025,567,-3.8673669482203414,5.041250276576461,-17.91231573503457,-0.622502094674806,-7.581010337554693,-1.7169577068522852,-26.658902545760238
663647,R,2026,235,-8.469059912927646,-1.321688769393119,-16.26709500256248,9.068886090301406,-37.534617695542366,4.6467281667125695,-49.87684712341163
663656,L,2024,336,16.540927416376764,1.9650991127805757,-1.0180539386982779,14.757966231185403,12.225373103995596,8.18781236908428,52.65912429472434
663656,L,2025,590,20.261191402126133,1.8300461077220718,-2.6021294091617673,3.50372053667407,-8.150743116190949,7.05837349646815,21.900459017637708
663656,L,2026,606,14.09772877190503,3.0556386872717543,-2.7011934700203253,-3.5324605241068237,-5.134933388919804,-1.2324368218281654,4.5523432543016655
663662,R,2024,186,1.0607248049088736,-6.0085528779309305,-6.1072656773987655,-1.2703376432543507,-16.439759585447348,-0.041000455109420846,-28.80619143423194
663697,R,2024,637,7.848518566219864,5.135438237209167,-6.951139548890611,6.901978772044751,-11.36332823942454,10.380348663508487,11.951816450667122
663697,R,2025,566,7.643277003888306,4.199454540441705,-3.244217745628854,-8.886487938710534,-12.716508869580643,8.80423997129031,-4.2002430382997105
663698,R,2024,283,-8.393211061998109,2.415039256352512,16.747693366952806,-2.059841706253121,2.8149045876272325,4.833538990170545,16.358123432851862
663698,R,2025,334,-6.230649364129108,-4.171032226285957,13.4615917101224,-14.15209658108888,-2.0831807614074545,3.3673306002730294,-9.808036622515969
663728,L,2024,453,1.5171568401837197,-5.385039312983349,9.932712693313512,14.818897299201874,-6.973336581611919,-5.710194968012257,8.20019597009158
663728,L,2025,485,-5.732782488814266,-2.4989804630985395,15.799750302174912,12.164351273790189,1.6670848865594912,-1.2707683153958518,20.128655195215934
663728,L,2026,325,-4.492652475427349,-5.394486943305127,16.15385015995811,-4.762477001027657,-10.725253046056851,-9.610711306984443,-18.831730612843316
663728,R,2024,171,-6.989602427626722,-3.39835144039887,-2.6757365614420645,24.5868987639043,-20.458680199414896,-2.6738458278372907,-11.60931769281554
663728,R,2025,204,-6.488110699328753,-5.821773467726112,10.512155209757772,34.99502444276765,29.898815738675268,-9.978995557415754,53.11711566673006
663728,R,2026,186,-7.284536666623572,-8.729962978381064,4.550689314172665,8.86361321047992,-9.375630735468457,-3.63030532464351,-15.606133180464015
663743,R,2024,335,-2.9209538460472455,9.14539798656161,-21.79534751071861,-17.01970769969158,5.398537630462716,1.7674424769742543,-25.42463096245886
663743,R,2025,243,-7.708661915012228,8.07930568796385,-8.352773672249103,-12.54094074779272,17.209370079420054,-4.7531829021000265,-8.066883469770168
663743,R,2026,313,-9.423518817748336,5.893867036952823,-10.014618311747896,-16.28982947077661,12.144502605688471,7.387851203060494,-10.301745754571053
663757,L,2024,208,11.759745979354605,-7.053644257426451,-3.7141936775050945,-2.234914501532878,-1.1516630085514379,4.022661940406264,1.6279924747450047
663757,L,2025,582,5.49640601069834,-1.7027798497475561,0.9492599611612198,18.050317279052173,-6.606182988858849,7.9846434191202915,24.17166383142562
663757,L,2026,485,14.042688755784418,1.9075309817448787,0.3264807609100567,-2.4219002788037476,-12.821792604036716,2.998397829500414,4.0314054450993035
663837,R,2024,565,4.001099238753078,2.4549373905347807,-9.263333959687824,2.6187083367183632,4.19890658878898,0.6808955640807819,4.69121315918816
663837,R,2026,292,-7.5070965954741755,7.661904893752354,-2.3783444990057054,-5.956535387769985,-21.555688824770023,-1.5378342481159943,-31.27359466138353
663853,R,2024,216,-7.253317092644609,-2.2943412657403943,6.078775313005628,9.404425946867727,-2.4120440701436103,-11.064373066183524,-7.540874234838782
663853,R,2025,340,-5.3675403285008825,-2.3593076749231123,4.540563379879754,14.838045711725487,9.78265510571061,-1.1954839095843823,20.238932284307467
663886,R,2024,514,3.597353929186803,-3.4289814442041644,2.1694313023923604,-2.517681335387881,17.271400822960853,5.448020290577993,22.53954356552597
663886,R,2025,339,3.9686301423517905,-10.72515838613413,-1.6049341732374274,10.874028566333914,4.545440539008347,-0.43503857067600427,6.622968117646488
663886,R,2026,459,10.285442580209816,-6.463303809765932,7.363497508463962,0.45995761629833215,-6.2748011110388395,-3.4459520728401585,1.9248407113271797
663898,R,2024,538,0.2755760488792389,0.496541226486403,-12.156978893855474,6.35235164864095,8.105936551032869,-1.3429039147954325,1.7305226663885525
663968,L,2025,290,-7.146782944730511,12.906771583183417,-23.821247170785078,4.884621240280097,21.798577174978455,-7.739447686361624,0.8824921965647532
663968,L,2026,332,-14.702734924983751,11.94272759291506,-13.922473618646315,7.140254186417429,10.152749137020562,1.6061397410085387,2.2166621137315192
663993,L,2024,567,7.306071719858975,-0.3234130285709386,10.842703512182611,-10.625394614386463,4.156426949241137,-2.7076703641084667,8.648724174216854
663993,L,2025,608,-0.01006799130191372,0.21340681622788302,5.543446700178221,-7.58727152439648,2.1923339872858243,-8.25171129636393,-7.899863308370394
663993,L,2026,416,2.619622673839745,0.7245972455726797,23.159297597952797,-9.408330356646141,5.820070624648439,-2.5320743475630674,20.38318343780446
664023,L,2024,497,10.356236754240397,-4.644363061096689,8.754965002780148,12.742345350484488,-14.277383243407206,-2.35686828873115,10.574932514269987
664023,L,2025,477,11.883537729250271,-1.187934318565263,1.4478310772637755,5.553621081389106,-5.144801380089663,6.434495503684539,18.986749692932765
664023,L,2026,469,14.810101589194483,-10.56589814940395,5.578809532070658,5.359591454021641,11.62962047621648,-7.475185938430259,19.337038963669052
664023,R,2024,162,2.155704452042641,-8.424144017588787,-1.2241738577235335,-0.16383558877323492,4.499259645834141,-5.565885506805248,-8.723074873014019
664023,R,2025,184,10.504235096161024,-2.679217229659422,2.505416239800819,10.212682062505875,-25.08072045803432,1.984878841055616,-2.5527254481704063
664034,R,2024,536,3.3611757572009777,2.0138726713650863,11.6412452511462,-27.0681364876234,-2.9587064023799066,6.587892417463159,-6.422656792827882
664034,R,2025,491,-4.958940102545555,9.084866341823966,0.08567966699319621,-3.851006852338557,-11.216041744023206,5.3604493086231155,-5.494993381467041
664034,R,2026,480,-1.7503035257836181,0.7753541635062671,8.988731932896785,-6.568802661384677,25.06490233963429,3.534402615350696,30.04428486421974
664040,L,2024,423,5.74230592030085,-6.013951768524331,13.780419077855013,5.5471375430813135,-3.1792368798793698,-0.985596325815609,14.89107756701787
664040,L,2025,553,2.4036481357325266,-7.784212081798487,21.399515677150443,-3.4902047401204666,0.4027101879286238,-0.7384467285016755,12.193010450390965
664040,L,2026,638,-0.6343430167119094,-6.371244206529265,21.735141161819165,-4.067206518165484,11.293062725156895,-1.8894379159825405,20.065972229586855
664056,R,2024,435,-13.01276042035004,1.7452591376146476,-13.066008398643957,6.293171462553635,-4.025542292864966,9.335933430057267,-12.729947081633412
664056,R,2025,503,-9.903263131699365,-3.816269850756054,2.375449650635969,-2.424551146303807,23.052226945945044,1.2739203138269206,10.5575127816487
664238,R,2024,440,15.566360327104414,-7.442882417503574,-5.848051445637476,-5.448286719263978,6.219101422323018,-3.45224691334273,-0.4060057463203282
664238,R,2025,243,7.118351313942775,-13.65035416579143,-6.301162916574923,-1.0337867300036194,6.267167944561406,-10.801752852322146,-18.401537406187938
664702,R,2025,299,-1.6445029335254742,9.156673859210414,-14.147299231353891,1.3419386896031271,5.859997472164424,-4.542109425368483,-3.9753015692698814
664702,R,2026,318,5.3669412323307855,6.570949325086893,-15.99214687563177,-5.340025696934553,-3.1989601675925896,3.4612565530473014,-9.131985629693933
664728,L,2024,426,-5.417511414393306,4.7251360616361024,-14.11120314206345,-3.961963914506731,7.280388107043531,1.64445927850243,-9.840695023781427
664728,L,2025,407,-4.381070560686605,6.335012063331407,-16.363575956015374,-14.913295927897332,13.526938246035208,2.883568650291912,-12.912423484940787
664728,L,2026,313,-12.840727258128744,3.5749454100101974,-16.31092333152901,-0.6241510957315904,-0.9143941121542292,-5.001715385866371,-32.11696577339974
664761,R,2024,605,0.1857749432548062,7.236683177515176,-6.809143232392918,9.58388217872822,-1.1231231088570097,3.5561485850928323,12.630222543341107
664761,R,2025,504,3.3695834351929945,8.267028546294947,-7.880244972952998,1.868956048503209,1.2470635959878567,2.359152560957615,9.231539213983625
664761,R,2026,611,2.6197135149892534,5.8153137281472675,-9.948636324864465,2.7447077583843846,-6.798165699878687,6.365303436339972,0.7982364131177256
664770,L,2025,438,-7.653561899987399,13.621859280895295,-21.406198522270735,11.006352899943655,8.225226404224763,3.651212746125839,7.444890908931418
664770,L,2026,433,-6.484453274749271,12.330835545186272,-18.715419702993916,4.316931420101251,4.844430987220732,-0.27279568724693004,-3.980470712481859
664774,L,2024,396,12.12277420533314,-2.657885162802119,0.9554342198757784,5.071121930599684,-9.966936449810778,7.702027172016347,13.226535915212054
664774,L,2025,241,9.679921453071657,-0.5057203311616701,-4.4126713681292005,-17.08108566537399,-20.374903922480414,0.7226394411712598,-31.971820392902362
664913,L,2024,402,-2.97139785338546,-4.4613130728356944,6.509341090849483,-1.4628844554296387,-4.183815362247971,-7.516973210669534,-14.087042863718818
664954,L,2026,231,0.44735906183531304,6.537340089936048,-22.687586484861384,2.9145832363973736,4.1921968041902735,-1.5972485153837985,-10.193355807886178
664983,L,2024,494,-3.3994102877076995,8.734602237590106,-17.438043542956887,3.028513804758725,6.053219510723452,8.750614122850864,5.729495845258558
664983,L,2025,223,-4.157280239395368,6.278095425704255,-12.09340541199326,-1.21431352591689,-12.432100837333147,4.090894146491108,-19.528110442443303
664983,L,2026,574,-3.4116882604593406,3.7749641093894075,-1.3868416970774269,2.049192219782859,8.537563802083504,5.245133451294707,14.80832362501371
665019,L,2025,386,-2.5199372315718405,-3.2044261432716743,-1.2592952612949762,14.878157950000181,-10.321174848727686,-2.898129280144364,-5.324804815010361
665019,L,2026,568,-7.335999423862302,1.0946165117396798,0.9743685395601163,10.92663887648155,2.313275060284312,3.9598476335725588,11.932747197775912
665052,L,2026,305,-1.759553617071696,-15.16108616767206,10.846921614024113,21.962260829611342,-4.403190800432509,7.025128618953086,18.510480477412276
665161,R,2024,649,-5.670135280780637,5.4994450574204095,-6.882542310775778,-3.077783786862992,-0.004542432528759736,6.80549777174912,-3.330060981778638
665161,R,2025,541,-2.956231968587743,0.23102477556768589,-11.223582928992062,12.29679234828431,8.817098875461737,11.441183402144452,18.606284503878378
665161,R,2026,462,-5.743758613693191,-5.091630506815396,-6.860883598874032,19.46067144973066,8.121316126896057,3.1509659044916813,13.036680761735779
665487,R,2024,438,0.5823912390456305,-3.0451404454456386,10.664728858549054,16.756029267389934,-17.416690489281486,15.959493387322503,23.500811817579994
665487,R,2025,685,10.935589058290098,-2.928347763760984,5.290140595097706,5.830164378928016,-7.034914439070991,5.780404674650978,17.873036504134824
665487,R,2026,681,6.119129108811196,-0.7918421822137321,17.763744039736107,4.749522478390945,-13.128975328184442,8.640376702679761,23.351954819219834
665489,R,2024,683,0.8383744757874727,6.025796315750586,5.822730165965505,27.813656868927282,-4.148998530484023,6.622938973282084,42.9744982692289
665489,R,2025,672,5.957099920943568,3.0609222375327647,-6.451390686301241,19.954407221853245,-2.027389836289222,9.73571499846386,30.229363856202976
665489,R,2026,592,2.268731112796379,4.891007526183622,-3.123862294648381,-2.9560583775615457,-15.563549447485949,6.404303895199669,-8.079427585516207
665506,R,2024,181,3.803996653609577,-16.686625619925046,-3.611687665613713,-8.83498219378304,0.9902949981411457,-2.530493493985303,-26.86949732155638
665742,L,2024,710,15.499733804456296,0.728512112828676,18.545680849364913,28.229941592925666,-19.931625314131995,10.821679501543262,53.893922546986815
665742,L,2025,703,15.572810553348559,0.17249368947531019,14.055593268105692,22.506121669872357,-9.944206883426961,4.768091921076676,47.13090421845163
665742,L,2026,447,16.882624030748346,1.474751828929526,6.564741941071084,16.769843949019567,-8.42190554991563,7.343184818443298,40.613241018296186
665750,L,2024,427,-0.607013165937302,3.0352254622560615,-8.367491419540796,4.423658587665285,-1.9042082566455105,-5.370795171451806,-8.790623963654067
665750,L,2026,315,4.546061678389134,0.4504652299675047,13.98231587389138,-23.393011613106186,8.784175916715887,-7.012052889326218,-2.6420458034684966
665750,R,2026,158,-11.074132755942273,0.11346725038498713,-3.865799568793662,-11.92495206570354,-8.069265158173012,-5.553347361070614,-40.37402965929811
665804,R,2024,364,-0.7736836353322676,2.9527976495478403,5.5890743680995305,-19.1800150992803,-1.290203183440279,-0.6794473349775968,-13.381477235383075
665804,R,2026,243,-0.6281325114367332,-4.038409377468301,-2.795691602064603,-10.08244231531736,17.351088443577208,1.3820473368291333,1.1884599741193407
665828,L,2024,258,-1.6775576676140689,6.639018199681888,-16.560983051813945,9.508105297192872,7.654584140768888,-2.69671615859019,2.866450759625441
665833,L,2024,592,-7.0052845698742345,-6.084774065147799,14.130212372935517,11.61792437497155,-4.157011389454693,-0.6296199942790189,7.871446729151321
665833,L,2025,541,-9.74746529453449,-3.5977361945311355,12.23987730333862,6.585406992985164,-13.461893204644245,-5.264123234710723,-13.245933632096804
665833,L,2026,408,-10.281845566446082,-7.241510536292921,10.203515239243645,27.746793070568945,9.398498235602402,-3.835775515959382,25.98967492671661
665839,L,2024,224,-6.3423973377675456,4.869616635464812,-10.14532434127774,9.337592620028731,-11.9131452585667,-6.127284342273553,-20.32094202439199
665862,L,2024,616,-4.089680479565844,-4.180841589193132,1.086036511015654,0.19178380931694586,12.541050515225496,8.82461211441687,14.37296088121599
665862,L,2025,529,1.3439925179964163,-7.4043027315989045,14.815750109839694,6.482708538449933,5.6072346245045495,-2.34001237120853,18.505370687983156
665862,L,2026,522,-2.0818689094352076,-8.912399437290585,12.006026963121583,-8.46487037493069,4.289666768211254,-2.3251883086787126,-5.488633299002356
665877,R,2026,359,9.032104734927236,12.367494728681343,-18.52279991488015,-5.187809444889453,4.621164784916705,-3.3590930543764435,-1.0489381656207606
665923,R,2026,242,-4.430482538263481,-7.576359587038815,-1.483922986956709,-5.560833660148941,19.54309232395715,1.9484648924174763,2.43995844396668
665926,L,2024,633,-4.267774619079823,8.834268163503257,-16.074278347489685,2.52876818007399,-8.045716375904266,6.878440606447809,-10.146292392448721
665926,L,2025,370,-5.152215011827672,6.698836779780244,-9.89992119498017,-0.8966989962925698,-13.124599702242614,6.642898591441255,-15.731699534121525
665926,L,2026,495,-8.239879495346347,5.844258826344939,-13.836853490871013,-2.2740178707928935,1.878164794895641,2.0231937047987723,-14.605133530970901
665953,R,2026,217,3.317038696657844,-4.3577921806610975,8.817901145038718,1.640309170514235,19.06505667473223,2.1842053858364925,30.666718892118425
665966,R,2025,446,-0.1312733723779752,-3.1756033652623383,0.7345498664246631,-6.807782617349852,10.679082806647918,-2.134866375196691,-0.8358930571142784
665966,R,2026,277,-1.2079511135548682,-13.165541891889207,5.989558938751642,-10.958878401477861,-11.058790564334352,-5.137029426506328,-35.53863245901098
666018,L,2025,417,0.7285129631094442,-0.37535641506159423,4.212909127293444,31.452463253721493,-2.7013691702811586,-3.3507988898980927,29.966360868883537
666018,L,2026,647,0.9305506302849118,2.5392235228107567,2.651103267859647,14.945924480395796,-1.2757187583922445,-3.9391610447883547,15.851922098170514
666023,R,2024,368,-1.0551380507536863,5.141226599476849,-4.290957587495467,-17.525746792813344,11.739365220443952,-1.8070330517076396,-7.798283662849337
666023,R,2025,347,0.4018397978663865,6.018421663254476,-6.723300686236478,-14.845125478730123,4.985653768478593,-5.515252176890322,-15.67776311225747
666023,R,2026,259,0.5673526337543658,0.1903603666533793,-3.020720382786612,-21.709882208653298,-3.109790592347446,4.445655102549878,-22.63702508082973
666126,L,2026,368,1.2835255529778997,3.096669892182775,-15.067857845167582,-1.7209111973628457,2.9699489801387062,4.687995018603686,-4.75062959862736
666134,L,2024,295,-1.9635261667696111,-1.2828104014106774,3.9421052856575836,-2.4956495897084374,-0.2831506439361213,-4.582165599928345,-6.6651971160956105
666134,L,2025,405,-2.2170678200055467,-2.7899487319360037,5.9913322852660045,-3.813310474350986,-16.167035009094636,-2.022835593512106,-21.018865343633276
666135,L,2024,178,2.4914782777122704,-6.647759370713783,10.569393040777324,-2.4903380524894128,-16.782839201064593,1.17553741054872,-11.684527895229477
666139,L,2024,384,-9.729148156773556,-2.637247676166884,12.720316277959812,1.82173039948523,7.066977890896508,-9.422128666340134,-0.1794999309390255
666139,L,2025,433,-12.010149740814677,5.506245153005481,1.5320323969969434,0.6310678106858976,-9.459393829390654,-3.5253884204840666,-17.32558663000108
666139,L,2026,325,-3.5020354986176274,-2.5865245139999318,15.077617659385742,-7.528084167881724,-11.257781303896286,-11.490937403452163,-21.28774522846199
666149,R,2024,341,1.945713440783995,-12.54572706197862,2.3746216149758412,2.813513114922429,34.55417632365574,-6.156315047872112,22.985982384487265
666149,R,2025,243,0.9003831462119262,-7.281490780854839,-6.199645248819576,-14.607687985410935,8.782108572517508,-8.723170844524766,-27.12950314088068
666150,L,2024,240,-9.767117441740167,3.057458700789676,-24.0705284966074,2.4968284564523566,-14.332788321922434,-0.026256478606560413,-42.642403581634525
666152,L,2024,319,3.35216114289138,-2.8862027587372774,-18.332439200742566,9.303186887311469,14.182574167290365,-5.909983212026237,-0.29070297401286527
666152,L,2025,195,-0.7780094260763721,-2.489518180829176,-12.445634401676527,-10.099783220202207,-3.92285727901466,-0.8584769762636429,-30.594279484062586
666152,L,2026,370,-1.0461764554437885,2.0008909271696007,-5.879243498059474,-9.32128743305747,0.9495264861843621,-7.191024866450462,-20.48731483965723
666158,L,2024,489,5.719000877255784,1.7012974002238073,5.683497963497333,-5.1311107070227004,-2.0472888738485695,-7.681587612845307,-1.7561909527396533
666158,L,2025,505,11.785736533489175,3.707743886898752,-2.7242911262723077,-10.761476996645836,11.479640043610884,-11.014246843531765,2.473105497548899
666160,L,2024,418,-7.532557257705158,-4.072501325424739,8.050722350822921,-6.400563247197523,7.646615767342367,-4.192977951823874,-6.501261663986005
666160,L,2025,460,-7.872790470811624,-3.479122135307704,11.938940003123111,10.329431960048952,2.9585873356109245,-1.5523832907879767,12.322663401875682
666160,L,2026,429,-13.876189782637857,-5.2580239275706155,25.46648681634881,-25.748899135882148,31.733805115910183,-0.26362644549794473,12.053552640670425
666163,L,2024,328,-0.3337018435217032,-2.2384701875707993,-8.27890776246533,-10.646623774320421,8.754276778686377,-3.850489037449207,-16.593915826641084
666176,R,2024,450,-4.8767177437904845,-6.1811082731559015,15.713227265730218,-4.9165731489467275,-5.890833579546632,-4.16591872814786,-10.317924207857388
666176,R,2025,573,-4.6234755206077995,-1.0494103230173653,26.498128974157453,7.801365509635255,-9.326196047005713,-4.374708109505734,14.925704483656098
666176,R,2026,638,-7.2298005896461035,0.10508621606413737,25.725228951347294,-10.939701494155923,-13.570588784425844,-3.5071475372768046,-9.416923238093242
666181,L,2024,388,9.678821212106193,-25.792425890694584,-4.472465225319896,6.798310121505687,9.94177586552038,-5.532619959579417,-9.378603876461634
666181,L,2025,252,5.524138284192395,-13.03560284488366,-0.8657276459622475,24.393697575901335,-15.797781545777646,6.177857994831614,6.396581818301793
666182,R,2024,332,-5.532004026845788,6.9682432546032045,-10.713560789852819,4.860833617090058,-17.72517693333431,-2.8508427391697433,-24.992507617509393
666182,R,2025,628,-7.656075669659188,11.200654856450715,-15.338451989482236,23.993769587355644,2.8176607003218628,3.872336528436624,18.889894013423415
666182,R,2026,672,-12.867901965977605,10.631120060973188,-15.941757848626066,21.630111602165357,-13.93824287039653,0.7639887436096683,-9.722682278251986
666185,L,2024,150,3.3678119766367898,-10.237553128125013,-14.257718343800402,-5.789256095159378,3.0830141393704538,-11.09508968346557,-34.92879113454312
666185,L,2025,169,13.075699831392285,4.621195759423447,-1.2591043673231708,-10.085077112685681,1.4941643030138445,-10.828733145930922,-2.9818547321102007
666211,L,2026,277,6.344072439689804,-17.102650168209724,22.669582245870433,-23.587205098772294,1.2915845532727646,-1.3428076263767308,-11.727423654525747
666310,L,2024,390,-0.4655370895161254,-9.066304605873963,-4.968409308996601,-1.7649207768319977,7.75529299506457,-5.08819315399986,-13.59807194015398
666310,L,2025,414,3.2231894375759502,1.3712456571964968,-4.496751730064566,-8.991371218153233,0.537649013166816,-6.050812005388783,-14.406850845667318
666397,L,2024,301,10.760778188364378,-9.59075221388992,12.568214747027932,-15.868344002895027,-6.899482971000258,-8.53821791584162,-17.567804168234517
666397,L,2025,209,5.259433561245579,-4.527610152622328,-1.1441362185242454,16.42543682427858,-26.498686970755347,-6.844340074438599,-17.32990303081636
666397,L,2026,276,13.135475670406784,-4.732927321425065,13.294938827170553,-2.883369841456193,-24.13483114903282,0.6762796258630607,-4.64443418847368
666624,R,2024,609,3.731193341632338,-9.066431232298834,10.418652927573795,-7.705861910096735,-13.674084686688772,-0.42048545020289513,-16.717017010081104
666624,R,2025,306,-0.28177206904712193,-18.25383072711395,27.907008944842353,-12.89369234505766,-2.2660977877887802,-7.506360085727986,-13.294744069893143
666969,R,2024,635,-8.012536842234695,-7.914221929207142,-1.4886418611395205,4.149817739274985,-4.978146127791657,2.18408531163043,-16.059643709467597
666969,R,2025,548,-11.330167905315186,-3.9988577474795126,0.44837513955264374,5.966534408563237,-9.218747523911492,0.026012307062018975,-18.106851321528293
666969,R,2026,259,-3.818516793539709,-10.910204988470191,-0.42275659276565036,9.150487014811294,-16.1500016288131,-9.98459717322832,-32.13559016200568
666971,R,2024,553,-3.9723812923555335,7.752343834249144,-9.117832729756353,9.48098479727374,4.106508549687987,0.07594693690717665,8.325570096006158
666971,R,2025,546,-6.415315428589994,9.107913437714554,-5.8195927772652905,-1.7753565735458747,1.1033591780611645,0.05044889293515057,-3.7485432706902917
666971,R,2026,201,-10.277086390693981,3.8088511891381702,0.009297174390049276,-14.938347784049752,-17.258060111374537,-0.03451498426566963,-38.68986090685573
667452,R,2024,189,-0.6263191423839755,-4.588146998894245,-1.6219145768818313,-13.906424085990563,-9.884086635138738,4.555067366231906,-26.071824073057446
667472,R,2025,333,1.9267453073302803,-3.522056991998106,-12.551277484373127,8.406834428437943,-21.66639361055823,4.075978079848021,-23.330170271313225
667472,R,2026,330,7.22332421022604,-0.11883045522765857,-10.69744080548434,9.474429244429103,17.176378339434475,-9.291208101006678,13.766652432370943
667670,R,2024,611,-6.576563428216319,-7.7736216528840645,8.003395170641282,29.30625547533829,5.625143518575159,4.7928785182640326,33.377487601718386
667670,R,2025,694,3.2240554278251943,-4.734417091610808,5.55834714063803,9.214415110244305,0.0991150899104715,-2.8903528954729034,10.471162781534288
667670,R,2026,199,1.409508970424418,-19.479720677414846,10.258419139059574,3.9947257219011294,-12.220691632750283,1.698534483586513,-14.339223995193494
668227,R,2024,650,3.99522459473929,-2.4910593328599595,-0.6747002932193233,2.2069111249600746,7.143481592712831,1.3239943312988567,11.503852017631772
668227,R,2025,710,1.923711320422127,-7.199749824917263,1.0839592226737882,6.6244962772872755,3.1783283252920618,2.5655981389289395,8.176343459686928
668227,R,2026,646,-0.2615924167970821,2.040402727641927,-2.4089814365714797,8.663101178226784,10.680592728415572,10.650315778490329,29.36383855940605
668670,R,2024,336,3.5009060503953116,-11.708106741075891,0.4156856396457418,1.167028238518038,-5.426767760467269,0.14885983871941133,-11.902394734264659
668670,R,2026,172,6.276014628614101,-6.415871974467895,-0.9128929401215473,-17.390409029351055,2.000643886980716,-5.045821397567664,-21.48833682591334
668709,L,2024,642,9.49653763834289,-0.8218279215789952,-8.704889215937932,2.750379984827995,5.381460260693838,-2.085328543621659,6.016332202726134
668709,L,2025,342,6.7373284375843125,-10.581830358081513,-6.722860190929398,-11.171655291830753,9.649674622841848,1.233392961660501,-10.855949818755002
668709,L,2026,526,15.581128108055205,-4.373748324835991,7.2913527358836605,-5.211428772043936,0.5085972696971026,2.4722827452651743,16.268183762021216
668715,R,2024,655,5.6655680960534065,1.2052024902840655,-3.1067630938730644,-4.262475562525218,2.787293759263499,4.1036581770391996,6.392483866241887
668715,R,2025,567,5.770174314811901,-0.7696225859594962,-9.149258403153414,-5.430752694064229,13.585534672212237,1.9259262192006437,5.932001523047643
668715,R,2026,384,6.075097760240703,-2.87156424740972,-2.602084220372861,13.4745354680407,-5.624031068898378,-7.083359863934562,1.368593827665884
668723,R,2026,260,3.133182612119784,1.327019046770238,7.45682665084103,-0.3345188108332684,2.4212686913561807,-1.6130723519786372,12.390705838275327
668804,L,2024,487,1.32840302534647,-2.8270328644694347,9.84739452643569,7.3793764262352735,1.4219488257217345,3.582957512168052,20.733047451437788
668804,L,2025,486,5.141350458567914,-3.2601742147977304,17.39296545813455,-8.831210961785406,-15.229226852162007,-0.5705445734374378,-5.356840685480121
668804,L,2026,447,13.624206262059142,-4.525382607352131,9.57530544118882,4.059851037838341,-14.00516598578198,0.578514373249294,9.30732852120149
668804,R,2024,202,-6.05138761142473,-3.09891192789358,9.185990917720096,1.5621411482030707,-12.130182989261257,15.64450649321553,5.11215603055913
668804,R,2025,167,8.467071436601806,-6.364455278548059,14.230043809270313,12.099116606173595,-4.883032972558791,-3.006071890805186,20.542671710133682
668804,R,2026,236,6.630245213831095,-1.2038898450938267,11.502222878260541,-2.2766115462429557,16.091378972593894,1.2703728122482936,32.01371848559704
668832,L,2024,156,5.5037203703571596,-26.231647446783,13.760461594589316,-8.38459829808565,11.988266512955455,-0.9575192135889872,-4.321316480555709
668885,R,2024,257,10.178947485207432,-0.060062753334728484,-21.58921248819214,3.1560764083711135,-5.2022687302693775,2.69800123808943,-10.81851884012827
668885,R,2025,181,10.57775918868432,2.7135586862098746,-10.106899620502064,-0.24615106805326883,-18.735808421592257,12.90887684415796,-2.888664391095436
668885,R,2026,354,16.311039367475754,-2.1875764576069434,-3.9253281530718405,-19.287635525571602,-4.532008248008365,7.3069730133874335,-6.314536003395565
668901,R,2024,455,-2.905979327275243,-9.717883356234944,-2.0312575434080924,17.986557552559024,18.702445961635142,4.5021630308467175,26.53604631812261
668901,R,2025,463,-6.6402175655488245,-6.809319113166674,-7.854123193238142,14.911886550812454,-8.12967889508279,3.3227365296345175,-11.19871568658946
668901,R,2026,283,-2.528617289379257,-9.497935888733531,9.109209267448993,-0.5053356103046734,-10.160353606883753,1.79485123915929,-11.788181888692929
668904,R,2024,322,-5.563393162485411,-0.6998118408210195,-4.1804239905547185,6.574301868214257,8.672756446146629,-0.10397293801066636,4.699456382489071
668904,R,2025,406,-1.6894965454323052,2.4199269101158416,0.6743881717911622,-8.60296414347664,7.92901419487035,-4.729524864624428,-3.9986562767560225
668904,R,2026,492,-4.477355204305488,-4.3429929068276305,10.664273178599744,-7.237658821984918,-8.014168780042422,-3.373480521313946,-16.78138305587466
668930,L,2024,616,-1.1522328447997867,11.021337279471123,-19.327935029502605,3.5824888647766286,-1.0133275709490226,3.0413274404255355,-3.8483418605781248
668930,L,2025,658,5.603820243040669,0.7468164696560126,-5.14603381782576,16.743081377289233,4.635423325381088,-3.152869476910773,19.430238120630467
668930,L,2026,659,7.197710998192453,-2.385016769379155,-4.301322400572731,17.543245553798645,5.129409308535529,-3.5817687790476156,19.602257911527126
668939,L,2024,455,-3.932709757332517,9.531865757780787,-1.4336251441444992,-7.380684226901943,-12.685216639260899,-0.03700339423365686,-15.937373404092732
668939,L,2025,257,6.706324836954718,9.297170387596111,8.206021365140348,-11.310545586083698,-18.991651704891662,-1.962837023173254,-8.055517724457438
668939,L,2026,263,3.048154957267892,11.047440583332975,3.0819393855315256,-0.6936600891841812,9.068431970791751,-5.581849197489715,19.970457610250246
668939,R,2024,181,-1.304558044118844,15.067442287663825,-17.515192774707046,15.517389565027068,16.9701875865415,13.522273685224425,42.25754230563092
668942,L,2024,474,5.216957008430394,-0.5867883879252007,-13.396283823283236,-2.7467501914770347,-8.739693703400242,5.2678505440057934,-14.984708553649524
668942,L,2025,211,12.177762307901244,-2.7910730645239865,-15.577065845289626,-12.716822917478856,-10.075846516927516,-11.382237322474735,-40.36528335879348
668952,R,2026,263,5.319024994450283,-5.20043050730507,19.76151267169583,-28.72869769505728,-3.2875291533088693,-1.4682660195061528,-13.604385709031261
669003,L,2024,225,10.615909027298825,-11.480311830476612,15.728509936193344,-8.767712208832233,23.88311017068689,-10.583634836591386,19.395870258278823
669003,L,2026,512,8.855694697840027,-13.645243024323428,30.296269423226438,-1.776162612064787,-10.318642338077458,-2.1375591430562544,11.274357003544536
669004,L,2024,450,3.486115975302027,-1.872575928635483,0.7609762909859829,4.217631594311285,-16.865833030382124,-1.175448337949118,-11.44913343636743
669016,L,2024,478,0.14221852162870163,-7.342489060356082,14.80046647501154,2.2092291482952517,2.3962980340461977,-7.089723121360223,5.115999997265384
669016,L,2025,426,-2.537767778679046,-0.4260622081188698,4.87963697325283,9.223120461288122,2.138191241672447,-6.871135420794201,6.405983268621283
669016,L,2026,550,-9.494346900836913,-2.0888321606889337,15.925099014099525,-10.47556762739396,-0.471276015952795,2.1058496565098253,-4.499074034263252
669065,L,2024,210,-5.634815165145728,-14.494852783590805,12.55189194906517,3.222411249793187,-11.48299972812581,-7.840962638884118,-23.679327116888096
669065,L,2025,454,6.236931155086335,-13.234793406222963,20.38214333186352,15.329804833899754,3.2242970215673497,-2.0306771278258307,29.907705808368164
669065,L,2026,502,-0.03301657851685279,-15.86376109429583,32.10479681476403,-13.419491474812505,7.3896620106444955,-2.0392042616587656,8.138985416124575
669127,R,2024,534,-3.036297809157218,-4.618812272098881,1.453537575026905,11.80622531976729,-0.9302954202489583,-2.4871246606402404,2.1872327326488983
669127,R,2025,521,-5.303401822270028,4.065380977429742,5.78576377173387,-1.700272253074681,11.930461566174944,0.47552741589012076,15.253459655883965
669127,R,2026,444,-5.186158870506917,-2.037999969310838,12.049530202028881,10.648529413508347,-3.272434018252738,2.187870692476801,14.38933744994354
669134,R,2024,299,-2.513222444774102,6.053810544251331,-18.482976783367242,-5.151704157919146,-6.37209367301454,11.160151116917291,-15.306035397906406
669134,R,2026,240,4.227276839154283,1.203720632799536,2.1924407306706404,-7.186843103425598,13.040218807846134,3.2245115963669724,16.70132550341197
669221,R,2024,262,-1.2255112140915587,-2.8980794589163597,8.353699540296251,-5.26420348570085,-3.38109390837942,-1.8925521501136198,-6.30774067690556
669221,R,2025,335,5.612314030153025,-8.607475008660941,3.1841349307157283,4.970971460121889,-0.513230778183325,-6.440384774296431,-1.7936701401500563
669222,R,2024,266,6.373435604311413,-3.2113234809624194,-12.412964512889799,5.230366778101214,-12.972979636451102,-1.6128682405841805,-18.606333488474867
669224,L,2024,415,7.482879675501221,-2.310120349057084,9.350281277776634,-3.1697335971240195,-13.372532164848003,-1.3401518130165202,-3.359376970767774
669224,L,2025,448,0.2853009875936412,-3.1355268209970197,8.065012160557952,-11.640236982874189,10.204492409881013,-6.943191819310383,-3.1641500651489833
669224,L,2026,381,3.805202851665224,-6.507314721229351,12.200752517337428,-18.329004303001387,-5.008301557124455,-4.1804868214976665,-18.019152033850204
669234,R,2024,230,9.739859242819861,-15.529318807231451,0.2957411809761739,0.7122245820912382,10.570392902862718,-13.078146647471344,-7.2892475459528105
669236,R,2025,185,-7.9682323217438045,-12.404401881866152,-2.2338648073017486,2.753130354642755,23.435501455632817,3.201910568465344,6.784043367829211
669236,R,2026,277,-0.9244058986857487,-3.326341931999669,4.906975128425582,-6.109769706170658,-10.80550491004684,-5.784772140456583,-22.043819458933918
669242,L,2025,252,0.9677258819548903,9.704126932163344,-22.831009527818807,12.810429535727868,-12.313158246412295,2.064901424198501,-9.596984000186502
669242,L,2026,208,3.089290454555996,4.683763357613329,-14.019569233458954,-5.566699095347797,6.13353185084753,12.379699264801559,6.70001659901166
669257,R,2024,540,1.0847911529025178,8.432110720340676,-7.034854336748773,-0.7044266660425775,0.22655161812501864,6.815675112413845,8.819847600990705
669257,R,2025,437,10.368743201172858,2.62282831041272,-2.976828071483508,17.648529776057647,5.922109316538653,4.320430376066237,37.90581290876461
669257,R,2026,264,13.030881357279242,6.886609619693497,0.6139794786669831,18.289055955411733,-21.05731335327937,-2.7972937528420343,14.96591930493005
669261,L,2024,275,6.685438282089868,-5.302899156450969,-0.1896021619487089,-7.3270237320937275,-14.149971732241367,3.328288645164963,-16.95576985547994
669261,L,2025,177,8.044883752910588,-12.908301892795237,11.883183394026295,-17.855903515140387,-33.12231955354729,6.94324744221343,-37.01521037233261
669289,R,2024,391,2.4779126197210126,11.834117287637426,-22.675879290840044,-1.448433157455502,2.31069652004645,-2.238322367104794,-9.739908387995452
669289,R,2025,330,5.934993377642555,10.236169459470878,-18.76090044950978,-25.302885532068444,0.30845335999795287,-1.0904728264090564,-28.674642610875896
669304,R,2024,430,-9.370295505421497,7.851210150285087,-11.96149321709943,0.25865126781189274,7.693296772915742,7.029518094845742,1.500887563337533
669326,R,2025,150,-5.312538929365163,-12.297336233525048,-10.901399446822172,-15.103311574580829,9.153704090929518,-3.2004767555484817,-37.66135884891217
669357,L,2024,401,2.206602401901231,-19.734678859839864,8.877731994367506,11.71870798327183,-7.275536071070221,-3.461301351478159,-7.66847390284767
669357,L,2025,401,-2.076846385163383,-13.67855038146329,10.181380275241867,-1.1833244245172052,-3.2238323325939455,-2.4638539553581134,-12.445027203854073
669357,L,2026,291,1.317191026870991,-17.755447629918468,10.980210665997742,-9.741752755822198,-7.086046913167937,-1.7291272891581542,-24.014972895198024
669364,L,2024,209,7.711959238488408,5.080761497426707,-23.997908388415556,3.8838698310221873,30.82983447042683,3.8378232462121935,27.34633989516077
669364,L,2025,420,4.575841046583732,8.35262593615416,-21.560148003728575,1.232094367598341,6.992078512611187,7.03672223705903,6.629214096277872
669364,L,2026,447,10.17529651323688,6.43863675853935,-16.841605289849234,1.215865854407728,2.8772244516470833,-0.05436478410679412,3.811053503875014
669364,R,2025,198,3.447681135133068,8.079717973135253,-21.873363918152698,-0.11618802762853268,-9.877857173312348,-11.647503080771983,-31.98751309159724
669392,R,2026,160,-5.433672045739827,5.775883324898013,-4.583404046731761,14.095464178117837,23.953682962349852,-6.904137682638435,26.903816690255685
669394,R,2024,577,-10.476159056678997,-4.351500627842712,0.49566153202352736,20.81009654734492,-1.780531994445041,3.191941712260047,7.889508112661749
669394,R,2025,377,-13.417765279833521,0.1613228358467404,2.5299579909901317,13.77649256347469,-14.315633398246717,2.0398846727541424,-9.225740615014534
669394,R,2026,600,-6.025900579271003,-6.05315792527351,7.383216075105921,3.6673561794291882,-4.176603881792077,-0.6756301735163853,-5.880720305317867
669397,R,2025,414,1.4212940772461469,-0.13500535239989253,-18.835441366153628,-7.102904586377212,-4.608033629087404,-6.9795174604751455,-36.23960831724714
669397,R,2026,157,-1.599619795217042,-2.883399122233249,-19.310535839566295,-11.743631825596472,23.147015452038033,1.0342446679649206,-11.3559264626101
669477,R,2025,347,3.172531763749508,-3.5272639416518103,-4.631915363173359,13.407000938646606,-15.7104596060871,-3.499914909220192,-10.790021117736348
669477,R,2026,408,-4.416386568804131,3.1856619200301988,-7.88887522697273,33.854315462090256,-7.738936708111553,-0.8671387805706761,16.128640097661368
669701,L,2024,591,4.889187150338134,2.5254870272867618,-5.68671734147248,-3.7716080712901827,7.825872211607126,2.5570763268338768,8.339297303303235
669701,L,2025,562,3.781879461413057,6.932368233122415,-15.534860380061513,3.6539883059029252,-2.372333288490298,3.3951305367221645,-0.1438271313912494
669701,L,2026,228,-0.433584580822455,4.717437665475741,-8.732352945688316,-8.437517198684455,-0.41123118324362234,-5.439902582477892,-18.737150825441002
669707,R,2024,447,4.289443210629276,-5.286458642560468,-2.822852138763436,-1.6630326366249153,-2.6208530539200385,-0.41772449198716577,-8.521477753226748
669707,R,2025,377,7.736115727245444,0.8416194978689188,1.2084522187322875,-11.096923772591502,-5.02208996526328,-2.2305730426660872,-8.563399336674221
669707,R,2026,355,7.888524361771638,0.8287358118200233,-8.041243535309453,-11.625315811552145,-3.189516100042703,1.1602543731280959,-12.978560900184542
669720,R,2024,254,-7.808053693753413,-5.108615333055991,0.5891886974274921,-6.817177778979283,5.98675481281352,8.489461255267768,-4.668442040279907
669720,R,2025,415,-5.945946750495041,-7.074256852824255,-1.7168083079233556,4.316790525342417,10.799147776292596,-2.9273192072891607,-2.5483928168967998
669743,R,2025,324,10.818201440552112,2.554047125041129,-13.422584152843067,3.007727670728118,6.801153237400476,0.8022543582987068,10.560799679177475
669743,R,2026,192,10.139551806037925,14.125103927610995,-15.574334093214201,-19.42702550509602,17.057390280745462,-5.122852732000818,1.1978336840833472
669911,L,2024,310,-2.1534757986501423,-12.83745521095801,13.92997679327326,14.43524838257074,-18.740466274852267,6.706699623473592,1.3405275148571743
669911,L,2025,240,-5.793592394470706,-24.463109071722208,10.959269001168522,4.586006548891809,-2.9882876068878543,-11.184192141104624,-28.88390566412506
670032,L,2024,445,2.1544231896621366,3.08932386717216,-21.63899985460304,-12.818955639222906,9.068287818577257,8.343561387687375,-11.802359230727014
670032,L,2026,260,2.3659972553710165,6.539523458337496,-16.65336801138733,-7.061531052807964,4.862081410601054,-8.610459555745893,-18.557756495631615
670042,L,2024,455,3.3293156505357384,-15.974477220748685,19.885891091040534,-8.850167853768214,11.531316070048469,6.627533236212882,16.54941097332073
670042,L,2025,219,6.408698854197749,-19.329557617873352,17.755494469885946,-16.66241093587365,-10.84534812727348,10.24523858487931,-12.42788477205748
670042,L,2026,286,-3.810419569509793,-19.6387557225648,24.779932683405207,8.555578639813964,-21.059470085728602,5.07373377226504,-6.099400282318982
670156,L,2025,175,6.3729166540393685,1.3139376831366152,-18.553579888032328,4.05665862599718,-19.95925071657568,8.55570635330287,-18.21361128813197
670224,L,2025,217,-1.826905235047061,-10.756253627363737,1.5685530545468513,-17.43496223959697,9.941192640849458,-1.40622690220697,-19.91460230881843
670231,L,2025,175,0.659528867987812,1.2047355732030893,10.906772437016873,-18.89595852557645,-28.201802720968384,1.648706405651654,-32.67801796268541
670242,L,2024,261,4.785172339600386,-20.453482494069185,24.42096764954139,11.392661264824898,6.302746536280912,0.8466112378820745,27.294676534060475
670242,L,2025,393,3.6989644842667033,-13.107881439585697,14.264208873280621,-5.186897870459785,16.281707111450487,3.5907149166212435,19.540816075573574
670541,L,2024,617,-6.852022522115398,7.437888202997257,12.05371273048272,22.15558700938732,-5.177224172732001,12.165533730325226,41.783474978345126
670541,L,2025,194,-6.918934476838133,9.591880590626953,15.510157173908114,11.780526339593159,-23.230956480985366,2.826790801599836,9.559463947904563
670541,L,2026,634,-6.817399682319122,8.552894333020323,14.225725278140068,37.22221900774162,-14.582406745228575,8.607707813574272,47.208740004928586
670623,R,2024,640,7.970124642925843,13.289486919185423,-24.947886567904092,2.7210767923884585,16.33324890562267,-3.6944022953828544,11.671648396835447
670623,R,2025,439,9.282265105693778,10.777603743505468,-20.400528373991918,3.8757161653443397,21.330658717455144,-0.6142429235789776,24.251472434427832
670623,R,2026,636,4.3922283078435855,14.967047530967394,-20.61307290210013,1.7957789642833797,19.828152614909918,1.5010681476243444,21.87120266352849
670764,L,2024,196,17.003065056046722,-4.061962254170583,-14.081210445444539,-17.229196764425918,-13.952035448573213,-3.958544612044253,-36.279884468611776
670764,L,2025,214,16.205925747172813,-1.2517700002847492,-8.01172190826838,-14.987658631278235,0.4946264449807586,-4.887753599598085,-12.43835194727588
670764,L,2026,266,10.306364187129216,-3.89453004591437,-0.30007383634615564,-17.580716980935378,7.837131842411003,-7.7661845305908725,-11.398009364246558
670764,R,2026,153,3.714945345646383,-2.862730569761413,-10.589498545788263,-33.87065701656987,11.04995246015496,-1.4437559077862068,-34.001744234104414
670770,L,2024,342,3.2798568106127575,2.6477251102906125,-18.318054820142216,-9.640668944035065,14.623007406133993,7.978890803041561,0.5707563659016461
670770,L,2025,686,8.428914803897554,0.5864205906052459,-18.137368390151103,-8.527237108632077,12.846834208441154,11.407759417975791,6.605323522136566
670770,L,2026,272,4.646629677357284,-6.4377449080308,-11.63157129448928,-16.161183980490005,-6.762766962665186,4.399707275427528,-31.946930192890466
671056,R,2024,260,-0.9593677120732093,4.518006255647139,-1.3145512488707745,15.027832983825034,-13.077119618148703,10.51488638451304,14.709687044892522
671056,R,2025,451,3.616940332165689,3.3145183177457467,6.055727321859095,6.7857669198177755,0.32363481226199226,9.719781868363603,29.8163695722139
671056,R,2026,689,-0.7271175900628835,6.15282178188812,-0.977458556946997,-4.94284241784374,3.0504025947707434,10.98744575711536,13.543251568920601
671213,L,2024,239,3.1894148627525376,-8.892852209653462,12.009668916461628,7.76762230558079,18.626003080698805,-6.416190762454336,26.28366619338596
671218,R,2024,514,0.6555476743979938,-7.248551388413439,11.593830242307504,8.407212428294518,-4.056186103774539,-2.271904829090197,7.0799480237218395
671218,R,2025,693,-2.251883368129532,-0.8963149475148696,-2.3155007024229812,2.140224954018958,-3.5011617589105053,3.9365301847259966,-2.8881056382329344
671218,R,2026,423,-0.017271860394549223,-7.978322744288878,4.942045468841384,14.345178597319144,-11.835885695860586,-5.9044509564642,-6.448707190847686
671221,L,2025,175,-2.3811408829655285,-6.542110872452744,17.510585565741636,-22.14720730800541,6.85471755304583,-3.196618404046471,-9.90177434868269
671277,L,2024,526,-10.089588569329688,9.443402858970915,-7.438883150022843,16.36141099840337,-3.490100718895312,0.23719358025159654,5.023434999378037
671277,L,2025,527,-9.045929833184545,7.935914158909014,-2.4019920978572085,12.420907590868012,-18.058456181387555,0.8801949380993263,-8.269361424552956
671277,L,2026,534,-11.568745396290804,7.6737360435062705,10.896604126819188,6.719632434054032,8.07401765276843,-0.6962334311378162,21.0990114297193
671289,R,2024,383,0.9101086165894877,8.101281432158009,-11.7584693902046,-14.224735937549031,-12.739468467723533,9.482021834967476,-20.229261911762187
671289,R,2025,428,4.4797424060705255,12.734219861572818,-0.27969624523010705,-16.024296225698492,-5.679253185123639,5.656655070394758,0.8873716819858639
671289,R,2026,288,3.676061508024343,9.472677353204661,-13.328701857570174,-4.141629881489372,-5.681786635138473,5.715326157802092,-4.28805335516692
671732,L,2024,451,-1.4468863991354475,-0.8877021087655061,0.14391669053225958,18.150860239301434,-0.3393516431627347,-0.12327305780281642,15.497563720967188
671732,L,2025,630,-0.691820161270529,-7.927327664721304,4.984575506270202,0.6222968964909528,1.0392447028674214,-0.010113553064529499,-1.9831442734277873
671732,L,2026,518,4.342310062643815,-3.881298664489303,10.42294670717255,-3.0878641891695997,-2.977456712521562,-1.7867689524778563,3.0318682511580457
671739,L,2024,469,-10.903359051660932,2.10281736438954,9.235396123488952,4.960067152174641,-12.25496463851639,11.857940714444881,4.997897664320688
671739,L,2025,640,-14.474503556607168,4.091647312071266,4.8763633681704635,3.0611541284048664,-17.6788749703275,1.1859828815577724,-18.9382308367303
671739,L,2026,608,-19.56538752682881,8.075049183777631,4.518923613080552,13.50681135816675,-1.9066699197616839,3.825124558721552,8.453851267155986
671976,L,2026,470,-0.9610370404934642,2.84918574402243,-7.527483115407698,3.223296780415545,15.814928053495231,4.475893348506834,17.87478377053888
672016,R,2025,159,-19.30380270486559,-7.26280142295677,3.7708639993616133,-1.858465128985564,13.444801411701656,-6.695739125568283,-17.905142971312937
672275,L,2024,349,3.360449253123738,7.175058472972193,-3.6755545907752447,0.4354421837422547,-16.380933668234487,3.5592662423990618,-5.526272106772485
672275,L,2025,331,0.48898796711335035,-1.060481829722592,5.310424581859217,-14.998444643392654,2.239434819889033,-8.50565352944061,-16.525732633694254
672275,L,2026,275,-4.551445302234955,-0.21408709420216512,10.78905752730623,-6.589808352656244,-19.27109147338968,0.8339809222207183,-19.0033937729561
672279,L,2024,332,-1.0649365138999372,-2.1588002264130055,-5.949428255190433,-11.96793126253413,0.7763509951464942,-5.113561378548353,-25.478306641439364
672284,L,2024,449,-4.64989652849592,-9.930603979514391,11.920493319921645,-1.2584098910944639,-5.575448687006561,0.15329821650582062,-9.340567549683872
672356,R,2024,161,-0.3019787895124175,-19.262388586429736,4.061136659175469,4.209732325170996,-2.4185611569717036,-6.5851581045715175,-20.29721765313891
672356,R,2025,470,-7.099791579177173,-18.404329073776193,12.806831117440439,-0.2867735806396604,-5.338897193423393,-2.1691056468075396,-20.492065956383517
672386,R,2024,385,-1.1689802491486192,13.90040025985575,-16.98244469308981,6.410774097549967,-6.2615638478289775,-1.3191339587636257,-5.420948391425312
672386,R,2025,504,2.938109634473394,11.795517761449522,-5.03555068951142,8.002728679931325,-12.683398819368358,1.0162089404335495,6.033615507408013
672386,R,2026,293,3.4873667961590025,9.28445572500369,-12.098833905546776,-3.892167162280453,10.880124841483662,3.0286295692230976,10.689575864042219
672515,R,2024,349,5.61542747052163,12.98996693729067,-2.8805295688936092,-5.955921083629787,-2.3868992566289347,-2.55501698510864,4.827027513551329
672515,R,2025,306,0.2184524473544722,10.198406184041966,-3.069984439520665,10.925101546006992,-7.52115444000685,2.6981086057541996,13.448929903630114
672515,R,2026,530,-2.2502190910087094,16.155280715259604,2.129579085993888,7.913306208644776,1.8206201459067808,-1.4692893993030247,24.299277665493314
672580,R,2024,627,4.6048101859086605,5.389162636700858,-12.685309532289054,-2.403363011220332,-17.734982444668304,0.38769567637823527,-22.441986489189937
672580,R,2025,668,4.135031915473212,8.881084681835945,-8.47044430599617,-1.7062341354561805,2.3772633798845617,4.493287801222513,9.709989336963883
672580,R,2026,331,3.6808630570028993,4.5110391486412285,-11.331552583691602,-2.6280739890614506,-7.107671496916215,4.411604748120879,-8.46379111590426
672640,R,2024,435,0.09139282720274446,3.2479966186758205,-11.983154872450097,8.80895704490446,-0.07191969234226611,2.684446213745389,2.777718139736051
672640,R,2025,592,1.3158607021691315,6.522355203529188,-10.627678913948401,7.391517249654722,-10.094184581346086,-0.3341115621983474,-5.826241902139795
672640,R,2026,671,-0.5552408170612498,8.788451176517803,-10.459310763393983,5.478661739397681,8.122614184156516,6.989560561273,18.364736080889767
672695,L,2024,268,10.334880597729692,12.061636047046791,-23.570217046186524,-5.121964468257687,10.57475111914019,-2.0706541099577245,2.2084321395147373
672695,L,2025,503,11.502583045126089,9.596477599604551,-8.983924489534767,-0.405800515851458,10.341549646361495,8.40948624660782,30.46037153231373
672695,L,2026,458,14.943738340383087,11.31686195958308,-10.2934521372192,-0.6970521494820875,-2.2463556431144585,4.683940905579542,17.707681275729964
672695,R,2025,219,6.733836958130003,18.1015944731663,-18.979751678463572,19.17349979769506,13.11090049428449,3.511616695684379,41.65169674049666
672695,R,2026,197,9.569495204730426,18.314923463287712,-10.741142852037813,-15.153799739339432,2.1239463029346575,-5.708873885657754,-1.5954515060822032
672724,R,2025,265,2.0431060659748512,-12.238922600997997,-5.529204594039101,-11.28902798187875,-2.1085661703300365,-7.524530993945734,-36.64714627521677
672724,R,2026,366,-9.771147588587144,-3.3100719123046636,-6.417415575482266,3.675065911933265,6.113615028593347,-6.023663856298749,-15.73361799214621
672744,R,2025,234,-7.410818837884069,-13.797758927024033,24.351538264144295,-11.380906468590048,-14.654094363637792,-4.816036716989976,-27.70807704998162
672761,L,2024,325,-1.4751613891877502,6.893464450073066,-15.582007114834,6.304678618629871,7.552493358547313,-2.196774930556247,1.4966929926722516
672761,L,2025,274,-7.1459305382221245,2.1283634959910147,-10.535951480280263,7.770601573207885,0.296124920688588,-7.803063669675243,-15.28985569829014
672820,R,2024,368,-12.913332865616228,7.392816762566865,-0.950535437469921,14.159346838670098,-21.30027609187476,-2.078852295292465,-15.690833089016413
672820,R,2025,544,-22.029455756222458,8.482855557804104,4.440444745064044,15.687043748001312,3.032519146071228,-2.9811459535521165,6.632261487166116
672960,R,2026,617,4.040705551559793,-8.782676018942691,17.55274488081259,-3.1399585368429532,4.836416593428806,-1.508814996506496,12.998417473509047
673237,R,2024,619,-12.614297672740092,5.587759689434723,1.1502645622460246,9.78197225353977,-0.18641257563728733,5.690600432301434,9.409886689144574
673237,R,2025,568,-15.739105996576809,6.445047939037366,-6.060629863920123,10.906452536495204,-4.541143316045801,2.799035836712052,-6.190342864298111
673237,R,2026,339,-8.383266008181316,5.179105580482471,-3.1561908507897702,0.10841579104702136,18.586050229093498,4.38443645373827,16.718551195390173
673357,R,2024,423,-4.580170143697309,-7.963715250696926,15.337273025652808,-10.494497675785325,8.53322841159994,-7.649779428450518,-6.817661061377333
673357,R,2025,428,-3.19438047321517,-6.502811414247322,19.36593427848784,-8.13334584372433,-7.34312676178462,-3.4320399857477852,-9.23977020023139
673357,R,2026,230,1.0983969752733405,-0.9507362443585755,37.76903848187455,-32.59529230076174,-2.3101303537307016,-4.773631908215097,-1.7623553499182263
673490,R,2024,465,6.995512213205429,9.61029142624657,-19.16240736326445,6.3573426546857545,-7.663633837438397,4.143576543149215,0.28068163658412
673490,R,2025,191,-0.23903305743008116,8.715182794256055,-13.198080950812162,-1.3856279606886985,-0.5928156671908819,4.558050089734254,-2.1423247521315125
673548,R,2024,582,3.9774846958677403,-3.768257852793641,4.370516780539005,14.346431219965131,11.677283388555662,-2.613432158531103,27.990026073602795
673548,R,2025,649,4.256600471128801,-1.4567087238874654,9.188531304079925,9.646691639324267,-2.0148012681009897,-3.0084291794765736,16.611884243067962
673548,R,2026,612,7.786533722504,0.3720136833348246,9.337840169238277,-3.6877167902556773,9.812956927265258,-4.396989885116353,19.224637826970326
673962,R,2024,188,-10.552234096540495,-1.8810464912933325,0.5975106627491381,0.48344625655012613,16.465390363412972,-5.064478450799613,0.048588244078792996
673962,R,2025,511,-4.85631803026811,0.6738900965660453,-1.1029125699469506,10.225201529725885,0.06782925778209235,-9.23420560574233,-4.226515321883369
673962,R,2026,435,-2.054138791392145,7.184272608521835,4.322807039231267,0.7189659598136582,-0.7976461294092967,0.9719394809251204,10.346200167690439
675961,R,2026,226,-7.672850292195574,2.097855917073998,-7.591115287890641,-14.524434399343397,30.917483439842822,-2.593665623832436,0.6332737536547705
676059,R,2024,447,1.7503296659357277,-2.568792973516238,-7.798856730295459,21.628713254485568,-7.24342334894532,5.698375923619055,11.466345791283336
676059,R,2025,351,1.3509678678179595,-3.8792539689281225,-0.9777173893170398,6.162436118359047,10.767619781743733,5.6429425678392775,19.066994977514856
676356,R,2024,363,-9.787047535678651,9.135206732956531,-11.774525820665817,-2.5126131126369784,3.1528632575783724,-4.457472894031724,-16.243589372478265
676356,R,2026,349,-8.628052142004693,3.1168296189729094,-2.2055473371845906,-15.390260002045316,26.333392432162178,-3.29391125023829,-0.06754868033779975
676369,R,2024,230,8.2254633555971,-8.94794141108745,2.204581301551244,-7.686980199496948,-7.656436272618599,-4.914181489209324,-18.775494715263978
676391,R,2024,450,-7.806620142047124,14.449291363721443,-21.89300273597302,0.0024862081294279768,15.828522374311042,1.1491326773243205,1.7298097454660817
676391,R,2025,587,-6.28953131743812,10.291030608237703,-20.090413022651457,-6.42011427584686,9.217973383419709,5.682487980822568,-7.608566643456456
676391,R,2026,605,-12.373353467021683,10.78942155095778,-17.75345780044069,-16.414516486581597,11.546785820946884,6.387948025370475,-17.817172356768832
676439,L,2026,240,2.3491023626196434,-2.98666123522325,4.877980425265612,-0.701901718523596,-8.355387700270494,-2.9538136791937104,-7.770681545325796
676475,L,2024,594,-4.952017572071301,9.483051748932562,-1.9881009246108476,0.35918761653173015,-6.830354813834947,3.728610880113616,-0.19962306493918713
676475,L,2025,545,-1.545448016016702,5.594333608609481,-0.2763848687754047,4.890221368234222,3.508693271484615,3.75952064821374,15.930936011749953
676475,L,2026,652,-8.509637705013946,7.3756553957734505,20.95318351697704,4.593071396427581,-12.486602210097182,0.28697635550562717,12.212646749572572
676572,R,2025,514,-1.612531439174587,2.8295416177624944,-0.7200460434206833,-1.9776096810647228,-6.941246102436522,-1.9344301463766331,-10.356321794710656
676609,R,2024,483,-9.213933810833634,-0.7808693155008659,-14.514101761312428,6.535199101539727,9.516631067954492,-9.684441077671638,-18.141515795824347
676609,R,2025,368,-2.260486295680306,3.5677771743596303,-11.29772706906354,7.071694575400093,8.003613173898712,-8.160343144687491,-3.075471585772903
676609,R,2026,441,-13.516824994152547,6.059609951738438,-5.239252661266426,2.669333663865166,11.390760463461355,-4.792683974087079,-3.429057550441093
676694,R,2024,513,-0.34594453877908476,-3.282655363797846,-14.732236371812554,1.549532236138547,-8.357847463984687,10.980719555559428,-14.188431946676198
676694,R,2025,382,4.0736097572639265,4.132654453486541,-17.717147359542302,6.881660571467028,-4.491046159662027,6.712913792154509,-0.4073549448323285
676694,R,2026,153,-1.2132321160153283,3.3641088029042203,-15.292308065440269,-16.934517281142387,13.139208978479813,0.809159203346507,-16.127580477867443
676724,L,2026,343,2.912982937313895,0.7137993050880354,9.194188247404567,-11.556612637195496,5.882133594472381,0.21252310940523378,7.359014556488615
676801,R,2024,267,-3.402316359945461,-11.177421834605097,-0.5912321690234865,3.4507285971694683,-6.360795898711084,-3.006694291294474,-21.087731956410135
676914,R,2024,454,6.435730359588974,-11.252784314216107,0.5863189203310756,-4.465889423254588,-1.3368134577593227,-6.3627813062712395,-16.396219221581205
676914,R,2025,227,10.0683387591178,-8.262703757389822,0.15232834532849326,-7.436298137205844,21.72841971009476,-4.781440739983233,11.46864417996215
677008,L,2025,167,-12.130774071883463,1.2078567652283458,-5.286009814609826,3.048933806974371,-12.666475388197721,1.6492504480474532,-24.177218254440838
677587,L,2024,316,-3.981662527902744,3.1327819817720672,-17.523591350087745,-3.438615290860317,-9.302219368756582,0.9593782855153801,-30.153928270319945
677587,L,2025,269,-2.5642398396186152,4.9676103124468085,-10.320254952479553,2.4407933811634512,-15.275275603976356,1.6943416849913038,-19.057025017472963
677587,L,2026,384,-4.5473727854635975,10.232505944007235,-11.884233693507069,-1.9559495898758326,5.071807670291221,3.1801262093347558,0.09688375478671372
677587,R,2026,192,2.301371370764362,3.0618869983589443,-8.913672785863653,-11.588169812018446,-9.3921611187362,4.221023674747175,-20.30972167274782
677588,L,2024,169,-9.549066339944565,5.073958768259942,-1.4364059747371714,8.120165506667309,-12.6867232622076,-7.924957572452387,-18.40302887441447
677588,L,2025,169,1.274319017366334,1.85443481661054,-8.85238621693112,3.5601927439716383,-3.8273017290811393,-3.1429105750106787,-9.13365194307443
677588,L,2026,287,0.03375380327359423,-11.381761031777742,18.69789048940586,-12.045227934531228,10.195944500330244,-9.742004506516778,-4.241404679816049
677594,R,2024,614,-10.501909737818291,-4.559995589113161,7.521313486627004,15.57068703053632,-9.187294065578046,3.2540457704704644,2.0968468951242922
677594,R,2025,704,-2.804279341068069,-2.9828413376200418,6.586866663683395,8.353845061927291,4.767606476479275,5.2499915538339845,19.171189077235834
677594,R,2026,633,-12.406181237965543,2.8812613066281942,6.448116884871433,12.173002538508975,-15.508235239206035,-0.7319958838169935,-7.144031630979973
677649,R,2024,284,-8.357901415472181,3.1328899119748677,-9.30873066764961,-11.676700206169434,10.550805962214453,-1.3573156814615999,-17.016952096563507
677649,R,2025,219,-5.767230412423592,3.932487670567342,-10.174800219917518,-10.901165156267638,-5.545422522583586,-10.987884930975905,-39.44401557160089
677649,R,2026,579,-1.7107811075621682,0.9182688592155179,0.34947697742440204,-0.21474339968920994,17.073659379592097,-2.0539557730532394,14.3619249359274
677800,L,2024,449,-1.5435327100281662,-5.94398539444621,12.823018244216433,-3.771714543431397,9.791105886020457,0.878910700772335,12.23380218310345
677800,L,2025,412,3.968091095871086,-0.5581118835705255,12.407112462779558,3.76908110494627,3.986838071521336,-9.543241376754487,14.029769474793241
677800,L,2026,660,0.5665093780303272,2.6122646448434796,15.168373383870668,-1.0517481891425062,-4.432256995120184,-4.466730198779493,8.396412023702291
677870,R,2024,210,0.8796874937717029,-5.51786981588185,-3.4805404501822905,5.321289510079195,-0.06269345164146979,3.7076759164491766,0.8475492025944616
677870,R,2026,196,0.6945162228030031,3.0377736934676887,-6.197485442889913,-4.681413496497799,-29.649749607199485,2.607414840032857,-34.188943790283645
677942,R,2024,185,0.8677517702137534,-3.5441738987468776,0.41273656773047657,-22.502612146702766,19.500356001273506,-4.4098281708897105,-9.67576987712161
677942,R,2025,265,0.6592894086658795,-10.687273318057592,4.0978993173878155,-2.0021527826218337,9.228397201720258,5.146028832680166,6.4421886597746925
677942,R,2026,289,5.400077798645902,0.4660568761047793,5.67558843486281,15.892804108697149,-14.504564032336607,-4.137731916509135,8.792231269464903
677950,L,2025,470,-8.565511949818692,-3.943666201465561,-7.785968284354352,7.090903432531478,-2.534743040025192,1.109316220884312,-14.629669822248008
677951,R,2024,701,-1.8380782580458732,7.804977790625236,-2.9976664544215974,30.728973675938658,2.638737998539897,8.586131406273056,44.923076158909375
677951,R,2025,679,-0.568953928265463,4.150239445617235,3.5806601786706613,12.847952741088395,0.3579824517755807,2.544037853985351,22.911918742871762
677951,R,2026,599,-3.688106708336985,5.148399271721494,1.4709451209183175,22.572620384302557,-18.182251690473898,4.815601660851749,12.137208038983232
678009,L,2024,297,4.7134949940677195,-2.487057196085096,-13.206627507170907,9.684996245300658,7.959859962165699,-1.5751918665569409,5.089474631721133
678009,L,2025,213,4.900964301243292,-7.643727799715019,-12.17137556684268,6.316720916177645,-15.471702734843545,-0.15090734233754108,-24.22002822631785
678218,L,2026,189,1.1888887914060322,-4.7452184219834335,1.5061767162019302,0.7696472709798111,-5.192357446550521,-0.062192309308011416,-6.535055399254195
678246,R,2024,237,11.552923085292901,1.17553920709593,-3.0847599145236995,-23.332605290730218,-6.062800537012153,-7.5717274967384025,-27.323430946615638
678246,R,2025,570,12.92922549999554,4.095843226238832,-1.9339684499338763,-7.919457899319467,-1.681641477873896,-1.6712886485819964,3.8187122505251345
678246,R,2026,678,14.691956046526403,2.2789759862027337,13.204487348120479,4.496546476595374,-9.748016837569544,-1.848147184882529,23.07580183499291
678391,L,2026,361,9.284147767591412,5.121139346923248,-14.44172889317937,-15.72074510266751,4.999946624041703,-1.2055031878461642,-11.96274344513668
678554,R,2025,264,-1.7943267127844995,5.861355296694416,9.548761059463102,-17.40685366792436,-4.615336015891095,-4.787270357520255,-13.193670397962688
678554,R,2026,331,8.559112921662921,7.6034648338833,2.6445549031479865,7.178527783842908,1.5386904454220722,-3.2372658504725895,24.287085037486598
678662,R,2024,696,-12.644663877861591,-4.471948277324646,-5.696495335358829,13.880950411225646,17.515827746909483,-5.177906786564187,3.4057638810258783
678662,R,2025,390,-8.683987468184304,-2.0812238608069955,3.7688839266540524,11.320993865491264,-12.03847668302842,-0.05448156611307402,-7.768291785987477
678662,R,2026,490,-10.229164437921535,2.0839255057692814,3.8546031564663084,-6.9875128122972425,-13.11317263785438,-9.603169598364374,-33.99449082420194
678877,R,2024,198,-16.081178346086258,-4.074663265902365,22.56273145753475,3.760302670875668,7.656191902532124,-0.04122559153320608,13.782158827420709
678877,R,2025,153,-27.380262632643152,-5.835312968007563,24.217136605335874,-39.80507555942194,8.658445374563737,-13.748006597735648,-53.893075777908685
678882,R,2024,570,-16.16771698627613,-0.9151904700408565,-1.0661518600514621,3.9175998656235653,14.617617292866893,-6.177798275442449,-5.79164043332044
678882,R,2025,589,-10.158114819861696,6.871059785398671,-2.337142349561478,0.034599143713876956,0.40808792863401605,-1.2530987831500873,-6.434609094826697
678882,R,2026,568,-13.760950085770247,7.698064948852477,-11.060332184066123,3.283748139794304,21.71320849656422,-1.440244832607558,6.433494482767073
679032,R,2024,363,-11.024459537389845,7.851333358540463,-21.165087820435595,-0.36870298253168754,17.3701693921958,-0.2954033239972615,-7.632150913618126
679032,R,2025,172,-8.663045719754061,4.686280085272468,-12.205406594941358,1.3039388325991492,-7.163961013852958,-12.31251856361458,-34.35471297429134
679529,R,2024,381,7.3347672947537745,-4.267861847223155,0.7102776801513714,-9.01731367010606,6.599695615188387,-5.191856019328436,-3.832290946564116
679529,R,2025,643,8.898690435582317,-3.610357508584699,5.773706567361531,1.478636663520927,2.2331402513071694,0.8633088763332544,15.637125285520503
679529,R,2026,598,13.706267937538998,-14.186257796411583,8.81439067638948,-2.789809643791309,5.205605933476004,-8.293729968455734,2.456467138745855
679822,R,2026,242,1.135927008163485,2.9139669134492796,1.7584464452630229,8.379156533173452,17.45660907106189,-3.7527279547411867,27.89137801636994
679845,R,2024,171,6.727573729100796,8.614403773941737,-14.54702071165668,-23.837562977252603,-13.876226572646942,10.24701185847549,-26.67182090003821
679845,R,2025,188,3.447003434396551,3.9215550721416013,-20.035999993579267,-7.655541743398348,-9.608303736904999,8.802896374471846,-21.12839059287262
679845,R,2026,424,4.572676588150388,4.240820186000916,-20.7332248894581,-4.597261122693652,8.280769331981306,8.26642126352107,0.030201357501929683
680474,R,2024,459,10.750791862466288,-8.049106307345419,-13.844196916866114,5.639156406746198,-8.321066027828206,-0.9442666181810444,-14.768687601008297
680474,R,2025,213,13.708573822297389,-0.6586446316204932,-21.506682423715603,-4.053392657138013,-8.90776469456621,2.5436556848326117,-18.874254899910316
680574,R,2025,575,-0.6645924695735248,-6.522370512870737,-6.253929762107173,4.353128679625172,-2.5531777046222577,-5.678495656980097,-17.319437426528616
680574,R,2026,481,6.2244698226639,-5.202182854837803,3.6908656569503235,-2.3740370879873742,-15.702903600068554,-8.802946320641956,-22.16673438392147
680700,L,2024,317,12.30330079360246,1.0622995466170757,-21.64605379849436,9.331935989329333,-8.755966261189633,2.4249791345194387,-5.279504595615686
680700,L,2026,382,-1.4679548888312641,7.214491977768707,-15.890207370264987,5.041097801046973,6.0130740071166935,-2.7646092411672707,-1.8541077143311497
680718,L,2024,225,-6.334660543663322,0.921622203663668,8.63268397570593,-7.559795763147914,-12.420377429057604,-5.624175318415133,-22.38470287491437
680718,L,2025,499,-5.3385881524433305,-0.9682940604774923,14.820100456141942,-0.7548156735666278,-5.797560047444826,0.5665870436236009,2.527429565833267
680728,L,2026,195,-2.216645471776031,-4.209077374125628,15.637751886023215,-24.33776171499258,4.1720949677353545,-12.446079635416424,-23.399717342552098
680757,L,2024,543,6.847012866082432,14.993510776564484,-23.052649050884874,7.978156793981147,4.139337985162842,8.516611107933171,19.421980478839203
680757,L,2025,696,4.998511245037518,17.43592651820476,-23.12044705771576,-0.3455127772955664,-0.27386270542913893,2.0437457112023836,0.7383609340041928
680757,L,2026,618,11.67131897684445,15.070639372259954,-21.06690310240281,2.1108853871314945,-1.4094080514503473,3.6631045522372205,10.039637134619962
680776,L,2024,736,-0.6858709709278553,-1.2542043375632437,2.250450998283681,7.262725005620275,14.850900680553568,4.508327396943381,26.932328772909806
680776,L,2025,696,-2.212219682283294,-4.129711204279951,4.7743997826913676,-1.9771079202407822,7.68365992771566,7.695479179940413,11.834500083543414
680776,L,2026,595,-6.51672792149412,-9.403438728300857,11.626229924542656,-6.05082275425004,-20.592616965004744,1.641461111104295,-29.29591533340281
680777,R,2024,465,-9.398333869432493,7.6356198500352415,-4.04234351847748,-0.8637137068707429,13.212501640605172,-0.9551317450065699,5.588598650853128
680777,R,2025,463,-1.8628901123223136,5.79324080238377,-3.808731021264912,-0.4728053170926249,4.376231134314902,1.2027944154347825,5.2278399014536046
680777,R,2026,355,8.798523321901245,10.474606609774236,6.074980023078606,-6.0277657697600056,3.1226604694303197,-5.740982656391229,16.70202199803317
680779,R,2025,283,-2.320694772294918,-1.8888163271891985,-2.6744808868969945,1.8039558232228923,-31.842737631475675,-3.4552398178632786,-40.37801361249716
680779,R,2026,292,5.369331722586963,1.4260929050449007,6.728799913779351,-25.872337581691664,-6.985269575395147,-2.70812404666318,-22.041506662338772
680869,R,2024,548,3.588741140220609,-19.605602010071177,6.772695105531195,-4.414495663992434,0.7177046231112071,-4.543537376985303,-17.484494182185905
680869,R,2026,414,7.487614467961304,-10.645635459882195,11.480437828327778,-2.945471506095108,9.55129318359116,2.4395389620860617,17.367777475988998
680977,L,2024,651,3.1923518490041944,10.408879755537658,-10.793788604473487,1.2805353189571391,-6.288056303658605,10.10554272181352,7.905464737180422
680977,L,2025,514,1.9435095198487338,10.415864643904776,-11.030816130446533,9.323286314535338,-11.273400717264302,6.317851537986597,5.696295168564609
680977,L,2026,160,-0.20058351134315172,8.087852820419501,-18.913585312269934,0.6888798619267603,11.842451157090066,9.912961620827788,11.417976636651026
681082,L,2024,569,-3.4238242468859634,10.511013682480424,-12.163034175937039,3.185001738548229,-5.731263949349512,-0.4415677407660897,-8.063674691909954
681082,L,2025,562,4.482008139439012,12.35944213278974,-7.231034647879601,-2.612788345314445,3.2684038932420507,-5.913408718019433,4.352622454257324
681082,L,2026,588,-2.8496491770939674,11.233061260617607,-2.639856926435822,4.6545269630800306,-7.960725761693383,-1.6624969101155285,0.7748594483589334
681146,R,2024,272,-0.17341787922543334,7.326800949517906,-12.945633792825175,0.7031635664515307,26.2092097523173,0.560000527975552,21.68012312421168
681198,L,2026,618,5.692818743556336,7.4414583250241675,-1.85026597535723,-7.999779527424441,16.824846313748427,3.911952961023575,24.02103084057083
681297,L,2024,561,0.11030073408470922,-7.475047744481064,22.51712718749962,-0.08891634700242168,-1.4342026613920167,-5.011857857575836,8.61740331113299
681297,L,2025,358,-3.1430217986381677,-9.907343725424942,15.889112311265727,-1.5259251467125612,-1.468225507443421,-8.750133817220565,-8.905537684173932
681297,L,2026,381,-4.897098301794616,-5.203191514888591,26.57792399139006,-9.101630075293563,-8.645516669899317,-7.175287955827069,-8.444800526313099
681351,R,2024,521,-2.3654420313825595,-12.628000201722674,-2.936872147121916,18.124469819457214,-8.927392890151165,7.261764975099611,-1.4714724758214912
681351,R,2025,454,-3.6589807207522793,-11.054667552466118,2.0200570449295783,7.278324061606128,-14.159440749794687,-4.554550674059527,-24.12925859053691
681351,R,2026,274,-6.851175330579291,-2.8419718506081435,-6.627338251201057,-7.163107692503263,-4.776866578508917,0.16628706245780775,-28.094172640942862
681393,R,2024,196,8.860344299625783,-16.176756282461533,10.239979602258137,7.997253748409421,-13.501949765584174,-11.38761078821839,-13.96873918597076
681393,R,2025,337,0.7972897547619315,-7.971306365670785,5.148655854800979,-4.5200904084240205,5.547214380877681,3.229161424416889,2.2309246407626735
681393,R,2026,372,10.821545826805611,-12.730675770942339,14.996900158311611,-14.70086464078625,6.599036572983272,-9.376096802135255,-4.390154655763352
681460,L,2025,264,-8.93835587342893,-3.3199712653944546,8.64104850244628,7.645451958383847,0.11152663142623671,-7.562591938822074,-3.422891985389095
681481,L,2024,293,-1.0711768387556302,-4.121232021935059,8.440563893455373,25.59940682272059,5.682677869494911,6.295202244489939,40.82544196947011
681481,L,2025,464,-4.958804275276198,-4.017906868465883,16.899505821108068,2.549503321817092,10.070388630441592,1.5183637349574488,22.061050364582123
681481,L,2026,259,-10.7818520011783,-7.148805189174387,12.736253121833577,-8.905410575493379,10.860358703806336,7.783467388472959,4.544011448266808
681508,L,2026,192,12.72951839535341,2.1975145017617086,6.74920070708053,4.141740015900112,0.4509488778220218,11.45504032566503,37.723962823582816
681546,L,2024,157,5.688055429832222,-12.630812878268504,7.1937230437847655,-10.265010041901299,-25.135528277703195,-1.769001823427022,-36.918574547683036
681546,L,2026,174,-4.592522563153003,-25.025774995582612,15.290516107638593,-19.654594645576413,-0.6615445109750064,-9.795756265968908,-44.43967687361735
681624,R,2024,442,-2.324018270094096,2.015365808233372,9.459608809831204,-0.051078347674869885,-9.825508091326348,-4.033645539026047,-4.759275630056786
681624,R,2025,625,-5.195665507691261,4.814933605264571,10.70645394120644,-7.1190269299845825,12.512029806591748,-4.027812055072517,11.6909128603144
681624,R,2026,555,-5.893993650549572,7.818664531940877,16.04517541856771,-6.952808111223792,-2.600938367871208,1.2034030556462576,9.619502876510273
681715,R,2025,296,13.584109825875744,-11.59722451048815,12.319690451042796,-7.419758514635994,11.503430798249166,3.154768389181343,21.545016439224902
681715,R,2026,483,11.10213324789874,-12.934599051285023,11.839890179280818,9.453570034789866,-8.898854653639875,-2.343033411049779,8.219106345994748
681807,R,2024,389,2.8350594512483367,2.289960869834777,-1.243215678725783,1.5720151447947324,18.450467997208612,2.023035020284834,25.92732280464551
681807,R,2025,156,-1.3143416791387608,-12.642955628022435,-3.0879293356490964,-21.813012765760284,40.04070667997072,-17.060891497327603,-15.878424225927457
681807,R,2026,201,-2.5325078540282115,-2.9955280738672894,5.036717158095971,-23.75194307720822,19.51520525354418,-5.191131192165397,-9.919187785628964
682177,L,2024,221,11.245523180369675,-10.977958300615937,8.037060088176528,-15.053212013014974,13.958293562412877,-10.249857323339937,-3.0401508060117655
682177,L,2025,421,6.038058063521612,-6.92309975612468,13.439732911810141,-14.454658294398344,-7.586620344368415,-7.898357326250761,-17.38494474581045
682177,L,2026,281,4.130465656069057,-10.340512883558862,7.016281280128233,-3.8985258472444153,-15.380083639794947,-9.024944538410919,-27.497319972811855
682622,R,2024,243,-12.96390317422014,-2.2952610327250027,-4.979988088972782,3.8202006031170423,-15.458002358209573,-6.853771890523502,-38.73072594153396
682622,R,2025,361,-3.2638512952251397,-3.1651143655792104,-3.173593106389662,5.3229318751257155,22.632192591598148,-2.674905640768288,15.677660058761564
682622,R,2026,201,-19.11268656792352,4.626083300243019,9.587581141344968,-31.13934281483787,-6.2424242394814735,2.1516995805806935,-40.12908960007418
682626,R,2024,341,1.0206899358283048,-1.5425862320126646,-2.3509901631679613,-5.085201555061235,10.732982395131128,-2.1651128367876398,0.6097815439299311
682626,R,2025,277,-0.7119633148878279,-6.154116538878808,16.198732293643385,-7.430083989687786,13.69942869534391,1.3367277112346925,16.93872485676756
682626,R,2026,407,-4.301441427847101,-8.126273647310517,13.172542559577831,6.972617183085076,-8.945947314291141,-4.882903326314557,-6.111405973100413
682641,R,2024,155,-19.24661711278377,13.030925182103433,-16.690041069863696,-4.257233119337852,4.01922545886925,0.32740558114658397,-22.816335079866054
682641,R,2025,184,-10.254564722894525,11.84225180606086,0.01777026857890999,-25.181152826531378,18.644698888958597,-0.6086928753198795,-5.539689461147413
682657,L,2025,315,-18.63969154339201,6.134449411118456,-8.201564434374554,-17.672696265338725,8.411288993358065,-4.610119955248788,-34.57833379387756
682657,L,2026,257,-18.68992519337302,8.149790065541675,-0.57133091658386,-2.4822186085130316,9.547935999151694,-3.7935849547218705,-7.839333608498415
682657,R,2025,169,-6.087498757918449,6.182576281658727,-6.00906471511184,-5.279074422210767,11.182319780066548,11.792516897020883,11.781775063505101
682663,R,2025,584,-3.621007622812723,1.936654000248258,6.115047525060046,-3.3336609940732984,-11.571996761040106,1.0568654281021745,-9.418098424515652
682663,R,2026,235,3.64070667980986,-5.24373736067957,12.31118402980196,-28.48333310158047,7.680857292403957,-0.7943059544190538,-10.888628414663314
682668,R,2025,193,-10.361662601388655,3.871032982378816,-15.769536460104694,-6.455511500153884,-7.615041489093185,-1.4336899570663433,-37.764409025427945
682668,R,2026,220,-7.205618545283379,-0.5057309516472452,-0.17517564590434673,-25.979636546173996,-15.9960359914752,6.573124225963425,-43.28907345452075
682818,L,2026,180,-6.008377580340435,0.4302458488982023,2.7230395452270444,5.025854079500104,-10.971215296469842,-1.5365552519583208,-10.337008655143245
682829,L,2024,477,-6.220070658977668,-9.339002141203519,18.089652191919285,9.18438479415395,12.823250540735762,0.07629932400808784,24.6145140506359
682829,L,2025,480,-1.1656192585642868,-3.3647691220890255,20.065575147174464,-4.639499948781287,3.2642479588858215,-4.485679330913819,9.674255445711864
682829,L,2026,432,-7.3854730457925,-1.665144900814004,24.711914293484202,13.069139670965223,-10.21291308013096,-0.4235110218756949,18.094011915836266
682829,R,2024,218,-8.916591147917424,-10.433026000733626,9.012535474000256,-8.636505380529412,-1.1103263365689662,7.331065898894322,-12.752847492854855
682829,R,2025,210,-10.688098653846774,-2.4758193980418093,11.96767363483447,-6.5531420631479165,-8.288387841042516,-9.48274431991409,-25.520518641158635
682829,R,2026,181,-1.8006889157699097,-2.3177463032140873,37.171535870027526,2.086094907381045,34.592735520519,-0.5348510877410034,69.19707999120257
682928,L,2024,602,-6.380973756588446,4.045051475506698,-2.986886131271003,5.043422533864033,2.100095889790446,5.332831457382671,7.153541468684396
682928,L,2025,638,-6.694705733453177,2.469633863541805,-9.53152494943536,4.608621414779542,2.5758283966535114,7.990855256873725,1.4187082489600449
682928,L,2026,636,-4.976723563029584,-3.1105930631834875,2.3168052616707504,10.474565670097807,15.924739306474265,1.264294141803513,21.893087753833264
682985,L,2024,580,3.182621237905559,-4.64031933649934,23.733778555210527,-3.241525145345628,-0.37493624248213947,-0.00981693213705683,18.64980213665192
682985,L,2025,655,-4.300362948306668,-7.582325386846601,30.07805690512174,-2.538174156781609,4.309074337607367,-3.910311679937222,16.055957070857005
682985,L,2026,571,6.6126039757852295,-7.111265577931589,34.46616319500197,-1.9643712429739169,-4.22528127000849,-4.181420650702455,23.59642842917074
682987,L,2026,275,-4.2801256458741435,-17.912381015734265,57.25163499704591,-29.387822201553288,3.9970725211070595,0.43311070266347834,10.101489357654751
682998,L,2024,684,-1.4381830128054798,4.46820018910064,-5.267852469657221,-0.9711732265214471,2.40981307109631,4.943557324141136,4.1443618753539395
682998,L,2025,641,-3.0680300341885207,-0.9460103833060441,5.841345583847971,18.14529767042065,-7.173595411629454,7.836755262816372,20.635762687960973
682998,L,2026,646,-0.9504299802655654,-3.459332603850411,15.462939047853856,-2.8807082266348907,-1.3029583331349952,3.182804859715378,10.052314763683373
683002,L,2024,716,3.594058482696373,-0.9504780220130103,21.625419636766647,1.0165760512076385,-3.268238874829448,1.0802404813353763,23.097577755163577
683002,L,2025,643,-1.625977620783602,-0.5692359096993611,14.585831999590845,-4.3806875589611325,-3.8702082838411913,1.1038907669784224,5.243613393283978
683002,L,2026,688,2.3547969617401603,0.8489599803967791,17.541497494387556,-14.611442254305787,1.3547981172739765,0.5924981968291932,8.08110849632188
683011,R,2024,690,-0.588937876150682,3.047857692289726,-3.1046520462282747,-8.72733277950372,5.601922270131653,-6.1850228925206405,-9.956165631981937
683011,R,2025,597,2.79418504094349,-3.4532324940494483,7.788228993603007,-6.610911712323823,-8.191524898355848,-5.658856809491956,-13.332111879674576
683011,R,2026,234,7.815392824024555,-3.4213951752505936,2.9758517208145445,-18.454632218649145,-1.0886029096865577,-2.886235535758453,-15.059621294505646
683083,L,2026,336,8.29596280155004,2.7313196235016695,-3.5670829629768264,-21.66461487969783,-10.002178652116347,-6.066871965020809,-30.273466034760098
683146,L,2024,170,-8.072407940151633,4.013146647730786,12.236775361480435,-30.302391503074247,0.827223050690797,2.576127507050866,-18.721526876272996
683146,L,2025,432,0.8845695976226412,-0.3366615260457064,24.11885084911596,-9.15629433167586,1.2701927876358372,-5.8380171245091255,10.94264025214375
683146,L,2026,460,5.408196599869013,-4.685231647450498,29.928014218241223,-23.088008243924193,-9.006098546427785,-2.0745825529726574,-3.517710172664896
683357,L,2026,332,-3.782091711538609,-14.488585155318017,25.673955268381174,-3.863322421297298,-0.7422957804322049,-7.879094476637377,-5.081434276842329
683734,R,2024,619,-6.737952393781669,3.4790812674909795,-9.519128858993035,12.053252747821615,-3.6503359649202545,1.6001546112566774,-2.7749285911256845
683734,R,2025,447,-1.5677229635873309,2.0964469160299966,-8.186599066414608,17.33079051874305,-21.49672393331176,4.564366876811559,-7.259441651729091
683734,R,2026,331,7.713563367481237,7.044676981069726,-9.839374274852675,0.6265958598331951,18.073968081108116,1.1301088804654598,24.749538895105054
683737,L,2024,567,3.6923724750253544,-5.855419358704259,0.27756858945848506,8.080976313032448,6.204982292557076,-2.663962738153795,9.736517573215307
683737,L,2025,591,7.683255402953371,-3.1564993277549003,-10.902673715984543,35.47858150073475,-0.17250823889356207,7.1233455559691246,36.05350117702424
683737,L,2026,689,8.759088689216622,-4.264939459148146,-10.778101765106461,11.880447697594333,5.858281123286782,1.486774084293924,12.941550370137055
683748,L,2026,243,3.179570961425373,0.0953827145445882,11.555455825193318,-2.9124886001080266,10.119710562344855,-1.655345869603506,20.3822855937966
683766,R,2025,191,-2.0088401385516153,-4.467329512762555,-8.391765745773405,12.834908091841582,-5.180416705089207,7.172684019873038,-0.04075999046215946
683766,R,2026,207,-10.09322121407926,-4.269502384689695,-8.037675264783656,-8.419165570278336,14.74871630505269,1.5021497212150685,-14.56869840756319
683953,L,2026,495,8.32956155464567,0.8100049089153044,-1.1535418411119402,-10.983453169440338,9.464772019200351,-1.0865862918092224,5.380757180399823
685133,L,2026,317,6.412897584949623,-3.9731782382555405,5.1192748421415395,-14.40705573677403,2.5625043906597056,5.896341083535969,1.6107839262572667
686217,L,2024,523,-0.7435078064939101,10.381511528833688,-22.46895568620304,-1.5184407397515893,7.968483600056624,-1.3723755481550626,-7.753284651713294
686217,L,2025,594,-4.477526388661361,12.534366739896392,-18.312749518865438,-3.3454650007085274,17.44541242862757,8.554793459904664,12.398831720193296
686217,L,2026,370,2.2411678373407007,12.096020662238,-17.54628613809844,-14.503859847694107,-2.3178322793596418,4.939791224840545,-15.090998540732949
686469,L,2024,555,-4.677455594752137,13.729523253656296,-13.886516172251357,8.632774221184754,3.705867546675026,2.0817706536801825,9.585963908192765
686469,L,2025,679,-3.6106926710616327,8.856841587180757,-10.61873456309903,11.205842784994891,8.415453567606548,-0.3795599517012741,13.869150753920255
686469,L,2026,459,3.5419169010573315,10.081327620947587,-16.854676696608422,12.174508607139593,-2.2338823297249983,-1.6267059601112022,5.082488142699891
686527,L,2024,186,-4.339750217425751,-5.0407075257369165,10.233392600309319,-2.4784201010234588,-1.9554489695274129,-5.253745573765734,-8.834679787169954
686527,L,2025,269,-8.685335745462226,3.344735575586497,5.2342877572941715,29.150700245089308,-5.195282385229384,0.9631778885693274,24.812283335847695
686527,L,2026,507,-5.510382703943905,1.563499394547086,15.223492505204892,8.173598639840062,-6.94079743511519,-0.18758368914267137,12.321826711390273
686555,L,2025,295,10.500324556201678,1.8780662081922774,-1.1474782499485243,0.7482270980116268,11.055200921045978,-1.075242891511109,21.959097641991924
686555,L,2026,352,10.674405244486845,-1.8328007470048506,5.156328012258623,-18.69593920350464,2.890945003494543,2.509508344301573,0.7024466540320919
686555,R,2026,154,2.1598338221010436,0.073657695235104,13.62729642067226,-37.7590097572123,3.882557068281683,-5.21751601805228,-23.233180768974478
686611,R,2025,322,-2.759258119380352,-5.850326604982791,-8.392723673057365,1.1751235163872586,-7.973758806085636,11.128804900846898,-12.67213878627199
686611,R,2026,425,1.1105266078525469,-6.767820952461796,6.285427654595267,1.023568432445972,-9.575973347745377,2.6013107761288294,-5.322960829184557
686668,R,2024,602,1.2769503601790433,-5.786779803146262,-3.152994523775504,13.51119061099587,0.9303469431690762,0.7503232057920263,7.529036793214249
686668,R,2025,538,-0.2792568605497902,-6.865997878145345,1.144161630508818,0.35482628393837984,-3.7642424505438097,-0.5006334369349825,-9.911142711726729
686668,R,2026,215,-8.93822943866323,-11.837263526800859,6.159660610168635,-14.00360620179223,11.221208768078693,-6.703691174260699,-24.101920963269688
686676,R,2024,394,-0.33046235427354037,-13.950403813953788,-4.819334800161904,-4.359392665582409,3.756882438570326,-2.5608554095819938,-22.263566604983307
686681,L,2024,355,-9.87674512048437,12.149630542630462,-12.566338781875245,8.237690442370473,3.200977404907327,4.03513699605819,5.1803514836068345
686681,L,2025,277,-6.346700825008734,9.361567205562833,-9.41292865408615,-15.277739971588714,-8.442153656167168,-1.5710716031089347,-31.68902750439687
686681,L,2026,435,-7.08838304621024,5.340045884831032,16.436147835086274,-18.744950926124343,3.4106369442034947,1.6965092509534494,1.0500059427396702
686765,L,2026,199,0.23652922262876025,6.026456584977109,-7.392200596280548,0.0739860899170876,1.6746085607082424,1.1951129412457773,1.8144928031964265
686780,R,2024,218,-13.607149548920663,1.4945350457425879,0.25341260752991185,-3.4228027682568882,-0.7007000459957649,-4.218067714762964,-20.20077242466378
686780,R,2025,388,-12.600870847331937,-1.624125901834614,-8.604680008768643,-3.7721544611408366,13.00306706882615,-3.688253707324372,-17.287017857574252
686780,R,2026,207,-13.432986152919959,0.27613722750686415,11.581854814246517,-18.427939296590175,-8.320520346595835,-7.0277096394236915,-35.351163393776275
686797,L,2025,350,-3.19094777183266,8.608470454337354,-5.550830208382231,-23.550577827440804,2.920037959340722,5.027267649520253,-15.73657974445737
686797,L,2026,416,-4.9923517834398465,13.069874091865433,-4.284267984572906,-11.743860827263562,25.417995578456786,-0.44446941260205886,17.022919662443847
686797,R,2025,178,-9.901853853985012,-3.0202231285744574,-2.502527421329343,-3.7034604372046136,-5.091437300341463,14.100582432606569,-10.118919708828319
686797,R,2026,198,-9.551129728105629,5.05857011178165,2.7509106345639562,-36.016569553291816,13.131814755452837,-2.6318824446499085,-27.25828622424891
686823,L,2024,352,-1.9115558407629896,10.014000839457719,-14.39895035995922,2.658207516834022,4.399138923399508,-0.9369216379978129,-0.1760805590287779
686948,L,2025,446,0.8344707054208094,10.06734808013412,18.732620734123437,-12.892240382570485,5.217554630665068,3.6547816892375264,25.61453545701048
686948,L,2026,594,-5.002611287207429,2.820589002578475,22.46687307466582,5.066013998883972,-10.08279333978127,1.168014928616883,16.436086377756446
687093,R,2026,451,-4.045598483086983,6.779988579872062,2.3647268481969848,-9.738003913378794,7.689269985025262,3.078876603020376,6.129259619648905
687221,L,2025,155,9.935525777961976,-16.38873679712534,7.656904640247043,0.7515449378799572,-11.889370316109996,-14.742473677845643,-24.676605434992005
687221,L,2026,248,-0.05362606869847236,-8.026725523892946,14.404165906333539,7.1831075751164954,3.946506805116929,-9.047611535272905,8.40581715870264
687231,R,2025,197,4.204997812498208,11.312376303121498,-16.71463538962722,-8.297741185249947,-8.010303689830275,3.399432121737076,-14.105874027350662
687231,R,2026,157,-0.20984641502395251,5.637460878718553,-13.305728162440618,-15.440828678147964,8.176944542660125,-8.844341544931146,-23.986339379165
687263,R,2024,603,-6.694280683913412,0.2394852892201663,-6.63762460506969,6.110000026924518,5.267599830078373,7.096842222289266,5.38202207952922
687263,R,2025,549,-6.360424306570644,-5.187105149267793,5.914431736143675,17.700688650916845,-5.581880496823421,0.35585785581542484,6.841568290214087
687263,R,2026,678,-12.87674230189826,-3.751546056821496,5.447733068122555,5.181472853774019,9.957941265519803,2.34153287317354,6.300391701870164
687363,L,2024,156,-1.310358025698354,-4.763903932331238,-10.725123467233212,-3.752349827277746,2.797446474784942,-8.963950784974985,-26.71823956273059
687363,L,2025,459,8.49424748990643,-4.882150172771281,-10.23918460499279,-4.675681956663439,-4.860814587346919,-0.3098983262044471,-16.47348215807245
687363,L,2026,192,10.063015975513377,-5.526786844476301,-15.391208770065028,-2.556218922132838,-14.868011271964786,-1.3230710418849685,-29.602280875010546
687401,R,2024,514,-3.6112310131680183,7.992957127123566,-8.152866822992895,-3.1897855637496817,11.54045171099767,1.2180765421408168,5.797601980351462
687401,R,2025,508,-11.613808586799125,13.996605786266683,-10.442916363022572,-14.180899940138875,5.415278702084903,3.692883864874585,-13.132856536734407
687401,R,2026,403,-9.04820321447447,7.377458151447874,2.048894155314688,-11.351527482465576,6.125158052223726,-0.27910881550904065,-5.127329153462798
687462,L,2024,380,4.147327467788576,9.05301064533264,-6.794591930473479,5.9822895220893955,2.575070183213137,1.3532135888706551,16.316319476820926
687462,L,2025,410,6.187136358564301,6.584898258777671,-14.812694965296643,4.05772519852622,7.959016876670004,9.281941762193707,19.258023489435256
687462,L,2026,436,2.862954869775527,8.691735690239247,-11.940132494153419,-8.850868861567834,0.647346143620796,8.603937860605377,0.014973208519689123
687551,L,2026,385,9.054997935798701,1.2753596801622222,-12.563692164136603,9.658710232957022,-10.203199934972506,4.530196426240825,1.7523721760496642
687597,R,2024,183,-2.5981534904918977,-13.59683582762683,-5.58843921253211,8.302056857873323,-7.682735277127704,-13.707005081680133,-34.871112031585355
687597,R,2025,588,-0.24931801669558665,-7.8490326412603455,3.2171426815153534,5.768031170545372,11.39009947344371,-10.719236557053257,1.5576861104952424
687597,R,2026,167,-3.6671452984413424,-2.5326312046098343,12.55547193391973,-26.479977220606244,-5.435494181138964,-7.458905283707188,-33.01868125458384
687637,L,2026,343,3.313260783859789,0.11254681635793913,11.55345221248323,-14.592813532631078,4.77581343905499,-2.616903265467974,2.545356453656895
687859,L,2026,441,-1.459524063452286,3.9447747320569566,-9.728023138399603,7.010583229366376,-0.15541411544459927,2.8544750217368366,2.4668716658636822
687952,R,2026,200,-14.492799196658742,-0.050918192542233134,11.616655317797836,5.007153622170038,13.620485591006114,7.61206613226541,23.312643274038418
688363,L,2025,185,3.462127112916396,-2.1511974698380874,-11.283212472932446,-7.690454151017804,-1.4160810806830495,8.291620505451013,-10.787197556103981
689172,L,2024,271,-4.831486877315262,2.20257547843101,-23.28377141573322,-1.3209554544892201,2.348251392101621,3.702366219555674,-21.183020657449397
689414,L,2025,392,10.315328640615997,8.227825759620247,-18.987011862375777,-2.8482523000557998,5.993857437873548,3.4634043735078373,6.165152049186052
689414,L,2026,532,2.739943546498106,10.57011871674276,-18.964860427239415,-4.633542277721257,16.369008958957288,10.42431449671384,16.504983013951325
690022,R,2025,206,-2.1499421985559235,-9.375166088232687,-7.4995464684899815,-8.04524039658308,13.710303542381155,-1.7874395834322472,-15.147031192912763
690976,L,2026,235,7.097137563552065,-8.572542414014727,-0.13313164301513655,4.88193656644307,-4.603911063679258,-1.8522178051051021,-3.182728795819088
690984,L,2026,186,-2.5311897897715694,-0.7080262797211186,0.5546907603723218,-5.498225117040893,-16.54746321394602,-4.2778887925488105,-29.00810243265609
690987,L,2025,207,1.2378908750831574,-12.225478409937137,-0.4633641069032392,-0.8184358851148547,-9.318890551171613,-8.863705576653285,-30.45198365469697
690993,L,2024,552,-1.8872072659182069,1.333648073702517,-9.767639265840529,4.193940079357974,0.6624654850286361,4.0723399547115475,-1.3924529389580649
690993,L,2025,467,4.709786643277101,2.3723295690934516,-3.737345699814498,9.80605089796507,-8.860225425650134,1.1890719715610096,5.479667956432001
690993,L,2026,423,3.8981133590555492,1.241326132887257,1.9836264663980159,1.7683056592521416,-13.369269384253785,6.349045161705613,1.8711473950447883
691011,L,2026,165,-3.920038294379637,-6.034875717327511,-4.913960506671338,-19.645696515231514,-10.483388490115896,4.942031158884768,-40.05592836484113
691016,L,2024,213,0.1162711137756635,-6.414837116103818,3.539087254526664,6.482209330143193,-13.113895375119656,15.517559138811693,6.126394346033742
691016,L,2025,622,0.13128544546287976,-0.4234999997343616,0.7971432385625153,7.361611876365489,4.366055851788587,5.078974947395675,17.311571359840787
691016,L,2026,449,8.867200826542739,0.028882453054503227,9.029791912583118,-13.05592776467633,5.728408377691757,4.832275667462216,15.430631472658003
691019,L,2025,297,6.731053903320448,-2.97092713742064,4.0916520252910535,6.5572797844671005,2.4945887375231477,-4.155459953373747,12.748187359807362
691023,R,2024,182,-3.5463681584019886,-11.874216153479376,10.03447094458294,-14.460348463816556,5.24082960851241,-4.539017005156996,-19.144649227759565
691023,R,2025,395,-12.253332711525132,-8.912677672849034,22.35834489798628,-20.658362236161707,-2.6197839899550788,-4.336488837046295,-26.422300549550965
691023,R,2026,646,-6.5151429634806775,-6.6864412149874015,25.445120102809664,-0.9505789261235897,2.2471837157419086,-3.7244256609018658,9.815715053058037
691026,R,2024,634,-4.810096259247177,10.044467166058324,-14.310747008357312,0.1052373883854274,9.67079303976918,1.451552128694812,2.1512064553032504
691026,R,2025,538,0.9085248202823525,8.945443329301105,-11.9311644082508,-6.8578047918491665,7.771464657289027,-0.10293098079736505,-1.2664673740248462
691026,R,2026,520,4.936596405885108,-0.9025302313879998,-9.169418411437,-0.9370920743821717,-6.072194868271223,1.9215541356372403,-10.223085043956045
691176,L,2025,325,-1.5036100825381769,0.5837594824902825,8.760804569325986,-4.149392607831249,7.30442880254583,-4.09416669444649,6.901823469546181
691406,R,2024,175,-13.138771539477338,-3.63460852087447,7.73278454918776,-5.585089588609761,2.418093367692011,-0.6743430764404651,-12.881934808522264
691406,R,2025,652,-8.610366187353808,0.6723936085788818,19.70292245045954,-6.307480942512583,7.941921897534733,4.803440133780852,18.202830960487617
691406,R,2026,672,-8.675130409102119,6.324168894365114,30.20626876959575,-12.011605961536038,6.96562264672542,-2.9602444567790487,19.849079483269076
691458,R,2026,199,-4.45656110814148,7.15011557459659,-4.819829143490852,1.4249579486538921,-15.634940369055723,2.7028239347402745,-13.6334331626973
691594,R,2025,342,-3.840995914742156,12.175180711251386,-24.056455859717193,-5.1539945023039655,21.10053288710085,4.365448755092024,4.589716076680943
691594,R,2026,470,-9.379600480219274,15.357323498606663,-20.852807277434238,-2.546910502608347,22.158693786833755,6.773342976310597,11.51004200148915
691718,L,2024,406,-10.536108896980277,-2.7344215636909586,5.6018667387037935,-7.169515859044579,4.680260230555514,2.002789775481592,-8.155129574974916
691718,L,2025,646,-11.857758048673391,-1.3076729605396746,4.5860246002188365,9.647534793654959,6.233050354616651,-3.8928566812365015,3.408322058040878
691718,L,2026,700,-7.227722336473708,0.6880427097940129,20.169299096254072,14.406003972192567,11.241016548518463,2.017377327032487,41.294017317317895
691720,R,2025,156,5.487450329311452,-6.079136331231359,-9.49045646905951,-23.388079685766673,11.282663291471403,-0.223694250558907,-22.411253115833595
691720,R,2026,454,6.970896264016924,1.4809453055566917,-4.229517263785579,5.133867327687945,-1.5604055171247213,-2.08716039287293,5.708625723478328
691723,R,2025,292,-1.7206627144259334,-5.417663193410858,4.055030717866584,-8.897801591224964,12.19854837128667,-2.9020538369304747,-2.6846022468389803
691723,R,2026,437,-5.752932031666101,-6.549709407704702,17.647691655186833,1.908204637006386,-5.183810727489088,4.764800649614988,6.834244774948317
691740,R,2026,161,-11.449192531007546,5.3272874850458996,-2.2785272820765616,-2.0974228623542777,-10.390961218732366,2.053414480533019,-18.835401928591832
691777,R,2025,220,-6.053567992941901,-8.460361673303353,-7.159719442255158,3.237442759650632,0.49197347739320374,-5.337351929836621,-23.281584801293203
691777,R,2026,285,-6.620321905384177,-10.88995641917001,7.307767213180159,-2.1095654259935963,12.325650133774317,-5.126760884788416,-5.113187288381727
691781,R,2025,274,-5.039537281917551,-9.23561905549434,-3.992509824019512,10.538766376196058,-18.18998867012171,-8.308867096496634,-34.22775555185369
691781,R,2026,340,-2.2419172263903624,-6.697657963799258,8.503053564695854,4.557340137047916,-14.395471199139509,0.40054959224697945,-9.874103095338379
691785,L,2026,232,5.3596208561960745,-5.284350019817915,4.766450839264938,-37.731423170726565,8.366174678514295,0.35793530059670686,-24.16559151597247
691788,L,2026,324,0.860320114637555,-3.3364904325239357,17.11002264847979,-18.71106045204896,4.4794751043031695,-6.077791562541449,-5.675524579693831
692225,R,2025,263,-0.15487891322774017,-3.2972804216114975,4.972885107762153,-10.717359122945437,1.561292313272996,-5.347639327178649,-12.982980363928174
693304,R,2024,387,-3.134363718263388,1.6175977105251929,-0.6854459203936447,2.32009462133928,-4.1452201278082725,5.007329828677396,0.9799923940765616
693304,R,2025,409,3.028029176874527,-0.14966470338148352,-6.822003296851297,-14.094432710648903,-0.7515028730979433,9.166441121689383,-9.623133285415715
693304,R,2026,593,2.9668965099764324,1.8738055779312148,-7.5399370610846415,3.7338146392929015,5.146291914947758,1.9589752623633616,8.139846843427026
693307,R,2025,468,-5.36925635889014,-0.8256944636617828,11.030182412809086,12.591294099663493,-11.850734268465708,0.21538694043290912,5.791178361887859
693307,R,2026,593,-9.151686631464168,2.5480691490647827,12.745274698053686,4.374755076522308,-3.4140592418823994,2.124706348396158,9.227059398690367
694192,R,2024,569,-4.6360799465343465,-0.900070705933731,-2.8737239997363275,10.33017463667375,8.338027214714096,3.9175009652751753,14.175828164458615
694192,R,2025,589,-8.67846218581155,1.7744529867461216,6.975338801436878,-5.064191608738183,11.871476281546714,-0.8852550210965793,5.9933592540834
694192,R,2026,551,-5.4561893827910275,0.696337970991771,11.053382738234733,8.68506242997513,6.049607718802235,-4.655386960261414,16.372814514951425
694203,R,2026,287,5.34221801558246,-4.749668020971798,6.056995035493161,-18.38070437956796,1.2184117586110323,-4.402484270263198,-14.915231861116306
694208,L,2026,338,-5.741516366949963,0.3711119824442591,1.0435234189332252,-10.204362604085864,-10.687976453689128,1.6700288828394563,-23.549191140508015
694212,L,2026,396,-15.93098896704513,-2.646066165403761,11.95669360880267,4.939291690107111,-6.275958579125523,0.01647008320759303,-7.94055832945704
694249,L,2026,207,2.8452815180313884,-1.757552020941777,26.51867471881723,-29.651940323219893,15.56555698776053,6.25331345723698,19.773334337684457
694362,R,2026,154,2.3300355766787892,-0.7827629828559989,-5.733088024642474,-7.082659818048971,23.21888359290987,-1.6039231406318997,10.34648520340931
694374,R,2025,225,-1.970361526099425,-7.82522789702867,3.2506854657775253,-2.7783147154979333,-4.308726563953575,-10.61620004560479,-24.248145282406874
694374,R,2026,330,2.677989993678368,-6.146492204178112,10.942921248260904,-0.5707187187814424,-3.13067919057644,-7.904153791979691,-4.131132663576415
694378,L,2026,220,-6.316002479194141,10.61368019626157,-2.6873896195227074,-1.0305579141443444,-16.454594600374538,-5.757279615481104,-21.632144032455262
694384,L,2024,607,8.77533236552092,8.078597312986627,-18.139180304684334,6.1988005149766146,-0.5585720614704398,-2.53759743240313,1.817380394926258
694384,L,2025,561,6.6751718178565875,10.11905266032575,-17.786787819504635,0.6369950555339345,-0.4862580119590749,6.126867839896942,5.285041542149504
694384,L,2026,446,3.2472732141059018,9.898499777118463,-15.006321037508197,6.820957399218996,-8.180943129293546,7.4358632009538095,4.215329424595423
694388,L,2024,262,-6.369998576540204,-13.990924720683818,23.417216877754335,-23.565141556291014,9.502065497495822,-8.217587897339724,-19.224370375604597
694497,L,2024,162,4.041282857626394,-2.4426189957187887,-16.176764911986133,5.722658532610768,-1.2026303073493827,-7.045925835882539,-17.10399866069968
694497,L,2025,219,10.154883613619564,-3.576063130763292,-12.161721084701082,-4.213226294624066,7.852424897203154,12.119881055825951,10.176179056560228
694497,L,2026,442,13.29011434419054,-6.153247702418655,-6.279273687788992,-8.818293876991698,-4.970142747827264,-3.138136733906981,-16.068980404743048
694671,R,2024,556,1.3974398356679494,2.371130155270161,6.513380685165836,-2.6373004063827628,-6.72211618018247,-4.657874735519963,-3.7353406459812475
694671,R,2025,571,6.354537597693295,-2.808462928062734,13.56446850754039,0.46111912709306146,-4.1295036132614324,-2.415737805811724,11.026420885190861
694671,R,2026,450,12.790559727276658,1.1192362946969403,6.306200567204771,-7.7632279323415,4.330418663733073,-4.632340418249336,12.150846902320609
694728,R,2026,234,8.593462214086617,-13.229549295493271,11.097899115138702,-16.58991303641139,-9.474610108878284,-8.901587339794252,-28.504298451351872
695336,R,2025,294,-9.482629206128479,6.0073992882364955,-4.446147975862346,5.948527539579122,-0.6597684505363524,-12.005662404112652,-14.638281208824212
695336,R,2026,165,-0.5405151725630551,0.8595866645810494,7.664670284938065,6.577911963624522,-3.2964308820080808,-9.905423462211496,1.359799396361005
695506,L,2025,232,-14.370768067731685,5.420488668990771,24.246721984830348,-15.894649930724073,-46.02495081498735,3.6859472010926426,-42.93721095852935
695506,L,2026,533,-12.104834582177768,-2.071558107644851,19.9027920706781,12.421796752375984,3.4774082945643174,0.5348504555508409,22.160454883346624
695578,L,2024,336,1.3890661330239717,-5.007251104790257,13.787952888047457,10.396435421390667,-6.210256721400316,-3.660140548885164,10.69580606738636
695578,L,2025,683,-1.1943905914952848,-10.027098642923063,31.278980637097796,4.683922316538078,-7.227249420873598,-1.1332604235637669,16.38090387478016
695578,L,2026,598,6.372312398221562,-8.016605045390534,34.44425332122562,12.296814328575975,-23.21184236621325,-0.019089463345288715,21.86584317307408
695600,L,2026,585,7.023011873845814,-8.206212171246039,0.34728105616999927,-0.8059969917544076,11.168172608667684,1.875170976260844,11.401427351943894
695657,L,2025,283,-2.5796348127981017,-9.303065835090337,18.3485692365321,5.3267593307189,13.825446290253952,-3.539349458838224,22.078724750778285
695657,L,2026,616,-6.335258794336752,-17.224945125614507,18.827584227288025,-6.3415385859426205,6.638850296140719,-1.763562375719944,-6.19887035818508
695681,R,2025,184,4.972277265049763,-18.10408887912278,4.738208490273164,-2.945118972925177,-0.12502371061897835,2.3948797050283948,-9.068866102315614
695720,R,2026,185,-10.240512465363684,8.468486608842866,2.4528675959508277,-7.028872605013251,-25.016164633245577,-0.7476982375479588,-32.11189373637678
695731,L,2026,249,15.703251374219438,-0.7164025955476588,-3.5280115584891303,-2.2005762435765828,-12.128249591876271,5.433773708891911,2.5637850936217035
695734,L,2025,351,2.5957047104727824,8.466961493925304,0.2465404906325705,6.0215529544021855,7.598659588602769,0.6733626313678887,25.6027818694035
695734,L,2026,640,-4.318132087928464,3.047506768745733,9.178810899534989,-1.9879717650520954,-10.648890695060716,-1.0574174730350865,-5.786094352795639
696030,L,2025,175,2.73922405628162,10.595375438017449,4.8794924242533035,-2.106842922408039,-32.7192276807137,-3.9162332179812838,-20.528211902550648
696030,L,2026,227,2.908532008449306,5.723001763414911,-5.39574763715916,-14.502837789250801,-1.6030081598215145,6.242705734021985,-6.627354080345276
696100,R,2024,224,-8.172920428522302,-7.582165534298237,-5.035205575596605,4.377967899609768,4.660680831280561,-1.178512979214647,-12.93015578674146
696100,R,2025,579,-9.261095437275165,-3.266295914887473,3.7309383848547553,8.012095233057538,27.126149290884367,-0.8129393547657815,25.528852201868236
696100,R,2026,550,-11.570308906351334,-9.679000144020218,11.285917478480014,5.893444576227481,17.78019455026592,-0.44480457803401463,13.265442976567853
696285,R,2024,522,-0.19228893786773588,2.5870236300581846,-14.371757211904342,-0.06265314192290902,-0.038308290261309934,4.0026829405436,-8.075301011354512
696285,R,2025,364,1.4633869428140762,4.627171782884706,-14.581483858822502,3.2358960968769876,-16.97654999876079,-0.7415498864262259,-22.973128921433748
696285,R,2026,460,4.819369065690065,1.3750135617911803,-9.771240514027909,1.4964944281467194,4.71376967287093,3.8344928383064527,6.4678990527774385
699013,R,2026,287,13.918458356330321,-21.66248240206939,20.210206538944867,8.765004308366898,13.065347265719499,-16.261651605866476,18.034882461425717
699393,L,2026,201,-1.6093513932625112,5.5294602390685474,-10.135918143375594,-13.418620706513268,4.427530394636817,-5.810200206551066,-21.017099815997074
699912,R,2026,219,-11.778678824571601,2.1087619506075677,-3.689046811135377,-6.645040627586238,11.446054524345488,1.2866407857284705,-7.271309002611686
700242,L,2025,327,-4.8415035292783895,-4.793403431233729,-9.91809166750934,-13.3229686560219,2.6919036259789286,0.5612281839270649,-29.622835474137364
700250,L,2024,178,11.31892253166773,-4.633885425250275,4.719180418394623,7.043944891350949,-24.499026672076493,-9.355945245987108,-15.406809501900577
700250,L,2025,531,9.242058615731619,3.2020123241303775,7.461413625198228,16.742577905594434,-13.685305697308232,1.9259486229087508,24.888705396255176
700250,L,2026,646,5.263338070694985,-2.629722976640918,12.37349956924689,14.626629517523575,-0.5834768948036827,3.5222380905482136,32.572505376569055
700337,L,2025,266,11.498231006862913,1.954474541355347,-19.11080795370756,-4.211287857971752,-9.232152011500533,-1.9480644685412711,-21.04960674350286
700932,L,2024,157,-0.04406411990465635,-4.315877676810418,8.093179443092946,-18.54692119887926,10.340138876768707,-4.468883421991999,-8.942428097724681
700932,L,2025,530,0.8391505718884995,-3.659078754793733,5.465060131848206,1.9998673963894207,9.89105523857052,-0.15048992784634252,14.38556465605657
700932,L,2026,355,1.789265530287319,-9.926794239040522,5.458463868074542,6.414808732984158,-2.673036310184007,-9.60930482125188,-8.54659723913039
701350,L,2025,303,2.7793480674249427,-7.800360020445486,9.692895627201581,10.164457713299116,2.115982078008216,9.00273205422272,25.955055519711085
701350,L,2026,228,3.367774809708793,-8.085940430787335,25.764303690904836,-8.62389844142318,-14.232629382030893,1.655892553833304,-0.1544971997944788
701358,R,2025,495,0.995014738484097,-2.6685354187788324,15.040246329390063,-13.696809578028427,-2.67961618833254,-4.312478204577426,-7.322178321843063
701358,R,2026,547,0.5037627917656995,-6.346309694087266,25.502486100843136,-14.109840267742475,-14.449491493621721,-3.3587089449720207,-12.258101507814647
701398,R,2026,673,1.8150163445518794,-0.11521054837664467,6.384971308465989,8.421327550390718,0.27738673293320687,-5.344100141290923,11.439391246674226
701538,L,2024,593,-5.15389268131453,6.529239687840896,-2.85811008434813,24.655100129869265,-8.670165597591062,6.282182784341561,20.784354238798006
701538,L,2025,484,-6.787614555387801,-2.138743821766498,6.42889194181175,9.003557117658032,1.8394307921501267,3.756332653115871,12.101854127581479
701538,L,2026,648,-8.375302255072677,-0.7403033448263779,15.564847681824538,8.88292083438392,-11.44745840520173,-2.1057528983771707,1.7789516127305085
701675,L,2026,454,-13.844306526335114,10.76905952294287,-8.960345043206134,1.4570017018016896,0.6910928632204077,-3.90636002105766,-13.793857502633937
701678,R,2026,344,2.311578666790658,-5.42782691717651,-9.872942308929826,8.922673104478077,15.209752019202254,-1.9088053554662343,9.234429208898419
701762,L,2025,487,6.389251465550819,-15.54298016950923,37.37494881113293,-2.2688679545136172,19.974114555912738,0.07174682456969482,45.998213533143335
701762,L,2026,426,11.647289297678096,-15.509888378189512,41.81064056896847,-11.155030646913183,4.568034646790801,1.3015233315541592,32.66256881988884
701807,L,2026,630,1.1611163894827474,1.5174968181831185,-4.993085653215441,15.801829024027857,-1.5800665975733876,6.3277912113340316,18.23508119223892
701852,L,2026,159,2.7816478540801968,-5.419682406984611,-5.6727867234946245,10.205243160241828,-23.872963498208712,-9.06302076245258,-31.041562376818504
702176,L,2025,153,-6.653940494852365,-4.978734742001767,-18.615925962945905,-23.752474009569777,6.7118613433008845,10.695616732963686,-36.59359713310524
702222,L,2026,450,-9.032477484822802,9.495233837506877,-11.178763231973846,-1.515634569023832,4.96666073320604,-6.6627371246212,-13.927717839728762
702284,L,2025,256,3.66408154143101,3.5568685662779638,-7.415496221875782,-4.118383413402997,-9.687088160421037,-4.654398487876386,-18.65441617586723
702284,L,2026,621,2.4732731991059076,2.4103430804762245,-9.018746744235381,4.903839591374079,-8.201182100843344,2.9667402958651032,-4.46573267825741
702332,R,2025,507,3.7776074080983664,9.546730215001492,-23.93683263134778,-4.456912523047751,8.000966700726897,15.18780728379875,8.119366453229977
702332,R,2026,572,1.5445222306945066,7.542358768463422,-12.390389116104922,-11.687401736671424,15.730727096696238,5.335139722952978,6.074956966030798
702358,R,2024,211,-6.788978942070384,4.330087415536103,-17.210295706835495,-7.49429982133607,-19.169654267198403,0.06811140082011968,-46.265029921084135
702616,L,2024,208,3.638014680379964,-13.238057213028156,1.9340934842820443,-8.216198837605496,-3.8685160256254902,-7.313206669833353,-27.063870581430486
702616,L,2025,647,7.082420567207708,-2.501944694889903,3.0883400218406067,-6.463308436124861,-7.900822803779569,0.7053756007583957,-5.9899397449876215
702616,L,2026,353,4.9339381582360655,-1.7629407762787896,-5.005348814001467,-3.6726116186131663,-2.52346725300536,-1.218724549189469,-9.249154852852186
703520,L,2026,172,-3.563432951194811,3.2098780145657626,-11.011240867703384,5.457496348875875,17.77541957182675,3.525529661528841,15.39364977789903
703601,L,2026,187,-4.773462923504571,8.683955605474921,1.8461118511486476,1.2911801475840363,-0.7742454790768503,0.30692916223645533,6.5804683638626384
703607,R,2026,449,6.696784347403961,-11.979171859138782,7.556054713261949,-2.193010182484981,3.334724375816355,4.17016969583699,7.585551090695491
800050,L,2026,536,8.275632955245213,4.9850068161543355,0.18413492237385526,-3.4221580073164026,0.4602174542884043,3.07308762296301,13.555921763708415
802139,L,2026,600,9.589213502516987,4.390533016854344,15.851799653188781,-16.318045993082645,-19.638532389845828,8.6771240885675,2.5520918781991364
802415,L,2025,440,0.07058422589625749,12.105620548668448,-26.884241156502203,6.7122980901444596,-3.0843758463772506,6.115509410849835,-4.964604727320451
802415,L,2026,604,0.05674185493651908,9.570925515404273,-25.707912027364948,-9.008247597343086,15.56849817543723,5.72343954860804,-3.7965545303219734
803011,L,2026,535,8.669437319438806,7.426607267229596,6.353333204521027,-12.222258047326271,-4.18829030190944,9.39913557052088,15.4379650124746
804606,R,2026,319,-10.217058789909554,-0.3290447820336584,13.950907540309684,-8.2377709831706,2.1483583646565383,-3.8944989731471265,-6.579107623294721
805249,R,2025,218,-0.5827395565011932,-10.043745923455502,-2.4098459340077834,13.510057105044384,0.5040821931568727,-3.115624721801688,-2.137816837564911
805300,L,2025,234,9.077877916673383,-0.715976998823661,-14.026232984588006,20.02128311199686,0.825858348088507,-0.5896519639346014,14.593157429412479
805300,L,2026,603,12.378027952465025,1.6711755210700425,-7.547596168793589,-8.48726110092741,3.5508673719646544,2.7597252665586316,4.324938842337354
805367,R,2025,505,1.5452314628370567,10.333736863447996,-18.59261487710068,-2.3551487045531108,-2.5404060750161928,1.1822722785221607,-10.426929051862771
805367,R,2026,634,0.040861644270261545,3.621261912636003,-12.010784514615372,6.499680128046715,11.37840088350416,-0.8180134036884728,8.711406650153291
805373,R,2025,210,-4.733982074306892,1.0302877305239866,-13.585076136299643,-2.367618913319685,0.6847613165223787,-4.83389749344809,-23.80552557032795
805779,R,2025,523,-4.0270204237645135,14.249074403944844,-25.907852310855308,3.8323377371855316,21.84810809230205,2.251020593075177,12.24566809188778
805779,R,2026,337,-11.408150679063816,14.322997247696492,-18.125519608913987,2.718808364341036,11.083959268750782,-1.3317156713872493,-2.7396210785767416
805808,L,2026,691,16.60061059575126,6.872451644477995,14.780617502064128,-17.619568598883006,-2.3293206309490837,2.6241637148927355,20.92895422735403
805811,L,2026,447,10.337493799487643,-7.663312880297983,4.045595329728238,17.78636618242261,4.650407044363655,-1.709563255093957,27.44698622061021
805999,L,2026,473,3.327801507513275,-4.153174749742634,-0.44575237480224605,5.43823825432198,-6.674863137111266,1.4399817746345445,-1.067768725186346
806068,L,2026,242,-9.805934417998671,-8.933929862520204,6.531191030081691,-9.987473578551803,2.3532155557516603,-9.120343539943313,-28.963274813180643
806146,R,2026,153,-2.42803953312317,-6.157669338767469,8.70753717989194,-13.592636997635344,-3.974893588950582,8.252732790598333,-9.192969487986288
806198,R,2026,252,3.318402436103067,5.464122613943261,-10.02924797355756,3.0067975222601224,5.550486187576621,-0.3715591748633354,6.939001611462178
807712,R,2025,207,7.41392627198109,4.683744753917498,-16.865275017268836,2.325386597862952,26.123193445498924,11.627685682584223,35.30866173457586
807712,R,2026,601,7.767472723094123,5.197666459025664,-6.20492361844846,-16.570131480390323,10.444652010672659,13.54415159080313,14.178887684756791
807713,R,2025,438,-6.607209495971459,4.972889945437475,-15.5596747501757,8.676700614864451,7.717665705085542,-0.21119893159671563,-1.0108269123564073
807713,R,2026,192,-5.077181416277691,7.588238016940524,-10.001941170669202,-4.741663089249319,8.939432323204036,2.570766545238007,-0.7223487908136407
807799,L,2024,422,-0.9434294213964488,11.406615223291869,-5.182035632606647,-10.265001756895236,8.900980253507528,7.892095016516213,11.809223682417276
807799,L,2025,205,-4.353153230903902,7.5104323487885045,-2.099793700179854,-15.44507196452198,4.556624027625639,13.874335532740895,4.043373013549301
807799,L,2026,296,1.2330906393397214,9.22751703966519,1.4029005643507286,-17.189962687581485,0.5246368770852025,7.420358729270902,2.6185411621302612
808959,L,2026,523,9.768342430287198,-21.12822172796218,29.533513069427507,-2.0307701018696718,1.8044872977169588,-1.5341012060704473,16.413249761529368
808975,L,2025,170,-7.045855174046081,-4.789971883914087,-9.564962654058922,0.4070141321823471,33.66376969119695,-8.329629907288446,4.340364204071762
808982,L,2024,158,-1.3608436790378204,14.966173634418935,-8.03855581192854,-13.508762873524805,-16.412789655134933,14.377333524652602,-9.977444860554563
808982,L,2025,616,5.988799098907765,10.312903234781785,-16.27185234540257,-0.29446241850660326,-1.2887257642275425,5.6310191907439116,4.077680996296746
808982,L,2026,579,-2.7782343859396668,15.273331053334205,-14.680163382774362,-1.878927757154007,-0.8106899809497422,7.850793215608101,2.976108762124525
810938,R,2025,295,-10.280789017565846,10.370135309006065,-11.501187285912124,-4.407404427603024,-2.39553388247416,-3.671524407612741,-21.886303712161826
810938,R,2026,277,-10.870565932148098,11.297185410666371,-12.587825067046124,-3.1990926895869234,-4.26289583018139,-2.4960656668316363,-22.1192597751278
813841,R,2026,153,-1.8852309641959766,-23.25948524200501,1.0867323038261187,12.25057197366042,19.778513781192242,-0.3706553884523374,7.600446464025459
814439,R,2026,282,4.69878782983964,-8.703097910753314,-7.214932561815452,11.516844223865128,2.7976141373412284,-5.856073637371175,-2.760857918893946
