batter,name,side,team,PA,total,decisions,whiffs,inputs,squaring,luck,gap1,gap1_runs,gain1,lever1,ev1,gap2,gain2,lever2,ev2,biggest_decline,decline_runs,regain_half
665966,"Narváez, Carlos",R,zMLB,277,-35.53863245901098,-0.8054964447277891,-9.239692885160729,3.714914693080326,-3.4308613206659295,-1.6698603099460003,WHIFFS,-9.239692885160729,4.619846442580364,whiffs 32% (94th pct): contact work; stance: wider (narrower than typical for his height; model whiffs -0.3 pp per 3 in),coaching + moderate (stance),SQUARING,1.7154306603329648,not squaring the ball up given his swing: timing consistency / contact precision (check health if new),coaching,WHIFFS,-6.727127418214546,3.363563709107273
678662,"Tovar, Ezequiel",R,Rockies,490,-33.99449082420194,-7.976286038736012,1.6803240018108043,3.984469729289941,-3.804715023389333,-3.138262856834166,DECISIONS,-7.976286038736012,3.988143019368006,chases 40% (97th pct): approach / pitch recognition,coaching,SQUARING,1.9023575116946665,not squaring the ball up given his swing: timing consistency / contact precision (check health if new),coaching,SQUARING,-10.113613026531263,5.056806513265632
666969,"García, Adolis",R,Phillies,259,-32.13559016200568,-2.4886718976039948,-7.501420354534304,-0.6629603596388876,3.2662725130861863,-2.3027537170230508,WHIFFS,-7.501420354534304,3.750710177267152,whiffs 31% (93th pct): contact work; stance: wider (narrower than typical for his height; model whiffs -0.3 pp per 3 in),coaching + moderate (stance),DECISIONS,1.2443359488019974,swing/take choices in specific counts and locations,coaching,WHIFFS,-2.5171286652159797,0.0
664728,"Isbel, Kyle",L,Royals,313,-32.11696577339974,-8.90375738687331,2.5980321433943776,-14.666618447424865,0.3875921238342791,-0.1530136943166721,INPUTS,-14.666618447424865,7.333309223712432,"flat swing path (attack angle 2°, league 9°)",coaching,DECISIONS,4.451878693436655,"chases 31% (78th pct): approach / pitch recognition; stance: ~3 in deeper (stands 27 in; model chase -0.5 pp per 3 in, validated on 2026)",coaching + moderate (stance),DECISIONS,-5.22455818977241,2.612279094886205
670770,"Friedl, TJ",L,Reds,272,-31.946930192890463,3.079644726737014,-4.49343532672624,-7.995043883535316,-6.2529748734427315,-1.0054752787120116,INPUTS,-7.995043883535316,3.997521941767658,meets the ball far out front (8 in) with low sweet-spot: stance ~3 in deeper (sweet-spot +1.6 pp per 3 in),moderate (stance),SQUARING,3.1264874367213658,not squaring the ball up given his swing: timing consistency / contact precision (check health if new),coaching,WHIFFS,-5.7286247392095255,2.8643123696047628
543877,"Vázquez, Christian",R,Astros,261,-31.810127482594083,-8.642048856880553,4.64204251214222,-13.27875895366611,-5.405834391011445,1.6566302054718318,INPUTS,-13.27875895366611,6.639379476833055,bat speed 64.8 mph (1th pct): strength / intent,coaching,DECISIONS,4.321024428440277,chases 34% (90th pct): approach / pitch recognition,coaching,SQUARING,-8.90222931812114,4.45111465906057
545121,"Vargas, Ildemaro",L,Diamondbacks,310,-31.62918539621413,-9.946274611873706,14.433846581651617,-12.45997931839308,-5.054255687629833,-1.8632796210662272,INPUTS,-12.45997931839308,6.22998965919654,"bat speed 69.0 mph (20th pct): strength / intent; flat swing path (attack angle 5°, league 9°); meets the ball far out front (16 in) with low sweet-spot: stance ~3 in deeper (sweet-spot +1.6 pp per 3 in)",moderate (stance),DECISIONS,4.973137305936853,"chases 36% (94th pct): approach / pitch recognition; stance: ~3 in deeper (stands 9 in; model chase -0.5 pp per 3 in, validated on 2026)",coaching + moderate (stance),,,0.0
663837,"Vierling, Matt",R,Tigers,292,-31.27359466138353,-5.093115801456451,5.460841521922526,-0.480978875203174,-2.8538215519897445,-3.4033043793838624,DECISIONS,-5.093115801456451,2.5465579007282253,chases 31% (79th pct): approach / pitch recognition,coaching,SQUARING,1.4269107759948723,not squaring the ball up given his swing: timing consistency / contact precision (check health if new),coaching,DECISIONS,-8.30696868874044,4.15348434437022
683083,"Nuñez, Nasim",L,Nationals,336,-30.273466034760094,5.875735833383384,2.0227787236580266,-3.831576643842067,-8.282426736688567,-1.774919682870738,SQUARING,-8.282426736688567,4.1412133683442836,not squaring the ball up given his swing: timing consistency / contact precision (check health if new),coaching,INPUTS,1.9157883219210334,"bat speed 66.9 mph (4th pct): strength / intent; flat swing path (attack angle 5°, league 9°)",coaching,,,0.0
680776,"Duran, Jarren",L,Red Sox,595,-29.29591533340281,-5.286962274860188,-7.850554162464043,9.847832216523212,-2.950586997041679,-5.692384905098728,WHIFFS,-7.850554162464043,3.9252770812320215,whiffs 31% (92th pct): contact work,coaching,DECISIONS,2.643481137430094,chases 31% (80th pct): approach / pitch recognition,coaching,WHIFFS,-5.543716601585835,2.7718583007929176
681351,"O'Hoppe, Logan",R,zMLB,274,-28.094172640942865,-4.551955290749291,-1.9880301407823635,-3.9047696767936446,-3.147701784846344,-0.7146562962302137,DECISIONS,-4.551955290749291,2.2759776453746454,"chases 31% (78th pct): approach / pitch recognition; stance: ~3 in deeper (stands 27 in; model chase -0.5 pp per 3 in, validated on 2026)",coaching + moderate (stance),INPUTS,1.9523848383968223,meets the ball far out front (8 in) with low sweet-spot: stance ~3 in deeper (sweet-spot +1.6 pp per 3 in),moderate (stance),SQUARING,-9.146838177724856,4.573419088862428
682177,"Schneemann, Daniel",L,Guardians,281,-27.497319972811855,2.7674379508310976,-7.287998199514696,4.886034535369251,-1.0737104453277242,-2.3507790747975728,WHIFFS,-7.287998199514696,3.643999099757348,whiffs 30% (87th pct): contact work,coaching,SQUARING,0.5368552226638621,not squaring the ball up given his swing: timing consistency / contact precision (check health if new),coaching,INPUTS,-5.5711597568869555,2.7855798784434778
542303,"Ozuna, Marcell",R,Pirates,280,-24.348040588026556,1.249378735855533,-4.323919814566342,6.847729197733602,-1.87527433689007,-2.2335580700893094,WHIFFS,-4.323919814566342,2.161959907283171,whiffs 28% (82th pct): contact work,coaching,SQUARING,0.937637168445035,not squaring the ball up given his swing: timing consistency / contact precision (check health if new),coaching,SQUARING,-12.847271179936163,6.4236355899680815
669357,"Gorman, Nolan",L,Cardinals,291,-24.014972895198024,0.8926488966964979,-12.642295005683309,8.594351043409455,-3.4663062522289665,-1.1155471581314202,WHIFFS,-12.642295005683309,6.321147502841654,whiffs 36% (98th pct): contact work,coaching,SQUARING,1.7331531261144832,not squaring the ball up given his swing: timing consistency / contact precision (check health if new),coaching,SQUARING,-5.7298843278982154,2.8649421639491077
694208,"Ballesteros, Moisés",L,zMLB,338,-23.54919114050801,-4.073544078890223,0.2752630889096138,0.3160633616930193,-3.8495976797318248,-1.9058930194756163,DECISIONS,-4.073544078890223,2.0367720394451116,chases 31% (81th pct): approach / pitch recognition,coaching,SQUARING,1.9247988398659124,not squaring the ball up given his swing: timing consistency / contact precision (check health if new),coaching,,,0.0
666023,"Fermin, Freddy",R,Padres,259,-22.63702508082973,0.3697651816131574,0.1308841704275348,-2.6847536234075298,-7.277363030698624,-0.4434105958797776,SQUARING,-7.277363030698624,3.638681515349312,not squaring the ball up given his swing: timing consistency / contact precision (check health if new),coaching,INPUTS,1.3423768117037649,bat speed 69.0 mph (21th pct): strength / intent,coaching,WHIFFS,-4.063873028865223,0.0
680574,"McLain, Matt",R,Reds,481,-22.16673438392147,4.833668991714618,-4.179511156231751,3.863117310169045,-1.5239884657235057,-3.7053030575254953,WHIFFS,-4.179511156231751,2.0897555781158754,whiffs 25% (68th pct): contact work; stance: wider (narrower than typical for his height; model whiffs -0.3 pp per 3 in),coaching + moderate (stance),SQUARING,0.7619942328617528,not squaring the ball up given his swing: timing consistency / contact precision (check health if new),coaching,SQUARING,-4.043200450104194,0.0
810938,"Williamson, Ben",R,Rays,277,-22.1192597751278,-7.24880511493199,7.928463903607474,-9.426291785728855,-1.419983594778802,-0.6436906921098455,INPUTS,-9.426291785728855,4.713145892864428,"bat speed 68.4 mph (14th pct): strength / intent; flat swing path (attack angle 2°, league 9°)",coaching,DECISIONS,3.624402557465995,"too passive on pitches down the middle (swings at 55%, 0th pct): attack hittable pitches",coaching,,,0.0
669236,"Jackson, Jeremiah",R,Orioles,277,-22.04381945893392,-0.616420363805514,-2.334455971131991,4.49245083111799,-2.4350021041569647,-1.6316145670039577,SQUARING,-2.4350021041569647,1.2175010520784824,not squaring the ball up given his swing: timing consistency / contact precision (check health if new),coaching,WHIFFS,1.1672279855659955,whiffs 25% (66th pct): contact work,coaching,,,0.0
680779,"Davis, Henry",R,Pirates,292,-22.041506662338772,3.642770263014276,1.0164139933841398,5.755160476391703,-9.689857302549486,-1.102864247594871,SQUARING,-9.689857302549486,4.844928651274743,not squaring the ball up given his swing: timing consistency / contact precision (check health if new),coaching,,0.0,,,,,0.0
666139,"Lowe, Josh",L,Angels,325,-21.28774522846199,-2.4561153835234433,-1.8988730234264937,12.945758268869213,-3.223199360973753,-1.9436200622128244,SQUARING,-3.223199360973753,1.6115996804868764,not squaring the ball up given his swing: timing consistency / contact precision (check health if new),coaching,DECISIONS,1.2280576917617216,"chases 32% (84th pct): approach / pitch recognition; stance: ~3 in deeper (stands 25 in; model chase -0.5 pp per 3 in, validated on 2026)",coaching + moderate (stance),SQUARING,-3.5659713738878116,0.0
662139,"Varsho, Daulton",L,zMLB,525,-21.01986799363029,-6.052563947629928,3.4451349236904396,10.530769199492308,-12.68012327230529,-0.4892282974796365,SQUARING,-12.68012327230529,6.340061636152645,not squaring the ball up given his swing: timing consistency / contact precision (check health if new),coaching,DECISIONS,3.026281973814964,"chases 32% (85th pct): approach / pitch recognition; stance: ~3 in deeper (stands 28 in; model chase -0.5 pp per 3 in, validated on 2026)",coaching + moderate (stance),DECISIONS,-8.937698812365806,4.468849406182903
663586,"Riley, Austin",R,Braves,609,-20.93828662782049,-3.9102078625252576,-7.732239731920462,7.042852881813722,0.7338973010425975,-2.6498480938530555,WHIFFS,-7.732239731920462,3.866119865960231,whiffs 29% (84th pct): contact work; stance: wider (narrower than typical for his height; model whiffs -0.3 pp per 3 in),coaching + moderate (stance),DECISIONS,1.9551039312626288,swing/take choices in specific counts and locations,coaching,SQUARING,-5.882716811057539,2.9413584055287694
666152,"Hamilton, David",L,Brewers,370,-20.48731483965723,-0.7613808247816004,1.518019547581212,-4.220738916635782,-4.3313728511373935,0.1822738523107011,SQUARING,-4.3313728511373935,2.1656864255686967,not squaring the ball up given his swing: timing consistency / contact precision (check health if new),coaching,INPUTS,2.110369458317891,"bat speed 68.7 mph (17th pct): strength / intent; flat swing path (attack angle 6°, league 9°)",coaching,SQUARING,-7.4690210355703,3.73451051778515
521692,"Perez, Salvador",R,Royals,607,-20.374914786464185,-16.26769336241428,5.270375667744,3.9270904767394295,1.0563748020346484,-3.383540270833469,DECISIONS,-16.26769336241428,8.13384668120714,chases 41% (99th pct): approach / pitch recognition,coaching,,0.0,,,SQUARING,-13.609404775880934,6.804702387940467
645277,"Albies, Ozzie",L,Braves,407,-20.02584581565953,-1.6477111939943514,4.981001775064136,-5.166127687418863,-8.812854583135275,1.050293111688909,SQUARING,-8.812854583135275,4.4064272915676375,not squaring the ball up given his swing: timing consistency / contact precision (check health if new),coaching,INPUTS,2.5830638437094313,bat speed 67.5 mph (7th pct): strength / intent,coaching,SQUARING,-2.095819886619183,0.0
656716,"McKinstry, Zach",L,Tigers,417,-19.423673599967913,2.082967614431188,6.203795880816119,-4.114375169535007,-9.950235987245238,-0.932778382845023,SQUARING,-9.950235987245238,4.975117993622619,not squaring the ball up given his swing: timing consistency / contact precision (check health if new),coaching,INPUTS,2.0571875847675036,bat speed 67.1 mph (5th pct): strength / intent,coaching,SQUARING,-11.194897441629498,5.597448720814749
672275,"Bailey, Patrick",L,zMLB,275,-19.0033937729561,-3.027697949713246,-0.1499230695880502,8.903147623546792,-2.4725963849955783,-2.8920479604331537,DECISIONS,-3.027697949713246,1.513848974856623,chases 30% (74th pct): approach / pitch recognition,coaching,SQUARING,1.2362981924977892,not squaring the ball up given his swing: timing consistency / contact precision (check health if new),coaching,DECISIONS,-4.403222218083187,0.0
663728,"Raleigh, Cal",L,Mariners,325,-18.831730612843316,-3.150874073685853,-3.960312642089586,11.573540094617126,-1.05246199363618,-1.85168075572854,WHIFFS,-3.960312642089586,1.980156321044793,whiffs 28% (81th pct): contact work,coaching,DECISIONS,1.5754370368429265,chases 31% (80th pct): approach / pitch recognition,coaching,SQUARING,-8.343240049305019,4.171620024652509
670032,"Lopez, Nicky",L,zMLB,260,-18.557756495631615,1.544078193379803,4.501724324514315,-12.696321536599177,-2.6025339558186187,0.6955553712049525,INPUTS,-12.696321536599177,6.348160768299588,bat speed 65.4 mph (2th pct): strength / intent; meets the ball far out front (8 in) with low sweet-spot: stance ~3 in deeper (sweet-spot +1.6 pp per 3 in),moderate (stance),SQUARING,1.3012669779093093,not squaring the ball up given his swing: timing consistency / contact precision (check health if new),coaching,DECISIONS,-0.09925379062894901,0.0
656775,"Mullins, Cedric",L,Rays,486,-18.514901066713996,0.4136949218362938,1.5597535912995173,-3.437387992638233,-11.477622532506755,1.1038745018339329,SQUARING,-11.477622532506755,5.738811266253378,not squaring the ball up given his swing: timing consistency / contact precision (check health if new),coaching,INPUTS,1.7186939963191166,power inputs below average on the pitches he gets (swing + pitch mix),coaching,SQUARING,-6.2689964607170525,3.1344982303585263
669224,"Wells, Austin",L,Yankees,381,-18.019152033850204,2.7912686490775926,-4.971555473754309,9.370377966571814,-7.447448130061209,-0.9843726436877248,SQUARING,-7.447448130061209,3.7237240650306047,not squaring the ball up given his swing: timing consistency / contact precision (check health if new),coaching,WHIFFS,2.4857777368771545,whiffs 26% (68th pct): contact work,coaching,SQUARING,-4.09247520599277,0.0
676391,"Clement, Ernie",R,Blue Jays,605,-17.817172356768832,-10.069798772062494,9.032310164874632,-17.666578245312554,-7.918552560985596,3.230496232203045,INPUTS,-17.666578245312554,8.833289122656277,bat speed 66.6 mph (4th pct): strength / intent; meets the ball far out front (10 in) with low sweet-spot: stance ~3 in deeper (sweet-spot +1.6 pp per 3 in),moderate (stance),DECISIONS,5.034899386031247,"chases 42% (99th pct): approach / pitch recognition; stance: ~3 in deeper (stands 23 in; model chase -0.5 pp per 3 in, validated on 2026)",coaching + moderate (stance),SQUARING,-6.821331594759911,3.4106657973799557
592663,"Realmuto, J.T.",R,Phillies,451,-17.424788583289423,-3.0222291810772672,0.2931220563987914,9.91554930240261,-4.396105826648117,-3.4141269582402547,SQUARING,-4.396105826648117,2.1980529133240587,not squaring the ball up given his swing: timing consistency / contact precision (check health if new),coaching,DECISIONS,1.5111145905386336,"too passive on pitches down the middle (swings at 70%, 27th pct): attack hittable pitches",coaching,SQUARING,-4.322336408982066,0.0
641857,"McMahon, Ryan",L,Yankees,352,-17.346524591598182,3.1646024476852626,-6.218523721063748,19.503157254905386,-7.865409002851592,-1.8746081971234096,SQUARING,-7.865409002851592,3.932704501425796,not squaring the ball up given his swing: timing consistency / contact precision (check health if new),coaching,WHIFFS,3.109261860531874,whiffs 27% (78th pct): contact work,coaching,SQUARING,-9.19619178588824,4.59809589294412
543760,"Semien, Marcus",R,Mets,534,-16.816167241860406,6.624620459293174,0.883272689714935,-5.9893627237881635,-3.7093495757048376,-2.6340764476082756,INPUTS,-5.9893627237881635,2.9946813618940817,bat speed 67.9 mph (10th pct): strength / intent,coaching,SQUARING,1.8546747878524188,not squaring the ball up given his swing: timing consistency / contact precision (check health if new),coaching,SQUARING,-5.557863867136258,2.778931933568129
596115,"Story, Trevor",R,Red Sox,251,-16.782997066800956,-12.71668789562045,-2.4608913927414515,-4.619940364935932,1.6563772212490409,1.5543160356921764,DECISIONS,-12.71668789562045,6.358343947810225,"chases 42% (99th pct): approach / pitch recognition; stance: ~3 in deeper (stands 25 in; model chase -0.5 pp per 3 in, validated on 2026)",coaching + moderate (stance),INPUTS,2.309970182467966,meets the ball far out front (10 in) with low sweet-spot: stance ~3 in deeper (sweet-spot +1.6 pp per 3 in),moderate (stance),DECISIONS,-6.650407096969627,3.3252035484848137
668904,"Lewis, Royce",R,Twins,492,-16.78138305587466,-3.4943878138637947,-3.5046286888501736,8.364535028820816,-3.038914000698453,-1.9239112040274864,WHIFFS,-3.5046286888501736,1.7523143444250868,whiffs 31% (90th pct): contact work,coaching,DECISIONS,1.7471939069318974,"chases 30% (75th pct): approach / pitch recognition; stance: ~3 in deeper (stands 25 in; model chase -0.5 pp per 3 in, validated on 2026)",coaching + moderate (stance),WHIFFS,-4.186421029794207,0.0
647304,"Naylor, Josh",L,Mariners,627,-16.153515748520867,-7.753801682505056,6.369258642372749,-15.888481467236804,4.138506572705578,-3.344383239444231,INPUTS,-15.888481467236804,7.944240733618402,bat speed 69.2 mph (23th pct): strength / intent,coaching,DECISIONS,3.876900841252528,"chases 35% (92th pct): approach / pitch recognition; stance: ~3 in deeper (stands 27 in; model chase -0.5 pp per 3 in, validated on 2026)",coaching + moderate (stance),INPUTS,-5.099974071258032,2.549987035629016
694497,"Carter, Evan",L,Rangers,442,-16.068980404743044,10.121020241836051,-4.859322248919216,-4.8448561189586945,-4.4520920118052185,-1.0987004853969522,WHIFFS,-4.859322248919216,2.429661124459608,whiffs 26% (71th pct): contact work; stance: wider (narrower than typical for his height; model whiffs -0.3 pp per 3 in),coaching + moderate (stance),INPUTS,2.4224280594793473,meets the ball far out front (7 in) with low sweet-spot: stance ~3 in deeper (sweet-spot +1.6 pp per 3 in),moderate (stance),,,0.0
672724,"Peraza, Oswald",R,Angels,366,-15.73361799214621,-7.090100611215354,-2.504652322629212,-5.483463675829815,1.6013596839225956,1.163314000647065,DECISIONS,-7.090100611215354,3.545050305607677,chases 34% (88th pct): approach / pitch recognition,coaching,INPUTS,2.7417318379149074,"flat swing path (attack angle 5°, league 9°)",coaching,,,0.0
608070,"Ramírez, José",L,Guardians,365,-15.30541384971687,2.2789103264443566,8.071671876884107,-13.046872519255098,0.3746246290073257,-2.190493785133691,INPUTS,-13.046872519255098,6.523436259627549,bat speed 68.3 mph (13th pct): strength / intent,coaching,,0.0,,,WHIFFS,-4.854746383456725,0.0
686217,"Frelick, Sal",L,Brewers,370,-15.090998540732947,1.6310653978009952,9.176909927418103,-15.44235911437442,-5.823702380165253,-0.4449377923797541,INPUTS,-15.44235911437442,7.72117955718721,"bat speed 67.5 mph (7th pct): strength / intent; flat swing path (attack angle 5°, league 9°)",coaching,SQUARING,2.9118511900826265,not squaring the ball up given his swing: timing consistency / contact precision (check health if new),coaching,SQUARING,-3.8581163928110764,0.0
694203,"Guzman, Denzer",R,Angels,287,-14.915231861116304,3.604184278437065,-3.3683557234376997,1.4018751839547203,-5.131039042321804,0.1895866349383303,SQUARING,-5.131039042321804,2.565519521160902,not squaring the ball up given his swing: timing consistency / contact precision (check health if new),coaching,WHIFFS,1.6841778617188499,whiffs 24% (59th pct): contact work; stance: wider (narrower than typical for his height; model whiffs -0.3 pp per 3 in),coaching + moderate (stance),,,0.0
665926,"Giménez, Andrés",L,Blue Jays,495,-14.6051335309709,-6.439448158168655,4.7216166592176805,-11.586308474288792,-1.4373155078621882,0.4529654467612776,INPUTS,-11.586308474288792,5.793154237144396,bat speed 67.4 mph (6th pct): strength / intent,coaching,DECISIONS,3.2197240790843273,"chases 39% (96th pct): approach / pitch recognition; stance: ~3 in deeper (stands 26 in; model chase -0.5 pp per 3 in, validated on 2026)",coaching + moderate (stance),DECISIONS,-2.8135820265641387,0.0
702222,"Crawford, Justin",L,Phillies,450,-13.927717839728764,-6.9079222061458605,7.526681915986649,-8.487116292635498,-1.3687808419364644,1.1133481957139684,INPUTS,-8.487116292635498,4.243558146317749,"bat speed 68.4 mph (14th pct): strength / intent; flat swing path (attack angle 3°, league 9°)",coaching,DECISIONS,3.4539611030729302,"chases 34% (90th pct): approach / pitch recognition; stance: ~3 in deeper (stands 26 in; model chase -0.5 pp per 3 in, validated on 2026)",coaching + moderate (stance),,,0.0
701675,"Church, Nathan",L,Cardinals,454,-13.793857502633935,-10.609934563350093,8.552039277733659,-8.691964883471703,1.2026627118800126,0.1559846130911777,DECISIONS,-10.609934563350093,5.304967281675046,chases 38% (95th pct): approach / pitch recognition,coaching,INPUTS,4.345982441735852,"bat speed 68.7 mph (18th pct): strength / intent; flat swing path (attack angle 5°, league 9°)",coaching,,,0.0
668952,"Kreidler, Ryan",R,Twins,263,-13.604385709031265,3.4850694619721754,-3.592680108554502,12.623686909759488,-8.600530970879134,-0.4749470717830197,SQUARING,-8.600530970879134,4.300265485439567,not squaring the ball up given his swing: timing consistency / contact precision (check health if new),coaching,WHIFFS,1.796340054277251,whiffs 29% (84th pct): contact work; stance: wider (narrower than typical for his height; model whiffs -0.3 pp per 3 in),coaching + moderate (stance),,,0.0
669707,"Triolo, Jared",R,Pirates,355,-12.978560900184544,5.675783414356607,0.6223919912046073,-6.126291100349263,-5.12225083573959,-0.5920545697419974,INPUTS,-6.126291100349263,3.0631455501746316,"bat speed 69.9 mph (30th pct): strength / intent; flat swing path (attack angle 7°, league 9°)",coaching,SQUARING,2.561125417869795,not squaring the ball up given his swing: timing consistency / contact precision (check health if new),coaching,INPUTS,-4.709749896695756,0.0
630105,"Cronenworth, Jake",L,Padres,409,-12.556681780509924,0.8464304565562712,1.1366324133325247,-2.705525439079246,-6.908741262169977,1.5474814425214594,SQUARING,-6.908741262169977,3.4543706310849887,not squaring the ball up given his swing: timing consistency / contact precision (check health if new),coaching,INPUTS,1.352762719539623,power inputs below average on the pitches he gets (swing + pitch mix),coaching,SQUARING,-6.042158891992554,3.021079445996277
701358,"Smith, Cam",R,Astros,547,-12.258101507814647,0.4020406022274325,-5.22259758194723,21.824258215402445,-6.907965497917247,-3.755779390600418,SQUARING,-6.907965497917247,3.4539827489586234,not squaring the ball up given his swing: timing consistency / contact precision (check health if new),coaching,WHIFFS,2.611298790973615,whiffs 27% (74th pct): contact work,coaching,WHIFFS,-3.0666695740669545,0.0
678391,"Vivas, Jorbit",L,Nationals,361,-11.96274344513668,6.711220895657199,3.862028211013401,-10.498680216583464,-7.393922673277481,0.94085081344082,INPUTS,-10.498680216583464,5.249340108291732,"bat speed 68.5 mph (15th pct): strength / intent; flat swing path (attack angle 5°, league 9°)",coaching,SQUARING,3.6969613366387404,not squaring the ball up given his swing: timing consistency / contact precision (check health if new),coaching,,,0.0
668901,"Vientos, Mark",R,Mets,283,-11.788181888692929,-1.698149750844231,-6.708144185792856,8.93046808901201,-0.9153906473719584,-1.56231951822762,WHIFFS,-6.708144185792856,3.354072092896428,whiffs 30% (88th pct): contact work,coaching,DECISIONS,0.8490748754221155,"chases 31% (79th pct): approach / pitch recognition; stance: ~3 in deeper (stands 27 in; model chase -0.5 pp per 3 in, validated on 2026)",coaching + moderate (stance),SQUARING,-7.835786262821569,3.9178931314107843
641933,"O'Neill, Tyler",R,Orioles,260,-11.751956386910082,5.396048454821489,-4.18092530366927,0.5689162641911479,0.5853202174583751,-1.1571189251379628,WHIFFS,-4.18092530366927,2.090462651834635,whiffs 28% (80th pct): contact work; stance: wider (narrower than typical for his height; model whiffs -0.3 pp per 3 in),coaching + moderate (stance),,0.0,,,SQUARING,-9.15184944016681,4.575924720083405
666211,"Trammell, Taylor",L,Astros,277,-11.72742365452575,4.230409441179406,-12.002790038893306,19.443234554231584,-9.009605353825425,0.1950272744476506,WHIFFS,-12.002790038893306,6.001395019446653,whiffs 36% (99th pct): contact work,coaching,SQUARING,4.504802676912712,not squaring the ball up given his swing: timing consistency / contact precision (check health if new),coaching,,,0.0
670764,"Walls, Taylor",L,Rays,266,-11.398009364246557,6.779177323146463,-2.699922056063499,-0.3364050853039362,-6.063140049570267,1.1432561359859763,SQUARING,-6.063140049570267,3.0315700247851334,not squaring the ball up given his swing: timing consistency / contact precision (check health if new),coaching,WHIFFS,1.3499610280317496,whiffs 23% (53th pct): contact work; stance: wider (narrower than typical for his height; model whiffs -0.3 pp per 3 in),coaching + moderate (stance),,,0.0
606466,"Marte, Ketel",L,Diamondbacks,449,-10.578427297464776,1.1547092536647798,4.499969919710637,5.216570475551167,-4.201451125666704,-3.6945755851116138,SQUARING,-4.201451125666704,2.100725562833352,not squaring the ball up given his swing: timing consistency / contact precision (check health if new),coaching,,0.0,,,SQUARING,-8.217307667974426,4.108653833987213
663743,"Fortes, Nick",R,Rays,313,-10.301745754571051,-6.534265824449392,4.28326988379169,-8.146814022287547,-6.291584081350405,2.0322475665956743,INPUTS,-8.146814022287547,4.0734070111437735,"flat swing path (attack angle 3°, league 9°)",coaching,DECISIONS,3.267132912224696,chases 32% (85th pct): approach / pitch recognition,coaching,DECISIONS,-4.467258007155794,0.0
624585,"Soler, Jorge",R,Angels,362,-10.288300996747529,-1.794548771275844,-9.399966345190846,12.067788211343698,-3.701069616127085,0.9780525560587968,WHIFFS,-9.399966345190846,4.699983172595423,whiffs 34% (97th pct): contact work,coaching,SQUARING,1.8505348080635424,not squaring the ball up given his swing: timing consistency / contact precision (check health if new),coaching,WHIFFS,-6.677763626475268,3.338881813237634
691026,"Winn, Masyn",R,Cardinals,520,-10.223085043956043,3.8988970723209544,-0.7359570903859357,-7.228245518801069,-0.972232496965572,-1.5199078030632711,INPUTS,-7.228245518801069,3.6141227594005345,"flat swing path (attack angle 5°, league 9°)",coaching,,0.0,,,WHIFFS,-8.641735589920772,4.320867794960386
620443,"Torrens, Luis",R,Mets,274,-10.162089787562728,-0.9339271334670348,3.689981093590117,-1.3531004423093036,-2.56294623464638,0.648354330129804,SQUARING,-2.56294623464638,1.28147311732319,not squaring the ball up given his swing: timing consistency / contact precision (check health if new),coaching,INPUTS,0.6765502211546518,bat speed 69.4 mph (25th pct): strength / intent,coaching,,,0.0
657757,"Sheets, Gavin",L,Padres,414,-10.000963129835814,-5.984919501134326,7.008622867596581,3.1945114221982704,-2.466568376794633,-1.000600158044319,DECISIONS,-5.984919501134326,2.992459750567163,chases 28% (68th pct): approach / pitch recognition,coaching,SQUARING,1.2332841883973165,not squaring the ball up given his swing: timing consistency / contact precision (check health if new),coaching,SQUARING,-6.948938961560049,3.4744694807800247
642086,"Smith, Dominic",L,Braves,292,-9.923812189836276,3.4225518825949823,4.007379565659206,-14.65821491874149,-0.3883050276483636,-0.1880116580983762,INPUTS,-14.65821491874149,7.329107459370745,bat speed 68.1 mph (12th pct): strength / intent,coaching,,0.0,,,INPUTS,-13.981769845803202,6.990884922901601
691781,"House, Brady",R,Nationals,340,-9.87410309533838,-1.5933389832435596,-4.97538023827091,6.820965613524718,1.9583623712578695,-2.579485710232101,WHIFFS,-4.97538023827091,2.487690119135455,whiffs 27% (77th pct): contact work,coaching,DECISIONS,0.7966694916217798,"chases 30% (75th pct): approach / pitch recognition; stance: ~3 in deeper (stands 25 in; model chase -0.5 pp per 3 in, validated on 2026)",coaching + moderate (stance),,,0.0
666182,"Bichette, Bo",R,Mets,672,-9.722682278251984,-10.670335946261716,9.04668010531934,-14.661939876347656,12.544672255699926,-4.2012490533096445,INPUTS,-14.661939876347656,7.330969938173828,"bat speed 68.8 mph (18th pct): strength / intent; flat swing path (attack angle 2°, league 9°)",coaching,DECISIONS,5.335167973130858,"chases 37% (95th pct): approach / pitch recognition; stance: ~3 in deeper (stands 28 in; model chase -0.5 pp per 3 in, validated on 2026)",coaching + moderate (stance),DECISIONS,-5.581379481730096,2.790689740865048
607208,"Turner, Trea",R,Phillies,676,-9.647095193089974,-3.770569663313806,-0.8513047881695861,-6.295730403731263,-1.6791781771527228,0.4060769666328516,INPUTS,-6.295730403731263,3.1478652018656317,power inputs below average on the pitches he gets (swing + pitch mix),coaching,DECISIONS,1.885284831656903,"chases 29% (73th pct): approach / pitch recognition; stance: ~3 in deeper (stands 27 in; model chase -0.5 pp per 3 in, validated on 2026)",coaching + moderate (stance),WHIFFS,-4.48124797672253,0.0
666176,"Adell, Jo",R,zMLB,638,-9.416923238093242,-5.941033508783859,0.0887197327769106,24.140880793058965,-6.728597264984244,-3.9436164067950927,SQUARING,-6.728597264984244,3.364298632492122,not squaring the ball up given his swing: timing consistency / contact precision (check health if new),coaching,DECISIONS,2.9705167543919293,"chases 31% (81th pct): approach / pitch recognition; stance: ~3 in deeper (stands 26 in; model chase -0.5 pp per 3 in, validated on 2026)",coaching + moderate (stance),SQUARING,-7.4254784821039115,3.7127392410519557
656555,"Hoskins, Rhys",R,Guardians,319,-9.323105283341,5.542130206300859,-10.896108763946504,-2.0934357022849057,-1.430664471094325,0.8549193911124559,WHIFFS,-10.896108763946504,5.448054381973252,whiffs 30% (88th pct): contact work; stance: wider (narrower than typical for his height; model whiffs -0.3 pp per 3 in),coaching + moderate (stance),INPUTS,1.0467178511424529,power inputs below average on the pitches he gets (swing + pitch mix),coaching,WHIFFS,-7.6766268936612025,3.8383134468306013
643446,"McNeil, Jeff",L,Athletics,498,-9.251432516308816,1.7940338571486012,8.39725307879663,-14.129473526368814,-2.663163490921588,-0.7120937755548229,INPUTS,-14.129473526368814,7.064736763184407,"bat speed 68.0 mph (12th pct): strength / intent; flat swing path (attack angle 6°, league 9°)",coaching,SQUARING,1.331581745460794,not squaring the ball up given his swing: timing consistency / contact precision (check health if new),coaching,DECISIONS,-3.558639411698684,0.0
702616,"Holliday, Jackson",L,Orioles,353,-9.249154852852186,3.544329537261186,-1.3221276581754675,-3.4895513312228714,-1.8616030739425833,-0.4662677486701369,INPUTS,-3.4895513312228714,1.7447756656114357,bat speed 69.9 mph (29th pct): strength / intent,coaching,SQUARING,0.9308015369712916,not squaring the ball up given his swing: timing consistency / contact precision (check health if new),coaching,INPUTS,-6.0488932751757,3.02444663758785
664702,"Straw, Myles",R,Blue Jays,318,-9.131985629693933,3.739462887556409,4.795934608907038,-12.764078134380158,-2.2407704202297114,-0.5424117781129857,INPUTS,-12.764078134380158,6.382039067190079,"bat speed 68.0 mph (11th pct): strength / intent; flat swing path (attack angle 7°, league 9°)",coaching,SQUARING,1.1203852101148557,not squaring the ball up given his swing: timing consistency / contact precision (check health if new),coaching,,,0.0
655316,"Monasterio, Andruw",R,Red Sox,333,-9.105390942705675,5.764108152477135,4.689835795129652,-4.224509431948224,-4.327369305304779,-0.2253334421156644,SQUARING,-4.327369305304779,2.1636846526523894,not squaring the ball up given his swing: timing consistency / contact precision (check health if new),coaching,INPUTS,2.112254715974112,bat speed 68.9 mph (19th pct): strength / intent,coaching,,,0.0
700932,"Manzardo, Kyle",L,Guardians,355,-8.54659723913039,1.28737431171525,-7.455158983833814,6.320761999627425,1.7891112981672084,-0.4961829045194473,WHIFFS,-7.455158983833814,3.727579491916907,whiffs 29% (84th pct): contact work,coaching,,0.0,,,WHIFFS,-4.460981916501663,0.0
672580,"Garcia, Maikel",R,Royals,331,-8.46379111590426,2.595586143899318,3.327774839507864,-8.503986232240011,-1.458145352529273,-1.2458005233884035,INPUTS,-8.503986232240011,4.251993116120006,"flat swing path (attack angle 3°, league 9°)",coaching,SQUARING,0.7290726762646365,not squaring the ball up given his swing: timing consistency / contact precision (check health if new),coaching,WHIFFS,-2.716308222061791,0.0
681297,"Cowser, Colton",L,Orioles,381,-8.444800526313097,-3.592217680397402,-3.975211952242786,23.529107956707,-4.485126715834926,-1.699260718094895,SQUARING,-4.485126715834926,2.242563357917463,not squaring the ball up given his swing: timing consistency / contact precision (check health if new),coaching,WHIFFS,1.987605976121393,whiffs 31% (91th pct): contact work; stance: wider (narrower than typical for his height; model whiffs -0.3 pp per 3 in),coaching + moderate (stance),SQUARING,-4.24092671913439,0.0
660821,"Sánchez, Jesús",L,zMLB,311,-8.322616513942679,-5.773821476194742,0.5905012393557325,-1.4316012072999396,3.115597300307901,-1.4223617868824898,DECISIONS,-5.773821476194742,2.886910738097371,"chases 33% (86th pct): approach / pitch recognition; stance: ~3 in deeper (stands 27 in; model chase -0.5 pp per 3 in, validated on 2026)",coaching + moderate (stance),INPUTS,0.7158006036499698,"flat swing path (attack angle 6°, league 9°); meets the ball far out front (6 in) with low sweet-spot: stance ~3 in deeper (sweet-spot +1.6 pp per 3 in)",moderate (stance),INPUTS,-12.01924038032636,6.00962019016318
665489,"Guerrero Jr., Vladimir",R,Blue Jays,592,-8.079427585516207,1.8388425033561204,4.0798918900772865,-2.2537149340407256,-1.9303473402700373,-4.2864901573297,INPUTS,-2.2537149340407256,1.1268574670203628,"flat swing path (attack angle 1°, league 9°)",coaching,SQUARING,0.9651736701350186,not squaring the ball up given his swing: timing consistency / contact precision (check health if new),coaching,SQUARING,-15.356240572788003,7.678120286394002
694212,"Basallo, Samuel",L,Orioles,396,-7.94055832945704,-11.8051699812875,-2.0398162550478967,9.250721929045708,2.657865555595475,-1.2722476520894432,DECISIONS,-11.8051699812875,5.90258499064375,chases 37% (95th pct): approach / pitch recognition,coaching,WHIFFS,1.0199081275239483,whiffs 29% (83th pct): contact work,coaching,,,0.0
592885,"Yelich, Christian",L,Brewers,484,-7.916079846289592,3.94397660055973,-8.188354697106403,6.991052011971894,-2.332333968903161,-1.5211445040039224,WHIFFS,-8.188354697106403,4.094177348553202,whiffs 28% (79th pct): contact work,coaching,SQUARING,1.1661669844515805,not squaring the ball up given his swing: timing consistency / contact precision (check health if new),coaching,WHIFFS,-7.603963469092555,3.8019817345462776
682657,"Martínez, Angel",L,Guardians,257,-7.839333608498414,-12.148007858408484,5.5898780653942035,-0.2508797739723487,-0.9285544630345552,1.352372158524513,DECISIONS,-12.148007858408484,6.074003929204242,chases 40% (97th pct): approach / pitch recognition,coaching,,0.0,,,DECISIONS,0.801959344974108,0.0
677594,"Rodríguez, Julio",R,Mariners,633,-7.144031630979973,-10.180350516185982,2.4295350946000807,6.495809145491351,6.374621025161897,-4.481584498226749,DECISIONS,-10.180350516185982,5.090175258092991,"chases 35% (92th pct): approach / pitch recognition; stance: ~3 in deeper (stands 21 in; model chase -0.5 pp per 3 in, validated on 2026)",coaching + moderate (stance),,0.0,,,DECISIONS,-4.723495650006536,0.0
804606,"Griffin, Konnor",R,Pirates,319,-6.579107623294719,-7.125597985470368,-0.2403632466760424,9.82041445330362,-2.4383575132609208,0.3652237938009119,DECISIONS,-7.125597985470368,3.562798992735184,chases 34% (90th pct): approach / pitch recognition,coaching,SQUARING,1.2191787566304604,not squaring the ball up given his swing: timing consistency / contact precision (check health if new),coaching,,,0.0
671218,"Ramos, Heliot",R,zMLB,423,-6.448707190847686,-0.0130139104051354,-6.241659756827203,4.680724793603973,6.340765157331935,-2.5279935887746525,WHIFFS,-6.241659756827203,3.1208298784136015,whiffs 26% (70th pct): contact work,coaching,,0.0,,,WHIFFS,-2.9095473088992887,0.0
593428,"Bogaerts, Xander",R,Padres,592,-6.3898916618847865,9.494488899490351,0.0776328620865424,-2.294230089312125,-2.571668687747567,-3.0297111342916976,SQUARING,-2.571668687747567,1.2858343438737836,not squaring the ball up given his swing: timing consistency / contact precision (check health if new),coaching,INPUTS,1.1471150446560625,meets the ball far out front (9 in) with low sweet-spot: stance ~3 in deeper (sweet-spot +1.6 pp per 3 in),moderate (stance),WHIFFS,-4.63537247613281,0.0
668885,"Martin, Austin",R,Twins,354,-6.314536003395567,11.7264806426363,-1.641745279404392,-3.3380839640219397,-7.966991400278883,-0.8393240857955503,SQUARING,-7.966991400278883,3.9834957001394415,not squaring the ball up given his swing: timing consistency / contact precision (check health if new),coaching,INPUTS,1.6690419820109699,bat speed 68.6 mph (16th pct): strength / intent,coaching,,,0.0
695657,"Montgomery, Colson",L,White Sox,616,-6.19887035818508,-5.173017402217854,-14.461833286896196,17.8288301344953,-4.066268199813232,1.881580347679085,WHIFFS,-14.461833286896196,7.230916643448098,whiffs 34% (97th pct): contact work; stance: wider (narrower than typical for his height; model whiffs -0.3 pp per 3 in),coaching + moderate (stance),DECISIONS,2.586508701108927,swing/take choices in specific counts and locations,coaching,,,0.0
682626,"Alvarez, Francisco",R,Mets,407,-6.111405973100413,-3.209918790647356,-6.303466037394637,10.507122463598993,3.5159253641831705,-1.8534397644676328,WHIFFS,-6.303466037394637,3.1517330186973185,whiffs 32% (94th pct): contact work,coaching,DECISIONS,1.604959395323678,"chases 28% (68th pct): approach / pitch recognition; stance: ~3 in deeper (stands 26 in; model chase -0.5 pp per 3 in, validated on 2026)",coaching + moderate (stance),WHIFFS,-5.1566853112654,2.5783426556327
670042,"Raley, Luke",L,Mariners,286,-6.099400282318983,-2.5678191201649376,-13.913207712164802,19.70870083349431,3.2065712475194044,-3.267237725921542,WHIFFS,-13.913207712164802,6.956603856082401,whiffs 39% (99th pct): contact work,coaching,DECISIONS,1.2839095600824688,chases 31% (78th pct): approach / pitch recognition,coaching,DECISIONS,-5.120635170837392,2.560317585418696
669394,"Burger, Jake",R,Rangers,600,-5.880720305317866,-4.896458553544923,-5.060503077361118,3.974659889989243,3.607627073743391,-1.161535865733627,WHIFFS,-5.060503077361118,2.530251538680559,whiffs 33% (95th pct): contact work,coaching,DECISIONS,2.4482292767724614,"chases 33% (87th pct): approach / pitch recognition; stance: ~3 in deeper (stands 22 in; model chase -0.5 pp per 3 in, validated on 2026)",coaching + moderate (stance),SQUARING,-6.178221615366642,3.089110807683321
695734,"Lile, Daylen",L,Nationals,640,-5.786094352795639,-3.550369869940039,2.574130565055041,7.779820913548456,-0.8077487976682283,-3.101445745422807,DECISIONS,-3.550369869940039,1.7751849349700195,chases 32% (84th pct): approach / pitch recognition,coaching,,0.0,,,DECISIONS,-5.412025204449231,2.7060126022246154
643217,"Benintendi, Andrew",L,White Sox,453,-5.727901262790728,-1.372000705013427,-3.4942943806396696,-7.31530201367638,5.529747251536695,0.0426375427465748,INPUTS,-7.31530201367638,3.65765100683819,bat speed 69.4 mph (26th pct): strength / intent,coaching,WHIFFS,1.7471471903198348,whiffs 26% (70th pct): contact work,coaching,WHIFFS,-4.44813990121437,0.0
691788,"Mack, Joe",L,Marlins,324,-5.675524579693831,0.6028206951141805,-2.4474452993669713,14.072955521530192,-7.358315238678752,0.7713972914657644,SQUARING,-7.358315238678752,3.679157619339376,not squaring the ball up given his swing: timing consistency / contact precision (check health if new),coaching,WHIFFS,1.2237226496834857,whiffs 23% (56th pct): contact work; stance: wider (narrower than typical for his height; model whiffs -0.3 pp per 3 in),coaching + moderate (stance),,,0.0
665862,"Chisholm Jr., Jazz",L,Yankees,522,-5.488633299002356,-1.6455740958884717,-7.272648401251427,11.353037328069044,-4.76724389818285,1.076823088610087,WHIFFS,-7.272648401251427,3.6363242006257135,whiffs 28% (81th pct): contact work; stance: wider (narrower than typical for his height; model whiffs -0.3 pp per 3 in),coaching + moderate (stance),SQUARING,2.383621949091425,not squaring the ball up given his swing: timing consistency / contact precision (check health if new),coaching,SQUARING,-6.298678975587322,3.149339487793661
686611,"Crews, Dylan",R,Nationals,425,-5.322960829184557,0.8377256010273235,-5.300080243619612,6.3075253197382235,-0.0164537139244029,-2.0529025688738884,WHIFFS,-5.300080243619612,2.650040121809806,whiffs 28% (80th pct): contact work,coaching,,0.0,,,WHIFFS,-1.0157292560509683,0.0
514888,"Altuve, Jose",R,Astros,550,-5.131852759055203,-9.449941311171674,4.747824156079861,-4.895639437126562,-6.260294808161055,4.76906018096168,DECISIONS,-9.449941311171674,4.724970655585837,"chases 34% (91th pct): approach / pitch recognition; stance: ~3 in deeper (stands 12 in; model chase -0.5 pp per 3 in, validated on 2026)",coaching + moderate (stance),SQUARING,3.1301474040805277,not squaring the ball up given his swing: timing consistency / contact precision (check health if new),coaching,SQUARING,-9.399520460412022,4.699760230206011
687401,"Ortiz, Joey",R,Brewers,403,-5.127329153462798,-6.735190782008398,5.709905071259954,3.3796071752990553,-5.922695621573748,1.2591146677011775,DECISIONS,-6.735190782008398,3.367595391004199,chases 31% (80th pct): approach / pitch recognition,coaching,SQUARING,2.961347810786874,not squaring the ball up given his swing: timing consistency / contact precision (check health if new),coaching,WHIFFS,-3.223875622643889,0.0
691777,"Muncy, Max",R,Athletics,285,-5.113187288381727,-4.456296583723906,-7.7071782612598225,5.726032872425639,-0.7016003320115856,1.906591313995209,WHIFFS,-7.7071782612598225,3.8535891306299113,whiffs 30% (89th pct): contact work,coaching,DECISIONS,2.228148291861953,"chases 29% (71th pct): approach / pitch recognition; stance: ~3 in deeper (stands 24 in; model chase -0.5 pp per 3 in, validated on 2026)",coaching + moderate (stance),,,0.0
683357,"Caissie, Owen",L,Marlins,332,-5.081434276842328,-2.66933882297009,-10.696620186564612,21.447492629015056,-1.6571221029833587,-0.1304302512736927,WHIFFS,-10.696620186564612,5.348310093282306,whiffs 33% (96th pct): contact work; stance: wider (narrower than typical for his height; model whiffs -0.3 pp per 3 in),coaching + moderate (stance),DECISIONS,1.334669411485045,"too passive on pitches down the middle (swings at 69%, 26th pct): attack hittable pitches",coaching,,,0.0
656305,"Chapman, Matt",R,Giants,351,-4.816802950393971,4.8605597693983915,-0.8893248218467157,-4.1559518948251135,-3.948336027689576,1.7644753213763726,INPUTS,-4.1559518948251135,2.0779759474125568,"flat swing path (attack angle 3°, league 9°)",coaching,SQUARING,1.974168013844788,not squaring the ball up given his swing: timing consistency / contact precision (check health if new),coaching,SQUARING,-6.884948268970538,3.442474134485269
666126,"Cortes, Carlos",L,Athletics,368,-4.750629598627359,0.9327375374711648,2.346278861623896,-12.779724064365723,-0.6707995578798017,0.5676272630138184,INPUTS,-12.779724064365723,6.389862032182862,"bat speed 69.8 mph (28th pct): strength / intent; flat swing path (attack angle 6°, league 9°)",coaching,,0.0,,,,,0.0
643289,"Dubón, Mauricio",R,Braves,602,-4.65357539200928,-7.199199667555834,11.703060993307338,-12.107810722725448,0.6263967136329687,0.9160099842784512,INPUTS,-12.107810722725448,6.053905361362724,"bat speed 68.3 mph (13th pct): strength / intent; flat swing path (attack angle 4°, league 9°)",coaching,DECISIONS,3.599599833777917,chases 34% (92th pct): approach / pitch recognition,coaching,DECISIONS,-4.045336152861925,0.0
666397,"Julien, Edouard",L,Rockies,276,-4.64443418847368,8.748551134966226,-3.3180251421642595,7.26920404132547,0.4630406410537537,-3.633146365606993,WHIFFS,-3.3180251421642595,1.6590125710821297,whiffs 22% (49th pct): contact work; stance: wider (narrower than typical for his height; model whiffs -0.3 pp per 3 in),coaching + moderate (stance),,0.0,,,INPUTS,-2.3871859177262023,0.0
669016,"Marsh, Brandon",L,Phillies,550,-4.499074034263252,-7.585557810413767,-1.720633985182927,13.563830283791386,-5.154066334537435,-0.1229927596500486,DECISIONS,-7.585557810413767,3.7927789052068834,"chases 33% (88th pct): approach / pitch recognition; stance: ~3 in deeper (stands 27 in; model chase -0.5 pp per 3 in, validated on 2026)",coaching + moderate (stance),SQUARING,2.5770331672687177,not squaring the ball up given his swing: timing consistency / contact precision (check health if new),coaching,SQUARING,-7.498669577829772,3.749334788914886
702284,"Young, Cole",L,Mariners,621,-4.46573267825741,2.0225238039182787,2.0263089023245637,-7.154275612083984,2.130103775392559,-2.3378642829710836,INPUTS,-7.154275612083984,3.577137806041992,"flat swing path (attack angle 5°, league 9°)",coaching,,0.0,,,,,0.0
609280,"Andujar, Miguel",R,Padres,252,-4.445925100258712,-7.582590926905632,8.99309736665376,-9.099806575931789,-0.1724592574317575,0.4940350070202192,INPUTS,-9.099806575931789,4.549903287965894,power inputs below average on the pitches he gets (swing + pitch mix),coaching,DECISIONS,3.791295463452816,"chases 36% (93th pct): approach / pitch recognition; stance: ~3 in deeper (stands 28 in; model chase -0.5 pp per 3 in, validated on 2026)",coaching + moderate (stance),DECISIONS,-0.28321264898465603,0.0
681393,"Norby, Connor",R,zMLB,372,-4.39015465576335,7.8871914873655,-9.670952576171342,12.025055276944451,-5.968689538780554,1.2722973818964498,WHIFFS,-9.670952576171342,4.835476288085671,whiffs 27% (75th pct): contact work,coaching,SQUARING,2.984344769390277,not squaring the ball up given his swing: timing consistency / contact precision (check health if new),coaching,WHIFFS,-3.762962057814093,0.0
671289,"Freeman, Tyler",R,Rockies,288,-4.288053355166921,2.482898854154566,6.724596224981549,-9.455214555467323,-2.091224198207857,-0.8866939654814227,INPUTS,-9.455214555467323,4.727607277733662,"bat speed 69.5 mph (26th pct): strength / intent; flat swing path (attack angle 2°, league 9°)",coaching,SQUARING,1.0456120991039286,not squaring the ball up given his swing: timing consistency / contact precision (check health if new),coaching,INPUTS,-3.7153478380103193,0.0
677588,"Tena, José",L,Nationals,287,-4.241404679816046,0.0227723628540236,-8.071684114534111,13.48757820416746,-3.691154248808513,1.5865037366671422,WHIFFS,-8.071684114534111,4.035842057267056,whiffs 31% (93th pct): contact work; stance: wider (narrower than typical for his height; model whiffs -0.3 pp per 3 in),coaching + moderate (stance),SQUARING,1.8455771244042565,not squaring the ball up given his swing: timing consistency / contact precision (check health if new),coaching,,,0.0
621020,"Swanson, Dansby",R,Cubs,472,-4.196574262924884,4.457843179738231,-6.665912211612764,5.674805435891772,-5.751619212206802,1.2363650231621122,WHIFFS,-6.665912211612764,3.332956105806382,whiffs 29% (85th pct): contact work; stance: wider (narrower than typical for his height; model whiffs -0.3 pp per 3 in),coaching + moderate (stance),SQUARING,2.875809606103401,not squaring the ball up given his swing: timing consistency / contact precision (check health if new),coaching,SQUARING,-12.355853260114381,6.177926630057191
694374,"Tawa, Tim",R,Diamondbacks,330,-4.131132663576415,1.8867175257026163,-4.530640534529405,7.015482922544479,0.7440082142522733,-0.5473633420615056,WHIFFS,-4.530640534529405,2.2653202672647024,whiffs 26% (70th pct): contact work; stance: wider (narrower than typical for his height; model whiffs -0.3 pp per 3 in),coaching + moderate (stance),,0.0,,,,,0.0
664770,"Lukes, Nathan",L,Blue Jays,433,-3.980470712481859,-4.913848324903931,9.695489409952849,-15.38370989742122,1.609940437586854,1.053848360967749,INPUTS,-15.38370989742122,7.69185494871061,"bat speed 66.1 mph (2th pct): strength / intent; flat swing path (attack angle 5°, league 9°)",coaching,DECISIONS,2.4569241624519655,"chases 30% (77th pct): approach / pitch recognition; stance: ~3 in deeper (stands 27 in; model chase -0.5 pp per 3 in, validated on 2026)",coaching + moderate (stance),SQUARING,-3.9940969046528947,0.0
663457,"Nootbaar, Lars",L,zMLB,308,-3.814064301703183,6.222049452151214,2.52270433340846,7.914115598490106,-1.4535839738263965,-3.67093078329547,SQUARING,-1.4535839738263965,0.7267919869131982,not squaring the ball up given his swing: timing consistency / contact precision (check health if new),coaching,,0.0,,,WHIFFS,-0.39754939068322726,0.0
621493,"Ward, Taylor",R,zMLB,604,-3.806629214077832,14.445016352772972,0.6842445465534276,-12.99423292843132,2.7018649984033436,-4.229383474635284,INPUTS,-12.99423292843132,6.49711646421566,"bat speed 68.0 mph (11th pct): strength / intent; flat swing path (attack angle 6°, league 9°)",coaching,,0.0,,,SQUARING,-6.262138396016955,3.1310691980084777
802415,"Simpson, Chandler",L,Rays,604,-3.796554530321973,0.0461639604077025,8.010092575659781,-23.38934739318334,-4.716950063774944,4.3504811679419415,INPUTS,-23.38934739318334,11.69467369659167,"bat speed 64.5 mph (1th pct): strength / intent; flat swing path (attack angle 3°, league 9°)",coaching,SQUARING,2.358475031887472,not squaring the ball up given his swing: timing consistency / contact precision (check health if new),coaching,SQUARING,-8.549488105408484,4.274744052704242
663538,"Hoerner, Nico",R,Cubs,672,-3.5780424938837525,-2.7498370146785707,12.88320954191793,-15.559350205994836,1.8588989864286916,-3.5442447430945547,INPUTS,-15.559350205994836,7.779675102997418,"bat speed 67.5 mph (8th pct): strength / intent; flat swing path (attack angle 5°, league 9°)",coaching,DECISIONS,1.3749185073392853,"chases 29% (72th pct): approach / pitch recognition; stance: ~3 in deeper (stands 28 in; model chase -0.5 pp per 3 in, validated on 2026)",coaching + moderate (stance),WHIFFS,-1.352660858048898,0.0
683146,"Baty, Brett",L,Mets,460,-3.5177101726648967,4.157376976402721,-3.7307035203382184,29.66680133282802,-13.10009735609219,-2.0534800628815386,SQUARING,-13.10009735609219,6.550048678046095,not squaring the ball up given his swing: timing consistency / contact precision (check health if new),coaching,WHIFFS,1.8653517601691092,whiffs 27% (77th pct): contact work; stance: wider (narrower than typical for his height; model whiffs -0.3 pp per 3 in),coaching + moderate (stance),SQUARING,-7.509139694598432,3.754569847299216
676609,"Caballero, José",R,Yankees,441,-3.429057550441094,-10.28810767910338,4.783094219837759,-4.1564427824092265,1.0524362004155678,2.513603393564029,DECISIONS,-10.28810767910338,5.14405383955169,"chases 33% (87th pct): approach / pitch recognition; stance: ~3 in deeper (stands 18 in; model chase -0.5 pp per 3 in, validated on 2026)",coaching + moderate (stance),INPUTS,2.0782213912046132,bat speed 68.0 mph (11th pct): strength / intent,coaching,DECISIONS,-5.885864986620171,2.9429324933100856
572233,"Walker, Christian",R,Astros,611,-3.0136327415937325,0.6673583888696117,-3.686517416877978,0.2212217596113663,-4.053730733564416,1.6096073277577108,SQUARING,-4.053730733564416,2.026865366782208,not squaring the ball up given his swing: timing consistency / contact precision (check health if new),coaching,WHIFFS,1.843258708438989,whiffs 27% (73th pct): contact work; stance: wider (narrower than typical for his height; model whiffs -0.3 pp per 3 in),coaching + moderate (stance),INPUTS,-6.536434680628256,3.268217340314128
814439,"Waldschmidt, Ryan",R,Diamondbacks,282,-2.760857918893945,3.1519057093869676,-6.140375166446606,-5.8612046766448005,4.189752456200373,0.4288916170002624,WHIFFS,-6.140375166446606,3.070187583223303,whiffs 29% (85th pct): contact work,coaching,INPUTS,2.9306023383224002,power inputs below average on the pitches he gets (swing + pitch mix),coaching,,,0.0
805779,"Wilson, Jacob",R,Athletics,337,-2.739621078576743,-8.086988759147095,10.615591479242694,-13.65504183300313,0.4350470566525762,1.971697733975935,INPUTS,-13.65504183300313,6.827520916501565,"bat speed 63.9 mph (1th pct): strength / intent; flat swing path (attack angle 4°, league 9°)",coaching,DECISIONS,4.043494379573548,chases 41% (98th pct): approach / pitch recognition,coaching,DECISIONS,-4.9026302701103965,0.0
665750,"Taveras, Leody",L,Orioles,315,-2.642045803468495,3.1583864734373406,0.3279370963626252,10.98969809248273,-8.829163741555288,1.477746692128098,SQUARING,-8.829163741555288,4.414581870777644,not squaring the ball up given his swing: timing consistency / contact precision (check health if new),coaching,,0.0,,,SQUARING,-10.488650350680974,5.244325175340487
592518,"Machado, Manny",R,Padres,655,-2.569093986979004,5.4950028572352005,-1.4347066799247583,1.3357556195140183,0.8004326278698012,-2.1603436830819156,WHIFFS,-1.4347066799247583,0.7173533399623792,whiffs 23% (55th pct): contact work; stance: wider (narrower than typical for his height; model whiffs -0.3 pp per 3 in),coaching + moderate (stance),,0.0,,,INPUTS,-4.360382643361631,0.0
608369,"Seager, Corey",L,Rangers,412,-1.9254384454293003,4.6169571044744755,-7.1994196551974,7.809720245141964,2.965236189139441,-3.442061178139228,WHIFFS,-7.1994196551974,3.5997098275987,whiffs 30% (89th pct): contact work; stance: wider (narrower than typical for his height; model whiffs -0.3 pp per 3 in),coaching + moderate (stance),,0.0,,,WHIFFS,-6.252312982448261,3.1261564912241306
680700,"Palacios, Richie",L,Rays,382,-1.854107714331148,-1.0775553237769666,5.515242710286482,-13.278324994510385,2.104731060855306,1.184349873464208,INPUTS,-13.278324994510385,6.639162497255192,bat speed 68.6 mph (16th pct): strength / intent,coaching,DECISIONS,0.5387776618884833,"too passive on pitches down the middle (swings at 67%, 16th pct): attack hittable pitches",coaching,DECISIONS,-9.641794414457701,4.8208972072288505
573262,"Yastrzemski, Mike",L,Braves,391,-1.2688509244911894,-0.5344948566292703,3.65976012187208,2.4808246124929756,-2.039076972979211,-0.3907753019139022,SQUARING,-2.039076972979211,1.0195384864896055,not squaring the ball up given his swing: timing consistency / contact precision (check health if new),coaching,,0.0,,,DECISIONS,-3.9856604072495343,0.0
657041,"Thomas, Lane",R,zMLB,374,-1.1830006159395787,8.54124071256899,-1.065671059987815,-0.3082324989846579,-1.044402738699597,-0.3133906604241679,WHIFFS,-1.065671059987815,0.5328355299939075,whiffs 20% (39th pct): contact work,coaching,SQUARING,0.5222013693497985,not squaring the ball up given his swing: timing consistency / contact precision (check health if new),coaching,SQUARING,-5.008021274332419,2.5040106371662096
805999,"Ewing, A.J.",L,Mets,473,-1.0677687251863466,2.574505327313415,-3.3256649011584316,-1.9846305494879772,3.534952549467466,-1.554926835701956,WHIFFS,-3.3256649011584316,1.6628324505792158,whiffs 23% (53th pct): contact work,coaching,INPUTS,0.9923152747439886,bat speed 69.8 mph (28th pct): strength / intent,coaching,,,0.0
665877,"Fermín, José",R,Cardinals,359,-1.0489381656207613,6.518962180361546,9.313997694365373,-15.543281194970223,-2.1491366428586125,0.8656594788085654,INPUTS,-15.543281194970223,7.771640597485112,bat speed 67.2 mph (6th pct): strength / intent,coaching,SQUARING,1.0745683214293063,not squaring the ball up given his swing: timing consistency / contact precision (check health if new),coaching,,,0.0
645277,"Albies, Ozzie",R,Braves,258,-1.0049167809268806,-9.706753373058405,7.110738191379795,-5.035197597366667,-5.431586347389946,3.151074340350166,DECISIONS,-9.706753373058405,4.853376686529202,chases 40% (97th pct): approach / pitch recognition,coaching,SQUARING,2.715793173694973,not squaring the ball up given his swing: timing consistency / contact precision (check health if new),coaching,,,0.0
676356,"DeLuca, Jonny",R,Rays,349,-0.067548680337798,-6.178079734553284,2.3308047423228295,-1.107861885378053,-6.6879196009051824,4.820648765346974,SQUARING,-6.6879196009051824,3.3439598004525912,not squaring the ball up given his swing: timing consistency / contact precision (check health if new),coaching,DECISIONS,3.089039867276642,"chases 33% (87th pct): approach / pitch recognition; stance: ~3 in deeper (stands 28 in; model chase -0.5 pp per 3 in, validated on 2026)",coaching + moderate (stance),SQUARING,-5.288163073884921,2.6440815369424606
687462,"Horwitz, Spencer",L,Pirates,436,0.0149732085196894,2.1731378590807053,6.844202710234737,-10.17839557680846,-4.184244055958714,0.1415847363701975,INPUTS,-10.17839557680846,5.08919778840423,bat speed 67.9 mph (10th pct): strength / intent,coaching,SQUARING,2.092122027979357,not squaring the ball up given his swing: timing consistency / contact precision (check health if new),coaching,SQUARING,-6.476480773167404,3.238240386583702
679845,"Loftin, Nick",R,Royals,424,0.0302013575019299,3.447400686541108,3.3194135580331676,-16.998461268265427,-2.53807373955284,1.7719527923930674,INPUTS,-16.998461268265427,8.499230634132713,bat speed 68.1 mph (12th pct): strength / intent,coaching,SQUARING,1.26903686977642,not squaring the ball up given his swing: timing consistency / contact precision (check health if new),coaching,,,0.0
677587,"Rocchio, Brayan",L,Guardians,384,0.0968837547867138,-3.3426384435271985,7.832023295006009,-10.008797574049908,-0.8731643363570847,1.0031514042300176,INPUTS,-10.008797574049908,5.004398787024954,bat speed 69.4 mph (25th pct): strength / intent,coaching,DECISIONS,1.6713192217635993,"chases 30% (75th pct): approach / pitch recognition; stance: ~3 in deeper (stands 27 in; model chase -0.5 pp per 3 in, validated on 2026)",coaching + moderate (stance),DECISIONS,-0.5736948091305849,0.0
686555,"Collins, Isaac",L,Royals,352,0.7024466540320919,7.6619044040912065,-1.37354384754926,1.6144859819658783,-6.394612600559515,0.5329333224163988,SQUARING,-6.394612600559515,3.1973063002797577,not squaring the ball up given his swing: timing consistency / contact precision (check health if new),coaching,WHIFFS,0.68677192377463,whiffs 19% (31th pct): contact work,coaching,,,0.0
681082,"Stott, Bryson",L,Phillies,588,0.7748594483589342,-2.306712425622203,9.359632095485768,-1.6987437481514591,2.1163497849935116,-2.1817772593104263,DECISIONS,-2.306712425622203,1.1533562128111015,"too passive on pitches down the middle (swings at 58%, 1th pct): attack hittable pitches",coaching,INPUTS,0.8493718740757296,bat speed 69.2 mph (23th pct): strength / intent,coaching,DECISIONS,-2.7279082922002913,0.0
650489,"Castro, Willi",L,Rockies,313,0.7864230428750162,-2.669314613170311,-2.9631716090907547,10.629145283892203,2.9748620435413584,-1.3461573707206251,WHIFFS,-2.9631716090907547,1.4815858045453774,whiffs 30% (87th pct): contact work,coaching,DECISIONS,1.3346573065851555,chases 29% (70th pct): approach / pitch recognition,coaching,DECISIONS,-3.8700679093327413,0.0
664761,"Bohm, Alec",R,Phillies,611,0.7982364131177261,2.135904704224123,4.876058679506091,-8.703495864925038,1.372437045996687,-1.915500965665936,INPUTS,-8.703495864925038,4.351747932462519,"flat swing path (attack angle 4°, league 9°)",coaching,,0.0,,,SQUARING,-2.157796849121274,0.0
686681,"Massey, Michael",L,Royals,435,1.0500059427396693,-5.377488193467483,4.202901152127754,14.060737203671373,-8.668454875464365,0.7446223128049094,SQUARING,-8.668454875464365,4.334227437732182,not squaring the ball up given his swing: timing consistency / contact precision (check health if new),coaching,DECISIONS,2.6887440967337417,"chases 34% (89th pct): approach / pitch recognition; stance: ~3 in deeper (stands 24 in; model chase -0.5 pp per 3 in, validated on 2026)",coaching + moderate (stance),SQUARING,-12.487523775936191,6.243761887968096
605170,"Caratini, Victor",L,Twins,253,1.0683713827514818,5.485104162773229,2.522542464084491,-2.894505050865851,-4.925802351781149,0.2200991282034185,SQUARING,-4.925802351781149,2.4629011758905746,not squaring the ball up given his swing: timing consistency / contact precision (check health if new),coaching,INPUTS,1.4472525254329256,meets the ball far out front (6 in) with low sweet-spot: stance ~3 in deeper (sweet-spot +1.6 pp per 3 in),moderate (stance),INPUTS,-3.3630725144188416,0.0
668715,"Steer, Spencer",R,Reds,384,1.368593827665884,4.465623620407954,-2.197913023641184,-2.231600326069404,5.8698663800311195,-1.112375514009723,INPUTS,-2.231600326069404,1.115800163034702,power inputs below average on the pitches he gets (swing + pitch mix),coaching,WHIFFS,1.098956511820592,whiffs 22% (50th pct): contact work,coaching,WHIFFS,-2.3900631273691406,0.0
685133,"Meckler, Wade",L,Angels,317,1.6107839262572663,4.463971831861257,-2.8974320379599376,2.1664839953460584,-4.6306464851592235,0.4333598463206064,SQUARING,-4.6306464851592235,2.3153232425796118,not squaring the ball up given his swing: timing consistency / contact precision (check health if new),coaching,WHIFFS,1.4487160189799688,whiffs 20% (35th pct): contact work; stance: wider (narrower than typical for his height; model whiffs -0.3 pp per 3 in),coaching + moderate (stance),,,0.0
687551,"Gilbert, Drew",L,Giants,385,1.7523721760496644,6.660642966102127,0.9767633576930924,-10.49889246794744,4.133522931480583,-2.022301824159679,INPUTS,-10.49889246794744,5.24944623397372,"bat speed 69.0 mph (20th pct): strength / intent; flat swing path (attack angle 4°, league 9°)",coaching,,0.0,,,,,0.0
701538,"Merrill, Jackson",L,Padres,648,1.7789516127305065,-6.901325550547594,-0.6265117820763291,12.828195775704495,5.778678296200926,-3.3634557240641056,DECISIONS,-6.901325550547594,3.450662775273797,"chases 34% (89th pct): approach / pitch recognition; stance: ~3 in deeper (stands 27 in; model chase -0.5 pp per 3 in, validated on 2026)",coaching + moderate (stance),,0.0,,,WHIFFS,-2.4902974340232253,0.0
690993,"Keith, Colt",L,Tigers,423,1.8711473950447877,2.93712992375851,0.9711233321924124,2.2844713043723366,0.4996307848109121,-2.855504704799146,,0.0,0.0,no part clearly below average,,,0.0,,,SQUARING,-2.7802151230588255,0.0
663886,"Stephenson, Tyler",R,Reds,459,1.9248407113271808,7.902620767565301,-5.1442434896856595,6.169460806292548,0.342076596710614,-1.4283147998839447,WHIFFS,-5.1442434896856595,2.5721217448428297,whiffs 25% (65th pct): contact work,coaching,,0.0,,,SQUARING,-1.197482314574069,0.0
663968,"Mangum, Jake",L,Pirates,332,2.2166621137315192,-10.376951203843571,8.81706665513355,-11.638355818066444,2.916073641880419,1.783959515827134,INPUTS,-11.638355818066444,5.819177909033222,"bat speed 66.4 mph (3th pct): strength / intent; flat swing path (attack angle 5°, league 9°)",coaching,DECISIONS,5.188475601921786,chases 42% (100th pct): approach / pitch recognition,coaching,,,0.0
679529,"Torkelson, Spencer",R,Tigers,598,2.4564671387458556,11.130307975324534,-11.85335819231103,6.141584512319608,-0.4547289491492952,1.4442199650647134,WHIFFS,-11.85335819231103,5.926679096155515,whiffs 30% (90th pct): contact work; stance: wider (narrower than typical for his height; model whiffs -0.3 pp per 3 in),coaching + moderate (stance),,0.0,,,WHIFFS,-8.697163732352593,4.348581866176296
687859,"Johnston, Troy",L,Rockies,441,2.466871665863682,-1.1108925899044726,3.1137695940397254,-8.17186560404029,3.1637657330537032,-0.0342952912794893,INPUTS,-8.17186560404029,4.085932802020145,bat speed 69.3 mph (24th pct): strength / intent,coaching,DECISIONS,0.5554462949522363,chases 32% (83th pct): approach / pitch recognition,coaching,,,0.0
687637,"Beavers, Dylan",L,Orioles,343,2.545356453656895,2.3607201702866965,0.0837942840748164,9.072301892250945,-5.681351804534639,0.8619532119198519,SQUARING,-5.681351804534639,2.8406759022673196,not squaring the ball up given his swing: timing consistency / contact precision (check health if new),coaching,,0.0,,,,,0.0
802139,"Wetherholt, JJ",L,Cardinals,600,2.5520918781991364,7.791895312326584,3.670531335433987,16.690499526083535,-10.420372655009002,-5.4615808361960045,SQUARING,-10.420372655009002,5.210186327504501,not squaring the ball up given his swing: timing consistency / contact precision (check health if new),coaching,,0.0,,,,,0.0
807799,"Yoshida, Masataka",L,Red Sox,296,2.6185411621302626,0.8402293436991422,6.602325285545206,2.179116875678684,-6.873748945961353,0.0837853877227472,SQUARING,-6.873748945961353,3.4368744729806764,not squaring the ball up given his swing: timing consistency / contact precision (check health if new),coaching,,0.0,,,WHIFFS,-2.3167807157560443,0.0
605137,"Bell, Josh",L,Twins,414,2.6980271514945726,5.052481889810387,-0.247510977901113,9.246630583931749,1.148947756802313,-2.6691188856116947,,0.0,0.0,no part clearly below average,,,0.0,,,WHIFFS,-1.054062260514896,0.0
650402,"Torres, Gleyber",R,Tigers,417,2.8620746196129754,13.27535391649162,0.0013266405044212,-6.014725025548548,-0.5294466140328186,-1.1782936996948683,INPUTS,-6.014725025548548,3.007362512774274,bat speed 67.2 mph (5th pct): strength / intent,coaching,,0.0,,,WHIFFS,-4.001421797097196,0.0
808982,"Lee, Jung Hoo",L,Giants,579,2.976108762124527,-2.242263504483169,12.693167321553762,-16.141767705129276,0.8217662397306124,-0.2197047519827448,INPUTS,-16.141767705129276,8.070883852564638,"bat speed 67.6 mph (9th pct): strength / intent; flat swing path (attack angle 4°, league 9°)",coaching,DECISIONS,1.1211317522415845,"too passive on pitches down the middle (swings at 69%, 22th pct): attack hittable pitches",coaching,DECISIONS,-7.132381329619282,3.566190664809641
671732,"Butler, Lawrence",L,Athletics,518,3.0318682511580457,3.426751775718672,-3.1627031575340214,7.862584131262423,-0.8083651016143542,-0.7431247402932039,WHIFFS,-3.1627031575340214,1.5813515787670107,whiffs 24% (58th pct): contact work,coaching,,0.0,,,SQUARING,-5.511218646840729,2.7556093234203645
553993,"Suárez, Eugenio",R,Reds,481,3.221455484256148,1.8493848994610456,-6.792426608567391,10.037379120301908,-1.6382305596330715,3.1252356228357625,WHIFFS,-6.792426608567391,3.3962133042836955,whiffs 31% (92th pct): contact work; stance: wider (narrower than typical for his height; model whiffs -0.3 pp per 3 in),coaching + moderate (stance),SQUARING,0.8191152798165358,not squaring the ball up given his swing: timing consistency / contact precision (check health if new),coaching,SQUARING,-5.053673143088573,2.5268365715442864
607043,"Nimmo, Brandon",L,Rangers,634,3.307043793912239,4.984279268094737,1.161538637590097,0.391706176601482,5.909188187195445,-4.671886802446508,,0.0,0.0,no part clearly below average,,,0.0,,,DECISIONS,-0.593175113631883,0.0
641487,"Crawford, J.P.",L,Mariners,470,3.4418100933139977,8.77546839147008,4.159669111143724,-3.2010784861820967,-2.9006225535804435,-1.7992132754647592,INPUTS,-3.2010784861820967,1.6005392430910483,"flat swing path (attack angle 6°, league 9°)",coaching,SQUARING,1.4503112767902218,not squaring the ball up given his swing: timing consistency / contact precision (check health if new),coaching,SQUARING,-2.1331023704755383,0.0
669364,"Edwards, Xavier",L,Marlins,447,3.811053503875015,7.76967016984892,5.096686978753457,-14.776094369965373,0.6896013974227695,0.6416301664229603,INPUTS,-14.776094369965373,7.388047184982686,"bat speed 67.6 mph (9th pct): strength / intent; flat swing path (attack angle 6°, league 9°)",coaching,,0.0,,,WHIFFS,-1.4276563054562859,0.0
663757,"Grisham, Trent",L,Yankees,485,4.031405445099304,10.925111354083995,1.5350275619295022,3.4926063621240684,-2.999822730819327,-3.044653065037154,SQUARING,-2.999822730819327,1.4999113654096634,not squaring the ball up given his swing: timing consistency / contact precision (check health if new),coaching,,0.0,,,SQUARING,-10.62585268485201,5.312926342426005
694384,"Schanuel, Nolan",L,Angels,446,4.215329424595423,2.478244705977733,7.83178056385129,-11.703049140286032,2.5235474922137424,-1.8212034301330189,INPUTS,-11.703049140286032,5.851524570143016,bat speed 67.3 mph (6th pct): strength / intent,coaching,,0.0,,,DECISIONS,-3.771893759890936,0.0
805300,"Marsee, Jakob",L,Marlins,603,4.324938842337352,10.067386583018042,1.3982609403308304,-7.468051110229278,-4.210856694311635,0.9910746576371154,INPUTS,-7.468051110229278,3.734025555114639,"bat speed 69.5 mph (27th pct): strength / intent; flat swing path (attack angle 6°, league 9°)",coaching,SQUARING,2.1054283471558173,not squaring the ball up given his swing: timing consistency / contact precision (check health if new),coaching,,,0.0
681481,"Carpenter, Kerry",L,Tigers,259,4.544011448266811,-7.026940964317328,-4.915232373117177,11.096110589260844,-3.5017727775396814,1.5485281022372026,DECISIONS,-7.026940964317328,3.513470482158664,chases 34% (91th pct): approach / pitch recognition,coaching,WHIFFS,2.4576161865585884,whiffs 26% (71th pct): contact work,coaching,SQUARING,-6.41198584122114,3.20599292061057
663656,"Tucker, Kyle",L,Dodgers,606,4.552343254301666,11.476671857832017,2.5587002284503937,-3.7161818316296857,-1.144720652863055,-1.4383328681071863,INPUTS,-3.7161818316296857,1.8580909158148429,power inputs below average on the pitches he gets (swing + pitch mix),coaching,SQUARING,0.5723603264315275,not squaring the ball up given his swing: timing consistency / contact precision (check health if new),coaching,SQUARING,-5.47046107288932,2.73523053644466
608348,"Kelly, Carson",R,Cubs,418,4.897433115160569,4.443970818795537,3.3723237134593607,-3.866547926862637,-4.024105107137696,1.3365503286453957,SQUARING,-4.024105107137696,2.012052553568848,not squaring the ball up given his swing: timing consistency / contact precision (check health if new),coaching,INPUTS,1.9332739634313185,bat speed 69.8 mph (28th pct): strength / intent,coaching,SQUARING,-4.449949948972886,0.0
686469,"Pasquantino, Vinnie",L,Royals,459,5.08248814269989,2.7213633094547123,8.023884611935946,-14.819152217852386,5.933861184510135,-0.5084921635416103,INPUTS,-14.819152217852386,7.409576108926193,bat speed 69.8 mph (29th pct): strength / intent,coaching,,0.0,,,INPUTS,-4.491615664440284,0.0
660688,"Ruiz, Keibert",L,Nationals,254,5.262864590719913,-1.7935332358722649,8.2958463540684,-16.830648820895025,-1.7358616341469983,1.9939765944839132,INPUTS,-16.830648820895025,8.415324410447512,bat speed 67.1 mph (5th pct): strength / intent,coaching,DECISIONS,0.8967666179361324,chases 32% (86th pct): approach / pitch recognition,coaching,WHIFFS,-4.091098377061691,0.0
683953,"Bazzana, Travis",L,Guardians,495,5.380757180399824,6.509534495220302,0.6544085033917816,-1.2398742675759742,-5.335035326814369,2.2826616161809934,SQUARING,-5.335035326814369,2.6675176634071844,not squaring the ball up given his swing: timing consistency / contact precision (check health if new),coaching,INPUTS,0.6199371337879871,bat speed 68.9 mph (19th pct): strength / intent,coaching,,,0.0
691720,"Karros, Kyle",R,Rockies,454,5.708625723478328,5.342322713559578,1.1760639259457912,-6.217940213214642,3.8456807137061655,-0.3521947104472018,INPUTS,-6.217940213214642,3.108970106607321,bat speed 69.4 mph (24th pct): strength / intent,coaching,,0.0,,,,,0.0
702332,"Durbin, Caleb",R,Red Sox,572,6.074956966030798,1.2436203498992633,6.2552764990604075,-10.86182160711946,-6.3446889549569185,4.225481345395078,INPUTS,-10.86182160711946,5.43091080355973,bat speed 68.5 mph (15th pct): strength / intent,coaching,SQUARING,3.1723444774784593,not squaring the ball up given his swing: timing consistency / contact precision (check health if new),coaching,SQUARING,-4.584461032888637,0.0
687093,"Grissom, Vaughn",R,Angels,451,6.129259619648905,-3.095635993663002,5.376832991414618,1.55606247085004,-4.3497955094848795,1.7266303325208736,SQUARING,-4.3497955094848795,2.1748977547424397,not squaring the ball up given his swing: timing consistency / contact precision (check health if new),coaching,DECISIONS,1.547817996831501,swing/take choices in specific counts and locations,coaching,,,0.0
687263,"Neto, Zach",R,Angels,678,6.300391701870164,-10.69382831051282,-3.196639569398863,6.608057362770627,1.922607564167512,3.0201823169805406,DECISIONS,-10.69382831051282,5.34691415525641,"chases 34% (91th pct): approach / pitch recognition; stance: ~3 in deeper (stands 16 in; model chase -0.5 pp per 3 in, validated on 2026)",coaching + moderate (stance),WHIFFS,1.5983197846994315,whiffs 31% (93th pct): contact work,coaching,DECISIONS,-5.431591182010917,2.7157955910054583
642715,"Adames, Willy",R,Giants,505,6.311773239243102,0.7322649814015928,-5.838935382342256,3.21545039537572,-0.6372643880047216,3.273378464081286,WHIFFS,-5.838935382342256,2.919467691171128,whiffs 27% (75th pct): contact work,coaching,,0.0,,,INPUTS,-7.828572004111772,3.914286002055886
678882,"Rafaela, Ceddanne",R,Red Sox,568,6.433494482767072,-11.064878472513747,6.376748660032713,-9.924741584734289,1.7922510602859705,5.802568198791736,DECISIONS,-11.064878472513747,5.532439236256874,chases 40% (98th pct): approach / pitch recognition,coaching,INPUTS,4.962370792367144,bat speed 68.6 mph (16th pct): strength / intent,coaching,INPUTS,-8.29321719536577,4.146608597682885
696285,"Young, Jacob",R,Nationals,460,6.467899052777439,3.704734771471258,1.0948803221455548,-8.884491136384488,0.939164770055524,1.074786378847193,INPUTS,-8.884491136384488,4.442245568192244,bat speed 68.8 mph (18th pct): strength / intent,coaching,,0.0,,,WHIFFS,-1.7089420378303581,0.0
661388,"Contreras, William",R,Brewers,618,6.635371998720341,2.4229008725117347,2.7256875066937045,2.5282067434308697,-3.7813400622435944,0.0124387670289084,SQUARING,-3.7813400622435944,1.8906700311217972,not squaring the ball up given his swing: timing consistency / contact precision (check health if new),coaching,,0.0,,,DECISIONS,-5.226579826048145,2.6132899130240723
606192,"Hernández, Teoscar",R,Dodgers,471,6.761823535125743,1.3588512576399665,-8.541921450270591,-1.3780400845352283,9.573198645330269,-0.2067226287335398,WHIFFS,-8.541921450270591,4.2709607251352955,whiffs 30% (88th pct): contact work; stance: wider (narrower than typical for his height; model whiffs -0.3 pp per 3 in),coaching + moderate (stance),INPUTS,0.6890200422676142,power inputs below average on the pitches he gets (swing + pitch mix),coaching,INPUTS,-2.194855960268162,0.0
691723,"Mayo, Coby",R,Orioles,437,6.834244774948316,-4.369196116901036,-5.159999767642283,14.21935732936923,1.4285045544132529,-1.1358112073119342,WHIFFS,-5.159999767642283,2.5799998838211415,whiffs 29% (83th pct): contact work; stance: wider (narrower than typical for his height; model whiffs -0.3 pp per 3 in),coaching + moderate (stance),DECISIONS,2.184598058450518,"too passive on pitches down the middle (swings at 69%, 24th pct): attack hittable pitches",coaching,,,0.0
806198,"Pratt, Cooper",R,Brewers,252,6.939001611462178,2.1420067811936656,3.7245867740730927,-7.208837881142651,0.732626128498091,0.7730072729900757,INPUTS,-7.208837881142651,3.6044189405713256,"bat speed 69.1 mph (22th pct): strength / intent; flat swing path (attack angle 6°, league 9°)",coaching,,0.0,,,,,0.0
676724,"Young, Jared",L,Mets,343,7.359014556488615,2.0755195634817585,0.5314437465092651,7.940113022424955,-4.851213017537284,1.061625209903588,SQUARING,-4.851213017537284,2.425606508768642,not squaring the ball up given his swing: timing consistency / contact precision (check health if new),coaching,,0.0,,,,,0.0
502671,"Goldschmidt, Paul",R,Yankees,368,7.546262693629554,-1.470089087079379,-1.1691476256692346,2.9637656214939874,1.5398810293088514,1.3539928776845824,DECISIONS,-1.470089087079379,0.7350445435396895,swing/take choices in specific counts and locations,coaching,WHIFFS,0.5845738128346173,whiffs 24% (60th pct): contact work,coaching,SQUARING,-3.0276334594197714,0.0
703607,"Bolte, Henry",R,Athletics,449,7.585551090695489,5.1189326380006435,-9.491267424620672,8.360698774172972,-2.034401471646496,0.7462368320881376,WHIFFS,-9.491267424620672,4.745633712310336,whiffs 31% (91th pct): contact work; stance: wider (narrower than typical for his height; model whiffs -0.3 pp per 3 in),coaching + moderate (stance),SQUARING,1.017200735823248,not squaring the ball up given his swing: timing consistency / contact precision (check health if new),coaching,,,0.0
683002,"Henderson, Gunnar",L,Orioles,688,8.081108496321878,1.9604334109190176,0.7249454153430521,15.435139023537698,-8.15127987938982,0.4151055170515477,SQUARING,-8.15127987938982,4.07563993969491,not squaring the ball up given his swing: timing consistency / contact precision (check health if new),coaching,,0.0,,,SQUARING,-7.425009450938904,3.712504725469452
669065,"Stowers, Kyle",L,Marlins,502,8.138985416124575,-0.0258812413888266,-12.850863231204992,29.64967364011604,-7.562580547241703,1.8012575309564969,WHIFFS,-12.850863231204992,6.425431615602496,whiffs 33% (95th pct): contact work,coaching,SQUARING,3.7812902736208516,not squaring the ball up given his swing: timing consistency / contact precision (check health if new),coaching,SQUARING,-14.710268342638928,7.355134171319464
693304,"Gonzales, Nick",R,Pirates,593,8.139846843427026,2.405485252973955,1.5634943750627588,-2.8451902181910413,-0.3394678576758312,1.4191182438415848,INPUTS,-2.8451902181910413,1.4225951090955207,bat speed 70.1 mph (32th pct): strength / intent,coaching,,0.0,,,INPUTS,-0.38825784954405673,0.0
681715,"Hernández, Heriberto",R,Marlins,483,8.219106345994746,8.629447297977938,-10.400315483381425,11.84288369583562,3.802221667684491,-2.1064640202612637,WHIFFS,-10.400315483381425,5.200157741690712,whiffs 31% (91th pct): contact work,coaching,,0.0,,,,,0.0
677800,"Abreu, Wilyer",L,Red Sox,660,8.396412023702291,0.4683074074150766,2.2169307765445283,11.34054881316946,0.8963462845156254,-1.3192098678556978,,0.0,0.0,no part clearly below average,,,0.0,,,DECISIONS,-0.42691761952793483,0.0
671739,"Harris II, Michael",L,Braves,608,8.453851267155986,-15.937527795217289,6.765423374446241,7.181223990368895,5.49867114034499,-0.5353400856328828,DECISIONS,-15.937527795217289,7.968763897608644,chases 40% (98th pct): approach / pitch recognition,coaching,,0.0,,,DECISIONS,-5.777570757648029,2.8887853788240143
656811,"O'Hearn, Ryan",L,Pirates,433,8.601750291951674,-0.9414785538007422,1.9544738023438064,1.5204687779552444,-0.6460699910517147,1.2652584459974217,,0.0,0.0,no part clearly below average,,,0.0,,,WHIFFS,-3.4611751541965656,0.0
805367,"Meidroth, Chase",R,White Sox,634,8.711406650153291,0.0335400237027878,3.0542731611012335,-8.68678661822652,2.31121903956735,3.2918327856003033,INPUTS,-8.68678661822652,4.34339330911326,bat speed 66.1 mph (2th pct): strength / intent,coaching,,0.0,,,WHIFFS,-5.326301736446625,2.6631508682233127
677942,"Alexander, Blaze",R,Orioles,289,8.792231269464903,3.6514411564019458,0.3311834017881795,3.522605118725276,6.299296466944794,-2.2701972773048795,,0.0,0.0,no part clearly below average,,,0.0,,,,,0.0
693307,"Dingler, Dillon",R,Tigers,593,9.227059398690368,-7.419957911508284,2.1260966605896088,13.057198781501594,1.3695466724718135,-0.9414455759182224,DECISIONS,-7.419957911508284,3.709978955754142,"chases 29% (71th pct): approach / pitch recognition; stance: ~3 in deeper (stands 28 in; model chase -0.5 pp per 3 in, validated on 2026)",coaching + moderate (stance),,0.0,,,SQUARING,-4.681740217321799,0.0
701678,"Lee, Hao-Yu",R,Tigers,344,9.234429208898415,1.6483926746503472,-4.044173876163223,-7.80355222454908,3.44021095798908,2.751657231826068,INPUTS,-7.80355222454908,3.90177611227454,power inputs below average on the pitches he gets (swing + pitch mix),coaching,WHIFFS,2.0220869380816113,whiffs 25% (67th pct): contact work; stance: wider (narrower than typical for his height; model whiffs -0.3 pp per 3 in),coaching + moderate (stance),,,0.0
668804,"Reynolds, Bryan",L,Pirates,447,9.307328521201487,10.403194525533868,-3.5821959637930103,8.43639596019557,1.8316132056602652,-3.1231963766658217,WHIFFS,-3.5821959637930103,1.7910979818965052,whiffs 25% (67th pct): contact work,coaching,,0.0,,,INPUTS,-1.7475227783160268,0.0
681624,"Pages, Andy",R,Dodgers,555,9.619502876510271,-4.717581417098097,6.450713385088536,13.254420040574738,-3.068105318704942,-0.683337739628104,DECISIONS,-4.717581417098097,2.3587907085490487,swing/take choices in specific counts and locations,coaching,SQUARING,1.534052659352471,not squaring the ball up given his swing: timing consistency / contact precision (check health if new),coaching,SQUARING,-2.1890921217883954,0.0
691023,"Walker, Jordan",R,Cardinals,646,9.815715053058035,-5.365613778899198,-5.6559809596113455,20.630762734021,0.919939040746329,0.6588199583820337,WHIFFS,-5.6559809596113455,2.8279904798056728,whiffs 30% (87th pct): contact work,coaching,DECISIONS,2.682806889449599,"chases 32% (83th pct): approach / pitch recognition; stance: ~3 in deeper (stands 26 in; model chase -0.5 pp per 3 in, validated on 2026)",coaching + moderate (stance),WHIFFS,1.2106975779264317,0.0
596019,"Lindor, Francisco",L,Mets,308,9.958436234167191,3.0485230861270214,0.0041887168155478,10.416663879658715,-0.1095515731700525,-0.8228317629524607,,0.0,0.0,no part clearly below average,,,0.0,,,SQUARING,-4.323463610498854,0.0
680757,"Kwan, Steven",L,Guardians,618,10.039637134619962,9.535806690053052,12.659679132530632,-20.062145119884857,1.865910417498558,-0.4003823761792823,INPUTS,-20.062145119884857,10.031072559942428,"bat speed 61.8 mph (0th pct): strength / intent; flat swing path (attack angle 1°, league 9°)",coaching,,0.0,,,WHIFFS,-0.9586028769442745,0.0
682998,"Carroll, Corbin",L,Diamondbacks,646,10.052314763683372,-0.7827364996557737,-2.926208234132741,13.986711008080997,-1.6449700074021196,-0.3819958950379434,WHIFFS,-2.926208234132741,1.4631041170663706,whiffs 25% (66th pct): contact work; stance: wider (narrower than typical for his height; model whiffs -0.3 pp per 3 in),coaching + moderate (stance),SQUARING,0.8224850037010598,not squaring the ball up given his swing: timing consistency / contact precision (check health if new),coaching,SQUARING,-6.046897752709815,3.0234488763549074
682987,"Jones, Spencer",L,Yankees,275,10.101489357654753,-2.847211551936006,-12.543862840109664,42.55158760120763,-9.051260294555425,0.599847987247283,WHIFFS,-12.543862840109664,6.271931420054832,whiffs 37% (99th pct): contact work,coaching,SQUARING,4.525630147277712,not squaring the ball up given his swing: timing consistency / contact precision (check health if new),coaching,,,0.0
673962,"Jung, Josh",R,Rangers,435,10.34620016769044,-1.558339472689834,5.654406024736188,2.641200273386042,0.9195874630731876,-0.1741449223113782,DECISIONS,-1.558339472689834,0.779169736344917,swing/take choices in specific counts and locations,coaching,,0.0,,,SQUARING,-3.855389078488213,0.0
672386,"Kirk, Alejandro",R,Blue Jays,293,10.689575864042215,2.368569123407451,6.623770572824448,-5.654345152121785,-3.3216096729594073,1.722752049113961,INPUTS,-5.654345152121785,2.8271725760608923,"flat swing path (attack angle 5°, league 9°); meets the ball far out front (10 in) with low sweet-spot: stance ~3 in deeper (sweet-spot +1.6 pp per 3 in)",moderate (stance),SQUARING,1.6608048364797037,not squaring the ball up given his swing: timing consistency / contact precision (check health if new),coaching,SQUARING,-5.9505421034361365,2.9752710517180683
650333,"Arraez, Luis",L,zMLB,645,10.833161548539898,-2.601998645401659,18.035344992380015,-14.339622007097075,-4.335993586343871,2.7183564878959317,INPUTS,-14.339622007097075,7.169811003548538,bat speed 62.3 mph (0th pct): strength / intent,coaching,SQUARING,2.1679967931719357,not squaring the ball up given his swing: timing consistency / contact precision (check health if new),coaching,SQUARING,-2.4330922837087385,0.0
621439,"Buxton, Byron",R,Twins,406,11.016395501235513,-1.6024139660884382,-4.458017521546154,15.336733758836312,-0.7811848902918436,-0.644633770306627,WHIFFS,-4.458017521546154,2.229008760773077,whiffs 29% (85th pct): contact work,coaching,DECISIONS,0.8012069830442191,"chases 30% (76th pct): approach / pitch recognition; stance: ~3 in deeper (stands 24 in; model chase -0.5 pp per 3 in, validated on 2026)",coaching + moderate (stance),SQUARING,-6.1321828446339754,3.0660914223169877
669003,"Mitchell, Garrett",L,Brewers,512,11.274357003544536,6.9712827542595095,-11.09484910605927,26.912671570383655,-1.0455952631858243,-2.5529150186098,WHIFFS,-11.09484910605927,5.547424553029635,whiffs 33% (96th pct): contact work; stance: wider (narrower than typical for his height; model whiffs -0.3 pp per 3 in),coaching + moderate (stance),SQUARING,0.5227976315929121,not squaring the ball up given his swing: timing consistency / contact precision (check health if new),coaching,,,0.0
695600,"Jensen, Carter",L,Royals,585,11.401427351943894,5.679385316330976,-6.831752284411848,-1.4120248524525991,0.6050515718401207,3.04948222251542,WHIFFS,-6.831752284411848,3.415876142205924,whiffs 27% (73th pct): contact work,coaching,INPUTS,0.7060124262262996,"flat swing path (attack angle 6°, league 9°)",coaching,,,0.0
701398,"Stewart, Sal",R,Reds,673,11.439391246674226,1.5054318819832435,-0.0980615246197473,4.904346369589395,5.389764652953499,0.0836964662020029,,0.0,0.0,no part clearly below average,,,0.0,,,,,0.0
691594,"Sanoja, Javier",R,Marlins,470,11.510042001489154,-7.245922262498348,12.281794685347547,-18.23721555450444,-1.187588621431165,5.136775809825007,INPUTS,-18.23721555450444,9.11860777725222,"bat speed 68.4 mph (14th pct): strength / intent; flat swing path (attack angle 5°, league 9°)",coaching,DECISIONS,3.622961131249174,"chases 37% (94th pct): approach / pitch recognition; stance: ~3 in deeper (stands 21 in; model chase -0.5 pp per 3 in, validated on 2026)",coaching + moderate (stance),DECISIONS,-4.511485962050006,0.0
665019,"Clemens, Kody",L,Twins,568,11.93274719777591,-5.898716410824316,0.9067336299268534,1.2189710449396531,5.602237990548258,0.6181922078437996,DECISIONS,-5.898716410824316,2.949358205412158,chases 28% (67th pct): approach / pitch recognition,coaching,,0.0,,,DECISIONS,-4.043839346970886,0.0
666160,"Moniak, Mickey",L,Rockies,429,12.053552640670423,-10.491532211351265,-4.126056963630478,18.755971483176957,-10.20468215675342,6.853312400275848,DECISIONS,-10.491532211351265,5.245766105675632,"chases 39% (96th pct): approach / pitch recognition; stance: ~3 in deeper (stands 26 in; model chase -0.5 pp per 3 in, validated on 2026)",coaching + moderate (stance),SQUARING,5.10234107837671,not squaring the ball up given his swing: timing consistency / contact precision (check health if new),coaching,SQUARING,-11.499385071232991,5.749692535616496
677951,"Witt Jr., Bobby",R,Royals,599,12.137208038983232,-2.9959028511073056,4.302937393811434,1.7769127512858027,12.025165790890677,-5.050494702734772,DECISIONS,-2.9959028511073056,1.4979514255536528,"chases 30% (73th pct): approach / pitch recognition; stance: ~3 in deeper (stands 26 in; model chase -0.5 pp per 3 in, validated on 2026)",coaching + moderate (stance),,0.0,,,DECISIONS,-1.9920833743034916,0.0
694671,"Langford, Wyatt",R,Rangers,450,12.150846902320607,9.782055002910724,0.8871962210909862,5.794434525991738,-3.8619167598316713,0.97072541591564,SQUARING,-3.8619167598316713,1.9309583799158356,not squaring the ball up given his swing: timing consistency / contact precision (check health if new),coaching,,0.0,,,SQUARING,-3.7052901524543724,0.0
676475,"Burleson, Alec",L,Cardinals,652,12.212646749572572,-7.019598238376669,6.247839758725987,18.28317192361604,3.0019300419081003,-3.684737444580296,DECISIONS,-7.019598238376669,3.5097991191883344,chases 33% (88th pct): approach / pitch recognition,coaching,,0.0,,,DECISIONS,-4.395237476660437,0.0
686527,"Canzone, Dominic",L,Mariners,507,12.321826711390273,-4.328738984070337,1.2689311512460602,12.941651645760944,4.366602253220896,-1.704557803029138,DECISIONS,-4.328738984070337,2.1643694920351684,chases 31% (82th pct): approach / pitch recognition,coaching,,0.0,,,,,0.0
668723,"Vilade, Ryan",R,Rays,260,12.390705838275329,2.0447525610051014,0.9135029425306296,6.121305124200608,-0.2205327562166938,0.3463797294161277,,0.0,0.0,no part clearly below average,,,0.0,,,,,0.0
683737,"Busch, Michael",L,Cubs,689,12.941550370137056,7.293955802841509,-3.6426969889718426,-8.874702809036867,6.304091794211044,1.796766103376041,INPUTS,-8.874702809036867,4.4373514045184335,bat speed 67.9 mph (10th pct): strength / intent,coaching,WHIFFS,1.8213484944859213,whiffs 24% (59th pct): contact work,coaching,SQUARING,-5.270401558469275,2.6352007792346375
672960,"Okamoto, Kazuma",R,Blue Jays,617,12.99841747350905,3.3003950999337226,-7.375734798238764,16.722720714943662,-2.322662642139265,1.3723291098825796,WHIFFS,-7.375734798238764,3.687867399119382,whiffs 30% (90th pct): contact work; stance: wider (narrower than typical for his height; model whiffs -0.3 pp per 3 in),coaching + moderate (stance),SQUARING,1.1613313210696325,not squaring the ball up given his swing: timing consistency / contact precision (check health if new),coaching,,,0.0
665161,"Peña, Jeremy",R,Astros,462,13.03668076173578,-4.419754622501561,-4.057885095655646,-5.180835313342413,8.91717069200978,1.857950042193802,INPUTS,-5.180835313342413,2.5904176566712067,power inputs below average on the pitches he gets (swing + pitch mix),coaching,DECISIONS,2.2098773112507804,"chases 35% (93th pct): approach / pitch recognition; stance: ~3 in deeper (stands 28 in; model chase -0.5 pp per 3 in, validated on 2026)",coaching + moderate (stance),WHIFFS,-6.480373601534559,3.2401868007672796
660670,"Acuña Jr., Ronald",R,Braves,454,13.134151856410044,4.587887286614705,-6.320524694800159,30.536252570100903,-5.013559481645971,-2.1604175192584423,WHIFFS,-6.320524694800159,3.1602623474000797,whiffs 26% (72th pct): contact work,coaching,SQUARING,2.5067797408229855,not squaring the ball up given his swing: timing consistency / contact precision (check health if new),coaching,DECISIONS,-3.8405022554347843,0.0
696100,"Goodman, Hunter",R,Rockies,550,13.265442976567853,-9.2441584460893,-7.97288403722147,8.107390881323342,4.213039038482452,4.640242916734813,DECISIONS,-9.2441584460893,4.62207922304465,"chases 36% (94th pct): approach / pitch recognition; stance: ~3 in deeper (stands 28 in; model chase -0.5 pp per 3 in, validated on 2026)",coaching + moderate (stance),WHIFFS,3.986442018610735,whiffs 32% (94th pct): contact work,coaching,WHIFFS,-5.258372027719556,2.629186013859778
518692,"Freeman, Freddie",L,Dodgers,637,13.346978242966388,3.4960314715585388,2.3694863357390266,1.4579832982290164,6.889538909872033,-3.8973736650174713,,0.0,0.0,no part clearly below average,,,0.0,,,DECISIONS,-0.2713732950666512,0.0
671056,"Herrera, Iván",R,Cardinals,689,13.5432515689206,-0.6054926207011191,5.255142679807426,-1.1852988353506002,-2.674555491800799,0.9355747647800424,SQUARING,-2.674555491800799,1.3372777459003995,not squaring the ball up given his swing: timing consistency / contact precision (check health if new),coaching,INPUTS,0.5926494176753001,"flat swing path (attack angle 7°, league 9°)",coaching,INPUTS,-6.752462157782654,3.376231078891327
800050,"DeLauter, Chase",L,Guardians,536,13.555921763708415,6.5773213346481665,4.087481283147378,-0.637531724427459,-1.3026403172811865,0.1178322234358714,SQUARING,-1.3026403172811865,0.6513201586405932,not squaring the ball up given his swing: timing consistency / contact precision (check health if new),coaching,,0.0,,,,,0.0
543807,"Springer, George",R,Blue Jays,506,13.663718263291983,8.618531569807315,1.629705158075006,12.048696356336889,-13.68049829285156,4.023947758835021,SQUARING,-13.68049829285156,6.84024914642578,not squaring the ball up given his swing: timing consistency / contact precision (check health if new),coaching,,0.0,,,SQUARING,-10.584317821606476,5.292158910803238
667472,"Myers, Dane",R,Reds,330,13.766652432370943,5.08903035987306,-0.087591110393835,-8.523787717875312,3.6212470615867742,3.0030927093026754,INPUTS,-8.523787717875312,4.261893858937656,bat speed 70.2 mph (33th pct): strength / intent,coaching,,0.0,,,INPUTS,-0.1195589403692825,0.0
605141,"Betts, Mookie",R,Dodgers,504,14.08654834131482,6.130177660375891,7.0047225824030654,-18.61143118406225,3.3438518439163416,-0.1742005190415827,INPUTS,-18.61143118406225,9.305715592031126,bat speed 69.0 mph (21th pct): strength / intent,coaching,,0.0,,,DECISIONS,-1.4267049887988712,0.0
807712,"Keaschall, Luke",R,Twins,601,14.178887684756791,6.313574655492489,4.346489288777244,-4.894046573901737,-9.451501397148071,2.908206765998387,SQUARING,-9.451501397148071,4.725750698574036,not squaring the ball up given his swing: timing consistency / contact precision (check health if new),coaching,INPUTS,2.4470232869508686,bat speed 68.5 mph (15th pct): strength / intent,coaching,,,0.0
677649,"Duran, Ezequiel",R,Rangers,579,14.361924935927398,-1.380740970257809,0.7631433009271666,0.4152025741534842,-0.1774253655765749,4.627125273013206,DECISIONS,-1.380740970257809,0.6903704851289045,"chases 31% (82th pct): approach / pitch recognition; stance: ~3 in deeper (stands 28 in; model chase -0.5 pp per 3 in, validated on 2026)",coaching + moderate (stance),,0.0,,,,,0.0
669127,"Langeliers, Shea",R,Athletics,444,14.38933744994354,-3.9537401990477,-1.6109684823592472,9.998417072028715,5.233857920034274,-0.7259519195749163,DECISIONS,-3.9537401990477,1.97687009952385,"chases 29% (71th pct): approach / pitch recognition; stance: ~3 in deeper (stands 28 in; model chase -0.5 pp per 3 in, validated on 2026)",coaching + moderate (stance),WHIFFS,0.8054842411796236,whiffs 26% (71th pct): contact work,coaching,WHIFFS,-1.376755061186486,0.0
571448,"Arenado, Nolan",R,Diamondbacks,574,14.6705130132057,-4.555380261243017,3.445314886317856,-10.973137383851824,-0.3559098091985956,7.4447114566780765,INPUTS,-10.973137383851824,5.486568691925912,power inputs below average on the pitches he gets (swing + pitch mix),coaching,DECISIONS,2.2776901306215085,"too passive on pitches down the middle (swings at 66%, 13th pct): attack hittable pitches",coaching,WHIFFS,-6.871492981807421,3.4357464909037105
664983,"McCarthy, Jake",L,Rockies,574,14.80832362501371,-2.7488934181946405,3.132639756662506,-0.6214212295059288,0.7266715956000023,2.299161702490341,DECISIONS,-2.7488934181946405,1.3744467090973203,chases 33% (86th pct): approach / pitch recognition,coaching,,0.0,,,WHIFFS,-3.9213621372261214,0.0
669257,"Smith, Will",R,Dodgers,264,14.96591930493005,8.549107341651744,4.763142729674747,1.915516780652323,5.696115770875782,-3.0520260901942193,,0.0,0.0,no part clearly below average,,,0.0,,,WHIFFS,0.2683905885183817,0.0
641355,"Bellinger, Cody",L,Yankees,554,15.317346666209776,2.5152334097522475,5.027918377724951,-4.038020770343805,1.5700322550154582,1.2868575514269962,INPUTS,-4.038020770343805,2.0190103851719026,bat speed 68.9 mph (20th pct): strength / intent,coaching,,0.0,,,WHIFFS,-4.136431546698683,0.0
691016,"Soderstrom, Tyler",L,Athletics,449,15.430631472658003,6.777970047115492,0.022883976375229,8.899803800793094,-6.772352459235211,1.281889847231937,SQUARING,-6.772352459235211,3.3861762296176057,not squaring the ball up given his swing: timing consistency / contact precision (check health if new),coaching,,0.0,,,SQUARING,-10.923279458131859,5.461639729065929
803011,"Antonacci, Sam",L,White Sox,535,15.4379650124746,6.887667811995156,6.0874351694040625,4.918391283737041,-5.909189142299205,-1.070863850934236,SQUARING,-5.909189142299205,2.9545945711496024,not squaring the ball up given his swing: timing consistency / contact precision (check health if new),coaching,,0.0,,,,,0.0
545361,"Trout, Mike",R,Angels,604,15.74290597938051,6.323135880029618,-2.972469470711236,16.55220213603056,4.081647761351431,-3.514934632166205,WHIFFS,-2.972469470711236,1.486234735355618,whiffs 23% (53th pct): contact work,coaching,,0.0,,,SQUARING,-3.844271958992702,0.0
596142,"Sánchez, Gary",R,Brewers,262,15.784066646663252,6.030611065140848,-1.1725534179069923,3.736029612980468,-2.8284064829098776,0.6188562486476831,SQUARING,-2.8284064829098776,1.4142032414549388,not squaring the ball up given his swing: timing consistency / contact precision (check health if new),coaching,WHIFFS,0.5862767089534962,whiffs 26% (69th pct): contact work; stance: wider (narrower than typical for his height; model whiffs -0.3 pp per 3 in),coaching + moderate (stance),,,0.0
666018,"Aranda, Jonathan",L,Rays,647,15.85192209817051,0.7665737019720869,2.148410664766166,2.524973253181345,8.349275891225458,-0.3744189492137611,,0.0,0.0,no part clearly below average,,,0.0,,,SQUARING,-5.706768168384755,2.8533840841923777
669477,"Schmitt, Casey",R,Giants,408,16.128640097661368,-3.2977467985642464,2.472444154049589,-4.7480267723695535,14.168989533755957,-1.6064905267608791,INPUTS,-4.7480267723695535,2.3740133861847768,power inputs below average on the pitches he gets (swing + pitch mix),coaching,DECISIONS,1.6488733992821232,"chases 32% (85th pct): approach / pitch recognition; stance: ~3 in deeper (stands 27 in; model chase -0.5 pp per 3 in, validated on 2026)",coaching + moderate (stance),DECISIONS,-5.565712754638517,2.7828563773192583
592626,"Pederson, Joc",L,Rangers,431,16.146241498498377,1.5246953975794844,-4.0722881427659345,-2.797654319066603,8.398463269593648,-0.1601779530922438,WHIFFS,-4.0722881427659345,2.0361440713829673,whiffs 28% (79th pct): contact work; stance: wider (narrower than typical for his height; model whiffs -0.3 pp per 3 in),coaching + moderate (stance),INPUTS,1.3988271595333015,power inputs below average on the pitches he gets (swing + pitch mix),coaching,WHIFFS,-5.63273511077205,2.816367555386025
668709,"Bleday, JJ",L,Reds,526,16.268183762021216,12.33546823497503,-3.574043201076178,7.798325084509345,-3.4634760765665713,0.1284030885556376,WHIFFS,-3.574043201076178,1.787021600538089,whiffs 25% (64th pct): contact work,coaching,SQUARING,1.7317380382832857,not squaring the ball up given his swing: timing consistency / contact precision (check health if new),coaching,SQUARING,-1.5322457265292777,0.0
694192,"Chourio, Jackson",R,Brewers,551,16.372814514951425,-4.360842021778066,0.5737781234706085,11.600686552286652,3.4954650603426893,1.5809360577859166,DECISIONS,-4.360842021778066,2.180421010889033,"chases 30% (76th pct): approach / pitch recognition; stance: ~3 in deeper (stands 26 in; model chase -0.5 pp per 3 in, validated on 2026)",coaching + moderate (stance),,0.0,,,WHIFFS,0.2072148188751663,0.0
808959,"Murakami, Munetaka",L,White Sox,523,16.413249761529368,7.724297586905259,-17.247005504050254,24.95750475896968,-0.4039364664879423,0.4536250381360953,WHIFFS,-17.247005504050254,8.623502752025127,whiffs 40% (100th pct): contact work; stance: wider (narrower than typical for his height; model whiffs -0.3 pp per 3 in),coaching + moderate (stance),,0.0,,,,,0.0
686948,"Baldwin, Drake",L,Braves,594,16.43608637775645,-4.057284211249838,2.354142242910033,23.34393466833917,0.7832133779002797,-2.7837797788936753,DECISIONS,-4.057284211249838,2.028642105624919,"chases 31% (79th pct): approach / pitch recognition; stance: ~3 in deeper (stands 28 in; model chase -0.5 pp per 3 in, validated on 2026)",coaching + moderate (stance),,0.0,,,WHIFFS,-5.611232591545186,2.805616295772593
689414,"Hicks, Liam",L,zMLB,532,16.504983013951325,2.1743019553638665,8.65530485845332,-16.956400544192373,-2.276007952434096,4.167741967798107,INPUTS,-16.956400544192373,8.478200272096187,bat speed 67.6 mph (8th pct): strength / intent,coaching,SQUARING,1.138003976217048,not squaring the ball up given his swing: timing consistency / contact precision (check health if new),coaching,DECISIONS,-5.4494085736136615,2.7247042868068307
663616,"Larnach, Trevor",L,Twins,434,16.67921246583865,-1.558510294276237,0.5527615061875142,-16.07734505274278,6.016133717108846,1.9732723173930045,INPUTS,-16.07734505274278,8.03867252637139,power inputs below average on the pitches he gets (swing + pitch mix),coaching,DECISIONS,0.7792551471381185,"too passive on pitches down the middle (swings at 67%, 16th pct): attack hittable pitches",coaching,INPUTS,-9.863380915007816,4.931690457503908
680777,"Jeffers, Ryan",R,Twins,355,16.70202199803317,6.3305265282924825,7.866573607607208,5.342867626344241,-2.636073609803328,0.5796444798175368,SQUARING,-2.636073609803328,1.318036804901664,not squaring the ball up given his swing: timing consistency / contact precision (check health if new),coaching,,0.0,,,SQUARING,-2.33419858480099,0.0
673237,"Diaz, Yainer",R,Astros,339,16.718551195390173,-5.952938475284518,3.8444017814134783,-2.630863871256079,0.0507161556191521,3.322339976043805,DECISIONS,-5.952938475284518,2.976469237642259,chases 38% (96th pct): approach / pitch recognition,coaching,INPUTS,1.3154319356280395,power inputs below average on the pitches he gets (swing + pitch mix),coaching,SQUARING,-5.639083120681507,2.8195415603407534
686797,"Lee, Brooks",L,Twins,416,17.022919662443847,-3.746071244920761,10.187604649837333,-3.8372477024147034,-5.244696369689055,5.3580556414764215,SQUARING,-5.244696369689055,2.6223481848445274,not squaring the ball up given his swing: timing consistency / contact precision (check health if new),coaching,INPUTS,1.9186238512073517,bat speed 69.1 mph (22th pct): strength / intent,coaching,DECISIONS,-1.4593515663737704,0.0
680869,"Gelof, Zack",R,Athletics,414,17.367777475988998,5.611654085934905,-8.289146965761631,9.30726834413676,-1.0617271651333915,2.0057438321887298,WHIFFS,-8.289146965761631,4.144573482880816,whiffs 27% (75th pct): contact work,coaching,SQUARING,0.5308635825666957,not squaring the ball up given his swing: timing consistency / contact precision (check health if new),coaching,SQUARING,-0.012938034676669874,0.0
672695,"Perdomo, Geraldo",L,Diamondbacks,458,17.707681275729964,11.475927321234648,9.003253661283823,-9.85200923591256,0.1744999180788994,-0.5104705682778369,INPUTS,-9.85200923591256,4.92600461795628,bat speed 66.3 mph (3th pct): strength / intent,coaching,,0.0,,,SQUARING,-1.0070376598154802,0.0
671976,"Peters, Tristan",L,White Sox,470,17.87478377053888,-0.7424196479884955,2.2785945957104787,-5.807864994310652,1.1472695057662934,3.6661790916388313,INPUTS,-5.807864994310652,2.903932497155326,bat speed 68.8 mph (19th pct): strength / intent,coaching,,0.0,,,,,0.0
699013,"Valdez, Esmerlyn",R,Pirates,287,18.034882461425713,9.390236160644092,-15.362536131093556,15.601552485944438,3.492302413568137,2.032986964301976,WHIFFS,-15.362536131093556,7.681268065546778,whiffs 36% (98th pct): contact work; stance: wider (narrower than typical for his height; model whiffs -0.3 pp per 3 in),coaching + moderate (stance),,0.0,,,,,0.0
682829,"De La Cruz, Elly",L,Reds,432,18.094011915836266,-5.593495206658448,-1.308622732936532,21.10012868802129,6.1507809946278815,-2.2176810245505982,DECISIONS,-5.593495206658448,2.796747603329224,"too passive on pitches down the middle (swings at 61%, 3th pct): attack hittable pitches",coaching,WHIFFS,0.654311366468266,whiffs 27% (74th pct): contact work,coaching,DECISIONS,-2.730510049938074,0.0
701807,"Benge, Carson",L,Mets,630,18.23508119223892,0.9519836401934446,1.278627988281314,-4.360147334327476,8.728034523951061,-0.4550683681620955,INPUTS,-4.360147334327476,2.180073667163738,"flat swing path (attack angle 6°, league 9°)",coaching,,0.0,,,,,0.0
672640,"Lopez, Otto",R,Marlins,671,18.364736080889767,-0.4603002535542572,7.476978012268806,-9.23743668205178,2.990990696076965,2.4457626829336725,INPUTS,-9.23743668205178,4.61871834102589,"flat swing path (attack angle 5°, league 9°)",coaching,,0.0,,,SQUARING,-1.0380797056662825,0.0
665052,"Conine, Griffin",L,Marlins,305,18.510480477412276,-1.2103405553098856,-10.939655705638152,10.3143863547798,7.629034464464412,-0.7210765324708571,WHIFFS,-10.939655705638152,5.469827852819076,whiffs 35% (98th pct): contact work,coaching,DECISIONS,0.6051702776549428,chases 29% (69th pct): approach / pitch recognition,coaching,,,0.0
650490,"Díaz, Yandy",R,Rays,664,18.621551145688695,0.8437319483074621,7.307177890079491,-10.920047668886392,9.839005945793982,0.9621349748158337,INPUTS,-10.920047668886392,5.460023834443196,"flat swing path (attack angle 1°, league 9°)",coaching,,0.0,,,DECISIONS,-4.009019578491949,0.0
673548,"Suzuki, Seiya",R,Cubs,612,19.224637826970326,6.350432658388306,0.3120105787036332,6.036820816005485,-0.5923429414926323,2.7682193605407495,,0.0,0.0,no part clearly below average,,,0.0,,,SQUARING,-7.357320174460455,3.6786600872302273
664023,"Happ, Ian",L,Cubs,469,19.337038963669052,11.435542478568316,-8.446315787322137,5.84448665038523,2.0443006530954584,2.691542501843554,WHIFFS,-8.446315787322137,4.223157893661068,whiffs 27% (78th pct): contact work; stance: wider (narrower than typical for his height; model whiffs -0.3 pp per 3 in),coaching + moderate (stance),,0.0,,,WHIFFS,-6.092341401331386,3.046170700665693
624424,"Conforto, Michael",L,Cubs,296,19.46934992084706,2.9284212804482954,-1.8276622507315583,2.3797143399087797,-0.0183384236002857,1.6242457704513635,WHIFFS,-1.8276622507315583,0.9138311253657792,whiffs 24% (62th pct): contact work,coaching,,0.0,,,INPUTS,-9.023953185474078,4.511976592737039
668930,"Turang, Brice",L,Brewers,659,19.60225791152713,5.948453968997861,-2.02360933319629,-2.8503394862260687,9.323262671460258,1.5250837321415314,INPUTS,-2.8503394862260687,1.4251697431130343,bat speed 69.3 mph (24th pct): strength / intent,coaching,WHIFFS,1.011804666598145,whiffs 21% (43th pct): contact work; stance: wider (narrower than typical for his height; model whiffs -0.3 pp per 3 in),coaching + moderate (stance),WHIFFS,-6.967044760033163,3.4835223800165815
691406,"Caminero, Junior",R,Rays,672,19.849079483269076,-7.193601263632097,5.381627955586736,19.789262688414738,-2.0947444490239393,2.099569925877955,DECISIONS,-7.193601263632097,3.5968006318160484,"too passive on pitches down the middle (swings at 68%, 19th pct): attack hittable pitches",coaching,SQUARING,1.0473722245119697,not squaring the ball up given his swing: timing consistency / contact precision (check health if new),coaching,INPUTS,-0.727801615674597,0.0
668939,"Rutschman, Adley",L,zMLB,263,19.970457610250246,1.997176506599837,7.63204507365794,3.2681977341630764,-0.6028098790370724,1.310110118979805,,0.0,0.0,no part clearly below average,,,0.0,,,WHIFFS,0.05907270501663753,0.0
664040,"Lowe, Brandon",L,Pirates,638,20.065972229586855,-0.5212665372466332,-5.378965050132983,18.296255949694448,-1.476169422407569,3.2817667791249834,WHIFFS,-5.378965050132983,2.6894825250664915,whiffs 33% (95th pct): contact work,coaching,SQUARING,0.7380847112037845,not squaring the ball up given his swing: timing consistency / contact precision (check health if new),coaching,DECISIONS,-3.6458597327796327,0.0
663993,"Lowe, Nathaniel",L,zMLB,416,20.38318343780446,1.9656654011372412,0.5648034721964144,17.88314496257829,-3.241742967524476,1.22685764689562,SQUARING,-3.241742967524476,1.620871483762238,not squaring the ball up given his swing: timing consistency / contact precision (check health if new),coaching,,0.0,,,DECISIONS,-0.9665455014293354,0.0
646240,"Devers, Rafael",L,Giants,625,20.915327307660753,-2.059715844126885,-4.814374626973542,3.4703080865183864,8.627131755500091,2.5714645021998552,WHIFFS,-4.814374626973542,2.407187313486771,whiffs 27% (73th pct): contact work,coaching,DECISIONS,1.0298579220634425,"too passive on pitches down the middle (swings at 67%, 17th pct): attack hittable pitches",coaching,SQUARING,-4.247428328885327,0.0
805808,"McGonigle, Kevin",L,Tigers,691,20.92895422735403,13.83052212617567,5.872260331347707,13.497094874748564,-10.27149648940854,-0.7158515333821351,SQUARING,-10.27149648940854,5.13574824470427,not squaring the ball up given his swing: timing consistency / contact precision (check health if new),coaching,,0.0,,,,,0.0
671277,"García Jr., Luis",L,zMLB,534,21.0990114297193,-9.18756508579406,6.287878188453118,8.962205447043319,3.864171824506418,2.061494848707614,DECISIONS,-9.18756508579406,4.59378254289703,chases 34% (89th pct): approach / pitch recognition,coaching,,0.0,,,SQUARING,-3.119380193161248,0.0
608324,"Bregman, Alex",R,Cubs,692,21.206962712893315,6.756283544573229,6.579082190511374,-8.947149971208637,-2.491694272755685,4.8264347593305725,INPUTS,-8.947149971208637,4.473574985604318,bat speed 69.1 mph (21th pct): strength / intent,coaching,SQUARING,1.2458471363778425,not squaring the ball up given his swing: timing consistency / contact precision (check health if new),coaching,INPUTS,-3.205171897492363,0.0
622268,"Walton, Donovan",L,zMLB,252,21.494313113041738,8.8907452870175,-0.5352290351297179,-7.2050442884111945,-0.6114334048396994,1.684967977896065,INPUTS,-7.2050442884111945,3.6025221442055972,bat speed 67.1 mph (4th pct): strength / intent,coaching,,0.0,,,,,0.0
695578,"Wood, James",L,Nationals,598,21.865843173074076,5.174698162213209,-6.698291575762713,31.4922456147511,6.301339336965003,-6.439789449993077,WHIFFS,-6.698291575762713,3.3491457878813566,whiffs 28% (82th pct): contact work; stance: wider (narrower than typical for his height; model whiffs -0.3 pp per 3 in),coaching + moderate (stance),,0.0,,,WHIFFS,-0.5675344287312551,0.0
670623,"Paredes, Isaac",R,Astros,636,21.87120266352849,3.607258042718893,12.629843264653056,-17.73315428543245,0.4841266424765585,5.74924047789142,INPUTS,-17.73315428543245,8.866577142716226,bat speed 66.4 mph (3th pct): strength / intent,coaching,,0.0,,,DECISIONS,-3.1979429638543415,0.0
682928,"Abrams, CJ",L,Nationals,636,21.893087753833264,-4.087293474036414,-2.624853216163016,4.06821687088129,4.63416440106135,4.617432475872959,DECISIONS,-4.087293474036414,2.043646737018207,chases 32% (84th pct): approach / pitch recognition,coaching,WHIFFS,1.312426608081508,whiffs 27% (77th pct): contact work,coaching,WHIFFS,-5.359129865452211,2.6795649327261053
695506,"Caglianone, Jac",L,Royals,533,22.160454883346617,-9.609600767087043,-1.6968648562492583,18.342972550665667,5.974094853133593,0.8866289311200722,DECISIONS,-9.609600767087043,4.804800383543522,"chases 35% (93th pct): approach / pitch recognition; stance: ~3 in deeper (stands 22 in; model chase -0.5 pp per 3 in, validated on 2026)",coaching + moderate (stance),WHIFFS,0.8484324281246292,whiffs 27% (78th pct): contact work,coaching,,,0.0
678246,"Vargas, Miguel",R,White Sox,678,23.07580183499291,12.201320164960729,1.941883347522525,13.63260825183301,1.5329889208898249,-2.95651352959846,,0.0,0.0,no part clearly below average,,,0.0,,,WHIFFS,-1.452983057140907,0.0
665487,"Tatis Jr., Fernando",R,Padres,681,23.35195481921983,5.085589151847103,-0.6751575087668348,15.65790218211136,3.0268286361366963,-3.994196385571135,,0.0,0.0,no part clearly below average,,,0.0,,,SQUARING,-2.2860346279371972,0.0
682985,"Greene, Riley",L,Tigers,571,23.596428429170743,5.322528789161729,-5.895986091656762,29.934021228602713,-0.5845351623100795,-1.1335145261023545,WHIFFS,-5.895986091656762,2.947993045828381,whiffs 28% (79th pct): contact work; stance: wider (narrower than typical for his height; model whiffs -0.3 pp per 3 in),coaching + moderate (stance),,0.0,,,WHIFFS,-0.7535106877817812,0.0
547180,"Harper, Bryce",L,Phillies,668,23.625586024087056,4.139757066711952,-0.499101935799741,12.068817308640034,5.990062396460371,-1.417530330839312,,0.0,0.0,no part clearly below average,,,0.0,,,WHIFFS,-1.2191143726644456,0.0
660271,"Ohtani, Shohei",L,Dodgers,581,23.864315830319686,-1.0749038739582029,-2.8659906912138102,17.774038247054683,11.926567767960927,-4.739613952505182,WHIFFS,-2.8659906912138102,1.4329953456069051,whiffs 29% (82th pct): contact work,coaching,DECISIONS,0.5374519369791014,swing/take choices in specific counts and locations,coaching,SQUARING,-11.299162995703737,5.649581497851869
681198,"Rumfield, TJ",L,Rockies,618,24.02103084057083,4.651198306529449,6.250993892555591,-0.5277527218302618,-5.120926385711639,4.779575325270628,SQUARING,-5.120926385711639,2.5604631928558197,not squaring the ball up given his swing: timing consistency / contact precision (check health if new),coaching,,0.0,,,,,0.0
678554,"Mead, Curtis",R,zMLB,331,24.2870850374866,6.035517909657566,5.60904442048593,1.6244863640905662,3.1296634234697507,0.2696947042461423,,0.0,0.0,no part clearly below average,,,0.0,,,,,0.0
672515,"Moreno, Gabriel",R,Diamondbacks,530,24.29927766549331,-1.7842875704961292,13.219658355418602,2.051230321092354,3.973704216146186,0.4622510627305868,DECISIONS,-1.7842875704961292,0.8921437852480646,"too passive on pitches down the middle (swings at 59%, 1th pct): attack hittable pitches",coaching,,0.0,,,DECISIONS,-3.8699488862866795,0.0
624413,"Alonso, Pete",R,Orioles,677,24.39121099863862,2.4710223384315646,-2.82678248727119,19.470352822902445,9.345259195077036,-3.9776472681223702,WHIFFS,-2.82678248727119,1.413391243635595,whiffs 25% (63th pct): contact work,coaching,,0.0,,,WHIFFS,-2.8278790913055767,0.0
683734,"Vaughn, Andrew",R,Brewers,331,24.749538895105054,5.439272770181708,5.196828942866823,-8.362396925845655,0.3646785205020224,3.1679234057059324,INPUTS,-8.362396925845655,4.181198462922827,bat speed 69.8 mph (27th pct): strength / intent,coaching,,0.0,,,SQUARING,-6.944286656780029,3.4721433283900147
621566,"Olson, Matt",L,Braves,674,24.932655155217784,0.2046797867836893,-0.8464931770618481,13.566697603933026,4.950234514565938,0.8710994770016531,,0.0,0.0,no part clearly below average,,,0.0,,,DECISIONS,-1.8248763781760053,0.0
571970,"Muncy, Max",L,Dodgers,543,25.39499173391266,6.059934132624172,-6.300462181690909,3.2377580818251332,7.143411824818268,2.1617932465354945,WHIFFS,-6.300462181690909,3.1502310908454545,whiffs 26% (72th pct): contact work; stance: wider (narrower than typical for his height; model whiffs -0.3 pp per 3 in),coaching + moderate (stance),,0.0,,,DECISIONS,-6.076917153587071,3.0384585767935355
665833,"Cruz, Oneil",L,Pirates,408,25.98967492671661,-7.677526134054173,-5.6202543902638,9.505883994965536,12.051842857596451,1.9509913248739368,DECISIONS,-7.677526134054173,3.8387630670270867,"too passive on pitches down the middle (swings at 61%, 4th pct): attack hittable pitches",coaching,WHIFFS,2.8101271951319,whiffs 34% (97th pct): contact work,coaching,INPUTS,-2.2950734466971916,0.0
545341,"Grichuk, Randal",R,zMLB,266,26.47046314217288,-5.66092234690762,-1.8549636961070315,7.594914083874352,4.822041973709766,1.9765785528506072,DECISIONS,-5.66092234690762,2.83046117345381,"chases 30% (77th pct): approach / pitch recognition; stance: ~3 in deeper (stands 25 in; model chase -0.5 pp per 3 in, validated on 2026)",coaching + moderate (stance),WHIFFS,0.9274818480535157,whiffs 22% (50th pct): contact work,coaching,,,0.0
805811,"Eldridge, Bryce",L,Giants,447,27.44698622061021,7.893521048786315,-6.066114371078273,3.7118408738362416,8.280602042623197,1.0370555012145275,WHIFFS,-6.066114371078273,3.0330571855391364,whiffs 25% (66th pct): contact work,coaching,,0.0,,,,,0.0
668227,"Arozarena, Randy",R,Mariners,646,29.36383855940605,-0.215437156773011,1.7259523573787283,-0.0519796525659683,3.5584654607129287,3.1312916730117317,,0.0,0.0,no part clearly below average,,,0.0,,,DECISIONS,-2.6673282418002944,0.0
592450,"Judge, Aaron",R,Yankees,280,29.815040782986728,2.133426016750233,-5.891293456459859,14.467548953723805,10.0414249352519,-1.104775588344705,WHIFFS,-5.891293456459859,2.9456467282299297,whiffs 31% (92th pct): contact work; stance: wider (narrower than typical for his height; model whiffs -0.3 pp per 3 in),coaching + moderate (stance),,0.0,,,SQUARING,-14.069084275202357,7.0345421376011785
664034,"France, Ty",R,Padres,480,30.04428486421974,-1.358581795155455,0.6226760600938912,8.156892128851265,-3.3922834941681046,5.904988430466205,SQUARING,-3.3922834941681046,1.6961417470840523,not squaring the ball up given his swing: timing consistency / contact precision (check health if new),coaching,DECISIONS,0.6792908975777275,chases 30% (73th pct): approach / pitch recognition,coaching,WHIFFS,-3.867095193850683,0.0
641343,"Bauers, Jake",L,Brewers,551,30.532646433174865,11.84043664181073,-5.801246145505,20.8124838079765,-0.8613304602543147,-0.1872390545376262,WHIFFS,-5.801246145505,2.9006230727525,whiffs 27% (76th pct): contact work; stance: wider (narrower than typical for his height; model whiffs -0.3 pp per 3 in),coaching + moderate (stance),,0.0,,,DECISIONS,1.5590273227100369,0.0
656941,"Schwarber, Kyle",L,Phillies,672,31.33013580094886,2.2715978002245025,-8.077463703942938,15.398746111835973,8.496915616512704,1.6311389606394364,WHIFFS,-8.077463703942938,4.038731851971469,whiffs 30% (89th pct): contact work,coaching,,0.0,,,DECISIONS,-4.111903092902072,0.0
700250,"Rice, Ben",L,Yankees,646,32.572505376569055,4.334676834173124,-2.2244513346793147,10.952104307988405,8.379620818188249,-0.1710613248301013,WHIFFS,-2.2244513346793147,1.1122256673396573,whiffs 24% (57th pct): contact work,coaching,,0.0,,,WHIFFS,-4.84551377301557,0.0
701762,"Kurtz, Nick",L,Athletics,426,32.66256881988883,8.791200543226678,-12.152437774227533,29.95580454934784,-1.939393987344874,0.9811071801523872,WHIFFS,-12.152437774227533,6.076218887113766,whiffs 33% (96th pct): contact work; stance: wider (narrower than typical for his height; model whiffs -0.3 pp per 3 in),coaching + moderate (stance),SQUARING,0.969696993672437,not squaring the ball up given his swing: timing consistency / contact precision (check health if new),coaching,INPUTS,-4.145860665581566,0.0
575929,"Contreras, Willson",R,Red Sox,532,40.209672157435115,-4.992668638907409,-1.7082981942183233,21.0591853855772,2.933054056366017,4.252818330043744,DECISIONS,-4.992668638907409,2.4963343194537044,"chases 31% (82th pct): approach / pitch recognition; stance: ~3 in deeper (stands 27 in; model chase -0.5 pp per 3 in, validated on 2026)",coaching + moderate (stance),WHIFFS,0.8541490971091616,whiffs 29% (86th pct): contact work,coaching,DECISIONS,-5.460909345340361,2.7304546726701804
665742,"Soto, Juan",L,Mets,447,40.613241018296186,12.891262691936284,1.1673819669092649,5.6662779403305255,7.923028893300935,-1.8781116143015584,,0.0,0.0,no part clearly below average,,,0.0,,,INPUTS,-10.071077968040926,5.035538984020463
691718,"Crow-Armstrong, Pete",L,Cubs,700,41.294017317317895,-6.034603249506335,0.5890096504760465,17.616015864410084,8.868215470788959,3.4856547215708304,DECISIONS,-6.034603249506335,3.0173016247531677,chases 31% (81th pct): approach / pitch recognition,coaching,,0.0,,,WHIFFS,2.2020277295935804,0.0
670541,"Alvarez, Yordan",L,Astros,634,47.208740004928586,-5.5958528106215635,7.213749306540312,15.7064928215612,19.01736237553148,-4.218768973634474,DECISIONS,-5.5958528106215635,2.7979264053107817,"too passive on pitches down the middle (swings at 66%, 12th pct): attack hittable pitches",coaching,,0.0,,,DECISIONS,0.0007889807842866858,0.0
