batter,side,year,PA,LUCK,DEF,WX,PARK,OTHER_LUCK,LUCK_acc
444482,L,2024,262,4.082866517044583,-0.07398008261988966,0.06856793108560348,-0.5912002920542859,4.679478960633155,4.082866517044583
453568,L,2024,499,12.626985312802274,-0.03430429806177328,0.33762682136361305,0.1374815051341042,12.186181284366329,12.626985312802274
455117,R,2025,161,6.473970996525429,-0.02779141876476266,0.1306035198282406,-0.22686858334242982,6.59802747880438,6.473970996525429
456781,R,2024,309,14.30576531467144,-0.02074326828081315,0.17150238218187447,-0.8328388462860155,14.987845047056394,14.30576531467144
456781,R,2025,180,11.363388398026819,-0.04028472994732802,0.3094084207947121,-0.8434285374185266,11.937693244597957,11.36338839802682
457705,R,2024,514,4.506575972489766,-0.06978421162850784,0.2783273777180689,0.4440661680341344,3.8539666383660696,4.506575972489766
457705,R,2025,547,-16.25209139847475,-0.05289302916667335,0.10192175134614993,-0.6215886183554418,-15.679531502298786,-16.25209139847475
457759,R,2024,537,-2.786277410436886,-0.01986659347556758,0.20932822804013518,0.49108508289383324,-3.466824127895287,-2.786277410436886
457759,R,2025,191,-17.538632049315346,-0.003206529145381847,-0.7432347815957856,-0.6972020030221755,-16.094988735552,-17.538632049315346
467793,L,2024,431,-5.8998436479881144,-0.0040805767789642185,-0.03916739221753928,0.3692687533082298,-6.225864432299839,-5.8998436479881144
467793,L,2025,328,7.119989745509329,0.054107789638576244,0.24697756670231033,-0.1206849799773895,6.939589369145832,7.119989745509329
467793,R,2024,162,10.876087352972183,-0.01011779657627591,0.20906914608067098,-0.09014499931918747,10.767281002786977,10.876087352972185
500743,R,2024,337,10.315074984999526,-0.05407446089015978,0.4015454843380143,-0.3723559100014029,10.339959871553075,10.315074984999526
500743,R,2025,315,14.425118755092983,0.02774995096176021,0.24102778369705033,0.0506847669490787,14.105656253485096,14.425118755092983
500743,R,2026,243,3.1127288895825815,-0.008393670873911385,0.5149172136074768,0.5079482995772111,2.0982570472718045,3.1127288895825815
502054,R,2024,479,-3.745927408083446,-0.08652420748421752,0.2873360016923535,-0.5349760864637033,-3.411763115827878,-3.745927408083446
502054,R,2025,447,-0.7181820056319355,-0.06743345746333719,0.17516131235791332,-0.5821123094667257,-0.24379755105978582,-0.7181820056319355
502110,R,2024,495,-17.490393065379212,0.013920585221302146,0.2756872146074768,-0.00318411446957908,-17.776816750738412,-17.490393065379212
502671,R,2024,654,-4.545813577087955,-0.02805787237584476,0.7141531656630652,-0.6987617052248509,-4.533147165150324,-4.5527750067619035
502671,R,2025,529,-7.7540152782729335,0.07751399887262402,0.3561019430113084,-0.4345122374572746,-7.753118982699591,-7.754015278272933
502671,R,2026,369,7.0651855949567715,-0.049566190227469636,0.2898914538029972,0.6167722842933583,6.208088047087885,7.084384468856111
514888,R,2024,680,10.952222467148893,0.02139412448921368,0.1911736874559721,1.217392802465061,9.522261852738643,10.952222467148893
514888,R,2025,649,16.275246371048237,0.059790378269657385,0.2863364294394898,1.3642375445093977,14.56488201882969,16.275246371048237
514888,R,2026,550,18.27378854103017,0.11180349085529234,0.15519419675857676,0.40160856517463456,17.605182288241664,18.27378854103017
516782,R,2024,369,-12.07628360500461,-0.022160803138606796,0.13126011054875358,-0.019022773072716184,-12.166360139342041,-12.07628360500461
516782,R,2025,329,6.126158380795261,0.01630561940679012,0.16090017643956683,-0.8106826179102772,6.759635202859182,6.126158380795261
516782,R,2026,168,-11.588005777199545,0.06031246967040056,0.11641838544495031,-0.14859997815626788,-11.616136654158629,-11.588005777199545
518595,R,2024,341,3.166344120435702,-0.023344252007316067,0.24332281247047832,0.6621186011424743,2.2842469588300656,3.166344120435702
518595,R,2025,231,-3.5746353322762707,-0.05296944069527288,0.339730465491491,-0.004119377659186666,-3.8572769794133017,-3.5746353322762707
518692,L,2024,630,-1.8506355206912442,-0.05310776483733687,-0.08119392268269071,-0.5671918305397692,-1.1491420026314472,-1.850635520691244
518692,L,2025,621,9.09084715110457,0.022712337204992054,0.3309358361379633,-0.05279881015153414,8.78999778791315,9.09084715110457
518692,L,2026,637,-13.426396190921125,-0.010906698624927076,0.4279461401172485,0.7058450140777849,-14.549280646491232,-13.426396190921125
518735,L,2024,183,25.067791111400858,-0.09874501112931121,0.5140518118109899,0.35749579617744603,24.29498851454174,25.067791111400854
518792,L,2024,256,4.403625232337198,0.020294291795782377,0.23470604844138518,0.15892118114155585,3.9897037109584756,4.403625232337198
518934,R,2024,228,-29.089893471564334,0.04823882631154606,0.4865663168865713,-0.031084715520178687,-29.593613899242275,-29.089893471564334
519203,L,2024,376,-4.965442939154666,0.03144299048459873,0.03174668743730219,0.08799566502723391,-5.116628282103802,-4.965442939154666
519317,R,2024,459,-7.878624089529501,0.00854664784532122,-0.11657675911018082,0.2708513597043371,-8.041445337968979,-7.895826325532841
519317,R,2025,278,21.704324592429785,0.03165373006954064,0.4749361902831702,-0.7219055142805989,21.91964018635768,21.704324592429785
521692,R,2024,644,-9.880815256095763,0.03146579835788385,0.13503681798056955,-0.6418782754638662,-9.405439596970352,-9.880815256095763
521692,R,2025,636,-24.004070919085983,0.05931302344733662,0.34684042079340877,-0.5302161953656352,-23.88000816796109,-24.004070919085983
521692,R,2026,607,-12.06511281103386,0.08397840794705524,0.44084409786877327,-0.25675969053874426,-12.333175626310945,-12.06511281103386
527038,R,2024,242,-9.437337261219662,-0.0367276858221714,0.20814965488210152,-0.5675394743045007,-9.04121975597509,-9.476496336992358
527038,R,2025,464,16.518151192164307,-0.0021823702091826407,0.1003399681397009,0.08105302077583187,16.338940573457958,16.518151192164307
542303,R,2024,687,-6.859800818904547,0.007407123272334845,0.2836057719832602,0.6488753524495484,-7.799689066609691,-6.859800818904547
542303,R,2025,590,-5.623382423863116,-0.00266035836912377,0.5749162466951304,-0.7817325421196158,-5.413905770069507,-5.623382423863116
542303,R,2026,280,-14.657372517232238,-0.10797335867583308,0.12003204884465797,0.09474745692455717,-14.764178664325623,-14.657372517232238
543309,R,2024,262,10.110450148481409,-0.005786974676687616,0.21923101782737556,-0.6950257153739523,10.59203182070467,10.110450148481409
543309,R,2025,327,9.703310179976997,0.023841146941628782,0.12246715513759408,-1.7431615558793252,11.3001634337771,9.703310179976995
543309,R,2026,186,4.046410037338732,0.06226037345418628,0.13351971031640156,-0.34325741220563033,4.193887365773772,4.046410037338732
543510,R,2024,233,-4.14832390173546,-0.03557274808408882,0.12188298246185168,-0.7322829305220251,-3.5023512055911996,-4.14832390173546
543510,R,2026,152,18.53245703112519,-0.020572597856824564,0.13237890017970932,-0.28692593219529744,18.7075766609976,18.53245703112519
543685,R,2024,238,-7.014817173238327,0.04186339475995427,-0.009887834729256946,0.024054348480143435,-7.070847081749169,-7.014817173238327
543760,R,2024,716,-1.8281588827651285,0.09319792394053925,0.1931118323319577,-0.5033836259667372,-1.611085013070888,-1.8281588827651285
543760,R,2025,535,-9.864414950373458,0.10600827398674756,-0.05969768643931761,-2.0432718385509303,-7.867453699369955,-9.864414950373458
543760,R,2026,534,-10.31658155734116,-0.007510228159576211,0.07703697475813226,-0.4234926391356292,-9.962615664804087,-10.31658155734116
543807,R,2024,614,-8.38719880700841,0.006770891291896947,-0.017254877004899867,0.7931931457958397,-9.169907967091248,-8.414607953436542
543807,R,2025,583,1.8208296873839347,0.09619113501489518,0.11231079114443857,-0.37545476461785826,1.98778252584246,1.8208296873839347
543807,R,2026,506,16.409562204995474,0.03735124610095459,0.13973082786186652,-0.8935244986206504,17.126004629653305,16.409562204995474
543877,R,2024,315,-6.010039816799515,-0.0011439954686317554,0.003941499361832837,0.10433558797786328,-6.117172908670579,-6.010039816799515
543877,R,2025,216,-1.2818854030329165,0.006058264240708543,0.2806304628565259,-0.04960164955885134,-1.5189724805712967,-1.2818854030329163
543877,R,2026,261,11.542179542933724,0.11431738181134479,0.1439221971449048,0.2856903817012462,10.998249582276227,11.542179542933724
545121,L,2024,177,6.326446951101845,-0.03509272171652072,0.2513242385653949,-0.823072761708297,6.933288195961269,6.326446951101845
545121,L,2026,311,-11.188399991532751,0.06655850543401531,0.3565613868319076,-0.7104081034979646,-10.90111178030071,-11.224491604408662
545121,R,2026,169,12.903260330250477,-0.005081939804517481,0.19866513403561023,-0.49405946800162476,13.203736604021008,12.903260330250475
545341,R,2024,278,4.262140867890446,-0.001239259607524014,-0.07067796672695158,-0.44627321039195583,4.78033130461688,4.262140867890446
545341,R,2025,292,-21.14664044419525,0.06673835088300699,0.24465157700218054,-0.4857382318127955,-20.97229214026764,-21.14664044419525
545341,R,2026,266,13.549637940243835,0.02309152783068215,0.22695526647277797,0.288466116048227,13.011125029892149,13.549637940243835
545361,R,2025,548,-5.8764647356766915,-0.02138534588370532,0.246018805132264,0.09424983126279998,-6.195348026188049,-5.8764647356766915
545361,R,2026,605,-12.557646221894245,-0.016898680630144082,0.3643836895376202,-0.5732763430571743,-12.331854887744546,-12.57843702689738
547180,L,2024,620,9.515785970263002,0.013376986727153466,0.39129337889440563,-0.5708186988742388,9.68193430351568,9.515785970263002
547180,L,2025,574,-3.6832981375360525,0.02762188965472911,0.33755909599226985,0.13602091907247033,-4.184500042255523,-3.683298137536053
547180,L,2026,668,-4.722531652093581,-0.04964664353614478,0.4280463332542501,0.08496856729337447,-5.185899909105061,-4.722531652093581
553869,R,2024,350,15.236465078209019,-0.07784824677259722,0.04641183048200501,0.08250852122213746,15.185392973277477,15.23646507820902
553869,R,2025,282,0.4822904559028728,0.0024649728455592834,-0.041177814607633735,-0.40123478815342317,0.9222380858183707,0.4822904559028728
553869,R,2026,233,3.376343470410966,0.06730078330268173,0.3689737090529681,-0.174143808343888,3.114212786399204,3.376343470410966
553993,R,2024,641,4.704900320310531,-0.002027530746258937,0.08068113054754916,-0.4142586859705529,5.040505406479795,4.704900320310531
553993,R,2025,658,19.010010514551936,0.026405483932378848,0.4016073037696257,-0.7889667941414897,19.370964520991425,19.010010514551936
553993,R,2026,481,13.244604544078515,-0.1307612907626491,0.2659241563545468,0.20498879890743166,12.904452879579184,13.244604544078516
570482,R,2024,460,-9.812386753989104,0.005489458134683253,0.027854147873870343,0.9131778175535147,-10.758908177551172,-9.855235604443203
570482,R,2025,197,-7.201796795314923,0.04588957793004539,-0.05829890479239106,0.5432104759211352,-7.732597944373714,-7.201796795314923
571448,R,2024,632,9.390916769432593,-0.01713102011653969,0.5035047111208808,-0.809081549019598,9.71362462744785,9.390916769432591
571448,R,2025,433,6.170721882150577,-0.03525372347378573,0.37218534514451396,0.3670591085826623,5.466731151897187,6.170721882150577
571448,R,2026,575,27.596649845777897,-0.016707453531562964,0.2870349100490035,-0.6496663936475947,27.97598878290805,27.644727632965665
571657,R,2024,240,-4.664178845741445,0.03683823401604138,-0.036990057052786816,0.1922507633319043,-4.856277786036604,-4.664178845741445
571657,R,2025,300,0.8713103734878902,-0.04825703703867755,0.3647010742267039,1.3745118995236458,-0.8196455632237829,0.8713103734878902
571745,R,2024,425,-9.586670752542968,0.046774203373753605,-0.09376417997955468,-0.3813474688262634,-9.158333307110903,-9.586670752542968
571771,R,2024,395,1.438514572125845,-0.034529584861402784,0.27968843442641467,-0.29776911113696947,1.4911248336978014,1.438514572125845
571771,R,2025,256,-8.517312148958538,0.051559371766748005,-0.08096101684794987,0.07627365306039449,-8.564184156937731,-8.517312148958538
571912,R,2024,153,-3.466141256229941,-0.11981150500064348,-0.1256600762160979,0.17011368676843688,-3.3907833617816374,-3.466141256229941
571970,L,2024,291,4.443925415237819,0.004850768684607176,0.20904324769907578,-0.5181361119216595,4.748167510775796,4.443925415237819
571970,L,2025,386,-1.9623454694180529,0.01384990582768238,0.32995191365565346,-0.11537516156535202,-2.1907721273360368,-1.9623454694180529
571970,L,2026,543,8.362341132599566,0.009201604318060335,0.2705215850326404,0.8029051009043369,7.279712842344527,8.362341132599566
572138,L,2024,405,6.927860019919449,0.04460256766084969,-0.1118233221273068,1.4312309378543357,5.563849836531571,6.927860019919449
572191,R,2024,298,-13.287228498151551,-0.01445927763896556,0.17685366053037138,0.24525021048710055,-13.694873091530058,-13.287228498151553
572191,R,2025,324,2.1307311120083194,-0.027384131791955642,0.07197129242678246,-0.1582815572613774,2.2444255086348694,2.130731112008319
572233,R,2024,549,-0.4105899836989083,-0.03375121752285163,0.12053958725010318,-0.612389349148996,0.11501099572283706,-0.4105899836989083
572233,R,2025,639,1.8716081597028764,0.06431189318748995,0.2026436163909621,1.313941883423856,0.2907107667005686,1.8716081597028764
572233,R,2026,611,5.7125407514642905,0.07889752720465615,0.08480258956725387,0.27012835597051504,5.278712278721865,5.7125407514642905
572761,L,2024,157,6.597812805673723,0.02042460604831174,0.5803889211405459,-0.7650944466033845,6.762093725088248,6.640106477504965
573262,L,2024,474,8.846577733411433,-0.045561440269421404,0.2095477264566675,-0.7394306175277536,9.422022064751943,8.865280857583551
573262,L,2025,554,-8.158283582948675,0.055185539349566604,0.13187726379780204,-0.09732553609354296,-8.248020850002503,-8.158283582948675
573262,L,2026,391,-1.9473361036077066,0.036676740400822666,0.34772264653265544,-0.6035485616186909,-1.728186928922495,-1.9473361036077064
575929,R,2024,356,-4.619052669377017,-0.07616473751683274,0.12068837188946983,-1.010305197593219,-3.6532711061564354,-4.619052669377017
575929,R,2025,562,-7.732802383209208,-0.06580797823002667,0.371841627961725,0.03904286934779229,-8.077878902288697,-7.732802383209208
575929,R,2026,532,16.70315050288067,0.057346608131528566,0.06864734945929529,0.0028334147121603396,16.574323130577685,16.70315050288067
578428,R,2024,290,19.971406447177902,0.07514673324983984,0.29857026610696985,0.1121144082159438,19.485575039605145,19.971406447177905
578428,R,2025,343,2.672856491089722,-0.03041018854364389,0.11061738163945711,-0.2673929277059416,2.8600422256998494,2.672856491089722
592178,R,2024,155,-3.0731234099559845,0.001891106012616763,-0.2207270993745574,-0.3294781603690789,-2.5248092562249647,-3.0731234099559845
592192,R,2024,461,13.665168035632975,-0.011763668527574343,0.17037465278194638,0.599857625348071,12.906699426030531,13.665168035632975
592206,R,2024,659,-2.6910447223180927,0.01895952417113324,0.4831656988335077,-0.41731621722876416,-2.775853728093969,-2.6910447223180927
592206,R,2025,590,3.258582528416214,0.0027867142021079133,0.1807691699737082,0.20007851774579657,2.8749481264946004,3.258582528416214
592273,R,2024,361,-15.192079957279581,0.06430999463792796,0.18676568012779465,-0.18749462220383498,-15.255661009841472,-15.19207995727958
592450,R,2024,684,0.3039753872635095,0.013303155933718159,0.06896194053051984,0.2669111507515175,-0.04520085995224514,0.3044204463956669
592450,R,2025,642,-4.15451245498399,0.04023622473954787,0.26304276559781414,-0.4142480023646385,-4.043543442956714,-4.15451245498399
592450,R,2026,280,-7.249915533051384,0.07960941296459657,-0.049471580062163685,0.3103524294420925,-7.59040579539591,-7.249915533051384
592518,R,2024,638,1.9030574062688386,-0.016745766193410914,0.21888219679078808,-0.6932770077264709,2.3941979833979317,1.9030574062688383
592518,R,2025,674,-9.456394317413512,0.0006289900784626242,0.03144969314938267,-0.30121373374149235,-9.187259266899867,-9.456394317413512
592518,R,2026,655,-7.297198448083938,0.004493123746830151,0.1974879452046391,-0.2564666671510848,-7.242712849884323,-7.297198448083938
592626,L,2024,447,8.608551462935676,0.013599937202254173,0.0804805831210306,-0.3227180103586808,8.837188952971074,8.608551462935676
592626,L,2025,305,-17.083028762826448,0.03262454891186388,0.17953359665418595,-2.0622386174893497,-15.232948290903149,-17.083028762826448
592626,L,2026,431,-0.7389948612226382,0.07194314194984704,0.1401953084719722,-0.37310696022708495,-0.5780263514173731,-0.7389948612226382
592663,R,2024,413,-6.975919888425007,0.036645158958673055,0.041926689132841866,-0.5042041885892087,-6.550287547927313,-6.975919888425007
592663,R,2025,549,-3.7011753240279175,0.0071603582790921265,0.23719086892947705,0.09998822706783218,-4.045514778304319,-3.7011753240279175
592663,R,2026,451,-15.204264312172924,-0.008498270845166148,0.43375401593155904,0.25151543653683356,-15.881035493796151,-15.204264312172924
592669,R,2024,424,10.03833374511707,0.03613905283918891,0.3173803529122105,-1.0553926715472974,10.74020701091297,10.03833374511707
592696,L,2024,321,-5.440210309728064,0.008616398031764533,-0.008190879172691656,-0.3904209081988379,-5.0502149203883,-5.440210309728064
592885,L,2024,312,6.407039189411447,-0.012803912079621296,0.4351893113966089,0.6055902238597785,5.379063566234681,6.407039189411447
592885,L,2025,641,6.403293751094487,-0.030261799554939944,0.1621528529132712,-0.24226630299565405,6.513669000731809,6.403293751094487
592885,L,2026,484,-6.416010993677802,-0.06867124536520977,0.40533099868267525,-0.5040915553750257,-6.248579191620243,-6.416010993677802
593160,R,2024,336,-7.332985383963475,0.08436140344296791,0.09792519560191697,0.29601767332236384,-7.8112896563307235,-7.332985383963475
593428,R,2024,462,-2.784840599980421,-0.03255761624778842,0.1014105547038739,-0.6313480822430357,-2.2223454561934703,-2.784840599980421
593428,R,2025,554,-9.377933221253858,-0.01832233533080304,0.0033873548575683587,-0.39981104835375314,-8.963187192426869,-9.377933221253858
593428,R,2026,592,-11.000388970803543,-0.01190320287424341,0.073856367934576,-0.11650765532295454,-10.945834480540922,-11.000388970803543
593871,L,2024,336,-20.75171583116251,0.008583593396086171,0.012344063545739324,-0.5285841548933685,-20.24405933321097,-20.75171583116251
593871,L,2025,410,1.1195893094943659,0.005530181741102362,0.039081862904256234,-0.7051068337958366,1.780084098644843,1.119589309494366
594807,R,2024,330,-11.668560671871598,0.023509300340721566,0.22779708276572957,0.5609847788442414,-12.480851833822289,-11.668560671871598
595281,L,2024,281,7.247058821319782,0.041700169433388515,0.20395651994370603,0.3135477637144948,6.687854368228191,7.299009063766519
595777,L,2024,493,-6.078622926169196,-0.057817191833895554,0.13913042865844155,-0.7171213545398065,-5.442814808453935,-6.078622926169196
595777,L,2025,262,11.334836423808024,-0.02425892961667725,0.4387623940884982,-0.845923968036328,11.766256927372531,11.334836423808024
595777,R,2024,173,1.1794725151840817,0.0456873922639985,0.2528822352296894,-0.7593314289157816,1.6402343166061757,1.1794725151840817
595879,R,2024,288,-18.27374014822445,-0.0702679185401181,-0.252586234349512,1.0510923001027535,-19.00197829543758,-18.40152854086938
595879,R,2025,436,12.267217270971162,0.010804737722256572,0.14938301505629079,0.014757535697814421,12.0922719824948,12.267217270971162
595879,R,2026,192,-2.68227864328018,-0.013893475125754028,-0.19943400756893256,-0.14883952351089827,-2.3201116370745956,-2.68227864328018
595909,L,2024,346,4.568477190471425,0.02461494854089778,0.2775855435349198,0.2922770956042965,3.9739996027913103,4.568477190471425
595978,R,2025,180,-7.764983884190586,0.038313207880544216,0.05320332016920411,-0.10852095471001875,-7.747979457530314,-7.764983884190586
595978,R,2026,242,20.117172170399062,0.021509472041895624,0.17504801685671287,0.5957848451969638,19.32482983630349,20.117172170399066
596019,L,2024,518,-10.887355817333912,0.0026575960426223504,0.23811735899426759,0.10895477537642857,-11.237085547747231,-10.887355817333912
596019,L,2025,503,-3.2803626279566336,-0.018905132743576525,-0.08896837652985794,-0.7867314215351532,-2.3857576971480454,-3.2803626279566336
596019,L,2026,308,-4.983624389599385,-0.06876261940114524,0.24200848555141966,-0.8336598620248328,-4.323210393724826,-4.983624389599385
596019,R,2024,172,-20.415763952458448,0.08134782282188913,0.20917558528036645,0.1526156252627066,-20.85890298582341,-20.415763952458448
596019,R,2025,227,1.4066494316815052,-0.031024816891817342,0.1774086343945999,-1.0695631180529253,2.329828732231648,1.4066494316815052
596103,R,2024,212,-13.360550532012539,0.002745174827576167,0.5379867241295934,-0.6791056248594283,-13.22217680611028,-13.36055053201254
596103,R,2025,160,-20.871186051631998,-0.10876013769017781,0.2894689284951352,0.19699812960955002,-21.248892972046505,-20.871186051632
596115,R,2025,654,7.069859956761744,0.016401620748321345,0.21159825358293743,-0.8605766249524229,7.702436707382907,7.069859956761744
596115,R,2026,251,11.198852197159956,0.05825071524813589,-0.15659301171246093,-0.3095563133783342,11.606750807002614,11.198852197159956
596117,L,2024,187,1.259251971452362,0.025163551762895302,0.541356576037732,-0.3672885367615283,1.0600203804132626,1.259251971452362
596142,R,2024,280,1.09615153568061,0.012819891159507416,0.13274837127410227,0.4766955026749397,0.47388777057205994,1.09615153568061
596142,R,2026,263,4.281298903252621,-0.055029057710200516,0.14952803867334327,-0.40656703102911795,4.593366953318596,4.297639738761218
596146,L,2024,399,4.302240856196345,-0.023697873260193385,-0.028893777384617216,0.150612186103773,4.204220320737382,4.302240856196345
596146,L,2025,472,-14.15531498339477,0.006396118493904092,0.2093589568117738,0.0707951338629056,-14.441865192563357,-14.15531498339477
600869,L,2024,316,30.66119437836325,-0.09642727528026936,0.06712621574833892,0.2525049918821138,30.437990446013067,30.66119437836325
602104,R,2024,301,0.8875336984108405,0.004504026626126509,0.1833306566520986,-0.686681950196372,1.3863809653289874,0.8875336984108405
602104,R,2025,391,5.75338458151564,0.03893042964907356,0.3782814915055193,0.157798719872321,5.1783739404887275,5.782964964968163
605113,R,2024,228,-5.909041987496014,0.018572447053976232,0.10015056981236783,-0.2719431011037226,-5.755821903258635,-5.935073009467362
605131,R,2024,156,3.098355266435487,0.000493509882861446,0.5497429782958564,-0.4770822832926006,3.0252010615493696,3.098355266435487
605137,L,2024,405,0.6108129538587946,-0.009358178139554151,0.2598214754175625,0.4125642172608551,-0.05221456068006904,0.6108129538587946
605137,L,2025,415,-21.37100588822345,-0.03743576424182565,0.412145981721099,-0.08600007135176467,-21.65971603435096,-21.37100588822345
605137,L,2026,414,-12.710265692562576,0.018427728095915988,0.17365688217478087,-1.3376253689012674,-11.564724933932002,-12.710265692562576
605137,R,2024,198,30.537886374739212,0.016930857401328728,0.1825349766537842,0.2469732854948864,30.091447255189212,30.537886374739212
605137,R,2026,201,7.133653463883121,-0.007051051846637233,0.1599926802256228,-1.2335964542614806,8.214308289765617,7.133653463883121
605141,R,2024,513,2.8602367421437247,-0.06354470686255817,0.33823356074605765,-0.4696598745946813,3.0552077628549057,2.8602367421437247
605141,R,2025,662,-1.8568386309749965,0.03912802561511667,0.283521381055799,0.0050784086899792165,-2.184566446335891,-1.8568386309749965
605141,R,2026,504,-0.7125132463022213,-0.014925465119212198,0.3645176938371812,0.6615126538644991,-1.7236181288846906,-0.7125132463022213
605170,L,2024,210,-0.15117412946275632,0.021377367409889186,0.1323810777167311,1.207963064417415,-1.512895639006794,-0.1511741294627563
605170,L,2025,324,1.7170728172598382,0.058255386186293674,0.23145276032436887,1.437827928196506,-0.010463257447330105,1.7170728172598382
605170,L,2026,253,1.5750187768883248,-0.0037069830128245987,0.27266395706403557,-1.196399527985425,2.5024613308225376,1.5750187768883248
605204,R,2024,157,-8.634892048548197,-0.047159284546744826,0.2062472675238368,-0.16266012809313585,-8.631319903432153,-8.634892048548197
605361,L,2024,164,11.7315853188691,-0.02369228550972176,-0.014721063730503164,0.1387535330252411,11.631245135084082,11.7315853188691
606115,R,2024,602,11.57755368722167,0.006694290098570855,0.2289011729839432,0.6723851741473907,10.669573049991765,11.57755368722167
606115,R,2025,214,8.888807544654297,-0.033788480942129474,0.629078768642778,1.30127063466611,6.992246622287539,8.888807544654297
606192,R,2024,649,9.962176637515931,-0.028416760160093552,0.03870061895830175,-0.42360670829836966,10.375499487016096,9.962176637515933
606192,R,2025,545,-1.5851554493720312,0.023051349546657912,0.23526952482948155,-0.04771833341918489,-1.7957579903289853,-1.5851554493720312
606192,R,2026,471,-0.8902924036576008,-0.013552143161791003,0.30780639159731477,0.8633416400926077,-2.0478882921857324,-0.8902924036576008
606466,L,2024,370,-9.130252048030867,-0.004361328043032088,0.14847027374227315,-0.550915992627426,-8.723445001102682,-9.130252048030869
606466,L,2025,369,-1.2828043996409761,0.031349697365296615,0.28502655609646593,-0.6826907921896727,-0.9164898609130663,-1.282804399640976
606466,L,2026,449,-16.51002836122744,0.044951737639982635,0.2709713511513619,-0.5788786092865201,-16.247072840732265,-16.51002836122744
606466,R,2024,206,1.823797119958691,-0.010352898539658545,-0.04948694634852472,-0.45976989039239285,2.343406855239267,1.823797119958691
606466,R,2025,181,-14.797900994385598,-0.040782668534454676,0.16050064169592917,-0.9069259770563401,-14.010692990490734,-14.797900994385598
607043,L,2024,664,-5.660019590066034,-0.00026768326211408354,0.06192734762273544,0.09786192675485546,-5.81954118118151,-5.660019590066034
607043,L,2025,651,-0.37559603315171886,-0.0272204936997386,0.11539694086632069,-0.6926396309421919,0.2288671506238913,-0.3755960331517188
607043,L,2026,634,-16.148633415744623,0.1028812773568455,0.26787629098292415,-0.24852781582128095,-16.27086316826311,-16.148633415744623
607208,R,2024,541,17.249937644225472,0.034997511640384366,0.19417305474541674,-0.4724803319186577,17.493247409758325,17.249937644225472
607208,R,2025,641,16.67569261394534,0.016126443359741387,0.1830530566280272,0.1552940985385317,16.321219015419043,16.67569261394534
607208,R,2026,676,1.341649363729735,-0.01990556637125427,0.40995738866724324,0.2838424633916338,0.6677550780421126,1.341649363729735
607680,R,2024,314,10.408091028664652,-0.08073645190153778,0.33367139955012276,-0.22020272539101302,10.375358806407082,10.408091028664652
607732,R,2024,280,15.39859990131459,-0.007230821978768046,0.14284992689458045,0.3721192157279173,14.890861580670862,15.39859990131459
608070,L,2024,495,15.976692972277805,0.00011244149373968213,0.049837367298395545,0.8644312652418797,15.06231189824379,15.976692972277805
608070,L,2025,462,19.838021318523186,0.07908570703448717,-0.12950288630957305,-0.07249264254589347,19.96093114034416,19.838021318523182
608070,L,2026,366,-11.505812991705568,0.11068714339661373,-0.04870137352613542,0.6208704211927727,-12.188669182768818,-11.537335767025311
608070,R,2024,175,29.05769340619527,0.033761924442572123,0.04894219444068592,0.7303709650350876,28.244618322276917,29.05769340619527
608070,R,2025,189,15.926702957857671,-0.07607935291485242,0.13742472854439286,-0.10811672098758691,15.973474303215715,15.926702957857673
608070,R,2026,151,1.4627669596873027,0.01769816175282294,-0.09033751101943215,0.7286985038122831,0.8067078051416262,1.4627669596873027
608324,R,2024,636,4.950633576723304,0.04341975473354753,0.06761549920926291,0.9585724243491294,3.8810258984313633,4.950633576723304
608324,R,2025,493,10.960510323488489,-0.025633534099459874,0.03025369820359037,-0.9892478164698384,11.945137975854195,10.960510323488489
608324,R,2026,692,15.689092230139106,0.006880702098870007,0.3052461102261647,-0.4291669622664837,15.806132380080557,15.689092230139106
608336,L,2024,260,-2.2044585108419787,0.044722933337156295,0.2579888601704113,-1.0496725564143785,-1.4574977479351663,-2.2044585108419787
608348,R,2024,314,-5.261723817463932,0.049798077403423666,0.18554001593220812,0.7192039330245565,-6.216265843824121,-5.295452816293828
608348,R,2025,422,1.84885242347811,-0.03824346435881064,0.20414254927226727,-0.5652877769803821,2.248241115545036,1.84885242347811
608348,R,2026,418,6.316497950183683,-0.009481176472218137,0.06767088722016885,-0.3411510429753393,6.59945928241107,6.316497950183683
608369,L,2024,522,-10.786420783156673,0.036663235797729656,0.22118469256635354,-0.39424133577979237,-10.650027375740965,-10.786420783156672
608369,L,2025,435,-14.911331393778681,0.0772088870378707,0.23182756404611693,-1.7825527671949197,-13.437815077667748,-14.91133139377868
608369,L,2026,412,-16.4538530722,0.07449274857414669,0.1328309700613924,-0.14651918428604588,-16.51465760654949,-16.4538530722
608385,L,2024,507,8.256902347593645,0.032769777405509785,0.2820137995263124,-0.5896685904821297,8.531787361143953,8.256902347593645
608671,L,2024,207,-1.5641192260558092,0.12413606924968844,0.21683370312735178,-0.7322007643518613,-1.1728882340809879,-1.5641192260558092
608701,R,2024,306,15.059611643978501,-0.034031475387613225,0.3170847824410913,1.0769943513068627,13.69956398561816,15.0596116439785
608701,R,2025,210,3.952366473797804,0.1103662212382862,-0.27242495357439167,-1.144046798145279,5.258472004279186,3.952366473797804
608841,R,2024,315,-2.542151418395326,0.024564948921415034,0.03350656780910196,-0.7898092578899562,-1.8104136772358879,-2.542151418395326
609280,R,2024,319,13.28689472777627,0.05834830521160731,0.3297407660076883,-0.4894426141631834,13.388248270720158,13.28689472777627
609280,R,2025,340,29.427856599517593,-0.06617785995969531,0.3762932103153026,-0.04284259360451315,29.1605838427665,29.427856599517593
609280,R,2026,252,3.5473592273435823,-0.015608218897348553,0.03020184906129222,-0.08656487495407535,3.6193304721337154,3.5473592273435823
620443,R,2025,283,-30.58013772775954,-0.00207152955445652,0.4629692366207377,-0.5692829011526411,-30.47175253367318,-30.58013772775954
620443,R,2026,274,4.333694598320481,-0.01708173592548201,0.26812158230591193,-0.5240529612595953,4.606707713199645,4.333694598320481
621020,R,2024,592,-8.451854311748434,0.004161831872634739,0.14478975274209652,-1.3425082219244506,-7.258297674438714,-8.451854311748434
621020,R,2025,644,-18.582367666548002,-0.048263412818530665,0.20062999464918096,-0.7325774719971978,-18.002156776381455,-18.61126714969971
621020,R,2026,472,5.3159919667436375,0.009389753283541894,0.1101453798624117,-0.3149683730978457,5.51142520669553,5.3159919667436375
621028,R,2024,310,15.55560437435699,-0.009960087107337054,0.068895784774645,-0.40467008208769073,15.901338758777372,15.55560437435699
621035,R,2024,246,-7.148624064830527,-0.07114043892092081,0.3157448012412612,-0.3252486607944232,-7.067979766356445,-7.148624064830527
621043,R,2024,363,18.886347044194167,0.01916448491756227,-0.039778718611526036,0.33594259896647893,18.571018678921646,18.886347044194167
621043,R,2025,587,-12.63513561511184,0.0671637773391161,0.16030420063411369,0.4811880498435081,-13.34379164292858,-12.63513561511184
621438,R,2024,344,5.612282230536294,-0.002356701225915774,0.47293254605253976,0.08872190275902604,5.052984482950643,5.612282230536294
621438,R,2025,340,-16.69507722982771,-0.05852630441965346,-0.43556719852855874,-0.8065104568509696,-15.39447327002853,-16.69507722982771
621438,R,2026,235,20.14617793488441,0.00479913357283876,0.3558194039385614,-0.6494262405298599,20.43498563790287,20.14617793488441
621439,R,2024,387,4.603120165474713,0.01699024181779411,0.1267673030637135,0.22923309041253587,4.23012953018067,4.603120165474713
621439,R,2025,537,12.998474616952855,0.026582855536130497,0.2830452846715941,-0.11771684987740867,12.80656332662254,12.998474616952857
621439,R,2026,406,-3.1175121591850052,0.028449176664699066,-0.24110442306325783,-0.9917206065205942,-1.913136306265853,-3.1175121591850052
621466,L,2024,194,-14.693624160688264,-0.045957351058301885,0.0460399755850753,0.13238607589279905,-14.826092861107837,-14.693624160688264
621493,R,2024,665,-10.510156711306541,0.02983066781349199,0.22751275406635862,-0.04237052120490428,-10.725129611981489,-10.51015671130654
621493,R,2025,663,6.562358634185683,-0.03010387306568379,0.216089376830227,0.11253906914387211,6.263834061277269,6.562358634185683
621493,R,2026,604,-15.135141692667707,0.006316303889475681,0.24095010380916548,0.10884246674370149,-15.491250567110054,-15.135141692667707
621550,R,2024,174,-4.902752387185649,0.04688761469015177,-0.04246966182009461,-1.0439953200823098,-3.863175019973396,-4.902752387185649
621566,L,2024,679,2.5700857111611275,0.0029363091075439206,0.3293139337573488,0.6563885851506464,1.5814468831455883,2.5700857111611275
621566,L,2025,722,2.217523702206622,-0.016258546186144685,0.7288996252657706,-0.7539923269139301,2.2588749500409273,2.22059932453978
621566,L,2026,674,2.8840059485322254,0.024157498677130535,0.5674056797960382,-0.6439283391268565,2.936371109185913,2.884005948532226
622268,L,2026,252,12.098710859012947,0.11905065583584208,0.6496662475787364,-0.4440392155262623,11.77403317112463,12.098710859012948
622534,R,2024,344,-16.211266361545682,-0.0071415546545290694,0.1142592968628556,0.12850635820342182,-16.446890461957434,-16.211266361545682
622761,R,2024,209,3.505265473676998,0.022958928818732703,0.05786736887956132,-1.1321905109065173,4.556629686885222,3.505265473676998
622761,R,2026,209,-10.73508564259133,-0.009743597553458418,0.3944391738095175,-0.5127122802282602,-10.607068938619129,-10.73508564259133
623912,R,2024,246,2.712825469402011,-0.02759062929514615,0.259204389749445,0.012196058841745908,2.469015650105968,2.712825469402011
623993,L,2024,484,19.052125146395007,-0.0062408946197655985,0.08375137996778653,-0.7792768117708011,19.753891472817788,19.052125146395007
623993,L,2025,165,-1.947721369003803,0.17167600093804672,-0.140556609938223,-0.7398659682432321,-1.238974791760396,-1.947721369003803
623993,R,2024,178,24.001947480479068,-0.018527359697723716,0.05300163606501415,-0.8632020008786389,24.83067520499042,24.001947480479068
624413,R,2024,691,-0.20343626252193972,0.0003627591326491814,0.1033295194046291,0.025395392471265727,-0.3325239335304842,-0.2034362625219397
624413,R,2025,704,-5.334414209941796,-0.029484056339301474,0.14801163934827655,-0.7741203639988655,-4.678821428951907,-5.334414209941796
624413,R,2026,677,-13.128326648349356,0.03381075188884619,0.11083569157647931,0.06055869771187432,-13.333531789526557,-13.128326648349356
624415,L,2024,224,20.25551005830857,-0.020005008133292757,0.3163441253007532,0.29877667670496144,19.660394264436153,20.25551005830857
624424,L,2024,487,-11.386741588315479,-0.030900462506292643,0.08929454711847454,-0.7096180901681465,-10.735517582759515,-11.410171097756455
624424,L,2025,488,-24.380387292436964,0.003745063113198424,0.13371996222184734,-0.07468791857367243,-24.443164399198338,-24.380387292436964
624424,L,2026,296,10.170499317234764,-0.040674709389242295,0.32291908353588156,-0.5937742415325492,10.482029184620673,10.170499317234764
624428,L,2024,294,-9.0464315084897,0.06040177234453528,0.33751545314513187,-0.5974567061986722,-8.846892027780695,-9.0464315084897
624428,L,2025,457,7.944572435161939,-0.0206635961257953,0.00193585463744527,-0.5379212356653825,8.501221412315674,7.944572435161939
624431,R,2024,234,19.008439531689135,-0.021663217461402057,-0.015748962134436887,0.3379572634471114,18.707894447837862,19.008439531689135
624431,R,2025,302,-3.4833062315378154,-0.08088608784676074,0.29177257244771393,-0.6210764134743882,-3.0731163026643795,-3.4833062315378154
624431,R,2026,152,18.857585684749854,-0.11810467296328907,0.41634908743615073,0.2978827758465509,18.261458494430443,18.857585684749857
624503,L,2024,276,-0.9328888773749028,-0.06040641359023496,-0.04065543029310407,0.479565457944214,-1.3113924914357775,-0.9328888773749028
624512,L,2024,159,-10.778589349069584,0.01323688488121774,-0.10937410780562515,0.9775751512444196,-11.660027277389599,-10.778589349069584
624585,R,2024,574,-3.4247022829832368,-0.029762929377107904,-0.0518642643349257,-0.22799270894751061,-3.1150823803236922,-3.4306790757982157
624585,R,2025,315,11.236567144753401,-0.02492478515111994,0.15319522060596172,-0.06010171292035369,11.168398422218912,11.2365671447534
624585,R,2026,362,5.185990839691298,0.06983298293535618,0.271702419097382,-0.8540759591847089,5.698531396843269,5.185990839691298
624641,R,2024,275,11.03423141029776,-0.0458039863268057,0.03529055267339652,-0.3868623651174474,11.431607209068618,11.03423141029776
624641,R,2025,261,19.429102440071784,0.050483697713097346,0.3841460028779532,0.36738667367970584,18.62708606580103,19.429102440071784
624641,R,2026,242,-5.143823898558772,-0.09718000453379208,0.35484783627612193,0.21440272713232827,-5.615894457433431,-5.143823898558772
628451,R,2024,244,10.85320670157045,0.04073989296598374,0.1830670305798013,0.9643567290443109,9.665043048980355,10.85320670157045
628451,R,2025,193,-9.512798751412708,0.005908759884232007,0.11207633317940806,0.09025892503531248,-9.721042769511659,-9.512798751412708
630105,L,2024,659,-5.86508504722032,-0.028371164145075,0.2126375457112777,-0.8053182957330326,-5.244033133053489,-5.86508504722032
630105,L,2025,516,5.8625068205806885,0.002706476393246653,0.2250408012888141,-0.36461764622777415,5.999377189126402,5.8625068205806885
630105,L,2026,409,7.4402296076233565,0.03625855896507114,0.39643650436672534,-0.06656714087824481,7.074101685169804,7.4402296076233565
641313,R,2024,242,-15.504229486239616,-0.006508661315623733,0.016085731787285725,0.030884618914670522,-15.544691175625948,-15.504229486239616
641343,L,2024,348,-7.466572244718003,0.007364167852637446,0.20103162830806415,0.8462072540699438,-8.521175294948648,-7.466572244718003
641343,L,2025,218,-10.88734843514348,-0.02198406080645069,-0.05228766421470864,-0.27337142179295687,-10.539705288329362,-10.88734843514348
641343,L,2026,552,-0.7151907187593458,-0.0564868966170422,0.22105714374574037,-0.46719529955903605,-0.4125656663290087,-0.7164887055447531
641355,L,2024,563,19.139419047281912,0.026746132341513365,-0.2325191928833143,-1.1134268934741136,20.458619001297826,19.139419047281912
641355,L,2025,657,13.770957527212447,0.027343542909916432,0.4871990170848288,-0.49403737125849106,13.750452338476194,13.770957527212447
641355,L,2026,555,4.895752943321717,0.026807746826438703,0.07382096123898713,0.49204735631253455,4.303076878943755,4.904590042497388
641432,L,2024,253,-0.5111927406688055,-0.0008093218273612986,0.33304621720062255,-0.23893029743662453,-0.6044993386054415,-0.5111927406688055
641487,L,2024,453,-13.322576752055305,0.037198963878767095,-0.1964949560539828,-0.5154654895809054,-12.647815270299185,-13.322576752055303
641487,L,2025,654,-4.96807667883162,0.02525500479199349,0.007228051796672347,-0.6668027279499094,-4.333757007470377,-4.96807667883162
641487,L,2026,470,-7.761330746024508,0.054525746795367674,-0.056183139786765805,-1.4964248372317703,-6.263248515801339,-7.761330746024508
641584,L,2024,382,7.292579397476965,-0.008548085574131538,0.4046408692759496,0.1264534079572489,6.770033205817899,7.292579397476965
641584,L,2025,217,4.001513854793343,-0.026897851780284136,0.22496521629049637,-0.4084471745880824,4.211893664871212,4.001513854793343
641598,R,2024,431,3.310617054748226,0.05842888247190518,0.11168753815125332,-0.38376921058550506,3.5242698447105734,3.310617054748226
641598,R,2025,289,-0.5698965214371982,0.014317738585116872,0.036808799438692655,-0.6477146219198638,0.026691562458855976,-0.5698965214371982
641645,L,2024,187,-10.65499355319602,-0.05088436241007138,0.2503678366319185,0.14209767520426278,-10.99657470262213,-10.65499355319602
641658,R,2024,231,-2.6889207934795993,0.05024428801722902,0.505978704827614,-0.577673155609934,-2.6674706307145066,-2.6889207934795993
641680,L,2024,374,-8.75125785901484,0.042597716408636195,0.06233627648277399,-0.5287962157995705,-8.327395636106681,-8.75125785901484
641680,L,2025,302,6.9916423576315925,0.1223037683002354,0.15620349668941538,-1.6288716516336803,8.34200674427562,6.9916423576315925
641680,L,2026,198,-15.765769634783222,0.14362554158373725,0.9344307264588697,0.09073667194748168,-16.934562574773306,-15.765769634783222
641680,R,2026,179,12.1051526378466,0.07365683559046388,1.1150572391349085,-0.18677940022984252,11.103217963351073,12.1051526378466
641857,L,2024,642,-8.515924310608451,-0.016880951373042765,0.19251845533257472,0.2445952961607437,-8.936157110728727,-8.515924310608451
641857,L,2025,587,-9.619191292482403,-0.024171831141702127,0.175498328765528,0.86930354458167,-10.639821334687902,-9.619191292482403
641857,L,2026,353,-10.14017438268118,0.05939665350081751,0.29343989061326375,0.5351688075743436,-11.028179734369605,-10.168981696268345
641933,R,2024,469,13.535841462733202,0.035616337074019185,-0.017378851688884474,1.1608738074619374,12.356730169886132,13.535841462733202
641933,R,2025,208,-36.95846407386874,0.010495548900617088,0.17289834106416863,-0.07262480993267297,-37.06923315390085,-36.95846407386874
641933,R,2026,260,-8.088509770288583,0.04415962891677146,0.10559577288245636,-0.001914161673193437,-8.23635101041462,-8.088509770288583
642086,L,2024,307,3.5425417511413078,0.0016905723884292848,0.5928424584113303,0.7727669410722832,2.175241779269265,3.542541751141308
642086,L,2025,225,11.789544384179564,0.004366012920419719,0.23190812950467618,0.06927595660411198,11.483994285150358,11.789544384179564
642086,L,2026,292,-1.190819376000497,-0.05746517407297431,0.24321493339173794,-0.579627283883737,-0.7969418514355231,-1.190819376000497
642133,L,2024,421,0.3586536179086624,-0.026954976018553768,0.26044238278155013,0.38113801358461175,-0.25597180243894624,0.3586536179086624
642133,L,2025,313,-8.350908836701931,0.03665745830943256,-0.158877222972397,-1.4270308100417681,-6.801658261997199,-8.350908836701931
642136,L,2024,187,-0.22400526035343912,-0.005058780943656502,0.029280728317667676,0.01520976258304799,-0.2634369703104979,-0.2240052603534391
642136,L,2025,191,8.738290068874788,-0.047987330536906944,-0.5189698834232477,-0.2492570848159895,9.554504367650932,8.738290068874788
642180,L,2024,156,-16.912306274886436,-0.08729916379071002,-0.20903317021748416,-0.5963452525660786,-16.019628688312164,-16.912306274886436
642201,R,2025,271,-6.456725397053982,-0.07455144059979547,0.34836038608462827,-0.6514543062374786,-6.079080036301336,-6.456725397053982
642201,R,2026,204,27.558113270146148,0.1512427406712319,0.32680080015101215,-0.2428932012457187,27.32296293056962,27.558113270146148
642215,R,2026,174,12.054688710250314,0.014867260241492998,0.09639983010394669,-0.826237624379606,12.769659244284481,12.054688710250314
642350,R,2024,447,-10.509212874424696,0.011062815225437757,0.19247145772835852,0.17321049964607282,-10.885957647024563,-10.509212874424696
642350,R,2026,238,-0.6249036219156088,0.014109233190825592,0.6858482153396658,-0.7529758098264278,-0.5718852606196732,-0.6275403460587127
642708,R,2024,346,12.27977792424179,0.045508916714676266,0.09623433842017352,0.32097266092056786,11.817062008186374,12.27977792424179
642708,R,2025,191,-7.51523089897115,-0.005344215242303081,-0.010848873803970122,-0.07281459059578452,-7.426223219329092,-7.51523089897115
642708,R,2026,235,-0.8298215118174638,-0.05736658838166707,0.13052706930731137,0.5315506346050933,-1.434532627348201,-0.8298215118174638
642715,R,2024,688,0.6083989950221321,0.017939214455702537,0.27148128965502316,0.5916471717303122,-0.2726686808189056,0.6083989950221321
642715,R,2025,684,2.116635306552928,-0.010342873349784612,0.2368635360308983,0.03491553529788559,1.855199108573928,2.116635306552928
642715,R,2026,505,13.368709916303612,0.0029303494943792078,0.10110027309348227,-0.6756479116798325,13.940327205395583,13.368709916303612
642731,R,2024,382,1.0308959335366799,-0.03759615540756917,0.08656800450568905,-0.519934146697855,1.501858231136416,1.03089593353668
642731,R,2025,165,13.666455332198971,-0.03377430590423937,0.3970018544060236,1.7728507726500466,11.530377011047142,13.666455332198971
643217,L,2024,523,-7.793129615863187,-0.05115037715057787,0.0483364220989525,-0.1890807238390297,-7.6012349369725305,-7.793129615863187
643217,L,2025,470,12.555967946148147,0.004326308273065187,0.14124900141497373,0.04579815552359264,12.364594480936516,12.555967946148147
643217,L,2026,454,0.188812547425111,0.017490050364885212,-0.006428555703389356,0.023018020011658383,0.15473303275195716,0.1892293521655637
643289,R,2024,428,12.61427739447771,0.0436010559994186,0.20008530857995666,1.0942106157704763,11.276380414127859,12.61427739447771
643289,R,2025,398,1.3189104499056783,0.12916372212140945,0.1579908838318902,1.5433595160521527,-0.5116036720997743,1.3189104499056783
643289,R,2026,602,3.2858523320273076,0.004319789396738954,0.6330056743402213,-0.425049495708015,3.0735763639983618,3.2858523320273076
643376,R,2024,324,6.463693326858709,-0.07868282750790863,0.040534057298018955,0.872470896757693,5.6293712003109055,6.503840490379571
643376,R,2025,339,16.084270056064113,-0.046034572373576055,0.6494000749074207,-0.519195905257888,16.000100458788154,16.131856653863117
643376,R,2026,209,11.972188622597306,0.09119812924050995,-0.15698003613625855,-0.062257287738630374,12.100227817231684,11.972188622597306
643396,R,2024,498,8.132983925985993,-0.030354568101706517,0.28252919403160676,0.5666812212992283,7.3141280787568625,8.165778216010128
643396,R,2025,460,9.94411433904042,-0.05030641707852258,0.3728191659503611,-0.49183347744271466,10.113435067611297,9.94411433904042
643396,R,2026,173,-7.115624275067903,-0.01785460001969572,0.3760283687079821,0.043858119996468756,-7.517656163752658,-7.115624275067903
643446,L,2024,471,9.553254357158924,0.02711377450579125,0.31157889400436656,0.09575039973934062,9.118811288909425,9.553254357158924
643446,L,2025,458,-1.6838490780397908,-0.006770816167546016,0.25851613260386086,-0.8324380516850617,-1.1031563427910447,-1.6838490780397908
643446,L,2026,499,-2.9332210516972212,0.06561655170918265,0.4873171291273098,-0.1773400989196162,-3.3088146336140967,-2.939111053809063
643565,L,2024,351,-9.213214106459858,0.011400353189665665,-0.0469231231662971,-1.162031337832181,-8.015659998651044,-9.213214106459858
643565,L,2025,385,10.938950629290257,-0.017367110464761294,-0.12462071370782532,0.017089910944465152,11.063848542518377,10.938950629290256
645277,L,2024,293,-3.768489930874436,-0.03843449474751463,0.3571034529289323,0.45259800008316836,-4.5397568891390225,-3.768489930874436
645277,L,2025,481,11.045597352190118,0.015900569578220794,0.16152242031443606,-0.5085091094930967,11.376683471790558,11.068609013340517
645277,L,2026,407,5.069421203677841,0.0289362716230514,0.5852051606317958,-0.5750796320391095,5.030359403462103,5.069421203677841
645277,R,2025,185,-6.5407080692881125,0.02390824693076058,0.29816286965056354,-0.39154926975381715,-6.47122991611562,-6.5407080692881125
645277,R,2026,258,22.1730088846707,-0.05530738639127392,0.5369531569739056,-0.3514041393132681,22.042767253401337,22.1730088846707
645302,R,2024,296,14.423057782297,0.0936280066035618,0.18915397410907758,-0.19213852350137428,14.332414325085734,14.423057782297
646240,L,2024,587,1.8315900785181134,-0.014458803847710774,-0.07568939905679918,0.9810007975455106,0.9407374838771134,1.8315900785181136
646240,L,2025,720,-3.552827865930935,-0.0076152437931638305,0.07174033028625904,-0.6537926271185129,-2.9631603253055183,-3.552827865930935
646240,L,2026,625,8.979372324582021,-0.05562993822468085,0.07426198281831191,-0.739763557060114,9.700503837048505,8.979372324582021
647304,L,2024,628,4.790465299314218,-0.006687874614450971,-0.03887847471981861,0.8719927620258872,3.9640388866226,4.790465299314218
647304,L,2025,601,12.11488918378191,0.019985145051735854,0.3094510849502919,-0.5319608602039392,12.317413813983823,12.11488918378191
647304,L,2026,627,-11.65176630954163,0.015305628569178303,0.05940143576846942,-0.938654094943981,-10.787819278935299,-11.65176630954163
647351,L,2024,281,-12.004732068988803,0.014236684351584532,0.017427140421102928,-0.481487349543857,-11.554908544217632,-12.004732068988805
647351,L,2025,203,-8.011570070026961,0.11144416223155408,0.3011896559983999,-0.9143342552767624,-7.509869632980151,-8.011570070026961
649966,R,2025,331,3.773890423290212,0.060134837572917155,0.5196838664272969,0.3278131103375081,2.8662586089524895,3.773890423290212
650333,L,2024,669,-3.4653877773382042,-0.029853619597390822,0.24466350808025766,-0.4180409490248424,-3.262156716796228,-3.465387777338204
650333,L,2025,677,-0.37208170657845085,-0.02141901710611341,0.09987554746300874,-0.2539385215348022,-0.196599715400544,-0.3720817065784508
650333,L,2026,645,9.282263726611133,-0.035531015759835555,0.2787875261187773,-0.5357440332191514,9.574751249471342,9.282263726611133
650391,R,2024,348,-17.02741373107888,-0.058728888394860276,-0.03924261078266743,-0.22630487801980367,-16.703137353881548,-17.02741373107888
650402,R,2024,666,-1.0840526911266202,0.005613617729104156,0.074513653805941,0.14050967133176867,-1.304689633993434,-1.085682845549367
650402,R,2025,629,-14.244044603130922,0.020061114322693516,0.324414659679244,0.02037485386918053,-14.60889523100204,-14.244044603130922
650402,R,2026,417,-5.579109996795387,-0.07091400053667862,-0.1597681463158025,-0.17354200239165443,-5.17488584755125,-5.579109996795387
650489,L,2024,472,2.8392638363237532,-0.017711765348985487,-0.03443348989830496,0.1813448629299377,2.7100642286411065,2.8392638363237532
650489,L,2025,339,0.4574028707238833,0.0076249909984218165,0.29485531421631245,-0.07663667224692977,0.23155923775607784,0.4574028707238833
650489,L,2026,313,-8.044498104022564,-0.09080255686399591,0.6530983530607251,0.49258917450058587,-9.099383074719878,-8.044498104022564
650489,R,2024,164,7.856915290136804,-0.018248559306499924,-0.07045662578590649,0.12455089538800929,7.821069579841202,7.856915290136804
650489,R,2026,169,32.30825499211596,-0.05653237342144545,0.2176159954469897,1.2247728440557222,30.92239852603469,32.30825499211596
650490,R,2024,622,-6.403814236379417,0.03961394354694032,0.21483685017716062,0.1406741560850543,-6.798939186188573,-6.403814236379417
650490,R,2025,647,4.1549814214452105,-0.000564189551460607,0.7841164029518353,-0.4448693037406533,3.8162985117854897,4.167865084767522
650490,R,2026,667,3.2044083241294343,0.008958272340933408,0.15913578739402698,-1.0455069425339716,4.081821206928445,3.2188860725818262
650559,R,2024,622,-4.616761970690453,-0.04251724825788019,0.14459320738880915,0.33114094278510675,-5.049978872606489,-4.616761970690453
650859,L,2024,249,7.113507149043297,0.042852164243289595,0.24357762209315542,-0.07806480036640868,6.90514216307326,7.113507149043297
650859,L,2025,441,-8.701203507641932,-0.039124589752824304,0.5142819625602653,0.16361597992198598,-9.33997686037136,-8.701203507641932
650859,L,2026,220,-5.330612934585342,-0.010429051136957329,0.23893288758768208,-0.4470982845020664,-5.112018486534,-5.330612934585342
650968,R,2025,168,10.961795597877115,-0.060485374847980534,0.4191092287754338,0.218361806406722,10.384809937542938,10.961795597877115
655316,R,2026,333,-1.2792279882209394,0.06647950814838338,0.3906641321033354,0.10214893197860013,-1.838520560451259,-1.2792279882209394
656180,R,2025,288,-11.702977947197223,-0.059972301908448315,0.18734000099037482,-0.06145041871944272,-11.76889522755971,-11.702977947197224
656305,R,2024,644,4.078307759143589,-0.03681098134226286,0.1355666466505513,-0.7452250161711388,4.724777110006438,4.084650383963407
656305,R,2025,535,2.2831298190913842,-0.025507094743356738,0.04896315861207929,-0.03715551466013456,2.296829269882796,2.283129819091384
656305,R,2026,351,9.593798346824752,-0.03636260681319214,0.19659983194680725,-0.5714170778153481,10.004978199506482,9.593798346824752
656413,R,2024,233,5.653786376878544,-0.10006628072307507,0.3414540795254691,0.031002243823883384,5.381396334252264,5.653786376878544
656484,L,2026,188,-5.099919514896612,0.019092374421843604,0.015362249982141307,-1.0757533804668988,-4.058620758833698,-5.099919514896612
656537,R,2024,172,3.7534347803095427,-0.03579516785581644,0.7686848805897412,0.17351373957423671,2.847031328001381,3.7534347803095423
656537,R,2026,213,17.49889363883454,0.07146479401945183,0.24318452116781133,0.039006698283609406,17.14523762536367,17.49889363883454
656541,L,2024,158,31.344672499873834,0.01531342656395839,0.5063185992197767,0.4219095178332493,30.401130956256853,31.34467249987383
656555,R,2024,517,11.453412948952014,-0.0015107306611511673,0.2332107009208726,0.39342042464890675,10.828292554043387,11.453412948952014
656555,R,2025,326,8.318525741259245,-0.027608066199968282,0.0726032503600598,-0.04451495692982193,8.318045514028976,8.318525741259245
656555,R,2026,319,5.028898051490898,-0.01801901115980411,-0.18121871376492457,0.49763674018986187,4.7304990362257655,5.028898051490898
656577,R,2024,156,-8.003961677610196,0.06752881932768855,0.37782175586800076,0.3275180163447863,-8.776830269150672,-8.003961677610196
656582,R,2024,416,22.092368994653995,-0.03725592697824419,0.09017310844420719,0.35862126171414216,21.68083055147389,22.092368994653995
656716,L,2024,324,-13.721382876735865,0.021859406086778842,0.46477496679623936,0.9587869780232908,-15.166804227642174,-13.721382876735865
656716,L,2025,511,10.115210779460758,0.027874189601092714,0.20299469426935662,0.043360241893709454,9.840981653696598,10.115210779460758
656716,L,2026,417,-4.41661803154252,0.07277532559970905,0.17321970837606993,-0.1738537158228145,-4.488759349695485,-4.41661803154252
656775,L,2024,499,10.371669411075397,0.05201760807568044,0.231046335917507,-0.7489586875971608,10.83756415467937,10.371669411075397
656775,L,2025,498,6.565400567388431,0.02390406431950104,0.4038585531538819,-0.4212474933778467,6.558885443292894,6.578610628892231
656775,L,2026,489,4.612921860872559,0.03883004172466407,0.15195027680099754,-1.0328748337075528,5.4550163760544494,4.641396687174241
656811,L,2024,492,-5.24806270284235,-0.015140866691281823,0.4321423148629309,-0.8060297561549501,-4.859034394859049,-5.24806270284235
656811,L,2025,543,4.234097009008857,0.04861807945618389,0.3809914623316284,-0.18144624706752333,3.9859337142885685,4.249749863016284
656811,L,2026,433,5.816261095670327,-0.11285301091736125,0.3253110245763655,0.3264383214759642,5.277364760535359,5.816261095670327
656896,R,2024,302,-16.3812188969168,-0.01110978023986683,0.22835795924260174,0.2140813917112205,-16.812548467630755,-16.3812188969168
656941,L,2024,689,-10.80643735322468,0.012774699989676475,0.2183440631300418,-0.5431575763558214,-10.494398539988579,-10.80643735322468
656941,L,2025,719,-0.2528208391755939,-0.005722201643759743,0.3314421745112929,0.1667496548816912,-0.7452904669248182,-0.2528208391755939
656941,L,2026,672,5.411536117062227,-0.062290299350305854,0.18527368863567256,0.22569129686605854,5.062861430910802,5.411536117062227
656976,L,2024,158,-10.878067751116294,-0.03584789462537581,0.06100253463014595,0.015530554226341134,-10.918752945347403,-10.878067751116294
656976,L,2025,287,14.119790699180854,0.020088968740587722,0.15114284364543876,-1.0379220556391986,14.986480942434024,14.119790699180854
657041,R,2024,528,3.302616679707099,-0.03728651239824524,0.4545165642237437,-0.2871068630771501,3.1724934909587494,3.302616679707099
657041,R,2026,374,-1.6184497838703054,0.11898237571635348,0.386642885008438,-0.308450268744609,-1.8156247758504893,-1.6184497838703054
657077,L,2024,620,-12.16449868215205,0.007006134957345271,0.02379960501389286,0.2915762821930853,-12.486880704316373,-12.16449868215205
657077,L,2025,213,-23.675876482640287,0.047947101314748046,0.2810589111444305,-0.6475762265240034,-23.35730626857546,-23.675876482640287
657136,R,2024,487,21.925722670416288,-0.030414944588885922,0.164518909226697,0.8198779075421347,20.97174079823634,21.925722670416288
657136,R,2025,188,-14.133766326167436,0.02084818135084732,0.4088725219840849,-1.253911271296079,-13.309575758206286,-14.133766326167436
657136,R,2026,234,4.816826183912409,0.12474645063668209,0.16964919498475042,0.2692990020866049,4.25313153620437,4.816826183912409
657557,R,2024,482,5.1456827146401745,-0.05896598872436032,0.07588728913629683,-0.14705868128476787,5.275820095513006,5.1456827146401745
657557,R,2025,209,10.595916395814285,-0.06957657600617213,0.1585916622656339,-0.17800381657965442,10.684905126134478,10.595916395814283
657656,R,2024,309,9.122199990892044,0.04988994653924042,0.10195685379103403,0.7267783623559756,8.243574828205796,9.122199990892044
657656,R,2025,488,3.002913532674018,0.0790388556112166,0.5411170736726285,-0.15592831008674435,2.5386859134769173,3.015271201532759
657656,R,2026,206,-11.923407990998172,0.12748984658480952,-0.1553318247815964,-0.10044510448237146,-11.79512090831901,-11.923407990998172
657757,L,2024,499,-12.919995999803502,-0.05917001900906465,-0.11786132596786553,-0.2891557079738216,-12.45380894685275,-12.919995999803502
657757,L,2025,545,-4.893918906861605,0.023092721661259974,0.029382034597343638,-0.4004026076305829,-4.545991055489626,-4.893918906861605
657757,L,2026,414,-4.764828546724241,0.021794148269680656,0.3699429210826752,-0.1971899735437462,-4.95937564253285,-4.764828546724241
658668,R,2024,196,-27.732079849079554,0.017120203567095642,0.28814477429516855,0.37442212000104247,-28.411766946942866,-27.73207984907955
660162,L,2025,260,12.210752664759394,-0.012368477502236443,0.2602502870755717,0.31202102029698564,11.65084983488907,12.210752664759394
660271,L,2024,721,-9.066322413306217,-0.034368135230805334,0.2155688946276829,-0.45813278067285745,-8.789390392030239,-9.066322413306215
660271,L,2025,707,-5.966227497533556,0.01504767075881178,0.1960501881664397,0.08653151783559765,-6.263856874294405,-5.966227497533556
660271,L,2026,581,-17.444845273951653,-0.05427856116692575,0.3197978000312117,0.4510226767797072,-18.161387189595647,-17.444845273951653
660644,L,2024,205,10.82577223366343,0.008885350236958411,0.1191740138661779,0.7470190723005661,9.950693797259728,10.82577223366343
660670,R,2024,222,-6.012415833953877,-0.03264682427982175,-0.2029861044984681,0.6756781023989762,-6.452461007574563,-6.012415833953877
660670,R,2025,408,5.303053920166979,0.018659391903496095,0.41267261120036625,-0.677541112274772,5.549263029337888,5.303053920166979
660670,R,2026,454,-9.571771853311663,0.07045863881197066,0.5366162479003503,-0.531885626657173,-9.64696111336681,-9.571771853311663
660688,L,2024,353,-5.558164091203913,0.0007452059358208825,0.5922048846251766,-0.7127115801264384,-5.438402601638473,-5.558164091203913
660688,L,2025,213,-11.135143160277538,-0.02967177506575217,0.5231480192478856,-0.15124589458856358,-11.477373509871109,-11.135143160277538
660688,L,2026,254,14.220474541239048,0.004427347464289166,0.6955323175676646,0.6108709654955025,12.90964391071159,14.220474541239048
660707,R,2024,248,-6.253266401832743,-0.03487832477011734,-0.20824819240993,0.1535657178224765,-6.16370560247517,-6.253266401832743
660766,R,2024,251,13.258389534099242,-0.09586032997244183,0.9648812562283332,-1.3302632091672046,13.719631817010553,13.258389534099242
660821,L,2024,535,-16.915264240698942,-0.021945236784955587,0.2870303173325152,0.4716523982793678,-17.65200171952587,-16.915264240698942
660821,L,2025,497,-10.716314908743309,0.024008564253858264,0.0958514187753561,0.017818323775796844,-10.853993215548321,-10.716314908743309
660821,L,2026,311,-8.545402500694289,0.02928712709422595,0.017211349880892915,-1.0202006400225188,-7.571700337646891,-8.545402500694289
661388,R,2024,674,5.369961052628359,0.0023613499112384554,0.1503010474798189,0.6972055639742601,4.520093091263042,5.369961052628359
661388,R,2025,656,8.562515044382923,-0.01832597293282562,0.16934668478972947,-0.1622920773112322,8.573786409837252,8.562515044382923
661388,R,2026,618,0.04378638882149124,-0.035430993183014715,0.23229791502145275,-0.3752395371082374,0.22215900409129175,0.0437863888214912
662139,L,2024,512,17.679707495686582,0.012287584282279801,0.2917114835625845,0.7771534061565568,16.59855502168516,17.749039681944176
662139,L,2025,270,24.445231999907488,-0.02254629776660085,0.3399073681349798,-0.6414541160294325,24.769325045568536,24.445231999907488
662139,L,2026,525,-1.9405644226390446,0.05393403394328836,0.12074651057648536,-0.5786108384528824,-1.5366341287059357,-1.9405644226390448
663330,R,2026,171,-7.494633545126463,-0.005540432572819393,0.24617215730456402,0.15597036651537238,-7.8912356363735805,-7.494633545126463
663368,L,2024,275,2.4971444787159176,-0.011159777216619846,0.08029927373981194,0.6083139344397916,1.8196910477529349,2.4971444787159176
663368,R,2024,158,13.181618046055727,0.024660132224270492,0.577356152134476,0.49298978315230424,12.086611978544674,13.181618046055728
663457,L,2024,403,-12.638938536379563,-0.05597810899759234,0.22079286686695165,-0.699207128767283,-12.10454616548164,-12.638938536379564
663457,L,2025,580,-5.2605911816967605,-0.037332758667654745,0.2042509477284333,0.057370435710630226,-5.48487980646817,-5.2605911816967605
663457,L,2026,308,-22.233633906545545,-0.15245949757325503,0.38826827717787177,-1.8570456419234633,-20.6123970442267,-22.233633906545545
663494,L,2026,183,2.6439885000574526,-0.04800496297476699,0.9042934284157762,-1.446237592446529,3.2339376270629705,2.643988500057453
663527,R,2024,278,-5.896519579567114,0.0015885320676634824,-0.21984165724062518,-0.7950901083463082,-4.883176346047845,-5.896519579567114
663538,R,2024,640,0.5897458716795548,-0.005424930174749946,0.2220496399865559,-1.0406623453310657,1.4137835071988152,0.5897458716795548
663538,R,2025,650,5.07591425751746,-0.032190074073409465,-0.10356086755153913,-0.6297812024875451,5.841446401629953,5.07591425751746
663538,R,2026,672,-11.758537376512226,-0.0183019525904857,-0.0012950417886122099,-0.33540613549458675,-11.403534246638541,-11.758537376512226
663586,R,2024,470,-8.955871218967143,0.03716043809372071,0.36612571958609147,0.4275526368463997,-9.786710013493357,-8.955871218967143
663586,R,2025,446,-2.669922866204573,0.007881209827805907,0.4274195623184957,-0.6108683949185596,-2.4943552434323144,-2.669922866204573
663586,R,2026,609,-9.42656627290315,0.033978306495718376,0.31824671222666984,-0.5783433578400418,-9.200447933785497,-9.42656627290315
663616,L,2024,400,-3.743112129285981,0.0077261771756279895,0.0731952106755845,0.09292624986933029,-3.9169597670065235,-3.743112129285981
663616,L,2025,565,2.3478362882236956,0.03828614340692833,0.20964136495540484,-0.09648558038645248,2.196394360247815,2.3478362882236956
663616,L,2026,434,9.054572965657988,0.017579460134608697,0.1530240809386993,-1.1530381387139144,10.037007563298593,9.054572965657988
663624,R,2024,507,-0.467723791568497,0.002292962906122186,0.1468240317162044,-0.6364559924098616,0.019615206219036566,-0.467723791568497
663624,R,2025,357,-4.248428074059924,-0.02716638354053096,0.1668042920749031,-0.06419415628626457,-4.323871826308033,-4.248428074059924
663647,R,2024,395,-11.235980780689255,0.0015710693695875455,0.3075980975058145,0.28663893148871067,-11.831788879053368,-11.235980780689257
663647,R,2025,569,-7.554363552536925,-0.07470309472865524,0.23190690652803314,-0.6145710309437487,-7.096996333392554,-7.581010337554693
663647,R,2026,235,-37.534617695542366,-0.010849914374328489,0.18171563197625282,0.24083502328749753,-37.94631843643178,-37.534617695542366
663656,L,2024,336,12.225373103995596,0.023330712265696656,0.025333124342454216,1.2575886195962729,10.91912064779117,12.225373103995596
663656,L,2025,590,-8.150743116190949,-0.06165372773833327,0.03634518386395975,-0.5435552900991372,-7.581879282217439,-8.150743116190949
663656,L,2026,606,-5.134933388919804,-0.01264991183011687,0.2547251121150174,0.7092342277056609,-6.086242816910365,-5.134933388919804
663662,R,2024,186,-16.439759585447344,-0.023170307902331475,0.44777884012842517,-0.4303376958521572,-16.43403042182128,-16.439759585447344
663697,R,2024,637,-11.363328239424538,-0.029721248033461628,0.44156476226331787,0.106658921624482,-11.881830675278879,-11.363328239424538
663697,R,2025,566,-12.716508869580643,0.02220470088950539,0.23083395328932294,-0.49896498070740053,-12.47058254305207,-12.716508869580643
663698,R,2024,283,2.8149045876272325,-0.04974183180675071,0.27533187739048726,0.2540477929727348,2.335266749070761,2.8149045876272325
663698,R,2025,334,-2.0831807614074545,-0.021714590790441295,-0.117637270379543,-0.5660299375609059,-1.3777989626765645,-2.0831807614074545
663728,L,2024,453,-6.973336581611919,0.0039016850463999423,-0.07194875593138157,-0.4962291684149097,-6.409060342312029,-6.973336581611919
663728,L,2025,485,1.6670848865594927,-0.01244851462172061,0.1705816632244049,-0.6936905327766711,2.202642270733479,1.6670848865594927
663728,L,2026,325,-10.725253046056853,0.07844447665444702,-0.10775928143086962,-1.5371955766873788,-9.158742664593051,-10.725253046056851
663728,R,2024,171,-20.458680199414896,0.02130168029498238,-0.1022915219501492,-0.5866372030743296,-19.7910531546854,-20.458680199414896
663728,R,2025,204,29.898815738675268,-0.005848049983949641,0.38516575794334434,-0.3874583453885299,29.9069563761044,29.898815738675268
663728,R,2026,187,-9.32549367271194,0.03701480795685981,0.06325424347050526,-1.5663828781908815,-7.859379845948424,-9.375630735468455
663743,R,2024,335,5.398537630462716,-0.009710987128326966,-0.012582772252034361,0.44061889355618666,4.9802124962868906,5.398537630462716
663743,R,2025,243,17.209370079420054,0.03209924986428882,0.26666891338164206,-0.2066039551283759,17.117205871302502,17.209370079420054
663743,R,2026,314,12.105825845797742,-0.005713610813970885,0.12218847340743902,-0.8701313450811381,12.859482328285413,12.144502605688473
663757,L,2024,208,-1.1516630085514379,0.005682850940047538,-0.04149830068638211,0.3022949687452226,-1.418142527550326,-1.151663008551438
663757,L,2025,582,-6.606182988858849,0.05366839095965651,0.2614446487817649,-0.45072406773069285,-6.470571960869578,-6.606182988858849
663757,L,2026,485,-12.821792604036716,0.03678221528141198,0.2905814456556362,0.6234281125607174,-13.77258437753448,-12.821792604036716
663837,R,2024,569,4.169388792031238,0.007527715173324165,0.057086587894715254,1.0189108925262655,3.085863596436932,4.19890658878898
663837,R,2026,292,-21.555688824770023,-0.028732239205398996,0.004422258677089111,0.008908147653821556,-21.540286991895538,-21.555688824770023
663853,R,2024,216,-2.4120440701436103,-0.08086212239569741,0.40474926880487233,0.9158140224711531,-3.65174523902394,-2.4120440701436103
663853,R,2025,340,9.782655105710607,0.0663212482106214,0.19616830905208063,-0.8275772175279926,10.347742765975898,9.782655105710608
663886,R,2024,514,17.271400822960857,-0.0377780617060484,0.28134457259325507,0.2519542130052708,16.775880099068377,17.271400822960857
663886,R,2025,340,4.532071596246559,-0.1217539511165451,0.5227499003749476,-0.7162108595977026,4.847286506585859,4.545440539008348
663886,R,2026,459,-6.2748011110388395,-0.11480884824611208,0.30264531016676427,0.24783279380373158,-6.710470366763223,-6.2748011110388395
663898,R,2024,538,8.105936551032869,-0.011244828239522697,-0.0016510068605910273,0.31801176619288046,7.800820619940101,8.105936551032869
663968,L,2025,292,21.64927185186216,0.04682362976216641,0.8491561311432305,-0.38287543215815795,21.136167523114924,21.798577174978455
663968,L,2026,332,10.152749137020562,-0.06848592132163986,0.5174043672929788,0.22991837021498715,9.473912320834234,10.152749137020562
663993,L,2024,567,4.156426949241137,0.09304654112555046,0.2309507794137616,-0.8536946339781681,4.686124262679993,4.156426949241137
663993,L,2025,608,2.1923339872858247,0.008962591108665333,0.2870533399399991,-0.1434854613740649,2.039803517611225,2.1923339872858247
663993,L,2026,416,5.820070624648439,0.05177068416959263,0.4419712424244832,0.5578587207803188,4.768469977274048,5.820070624648439
664023,L,2024,497,-14.277383243407206,0.0046328301495971135,-0.2957040921473592,-1.2661110915414417,-12.720200889868002,-14.277383243407206
664023,L,2025,477,-5.144801380089662,-0.07048301579015744,0.28877975121284793,-0.6311884040269349,-4.731909711485419,-5.144801380089662
664023,L,2026,470,11.604876602862827,-0.00595656150043797,0.40653827965725,-0.4813011974648474,11.685596082170864,11.62962047621648
664023,R,2024,162,4.499259645834143,0.023734000941349736,0.3638993076788069,-1.0359701738503964,5.147596511064381,4.499259645834143
664023,R,2025,184,-25.08072045803432,-0.06909514847466408,-0.10283572790313596,-0.8212313599919684,-24.08755822166455,-25.08072045803432
664034,R,2024,536,-2.958706402379907,0.007331749804269985,0.13624104983745197,-0.0731649980799844,-3.0291142039416448,-2.958706402379907
664034,R,2025,491,-11.216041744023206,-0.01818643416188006,0.28300076234729976,-0.02383847574663705,-11.45701759646199,-11.216041744023206
664034,R,2026,480,25.064902339634283,-0.07435611838395481,0.6809594600093235,-0.1840914362266758,24.642390434235594,25.064902339634283
664040,L,2024,423,-3.17923687987937,-0.032196876953704955,0.3674722538354505,0.27070380731637206,-3.7852160640774875,-3.17923687987937
664040,L,2025,555,0.4012589800441958,-0.008034198713712457,0.6712914438475225,-0.3651575503732634,0.10315928528364857,0.4027101879286233
664040,L,2026,638,11.293062725156894,-0.09839996245153379,0.40559803162454927,0.15375985250816454,10.832104803475715,11.293062725156894
664056,R,2024,435,-4.025542292864965,0.06850450601230558,0.010035258871758929,0.01819231105734633,-4.1222743688063765,-4.025542292864965
664056,R,2025,503,23.052226945945044,0.023291278616047528,0.17811389680267697,0.0377468503891024,22.81307492013721,23.052226945945044
664238,R,2024,440,6.219101422323017,0.05033829215446133,0.11885027093164666,-0.4204185203860447,6.470331379622954,6.219101422323017
664238,R,2025,243,6.267167944561404,-0.012845885899750664,0.06771622956763752,-0.6069520248427955,6.8192496257363135,6.267167944561404
664702,R,2025,299,5.859997472164425,0.08738742602627056,0.5603397039041257,-0.21110501892606273,5.42337536116009,5.859997472164425
664702,R,2026,318,-3.1989601675925896,-0.04287710760939952,0.30851844766092595,-0.9497746905204189,-2.5148268171236983,-3.1989601675925896
664728,L,2024,426,7.28038810704353,0.04197898611012371,-0.0977484023759016,-0.8332189315145543,8.16937645482386,7.28038810704353
664728,L,2025,407,13.526938246035208,0.025373202766143247,0.005141991076074652,-0.5752491881008409,14.071672240293832,13.526938246035208
664728,L,2026,313,-0.914394112154229,0.05480511971277975,0.2481893428188975,-0.30666257293562577,-0.9107260017502801,-0.914394112154229
664761,R,2024,605,-1.1231231088570104,0.004327244108112413,0.46545929184194235,-0.5911536728812176,-1.0017559719258473,-1.1231231088570104
664761,R,2025,504,1.2470635959878567,-0.015436925889256502,0.36063144825705107,0.23866022707590423,0.6632088465441583,1.2470635959878569
664761,R,2026,611,-6.798165699878686,-0.023866008275590322,0.48366771454786267,0.2903277997349556,-7.548295205885914,-6.798165699878686
664770,L,2025,438,8.225226404224763,0.087451692182236,0.4126646105821503,-0.25248688770993327,7.977596989170309,8.225226404224763
664770,L,2026,433,4.844430987220731,0.032621903325437324,0.2515477414885878,-1.0251221809271105,5.5853835233338165,4.844430987220731
664774,L,2024,396,-9.966936449810778,-0.015451985017882343,-0.07890796765393457,-0.5657304131068894,-9.30684608403207,-9.966936449810778
664774,L,2025,241,-20.374903922480414,0.014199948712646139,0.16060573440515116,0.031183565269593396,-20.580893170867807,-20.374903922480417
664913,L,2024,402,-4.183815362247971,-0.003907537905263408,0.13577144769340396,-0.7295518500133364,-3.5861274220227757,-4.183815362247971
664954,L,2026,231,4.192196804190273,-0.04998663402088605,0.31076809936349425,0.6568523542451721,3.274562984602493,4.192196804190273
664983,L,2024,494,6.053219510723451,-0.010381183587879246,0.22014968194299228,-0.3689737171779672,6.2124247295463055,6.053219510723451
664983,L,2025,223,-12.432100837333147,0.03926121414566138,0.2080439551449073,-0.9048429500330042,-11.774563056590713,-12.432100837333149
664983,L,2026,574,8.537563802083504,-0.04362518837963692,0.45475353707785443,0.6202016613023218,7.506233792082963,8.537563802083504
665019,L,2025,386,-10.321174848727686,-0.0009388339538181127,0.49253348723651547,-0.2393279642341863,-10.573441537776198,-10.321174848727686
665019,L,2026,568,2.3132750602843117,0.04223993617769568,0.3959148577833006,-1.2666026445391538,3.1417229108624682,2.3132750602843117
665052,L,2026,305,-4.403190800432509,0.01630661336241861,0.19386420428018708,-0.30900173147376925,-4.304359886601344,-4.403190800432509
665161,R,2024,649,-0.004542432528759505,0.01936308459680614,0.2522133405910066,1.1974388418997068,-1.4735576996162791,-0.0045424325287595
665161,R,2025,541,8.817098875461738,0.07679867651787033,0.11635977600580072,1.308882261052224,7.315058161885841,8.817098875461738
665161,R,2026,462,8.121316126896058,0.0362175341071039,0.04124781759356035,0.12334505957461456,7.92050571562078,8.121316126896058
665487,R,2024,438,-17.416690489281482,-0.0491647648727963,-0.10363885499362627,-0.6755709457850029,-16.58831592363006,-17.416690489281482
665487,R,2025,685,-7.03491443907099,-0.008039039611195556,0.03725366355821187,-0.22806358357569032,-6.8360654794423175,-7.03491443907099
665487,R,2026,681,-13.128975328184442,0.004559911314539116,0.28536977318826934,-0.06324712173125066,-13.355657890956,-13.128975328184442
665489,R,2024,685,-4.136884666161443,0.03092519996508647,0.24612817272643772,0.6737162425772707,-5.087654281430236,-4.148998530484024
665489,R,2025,672,-2.027389836289223,0.07448495087815868,0.10836606651478134,-0.3379140197204484,-1.8723268339617132,-2.027389836289223
665489,R,2026,592,-15.563549447485949,0.04413861348308746,0.09491386949078004,-1.0394356646829557,-14.663166265776862,-15.563549447485949
665506,R,2024,181,0.9902949981411462,0.05163402993844605,0.30401973246430763,0.07246530801524942,0.562175927723142,0.9902949981411462
665742,L,2024,711,-19.903592085842078,0.021922974541904,0.11131694451308313,0.2693080525750951,-20.30614005747216,-19.931625314131995
665742,L,2025,703,-9.944206883426961,-0.03497621196857084,0.11922486433391694,-0.72501631794742,-9.30343921784489,-9.94420688342696
665742,L,2026,447,-8.42190554991563,0.013097329839481659,0.0942216157892632,-0.7003295911892692,-7.828894904355104,-8.42190554991563
665750,L,2024,427,-1.90420825664551,0.047866210682773434,0.2520519478194641,-0.575463803630709,-1.6286626115170393,-1.90420825664551
665750,L,2026,315,8.784175916715887,0.08289646533352742,0.14969598626412534,-0.08918397708515731,8.64076744220339,8.784175916715887
665750,R,2026,158,-8.069265158173012,0.003032858136544206,0.07917078425550914,0.19441760511428655,-8.34588640567935,-8.069265158173012
665804,R,2024,364,-1.2902031834402792,0.0038879947462068854,-0.11422328015711941,-1.1054467124109122,-0.07442118561845475,-1.2902031834402792
665804,R,2026,243,17.351088443577208,0.01149333540936242,-0.12421104658710645,-0.3947478594577006,17.85855401421265,17.351088443577208
665828,L,2024,258,7.654584140768888,0.0034438189800904406,0.05588925229913525,0.5088545279355378,7.086396541554124,7.654584140768888
665833,L,2024,592,-4.157011389454692,-0.03775569679624176,0.267168999269921,0.33469368478503536,-4.721118376713407,-4.157011389454692
665833,L,2025,541,-13.461893204644245,-0.037949516151978877,0.007288171724106533,-0.4461575476309967,-12.985074312585374,-13.461893204644245
665833,L,2026,408,9.398498235602402,-0.16686558763584586,0.16121593638177323,-0.1588659578753545,9.56301384473183,9.398498235602402
665839,L,2024,224,-11.9131452585667,0.05718929432991732,-0.19733505881459396,1.1144537811669175,-12.887453275248943,-11.9131452585667
665862,L,2024,616,12.541050515225496,-0.021727684511572188,0.16196472896208408,0.22630787141886774,12.174505599356115,12.541050515225496
665862,L,2025,529,5.6072346245045495,0.021772132556295443,0.3334844052613249,-0.5249266129412671,5.776904699628197,5.6072346245045495
665862,L,2026,523,4.281464728501479,0.03359779091580122,0.2728871412530527,0.7009089201306012,3.274070876202025,4.289666768211253
665877,R,2026,359,4.621164784916706,-0.11758139461982275,0.8022078345837442,-2.1509648796943743,6.0875032246471585,4.621164784916706
665923,R,2026,242,19.54309232395715,0.004965855086823601,0.18797936699981826,-0.3141600203669645,19.66430712223747,19.54309232395715
665926,L,2024,633,-8.045716375904266,0.00847768875992617,0.02466944976954987,0.8494370107279254,-8.928300525161667,-8.045716375904266
665926,L,2025,370,-13.124599702242614,0.03883635252216113,0.043674841949556543,-0.41734887149425126,-12.789762025220082,-13.124599702242614
665926,L,2026,495,1.8781647948956406,0.052453136088721715,0.16729181252576442,-0.9009184015135887,2.5593382477947433,1.8781647948956408
665953,R,2026,217,19.065056674732226,-0.054208522960411835,0.4291656712073739,0.43175984448591626,18.258339681999352,19.065056674732222
665966,R,2025,446,10.679082806647916,0.06588853558365355,0.011666117751765284,-0.8927608349292956,11.494288988241792,10.679082806647916
665966,R,2026,277,-11.058790564334352,0.06350374025640268,-0.2084264733451295,-0.5029372832485107,-10.410930547997115,-11.058790564334352
666018,L,2025,419,-2.6884748066998645,-0.04457637860665738,0.6280424352592854,-0.6122148590116996,-2.659726004340792,-2.701369170281158
666018,L,2026,650,-1.2698308256612036,0.010683564446755252,0.05095025052668059,-1.1278623491461977,-0.20360229148844214,-1.2757187583922445
666023,R,2024,368,11.739365220443952,0.0038622937181621263,0.25742095112932323,-0.6588011748974857,12.136883150493952,11.739365220443952
666023,R,2025,347,4.985653768478593,0.041919816865896214,0.32985932799769346,-0.5094487838326951,5.123323407447697,4.985653768478593
666023,R,2026,259,-3.109790592347446,0.009715107622831017,0.07840456072455355,-0.24872706789843127,-2.949183192796399,-3.109790592347446
666126,L,2026,369,2.961900337916108,0.03793253927535874,0.5860925229494864,-0.013679348449395577,2.351554624140659,2.9699489801387062
666134,L,2024,295,-0.2831506439361211,-0.05227826264843945,0.10321138036741091,0.42890165483907733,-0.762985416494171,-0.2831506439361211
666134,L,2025,405,-16.167035009094636,0.04975613612391749,-0.28147746098933296,-0.14545843512292692,-15.789855249106294,-16.167035009094636
666135,L,2024,178,-16.782839201064593,-0.039293751100217024,-0.271479241915984,0.45566787264536757,-16.92773408069376,-16.782839201064593
666139,L,2024,384,7.066977890896508,0.014012498576229795,0.29859586725612935,0.2307328709265063,6.5236366541376425,7.066977890896508
666139,L,2025,435,-9.4159023635084,0.017883673827042226,0.5138457868293071,-0.2451236701267731,-9.702508154037975,-9.459393829390656
666139,L,2026,325,-11.257781303896286,0.07643251889664526,0.41427552871453294,-0.6347900284331904,-11.113699323074274,-11.257781303896286
666149,R,2024,341,34.55417632365574,0.03567522109355277,0.20417284220547563,-0.8654527545753266,35.17978101493203,34.55417632365574
666149,R,2025,243,8.782108572517508,0.02706940048192402,-0.08054890389879635,0.1539207679926081,8.681667307941774,8.782108572517508
666150,L,2024,240,-14.332788321922434,-0.06819609937906672,-0.11676092040877395,-0.06991177667006056,-14.077919525464534,-14.332788321922434
666152,L,2024,319,14.182574167290365,-0.014358790071117886,0.0005584749674333903,0.9321564497290127,13.264218032665037,14.182574167290364
666152,L,2025,195,-3.9228572790146603,0.0574096530963092,0.14504228539323433,-0.9172875325663733,-3.20802168493783,-3.92285727901466
666152,L,2026,371,0.9469671156016551,0.010170903534690561,0.19139556816872427,-0.3795245336850438,1.1249251775832831,0.9495264861843622
666158,L,2024,489,-2.047288873848569,-0.021400452094458594,0.2962994072204579,-0.3497324385832201,-1.9724553903913489,-2.047288873848569
666158,L,2025,505,11.479640043610884,-0.10393227628101434,0.1448705558315977,-0.5322519175548327,11.970953681615132,11.479640043610884
666160,L,2024,418,7.646615767342367,-0.0022738300724504576,0.16154874719274065,-0.13189942105933763,7.619240271281415,7.646615767342367
666160,L,2025,460,2.9585873356109254,-0.0332480727550829,0.24929412911242987,1.663611095486402,1.0789301837671754,2.958587335610926
666160,L,2026,429,31.733805115910183,-0.0389182674906663,0.22833046880341573,0.8246817366598896,30.719711177937544,31.733805115910183
666163,L,2024,328,8.754276778686378,-0.01691085184359217,0.18871537803160102,0.30814402532958574,8.274328227168782,8.754276778686378
666176,R,2024,450,-5.890833579546632,-0.017814343868015257,0.31649202297545426,-0.048313814893250234,-6.141197443760821,-5.890833579546632
666176,R,2025,573,-9.32619604700571,-0.01347770315634352,0.3208460216841206,0.16015608822500876,-9.793720453758498,-9.32619604700571
666176,R,2026,639,-13.549351556281202,0.056777203372852365,0.27541463475757144,-0.21780096495010948,-13.663742429461516,-13.570588784425844
666181,L,2024,388,9.94177586552038,-0.03684880951547606,0.003503444490611415,0.06201107108051432,9.91311015946473,9.94177586552038
666181,L,2025,252,-15.797781545777644,-0.10890930367204811,0.4943184906528382,-0.48279503713510075,-15.700395695623333,-15.797781545777644
666182,R,2024,335,-17.566444005573107,-0.019291605088212455,0.13705023639730854,0.5972669148541826,-18.281469551736386,-17.72517693333431
666182,R,2025,628,2.8176607003218637,0.06513076421297125,0.18259196190060697,-0.29344078146538144,2.8633787556736663,2.8176607003218637
666182,R,2026,672,-13.93824287039653,-0.028543259262531023,0.490856191370364,-0.5897052759663324,-13.810850526538031,-13.93824287039653
666185,L,2024,150,3.083014139370453,0.0784027041028845,0.46828031805044773,-0.5370441921598137,3.0733753093769343,3.083014139370453
666185,L,2025,169,1.494164303013846,0.006424543106704369,0.6437661244230215,-0.10812797984128861,0.9521016153254074,1.494164303013846
666211,L,2026,277,1.2915845532727646,0.09628887716391567,0.13414683541156552,0.2036326554485262,0.8575161852487563,1.2915845532727646
666310,L,2024,390,7.755292995064571,0.002490206596264415,-0.22939421927470047,0.8667082939715859,7.115488713771421,7.755292995064571
666310,L,2025,414,0.5376490131668165,0.018160808904176005,-0.11968975089135456,-0.1786806442135804,0.8178585993675751,0.5376490131668165
666397,L,2024,301,-6.899482971000257,-0.034970655639683663,-0.1253198845031262,0.17348717293181465,-6.912679603789264,-6.899482971000257
666397,L,2025,209,-26.498686970755347,0.0347795406337114,-0.30523514838789484,-0.31879940675005947,-25.909431956251105,-26.498686970755347
666397,L,2026,276,-24.13483114903282,-0.028230384478594484,-0.05027235594353304,0.8417743673889614,-24.898102775999657,-24.13483114903282
666624,R,2024,609,-13.674084686688772,-0.021385706217585322,0.14095141763884336,-0.710208290231668,-13.083442107878364,-13.674084686688772
666624,R,2025,306,-2.26609778778878,-0.0231034319304614,0.47266445416815595,-0.5516245742601557,-2.1640342357663194,-2.26609778778878
666969,R,2024,635,-4.978146127791657,0.06624578590966651,0.1414939821739701,-0.5988378594996187,-4.587048036375674,-4.978146127791657
666969,R,2025,548,-9.218747523911492,0.14061758260482793,0.16149771283526945,-1.6184318700886,-7.902430949262989,-9.218747523911492
666969,R,2026,259,-16.1500016288131,-0.1485791086045331,-0.08400280181685896,0.588884849498046,-16.506304567889753,-16.1500016288131
666971,R,2024,553,4.1065085496879865,0.023604610168271017,0.21130426575766087,-0.5601283431705651,4.43172801693262,4.1065085496879865
666971,R,2025,546,1.1033591780611653,-0.014767348496358003,0.011240160760479118,-0.6849330801768426,1.7918194459738868,1.1033591780611651
666971,R,2026,201,-17.258060111374537,-0.06607594551194443,0.35810593120385664,-0.7415674576648024,-16.808522639401648,-17.258060111374537
667452,R,2024,189,-9.884086635138738,-0.06891594649017109,-0.1686517687162409,-0.46654627928191084,-9.179972640650416,-9.884086635138738
667472,R,2025,333,-21.66639361055823,-0.021392443373208683,0.3563599722469696,-0.29583124132657074,-21.70552989810543,-21.66639361055823
667472,R,2026,330,17.176378339434475,-0.11741477280035799,0.3738835311354854,0.2956778782010741,16.624231702898275,17.176378339434475
667670,R,2024,611,5.625143518575159,-0.017817887157969343,0.17799020231783014,-0.6333178347609385,6.098289038176237,5.625143518575159
667670,R,2025,694,0.09911508991047209,0.03079577770888812,0.5042976003267206,0.3399786768958866,-0.7759569650210236,0.099115089910472
667670,R,2026,199,-12.220691632750283,0.026211348251151276,0.33537325587121314,-0.057445793148460114,-12.524830443724188,-12.220691632750285
668227,R,2024,650,7.143481592712831,0.01893327878202246,0.18049141352795858,0.059992733630799454,6.88406416677205,7.143481592712831
668227,R,2025,710,3.1783283252920618,0.0049842058954823005,0.13428837829335138,-0.7617593116554685,3.800815052758697,3.1783283252920618
668227,R,2026,647,10.66408485711972,0.04156384739572252,0.05677605632849562,-1.2763675814008666,11.842112534796371,10.680592728415572
668670,R,2024,336,-5.426767760467269,0.0003421829738121496,0.1757807199632052,0.9648483804979132,-6.5677390439022005,-5.426767760467269
668670,R,2026,172,2.000643886980715,0.04807056376770258,0.15104554215975877,3.667210646316034e-05,1.8014911089467893,2.000643886980715
668709,L,2024,642,5.381460260693837,0.010445863859454842,0.19032839480457922,-0.5030399854965665,5.68372598752637,5.381460260693837
668709,L,2025,342,9.649674622841848,0.08658173205107834,0.3193505900950384,0.3799212684188994,8.863821032276832,9.649674622841848
668709,L,2026,527,0.5076321894889485,-0.13049679917277476,0.3969692941369019,0.4659005726767304,-0.22474087815190893,0.5085972696971025
668715,R,2024,655,2.7872937592635005,-0.05718684653975585,0.0603526643374138,0.24536588814510676,2.5387620533207347,2.7872937592635005
668715,R,2025,568,13.561616477366794,-0.1220398735158462,0.47697765257976626,-0.5316016536551676,13.73828035195804,13.58553467221224
668715,R,2026,384,-5.624031068898378,-0.05713654615948424,0.2763799313708776,0.30164253139526703,-6.14491698550504,-5.624031068898378
668723,R,2026,261,2.411991799818417,-0.014076129759332109,0.21961388899196,-0.9949626976636426,3.201416738249432,2.4212686913561803
668804,L,2024,487,1.4219488257217336,-0.0630802063293262,0.3976380523837331,0.4276997334990104,0.6596912461683172,1.4219488257217336
668804,L,2025,486,-15.229226852162009,-0.053242673568485714,0.025891003152254326,-0.5402549975053219,-14.661620184240459,-15.229226852162007
668804,L,2026,447,-14.00516598578198,-0.07642903860807676,0.39062233449840594,0.18282449767655606,-14.502183779348861,-14.00516598578198
668804,R,2024,202,-12.130182989261257,-0.03253955008205963,0.03216863864257877,0.3880680996631812,-12.517880177484956,-12.130182989261256
668804,R,2025,167,-4.883032972558789,-0.07266092289142963,0.16247336679297975,-0.7167824901745813,-4.256062926285758,-4.883032972558789
668804,R,2026,236,16.091378972593894,-0.14170875527935498,0.35235804106623553,0.020971373842720877,15.85975831296429,16.091378972593894
668832,L,2024,156,11.988266512955454,0.07572707321290116,0.03509827613126845,-0.3621675454611608,12.239608709072446,11.988266512955454
668885,R,2024,257,-5.2022687302693775,0.0024771203738128,0.04415204713052026,-0.09974207294591463,-5.149155824827796,-5.2022687302693775
668885,R,2025,181,-18.735808421592257,0.015390999099631575,0.29040021036942676,-0.3620756603839364,-18.67952397067738,-18.735808421592257
668885,R,2026,354,-4.532008248008365,-0.04443169166119294,-0.022870286050476873,-1.4309808025503512,-3.0337254677463448,-4.532008248008365
668901,R,2024,455,18.702445961635146,0.07960104208456309,0.47973249396291306,-0.011432292554831375,18.1545447181425,18.702445961635146
668901,R,2025,463,-8.12967889508279,-0.061711299168265205,0.015537407114971017,-0.7384997309338385,-7.345005272095657,-8.12967889508279
668901,R,2026,283,-10.160353606883753,-0.04496137898877412,-0.18671609493093738,-0.6180355746875865,-9.310640558276454,-10.160353606883753
668904,R,2024,322,8.672756446146629,0.006215123658928644,0.13800376643843035,0.03218528355076306,8.496352272498507,8.672756446146629
668904,R,2025,406,7.929014194870349,0.01062997849876359,0.440427904472026,-0.08844042034582593,7.566396732245383,7.929014194870349
668904,R,2026,492,-8.014168780042422,0.0716259771852355,0.16738793932030344,-1.235353006953554,-7.017829689594405,-8.014168780042422
668930,L,2024,616,-1.0133275709490226,-0.010253947546439272,0.28843866036404425,0.5014141909460208,-1.7929264747126485,-1.0133275709490226
668930,L,2025,658,4.635423325381088,-0.02982602736505775,0.2251128514463951,-0.17813396398400974,4.618270465283761,4.635423325381088
668930,L,2026,660,5.1216374762498695,-0.050043133233394696,0.3039418815104267,-0.6493243431912137,5.517063071164051,5.129409308535529
668939,L,2024,455,-12.685216639260899,-0.03239731474069113,0.09800545600565437,-0.653068985054829,-12.097755795471032,-12.6852166392609
668939,L,2025,257,-18.991651704891662,0.0477956186995721,0.13909488927941707,-0.15455985674387948,-19.023982356126773,-18.991651704891662
668939,L,2026,263,9.06843197079175,0.0451210931319523,0.3369568901173191,0.014093779749092638,8.672260207793386,9.06843197079175
668939,R,2024,181,16.9701875865415,0.014881482285337233,0.03063552126666039,-0.8135433383069571,17.738213921296456,16.9701875865415
668942,L,2024,474,-8.739693703400242,0.04029540087676141,-0.034775097443987976,-0.3726064274107414,-8.372607579422274,-8.739693703400242
668942,L,2025,211,-10.075846516927518,0.0009068797197195682,0.18526821516048816,-0.21483769134474293,-10.047183920462983,-10.075846516927518
668952,R,2026,263,-3.2875291533088693,-0.03928892595621541,0.11436456922366242,-1.0925398590391657,-2.2700649375371516,-3.2875291533088693
669003,L,2024,225,23.88311017068689,-0.035625076476377596,0.09453451668264493,0.2612868522210767,23.562913878259547,23.88311017068689
669003,L,2026,512,-10.318642338077458,-0.014854126619371502,0.03071092083958596,-0.5148553857559557,-9.81964374654172,-10.318642338077458
669004,L,2024,450,-16.865833030382124,0.04299656024296715,0.06428169537015475,-0.721480866883319,-16.251630419111926,-16.865833030382124
669016,L,2024,478,2.3962980340461972,0.04061179731445809,0.12505906983190745,-0.7105078216928259,2.9411349885926583,2.3962980340461972
669016,L,2025,426,2.1381912416724465,-0.008225947219157429,0.44509121352103326,0.1702114022789013,1.53111457309167,2.1381912416724465
669016,L,2026,550,-0.47127601595279517,0.00108251611801407,0.5493855342184368,0.29024512717119577,-1.3119891934604415,-0.4712760159527951
669065,L,2024,210,-11.48299972812581,-0.022334028784024025,0.17190488815928728,0.34765190159207776,-11.98022248909315,-11.48299972812581
669065,L,2025,454,3.224297021567349,-0.014675266357581726,0.1563853353007617,-0.30528577545272856,3.3878727280768994,3.224297021567349
669065,L,2026,502,7.3896620106444955,-0.050625930751556227,0.22675447616191535,-0.6601425634895114,7.873676028723646,7.389662010644496
669127,R,2024,534,-0.9302954202489587,-0.02423867842273397,0.06813097051263477,-0.653858044660806,-0.3203296676780529,-0.9302954202489588
669127,R,2025,521,11.930461566174944,0.029429773393924278,0.43878634925974763,0.3593021294198653,11.102943314101406,11.930461566174944
669127,R,2026,444,-3.2724340182527385,0.05118731804281649,0.021569411621553406,-0.13987347305379944,-3.205317274863308,-3.2724340182527385
669134,R,2024,299,-6.3720936730145405,-0.03282539911926014,-0.15557770901092943,-0.5473778325436701,-5.636312732340681,-6.3720936730145405
669134,R,2026,240,13.040218807846134,0.000898018709011588,0.3824456137771089,-0.13196047009137485,12.788835645451387,13.040218807846134
669221,R,2024,262,-3.3810939083794214,0.076485135564742,0.2704963454253744,0.5958072474510538,-4.323882636820591,-3.381093908379422
669221,R,2025,336,-0.5117033056292083,-0.004820185247710583,0.11886018543772757,-0.6004352168091927,-0.02530808901003196,-0.5132307781833254
669222,R,2024,266,-12.972979636451099,0.01180464439469161,0.3189413334703887,-0.784237733844628,-12.51948788047155,-12.9729796364511
669224,L,2024,415,-13.372532164848007,-0.009722990296931572,0.1605514081526646,0.14371750053295312,-13.667078083236692,-13.372532164848009
669224,L,2025,448,10.204492409881013,0.024376456080098672,0.08998253356688168,-0.46821516022961507,10.558348580463647,10.204492409881013
669224,L,2026,381,-5.008301557124455,0.007728664359626178,0.3493305076179405,0.5432588919671714,-5.908619621069193,-5.008301557124455
669234,R,2024,230,10.570392902862718,-0.028299125983673092,0.6099203221064381,1.315042859253182,8.67372884748677,10.570392902862718
669236,R,2025,185,23.435501455632817,-0.037618101398358465,0.2943419462401115,0.03793661246616794,23.1408409983249,23.435501455632817
669236,R,2026,277,-10.80550491004684,0.025337402762240394,-0.06313401649844762,0.18951217034639084,-10.957220466657025,-10.80550491004684
669242,L,2025,252,-12.313158246412295,0.027345618854188545,0.006951035820089167,-0.022927322636132327,-12.324527578450441,-12.313158246412296
669242,L,2026,208,6.13353185084753,0.02807732677889096,0.614765581380926,0.8646647748968884,4.626024167790824,6.13353185084753
669257,R,2024,540,0.22655161812501867,-0.054625192498355075,0.02381930883203206,-0.5900573796098301,0.8474148814011716,0.2265516181250186
669257,R,2025,437,5.922109316538653,0.04922799743387656,0.14563294343767313,0.062114390308519556,5.665133985358582,5.922109316538653
669257,R,2026,264,-21.05731335327937,-0.017572574137954225,0.09059168003389205,0.7945348883844944,-21.924867347559804,-21.05731335327937
669261,L,2024,275,-14.149971732241367,-0.012561028036048475,-0.03888059468366354,0.1980206958665253,-14.296550805388181,-14.149971732241369
669261,L,2025,177,-33.12231955354729,-0.04189022942555833,0.49281658566178693,-0.5973453647542866,-32.97590054502923,-33.12231955354729
669289,R,2024,391,2.310696520046451,-0.03278551576518427,0.43031277780790683,0.24610110324572101,1.6670681547580057,2.310696520046451
669289,R,2025,330,0.30845335999795276,-0.08888623191244743,0.031488483850203544,-0.47587044096798514,0.8417215490281825,0.3084533599979527
669304,R,2024,430,7.693296772915742,0.011220992076006589,-0.007542575597252422,-0.03322293441290066,7.72284129084989,7.693296772915742
669326,R,2025,150,9.153704090929518,-0.014640498040526537,0.26541072239285773,0.30668431293314075,8.596249553644046,9.153704090929518
669357,L,2024,402,-7.257437722634723,0.00831937205124236,0.366335964314016,-0.8171889272913251,-6.814904131708656,-7.275536071070221
669357,L,2025,401,-3.2238323325939455,-0.06203976353819892,0.4666244586597026,0.08105980910029904,-3.7094768368157496,-3.2238323325939455
669357,L,2026,291,-7.0860469131679364,0.06655165284526737,0.06345098874012156,-1.7611769898310712,-5.454872564922255,-7.086046913167936
669364,L,2024,209,30.82983447042683,0.014462317366130835,0.06670340181758959,0.7669204980951452,29.981748253147966,30.82983447042683
669364,L,2025,420,6.992078512611187,-0.030682326043347488,0.056653343613869867,-0.4539520603563212,7.420059555396985,6.992078512611187
669364,L,2026,447,2.8772244516470833,0.05306006842433911,0.22182552197662264,-0.2990839677068492,2.9014228289529718,2.8772244516470833
669364,R,2025,198,-9.877857173312348,0.04020091179004217,0.44106974352465206,-0.31733530637257884,-10.041792522254465,-9.877857173312348
669392,R,2026,160,23.953682962349852,-0.11105935335750104,0.0006244767508388547,-0.08635099784016144,24.150468836796684,23.953682962349852
669394,R,2024,577,-1.7805319944450408,-0.03418906877633845,0.17600369072895058,0.5773280604398393,-2.4996746768374916,-1.7805319944450408
669394,R,2025,377,-14.315633398246717,0.08160680500627203,-0.10864776206608058,-1.754882473054997,-12.53370996813191,-14.315633398246716
669394,R,2026,600,-4.176603881792077,0.12135525211883127,0.12108762752003281,-0.31485365965994794,-4.104193101770994,-4.176603881792077
669397,R,2025,414,-4.608033629087405,0.009229319846744403,0.19965327827402896,-0.7323764005789978,-4.08453982662918,-4.608033629087405
669397,R,2026,157,23.147015452038033,0.13553523261021452,0.05103464774397104,0.2991798027573967,22.66126576892645,23.147015452038033
669477,R,2025,347,-15.7104596060871,-0.06619220395007076,0.3385711959224813,0.050157699867419726,-16.03299629792693,-15.7104596060871
669477,R,2026,408,-7.738936708111551,-0.031107782312885923,0.15319483921724733,-0.5445331763175829,-7.31649058869833,-7.738936708111551
669701,L,2024,591,7.825872211607126,0.045055390698663794,0.25548095801624,-0.5368146899628955,8.062150552855117,7.825872211607126
669701,L,2025,562,-2.372333288490298,0.10096342227613629,0.2395013743675133,-2.024230243156825,-0.6885678419771231,-2.372333288490298
669701,L,2026,228,-0.4112311832436231,0.2595349353115994,-0.1792566858482982,-0.16682043521579723,-0.32468899749112556,-0.4112311832436231
669707,R,2024,447,-2.6208530539200385,-0.05160405215822411,0.15005832413534548,0.3757612633561478,-3.095068589253308,-2.6208530539200385
669707,R,2025,377,-5.02208996526328,-0.07900809897583909,0.3030263984601818,-0.574347728313092,-4.6717605364345305,-5.02208996526328
669707,R,2026,355,-3.1895161000427037,-0.04351517018995893,0.2963033612515674,0.12896455312656704,-3.5712688442308784,-3.1895161000427037
669720,R,2024,254,5.986754812813519,-0.04127365883029245,0.03604087712585818,-0.7699578231605392,6.7619454176784926,5.986754812813519
669720,R,2025,415,10.799147776292596,-0.03917047414981628,0.34662382097358047,-0.4689615234189261,10.960655952887757,10.799147776292596
669743,R,2025,324,6.8011532374004755,-0.04374639818479548,0.4640636188709685,0.15534393312810676,6.225492083586197,6.8011532374004755
669743,R,2026,192,17.057390280745462,0.04405666244187103,0.6776723199780257,1.0414497298743841,15.294211568451182,17.057390280745462
669911,L,2024,310,-18.740466274852267,-0.017659496548864062,0.44490865294652376,0.28366271740732685,-19.451378148657255,-18.740466274852267
669911,L,2025,240,-2.9882876068878534,-0.01684652628102397,0.14164874075663167,1.2607949653403563,-4.373884786703818,-2.9882876068878534
670032,L,2024,445,9.068287818577257,-0.06268558406233973,0.04843244867077178,-0.2254170058066429,9.307957959775466,9.068287818577256
670032,L,2026,260,4.8620814106010535,0.03654447193273389,0.23179979174084306,-0.3732489018275384,4.966986048755016,4.8620814106010535
670042,L,2024,455,11.531316070048469,0.04377322909442702,-0.05137894756457788,-0.44586232526063085,11.984784113779252,11.531316070048469
670042,L,2025,219,-10.84534812727348,-0.09962624404220934,-0.011929518077101025,-0.9778517065725807,-9.75594065858159,-10.84534812727348
670042,L,2026,286,-21.059470085728602,0.011957167970216719,-0.08216024489390632,-1.0801274350971455,-19.909139573707765,-21.0594700857286
670156,L,2025,175,-19.95925071657568,-0.045822241947843505,-0.4330329311740455,-0.8539076532210219,-18.626487890232767,-19.95925071657568
670224,L,2025,217,9.941192640849458,-0.12193149869982982,0.23443752561915046,-0.5229064073638219,10.351593021293958,9.941192640849458
670231,L,2025,175,-28.20180272096839,0.02887627705280433,0.28874895381610455,-0.8629300333047425,-27.65649791853255,-28.20180272096839
670242,L,2024,261,6.302746536280912,-0.03383376716231815,0.24215041702221954,-0.029200685028419215,6.12363057144943,6.302746536280912
670242,L,2025,393,16.281707111450487,-0.051811410737450034,0.009866820640924374,0.010614823965722857,16.313036877581293,16.281707111450487
670541,L,2024,617,-5.177224172732003,0.018050555074269663,0.10839918458692002,1.1412847497101613,-6.444958662103352,-5.177224172732003
670541,L,2025,194,-23.230956480985366,0.1228517027401619,0.050128067431709715,1.504317307127837,-24.908253558285075,-23.23095648098537
670541,L,2026,634,-14.582406745228573,0.06068945414517761,0.07626508872273419,0.34048184527703024,-15.059843133373516,-14.582406745228573
670623,R,2024,640,16.33324890562267,0.03574893139728748,0.14343901083676808,-0.24437738341851764,16.398438346807133,16.33324890562267
670623,R,2025,439,21.330658717455144,0.08930510419298943,0.1361834991869506,1.8499273155231917,19.255242798552008,21.330658717455144
670623,R,2026,636,19.828152614909918,0.10868975964791415,0.03001462703005217,0.38640837561321295,19.30303985261874,19.82815261490992
670764,L,2024,196,-13.952035448573213,0.036899795859487446,0.10177679015713077,-0.026713984691945174,-14.063998049897885,-13.952035448573213
670764,L,2025,215,0.49232585686456803,-0.02009791971042072,0.6932127552085586,-0.6695298863239927,0.4887409076904234,0.4946264449807576
670764,L,2026,267,7.807779288694108,0.04772416575212043,0.17092296718687047,-0.9589793981175918,8.548111553872708,7.837131842411003
670764,R,2026,154,10.978199522102004,0.02982103182246656,0.0935151796441009,-0.7021305692933707,11.55699387992881,11.04995246015496
670770,L,2024,342,14.623007406133993,-0.05616102717521085,0.18593676229248648,0.45864021322227844,14.034591457794441,14.623007406133992
670770,L,2025,687,12.828134304207616,-0.09524145395414269,0.3114214807696307,-0.5493324556229928,13.161286733015121,12.846834208441154
670770,L,2026,272,-6.762766962665186,-0.006465167126390096,0.3554031717924844,0.19997265531319242,-7.3116776226444715,-6.762766962665186
671056,R,2024,260,-13.077119618148703,-0.006192442213551,0.3067825322270759,-0.4475458328778774,-12.930163875284352,-13.077119618148703
671056,R,2025,451,0.3236348122619926,-0.046876512427470506,0.5725398667783047,0.2334033337015221,-0.4354318757903641,0.3236348122619926
671056,R,2026,690,3.0459817214449894,-0.04944766345833267,0.285501128508882,-1.8513894781398252,4.661317734534266,3.0504025947707443
671213,L,2024,239,18.626003080698805,-0.006224889939435789,-0.14443999479482614,1.0032188610917945,17.77344910434127,18.626003080698805
671218,R,2024,516,-4.0404644522095206,-0.038298510893584506,0.5045168736851778,-0.8282313875105399,-3.678451427490575,-4.056186103774538
671218,R,2025,693,-3.5011617589105044,-0.011031636123285051,-0.005659924163760866,0.006872844282603181,-3.491343042906063,-3.5011617589105044
671218,R,2026,423,-11.835885695860586,0.019544502209510484,0.10309578043762388,-0.22590800672975972,-11.732617971777962,-11.835885695860586
671221,L,2025,175,6.8547175530458295,0.08808558750770225,0.17971619753832022,-0.4373891442799201,7.02430491227973,6.8547175530458295
671277,L,2024,526,-3.490100718895314,0.01955293711261642,0.03785827971521812,-0.8939503507527679,-2.653561584970379,-3.490100718895314
671277,L,2025,527,-18.05845618138755,-0.0207546784169723,0.16548616670067895,-0.03976763798068496,-18.163420031690578,-18.05845618138755
671277,L,2026,534,8.07401765276843,0.00177037946890888,0.19919897736499334,0.6455423911562223,7.2275059047783055,8.07401765276843
671289,R,2024,383,-12.739468467723533,0.014258052207130037,-0.23409777304253807,0.737911289907198,-13.257540036795321,-12.739468467723531
671289,R,2025,428,-5.679253185123639,-0.04825793563482951,0.48589851443160537,1.743274693908449,-7.860168457828864,-5.679253185123639
671289,R,2026,288,-5.6817866351384705,-0.03339498257584915,0.26791006368379355,0.6377520681747277,-6.554053784421145,-5.6817866351384705
671732,L,2024,451,-0.3393516431627338,0.05049237623629997,0.1575461993036468,-0.6755670532834354,0.12817683458075538,-0.3393516431627338
671732,L,2025,630,1.0392447028674212,0.021197449295036717,0.11872142930393202,0.42239762279205034,0.47692820147640197,1.0392447028674212
671732,L,2026,519,-2.9717198017074544,0.1174463049039883,0.26183054578128334,-0.16543156973392653,-3.1855650826587993,-2.977456712521562
671739,L,2024,469,-12.25496463851639,0.07165886438639855,0.1128591854706679,0.397523403929352,-12.837006092302808,-12.25496463851639
671739,L,2025,641,-17.65129482216786,-0.006046782458481868,0.3079798017351821,-0.493801198048783,-17.459426643395776,-17.678874970327495
671739,L,2026,608,-1.906669919761684,-0.01692454998105044,0.3926374491808218,-0.5920134047664101,-1.690369414195045,-1.906669919761684
671976,L,2026,471,15.781350711555751,-0.026659635602778602,0.08856904216962579,0.1864360161518771,15.533005288837026,15.814928053495231
672016,R,2025,159,13.444801411701656,-0.03872053923172924,0.8040118033091558,0.604971924273952,12.074538223350276,13.444801411701656
672275,L,2024,351,-16.28759501485423,-0.043718233446049165,0.13665202974624538,-0.6246601602937448,-15.755868650860684,-16.380933668234487
672275,L,2025,331,2.2394348198890333,-0.041511620638315525,0.07532731303962598,0.05706702734335412,2.1485521001443684,2.2394348198890333
672275,L,2026,275,-19.27109147338968,0.11502149253944673,0.25822594864283765,0.6044539514389322,-20.248792866010895,-19.27109147338968
672279,L,2024,333,0.7740196107766848,0.004024846484827957,0.29655118724465684,-0.6011519794217649,1.0745955564689649,0.7763509951464942
672284,L,2024,449,-5.575448687006561,0.004345425121095352,0.21054229301754304,0.7688783596275421,-6.559214764772741,-5.575448687006561
672356,R,2024,161,-2.418561156971704,0.16886185650426935,0.2753633966671214,0.4301768394739552,-3.29296324961705,-2.418561156971704
672356,R,2025,470,-5.338897193423393,0.022074544959720697,-0.1490851264176013,-0.17251917283968946,-5.039367439125822,-5.338897193423393
672386,R,2024,385,-6.261563847828978,-0.010266412547798184,0.2367747794970097,0.8351824755152314,-7.323254690293419,-6.261563847828978
672386,R,2025,504,-12.683398819368358,0.050553201675244894,0.6132199832263449,-0.3056032791691059,-13.04156872510084,-12.683398819368358
672386,R,2026,293,10.880124841483662,-0.00010745962491185881,0.4865611456768619,-0.8099145957793478,11.203585751211058,10.880124841483662
672515,R,2024,349,-2.386899256628935,-0.0305369383816159,0.3133466056464771,-0.642652727640585,-2.0270561962532105,-2.386899256628935
672515,R,2025,306,-7.521154440006851,-0.06630047019092701,0.28382563980343856,-0.8642400103302353,-6.874439599289126,-7.521154440006851
672515,R,2026,531,1.817191482731815,0.002673250260045879,0.4021978294388751,-0.6993023724530887,2.1116227754859844,1.8206201459067808
672580,R,2024,627,-17.734982444668304,0.02168732049296963,0.2023013098855798,-0.8157919336565194,-17.143179141390334,-17.734982444668304
672580,R,2025,668,2.3772633798845613,0.05596658444469485,0.17455711399810678,-0.4931277138073833,2.639867395249144,2.3772633798845613
672580,R,2026,331,-7.107671496916215,0.05634096928419024,-0.19335367060540476,-0.26912886847353684,-6.701529927121464,-7.107671496916215
672640,R,2024,435,-0.07191969234226595,-0.05279132376288279,0.23885631238658242,0.30482577421080664,-0.5628104551767719,-0.0719196923422659
672640,R,2025,592,-10.094184581346086,0.013995270557272031,0.2186434208557908,-0.26297050296366853,-10.063852769795481,-10.094184581346086
672640,R,2026,671,8.122614184156516,0.019070922297658634,0.24431862633515444,-0.33154612982321463,8.190770765346919,8.122614184156516
672695,L,2024,268,10.57475111914019,0.023737800100292257,0.4125027897683194,-0.27212220245468605,10.410632731726267,10.57475111914019
672695,L,2025,503,10.341549646361495,0.029713200323444062,0.4012411856871501,-0.913502718041187,10.824097978392086,10.341549646361496
672695,L,2026,459,-2.241461622105494,-0.00837006786964372,0.2753416380593322,-0.7340090497614519,-1.7744241425337317,-2.2463556431144585
672695,R,2025,219,13.110900494284486,-0.016051245281081785,0.5561148259289688,-0.9326399221691165,13.503476835805715,13.110900494284486
672695,R,2026,197,2.123946302934657,-0.06741140227293382,0.431401451744328,-0.8169721343394111,2.576928387802674,2.123946302934657
672724,R,2025,265,-2.108566170330036,-0.013383805232664494,0.5752909289619905,-0.10781047312526033,-2.562662820934102,-2.108566170330036
672724,R,2026,366,6.113615028593347,0.001186609601129013,0.5542340344913638,-0.5788730008526434,6.1370673853534985,6.113615028593347
672744,R,2025,234,-14.654094363637792,-0.043160629491622915,-0.16105014870836015,-0.6510044158372315,-13.798879169600578,-14.654094363637792
672761,L,2024,328,7.483415675389867,-0.04952056779702171,0.22515987696360126,1.4776700998095476,5.830106266413739,7.552493358547311
672761,L,2025,274,0.29612492068858726,0.047048354034240715,0.4435401096816989,-0.20238494717488772,0.007921404147536875,0.2961249206885872
672820,R,2024,368,-21.30027609187476,0.007978504130672479,0.44112120690989975,-0.19199054449156078,-21.55738525842377,-21.30027609187476
672820,R,2025,544,3.032519146071228,-0.014482960157338952,-0.011892016801029779,-0.057017471723892654,3.1159115947534906,3.032519146071228
672960,R,2026,617,4.836416593428806,0.028295126585496776,0.3633937488312405,-1.1408631848788893,5.585590902890957,4.836416593428806
673237,R,2024,619,-0.18641257563728741,0.004915892835329908,0.061490402870397656,1.2210922113224807,-1.4739110826654958,-0.1864125756372874
673237,R,2025,568,-4.541143316045801,0.06979883824315299,0.08583947512051883,1.1770191566676584,-5.873800786077131,-4.541143316045801
673237,R,2026,339,18.586050229093498,0.08403848625121114,-0.17311569580443018,0.26828280321114095,18.406844635435572,18.586050229093495
673357,R,2024,423,8.53322841159994,-0.009603933749920126,0.18711374526400212,-0.2702649608180106,8.625983560903869,8.53322841159994
673357,R,2025,428,-7.343126761784618,-0.05264903330980116,-0.1554543662193645,-0.10356435383753607,-7.031459008417918,-7.343126761784618
673357,R,2026,230,-2.310130353730701,-0.12258744727731762,0.2584171477164792,-0.5824721825821108,-1.8634878715877534,-2.310130353730701
673490,R,2024,465,-7.663633837438397,-0.03966954167237593,0.11023265364578697,-0.7080140108731509,-7.026182938538656,-7.663633837438397
673490,R,2025,191,-0.5928156671908817,0.11366853350887787,0.3414513953599571,-0.40954478399890976,-0.6383908120608047,-0.5928156671908817
673548,R,2024,582,11.677283388555662,0.025469502318451517,0.2397942897395241,-1.4335824050894543,12.84560200158714,11.677283388555662
673548,R,2025,649,-2.01480126810099,-0.04508433711840727,0.08668096277069762,-0.6135419099625051,-1.4428559837907746,-2.01480126810099
673548,R,2026,613,9.796948840923879,-0.01591862990290415,0.25562133829483785,-0.462416715606503,10.019662848138447,9.812956927265258
673962,R,2024,188,16.465390363412972,0.022795236173040995,0.21704459329081363,-0.6296991331808335,16.855249667129954,16.465390363412972
673962,R,2025,511,0.06782925778209307,0.042498996153063635,0.08692496518347805,-1.7936886676708557,1.7320939641164066,0.067829257782093
673962,R,2026,435,-0.7976461294092962,0.026729080768364884,0.09944419540210081,-0.16898778454445307,-0.7548316210353087,-0.7976461294092962
675961,R,2026,227,30.781283072266415,0.0700317903072866,1.1548680897168289,0.1426027036767855,29.41378048856552,30.91748343984282
676059,R,2024,447,-7.243423348945318,-0.015541746660777619,0.12537028576612044,-0.8255182126192138,-6.527733675431448,-7.243423348945318
676059,R,2025,351,10.767619781743733,0.03581744550019836,0.45008669439032273,0.053335598437651385,10.228380043415559,10.767619781743733
676356,R,2024,363,3.1528632575783737,0.021425252840794995,0.20608425054730553,0.17384739656240886,2.7515063576278638,3.1528632575783737
676356,R,2026,349,26.333392432162178,-0.03309327562305414,0.14562265234112212,-1.0081202847650659,27.22898334020918,26.333392432162174
676369,R,2024,230,-7.656436272618599,0.07981021217903392,-0.32339876540851714,-1.0079153344492306,-6.404932384939886,-7.656436272618599
676391,R,2024,450,15.828522374311042,0.023100776592481297,0.27109516257056043,0.5364855773207815,14.997840857827219,15.828522374311042
676391,R,2025,587,9.217973383419709,0.042408500137214825,0.23740214617533625,-0.26600430767223837,9.204167044779396,9.217973383419707
676391,R,2026,605,11.546785820946884,0.023770295924730418,0.30259385767445796,-0.8143714164794191,12.034793083827113,11.546785820946884
676439,L,2026,241,-8.320718041763147,-0.06402999370243226,0.25051215012054,-0.84457698997268,-7.662623208208574,-8.355387700270494
676475,L,2024,595,-6.818875225912535,-0.008207270362529698,0.588122057964407,-0.49183438540046515,-6.906955628113948,-6.830354813834947
676475,L,2025,545,3.5086932714846157,-0.056462872944476813,0.6473970653374654,0.20713958872900565,2.710619490362621,3.5086932714846157
676475,L,2026,652,-12.486602210097184,-0.032648390471337205,0.5597057313372289,-1.5933886402905786,-11.4202709106725,-12.486602210097184
676572,R,2025,514,-6.941246102436524,0.03484764569267545,0.05491446688202112,-0.2539018633509923,-6.777106351660226,-6.941246102436524
676609,R,2024,483,9.516631067954492,0.025534661858969538,0.1877227479967955,0.22311691760519003,9.080256740493537,9.516631067954492
676609,R,2025,368,8.003613173898712,-0.03537887541491559,0.6595246099759249,-0.4679101544384135,7.847377593776114,8.003613173898712
676609,R,2026,442,11.364989512186556,0.011837803100491845,0.24110442059872306,0.40622082072617816,10.705826467761163,11.390760463461357
676694,R,2024,513,-8.357847463984687,0.0594586774372492,0.23186247910155883,1.1607040633851236,-9.809872683908617,-8.357847463984687
676694,R,2025,382,-4.4910461596620275,0.06147974579491255,0.28814293861563733,1.495029631478078,-6.335698475550655,-4.4910461596620275
676694,R,2026,153,13.139208978479813,0.09392195969454938,-0.0588317075504053,0.0943029982387886,13.00981572809688,13.139208978479813
676724,L,2026,343,5.882133594472381,-0.07624015311234875,0.34285227260545736,-0.6995101904242219,6.315031665403495,5.882133594472381
676801,R,2024,267,-6.360795898711083,-0.031907152791821596,0.13063630458589887,1.1771612856536038,-7.636686336158764,-6.360795898711083
676914,R,2024,456,-1.3309502408393248,0.02812016022935455,0.2436327042704923,0.7566584561751403,-2.359361561514312,-1.3368134577593218
676914,R,2025,227,21.72841971009476,0.04976588237105965,0.5047003543300712,-0.16134087607309036,21.335294349466714,21.72841971009476
677008,L,2025,167,-12.666475388197721,-0.019346323466388565,-0.6268119762155169,-0.24490847938468394,-11.775408609131134,-12.66647538819772
677587,L,2024,316,-9.302219368756582,0.023042136478259114,-0.2802646782254634,0.9757508951444203,-10.020747722153796,-9.302219368756582
677587,L,2025,269,-15.275275603976356,0.07013311247850594,-0.020842510524476773,-0.10377650325881621,-15.220789702671569,-15.275275603976356
677587,L,2026,386,5.045528874072097,0.07028624600445545,-0.09354222048141614,0.7569948463672,4.311790002181857,5.071807670291223
677587,R,2026,192,-9.3921611187362,-0.010427512247900676,0.04185938748984048,0.6172061285147841,-10.040799122492924,-9.3921611187362
677588,L,2024,169,-12.686723262207602,-0.012713263318917097,0.26487294595171523,-1.156871157739938,-11.782011787100462,-12.686723262207602
677588,L,2025,169,-3.8273017290811393,3.6059175528742476e-05,-0.26751900372032383,-0.26797254388327485,-3.2918462406530686,-3.8273017290811393
677588,L,2026,287,10.195944500330244,-0.046228763460222186,0.4276257479905519,0.6309887269309217,9.183558788868993,10.195944500330244
677594,R,2024,614,-9.187294065578046,0.02491030293283397,0.05243512118762742,-0.4018394365130065,-8.862800053185499,-9.187294065578046
677594,R,2025,704,4.767606476479275,0.00012522709698538435,0.08112685518919673,-0.5414682425877375,5.2278226367808305,4.767606476479275
677594,R,2026,633,-15.508235239206035,0.031775127108093285,0.12347411745671935,-1.194516846607591,-14.468967637163258,-15.508235239206035
677649,R,2024,284,10.550805962214453,0.02562126734717744,0.11947409487957097,-0.582236103722096,10.9879467037098,10.550805962214453
677649,R,2025,219,-5.545422522583586,-0.02257562894517478,-0.13252806837445227,-1.897661401710911,-3.4926574235530468,-5.545422522583586
677649,R,2026,579,17.073659379592097,0.07758010172189894,0.14338509115035158,-0.1637237080248041,17.01641789474465,17.073659379592097
677800,L,2024,449,9.791105886020459,-0.04140436873061159,0.16688235012800057,0.889687905328482,8.775939999294586,9.79110588602046
677800,L,2025,412,3.986838071521336,0.012646530504916762,0.046941934500614596,-0.9312462002709734,4.858495806786777,3.986838071521336
677800,L,2026,660,-4.432256995120184,0.029722103240252956,0.06610930976740631,-0.04952457414737728,-4.478563833980466,-4.432256995120184
677870,R,2024,210,-0.06269345164147154,0.06733774003945814,0.5796918789055282,0.4845309414307573,-1.194254012017214,-0.0626934516414715
677870,R,2026,196,-29.649749607199485,0.10760367669675551,0.38809109196462166,-0.08337081107008566,-30.062073564790776,-29.649749607199485
677942,R,2024,185,19.500356001273506,0.04323775822722009,0.230015280296074,-0.7482451905059933,19.97534815325621,19.500356001273506
677942,R,2025,265,9.228397201720261,-0.013446661591718246,0.3673691972402997,-0.7648044089150892,9.639279074986765,9.22839720172026
677942,R,2026,289,-14.504564032336605,-0.04754796573723123,0.7639120090181593,0.46355001272704566,-15.684478088344578,-14.504564032336605
677950,L,2025,470,-2.534743040025192,0.03995676322126633,0.4518244362230472,-0.6459056383406288,-2.380618601128876,-2.534743040025192
677951,R,2024,701,2.6387379985398973,0.01791862221023364,0.15449159142337043,-0.7145353206437713,3.1808631055500634,2.6387379985398973
677951,R,2025,679,0.3579824517755807,0.03639946297655291,0.2748645704449443,-0.5046911570263947,0.5514095753804785,0.3579824517755807
677951,R,2026,599,-18.182251690473898,0.06490093751501098,0.4680237585216608,-0.19242628309609916,-18.52275010341447,-18.182251690473898
678009,L,2024,298,7.933149022695345,0.1163333820336971,0.03126397732688473,0.5190835202309193,7.266468143103844,7.959859962165699
678009,L,2025,213,-15.471702734843547,0.09017881202206343,0.4868159976237593,-0.15892514552572629,-15.889772398963641,-15.471702734843548
678218,L,2026,189,-5.192357446550522,0.009215160792980891,0.06295953377647717,-1.0237188775058588,-4.240813263614122,-5.192357446550522
678246,R,2024,237,-6.062800537012153,-0.010011817406520448,0.6034355067152747,-0.26772642876443214,-6.388497797556474,-6.062800537012153
678246,R,2025,570,-1.6816414778738966,-0.04158424886092917,-0.1495333945547609,-0.06130527240568669,-1.429218562052519,-1.6816414778738966
678246,R,2026,679,-9.733660406291829,0.018051943745115307,0.10706352014453385,0.17574246953450373,-10.034518339715982,-9.748016837569544
678391,L,2026,361,4.999946624041704,0.03745250140526076,0.5978949381826821,0.6840528363148554,3.680546348138906,4.999946624041704
678554,R,2025,266,-4.580634241335523,0.014091040132672367,0.44741670908107145,-0.22308140467228615,-4.819060585876981,-4.615336015891095
678554,R,2026,331,1.5386904454220727,0.0035275242516341785,0.30443014322699724,0.7781423198402746,0.45259045810316656,1.538690445422073
678662,R,2024,696,17.515827746909483,-0.01017593041970738,0.4136574507645464,0.19524174944619377,16.917104477118453,17.515827746909483
678662,R,2025,390,-12.03847668302842,-0.0507177111701839,0.37500592678594713,1.5108819439330046,-13.87364684257719,-12.03847668302842
678662,R,2026,490,-13.11317263785438,-0.07476095141561738,0.3658451342219789,0.6934395442297748,-14.097696364890517,-13.11317263785438
678877,R,2024,198,7.656191902532124,-0.15119687574248444,0.5107256598503291,0.4033446400659227,6.893318478358356,7.656191902532124
678877,R,2025,153,8.658445374563737,3.983006970179256e-06,0.1740500338546781,-0.1851710524634503,8.669562410165536,8.658445374563737
678882,R,2024,570,14.617617292866893,-0.009290678205836313,-0.019968259573325105,0.9710103534627469,13.675865877183309,14.617617292866893
678882,R,2025,589,0.4080879286340162,0.047649429190131966,0.28018883456144483,-0.8503414646369238,0.9305911295193617,0.4080879286340162
678882,R,2026,568,21.71320849656422,0.05213195838286761,0.3372382750277487,0.08089762384585884,21.242940639307747,21.71320849656422
679032,R,2024,363,17.3701693921958,0.04984713472717882,0.014850606281258616,-0.4650437125954071,17.770515363782767,17.3701693921958
679032,R,2025,172,-7.163961013852958,0.0031119557656166933,-0.3819114913462868,0.1374042081474285,-6.922565686419716,-7.163961013852958
679529,R,2024,383,6.565232452706986,0.013333079434402487,-0.3231019400502086,1.0003232335949475,5.874678079727844,6.599695615188387
679529,R,2025,643,2.2331402513071694,0.022091621174590934,0.03223105103480097,0.04646891381407796,2.1323486652837,2.2331402513071694
679529,R,2026,598,5.205605933476004,-0.021010714776616885,0.20354940838436472,-0.10972896353755635,5.132796203405812,5.205605933476004
679822,R,2026,242,17.456609071061887,-0.0001678788061806314,-0.038430562860631096,0.032368958252091795,17.46283855447661,17.456609071061887
679845,R,2024,171,-13.876226572646944,0.046949939231462644,0.014425295890620674,-1.0948409597360362,-12.84276084803299,-13.876226572646944
679845,R,2025,188,-9.608303736905,0.023756878121849186,0.563140794171558,-0.6907374321050868,-9.504463977093318,-9.608303736905
679845,R,2026,424,8.280769331981306,0.02569397402752828,0.4915378484274929,-0.13683024006424133,7.900367749590528,8.280769331981306
680474,R,2024,459,-8.321066027828206,0.019148969843579295,0.2801886159225624,-0.675900086523196,-7.944503527071151,-8.321066027828206
680474,R,2025,213,-8.90776469456621,0.091883034117088,0.4791903919895297,0.6080569136574029,-10.08689503433023,-8.90776469456621
680574,R,2025,576,-2.5487451044406213,-0.06831734460061802,0.4000221310585066,-0.6124937340615184,-2.2679561568369904,-2.553177704622257
680574,R,2026,481,-15.702903600068554,-0.10027650642746899,0.5930449753001192,0.46324250491982455,-16.65891457386103,-15.702903600068554
680700,L,2024,317,-8.755966261189633,0.02447468573864062,-0.03263323798884002,0.48564518168798054,-9.233452890627413,-8.755966261189633
680700,L,2026,384,5.981755913329628,0.07939657636401254,0.2309995102544411,-1.071048146756323,6.742407973467497,6.013074007116694
680718,L,2024,225,-12.420377429057604,0.06773730012534554,0.19787219525697491,1.029811542252293,-13.715798466692213,-12.420377429057604
680718,L,2025,499,-5.797560047444827,0.04563010210210433,0.31498477294089416,-0.2824301753263384,-5.875744747161486,-5.797560047444827
680728,L,2026,195,4.1720949677353545,0.016734021653374315,0.2924120242813656,-0.71667137117789,4.579620292978505,4.1720949677353545
680757,L,2024,543,4.139337985162842,-0.002445830346443785,0.10286094339370751,1.0948130429255583,2.9441098291900194,4.139337985162842
680757,L,2025,696,-0.27386270542913876,0.029534305710201044,-0.14672771339064525,-0.13933747442554126,-0.017331823323153184,-0.2738627054291387
680757,L,2026,620,-1.4048615738650234,0.0748087726716537,-0.06740496896668395,0.8214446770042141,-2.233710054574207,-1.409408051450347
680776,L,2024,736,14.850900680553568,-0.007994235925865763,0.0162064724105574,0.8014762292175573,14.041212214851322,14.850900680553568
680776,L,2025,696,7.68365992771566,0.036958012649789096,0.20319556268461716,-0.9158739523100933,8.359380304691348,7.68365992771566
680776,L,2026,595,-20.592616965004744,0.024831772455016603,0.21548041217747282,-0.15005709737456643,-20.682872052262667,-20.592616965004744
680777,R,2024,465,13.212501640605172,-0.0192893686978761,-0.03498875778715068,0.14862777601014726,13.118151991080055,13.212501640605172
680777,R,2025,463,4.376231134314902,-0.008327151375774377,0.06231878448154524,-0.0783093563581526,4.400548857567284,4.376231134314902
680777,R,2026,355,3.1226604694303197,0.09097742174918909,-0.16390314780395415,-1.4354332344521818,4.631019429937266,3.1226604694303197
680779,R,2025,283,-31.842737631475675,-0.06834970851143918,0.26534655211608066,-0.6593852552967053,-31.380349219783607,-31.842737631475675
680779,R,2026,292,-6.985269575395147,-0.1237256050408656,0.1597886261494572,0.11077908579781887,-7.132111682301557,-6.985269575395147
680869,R,2024,548,0.7177046231112071,-0.021083981982237997,0.18833324347185118,-0.4780864212470436,1.0285417828686374,0.7177046231112071
680869,R,2026,415,9.528278019293346,0.11860589517920817,0.45115032560745494,-0.02968920842487555,8.988211006931559,9.551293183591156
680977,L,2024,652,-6.278412045524159,-0.011315337941145268,0.42407843647983784,-0.7192192835614319,-5.971955860501421,-6.288056303658605
680977,L,2025,514,-11.273400717264304,-0.05146703673925313,0.3991403893611713,0.1291271557923623,-11.750201225678584,-11.273400717264304
680977,L,2026,160,11.842451157090066,-0.024335375986334465,-0.13769914824422355,-0.585827716294859,12.590313397615482,11.842451157090066
681082,L,2024,569,-5.731263949349512,0.017486604601145966,0.2652676031857555,-0.5649658158978835,-5.449052341238531,-5.731263949349512
681082,L,2025,562,3.2684038932420503,-0.01210739859157679,0.3245142088849686,0.10827172532383102,2.8477253576248276,3.2684038932420503
681082,L,2026,588,-7.960725761693385,-0.009032870485881887,0.46121569802520634,0.13478848397675408,-8.547697073209463,-7.960725761693385
681146,R,2024,272,26.2092097523173,-0.00443084631637662,0.09122987700090159,0.5751736600879421,25.54723706154483,26.2092097523173
681198,L,2026,618,16.824846313748427,-0.0627816833276313,0.530699405938,0.9994496711229963,15.35747892001506,16.824846313748427
681297,L,2024,561,-1.4342026613920167,-0.028105907639221436,0.10894707459048958,-0.7889373104050025,-0.7261065179382831,-1.434202661392017
681297,L,2025,359,-1.464135742798732,-0.020940276377580683,0.32842454456118175,-0.13034809087868454,-1.6412719201036485,-1.4682255074434212
681297,L,2026,381,-8.645516669899317,0.013376411432026832,0.1062344722280518,0.17096998404557584,-8.936097537604972,-8.645516669899317
681351,R,2024,521,-8.927392890151165,0.02013671479923701,0.15306811633914838,-0.00749665309685013,-9.093101068192702,-8.927392890151165
681351,R,2025,454,-14.159440749794687,0.001588824989657396,0.16632169896948942,0.27444376251767594,-14.601795036271513,-14.159440749794689
681351,R,2026,274,-4.776866578508917,0.09347841165071086,0.44680949826308386,-0.7593210032062674,-4.5578334852164435,-4.776866578508917
681393,R,2024,196,-13.501949765584174,-0.051151258977783436,0.34305541121303373,0.3634632646462087,-14.157317182465631,-13.501949765584174
681393,R,2025,337,5.547214380877681,0.09587291608988378,0.056743450510043154,-0.23524097216951012,5.629838986447265,5.547214380877681
681393,R,2026,372,6.599036572983272,0.0045011512075537104,0.3332347839636004,0.15397408012564234,6.107326557686477,6.599036572983272
681460,L,2025,264,0.1115266314262361,0.05775142851818435,-0.22276794613887874,-0.009765488262966786,0.2863086373098973,0.1115266314262361
681481,L,2024,295,5.644151239871215,0.009490803520546915,0.21262683498466872,0.8978798596961342,4.524153741669865,5.682677869494911
681481,L,2025,464,10.070388630441592,0.0015983618121817194,0.07589482946756893,0.2675230350100013,9.72537240415184,10.070388630441592
681481,L,2026,259,10.860358703806336,-0.042355265363959435,0.2695066846318469,-0.020605751462726297,10.653813036001173,10.860358703806336
681508,L,2026,192,0.45094887782202087,0.037367015532021576,0.030770397225435574,-0.14405442599044593,0.52686589105501,0.4509488778220208
681546,L,2024,157,-25.135528277703195,-0.00031699154198885996,-0.39579760479860043,-0.6433621151373038,-24.096051566225302,-25.135528277703195
681546,L,2026,174,-0.6615445109750071,-0.037382374573446925,0.37830704216146355,-0.41290574617211,-0.5895634323909137,-0.6615445109750071
681624,R,2024,442,-9.82550809132635,-0.016534687473774935,0.41193162153229046,-0.4068542230167735,-9.81405080236809,-9.82550809132635
681624,R,2025,625,12.512029806591748,0.02350724192271938,0.27770880985884017,0.045548625136437905,12.165265129673752,12.512029806591748
681624,R,2026,555,-2.600938367871208,-0.04693990938157301,0.25717409259833957,0.6658235274727807,-3.476996078560754,-2.600938367871208
681715,R,2025,296,11.503430798249163,0.01371905036950132,0.1188927486664844,-0.2895948054389994,11.660413804652178,11.503430798249164
681715,R,2026,483,-8.898854653639875,-0.024903812928911796,0.1293700921221831,-0.31393325564710495,-8.689387677186042,-8.898854653639875
681807,R,2024,389,18.450467997208612,-0.0008569198877643966,0.2492343777129236,0.8989625137823019,17.30312802560115,18.450467997208612
681807,R,2025,156,40.04070667997072,0.02204257334321465,0.4203443081702566,-0.005796505886858666,39.60411630434411,40.04070667997072
681807,R,2026,201,19.51520525354418,0.031434128800029396,-0.19301902769814808,0.5124127013466511,19.164377451095646,19.51520525354418
682177,L,2024,221,13.958293562412877,-0.093417445478328,0.007207808043497958,1.003168982611624,13.041334217236082,13.958293562412877
682177,L,2025,421,-7.586620344368415,0.013047819949766976,-0.0666813900564612,-0.11415833342729606,-7.4188284408344245,-7.586620344368415
682177,L,2026,282,-15.32554433610773,0.009675486634001263,-0.15849356999469572,0.5589077757477657,-15.7356340284948,-15.380083639794949
682622,R,2024,243,-15.458002358209573,-0.04915242044767616,0.22948824798424775,0.32026331986503076,-15.958601505611174,-15.458002358209573
682622,R,2025,361,22.632192591598148,-0.039268322286505605,0.37752415559948316,-0.4516979985927168,22.745634756877887,22.632192591598148
682622,R,2026,201,-6.242424239481474,0.007935338841879863,0.5054876560648378,0.3858895181537591,-7.14173675254195,-6.242424239481474
682626,R,2024,341,10.732982395131128,0.014933577972119213,-0.07418556801449323,-0.10982668325726376,10.902061068430765,10.732982395131128
682626,R,2025,277,13.699428695343908,0.035516070538568034,0.027893779306168518,-0.6805715341122763,14.316590379611448,13.699428695343908
682626,R,2026,407,-8.945947314291141,-0.10657064585238406,0.16017990195860451,-0.5935935035432071,-8.405963066854154,-8.945947314291141
682641,R,2024,155,4.01922545886925,-0.0824262735021006,0.15163716121838747,-0.4569641636519992,4.406978734804961,4.01922545886925
682641,R,2025,184,18.644698888958597,-0.056388273900976525,0.25486080279714224,0.0999046780809816,18.346321681981454,18.644698888958597
682657,L,2025,315,8.411288993358065,0.04232331826480954,-0.17374370530577088,-0.04893698951966029,8.591646369918688,8.411288993358065
682657,L,2026,258,9.510928495279014,0.09330670862175046,-0.2684817771827259,0.5710134094168651,9.115090154423125,9.547935999151694
682657,R,2025,169,11.182319780066548,-0.1426693299519888,0.04682351161166977,-0.12804964838101382,11.40621524678788,11.182319780066548
682663,R,2025,584,-11.571996761040106,0.04157868478397877,0.14007208955532213,-0.259614407505101,-11.494033127874305,-11.571996761040106
682663,R,2026,235,7.680857292403957,-0.007629170193421215,0.10755454739073896,-0.34281766727531787,7.923749582481958,7.680857292403957
682668,R,2025,193,-7.615041489093185,-0.050552840398921814,-0.3070791392221592,-0.469224707204384,-6.78818480226772,-7.615041489093185
682668,R,2026,220,-15.9960359914752,0.026212512857643405,-0.0978983831187544,0.1663321644094417,-16.090682285623533,-15.9960359914752
682818,L,2026,180,-10.971215296469842,0.03231851685664286,0.031059841542338575,-0.9884066420582209,-10.046187012810604,-10.971215296469842
682829,L,2024,477,12.823250540735762,-0.03339691223626216,0.18344514286046393,0.23335431909669282,12.439847991014867,12.823250540735762
682829,L,2025,481,3.2574615805929197,-0.09905517240658736,0.23438753915606156,-0.4952631463858127,3.617392360229258,3.2642479588858215
682829,L,2026,432,-10.21291308013096,-0.03544865139541563,0.3782057778042472,0.4704626960533826,-11.026132902593174,-10.21291308013096
682829,R,2024,218,-1.1103263365689655,-0.025086969401605222,0.2795986096820322,0.22826513074702393,-1.5931031075964162,-1.1103263365689655
682829,R,2025,210,-8.288387841042516,-0.09805343799120567,0.19345638015806013,-0.8302342760416799,-7.553556507167694,-8.288387841042516
682829,R,2026,181,34.592735520519,-0.22379010984841266,0.4835646777445157,0.44577638737775566,33.88718456524514,34.592735520519
682928,L,2024,602,2.1000958897904454,0.00626204121423851,0.41157587652749966,-0.7883377356330846,2.4705957076817917,2.100095889790446
682928,L,2025,638,2.575828396653512,-0.04623257860341516,0.22967343792905864,-0.16824290531966793,2.5606304426475357,2.575828396653512
682928,L,2026,636,15.924739306474265,-0.014662651074388152,0.37254221584623815,0.5832312187864918,14.983628522915923,15.924739306474264
682985,L,2024,583,-0.37300689646593665,0.02091158592754415,0.18460418666492204,1.1184299123008359,-1.696952581359237,-0.3749362424821397
682985,L,2025,655,4.309074337607367,-0.00524766337107348,0.22010427210479663,0.0013162911498820727,4.0929014377237625,4.309074337607367
682985,L,2026,571,-4.22528127000849,0.03709905226397331,0.08314027387395143,-0.1802219665811897,-4.165298629565225,-4.22528127000849
682987,L,2026,276,3.9825903742914552,-0.029193795936280954,0.985947267695552,0.4725129458281812,2.553323956704001,3.997072521107061
682998,L,2024,684,2.4098130710963113,0.008284514743319609,0.0715521762246904,-0.3857606980244167,2.7157370781527166,2.4098130710963113
682998,L,2025,641,-7.173595411629452,-0.020016399582049697,0.1523910417233372,-0.9368801496246968,-6.369089904146043,-7.173595411629452
682998,L,2026,646,-1.3029583331349952,-0.016902204525827996,0.2829411572444566,-0.692005262228337,-0.8769920236252863,-1.3029583331349952
683002,L,2024,716,-3.2682388748294473,-0.002818333454363477,0.16892558839984306,-0.6910270030137331,-2.743319126761194,-3.2682388748294473
683002,L,2025,645,-3.858207637999823,0.003704900455581516,-0.02071518118349239,-0.13957698472685104,-3.701620372545061,-3.8702082838411913
683002,L,2026,688,1.3547981172739776,0.03832222946852171,0.17281777769872753,0.09320409303333614,1.0504540170733914,1.3547981172739776
683011,R,2024,690,5.601922270131652,0.023609395037624065,-0.12489986243006644,0.22219645943016067,5.481016278093934,5.601922270131652
683011,R,2025,597,-8.191524898355848,0.03949157415455022,-0.13315971987399663,-0.40707843288693446,-7.690778319749466,-8.191524898355848
683011,R,2026,234,-1.0886029096865577,0.0077841743528909045,0.5572070207666215,0.5304067151489859,-2.184000819955056,-1.0886029096865577
683083,L,2026,336,-10.002178652116347,-0.024929782876532504,0.387605428431227,0.5426531323624683,-10.90750743003351,-10.002178652116347
683146,L,2024,170,0.8272230506907966,-0.07633154047839694,-0.16865818549168124,0.13517015550059616,0.937042621160278,0.8272230506907966
683146,L,2025,432,1.2701927876358365,0.028882083549910006,-0.07919594244762562,-0.7769598316990226,2.0974664782325747,1.2701927876358363
683146,L,2026,460,-9.006098546427785,-0.030263778806551848,0.22463549189027956,-0.7220670069930682,-8.478403252518444,-9.006098546427785
683357,L,2026,332,-0.742295780432204,0.03417473966944688,0.23874154435158806,-0.32419598971662406,-0.6910160747366153,-0.742295780432204
683734,R,2024,619,-3.650335964920255,-0.0519594777162298,0.17856702399526153,-0.2652733216529363,-3.5116701895463494,-3.650335964920255
683734,R,2025,447,-21.49672393331176,-0.041664605287916275,-0.308226830348298,-0.19740644534991322,-20.949426052325634,-21.49672393331176
683734,R,2026,332,18.01952841821321,-0.03740712978087265,0.6585359627685857,-0.5582870088034192,17.956686594028916,18.073968081108116
683737,L,2024,567,6.204982292557076,-0.018952306240163336,-0.016294969913586945,-1.2021071542433583,7.4423367229541855,6.204982292557076
683737,L,2025,591,-0.17250823889356082,-0.042084694266512505,0.3059621560561309,-0.7000442090434176,0.2636585083602383,-0.1725082388935608
683737,L,2026,689,5.858281123286782,-0.004983990383694432,0.21890797267981194,-0.45006132453347736,6.094418465524143,5.858281123286782
683748,L,2026,243,10.119710562344855,0.040537225544127656,0.4621948877076502,-0.8965861672687339,10.513564616361812,10.119710562344856
683766,R,2025,191,-5.180416705089205,-0.026522196957722247,-0.09923573878251102,-0.028310346328830126,-5.026348423020142,-5.180416705089205
683766,R,2026,207,14.74871630505269,-0.07955467630576518,0.18806112938173272,-0.5574968088258846,15.197706660802606,14.74871630505269
683953,L,2026,497,9.426684405440993,0.09814202102791406,0.10641199400764727,0.9517084836379838,8.27042190676745,9.464772019200351
685133,L,2026,317,2.5625043906597056,0.15232951103362222,0.47412412583320146,-0.7299665258546622,2.6660172796475434,2.5625043906597056
686217,L,2024,523,7.968483600056624,-0.0064707489527212605,0.377663849420148,0.553603640262856,7.043686859326339,7.968483600056624
686217,L,2025,594,17.44541242862757,-0.05550909617496367,0.08603068318563663,-0.2822784720455542,17.697169313662453,17.44541242862757
686217,L,2026,371,-2.3115847530001825,-0.09738683936807001,0.3367944665458886,-0.5054886164784413,-2.0455037636995597,-2.317832279359642
686469,L,2024,555,3.7058675466750257,0.035051300998410174,0.09427142355429984,-0.7436122566589062,4.3201570787812225,3.7058675466750257
686469,L,2025,679,8.41545356760655,0.04957052204621444,0.25402704690432376,-0.4692361447000521,8.581092143356063,8.41545356760655
686469,L,2026,459,-2.2338823297249975,0.06633476830650348,0.26433880195786913,-0.30175760521843525,-2.262798294770935,-2.2338823297249975
686527,L,2024,186,-1.9554489695274124,-0.005566509209001849,-0.0275060069350357,-0.3892699332309888,-1.5331065201523864,-1.9554489695274124
686527,L,2025,269,-5.195282385229384,-0.029974629785750728,0.26790687020961684,-0.5871623097912602,-4.846052315861991,-5.195282385229384
686527,L,2026,508,-6.927134448038193,-0.00029870200106790073,0.09620023030576384,-1.2641467389767935,-5.758889237366095,-6.940797435115192
686555,L,2025,295,11.055200921045978,-0.07849486008279934,0.324929966787894,-0.2576330720910636,11.066398886431946,11.055200921045978
686555,L,2026,352,2.890945003494543,0.0606428086945088,0.2647594294802828,-0.4266964027263164,2.9922391680460683,2.890945003494543
686555,R,2026,154,3.882557068281683,0.04524070017015913,0.3697063497082356,-0.07246826053416082,3.540078278937448,3.882557068281683
686611,R,2025,322,-7.973758806085636,-0.018163402394221786,0.239398598963402,-0.14505060566393133,-8.049943396990885,-7.973758806085636
686611,R,2026,426,-9.553494537069918,-0.007164980749815047,0.7021686221067968,0.5209786991264194,-10.76947687755332,-9.575973347745377
686668,R,2024,602,0.930346943169076,-0.007922200863664804,0.18396968618189874,0.21658581262781723,0.5377136452230245,0.930346943169076
686668,R,2025,538,-3.7642424505438097,-0.030500586596497327,0.30398644604584096,1.163134687688029,-5.200862997681182,-3.7642424505438097
686668,R,2026,215,11.221208768078693,-0.040276147956728334,0.2868545044886323,0.6686364795598791,10.305993931986908,11.221208768078691
686676,R,2024,394,3.756882438570326,-0.07187672712521814,0.2594882932271103,-0.25147718920929407,3.820748061677727,3.756882438570326
686681,L,2024,355,3.200977404907327,0.017641130561703595,0.17479665579582346,-0.7349200180068145,3.743459636556615,3.200977404907327
686681,L,2025,277,-8.442153656167166,0.05424100591326184,-0.05487700112147558,-0.20962455164675325,-8.231893109312201,-8.442153656167166
686681,L,2026,435,3.410636944203495,0.05320506204553575,0.5947229931863077,-0.20672545059526423,2.969434339566917,3.410636944203495
686765,L,2026,199,1.6746085607082417,-0.038456512735176904,0.08064580562767044,-0.0669070306069741,1.69932629842272,1.6746085607082415
686780,R,2024,219,-0.6975005024067443,0.040293680800663055,0.4229728955674777,-0.7411521805655091,-0.41961489820937464,-0.700700045995766
686780,R,2025,388,13.00306706882615,-0.06295772816938594,0.44316465713046976,0.07228083121133655,12.55057930865373,13.00306706882615
686780,R,2026,208,-8.280517844929507,-0.051903502132790144,-0.06971970146194695,-1.4932152219366763,-6.665679419398095,-8.320520346595835
686797,L,2025,350,2.9200379593407217,0.04391627069243875,0.040597563233474805,-0.21697297265269622,3.0524970980675046,2.9200379593407217
686797,L,2026,416,25.417995578456786,0.04095432129169326,0.27443445762693836,-1.108858510872368,26.211465310410524,25.417995578456782
686797,R,2025,178,-5.091437300341461,0.019741595036090118,0.09312978893633676,0.008346239312631438,-5.212654923626519,-5.091437300341461
686797,R,2026,198,13.131814755452837,-0.05018009435943707,0.05541443622959605,-1.4395783069283647,14.566158720511046,13.131814755452837
686823,L,2024,352,4.399138923399507,0.013721311912540678,-0.4301502887187415,0.7548153511867128,4.060752549018995,4.399138923399507
686948,L,2025,446,5.217554630665068,-0.031677417055809544,0.4864854355367139,-0.7408434377475914,5.5035900499317565,5.217554630665068
686948,L,2026,594,-10.082793339781269,0.024454656986992614,0.40881047584003843,-0.5533377648884179,-9.962720707719884,-10.082793339781269
687093,R,2026,451,7.689269985025262,0.09216218890915308,0.4376679906893663,-0.5961348931533295,7.755574698580072,7.689269985025262
687221,L,2025,155,-11.889370316109996,0.11068015744250585,0.37516040528419853,0.12589604166660287,-12.501106920503307,-11.889370316109996
687221,L,2026,248,3.946506805116929,0.05108230530008852,0.2400928358706387,0.731108500165068,2.9242231637811336,3.946506805116929
687231,R,2025,197,-8.010303689830277,0.1530728413916315,0.5236410165469562,0.4246361024987392,-9.111653650267604,-8.010303689830277
687231,R,2026,157,8.176944542660125,0.011061064050868947,0.5291791890594137,-0.09184526902528219,7.728549558575125,8.176944542660125
687263,R,2024,603,5.267599830078373,-0.013512242158543129,0.18081468617111676,-0.03463643012531881,5.134933816191118,5.267599830078373
687263,R,2025,549,-5.581880496823421,-0.027937681491377094,0.38762090225425405,0.1189465545222968,-6.060510272108594,-5.581880496823421
687263,R,2026,679,9.943275667190616,0.0333404960254947,0.2783233186241994,-0.5991857638458873,10.230797616386807,9.957941265519803
687363,L,2024,156,2.797446474784942,0.003635566208309039,0.3600245635042961,-0.7654827776462925,3.199269122718629,2.797446474784942
687363,L,2025,459,-4.860814587346918,-0.02220968942198863,0.1663168038044095,0.10476451931723296,-5.109686221046573,-4.860814587346918
687363,L,2026,192,-14.868011271964786,0.025657223977662322,0.05124561347622195,-1.8802145398748966,-13.064699569543775,-14.868011271964786
687401,R,2024,514,11.54045171099767,0.037211738557408704,0.1969147457663481,0.6029629909811562,10.703362235692756,11.54045171099767
687401,R,2025,508,5.415278702084903,-0.01829759687666253,0.0880591879292051,-0.18359242060829709,5.529109531640659,5.415278702084903
687401,R,2026,403,6.125158052223726,-0.05008018494683572,0.4859095652844272,-0.4664101752029298,6.155738847089064,6.125158052223726
687462,L,2024,380,2.5750701832131364,0.044163329726891506,0.6597123917876535,0.8545431521968375,1.0166513095017544,2.5750701832131364
687462,L,2025,410,7.959016876670003,-0.09920834902690692,0.4107803380231977,-0.7070363789171225,8.354481266590836,7.959016876670003
687462,L,2026,436,0.6473461436207962,-0.0659889886924778,0.2769762401755661,-0.10730345974928883,0.5436623518869979,0.6473461436207962
687551,L,2026,385,-10.203199934972506,-0.024989623676707037,0.057291785838347487,-0.6723981090031589,-9.563103988130987,-10.203199934972506
687597,R,2024,183,-7.682735277127706,0.055966014480190014,0.04313499779969259,0.08206469467577654,-7.863900984083364,-7.682735277127706
687597,R,2025,588,11.39009947344371,-0.021944620759712017,0.0842326042168823,1.4518952878112337,9.875916202175308,11.39009947344371
687597,R,2026,167,-5.435494181138964,-0.01179511465913674,-0.03373589180352398,0.6469371756991968,-6.036900350375499,-5.435494181138964
687637,L,2026,343,4.775813439054992,-0.06444716620959347,0.16380368246302324,0.02645716771414331,4.649999755087419,4.775813439054992
687859,L,2026,441,-0.15541411544459974,-0.0615558553879629,0.35321632782054446,0.8497853699780366,-1.2968599578552185,-0.1554141154445997
687952,R,2026,200,13.620485591006112,0.03330168229715923,0.32401804672810364,-0.17359415748166515,13.436760019462515,13.620485591006112
688363,L,2025,185,-1.416081080683049,-0.026634625966724508,0.7111036723321033,-0.26622734121974784,-1.83432278582868,-1.416081080683049
689172,L,2024,273,2.3310480851997775,-0.09307823334625324,0.45175165337319856,-0.8233920274266744,2.795766692599506,2.348251392101621
689414,L,2025,392,5.993857437873547,-0.0013613044001077586,0.18621490792833018,-0.23848543709149284,6.047489271436818,5.993857437873547
689414,L,2026,532,16.36900895895729,0.1040493338996717,0.2377427071514931,-0.42803341567779524,16.45525033358392,16.36900895895729
690022,R,2025,206,13.710303542381158,0.007509031562958374,0.8978534546368259,2.137130568319337,10.667810487862035,13.710303542381158
690976,L,2026,235,-4.603911063679258,-0.013005721134173549,0.3339766708927795,0.7433872142586012,-5.668269227696465,-4.603911063679258
690984,L,2026,186,-16.54746321394602,0.043456340579829965,0.08599974528933135,0.8089549349856553,-17.48587423480084,-16.54746321394602
690987,L,2025,207,-9.318890551171613,-0.06125893582488242,0.26740516011872517,-0.3617782268926352,-9.16325854857282,-9.318890551171611
690993,L,2024,554,0.6600739128805188,-0.005939267314155431,-0.09694009061246879,0.8742098912842785,-0.11125662047713519,0.6624654850286367
690993,L,2025,467,-8.860225425650134,0.028390822509822784,0.09981898122238282,0.05959574568798472,-9.048030975070324,-8.860225425650134
690993,L,2026,423,-13.369269384253785,0.016599308665420264,-0.0153238732859268,-0.157207894828779,-13.2133369248045,-13.369269384253784
691011,L,2026,165,-10.483388490115896,0.047216809591940405,0.2498493864503326,-0.2453197918254921,-10.535134894332677,-10.483388490115896
691016,L,2024,213,-13.113895375119654,-0.05092448317298344,0.3232074277440898,-0.48985655947969425,-12.896321760211066,-13.113895375119654
691016,L,2025,622,4.366055851788586,0.057097128518307776,0.3095177473594912,0.43283502624039244,3.5666059496703952,4.366055851788586
691016,L,2026,449,5.728408377691757,0.019236140627158033,0.46214468153545185,0.0412848073619324,5.205742748167214,5.728408377691757
691019,L,2025,297,2.4945887375231477,0.03732250530340371,0.3284866573281965,-0.06733147118630435,2.1961110460778515,2.4945887375231477
691023,R,2024,182,5.24082960851241,-0.005102888468396091,0.15467364772704675,-0.5936865935270688,5.684945442780829,5.24082960851241
691023,R,2025,395,-2.6197839899550783,-0.0059726349127298345,0.06073166428384556,0.1485512390726223,-2.823094258398817,-2.6197839899550783
691023,R,2026,646,2.247183715741908,-0.05290995014379741,0.18867121074068924,-1.4509037619833094,3.562326217128325,2.247183715741908
691026,R,2024,635,9.655563444430959,0.009331338550095008,0.6480377790170676,-0.8708770726360369,9.869071399499832,9.670793039769178
691026,R,2025,538,7.771464657289028,-0.0579851337068182,0.48072582791782453,0.20738912681124982,7.14133483626677,7.771464657289028
691026,R,2026,520,-6.072194868271223,-0.14544621701014437,0.2577333713588103,-1.9511920088562935,-4.233290013763594,-6.072194868271223
691176,L,2025,325,7.30442880254583,0.022470299270186487,0.36538241231979496,-0.5942922290279319,7.51086831998378,7.30442880254583
691406,R,2024,175,2.418093367692011,0.016445676459546244,-0.0028489943120659457,-0.012694018809961167,2.417190704354492,2.418093367692011
691406,R,2025,652,7.941921897534735,0.014622486052196177,0.49919814697525866,-0.37563077282705404,7.803732037334333,7.941921897534735
691406,R,2026,676,6.924405944673788,0.016087801162148647,0.20053453763600834,-1.1519535731181612,7.859737178993794,6.965622646725419
691458,R,2026,199,-15.634940369055725,-0.14586199848119047,0.5638356187704304,-1.4732046939640724,-14.57970929538089,-15.634940369055723
691594,R,2025,342,21.10053288710085,0.0057316867847027626,0.1553394304779796,-0.10647955134417275,21.04594132118234,21.10053288710085
691594,R,2026,470,22.158693786833755,0.0029981618871381937,0.27676146488027603,-0.2273221224095681,22.10625628247591,22.158693786833755
691718,L,2024,406,4.680260230555512,0.007636012983532431,0.0503444203607628,-0.9238954075953737,5.546175204806591,4.680260230555512
691718,L,2025,646,6.233050354616651,-0.031001420304386504,0.09080524074153078,-0.5567009407452812,6.7299474749247885,6.233050354616651
691718,L,2026,700,11.241016548518463,0.013842087223326447,0.21344581708355673,-0.4074982644173935,11.421226908628974,11.241016548518465
691720,R,2025,156,11.282663291471403,-0.052481325379544135,0.42118240096421433,1.8052816116166241,9.10868060427011,11.282663291471405
691720,R,2026,454,-1.5604055171247213,-0.024451618377861625,0.3354006743219476,1.0819244414800002,-2.9532790145488077,-1.5604055171247213
691723,R,2025,293,12.156915100394908,0.014598563366254489,0.32366366864792523,0.07165393975630961,11.746998928624418,12.198548371286671
691723,R,2026,437,-5.183810727489089,0.04641806348909843,0.12354456444569782,0.2131948912951178,-5.566968246719002,-5.183810727489089
691740,R,2026,161,-10.390961218732368,0.047137032053912634,0.11684731668368882,-0.397459452754934,-10.157486114715036,-10.390961218732368
691777,R,2025,220,0.49197347739320346,0.031896553477307805,0.7718036632429122,0.626521909719897,-0.9382486490469144,0.4919734773932034
691777,R,2026,285,12.325650133774314,0.07338958671425773,0.558904359422866,-0.1270892398270608,11.820445427464252,12.325650133774314
691781,R,2025,274,-18.18998867012171,-0.0033346490253382244,0.45417497242084776,-0.031066564853101428,-18.609762428664123,-18.18998867012171
691781,R,2026,340,-14.395471199139509,-0.12751636645063613,0.2998777070101251,0.578059824573111,-15.14589236427211,-14.395471199139507
691785,L,2026,232,8.366174678514295,0.0493719122789933,-0.15320392594732915,-0.29033353608898843,8.760340228271618,8.366174678514295
691788,L,2026,324,4.479475104303169,0.012038159131309609,0.28595731638590066,-0.3127171669584025,4.494196795744362,4.479475104303169
692225,R,2025,263,1.5612923132729963,0.07981055470841497,-0.3720113117472782,-1.1428064281769508,2.9962994984888107,1.5612923132729963
693304,R,2024,387,-4.1452201278082725,-0.0670523785416326,0.2325188919781617,0.41994846329908636,-4.7306351045438895,-4.1452201278082725
693304,R,2025,409,-0.7515028730979442,-0.08135267390560441,0.39348314153221575,-0.5473771443723872,-0.5162561963521681,-0.7515028730979442
693304,R,2026,593,5.146291914947759,-0.099698398952142,0.39492567836993736,-0.008040906820013082,4.859105542349976,5.146291914947759
693307,R,2025,468,-11.850734268465708,0.008212143345416305,0.13585237906893838,0.020529877248382608,-12.015328668128443,-11.850734268465708
693307,R,2026,593,-3.4140592418824007,-0.0009461287147248587,0.251560915734588,-0.04503987163767936,-3.6196341572645836,-3.4140592418824007
694192,R,2024,569,8.338027214714094,-0.010874953030911511,0.02684174560934483,0.484267796565524,7.837792625570137,8.338027214714094
694192,R,2025,589,11.871476281546714,-0.039545132551097546,0.1493992822774672,-0.2559168456378164,12.017538977458159,11.871476281546714
694192,R,2026,552,6.038648284529042,-0.06132824158928181,0.31082198320060517,-0.6066657166994454,6.395820259617164,6.049607718802235
694203,R,2026,287,1.2184117586110323,0.10134726540410653,0.42213748553821384,-0.8068661895252041,1.5017931971939162,1.2184117586110323
694208,L,2026,338,-10.687976453689128,0.040856848832842144,-0.2354037825731395,-0.3577665466796553,-10.135662973269174,-10.687976453689128
694212,L,2026,396,-6.2759585791255255,-0.005829824709631591,0.10029499177688136,0.11686609374651116,-6.487289839939285,-6.2759585791255255
694249,L,2026,207,15.56555698776053,-0.05037314687645757,1.0012279428692572,1.2214722736424686,13.39322991812526,15.56555698776053
694362,R,2026,155,23.069084343923354,-0.15322152423083063,0.287442305990658,0.4351649753729062,22.499698586790622,23.21888359290987
694374,R,2025,225,-4.3087265639535755,0.03336262230380278,0.3077772002221426,-0.6539742104858761,-3.995892175993646,-4.3087265639535755
694374,R,2026,330,-3.13067919057644,-0.034876150468805024,0.20109372309531617,-0.5194341504004101,-2.777462612802542,-3.13067919057644
694378,L,2026,221,-16.380139421187323,-0.09862170366258027,0.40506523479800305,0.12961280911681697,-16.816195761439563,-16.454594600374538
694384,L,2024,607,-0.5585720614704398,-0.005495309440385227,0.22200406319743426,-0.019569774773679657,-0.7555110404538101,-0.5585720614704398
694384,L,2025,561,-0.48625801195907503,-0.003510839598432005,0.3106312025825341,0.05606415316208295,-0.8494425281052599,-0.486258011959075
694384,L,2026,446,-8.180943129293546,-0.016146824480777543,0.16512838898592191,-0.6636718000416104,-7.66625289375708,-8.180943129293546
694388,L,2024,262,9.502065497495822,0.048630280365203366,0.09288802038551597,1.2764457475984439,8.08410144914666,9.502065497495822
694497,L,2024,162,-1.2026303073493823,0.07608974245155241,0.10040612225746229,-0.577372227536838,-0.8017539445215591,-1.2026303073493825
694497,L,2025,219,7.852424897203154,0.12033749835490946,0.2465973870447291,-1.2528593720696748,8.738349383873192,7.852424897203154
694497,L,2026,442,-4.970142747827264,0.15906628551609714,0.0807878181735231,-0.2021667474313144,-5.007830104085571,-4.970142747827264
694671,R,2024,556,-6.72211618018247,0.05229112908198458,0.24604260669835493,-0.4689166562318805,-6.55153325973093,-6.72211618018247
694671,R,2025,571,-4.1295036132614324,0.04205109483536015,0.16689572547428957,-1.7024551147089009,-2.6359953188621814,-4.129503613261432
694671,R,2026,450,4.330418663733073,0.10771755574318402,0.261622117451391,-0.4455351451063325,4.40661413564483,4.330418663733073
694728,R,2026,234,-9.474610108878284,0.03763696478687832,-0.044980319959719635,0.31792057369991533,-9.785187327405358,-9.474610108878284
695336,R,2025,294,-0.6597684505363529,-0.06751489443518843,0.756480241440521,0.1011336176536222,-1.4498674151953075,-0.6597684505363529
695336,R,2026,165,-3.2964308820080808,0.06307229132047797,0.7710246863537347,-1.5968913649460574,-2.5336364947362355,-3.2964308820080808
695506,L,2025,232,-46.02495081498735,0.022278125417228945,0.42287403991327915,-0.6273417014161679,-45.84276127890168,-46.02495081498735
695506,L,2026,533,3.4774082945643165,0.07565821875469643,0.11795742457977627,-0.2761816189060606,3.5599742701359056,3.4774082945643165
695578,L,2024,336,-6.210256721400316,-0.08560680437239017,0.5964244311282954,-1.3221063127680674,-5.398968035388154,-6.210256721400316
695578,L,2025,683,-7.227249420873598,-0.031275696235391656,0.13273313674564396,-0.14385140208197789,-7.184855459301872,-7.227249420873598
695578,L,2026,598,-23.21184236621325,-0.01733902842315865,0.26752107121024277,0.4789360359300745,-23.94096044493041,-23.21184236621325
695600,L,2026,585,11.168172608667685,0.06058408922585659,0.3123204679341965,-0.2972879547328846,11.092556006240516,11.168172608667684
695657,L,2025,283,13.825446290253952,0.08715497628593899,0.4647100973886687,0.06964201190302288,13.20393920467632,13.825446290253952
695657,L,2026,617,6.628090409112938,0.02760440733137347,0.07594688551415382,0.0005446544387730863,6.523994461828637,6.638850296140718
695681,R,2025,184,-0.1250237106189778,-0.06534490929770347,0.22285965067088134,0.34385626005641273,-0.6263947120485686,-0.1250237106189778
695720,R,2026,185,-25.016164633245573,-0.0013538563638113145,1.0083449180494009,-0.10651876515652117,-25.916636929774644,-25.016164633245573
695731,L,2026,250,-12.079736593508766,0.013687125492147052,0.4912616587126086,0.39365487609455835,-12.978340253808078,-12.128249591876273
695734,L,2025,351,7.59865958860277,-0.0309214107784068,0.443015351135767,-0.09343197527755547,7.279997623522964,7.59865958860277
695734,L,2026,641,-10.63227776105906,-0.0604560992585274,0.5822859562176016,0.5460103886152166,-11.70011800663335,-10.648890695060716
696030,L,2025,175,-32.7192276807137,0.00796979210694837,0.37259604243296224,-2.054999681393589,-31.044793833860023,-32.7192276807137
696030,L,2026,227,-1.6030081598215142,0.04523430830875325,0.2467131710796337,-0.15623173366953566,-1.738723905540367,-1.6030081598215142
696100,R,2024,224,4.660680831280559,-0.018651994890551485,0.7784899662427208,0.3141276685226053,3.5867151914057858,4.660680831280559
696100,R,2025,579,27.126149290884367,-0.013099119332476546,0.14971621034399046,1.469480132652685,25.520052067220167,27.126149290884367
696100,R,2026,550,17.780194550265918,-0.05809946366723764,0.5133955642635597,0.7545303405329212,16.570368109136677,17.780194550265918
696285,R,2024,522,-0.03830829026130917,0.007380511915721927,0.25545312815674776,-0.9978761019150038,0.696734171581225,-0.0383082902613091
696285,R,2025,364,-16.97654999876079,-0.001979434098578405,0.31935623554512943,-0.06365256762579677,-17.230274232581547,-16.97654999876079
696285,R,2026,460,4.71376967287093,-0.05905351600313086,0.475902230731573,0.47706909368771794,3.8198518644547694,4.71376967287093
699013,R,2026,287,13.065347265719499,-0.049716711807952035,0.4984323184312398,0.43439676403975575,12.182234895056455,13.0653472657195
699393,L,2026,201,4.427530394636818,-0.011331000903611393,0.1612368116567593,-0.46499279374751024,4.74261737763118,4.427530394636818
699912,R,2026,219,11.446054524345488,0.038721484282232904,0.41057287601127723,-0.4950944286571045,11.491854592709085,11.446054524345488
700242,L,2025,327,2.6919036259789286,0.0421274973551551,0.1609548083570119,0.1605793727238523,2.3282419475429106,2.6919036259789286
700250,L,2024,178,-24.499026672076493,0.002714911531930084,0.45890505716934543,0.5121616094876478,-25.472808250265416,-24.499026672076493
700250,L,2025,531,-13.685305697308232,0.01759417944476663,0.1492336372258014,-0.4618404522465869,-13.390293061732214,-13.685305697308232
700250,L,2026,647,-0.5825750758008953,-0.005969671748175894,0.22846740706521387,0.5575385309785401,-1.362611342096473,-0.583476894803683
700337,L,2025,266,-9.232152011500533,-0.003971028001836993,-0.14915631138459884,-0.14638031637256874,-8.932644355741528,-9.232152011500531
700932,L,2024,157,10.340138876768705,0.007706129077900984,0.3476112553416398,0.5356731310218635,9.4491483613273,10.340138876768703
700932,L,2025,530,9.89105523857052,0.028313340319376424,-0.15652777177897556,-0.1753887094467063,10.194658379476826,9.89105523857052
700932,L,2026,356,-2.665527781222816,0.05483402339364194,0.22151963724243312,0.6426981722712239,-3.584579614130115,-2.673036310184007
701350,L,2025,303,2.1159820780082157,0.05934242649141221,0.10604582871167914,-0.7967244472440268,2.74731827004915,2.1159820780082157
701350,L,2026,228,-14.232629382030895,0.062129405896048776,-0.047192130997333666,-0.3040033395250106,-13.9435633174046,-14.232629382030895
701358,R,2025,495,-2.6796161883325387,0.08217667562542752,0.36454170700028665,1.8649285190891307,-4.991263090047385,-2.6796161883325387
701358,R,2026,547,-14.449491493621721,0.08176804572103785,0.1178847315130199,0.30955660002475505,-14.958700870880532,-14.44949149362172
701398,R,2026,674,0.27697517991698567,-0.08362704887948932,0.3736180930761974,0.28412724113435506,-0.297143105414077,0.277386732933207
701538,L,2024,593,-8.670165597591062,-0.010533132458028668,0.28515751987666554,-0.6162933061775645,-8.328496678832133,-8.670165597591062
701538,L,2025,484,1.8394307921501258,-0.007161290174651019,0.012689212631729445,-0.44103939374338125,2.2749422634364294,1.8394307921501256
701538,L,2026,648,-11.447458405201726,-0.02979978863966856,0.45336058147910846,-0.1754527291534394,-11.695566468887728,-11.447458405201726
701675,L,2026,455,0.6895739778067357,-0.030491879221608495,0.5032560219717521,-1.41209171148421,1.6289015465408012,0.6910928632204069
701678,R,2026,344,15.209752019202254,-0.0137859049912879,0.12825973892074996,-0.045883478917204255,15.141161664189998,15.209752019202254
701762,L,2025,487,19.974114555912738,0.07710933831734826,0.7842240631152565,0.2694661086284174,18.843315045851718,19.974114555912735
701762,L,2026,427,4.557336673379113,0.04501758648463348,0.1583551421932024,-0.15676289896929177,4.510726843670568,4.5680346467908
701807,L,2026,630,-1.5800665975733883,-0.06604091090337103,0.3821826650152541,-0.7385274949444995,-1.1576808567407713,-1.5800665975733883
701852,L,2026,159,-23.872963498208712,-0.007798276741140115,0.19005467760143088,-1.2434713404448754,-22.811748558624128,-23.872963498208712
702176,L,2025,153,6.711861343300884,-0.01528412541352594,0.17880650207223805,-0.12125961718707637,6.669598583829249,6.711861343300884
702222,L,2026,450,4.96666073320604,-0.01894105687973648,0.22823002772709736,0.18379269172678336,4.5735790706318955,4.96666073320604
702284,L,2025,256,-9.687088160421036,0.0403592650769815,0.13197413075407266,-0.8348955802203013,-9.02452597603179,-9.687088160421036
702284,L,2026,621,-8.201182100843344,-0.014773126784990851,-0.11059669650805208,-1.1698103913908455,-6.906001886159455,-8.201182100843344
702332,R,2025,507,8.000966700726897,-0.029879434158128094,0.2754757218133625,-0.310120560434236,8.0654909735059,8.000966700726897
702332,R,2026,572,15.730727096696238,0.049193429721958074,0.12014219060211839,-0.024176752481929898,15.585568228854092,15.730727096696238
702358,R,2024,211,-19.169654267198403,0.06693581014082962,-0.126822040575256,-0.9699856086694028,-18.139782428094577,-19.169654267198403
702616,L,2024,208,-3.8685160256254894,0.00015625642729123353,0.23626504217590105,-0.5781404309891727,-3.526796893239509,-3.86851602562549
702616,L,2025,649,-7.876475121795656,0.013350775466778191,0.5687402856939116,-0.09564686404458489,-8.362919318911763,-7.900822803779569
702616,L,2026,353,-2.523467253005362,-0.03234078671742761,0.2595173220437104,-0.066013037046484,-2.6846307512851597,-2.523467253005362
703520,L,2026,172,17.77541957182675,0.1117446036550741,0.19479689664353259,-0.6232121002296304,18.09209017175777,17.77541957182675
703601,L,2026,187,-0.77424547907685,0.1667214299403915,0.25703241957821366,-0.4281280199468192,-0.7698713086486367,-0.77424547907685
703607,R,2026,450,3.32731387720343,0.06184011311207392,0.612205588474853,-0.14701970954661792,2.8002878851631205,3.3347243758163554
800050,L,2026,537,0.4593604385448502,0.0673733194492073,0.01987624504107743,0.6906359854356356,-0.3185251113810701,0.460217454288404
802139,L,2026,601,-19.605855963240426,-0.0761837961035416,0.4479397849097615,-1.6778841404493876,-18.29972781159726,-19.638532389845828
802415,L,2025,441,-3.07738179683898,-0.012563867129328521,0.35603395568373486,-0.30598758784866326,-3.114864297544724,-3.0843758463772506
802415,L,2026,606,15.517116993340075,-0.0073754838623684765,0.09809029035508873,-0.8947221731263997,16.321124359973755,15.568498175437227
803011,L,2026,536,-4.180476327465579,0.02173526903620859,0.39131088378050116,0.09907774772534085,-4.692600228007629,-4.18829030190944
804606,R,2026,319,2.1483583646565387,-0.18296584293512952,-1.814930416179202e-05,0.0975920027953891,2.2337503541004406,2.1483583646565387
805249,R,2025,218,0.5040821931568732,-0.023174906807834333,0.5031505983427413,0.25737826466076297,-0.23327176303879568,0.5040821931568732
805300,L,2025,234,0.8258583480885066,-0.02916699833643151,0.24526377106039285,-0.2793535629162942,0.8891151382808411,0.8258583480885066
805300,L,2026,603,3.550867371964655,0.03008529636995268,0.09807452123503776,-0.2727440667508464,3.6954516211105104,3.550867371964655
805367,R,2025,505,-2.5404060750161928,-0.04938232208324639,0.2606676792936376,-0.13548586171129387,-2.6162055705152896,-2.5404060750161928
805367,R,2026,635,11.360482141955334,0.021540133056929953,0.0771015680908658,0.08708810708378449,11.174752333723754,11.378400883504158
805373,R,2025,210,0.6847613165223785,-0.007013904574167709,0.5821434881820937,-0.6154899681706192,0.7251217010850718,0.6847613165223785
805779,R,2025,523,21.848108092302045,-0.03248813126646598,0.5870086767265511,0.27334496887661847,21.020242577965348,21.848108092302045
805779,R,2026,337,11.083959268750782,0.04785749522723361,0.8262393447957759,-0.21576709773903976,10.42562952646681,11.083959268750782
805808,L,2026,691,-2.329320630949084,0.0036890310823455507,0.30431151364024517,-0.007001852425612457,-2.6303193232460638,-2.329320630949084
805811,L,2026,447,4.650407044363656,-0.06713898226344876,0.10910119451821583,-0.9621057639281506,5.570550596037039,4.650407044363656
805999,L,2026,473,-6.674863137111266,-0.0840014401654455,0.4727816027713142,-0.5746561441678387,-6.488987155549295,-6.674863137111266
806068,L,2026,242,2.3532155557516625,0.01274787714732757,0.2914372884131725,-1.074996869363569,3.124027259554731,2.3532155557516625
806146,R,2026,153,-3.9748935889505814,0.001240042836712433,0.6754098389093105,0.8848468096426935,-5.536390280339299,-3.9748935889505814
806198,R,2026,252,5.5504861875766185,-0.14234328059738646,0.41940900534791,-0.8627216168003364,6.136142079626432,5.5504861875766185
807712,R,2025,207,26.123193445498924,0.06320980109392314,0.22072768982424532,-0.302169144521045,26.1414250991018,26.123193445498924
807712,R,2026,602,10.427302090389151,0.019174843950873873,-0.048537083291497404,-1.3191453721364128,11.775809701866187,10.44465201067266
807713,R,2025,438,7.717665705085543,-0.04702027027066623,0.030373269660561558,-0.5810075030654503,8.315320208761099,7.717665705085543
807713,R,2026,192,8.93943232320404,-0.039090475094910156,-0.2542874651680011,-0.38172903110100254,9.61453929456795,8.93943232320404
807799,L,2024,422,8.900980253507528,-0.006060305557998526,0.2286723436944415,0.8612164811182529,7.817151734252833,8.900980253507528
807799,L,2025,205,4.55662402762564,0.00590473983071653,0.03924494296092663,-0.5826857033001451,5.094160048134141,4.55662402762564
807799,L,2026,296,0.5246368770852019,0.02359091968895891,0.1831350629977817,-0.1739728604619134,0.49188375486037555,0.5246368770852019
808959,L,2026,523,1.8044872977169588,-0.008054645365038027,-0.030260705872854655,-0.01964768870508746,1.8624503376599395,1.8044872977169588
808975,L,2025,170,33.66376969119695,0.0029298999272558304,-0.002279347164120909,-0.12215042772672254,33.78526956616054,33.66376969119695
808982,L,2024,158,-16.412789655134933,0.028700943213316014,-0.29780579935517826,-0.3866082906257551,-15.757076508367318,-16.412789655134933
808982,L,2025,616,-1.2887257642275423,-0.01792190195381515,0.022076500644136122,-0.00680452500258716,-1.2860758379152766,-1.2887257642275425
808982,L,2026,579,-0.8106899809497421,-0.04524751638934121,0.12058992248749205,-0.5751550908197762,-0.31087729622811683,-0.8106899809497421
810938,R,2025,295,-2.39553388247416,0.04457916418197826,-0.11226232317146519,-0.5952267081717034,-1.7326240153129695,-2.39553388247416
810938,R,2026,278,-4.2475616725188665,-0.06976900065166085,0.0245162106871834,-0.9510105153944185,-3.2512983671599693,-4.26289583018139
813841,R,2026,153,19.778513781192242,-0.11302446112347665,0.24243239357644927,-0.8352425357564609,20.484348384495732,19.77851378119224
814439,R,2026,282,2.7976141373412284,0.03610803443289018,0.2840221386472183,-0.5435541827345381,3.0210381469956578,2.7976141373412284
