game_pk,season,game_date,venue_park_id,temperature_f,wind_speed_mph,wind_out_to_cf,humidity_pct,roof,venue_id
2024_2024-06-03_LAA_SD,2024,2024-06-03,,64.67,6.3,0.9992,72.0,open,1
2024_2024-06-04_LAA_SD,2024,2024-06-04,,66.5,6.43,0.99,69.7,open,1
2024_2024-06-05_LAA_SD,2024,2024-06-05,,66.87,8.17,0.9851,76.7,open,1
2024_2024-06-17_LAA_MIL,2024,2024-06-17,,67.97,8.23,0.898,64.3,open,1
2024_2024-06-18_LAA_MIL,2024,2024-06-18,,69.73,8.3,0.9265,66.3,open,1
2024_2024-06-19_LAA_MIL,2024,2024-06-19,,70.23,7.03,0.9995,65.3,open,1
2024_2024-04-29_LAA_PHI,2024,2024-04-29,,68.17,6.47,1.0,55.7,open,1
2024_2024-04-30_LAA_PHI,2024,2024-04-30,,64.23,7.67,0.9466,73.0,open,1
2024_2024-05-01_LAA_PHI,2024,2024-05-01,,73.23,9.67,0.9708,46.3,open,1
2024_2024-04-22_LAA_BAL,2024,2024-04-22,,59.63,8.3,0.8058,79.0,open,1
2024_2024-04-23_LAA_BAL,2024,2024-04-23,,61.13,7.63,0.9835,65.7,open,1
2024_2024-04-24_LAA_BAL,2024,2024-04-24,,67.3,13.1,0.9994,49.7,open,1
2024_2024-04-26_LAA_MIN,2024,2024-04-26,,61.5,10.03,0.9225,70.7,open,1
2024_2024-04-27_LAA_MIN,2024,2024-04-27,,63.6,6.83,0.9905,58.0,open,1
2024_2024-04-28_LAA_MIN,2024,2024-04-28,,73.57,8.13,0.9908,43.3,open,1
2024_2024-05-09_LAA_KC,2024,2024-05-09,,63.07,7.4,0.9851,73.3,open,1
2024_2024-05-10_LAA_KC,2024,2024-05-10,,61.97,7.37,1.0,71.7,open,1
2024_2024-05-11_LAA_KC,2024,2024-05-11,,62.87,8.03,0.9755,71.3,open,1
2024_2024-05-12_LAA_KC,2024,2024-05-12,,74.83,9.3,0.9869,48.0,open,1
2024_2024-05-13_LAA_STL,2024,2024-05-13,,60.67,8.0,0.998,74.7,open,1
2024_2024-05-14_LAA_STL,2024,2024-05-14,,63.2,7.9,0.9663,69.3,open,1
2024_2024-05-15_LAA_STL,2024,2024-05-15,,61.53,5.97,1.0,70.7,open,1
2024_2024-05-24_LAA_CLE,2024,2024-05-24,,63.03,8.4,0.9932,65.7,open,1
2024_2024-05-25_LAA_CLE,2024,2024-05-25,,62.87,8.5,0.9372,65.7,open,1
2024_2024-05-26_LAA_CLE,2024,2024-05-26,,71.83,8.97,0.9954,49.7,open,1
2024_2024-05-28_LAA_NYY,2024,2024-05-28,,62.37,7.37,0.9802,73.0,open,1
2024_2024-05-29_LAA_NYY,2024,2024-05-29,,65.7,6.83,0.9999,63.0,open,1
2024_2024-05-30_LAA_NYY,2024,2024-05-30,,65.1,7.77,0.9835,74.3,open,1
2024_2024-06-24_LAA_OAK,2024,2024-06-24,,75.57,7.87,0.9848,45.0,open,1
2024_2024-06-25_LAA_OAK,2024,2024-06-25,,74.23,9.7,0.9982,50.7,open,1
2024_2024-06-26_LAA_OAK,2024,2024-06-26,,81.27,9.5,0.9927,39.3,open,1
2024_2024-06-27_LAA_DET,2024,2024-06-27,,73.23,7.83,0.9819,63.0,open,1
2024_2024-06-28_LAA_DET,2024,2024-06-28,,70.57,8.1,0.9677,65.3,open,1
2024_2024-06-29_LAA_DET,2024,2024-06-29,,70.8,6.83,1.0,64.7,open,1
2024_2024-06-30_LAA_DET,2024,2024-06-30,,85.9,9.6,0.9985,35.3,open,1
2024_2024-07-08_LAA_TEX,2024,2024-07-08,,72.37,6.43,0.9937,70.7,open,1
2024_2024-07-09_LAA_TEX,2024,2024-07-09,,73.73,6.33,0.986,67.0,open,1
2024_2024-07-10_LAA_TEX,2024,2024-07-10,,76.47,7.87,0.9494,63.7,open,1
2024_2024-07-25_LAA_OAK,2024,2024-07-25,,80.03,7.27,0.986,53.7,open,1
2024_2024-07-26_LAA_OAK,2024,2024-07-26,,75.73,7.13,0.9612,55.0,open,1
2024_2024-07-27_LAA_OAK,2024,2024-07-27,,72.87,7.0,0.9323,61.3,open,1
2024_2024-07-28_LAA_OAK,2024,2024-07-28,,80.27,10.87,0.9994,42.7,open,1
2024_2024-07-30_LAA_COL,2024,2024-07-30,,73.27,5.97,0.9962,58.7,open,1
2024_2024-07-31_LAA_COL,2024,2024-07-31,,72.6,6.77,0.9842,61.7,open,1
2024_2024-08-01_LAA_COL,2024,2024-08-01,,72.23,7.77,0.9291,65.3,open,1
2024_2024-08-02_LAA_NYM,2024,2024-08-02,,81.57,6.37,0.9934,42.3,open,1
2024_2024-08-03_LAA_NYM,2024,2024-08-03,,79.57,6.4,0.9711,50.7,open,1
2024_2024-08-04_LAA_NYM,2024,2024-08-04,,88.6,9.0,0.9965,36.0,open,1
2024_2024-08-12_LAA_TOR,2024,2024-08-12,,77.03,7.53,0.9685,57.3,open,1
2024_2024-08-13_LAA_TOR,2024,2024-08-13,,76.87,7.23,0.9845,59.0,open,1
2024_2024-08-14_LAA_TOR,2024,2024-08-14,,78.37,6.33,0.9989,58.7,open,1
2024_2024-08-16_LAA_ATL,2024,2024-08-16,,75.97,8.33,0.9598,66.0,open,1
2024_2024-08-17_LAA_ATL,2024,2024-08-17,,72.93,7.5,0.9887,64.7,open,1
2024_2024-08-18_LAA_ATL,2024,2024-08-18,,84.43,9.67,0.9836,45.0,open,1
2024_2024-09-03_LAA_LAD,2024,2024-09-03,,78.7,6.23,0.8615,53.7,open,1
2024_2024-09-04_LAA_LAD,2024,2024-09-04,,87.53,4.43,0.8433,34.3,open,1
2024_2024-09-16_LAA_CWS,2024,2024-09-16,,66.77,8.13,0.9386,59.0,open,1
2024_2024-09-17_LAA_CWS,2024,2024-09-17,,68.8,5.53,0.983,57.0,open,1
2024_2024-09-18_LAA_CWS,2024,2024-09-18,,76.7,9.57,0.9971,49.3,open,1
2024_2024-09-27_LAA_TEX,2024,2024-09-27,,66.43,4.87,0.9767,74.3,open,1
2024_2024-09-28_LAA_TEX,2024,2024-09-28,,67.67,5.9,0.9832,66.3,open,1
2024_2024-09-29_LAA_TEX,2024,2024-09-29,,78.07,7.3,1.0,46.0,open,1
2024_2024-06-09_LAA_HOU,2024,2024-06-09,,74.9,9.87,0.9991,49.0,open,1
2024_2024-06-07_LAA_HOU,2024,2024-06-07,,65.73,7.6,0.9521,72.0,open,1
2024_2024-06-08_LAA_HOU,2024,2024-06-08,,63.87,7.27,0.9743,78.0,open,1
2024_2024-09-13_LAA_HOU,2024,2024-09-13,,70.23,7.1,0.9694,68.0,open,1
2024_2024-09-14_LAA_HOU,2024,2024-09-14,,70.0,6.9,0.9969,71.0,open,1
2024_2024-09-15_LAA_HOU,2024,2024-09-15,,77.27,10.27,0.9998,49.7,open,1
2024_2024-07-11_LAA_SEA,2024,2024-07-11,,71.83,7.47,0.9626,71.3,open,1
2024_2024-07-12_LAA_SEA,2024,2024-07-12,,74.23,6.27,0.9945,62.0,open,1
2024_2024-07-13_LAA_SEA,2024,2024-07-13,,72.07,8.53,0.9959,69.7,open,1
2024_2024-07-14_LAA_SEA,2024,2024-07-14,,81.17,8.93,0.9998,53.7,open,1
2024_2024-08-30_LAA_SEA,2024,2024-08-30,,68.73,7.27,0.9916,74.7,open,1
2024_2024-08-31_LAA_SEA,2024,2024-08-31,,74.3,6.7,0.9957,66.0,open,1
2024_2024-09-01_LAA_SEA,2024,2024-09-01,,84.1,9.73,0.9994,50.0,open,1
2024_2024-04-05_LAA_BOS,2024,2024-04-05,,52.33,10.8,0.613,58.7,open,1
2024_2024-04-06_LAA_BOS,2024,2024-04-06,,56.43,4.77,0.8764,60.7,open,1
2024_2024-04-07_LAA_BOS,2024,2024-04-07,,65.53,8.47,0.99,40.3,open,1
2024_2024-04-08_LAA_TB,2024,2024-04-08,,65.17,6.37,0.8679,39.0,open,1
2024_2024-04-09_LAA_TB,2024,2024-04-09,,71.6,4.37,0.9279,29.0,open,1
2024_2024-04-10_LAA_TB,2024,2024-04-10,,80.37,6.43,0.9976,27.3,open,1
2024_2024-07-26_BAL_SD,2024,2024-07-26,,76.17,5.5,0.8211,59.7,open,2
2024_2024-07-27_BAL_SD,2024,2024-07-27,,84.0,7.33,0.0558,38.3,open,2
2024_2024-07-28_BAL_SD,2024,2024-07-28,,86.03,6.93,0.421,38.3,open,2
2024_2024-07-09_BAL_CHC,2024,2024-07-09,,89.7,9.13,0.6347,59.3,open,2
2024_2024-07-10_BAL_CHC,2024,2024-07-10,,85.83,14.43,0.6691,72.7,open,2
2024_2024-07-11_BAL_CHC,2024,2024-07-11,,87.7,3.67,-0.289,44.3,open,2
2024_2024-04-12_BAL_MIL,2024,2024-04-12,,57.67,14.37,0.8221,55.7,open,2
2024_2024-04-13_BAL_MIL,2024,2024-04-13,,62.27,19.03,0.1167,32.3,open,2
2024_2024-04-14_BAL_MIL,2024,2024-04-14,,73.73,15.0,0.9949,37.3,open,2
2024_2024-06-14_BAL_PHI,2024,2024-06-14,,79.17,7.27,-0.9558,59.3,open,2
2024_2024-06-15_BAL_PHI,2024,2024-06-15,,84.57,8.13,-0.8517,29.0,open,2
2024_2024-06-16_BAL_PHI,2024,2024-06-16,,82.9,7.87,0.2385,33.7,open,2
2024_2024-03-28_BAL_LAA,2024,2024-03-28,,53.17,8.53,-0.5165,48.3,open,2
2024_2024-03-30_BAL_LAA,2024,2024-03-30,,57.57,5.07,0.5255,63.3,open,2
2024_2024-03-31_BAL_LAA,2024,2024-03-31,,61.63,6.43,-0.1959,52.3,open,2
2024_2024-04-26_BAL_OAK,2024,2024-04-26,,56.73,10.27,0.0976,38.7,open,2
2024_2024-04-27_BAL_OAK,2024,2024-04-27,,59.3,11.6,0.575,67.7,open,2
2024_2024-04-28_BAL_OAK,2024,2024-04-28,,76.7,5.43,0.5299,61.0,open,2
2024_2024-06-27_BAL_TEX,2024,2024-06-27,,85.27,6.67,0.1132,40.3,open,2
2024_2024-06-28_BAL_TEX,2024,2024-06-28,,77.93,10.73,0.2317,56.7,open,2
2024_2024-06-29_BAL_TEX,2024,2024-06-29,,82.27,10.2,0.6361,75.0,open,2
2024_2024-06-30_BAL_TEX,2024,2024-06-30,,79.43,8.13,0.6959,83.3,open,2
2024_2024-09-20_BAL_DET,2024,2024-09-20,,72.87,3.67,0.9778,68.0,open,2
2024_2024-09-21_BAL_DET,2024,2024-09-21,,74.93,6.63,-0.0052,76.7,open,2
2024_2024-09-22_BAL_DET,2024,2024-09-22,,73.03,5.17,-0.2924,65.3,open,2
2024_2024-04-01_BAL_KC,2024,2024-04-01,,55.2,5.3,-0.1149,77.3,open,2
2024_2024-04-02_BAL_KC,2024,2024-04-02,,48.97,11.9,-0.8934,94.0,open,2
2024_2024-04-03_BAL_KC,2024,2024-04-03,,51.13,14.83,-0.6626,97.0,open,2
2024_2024-04-15_BAL_MIN,2024,2024-04-15,,74.03,7.43,0.4242,51.0,open,2
2024_2024-04-16_BAL_MIN,2024,2024-04-16,,64.23,7.33,0.6374,45.3,open,2
2024_2024-04-17_BAL_MIN,2024,2024-04-17,,62.6,6.03,-0.0279,78.3,open,2
2024_2024-09-02_BAL_CWS,2024,2024-09-02,,77.83,10.3,-0.6717,37.3,open,2
2024_2024-09-03_BAL_CWS,2024,2024-09-03,,70.8,3.17,0.3551,45.7,open,2
2024_2024-09-04_BAL_CWS,2024,2024-09-04,,71.7,6.2,0.2504,48.3,open,2
2024_2024-06-24_BAL_CLE,2024,2024-06-24,,85.17,9.87,-0.6508,26.3,open,2
2024_2024-06-25_BAL_CLE,2024,2024-06-25,,88.67,8.43,0.9842,30.3,open,2
2024_2024-06-26_BAL_CLE,2024,2024-06-26,,87.97,6.03,0.999,47.3,open,2
2024_2024-04-29_BAL_NYY,2024,2024-04-29,,79.97,4.17,0.8563,56.0,open,2
2024_2024-04-30_BAL_NYY,2024,2024-04-30,,79.4,9.37,0.1736,46.3,open,2
2024_2024-05-01_BAL_NYY,2024,2024-05-01,,77.0,2.13,0.1685,42.3,open,2
2024_2024-05-02_BAL_NYY,2024,2024-05-02,,87.37,6.6,0.497,34.3,open,2
2024_2024-05-10_BAL_ARI,2024,2024-05-10,,52.63,9.73,-0.9367,82.3,open,2
2024_2024-05-11_BAL_ARI,2024,2024-05-11,,61.57,5.57,0.7727,53.0,open,2
2024_2024-05-12_BAL_ARI,2024,2024-05-12,,62.17,5.93,-0.6211,62.0,open,2
2024_2024-05-13_BAL_TOR,2024,2024-05-13,,66.87,10.57,0.6428,66.7,open,2
2024_2024-05-15_BAL_TOR,2024,2024-05-15,,65.2,10.13,-0.9212,80.3,open,2
2024_2024-06-11_BAL_ATL,2024,2024-06-11,,73.33,5.53,-0.3057,42.7,open,2
2024_2024-06-12_BAL_ATL,2024,2024-06-12,,79.87,3.17,0.2402,36.7,open,2
2024_2024-06-13_BAL_ATL,2024,2024-06-13,,85.07,8.93,0.7649,51.3,open,2
2024_2024-07-12_BAL_NYY,2024,2024-07-12,,75.33,1.77,0.729,91.7,open,2
2024_2024-07-13_BAL_NYY,2024,2024-07-13,,86.8,3.93,0.134,61.0,open,2
2024_2024-07-14_BAL_NYY,2024,2024-07-14,,90.43,4.73,0.9121,56.3,open,2
2024_2024-07-29_BAL_TOR,2024,2024-07-29,,87.53,8.63,0.153,57.0,open,2
2024_2024-07-30_BAL_TOR,2024,2024-07-30,,76.47,5.93,0.9558,85.7,open,2
2024_2024-07-31_BAL_TOR,2024,2024-07-31,,89.03,4.87,0.9799,59.3,open,2
2024_2024-08-13_BAL_WSH,2024,2024-08-13,,75.5,3.53,-0.7206,65.3,open,2
2024_2024-08-14_BAL_WSH,2024,2024-08-14,,78.43,3.87,-0.9751,56.0,open,2
2024_2024-09-17_BAL_SF,2024,2024-09-17,,72.4,5.53,-0.6374,79.0,open,2
2024_2024-09-18_BAL_SF,2024,2024-09-18,,74.5,8.2,-0.9854,67.3,open,2
2024_2024-09-19_BAL_SF,2024,2024-09-19,,82.07,7.43,-0.8406,51.7,open,2
2024_2024-07-29_BAL_TOR_2,2024,2024-07-29,,87.53,8.63,0.153,57.0,open,2
2024_2024-10-01_BAL_KC,2024,2024-10-01,,67.13,7.53,-0.9655,81.7,open,2
2024_2024-10-02_BAL_KC,2024,2024-10-02,,68.63,2.73,-0.0958,74.7,open,2
2024_2024-08-22_BAL_HOU,2024,2024-08-22,,70.17,3.3,-0.4035,56.3,open,2
2024_2024-08-23_BAL_HOU,2024,2024-08-23,,68.07,5.07,0.8387,66.7,open,2
2024_2024-08-24_BAL_HOU,2024,2024-08-24,,79.13,6.83,0.2924,52.7,open,2
2024_2024-08-25_BAL_HOU,2024,2024-08-25,,74.13,6.93,0.7046,63.7,open,2
2024_2024-05-17_BAL_SEA,2024,2024-05-17,,63.87,3.77,-0.1011,80.0,open,2
2024_2024-05-18_BAL_SEA,2024,2024-05-18,,64.37,3.23,-0.342,82.3,open,2
2024_2024-05-19_BAL_SEA,2024,2024-05-19,,71.17,2.7,-0.4664,71.3,open,2
2024_2024-05-27_BAL_BOS,2024,2024-05-27,,75.57,10.97,0.9056,83.3,open,2
2024_2024-05-28_BAL_BOS,2024,2024-05-28,,77.83,9.9,0.5707,38.3,open,2
2024_2024-05-29_BAL_BOS,2024,2024-05-29,,69.07,5.83,0.8261,63.0,open,2
2024_2024-08-15_BAL_BOS,2024,2024-08-15,,79.7,4.33,0.4756,55.7,open,2
2024_2024-08-16_BAL_BOS,2024,2024-08-16,,78.73,9.03,0.7034,61.0,open,2
2024_2024-08-17_BAL_BOS,2024,2024-08-17,,74.57,4.93,0.3551,91.0,open,2
2024_2024-08-18_BAL_BOS,2024,2024-08-18,,81.27,5.13,0.7997,76.0,open,2
2024_2024-05-31_BAL_TB,2024,2024-05-31,,68.07,3.67,-0.289,47.7,open,2
2024_2024-06-01_BAL_TB,2024,2024-06-01,,79.2,7.7,0.4321,34.0,open,2
2024_2024-06-02_BAL_TB,2024,2024-06-02,,82.17,7.57,0.9966,39.7,open,2
2024_2024-09-06_BAL_TB,2024,2024-09-06,,69.7,4.37,0.6293,75.0,open,2
2024_2024-09-07_BAL_TB,2024,2024-09-07,,66.77,3.13,0.1702,66.0,open,2
2024_2024-09-08_BAL_TB,2024,2024-09-08,,68.5,7.8,0.3387,40.7,open,2
2024_2024-06-28_BOS_SD,2024,2024-06-28,,68.4,8.83,0.4368,54.7,open,3
2024_2024-06-29_BOS_SD,2024,2024-06-29,,74.37,15.27,0.8251,53.7,open,3
2024_2024-06-30_BOS_SD,2024,2024-06-30,,87.77,12.77,0.999,60.3,open,3
2024_2024-07-12_BOS_KC,2024,2024-07-12,,80.17,10.57,0.9836,78.0,open,3
2024_2024-07-13_BOS_KC,2024,2024-07-13,,80.33,10.13,0.9932,77.0,open,3
2024_2024-07-14_BOS_KC,2024,2024-07-14,,89.03,4.67,0.9871,40.3,open,3
2024_2024-09-06_BOS_CWS,2024,2024-09-06,,64.27,7.1,-0.9947,90.3,open,3
2024_2024-09-07_BOS_CWS,2024,2024-09-07,,67.73,9.67,0.9041,72.3,open,3
2024_2024-09-08_BOS_CWS,2024,2024-09-08,,67.87,12.13,0.7705,40.7,open,3
2024_2024-04-30_BOS_SF,2024,2024-04-30,,48.57,7.77,-0.7396,79.0,open,3
2024_2024-05-01_BOS_SF,2024,2024-05-01,,46.03,6.03,-0.5948,86.7,open,3
2024_2024-05-02_BOS_SF,2024,2024-05-02,,71.2,5.97,0.7649,53.3,open,3
2024_2024-05-10_BOS_WSH,2024,2024-05-10,,47.07,6.03,-0.8271,73.7,open,3
2024_2024-05-11_BOS_WSH,2024,2024-05-11,,49.57,10.1,-0.5962,73.0,open,3
2024_2024-05-12_BOS_WSH,2024,2024-05-12,,56.87,3.83,-0.8616,49.0,open,3
2024_2024-09-22_BOS_MIN_2,2024,2024-09-22,,59.93,10.9,-0.9976,77.3,open,3
2024_2024-09-29_BOS_TB,2024,2024-09-29,,64.17,5.1,-0.6004,75.7,open,3
2024_2024-04-09_BOS_BAL,2024,2024-04-09,,51.53,11.57,-0.6574,58.3,open,3
2024_2024-04-10_BOS_BAL,2024,2024-04-10,,51.7,6.6,-0.279,81.0,open,3
2024_2024-04-11_BOS_BAL,2024,2024-04-11,,53.33,7.63,-0.1977,98.0,open,3
2024_2024-04-15_BOS_CLE,2024,2024-04-15,,64.7,7.53,0.9078,55.3,open,3
2024_2024-04-16_BOS_CLE,2024,2024-04-16,,53.33,4.97,0.4462,63.7,open,3
2024_2024-04-17_BOS_CLE,2024,2024-04-17,,45.73,8.73,-0.4909,75.0,open,3
2024_2024-04-18_BOS_CLE,2024,2024-04-18,,46.23,8.7,-0.8358,76.3,open,3
2024_2024-08-09_BOS_HOU,2024,2024-08-09,,77.53,19.27,0.7912,86.0,open,3
2024_2024-08-10_BOS_HOU,2024,2024-08-10,,83.07,10.9,0.632,49.3,open,3
2024_2024-08-11_BOS_HOU,2024,2024-08-11,,82.23,11.9,0.9317,39.0,open,3
2024_2024-07-29_BOS_SEA,2024,2024-07-29,,71.43,6.37,0.8973,78.3,open,3
2024_2024-07-30_BOS_SEA,2024,2024-07-30,,77.83,11.47,0.8934,76.7,open,3
2024_2024-07-31_BOS_SEA,2024,2024-07-31,,80.5,14.67,0.8738,75.0,open,3
2024_2024-04-12_BOS_LAA,2024,2024-04-12,,56.17,14.7,0.887,75.3,open,3
2024_2024-04-13_BOS_LAA,2024,2024-04-13,,50.97,17.27,0.7361,49.3,open,3
2024_2024-04-14_BOS_LAA,2024,2024-04-14,,56.43,13.77,0.9558,48.3,open,3
2024_2024-04-26_BOS_CHC,2024,2024-04-26,,45.0,6.3,0.2164,61.3,open,3
2024_2024-04-27_BOS_CHC,2024,2024-04-27,,59.57,5.2,-0.4664,57.0,open,3
2024_2024-04-28_BOS_CHC,2024,2024-04-28,,60.0,9.43,0.9954,81.7,open,3
2024_2024-05-24_BOS_MIL,2024,2024-05-24,,73.83,11.43,0.5299,39.0,open,3
2024_2024-05-25_BOS_MIL,2024,2024-05-25,,72.67,6.3,-0.6997,54.0,open,3
2024_2024-05-26_BOS_MIL,2024,2024-05-26,,72.7,8.4,-0.6934,67.3,open,3
2024_2024-05-30_BOS_DET,2024,2024-05-30,,56.77,2.83,-0.2957,85.0,open,3
2024_2024-05-31_BOS_DET,2024,2024-05-31,,64.47,4.9,0.3681,61.7,open,3
2024_2024-06-01_BOS_DET,2024,2024-06-01,,78.37,3.9,-0.0454,26.7,open,3
2024_2024-06-02_BOS_DET,2024,2024-06-02,,80.9,2.03,0.9323,37.7,open,3
2024_2024-06-04_BOS_ATL,2024,2024-06-04,,66.13,6.77,0.0122,75.0,open,3
2024_2024-06-05_BOS_ATL,2024,2024-06-05,,84.17,8.33,0.9449,40.3,open,3
2024_2024-06-11_BOS_PHI,2024,2024-06-11,,65.27,3.43,-0.6101,79.0,open,3
2024_2024-06-12_BOS_PHI,2024,2024-06-12,,68.53,5.4,0.6157,77.0,open,3
2024_2024-06-13_BOS_PHI,2024,2024-06-13,,74.27,11.77,0.9603,64.0,open,3
2024_2024-06-14_BOS_NYY,2024,2024-06-14,,74.17,7.77,0.9998,83.7,open,3
2024_2024-06-15_BOS_NYY,2024,2024-06-15,,66.87,7.47,-0.4226,49.3,open,3
2024_2024-06-16_BOS_NYY,2024,2024-06-16,,64.53,8.53,0.1685,60.7,open,3
2024_2024-06-24_BOS_TOR,2024,2024-06-24,,71.77,9.47,0.2706,63.7,open,3
2024_2024-06-25_BOS_TOR,2024,2024-06-25,,78.33,7.83,0.9285,51.3,open,3
2024_2024-06-26_BOS_TOR,2024,2024-06-26,,80.1,8.87,0.9646,66.3,open,3
2024_2024-07-09_BOS_OAK,2024,2024-07-09,,81.3,9.33,0.9593,77.3,open,3
2024_2024-07-10_BOS_OAK,2024,2024-07-10,,79.53,13.2,0.8805,75.7,open,3
2024_2024-07-11_BOS_OAK,2024,2024-07-11,,81.5,12.7,0.9472,64.7,open,3
2024_2024-07-26_BOS_NYY,2024,2024-07-26,,76.37,4.73,-0.599,51.0,open,3
2024_2024-07-27_BOS_NYY,2024,2024-07-27,,75.07,5.07,0.1374,55.0,open,3
2024_2024-07-28_BOS_NYY,2024,2024-07-28,,69.73,5.67,-0.2045,76.7,open,3
2024_2024-08-12_BOS_TEX,2024,2024-08-12,,67.6,6.8,0.7955,84.7,open,3
2024_2024-08-13_BOS_TEX,2024,2024-08-13,,73.23,3.93,-0.4756,65.3,open,3
2024_2024-08-14_BOS_TEX,2024,2024-08-14,,73.17,4.93,-0.6639,66.0,open,3
2024_2024-08-23_BOS_ARI,2024,2024-08-23,,69.53,6.5,0.9641,64.0,open,3
2024_2024-08-24_BOS_ARI,2024,2024-08-24,,80.8,5.73,0.8471,41.0,open,3
2024_2024-08-25_BOS_ARI,2024,2024-08-25,,81.53,3.13,-0.4756,43.0,open,3
2024_2024-08-26_BOS_TOR,2024,2024-08-26,,71.47,2.8,0.9767,76.0,open,3
2024_2024-08-27_BOS_TOR,2024,2024-08-27,,72.2,6.87,0.5635,80.7,open,3
2024_2024-08-28_BOS_TOR,2024,2024-08-28,,75.97,8.43,-0.6871,65.0,open,3
2024_2024-08-29_BOS_TOR,2024,2024-08-29,,63.03,5.87,-0.4802,70.0,open,3
2024_2024-09-09_BOS_BAL,2024,2024-09-09,,64.57,6.5,0.9336,65.0,open,3
2024_2024-09-10_BOS_BAL,2024,2024-09-10,,65.13,6.7,0.1357,52.7,open,3
2024_2024-09-11_BOS_BAL,2024,2024-09-11,,63.73,7.23,0.294,61.0,open,3
2024_2024-09-20_BOS_MIN,2024,2024-09-20,,62.07,13.67,-0.9744,81.0,open,3
2024_2024-09-22_BOS_MIN,2024,2024-09-22,,62.43,13.47,-1.0,75.3,open,3
2024_2024-05-13_BOS_TB,2024,2024-05-13,,58.27,8.13,0.5195,66.7,open,3
2024_2024-05-14_BOS_TB,2024,2024-05-14,,62.93,12.0,0.915,73.3,open,3
2024_2024-05-15_BOS_TB,2024,2024-05-15,,60.8,5.67,-0.81,90.0,open,3
2024_2024-05-16_BOS_TB,2024,2024-05-16,,55.37,8.73,-0.9974,88.0,open,3
2024_2024-09-27_BOS_TB,2024,2024-09-27,,64.83,4.37,-0.9973,85.3,open,3
2024_2024-09-28_BOS_TB,2024,2024-09-28,,63.13,8.6,-0.7266,82.0,open,3
2024_2024-09-24_CWS_LAA,2024,2024-09-24,,64.73,12.2,0.878,90.0,open,4
2024_2024-09-25_CWS_LAA,2024,2024-09-25,,65.57,5.97,-0.9963,76.7,open,4
2024_2024-09-26_CWS_LAA,2024,2024-09-26,,70.8,9.6,-0.3518,60.7,open,4
2024_2024-06-18_CWS_HOU,2024,2024-06-18,,85.57,16.93,-0.3567,55.3,open,4
2024_2024-06-19_CWS_HOU,2024,2024-06-19,,85.83,5.47,0.1253,50.3,open,4
2024_2024-06-20_CWS_HOU,2024,2024-06-20,,74.5,11.87,0.1288,70.0,open,4
2024_2024-09-13_CWS_OAK,2024,2024-09-13,,75.77,9.67,-0.6959,63.7,open,4
2024_2024-09-14_CWS_OAK,2024,2024-09-14,,77.97,8.47,-0.5358,67.0,open,4
2024_2024-09-15_CWS_OAK,2024,2024-09-15,,83.7,9.47,-0.8231,43.3,open,4
2024_2024-07-26_CWS_SEA,2024,2024-07-26,,72.87,8.43,-0.8545,65.3,open,4
2024_2024-07-27_CWS_SEA,2024,2024-07-27,,77.27,10.8,-0.8763,59.3,open,4
2024_2024-07-28_CWS_SEA,2024,2024-07-28,,81.9,10.0,-0.5577,66.0,open,4
2024_2024-08-27_CWS_TEX,2024,2024-08-27,,83.53,8.43,-0.36,78.0,open,4
2024_2024-08-28_CWS_TEX,2024,2024-08-28,,76.83,10.7,-0.3955,79.7,open,4
2024_2024-08-29_CWS_TEX,2024,2024-08-29,,79.33,8.93,-0.454,68.0,open,4
2024_2024-03-28_CWS_DET,2024,2024-03-28,,51.07,14.8,0.673,45.0,open,4
2024_2024-03-30_CWS_DET,2024,2024-03-30,,52.03,14.0,0.3371,86.7,open,4
2024_2024-03-31_CWS_DET,2024,2024-03-31,,42.17,10.87,-0.3206,90.0,open,4
2024_2024-08-23_CWS_DET,2024,2024-08-23,,74.1,6.27,-0.3305,55.7,open,4
2024_2024-08-24_CWS_DET,2024,2024-08-24,,78.87,8.4,-0.9011,71.7,open,4
2024_2024-08-25_CWS_DET,2024,2024-08-25,,91.27,14.13,-0.1702,40.0,open,4
2024_2024-08-26_CWS_DET,2024,2024-08-26,,88.5,11.9,-0.373,57.7,open,4
2024_2024-04-15_CWS_KC,2024,2024-04-15,,56.03,6.93,-0.6374,69.0,open,4
2024_2024-04-17_CWS_KC,2024,2024-04-17,,63.87,23.63,0.5707,60.3,open,4
2024_2024-07-29_CWS_KC,2024,2024-07-29,,76.0,4.6,0.7848,83.3,open,4
2024_2024-07-30_CWS_KC,2024,2024-07-30,,81.7,6.2,-0.81,80.0,open,4
2024_2024-07-31_CWS_KC,2024,2024-07-31,,87.47,7.67,0.2164,61.0,open,4
2024_2024-04-29_CWS_MIN,2024,2024-04-29,,67.13,12.07,0.0349,69.0,open,4
2024_2024-04-30_CWS_MIN,2024,2024-04-30,,65.1,8.03,-0.9646,74.7,open,4
2024_2024-05-01_CWS_MIN,2024,2024-05-01,,71.67,13.9,0.8192,37.7,open,4
2024_2024-07-08_CWS_MIN,2024,2024-07-08,,77.13,6.93,-0.2656,73.7,open,4
2024_2024-07-10_CWS_MIN,2024,2024-07-10,,74.83,9.17,0.2079,77.0,open,4
2024_2024-04-01_CWS_ATL,2024,2024-04-01,,45.57,15.27,-0.0663,86.3,open,4
2024_2024-04-02_CWS_ATL,2024,2024-04-02,,40.73,20.23,0.829,82.7,open,4
2024_2024-04-12_CWS_CIN,2024,2024-04-12,,51.87,9.5,0.9952,71.0,open,4
2024_2024-04-13_CWS_CIN,2024,2024-04-13,,62.37,5.23,-0.0279,43.7,open,4
2024_2024-04-14_CWS_CIN,2024,2024-04-14,,68.63,10.93,0.0017,64.3,open,4
2024_2024-04-26_CWS_TB,2024,2024-04-26,,55.93,18.5,-0.982,80.0,open,4
2024_2024-04-27_CWS_TB,2024,2024-04-27,,69.6,13.57,-0.1323,79.0,open,4
2024_2024-04-28_CWS_TB,2024,2024-04-28,,75.87,19.67,-0.4555,57.3,open,4
2024_2024-05-09_CWS_CLE,2024,2024-05-09,,50.9,12.87,0.4147,92.3,open,4
2024_2024-05-10_CWS_CLE,2024,2024-05-10,,62.93,10.73,0.4035,60.7,open,4
2024_2024-05-11_CWS_CLE,2024,2024-05-11,,55.23,6.23,-0.9426,72.7,open,4
2024_2024-05-12_CWS_CLE,2024,2024-05-12,,76.23,14.83,-0.3697,43.0,open,4
2024_2024-05-14_CWS_WSH,2024,2024-05-14,,54.57,18.07,0.4848,85.7,open,4
2024_2024-05-15_CWS_WSH,2024,2024-05-15,,56.53,14.87,0.3584,70.7,open,4
2024_2024-05-23_CWS_BAL,2024,2024-05-23,,71.37,8.6,-0.8007,53.7,open,4
2024_2024-05-24_CWS_BAL,2024,2024-05-24,,73.0,16.23,-0.5344,75.0,open,4
2024_2024-05-25_CWS_BAL,2024,2024-05-25,,66.9,10.53,-0.6639,47.0,open,4
2024_2024-05-26_CWS_BAL,2024,2024-05-26,,64.37,13.57,-0.9982,90.7,open,4
2024_2024-05-27_CWS_TOR,2024,2024-05-27,,69.1,15.23,0.9997,58.3,open,4
2024_2024-05-28_CWS_TOR,2024,2024-05-28,,60.97,10.7,0.9857,78.7,open,4
2024_2024-05-29_CWS_TOR,2024,2024-05-29,,54.8,11.33,0.6018,69.3,open,4
2024_2024-06-06_CWS_BOS,2024,2024-06-06,,68.53,12.07,0.9813,52.7,open,4
2024_2024-06-07_CWS_BOS,2024,2024-06-07,,65.7,5.6,-0.9978,78.7,open,4
2024_2024-06-08_CWS_BOS,2024,2024-06-08,,69.63,13.97,0.9379,71.0,open,4
2024_2024-06-09_CWS_BOS,2024,2024-06-09,,77.13,16.6,0.9563,29.0,open,4
2024_2024-06-24_CWS_LAD,2024,2024-06-24,,81.3,10.2,-0.8007,57.3,open,4
2024_2024-06-25_CWS_LAD,2024,2024-06-25,,81.77,9.9,0.5934,74.3,open,4
2024_2024-06-26_CWS_LAD,2024,2024-06-26,,74.63,10.03,-0.1444,69.0,open,4
2024_2024-06-27_CWS_ATL,2024,2024-06-27,,66.47,10.47,-0.0244,57.7,open,4
2024_2024-06-28_CWS_COL,2024,2024-06-28,,72.87,7.8,-0.6947,84.3,open,4
2024_2024-06-29_CWS_COL,2024,2024-06-29,,87.27,12.3,0.6884,58.7,open,4
2024_2024-06-30_CWS_COL,2024,2024-06-30,,62.27,14.47,0.2181,64.7,open,4
2024_2024-07-12_CWS_PIT,2024,2024-07-12,,72.9,5.33,-0.8059,82.7,open,4
2024_2024-07-13_CWS_PIT,2024,2024-07-13,,86.03,7.67,-0.6018,58.0,open,4
2024_2024-07-14_CWS_PIT,2024,2024-07-14,,86.03,13.3,0.2605,55.7,open,4
2024_2024-08-09_CWS_CHC,2024,2024-08-09,,68.87,12.97,0.9664,51.0,open,4
2024_2024-08-10_CWS_CHC,2024,2024-08-10,,73.57,13.4,0.915,36.3,open,4
2024_2024-08-12_CWS_NYY,2024,2024-08-12,,75.13,6.5,-0.9298,50.3,open,4
2024_2024-08-13_CWS_NYY,2024,2024-08-13,,77.0,5.93,-0.7848,52.7,open,4
2024_2024-08-14_CWS_NYY,2024,2024-08-14,,74.97,7.83,-0.8131,70.0,open,4
2024_2024-08-30_CWS_NYM,2024,2024-08-30,,78.1,4.1,0.225,76.3,open,4
2024_2024-08-31_CWS_NYM,2024,2024-08-31,,79.67,7.8,0.5707,47.0,open,4
2024_2024-09-01_CWS_NYM,2024,2024-09-01,,70.0,19.43,0.3272,56.0,open,4
2024_2024-09-09_CWS_CLE,2024,2024-09-09,,76.0,8.57,0.5807,42.0,open,4
2024_2024-09-10_CWS_CLE,2024,2024-09-10,,77.2,9.13,-0.4848,33.7,open,4
2024_2024-09-11_CWS_CLE,2024,2024-09-11,,84.07,8.63,-0.907,29.7,open,4
2024_2024-04-17_CWS_KC_2,2024,2024-04-17,,63.87,23.63,0.5707,60.3,open,4
2024_2024-07-10_CWS_MIN_2,2024,2024-07-10,,74.83,9.17,0.2079,77.0,open,4
2024_2024-05-14_CWS_WSH_2,2024,2024-05-14,,54.57,18.07,0.4848,85.7,open,4
2024_2024-07-19_CLE_SD,2024,2024-07-19,,71.93,7.13,-0.7524,52.0,open,5
2024_2024-07-20_CLE_SD,2024,2024-07-20,,75.53,2.9,-0.9996,50.0,open,5
2024_2024-07-21_CLE_SD,2024,2024-07-21,,75.57,9.17,-0.8545,64.3,open,5
2024_2024-08-12_CLE_CHC,2024,2024-08-12,,73.47,5.9,-0.6833,60.7,open,5
2024_2024-08-13_CLE_CHC,2024,2024-08-13,,74.6,6.73,-0.8028,60.7,open,5
2024_2024-08-14_CLE_CHC,2024,2024-08-14,,77.03,8.97,-0.808,54.0,open,5
2024_2024-09-24_CLE_CIN,2024,2024-09-24,,70.27,9.6,0.9981,88.0,open,5
2024_2024-09-25_CLE_CIN,2024,2024-09-25,,70.03,2.13,0.3584,80.3,open,5
2024_2024-05-03_CLE_LAA,2024,2024-05-03,,57.3,5.97,-0.9992,84.7,open,5
2024_2024-05-04_CLE_LAA,2024,2024-05-04,,63.23,14.0,0.7302,83.7,open,5
2024_2024-05-05_CLE_LAA,2024,2024-05-05,,59.57,4.67,-0.6101,88.0,open,5
2024_2024-04-19_CLE_OAK,2024,2024-04-19,,51.1,12.63,0.007,61.7,open,5
2024_2024-04-20_CLE_OAK,2024,2024-04-20,,44.17,15.17,-0.3649,50.7,open,5
2024_2024-04-21_CLE_OAK,2024,2024-04-21,,41.87,14.3,-0.3074,57.7,open,5
2024_2024-08-23_CLE_TEX,2024,2024-08-23,,73.07,6.17,-0.8202,62.7,open,5
2024_2024-08-24_CLE_TEX,2024,2024-08-24,,75.8,6.7,0.1253,68.3,open,5
2024_2024-08-25_CLE_TEX,2024,2024-08-25,,76.73,4.6,-0.91,76.3,open,5
2024_2024-05-06_CLE_DET,2024,2024-05-06,,55.5,11.03,-0.7009,62.0,open,5
2024_2024-05-07_CLE_DET,2024,2024-05-07,,66.67,6.7,0.994,79.0,open,5
2024_2024-05-08_CLE_DET,2024,2024-05-08,,63.8,15.0,-0.1323,68.7,open,5
2024_2024-07-22_CLE_DET,2024,2024-07-22,,73.83,5.23,-0.9472,72.7,open,5
2024_2024-07-23_CLE_DET,2024,2024-07-23,,79.1,2.57,-0.2062,63.0,open,5
2024_2024-07-24_CLE_DET,2024,2024-07-24,,73.0,5.73,-0.4802,81.7,open,5
2024_2024-07-25_CLE_DET,2024,2024-07-25,,69.9,13.7,-0.9272,74.3,open,5
2024_2024-06-04_CLE_KC,2024,2024-06-04,,76.03,8.13,-0.2974,76.7,open,5
2024_2024-06-06_CLE_KC,2024,2024-06-06,,68.4,13.3,-0.134,74.7,open,5
2024_2024-08-26_CLE_KC,2024,2024-08-26,,77.27,5.37,-0.9553,80.3,open,5
2024_2024-08-27_CLE_KC,2024,2024-08-27,,85.4,4.0,0.8462,62.7,open,5
2024_2024-08-28_CLE_KC,2024,2024-08-28,,75.8,8.47,-0.6845,88.3,open,5
2024_2024-05-17_CLE_MIN,2024,2024-05-17,,63.43,2.1,0.991,89.7,open,5
2024_2024-05-18_CLE_MIN,2024,2024-05-18,,60.3,5.0,-0.9537,93.3,open,5
2024_2024-05-19_CLE_MIN,2024,2024-05-19,,65.6,4.17,-1.0,71.7,open,5
2024_2024-09-16_CLE_MIN,2024,2024-09-16,,73.4,11.6,-0.6959,74.3,open,5
2024_2024-09-17_CLE_MIN,2024,2024-09-17,,68.93,11.47,-0.7501,83.3,open,5
2024_2024-09-18_CLE_MIN,2024,2024-09-18,,69.8,10.53,-0.6884,80.0,open,5
2024_2024-09-19_CLE_MIN,2024,2024-09-19,,71.2,9.7,-0.9724,84.0,open,5
2024_2024-04-08_CLE_CWS,2024,2024-04-08,,56.4,4.1,-0.4664,69.0,open,5
2024_2024-04-09_CLE_CWS,2024,2024-04-09,,57.7,11.77,0.7396,65.3,open,5
2024_2024-04-10_CLE_CWS,2024,2024-04-10,,49.5,6.27,-0.6494,80.7,open,5
2024_2024-07-02_CLE_CWS,2024,2024-07-02,,81.93,8.47,0.7145,48.0,open,5
2024_2024-07-03_CLE_CWS,2024,2024-07-03,,82.03,10.3,0.723,76.7,open,5
2024_2024-07-04_CLE_CWS,2024,2024-07-04,,78.9,4.7,-0.9265,82.0,open,5
2024_2024-04-13_CLE_NYY,2024,2024-04-13,,45.77,20.3,-0.0993,65.7,open,5
2024_2024-04-14_CLE_NYY,2024,2024-04-14,,61.87,18.4,0.2554,59.7,open,5
2024_2024-05-20_CLE_NYM,2024,2024-05-20,,73.3,3.77,-0.1582,72.0,open,5
2024_2024-05-21_CLE_NYM,2024,2024-05-21,,73.37,7.5,0.4431,76.3,open,5
2024_2024-05-22_CLE_NYM,2024,2024-05-22,,69.3,16.07,0.8942,74.7,open,5
2024_2024-05-31_CLE_WSH,2024,2024-05-31,,66.77,4.43,-0.3272,44.7,open,5
2024_2024-06-01_CLE_WSH,2024,2024-06-01,,75.6,9.27,0.9191,50.0,open,5
2024_2024-06-02_CLE_WSH,2024,2024-06-02,,66.97,3.87,-0.0663,84.7,open,5
2024_2024-06-21_CLE_TOR,2024,2024-06-21,,78.47,4.17,-0.2351,84.3,open,5
2024_2024-06-22_CLE_TOR,2024,2024-06-22,,81.27,4.67,-0.8563,76.0,open,5
2024_2024-06-23_CLE_TOR,2024,2024-06-23,,73.33,15.37,0.0506,81.3,open,5
2024_2024-07-05_CLE_SF,2024,2024-07-05,,72.1,4.3,0.7513,89.7,open,5
2024_2024-07-06_CLE_SF,2024,2024-07-06,,73.17,6.03,-0.7749,71.7,open,5
2024_2024-07-07_CLE_SF,2024,2024-07-07,,72.6,8.0,-0.8616,76.0,open,5
2024_2024-08-01_CLE_BAL,2024,2024-08-01,,80.83,7.6,-0.9114,79.0,open,5
2024_2024-08-02_CLE_BAL,2024,2024-08-02,,76.07,2.93,0.9928,83.0,open,5
2024_2024-08-03_CLE_BAL,2024,2024-08-03,,75.7,4.0,-0.565,82.7,open,5
2024_2024-08-04_CLE_BAL,2024,2024-08-04,,78.83,4.27,-0.8957,55.3,open,5
2024_2024-08-05_CLE_ARI,2024,2024-08-05,,77.23,9.03,0.3987,83.0,open,5
2024_2024-08-07_CLE_ARI,2024,2024-08-07,,68.73,19.03,-0.8387,79.3,open,5
2024_2024-08-30_CLE_PIT,2024,2024-08-30,,81.93,9.33,0.9494,74.7,open,5
2024_2024-08-31_CLE_PIT,2024,2024-08-31,,75.0,2.9,0.184,68.7,open,5
2024_2024-09-01_CLE_PIT,2024,2024-09-01,,69.93,13.0,-0.518,80.7,open,5
2024_2024-08-26_CLE_KC_2,2024,2024-08-26,,81.83,4.07,-0.0052,66.0,open,5
2024_2024-04-13_CLE_NYY_2,2024,2024-04-13,,50.43,12.5,0.1184,61.0,open,5
2024_2024-08-07_CLE_ARI_2,2024,2024-08-07,,68.73,19.03,-0.8387,79.3,open,5
2024_2024-09-28_CLE_HOU,2024,2024-09-28,,71.3,7.43,0.1201,86.3,open,5
2024_2024-10-05_CLE_DET,2024,2024-10-05,,65.27,7.07,-0.8771,47.3,open,5
2024_2024-10-07_CLE_DET,2024,2024-10-07,,58.1,9.97,-0.3649,60.3,open,5
2024_2024-10-12_CLE_DET,2024,2024-10-12,,61.33,10.73,-0.9114,78.0,open,5
2024_2024-10-17_CLE_NYY,2024,2024-10-17,,54.47,5.47,-0.5563,58.0,open,5
2024_2024-10-18_CLE_NYY,2024,2024-10-18,,54.6,7.2,0.284,81.7,open,5
2024_2024-10-19_CLE_NYY,2024,2024-10-19,,56.3,4.9,0.6678,87.3,open,5
2024_2024-04-23_CLE_BOS,2024,2024-04-23,,51.67,12.77,0.213,80.7,open,5
2024_2024-09-27_CLE_HOU,2024,2024-09-27,,68.2,14.77,-0.4772,89.0,open,5
2024_2024-06-18_CLE_SEA,2024,2024-06-18,,77.47,9.8,0.9041,80.7,open,5
2024_2024-06-19_CLE_SEA,2024,2024-06-19,,78.03,4.93,0.9998,85.0,open,5
2024_2024-06-20_CLE_SEA,2024,2024-06-20,,73.67,5.47,-0.9848,87.0,open,5
2024_2024-04-24_CLE_BOS,2024,2024-04-24,,41.83,12.17,-0.9636,66.3,open,5
2024_2024-04-25_CLE_BOS,2024,2024-04-25,,44.73,15.03,-0.9598,60.7,open,5
2024_2024-09-12_CLE_TB,2024,2024-09-12,,73.27,10.53,-0.3206,73.7,open,5
2024_2024-09-13_CLE_TB,2024,2024-09-13,,70.77,10.8,-0.4352,74.7,open,5
2024_2024-09-14_CLE_TB,2024,2024-09-14,,74.6,11.73,-0.524,73.3,open,5
2024_2024-09-15_CLE_TB,2024,2024-09-15,,78.8,6.63,-0.0628,56.7,open,5
2024_2024-08-19_KC_LAA,2024,2024-08-19,,75.9,5.37,-0.9511,64.7,open,7
2024_2024-08-20_KC_LAA,2024,2024-08-20,,72.0,6.37,-0.7169,64.3,open,7
2024_2024-08-21_KC_LAA,2024,2024-08-21,,71.37,8.63,-0.7385,58.7,open,7
2024_2024-04-09_KC_HOU,2024,2024-04-09,,61.0,4.07,-0.9923,46.7,open,7
2024_2024-04-10_KC_HOU,2024,2024-04-10,,62.43,5.3,-0.7133,46.0,open,7
2024_2024-04-11_KC_HOU,2024,2024-04-11,,61.47,19.27,0.0035,30.7,open,7
2024_2024-05-17_KC_OAK,2024,2024-05-17,,75.1,5.1,0.8425,63.3,open,7
2024_2024-05-18_KC_OAK,2024,2024-05-18,,78.23,4.6,0.6374,64.0,open,7
2024_2024-05-19_KC_OAK,2024,2024-05-19,,85.5,8.83,0.6046,47.7,open,7
2024_2024-06-07_KC_SEA,2024,2024-06-07,,79.63,7.67,-0.2706,52.3,open,7
2024_2024-06-08_KC_SEA,2024,2024-06-08,,88.67,4.73,-0.9317,54.0,open,7
2024_2024-06-09_KC_SEA,2024,2024-06-09,,78.33,5.47,-1.0,44.0,open,7
2024_2024-05-03_KC_TEX,2024,2024-05-03,,72.93,6.4,0.2011,61.0,open,7
2024_2024-05-04_KC_TEX,2024,2024-05-04,,64.0,6.23,-0.3437,57.3,open,7
2024_2024-05-05_KC_TEX,2024,2024-05-05,,64.2,8.03,-0.7593,58.7,open,7
2024_2024-05-20_KC_DET,2024,2024-05-20,,81.13,8.6,0.3206,54.3,open,7
2024_2024-05-21_KC_DET,2024,2024-05-21,,72.93,16.17,0.515,58.7,open,7
2024_2024-05-22_KC_DET,2024,2024-05-22,,72.7,4.8,-0.0558,41.0,open,7
2024_2024-09-16_KC_DET,2024,2024-09-16,,80.1,7.1,-0.2284,60.0,open,7
2024_2024-09-17_KC_DET,2024,2024-09-17,,81.07,7.2,0.0854,56.0,open,7
2024_2024-09-18_KC_DET,2024,2024-09-18,,82.37,8.03,0.3387,50.7,open,7
2024_2024-03-28_KC_MIN,2024,2024-03-28,,64.03,12.6,0.9593,37.7,open,7
2024_2024-03-30_KC_MIN,2024,2024-03-30,,65.5,3.23,-0.9803,49.7,open,7
2024_2024-03-31_KC_MIN,2024,2024-03-31,,76.53,13.5,0.9143,57.7,open,7
2024_2024-04-04_KC_CWS,2024,2024-04-04,,52.4,7.03,-0.5446,40.7,open,7
2024_2024-04-05_KC_CWS,2024,2024-04-05,,55.4,8.53,-0.7022,50.3,open,7
2024_2024-04-06_KC_CWS,2024,2024-04-06,,64.97,18.0,-0.1253,46.7,open,7
2024_2024-04-07_KC_CWS,2024,2024-04-07,,66.93,17.27,0.9976,28.3,open,7
2024_2024-04-19_KC_BAL,2024,2024-04-19,,55.37,4.93,-0.6143,44.0,open,7
2024_2024-04-20_KC_BAL,2024,2024-04-20,,49.77,7.83,-0.3714,41.3,open,7
2024_2024-04-21_KC_BAL,2024,2024-04-21,,56.13,7.8,0.0052,30.7,open,7
2024_2024-04-22_KC_TOR,2024,2024-04-22,,64.43,13.33,0.8934,38.3,open,7
2024_2024-04-23_KC_TOR,2024,2024-04-23,,66.57,8.2,-0.1132,33.7,open,7
2024_2024-04-24_KC_TOR,2024,2024-04-24,,67.33,4.0,0.007,42.0,open,7
2024_2024-04-25_KC_TOR,2024,2024-04-25,,60.77,14.07,-0.1771,66.0,open,7
2024_2024-05-06_KC_MIL,2024,2024-05-06,,72.83,13.57,0.2974,73.3,open,7
2024_2024-05-07_KC_MIL,2024,2024-05-07,,72.93,8.77,1.0,41.7,open,7
2024_2024-05-08_KC_MIL,2024,2024-05-08,,74.9,5.7,0.9636,63.7,open,7
2024_2024-05-31_KC_SD,2024,2024-05-31,,67.47,4.93,-0.7443,86.7,open,7
2024_2024-06-01_KC_SD,2024,2024-06-01,,78.63,8.4,0.2554,54.3,open,7
2024_2024-06-02_KC_SD,2024,2024-06-02,,82.63,10.73,0.7157,54.3,open,7
2024_2024-06-10_KC_NYY,2024,2024-06-10,,73.5,4.57,-0.7071,48.3,open,7
2024_2024-06-11_KC_NYY,2024,2024-06-11,,78.57,4.33,0.471,60.3,open,7
2024_2024-06-12_KC_NYY,2024,2024-06-12,,81.57,10.1,0.723,52.3,open,7
2024_2024-06-13_KC_NYY,2024,2024-06-13,,92.63,11.33,0.9191,50.0,open,7
2024_2024-06-24_KC_MIA,2024,2024-06-24,,91.53,10.27,0.8821,38.0,open,7
2024_2024-06-25_KC_MIA,2024,2024-06-25,,83.13,7.37,0.4163,76.0,open,7
2024_2024-06-26_KC_MIA,2024,2024-06-26,,84.9,10.67,-0.8007,52.0,open,7
2024_2024-06-27_KC_CLE,2024,2024-06-27,,82.5,9.03,0.2504,49.7,open,7
2024_2024-06-28_KC_CLE,2024,2024-06-28,,86.63,8.37,0.7955,71.3,open,7
2024_2024-06-29_KC_CLE,2024,2024-06-29,,89.47,9.33,-0.6032,54.3,open,7
2024_2024-06-30_KC_CLE,2024,2024-06-30,,77.3,7.1,-0.9018,52.0,open,7
2024_2024-07-02_KC_TB,2024,2024-07-02,,77.97,7.1,0.999,87.0,open,7
2024_2024-07-03_KC_TB,2024,2024-07-03,,77.67,5.23,0.2857,87.3,open,7
2024_2024-07-04_KC_TB,2024,2024-07-04,,79.7,6.43,0.1011,69.3,open,7
2024_2024-07-19_KC_CWS,2024,2024-07-19,,75.07,6.9,-0.8141,57.0,open,7
2024_2024-07-20_KC_CWS,2024,2024-07-20,,72.77,5.57,-0.8545,76.7,open,7
2024_2024-07-21_KC_CWS,2024,2024-07-21,,78.43,7.2,-0.9699,51.3,open,7
2024_2024-07-22_KC_ARI,2024,2024-07-22,,77.73,3.5,-0.9968,58.7,open,7
2024_2024-07-23_KC_ARI,2024,2024-07-23,,81.43,1.77,0.9949,59.0,open,7
2024_2024-07-24_KC_ARI,2024,2024-07-24,,85.6,2.13,-0.304,57.7,open,7
2024_2024-07-26_KC_CHC,2024,2024-07-26,,83.9,6.7,-0.014,53.3,open,7
2024_2024-07-27_KC_CHC,2024,2024-07-27,,79.8,6.17,-0.4617,69.3,open,7
2024_2024-07-28_KC_CHC,2024,2024-07-28,,83.0,11.67,0.8572,65.3,open,7
2024_2024-08-05_KC_BOS,2024,2024-08-05,,88.6,4.9,0.832,50.7,open,7
2024_2024-08-06_KC_BOS,2024,2024-08-06,,75.47,7.63,-0.9568,61.7,open,7
2024_2024-08-07_KC_BOS,2024,2024-08-07,,78.17,6.8,-0.8517,62.7,open,7
2024_2024-08-09_KC_STL,2024,2024-08-09,,68.67,5.37,-0.3437,57.7,open,7
2024_2024-08-10_KC_STL,2024,2024-08-10,,73.33,1.13,0.9622,49.7,open,7
2024_2024-08-23_KC_PHI,2024,2024-08-23,,77.77,6.47,-0.5075,60.7,open,7
2024_2024-08-24_KC_PHI,2024,2024-08-24,,84.7,10.33,0.5195,68.7,open,7
2024_2024-08-25_KC_PHI,2024,2024-08-25,,93.5,11.97,0.8348,51.3,open,7
2024_2024-09-02_KC_CLE,2024,2024-09-02,,75.37,7.93,-0.9421,42.0,open,7
2024_2024-09-03_KC_CLE,2024,2024-09-03,,74.77,5.1,-0.565,52.0,open,7
2024_2024-09-04_KC_CLE,2024,2024-09-04,,78.03,3.87,0.2807,50.7,open,7
2024_2024-09-06_KC_MIN,2024,2024-09-06,,68.73,7.07,-0.7022,46.3,open,7
2024_2024-09-07_KC_MIN,2024,2024-09-07,,68.13,5.17,-0.7559,46.7,open,7
2024_2024-09-08_KC_MIN,2024,2024-09-08,,73.47,4.17,0.1564,33.7,open,7
2024_2024-09-20_KC_SF,2024,2024-09-20,,82.67,6.07,-0.5892,58.3,open,7
2024_2024-09-21_KC_SF,2024,2024-09-21,,83.43,6.77,0.3616,63.0,open,7
2024_2024-09-22_KC_SF,2024,2024-09-22,,69.33,8.33,-0.6428,80.7,open,7
2024_2024-10-09_KC_NYY,2024,2024-10-09,,70.53,5.27,0.0401,42.0,open,7
2024_2024-10-10_KC_NYY,2024,2024-10-10,,71.2,7.0,-0.1444,43.7,open,7
2024_2024-08-23_OAK_MIL,2024,2024-08-23,,63.97,7.47,0.7478,73.7,open,10
2024_2024-08-24_OAK_MIL,2024,2024-08-24,,72.8,10.2,0.9367,57.0,open,10
2024_2024-08-25_OAK_MIL,2024,2024-08-25,,78.9,9.47,0.8443,42.3,open,10
2024_2024-05-03_OAK_MIA,2024,2024-05-03,,58.03,9.6,0.9993,83.0,open,10
2024_2024-05-04_OAK_MIA,2024,2024-05-04,,50.83,12.8,0.9304,86.7,open,10
2024_2024-05-05_OAK_MIA,2024,2024-05-05,,59.07,12.0,0.8838,52.7,open,10
2024_2024-07-02_OAK_LAA,2024,2024-07-02,,79.33,3.73,0.7848,43.0,open,10
2024_2024-07-03_OAK_LAA,2024,2024-07-03,,74.37,6.37,0.2588,50.7,open,10
2024_2024-07-04_OAK_LAA,2024,2024-07-04,,81.1,7.47,0.6782,44.3,open,10
2024_2024-07-19_OAK_LAA,2024,2024-07-19,,79.53,6.1,0.8738,43.7,open,10
2024_2024-07-20_OAK_LAA,2024,2024-07-20,,78.0,8.43,0.8729,49.7,open,10
2024_2024-07-21_OAK_LAA,2024,2024-07-21,,69.73,11.67,0.8796,64.0,open,10
2024_2024-03-28_OAK_CLE,2024,2024-03-28,,51.77,5.7,0.849,79.0,open,10
2024_2024-03-29_OAK_CLE,2024,2024-03-29,,50.77,12.27,0.0506,88.7,open,10
2024_2024-03-30_OAK_CLE,2024,2024-03-30,,58.93,8.53,-0.9659,62.7,open,10
2024_2024-03-31_OAK_CLE,2024,2024-03-31,,61.43,7.93,0.9278,63.7,open,10
2024_2024-04-12_OAK_WSH,2024,2024-04-12,,55.43,11.53,0.9033,75.3,open,10
2024_2024-04-13_OAK_WSH,2024,2024-04-13,,52.0,10.63,0.0872,73.0,open,10
2024_2024-04-14_OAK_WSH,2024,2024-04-14,,57.37,7.23,-0.2656,62.7,open,10
2024_2024-04-15_OAK_STL,2024,2024-04-15,,56.13,5.43,0.7501,83.7,open,10
2024_2024-04-16_OAK_STL,2024,2024-04-16,,60.93,3.17,0.6574,79.7,open,10
2024_2024-04-17_OAK_STL,2024,2024-04-17,,73.83,1.63,0.309,59.3,open,10
2024_2024-04-29_OAK_PIT,2024,2024-04-29,,61.53,4.73,0.9191,64.0,open,10
2024_2024-04-30_OAK_PIT,2024,2024-04-30,,60.73,4.63,0.9668,67.7,open,10
2024_2024-05-01_OAK_PIT,2024,2024-05-01,,73.07,8.23,0.3795,28.7,open,10
2024_2024-05-06_OAK_TEX,2024,2024-05-06,,55.27,9.03,0.9078,87.3,open,10
2024_2024-05-07_OAK_TEX,2024,2024-05-07,,66.13,5.87,0.5664,58.0,open,10
2024_2024-05-08_OAK_TEX,2024,2024-05-08,,75.57,13.53,-0.4384,22.3,open,10
2024_2024-05-21_OAK_COL,2024,2024-05-21,,65.53,6.13,0.9996,57.0,open,10
2024_2024-05-22_OAK_COL,2024,2024-05-22,,60.23,7.93,0.7891,73.3,open,10
2024_2024-05-23_OAK_COL,2024,2024-05-23,,69.3,8.13,0.9972,43.7,open,10
2024_2024-06-07_OAK_TOR,2024,2024-06-07,,59.3,10.27,0.9622,79.0,open,10
2024_2024-06-08_OAK_TOR,2024,2024-06-08,,66.4,11.37,0.9898,59.3,open,10
2024_2024-06-09_OAK_TOR,2024,2024-06-09,,67.63,11.6,0.9796,53.0,open,10
2024_2024-06-18_OAK_KC,2024,2024-06-18,,62.63,6.53,0.9957,60.3,open,10
2024_2024-06-19_OAK_KC,2024,2024-06-19,,56.73,10.17,0.9673,82.7,open,10
2024_2024-06-20_OAK_KC,2024,2024-06-20,,63.97,8.4,0.9976,62.7,open,10
2024_2024-06-21_OAK_MIN,2024,2024-06-21,,61.63,5.67,0.9997,74.3,open,10
2024_2024-06-22_OAK_MIN,2024,2024-06-22,,81.9,6.9,0.766,38.3,open,10
2024_2024-06-23_OAK_MIN,2024,2024-06-23,,72.8,7.33,0.9272,51.7,open,10
2024_2024-07-05_OAK_BAL,2024,2024-07-05,,70.7,4.5,0.9919,58.7,open,10
2024_2024-07-06_OAK_BAL,2024,2024-07-06,,86.87,5.23,0.8926,35.7,open,10
2024_2024-07-07_OAK_BAL,2024,2024-07-07,,78.27,8.47,0.8996,45.3,open,10
2024_2024-08-02_OAK_LAD,2024,2024-08-02,,66.97,3.9,0.9993,73.3,open,10
2024_2024-08-03_OAK_LAD,2024,2024-08-03,,67.5,4.67,0.9999,69.7,open,10
2024_2024-08-04_OAK_LAD,2024,2024-08-04,,69.23,8.4,0.9686,65.0,open,10
2024_2024-08-05_OAK_CWS,2024,2024-08-05,,61.33,7.37,0.9969,82.7,open,10
2024_2024-08-06_OAK_CWS,2024,2024-08-06,,71.4,3.6,0.9641,56.3,open,10
2024_2024-08-07_OAK_CWS,2024,2024-08-07,,78.17,6.9,0.9291,42.0,open,10
2024_2024-08-17_OAK_SF,2024,2024-08-17,,69.8,10.4,0.9426,80.7,open,10
2024_2024-08-18_OAK_SF,2024,2024-08-18,,71.43,9.83,0.9219,61.7,open,10
2024_2024-09-06_OAK_DET,2024,2024-09-06,,71.83,3.33,0.9681,56.0,open,10
2024_2024-09-07_OAK_DET,2024,2024-09-07,,75.5,5.97,0.8406,49.0,open,10
2024_2024-09-08_OAK_DET,2024,2024-09-08,,78.9,6.1,0.8526,44.7,open,10
2024_2024-09-20_OAK_NYY,2024,2024-09-20,,60.1,5.13,0.8434,85.7,open,10
2024_2024-09-21_OAK_NYY,2024,2024-09-21,,60.87,6.2,0.4726,83.3,open,10
2024_2024-09-22_OAK_NYY,2024,2024-09-22,,77.77,5.77,0.8536,50.3,open,10
2024_2024-09-24_OAK_TEX,2024,2024-09-24,,63.43,6.1,0.3024,77.7,open,10
2024_2024-09-25_OAK_TEX,2024,2024-09-25,,60.33,7.7,0.9135,86.3,open,10
2024_2024-09-26_OAK_TEX,2024,2024-09-26,,72.7,5.43,0.9613,60.3,open,10
2024_2024-05-08_OAK_TEX_2,2024,2024-05-08,,75.57,13.53,-0.4384,22.3,open,10
2024_2024-05-24_OAK_HOU,2024,2024-05-24,,54.1,15.67,0.9885,85.0,open,10
2024_2024-05-25_OAK_HOU,2024,2024-05-25,,59.9,12.9,0.989,65.0,open,10
2024_2024-05-26_OAK_HOU,2024,2024-05-26,,67.73,8.67,0.8996,55.3,open,10
2024_2024-07-22_OAK_HOU,2024,2024-07-22,,71.4,4.5,0.7672,61.3,open,10
2024_2024-07-23_OAK_HOU,2024,2024-07-23,,75.4,6.4,0.3762,47.7,open,10
2024_2024-07-24_OAK_HOU,2024,2024-07-24,,83.67,8.7,0.7193,34.7,open,10
2024_2024-06-04_OAK_SEA,2024,2024-06-04,,83.27,4.4,0.998,45.0,open,10
2024_2024-06-05_OAK_SEA,2024,2024-06-05,,74.13,3.73,0.9949,54.0,open,10
2024_2024-06-06_OAK_SEA,2024,2024-06-06,,71.57,8.3,1.0,53.3,open,10
2024_2024-09-02_OAK_SEA,2024,2024-09-02,,70.17,8.6,0.9438,63.7,open,10
2024_2024-09-03_OAK_SEA,2024,2024-09-03,,75.4,3.83,0.9903,56.0,open,10
2024_2024-09-04_OAK_SEA,2024,2024-09-04,,66.97,5.3,0.549,78.7,open,10
2024_2024-09-05_OAK_SEA,2024,2024-09-05,,81.23,4.17,0.8934,38.3,open,10
2024_2024-04-01_OAK_BOS,2024,2024-04-01,,58.8,4.2,0.5635,61.7,open,10
2024_2024-04-02_OAK_BOS,2024,2024-04-02,,57.37,5.1,0.7944,85.0,open,10
2024_2024-04-03_OAK_BOS,2024,2024-04-03,,58.53,12.73,1.0,75.3,open,10
2024_2024-08-19_OAK_TB,2024,2024-08-19,,64.83,5.53,0.998,65.0,open,10
2024_2024-08-20_OAK_TB,2024,2024-08-20,,69.57,7.73,0.9736,56.7,open,10
2024_2024-08-21_OAK_TB,2024,2024-08-21,,63.13,8.53,1.0,83.3,open,10
2024_2024-08-22_OAK_TB,2024,2024-08-22,,67.5,14.23,0.9354,70.3,open,10
2024_2024-05-24_TB_KC,2024,2024-05-24,,72.0,0.0,0.0,50.0,dome,12
2024_2024-05-25_TB_KC,2024,2024-05-25,,72.0,0.0,0.0,50.0,dome,12
2024_2024-05-26_TB_KC,2024,2024-05-26,,72.0,0.0,0.0,50.0,dome,12
2024_2024-05-06_TB_CWS,2024,2024-05-06,,72.0,0.0,0.0,50.0,dome,12
2024_2024-05-07_TB_CWS,2024,2024-05-07,,72.0,0.0,0.0,50.0,dome,12
2024_2024-05-08_TB_CWS,2024,2024-05-08,,72.0,0.0,0.0,50.0,dome,12
2024_2024-04-12_TB_SF,2024,2024-04-12,,72.0,0.0,0.0,50.0,dome,12
2024_2024-04-13_TB_SF,2024,2024-04-13,,72.0,0.0,0.0,50.0,dome,12
2024_2024-04-14_TB_SF,2024,2024-04-14,,72.0,0.0,0.0,50.0,dome,12
2024_2024-06-28_TB_WSH,2024,2024-06-28,,72.0,0.0,0.0,50.0,dome,12
2024_2024-06-29_TB_WSH,2024,2024-06-29,,72.0,0.0,0.0,50.0,dome,12
2024_2024-06-30_TB_WSH,2024,2024-06-30,,72.0,0.0,0.0,50.0,dome,12
2024_2024-08-30_TB_SD,2024,2024-08-30,,72.0,0.0,0.0,50.0,dome,12
2024_2024-08-31_TB_SD,2024,2024-08-31,,72.0,0.0,0.0,50.0,dome,12
2024_2024-09-01_TB_SD,2024,2024-09-01,,72.0,0.0,0.0,50.0,dome,12
2024_2024-03-28_TB_TOR,2024,2024-03-28,,72.0,0.0,0.0,50.0,dome,12
2024_2024-03-29_TB_TOR,2024,2024-03-29,,72.0,0.0,0.0,50.0,dome,12
2024_2024-03-30_TB_TOR,2024,2024-03-30,,72.0,0.0,0.0,50.0,dome,12
2024_2024-03-31_TB_TOR,2024,2024-03-31,,72.0,0.0,0.0,50.0,dome,12
2024_2024-04-01_TB_TEX,2024,2024-04-01,,72.0,0.0,0.0,50.0,dome,12
2024_2024-04-02_TB_TEX,2024,2024-04-02,,72.0,0.0,0.0,50.0,dome,12
2024_2024-04-03_TB_TEX,2024,2024-04-03,,72.0,0.0,0.0,50.0,dome,12
2024_2024-04-15_TB_LAA,2024,2024-04-15,,72.0,0.0,0.0,50.0,dome,12
2024_2024-04-16_TB_LAA,2024,2024-04-16,,72.0,0.0,0.0,50.0,dome,12
2024_2024-04-17_TB_LAA,2024,2024-04-17,,72.0,0.0,0.0,50.0,dome,12
2024_2024-04-18_TB_LAA,2024,2024-04-18,,72.0,0.0,0.0,50.0,dome,12
2024_2024-04-22_TB_DET,2024,2024-04-22,,72.0,0.0,0.0,50.0,dome,12
2024_2024-04-23_TB_DET,2024,2024-04-23,,72.0,0.0,0.0,50.0,dome,12
2024_2024-04-24_TB_DET,2024,2024-04-24,,72.0,0.0,0.0,50.0,dome,12
2024_2024-05-03_TB_NYM,2024,2024-05-03,,72.0,0.0,0.0,50.0,dome,12
2024_2024-05-04_TB_NYM,2024,2024-05-04,,72.0,0.0,0.0,50.0,dome,12
2024_2024-05-05_TB_NYM,2024,2024-05-05,,72.0,0.0,0.0,50.0,dome,12
2024_2024-05-10_TB_NYY,2024,2024-05-10,,72.0,0.0,0.0,50.0,dome,12
2024_2024-05-11_TB_NYY,2024,2024-05-11,,72.0,0.0,0.0,50.0,dome,12
2024_2024-05-12_TB_NYY,2024,2024-05-12,,72.0,0.0,0.0,50.0,dome,12
2024_2024-05-20_TB_BOS,2024,2024-05-20,,72.0,0.0,0.0,50.0,dome,12
2024_2024-05-21_TB_BOS,2024,2024-05-21,,72.0,0.0,0.0,50.0,dome,12
2024_2024-05-22_TB_BOS,2024,2024-05-22,,72.0,0.0,0.0,50.0,dome,12
2024_2024-05-28_TB_OAK,2024,2024-05-28,,72.0,0.0,0.0,50.0,dome,12
2024_2024-05-29_TB_OAK,2024,2024-05-29,,72.0,0.0,0.0,50.0,dome,12
2024_2024-05-30_TB_OAK,2024,2024-05-30,,72.0,0.0,0.0,50.0,dome,12
2024_2024-06-07_TB_BAL,2024,2024-06-07,,72.0,0.0,0.0,50.0,dome,12
2024_2024-06-08_TB_BAL,2024,2024-06-08,,72.0,0.0,0.0,50.0,dome,12
2024_2024-06-09_TB_BAL,2024,2024-06-09,,72.0,0.0,0.0,50.0,dome,12
2024_2024-06-10_TB_BAL,2024,2024-06-10,,72.0,0.0,0.0,50.0,dome,12
2024_2024-06-11_TB_CHC,2024,2024-06-11,,72.0,0.0,0.0,50.0,dome,12
2024_2024-06-12_TB_CHC,2024,2024-06-12,,72.0,0.0,0.0,50.0,dome,12
2024_2024-06-13_TB_CHC,2024,2024-06-13,,72.0,0.0,0.0,50.0,dome,12
2024_2024-06-24_TB_SEA,2024,2024-06-24,,72.0,0.0,0.0,50.0,dome,12
2024_2024-06-25_TB_SEA,2024,2024-06-25,,72.0,0.0,0.0,50.0,dome,12
2024_2024-06-26_TB_SEA,2024,2024-06-26,,72.0,0.0,0.0,50.0,dome,12
2024_2024-07-09_TB_NYY,2024,2024-07-09,,72.0,0.0,0.0,50.0,dome,12
2024_2024-07-10_TB_NYY,2024,2024-07-10,,72.0,0.0,0.0,50.0,dome,12
2024_2024-07-11_TB_NYY,2024,2024-07-11,,72.0,0.0,0.0,50.0,dome,12
2024_2024-07-12_TB_CLE,2024,2024-07-12,,72.0,0.0,0.0,50.0,dome,12
2024_2024-07-13_TB_CLE,2024,2024-07-13,,72.0,0.0,0.0,50.0,dome,12
2024_2024-07-14_TB_CLE,2024,2024-07-14,,72.0,0.0,0.0,50.0,dome,12
2024_2024-07-26_TB_CIN,2024,2024-07-26,,72.0,0.0,0.0,50.0,dome,12
2024_2024-07-27_TB_CIN,2024,2024-07-27,,72.0,0.0,0.0,50.0,dome,12
2024_2024-07-28_TB_CIN,2024,2024-07-28,,72.0,0.0,0.0,50.0,dome,12
2024_2024-07-30_TB_MIA,2024,2024-07-30,,72.0,0.0,0.0,50.0,dome,12
2024_2024-07-31_TB_MIA,2024,2024-07-31,,72.0,0.0,0.0,50.0,dome,12
2024_2024-08-09_TB_BAL,2024,2024-08-09,,72.0,0.0,0.0,50.0,dome,12
2024_2024-08-10_TB_BAL,2024,2024-08-10,,72.0,0.0,0.0,50.0,dome,12
2024_2024-08-11_TB_BAL,2024,2024-08-11,,72.0,0.0,0.0,50.0,dome,12
2024_2024-08-12_TB_HOU,2024,2024-08-12,,72.0,0.0,0.0,50.0,dome,12
2024_2024-08-13_TB_HOU,2024,2024-08-13,,72.0,0.0,0.0,50.0,dome,12
2024_2024-08-14_TB_HOU,2024,2024-08-14,,72.0,0.0,0.0,50.0,dome,12
2024_2024-08-16_TB_ARI,2024,2024-08-16,,72.0,0.0,0.0,50.0,dome,12
2024_2024-08-17_TB_ARI,2024,2024-08-17,,72.0,0.0,0.0,50.0,dome,12
2024_2024-08-18_TB_ARI,2024,2024-08-18,,72.0,0.0,0.0,50.0,dome,12
2024_2024-09-02_TB_MIN,2024,2024-09-02,,72.0,0.0,0.0,50.0,dome,12
2024_2024-09-03_TB_MIN,2024,2024-09-03,,72.0,0.0,0.0,50.0,dome,12
2024_2024-09-04_TB_MIN,2024,2024-09-04,,72.0,0.0,0.0,50.0,dome,12
2024_2024-09-05_TB_MIN,2024,2024-09-05,,72.0,0.0,0.0,50.0,dome,12
2024_2024-09-17_TB_BOS,2024,2024-09-17,,72.0,0.0,0.0,50.0,dome,12
2024_2024-09-18_TB_BOS,2024,2024-09-18,,72.0,0.0,0.0,50.0,dome,12
2024_2024-09-19_TB_BOS,2024,2024-09-19,,72.0,0.0,0.0,50.0,dome,12
2024_2024-09-20_TB_TOR,2024,2024-09-20,,72.0,0.0,0.0,50.0,dome,12
2024_2024-09-21_TB_TOR,2024,2024-09-21,,72.0,0.0,0.0,50.0,dome,12
2024_2024-09-22_TB_TOR,2024,2024-09-22,,72.0,0.0,0.0,50.0,dome,12
2024_2024-08-19_TOR_CIN,2024,2024-08-19,,63.23,11.27,-0.989,57.3,retractable_open,14
2024_2024-08-20_TOR_CIN,2024,2024-08-20,,72.0,0.0,0.0,50.0,closed,14
2024_2024-08-21_TOR_CIN,2024,2024-08-21,,63.83,9.6,-0.95,60.0,retractable_open,14
2024_2024-09-27_TOR_MIA,2024,2024-09-27,,65.5,10.13,-0.0436,77.7,retractable_open,14
2024_2024-09-28_TOR_MIA,2024,2024-09-28,,72.0,0.0,0.0,50.0,closed,14
2024_2024-09-03_TOR_PHI,2024,2024-09-03,,66.67,8.17,0.8434,57.0,retractable_open,14
2024_2024-09-04_TOR_PHI,2024,2024-09-04,,74.33,6.23,0.9949,51.3,retractable_open,14
2024_2024-08-22_TOR_LAA,2024,2024-08-22,,70.13,6.6,-0.9367,62.3,retractable_open,14
2024_2024-08-23_TOR_LAA,2024,2024-08-23,,70.37,12.47,0.8462,67.7,retractable_open,14
2024_2024-08-24_TOR_LAA,2024,2024-08-24,,76.43,9.3,0.9979,56.0,retractable_open,14
2024_2024-08-25_TOR_LAA,2024,2024-08-25,,77.77,6.33,0.9449,65.0,retractable_open,14
2024_2024-08-09_TOR_OAK,2024,2024-08-09,,74.3,12.47,-0.6374,56.7,retractable_open,14
2024_2024-08-10_TOR_OAK,2024,2024-08-10,,74.03,16.0,-0.1357,44.0,retractable_open,14
2024_2024-08-11_TOR_OAK,2024,2024-08-11,,72.0,0.0,0.0,50.0,closed,14
2024_2024-07-26_TOR_TEX,2024,2024-07-26,,72.67,4.37,0.6934,63.3,retractable_open,14
2024_2024-07-27_TOR_TEX,2024,2024-07-27,,79.33,7.33,0.9999,45.7,retractable_open,14
2024_2024-07-28_TOR_TEX,2024,2024-07-28,,80.23,6.27,0.907,64.7,retractable_open,14
2024_2024-07-19_TOR_DET,2024,2024-07-19,,71.07,8.07,0.9379,62.0,retractable_open,14
2024_2024-07-20_TOR_DET,2024,2024-07-20,,78.07,12.03,0.9542,53.7,retractable_open,14
2024_2024-07-21_TOR_DET,2024,2024-07-21,,78.07,4.3,0.7934,64.0,retractable_open,14
2024_2024-04-29_TOR_KC,2024,2024-04-29,,72.0,0.0,0.0,50.0,closed,14
2024_2024-04-30_TOR_KC,2024,2024-04-30,,72.0,0.0,0.0,50.0,closed,14
2024_2024-05-01_TOR_KC,2024,2024-05-01,,72.0,0.0,0.0,50.0,closed,14
2024_2024-05-10_TOR_MIN,2024,2024-05-10,,72.0,0.0,0.0,50.0,closed,14
2024_2024-05-11_TOR_MIN,2024,2024-05-11,,72.0,0.0,0.0,50.0,closed,14
2024_2024-05-12_TOR_MIN,2024,2024-05-12,,61.43,3.4,0.632,58.3,retractable_open,14
2024_2024-05-20_TOR_CWS,2024,2024-05-20,,74.03,5.5,0.7934,63.7,retractable_open,14
2024_2024-05-21_TOR_CWS,2024,2024-05-21,,75.63,7.77,-0.2656,65.7,retractable_open,14
2024_2024-05-22_TOR_CWS,2024,2024-05-22,,70.0,12.53,0.832,79.7,retractable_open,14
2024_2024-06-14_TOR_CLE,2024,2024-06-14,,67.13,11.87,-0.9968,50.0,retractable_open,14
2024_2024-06-15_TOR_CLE,2024,2024-06-15,,70.93,2.3,-0.9232,40.0,retractable_open,14
2024_2024-06-16_TOR_CLE,2024,2024-06-16,,68.9,9.63,0.314,58.3,retractable_open,14
2024_2024-06-03_TOR_BAL,2024,2024-06-03,,64.03,6.1,0.2571,94.7,retractable_open,14
2024_2024-06-04_TOR_BAL,2024,2024-06-04,,68.87,6.33,0.075,86.3,retractable_open,14
2024_2024-06-05_TOR_BAL,2024,2024-06-05,,72.0,0.0,0.0,50.0,closed,14
2024_2024-06-06_TOR_BAL,2024,2024-06-06,,73.9,12.27,0.1409,57.3,retractable_open,14
2024_2024-08-06_TOR_BAL,2024,2024-08-06,,72.0,0.0,0.0,50.0,closed,14
2024_2024-08-07_TOR_BAL,2024,2024-08-07,,69.8,6.4,-0.0227,64.0,retractable_open,14
2024_2024-08-08_TOR_BAL,2024,2024-08-08,,72.0,0.0,0.0,50.0,closed,14
2024_2024-04-15_TOR_NYY,2024,2024-04-15,,72.0,0.0,0.0,50.0,closed,14
2024_2024-04-16_TOR_NYY,2024,2024-04-16,,72.0,0.0,0.0,50.0,closed,14
2024_2024-04-17_TOR_NYY,2024,2024-04-17,,72.0,0.0,0.0,50.0,closed,14
2024_2024-06-27_TOR_NYY,2024,2024-06-27,,64.87,10.03,-0.9997,38.3,retractable_open,14
2024_2024-06-28_TOR_NYY,2024,2024-06-28,,72.0,0.0,0.0,50.0,closed,14
2024_2024-06-29_TOR_NYY,2024,2024-06-29,,72.0,0.0,0.0,50.0,closed,14
2024_2024-06-30_TOR_NYY,2024,2024-06-30,,66.83,15.9,-0.8271,59.7,retractable_open,14
2024_2024-04-12_TOR_COL,2024,2024-04-12,,72.0,0.0,0.0,50.0,closed,14
2024_2024-04-13_TOR_COL,2024,2024-04-13,,72.0,0.0,0.0,50.0,closed,14
2024_2024-04-14_TOR_COL,2024,2024-04-14,,72.0,0.0,0.0,50.0,closed,14
2024_2024-04-26_TOR_LAD,2024,2024-04-26,,72.0,0.0,0.0,50.0,closed,14
2024_2024-04-27_TOR_LAD,2024,2024-04-27,,72.0,0.0,0.0,50.0,closed,14
2024_2024-04-28_TOR_LAD,2024,2024-04-28,,72.0,0.0,0.0,50.0,closed,14
2024_2024-05-31_TOR_PIT,2024,2024-05-31,,65.3,6.3,0.6211,61.0,retractable_open,14
2024_2024-06-01_TOR_PIT,2024,2024-06-01,,70.83,6.7,0.9542,54.0,retractable_open,14
2024_2024-06-02_TOR_PIT,2024,2024-06-02,,72.0,0.0,0.0,50.0,closed,14
2024_2024-09-09_TOR_NYM,2024,2024-09-09,,72.0,0.0,0.0,50.0,closed,14
2024_2024-09-10_TOR_NYM,2024,2024-09-10,,64.13,5.13,0.9962,60.0,retractable_open,14
2024_2024-09-11_TOR_NYM,2024,2024-09-11,,72.33,5.77,0.8942,60.3,retractable_open,14
2024_2024-09-13_TOR_STL,2024,2024-09-13,,68.57,3.87,-0.0035,91.0,retractable_open,14
2024_2024-09-14_TOR_STL,2024,2024-09-14,,74.43,6.47,0.3584,74.0,retractable_open,14
2024_2024-09-15_TOR_STL,2024,2024-09-15,,75.07,6.13,0.9317,71.0,retractable_open,14
2024_2024-09-29_TOR_MIA,2024,2024-09-29,,70.57,9.73,0.1253,80.7,retractable_open,14
2024_2024-07-01_TOR_HOU,2024,2024-07-01,,74.33,4.77,0.9703,50.7,retractable_open,14
2024_2024-07-02_TOR_HOU,2024,2024-07-02,,66.87,10.4,0.1685,70.7,retractable_open,14
2024_2024-07-03_TOR_HOU,2024,2024-07-03,,78.0,7.13,-0.1478,81.7,retractable_open,14
2024_2024-07-04_TOR_HOU,2024,2024-07-04,,81.53,6.9,0.9724,60.0,retractable_open,14
2024_2024-04-08_TOR_SEA,2024,2024-04-08,,72.0,0.0,0.0,50.0,closed,14
2024_2024-04-09_TOR_SEA,2024,2024-04-09,,72.0,0.0,0.0,50.0,closed,14
2024_2024-04-10_TOR_SEA,2024,2024-04-10,,72.0,0.0,0.0,50.0,closed,14
2024_2024-06-17_TOR_BOS,2024,2024-06-17,,78.1,7.1,0.9724,74.7,retractable_open,14
2024_2024-06-18_TOR_BOS,2024,2024-06-18,,78.67,7.23,0.9455,75.0,retractable_open,14
2024_2024-06-19_TOR_BOS,2024,2024-06-19,,82.57,5.0,0.5461,74.3,retractable_open,14
2024_2024-09-23_TOR_BOS,2024,2024-09-23,,72.0,0.0,0.0,50.0,closed,14
2024_2024-09-24_TOR_BOS,2024,2024-09-24,,72.0,0.0,0.0,50.0,closed,14
2024_2024-09-25_TOR_BOS,2024,2024-09-25,,66.53,9.97,0.7694,92.0,retractable_open,14
2024_2024-05-17_TOR_TB,2024,2024-05-17,,72.0,0.0,0.0,50.0,closed,14
2024_2024-05-18_TOR_TB,2024,2024-05-18,,66.77,4.7,0.6782,88.0,retractable_open,14
2024_2024-05-19_TOR_TB,2024,2024-05-19,,65.77,5.5,0.8805,91.0,retractable_open,14
2024_2024-07-23_TOR_TB,2024,2024-07-23,,75.27,3.8,0.9232,65.7,retractable_open,14
2024_2024-07-24_TOR_TB,2024,2024-07-24,,73.5,9.3,-0.8231,62.7,retractable_open,14
2024_2024-07-25_TOR_TB,2024,2024-07-25,,75.4,11.2,-0.9063,41.0,retractable_open,14
2024_2024-05-03_ARI_SD,2024,2024-05-03,,86.8,10.27,-0.1788,10.3,retractable_open,15
2024_2024-05-04_ARI_SD,2024,2024-05-04,,72.0,0.0,0.0,50.0,closed,15
2024_2024-05-05_ARI_SD,2024,2024-05-05,,72.0,0.0,0.0,50.0,closed,15
2024_2024-09-27_ARI_SD,2024,2024-09-27,,72.0,0.0,0.0,50.0,closed,15
2024_2024-09-28_ARI_SD,2024,2024-09-28,,72.0,0.0,0.0,50.0,closed,15
2024_2024-04-15_ARI_CHC,2024,2024-04-15,,72.37,6.43,0.6032,16.3,retractable_open,15
2024_2024-04-16_ARI_CHC,2024,2024-04-16,,81.77,7.77,0.3486,11.7,retractable_open,15
2024_2024-04-17_ARI_CHC,2024,2024-04-17,,72.0,0.0,0.0,50.0,closed,15
2024_2024-05-13_ARI_CIN,2024,2024-05-13,,72.0,0.0,0.0,50.0,closed,15
2024_2024-05-14_ARI_CIN,2024,2024-05-14,,72.0,0.0,0.0,50.0,closed,15
2024_2024-05-15_ARI_CIN,2024,2024-05-15,,72.0,0.0,0.0,50.0,closed,15
2024_2024-09-13_ARI_MIL,2024,2024-09-13,,72.0,0.0,0.0,50.0,closed,15
2024_2024-09-14_ARI_MIL,2024,2024-09-14,,72.0,0.0,0.0,50.0,closed,15
2024_2024-09-15_ARI_MIL,2024,2024-09-15,,72.0,0.0,0.0,50.0,closed,15
2024_2024-05-24_ARI_MIA,2024,2024-05-24,,72.0,0.0,0.0,50.0,closed,15
2024_2024-05-25_ARI_MIA,2024,2024-05-25,,82.97,7.53,0.0157,15.3,retractable_open,15
2024_2024-05-26_ARI_MIA,2024,2024-05-26,,72.0,0.0,0.0,50.0,closed,15
2024_2024-08-08_ARI_PHI,2024,2024-08-08,,72.0,0.0,0.0,50.0,closed,15
2024_2024-08-09_ARI_PHI,2024,2024-08-09,,72.0,0.0,0.0,50.0,closed,15
2024_2024-08-10_ARI_PHI,2024,2024-08-10,,72.0,0.0,0.0,50.0,closed,15
2024_2024-08-11_ARI_PHI,2024,2024-08-11,,72.0,0.0,0.0,50.0,closed,15
2024_2024-06-11_ARI_LAA,2024,2024-06-11,,72.0,0.0,0.0,50.0,closed,15
2024_2024-06-12_ARI_LAA,2024,2024-06-12,,72.0,0.0,0.0,50.0,closed,15
2024_2024-06-13_ARI_LAA,2024,2024-06-13,,72.0,0.0,0.0,50.0,closed,15
2024_2024-06-28_ARI_OAK,2024,2024-06-28,,72.0,0.0,0.0,50.0,closed,15
2024_2024-06-29_ARI_OAK,2024,2024-06-29,,72.0,0.0,0.0,50.0,closed,15
2024_2024-06-30_ARI_OAK,2024,2024-06-30,,72.0,0.0,0.0,50.0,closed,15
2024_2024-09-10_ARI_TEX,2024,2024-09-10,,72.0,0.0,0.0,50.0,closed,15
2024_2024-09-11_ARI_TEX,2024,2024-09-11,,72.0,0.0,0.0,50.0,closed,15
2024_2024-05-17_ARI_DET,2024,2024-05-17,,72.0,0.0,0.0,50.0,closed,15
2024_2024-05-18_ARI_DET,2024,2024-05-18,,72.0,0.0,0.0,50.0,closed,15
2024_2024-05-19_ARI_DET,2024,2024-05-19,,72.0,0.0,0.0,50.0,closed,15
2024_2024-06-25_ARI_MIN,2024,2024-06-25,,72.0,0.0,0.0,50.0,closed,15
2024_2024-06-26_ARI_MIN,2024,2024-06-26,,72.0,0.0,0.0,50.0,closed,15
2024_2024-06-27_ARI_MIN,2024,2024-06-27,,72.0,0.0,0.0,50.0,closed,15
2024_2024-06-14_ARI_CWS,2024,2024-06-14,,72.0,0.0,0.0,50.0,closed,15
2024_2024-06-15_ARI_CWS,2024,2024-06-15,,72.0,0.0,0.0,50.0,closed,15
2024_2024-06-16_ARI_CWS,2024,2024-06-16,,72.0,0.0,0.0,50.0,closed,15
2024_2024-04-01_ARI_NYY,2024,2024-04-01,,72.0,0.0,0.0,50.0,closed,15
2024_2024-04-02_ARI_NYY,2024,2024-04-02,,64.43,8.13,0.1513,50.7,retractable_open,15
2024_2024-04-03_ARI_NYY,2024,2024-04-03,,72.47,2.47,0.9979,42.0,retractable_open,15
2024_2024-07-12_ARI_TOR,2024,2024-07-12,,72.0,0.0,0.0,50.0,closed,15
2024_2024-07-13_ARI_TOR,2024,2024-07-13,,72.0,0.0,0.0,50.0,closed,15
2024_2024-07-14_ARI_TOR,2024,2024-07-14,,72.0,0.0,0.0,50.0,closed,15
2024_2024-03-28_ARI_COL,2024,2024-03-28,,74.47,1.57,0.9668,15.3,retractable_open,15
2024_2024-03-29_ARI_COL,2024,2024-03-29,,76.93,8.17,-0.1253,16.3,retractable_open,15
2024_2024-03-30_ARI_COL,2024,2024-03-30,,72.0,0.0,0.0,50.0,closed,15
2024_2024-03-31_ARI_COL,2024,2024-03-31,,72.0,0.0,0.0,50.0,closed,15
2024_2024-04-12_ARI_STL,2024,2024-04-12,,83.7,12.53,0.5195,12.0,retractable_open,15
2024_2024-04-13_ARI_STL,2024,2024-04-13,,84.9,11.5,0.9641,9.7,retractable_open,15
2024_2024-04-14_ARI_STL,2024,2024-04-14,,72.0,0.0,0.0,50.0,closed,15
2024_2024-04-29_ARI_LAD,2024,2024-04-29,,86.3,3.9,0.2487,11.7,retractable_open,15
2024_2024-04-30_ARI_LAD,2024,2024-04-30,,88.4,7.87,-0.6157,10.0,retractable_open,15
2024_2024-05-01_ARI_LAD,2024,2024-05-01,,85.4,10.67,-0.1942,14.0,retractable_open,15
2024_2024-06-03_ARI_SF,2024,2024-06-03,,72.0,0.0,0.0,50.0,closed,15
2024_2024-06-04_ARI_SF,2024,2024-06-04,,72.0,0.0,0.0,50.0,closed,15
2024_2024-06-05_ARI_SF,2024,2024-06-05,,72.0,0.0,0.0,50.0,closed,15
2024_2024-07-08_ARI_ATL,2024,2024-07-08,,72.0,0.0,0.0,50.0,closed,15
2024_2024-07-09_ARI_ATL,2024,2024-07-09,,72.0,0.0,0.0,50.0,closed,15
2024_2024-07-10_ARI_ATL,2024,2024-07-10,,72.0,0.0,0.0,50.0,closed,15
2024_2024-07-11_ARI_ATL,2024,2024-07-11,,72.0,0.0,0.0,50.0,closed,15
2024_2024-07-26_ARI_PIT,2024,2024-07-26,,72.0,0.0,0.0,50.0,closed,15
2024_2024-07-27_ARI_PIT,2024,2024-07-27,,72.0,0.0,0.0,50.0,closed,15
2024_2024-07-28_ARI_PIT,2024,2024-07-28,,72.0,0.0,0.0,50.0,closed,15
2024_2024-07-29_ARI_WSH,2024,2024-07-29,,72.0,0.0,0.0,50.0,closed,15
2024_2024-07-30_ARI_WSH,2024,2024-07-30,,72.0,0.0,0.0,50.0,closed,15
2024_2024-07-31_ARI_WSH,2024,2024-07-31,,72.0,0.0,0.0,50.0,closed,15
2024_2024-08-12_ARI_COL,2024,2024-08-12,,72.0,0.0,0.0,50.0,closed,15
2024_2024-08-13_ARI_COL,2024,2024-08-13,,72.0,0.0,0.0,50.0,closed,15
2024_2024-08-14_ARI_COL,2024,2024-08-14,,72.0,0.0,0.0,50.0,closed,15
2024_2024-08-27_ARI_NYM,2024,2024-08-27,,72.0,0.0,0.0,50.0,closed,15
2024_2024-08-28_ARI_NYM,2024,2024-08-28,,72.0,0.0,0.0,50.0,closed,15
2024_2024-08-29_ARI_NYM,2024,2024-08-29,,72.0,0.0,0.0,50.0,closed,15
2024_2024-08-30_ARI_LAD,2024,2024-08-30,,72.0,0.0,0.0,50.0,closed,15
2024_2024-08-31_ARI_LAD,2024,2024-08-31,,72.0,0.0,0.0,50.0,closed,15
2024_2024-09-01_ARI_LAD,2024,2024-09-01,,72.0,0.0,0.0,50.0,closed,15
2024_2024-09-02_ARI_LAD,2024,2024-09-02,,72.0,0.0,0.0,50.0,closed,15
2024_2024-09-23_ARI_SF,2024,2024-09-23,,72.0,0.0,0.0,50.0,closed,15
2024_2024-09-24_ARI_SF,2024,2024-09-24,,72.0,0.0,0.0,50.0,closed,15
2024_2024-09-25_ARI_SF,2024,2024-09-25,,72.0,0.0,0.0,50.0,closed,15
2024_2024-09-29_ARI_SD,2024,2024-09-29,,72.0,0.0,0.0,50.0,closed,15
2024_2024-05-06_CHC_SD,2024,2024-05-06,,57.93,14.9,-0.8599,74.7,open,17
2024_2024-05-07_CHC_SD,2024,2024-05-07,,66.63,8.87,0.8231,81.0,open,17
2024_2024-05-08_CHC_SD,2024,2024-05-08,,67.07,10.67,-0.8508,72.7,open,17
2024_2024-04-01_CHC_COL,2024,2024-04-01,,44.33,15.87,-0.9912,84.7,open,17
2024_2024-04-02_CHC_COL,2024,2024-04-02,,40.33,19.83,0.5505,82.7,open,17
2024_2024-04-03_CHC_COL,2024,2024-04-03,,36.4,17.37,-0.6157,93.3,open,17
2024_2024-04-05_CHC_LAD,2024,2024-04-05,,42.63,14.7,-0.8572,64.3,open,17
2024_2024-04-06_CHC_LAD,2024,2024-04-06,,42.83,8.83,-0.9999,75.7,open,17
2024_2024-04-07_CHC_LAD,2024,2024-04-07,,48.87,18.8,-0.153,75.0,open,17
2024_2024-04-19_CHC_MIA,2024,2024-04-19,,54.2,17.97,0.5976,37.0,open,17
2024_2024-04-20_CHC_MIA,2024,2024-04-20,,44.23,13.17,0.4555,47.0,open,17
2024_2024-04-21_CHC_MIA,2024,2024-04-21,,53.37,9.13,-0.0157,38.7,open,17
2024_2024-05-03_CHC_MIL,2024,2024-05-03,,56.47,11.57,-0.9973,85.7,open,17
2024_2024-05-04_CHC_MIL,2024,2024-05-04,,66.07,12.33,-0.373,99.7,open,17
2024_2024-05-05_CHC_MIL,2024,2024-05-05,,52.7,9.5,-0.9736,79.0,open,17
2024_2024-05-16_CHC_PIT,2024,2024-05-16,,66.9,9.93,0.9973,85.0,open,17
2024_2024-05-17_CHC_PIT,2024,2024-05-17,,64.2,9.83,-0.8669,98.3,open,17
2024_2024-05-18_CHC_PIT,2024,2024-05-18,,77.3,7.67,0.5373,68.7,open,17
2024_2024-05-19_CHC_PIT,2024,2024-05-19,,62.47,9.8,-0.986,69.3,open,17
2024_2024-05-21_CHC_ATL,2024,2024-05-21,,80.63,23.17,0.6665,56.7,open,17
2024_2024-05-22_CHC_ATL,2024,2024-05-22,,70.23,13.87,0.673,44.0,open,17
2024_2024-05-23_CHC_ATL,2024,2024-05-23,,72.87,12.4,-0.4818,51.3,open,17
2024_2024-05-31_CHC_CIN,2024,2024-05-31,,71.4,11.0,-0.2385,63.0,open,17
2024_2024-06-01_CHC_CIN,2024,2024-06-01,,66.77,11.53,0.8281,90.7,open,17
2024_2024-06-02_CHC_CIN,2024,2024-06-02,,66.4,8.27,-0.8211,79.0,open,17
2024_2024-06-14_CHC_STL,2024,2024-06-14,,68.53,11.7,-0.9943,79.0,open,17
2024_2024-06-15_CHC_STL,2024,2024-06-15,,78.67,12.93,-0.0471,59.3,open,17
2024_2024-06-16_CHC_STL,2024,2024-06-16,,83.2,19.17,0.8443,54.7,open,17
2024_2024-06-21_CHC_NYM,2024,2024-06-21,,80.1,11.8,-0.628,77.3,open,17
2024_2024-06-22_CHC_NYM,2024,2024-06-22,,91.43,20.83,0.9778,39.7,open,17
2024_2024-06-23_CHC_NYM,2024,2024-06-23,,70.97,4.7,-0.788,81.0,open,17
2024_2024-07-02_CHC_PHI,2024,2024-07-02,,77.77,16.03,0.6211,53.7,open,17
2024_2024-07-03_CHC_PHI,2024,2024-07-03,,80.17,5.37,0.9627,69.3,open,17
2024_2024-07-04_CHC_PHI,2024,2024-07-04,,76.73,6.33,0.6652,73.3,open,17
2024_2024-07-05_CHC_LAA,2024,2024-07-05,,80.6,15.17,0.8652,45.3,open,17
2024_2024-07-06_CHC_LAA,2024,2024-07-06,,73.93,7.1,-0.3453,63.0,open,17
2024_2024-07-07_CHC_LAA,2024,2024-07-07,,79.33,8.3,0.7478,62.3,open,17
2024_2024-07-19_CHC_ARI,2024,2024-07-19,,74.0,10.6,-0.3272,56.7,open,17
2024_2024-07-20_CHC_ARI,2024,2024-07-20,,74.5,4.37,0.3955,59.7,open,17
2024_2024-07-21_CHC_ARI,2024,2024-07-21,,78.1,5.6,-0.4321,57.3,open,17
2024_2024-07-22_CHC_MIL,2024,2024-07-22,,71.2,3.57,-0.6782,83.7,open,17
2024_2024-07-23_CHC_MIL,2024,2024-07-23,,73.97,8.13,0.8934,78.3,open,17
2024_2024-07-24_CHC_MIL,2024,2024-07-24,,70.6,8.1,-0.9603,81.3,open,17
2024_2024-08-01_CHC_STL,2024,2024-08-01,,77.27,7.67,0.9895,81.7,open,17
2024_2024-08-02_CHC_STL,2024,2024-08-02,,76.27,14.77,-0.7944,83.0,open,17
2024_2024-08-03_CHC_STL,2024,2024-08-03,,80.83,6.47,-0.832,74.7,open,17
2024_2024-08-04_CHC_STL,2024,2024-08-04,,83.33,6.4,0.7254,64.3,open,17
2024_2024-08-05_CHC_MIN,2024,2024-08-05,,70.97,8.47,-0.9789,85.3,open,17
2024_2024-08-06_CHC_MIN,2024,2024-08-06,,66.83,14.87,-0.9298,87.0,open,17
2024_2024-08-07_CHC_MIN,2024,2024-08-07,,72.43,13.73,-0.9703,67.3,open,17
2024_2024-08-16_CHC_TOR,2024,2024-08-16,,84.7,11.67,0.8926,58.0,open,17
2024_2024-08-17_CHC_TOR,2024,2024-08-17,,76.63,9.0,-0.8434,71.0,open,17
2024_2024-08-18_CHC_TOR,2024,2024-08-18,,71.07,18.27,-0.7771,80.7,open,17
2024_2024-08-20_CHC_DET,2024,2024-08-20,,63.9,8.03,-0.9966,69.0,open,17
2024_2024-08-21_CHC_DET,2024,2024-08-21,,64.43,4.67,-0.7944,59.3,open,17
2024_2024-08-22_CHC_DET,2024,2024-08-22,,73.83,6.63,0.2096,48.7,open,17
2024_2024-09-02_CHC_PIT,2024,2024-09-02,,67.67,6.0,-0.8949,53.3,open,17
2024_2024-09-03_CHC_PIT,2024,2024-09-03,,69.83,6.1,-0.2706,54.3,open,17
2024_2024-09-04_CHC_PIT,2024,2024-09-04,,74.23,7.27,-0.2807,56.7,open,17
2024_2024-09-06_CHC_NYY,2024,2024-09-06,,65.2,19.07,-0.9003,60.7,open,17
2024_2024-09-07_CHC_NYY,2024,2024-09-07,,59.73,16.67,-0.8471,52.7,open,17
2024_2024-09-08_CHC_NYY,2024,2024-09-08,,71.43,8.6,0.5548,38.7,open,17
2024_2024-09-16_CHC_OAK,2024,2024-09-16,,75.63,7.07,-0.7804,62.3,open,17
2024_2024-09-17_CHC_OAK,2024,2024-09-17,,71.57,5.63,-0.9996,71.7,open,17
2024_2024-09-18_CHC_OAK,2024,2024-09-18,,76.57,11.83,-0.6665,59.3,open,17
2024_2024-09-27_CHC_CIN,2024,2024-09-27,,67.07,22.67,-0.9974,71.7,open,17
2024_2024-09-28_CHC_CIN,2024,2024-09-28,,65.37,19.4,-0.8599,83.0,open,17
2024_2024-06-04_CHC_CWS,2024,2024-06-04,,72.17,12.47,0.3123,83.7,open,17
2024_2024-06-05_CHC_CWS,2024,2024-06-05,,71.33,6.33,0.7965,63.7,open,17
2024_2024-06-17_CHC_SF,2024,2024-06-17,,84.4,14.87,0.878,58.0,open,17
2024_2024-06-18_CHC_SF,2024,2024-06-18,,84.3,17.3,0.9323,58.7,open,17
2024_2024-06-19_CHC_SF,2024,2024-06-19,,90.5,14.57,0.9806,42.3,open,17
2024_2024-09-19_CHC_WSH,2024,2024-09-19,,76.4,11.6,0.0523,59.0,open,17
2024_2024-09-20_CHC_WSH,2024,2024-09-20,,87.2,11.1,0.7059,45.3,open,17
2024_2024-09-21_CHC_WSH,2024,2024-09-21,,82.6,8.37,-0.2453,45.3,open,17
2024_2024-09-22_CHC_WSH,2024,2024-09-22,,70.6,5.97,0.9521,89.3,open,17
2024_2024-04-20_CHC_MIA_2,2024,2024-04-20,,42.87,11.87,0.2857,47.3,open,17
2024_2024-09-29_CHC_CIN,2024,2024-09-29,,68.0,17.1,-0.8625,77.0,open,17
2024_2024-04-23_CHC_HOU,2024,2024-04-23,,59.2,12.77,0.5548,60.0,open,17
2024_2024-04-24_CHC_HOU,2024,2024-04-24,,38.03,8.23,-0.9415,71.7,open,17
2024_2024-04-25_CHC_HOU,2024,2024-04-25,,47.97,9.9,-0.8616,73.0,open,17
2024_2024-08-16_COL_SD,2024,2024-08-16,,86.4,5.67,0.2198,26.0,open,19
2024_2024-08-17_COL_SD,2024,2024-08-17,,88.23,11.3,-0.6239,19.3,open,19
2024_2024-08-18_COL_SD,2024,2024-08-18,,91.87,10.33,-0.712,18.7,open,19
2024_2024-09-13_COL_CHC,2024,2024-09-13,,74.07,6.3,-0.9205,26.3,open,19
2024_2024-09-14_COL_CHC,2024,2024-09-14,,80.7,6.77,-0.3971,16.7,open,19
2024_2024-09-15_COL_CHC,2024,2024-09-15,,86.23,4.97,0.4035,15.0,open,19
2024_2024-06-03_COL_CIN,2024,2024-06-03,,80.57,8.9,-0.4019,17.7,open,19
2024_2024-06-04_COL_CIN,2024,2024-06-04,,78.4,8.53,-0.4863,20.3,open,19
2024_2024-06-05_COL_CIN,2024,2024-06-05,,89.17,13.83,-0.4274,13.3,open,19
2024_2024-07-01_COL_MIL,2024,2024-07-01,,81.97,5.73,-0.9863,29.7,open,19
2024_2024-07-02_COL_MIL,2024,2024-07-02,,82.77,7.83,-0.7108,17.3,open,19
2024_2024-07-03_COL_MIL,2024,2024-07-03,,87.07,12.77,0.0436,9.3,open,19
2024_2024-07-04_COL_MIL,2024,2024-07-04,,79.57,9.8,-0.4695,19.7,open,19
2024_2024-08-26_COL_MIA,2024,2024-08-26,,80.0,6.0,-0.9219,30.3,open,19
2024_2024-08-27_COL_MIA,2024,2024-08-27,,82.03,8.7,0.1201,22.7,open,19
2024_2024-08-28_COL_MIA,2024,2024-08-28,,85.8,5.8,0.509,17.3,open,19
2024_2024-08-29_COL_MIA,2024,2024-08-29,,84.37,6.27,-0.8499,16.3,open,19
2024_2024-05-24_COL_PHI,2024,2024-05-24,,67.07,5.1,0.9912,22.0,open,19
2024_2024-05-25_COL_PHI,2024,2024-05-25,,54.03,4.5,0.1149,76.7,open,19
2024_2024-05-26_COL_PHI,2024,2024-05-26,,72.07,14.57,-0.4726,17.7,open,19
2024_2024-05-10_COL_TEX,2024,2024-05-10,,54.77,3.3,0.9874,48.7,open,19
2024_2024-05-11_COL_TEX,2024,2024-05-11,,56.33,3.4,0.0837,64.7,open,19
2024_2024-05-12_COL_TEX,2024,2024-05-12,,57.17,3.8,-0.3955,61.7,open,19
2024_2024-07-05_COL_KC,2024,2024-07-05,,78.97,4.33,-0.3746,20.3,open,19
2024_2024-07-06_COL_KC,2024,2024-07-06,,82.37,5.47,-0.9956,13.0,open,19
2024_2024-07-07_COL_KC,2024,2024-07-07,,76.43,5.77,-0.6794,31.0,open,19
2024_2024-05-27_COL_CLE,2024,2024-05-27,,76.0,2.7,0.0471,19.0,open,19
2024_2024-05-28_COL_CLE,2024,2024-05-28,,75.77,4.23,-0.8746,22.7,open,19
2024_2024-05-29_COL_CLE,2024,2024-05-29,,79.33,7.5,0.108,15.7,open,19
2024_2024-08-30_COL_BAL,2024,2024-08-30,,80.57,5.73,0.1599,21.7,open,19
2024_2024-08-31_COL_BAL,2024,2024-08-31,,81.93,6.67,-0.66,14.3,open,19
2024_2024-09-01_COL_BAL,2024,2024-09-01,,86.9,5.9,-0.4818,11.0,open,19
2024_2024-04-08_COL_ARI,2024,2024-04-08,,49.53,4.1,-0.5807,31.0,open,19
2024_2024-04-09_COL_ARI,2024,2024-04-09,,53.97,4.53,-0.9989,26.3,open,19
2024_2024-04-10_COL_ARI,2024,2024-04-10,,56.3,5.8,-0.9982,27.0,open,19
2024_2024-09-16_COL_ARI,2024,2024-09-16,,77.0,11.4,0.9995,28.0,open,19
2024_2024-09-17_COL_ARI,2024,2024-09-17,,72.0,5.0,0.7738,39.3,open,19
2024_2024-09-18_COL_ARI,2024,2024-09-18,,80.5,5.27,-0.2198,13.7,open,19
2024_2024-05-07_COL_SF,2024,2024-05-07,,51.53,11.93,-0.471,29.0,open,19
2024_2024-05-08_COL_SF,2024,2024-05-08,,52.2,10.8,-0.3843,23.7,open,19
2024_2024-05-09_COL_SF,2024,2024-05-09,,53.13,3.6,-0.9952,39.7,open,19
2024_2024-06-14_COL_PIT,2024,2024-06-14,,79.5,9.03,-0.9842,29.7,open,19
2024_2024-06-15_COL_PIT,2024,2024-06-15,,80.5,4.2,-0.3795,28.3,open,19
2024_2024-06-16_COL_PIT,2024,2024-06-16,,85.63,7.43,-0.9135,29.7,open,19
2024_2024-06-17_COL_LAD,2024,2024-06-17,,82.97,9.43,-0.8949,35.0,open,19
2024_2024-06-18_COL_LAD,2024,2024-06-18,,71.43,4.47,-0.0401,21.0,open,19
2024_2024-06-19_COL_LAD,2024,2024-06-19,,69.63,10.9,0.907,49.0,open,19
2024_2024-06-20_COL_LAD,2024,2024-06-20,,90.77,16.0,0.9759,19.3,open,19
2024_2024-06-21_COL_WSH,2024,2024-06-21,,84.87,4.9,0.915,22.7,open,19
2024_2024-06-22_COL_WSH,2024,2024-06-22,,77.37,7.17,0.0401,34.3,open,19
2024_2024-06-23_COL_WSH,2024,2024-06-23,,93.13,4.8,-0.0837,12.3,open,19
2024_2024-07-19_COL_SF,2024,2024-07-19,,80.87,8.13,-0.4321,38.0,open,19
2024_2024-07-20_COL_SF,2024,2024-07-20,,75.87,6.2,-0.9984,39.3,open,19
2024_2024-07-21_COL_SF,2024,2024-07-21,,70.57,6.8,-0.2756,56.3,open,19
2024_2024-08-06_COL_NYM,2024,2024-08-06,,86.67,6.0,0.2588,26.7,open,19
2024_2024-08-07_COL_NYM,2024,2024-08-07,,78.63,6.4,0.4509,46.7,open,19
2024_2024-08-08_COL_NYM,2024,2024-08-08,,74.47,5.87,-0.2351,53.7,open,19
2024_2024-08-09_COL_ATL,2024,2024-08-09,,68.17,7.67,-1.0,60.7,open,19
2024_2024-08-10_COL_ATL,2024,2024-08-10,,73.87,7.37,0.831,55.0,open,19
2024_2024-08-11_COL_ATL,2024,2024-08-11,,85.6,7.1,-0.8862,28.3,open,19
2024_2024-09-24_COL_STL,2024,2024-09-24,,66.67,4.17,0.5878,37.0,open,19
2024_2024-09-25_COL_STL,2024,2024-09-25,,73.33,5.9,0.0941,33.3,open,19
2024_2024-09-26_COL_STL,2024,2024-09-26,,89.53,9.37,-0.7944,14.7,open,19
2024_2024-09-27_COL_LAD,2024,2024-09-27,,75.53,5.9,-0.4035,24.3,open,19
2024_2024-09-28_COL_LAD,2024,2024-09-28,,79.17,9.37,0.8572,20.3,open,19
2024_2024-04-21_COL_SEA_2,2024,2024-04-21,,57.57,4.5,0.8788,45.7,open,19
2024_2024-09-29_COL_LAD,2024,2024-09-29,,89.4,3.83,-0.9956,13.7,open,19
2024_2024-04-20_COL_SEA,2024,2024-04-20,,36.03,6.03,-0.9976,75.0,open,19
2024_2024-04-21_COL_SEA,2024,2024-04-21,,59.3,3.87,-0.8821,39.3,open,19
2024_2024-07-22_COL_BOS,2024,2024-07-22,,77.57,8.77,-0.9903,33.3,open,19
2024_2024-07-23_COL_BOS,2024,2024-07-23,,85.23,4.53,-0.6508,19.7,open,19
2024_2024-07-24_COL_BOS,2024,2024-07-24,,92.73,7.9,-0.999,12.0,open,19
2024_2024-04-05_COL_TB,2024,2024-04-05,,72.03,19.23,0.9744,12.7,open,19
2024_2024-04-06_COL_TB,2024,2024-04-06,,41.63,31.2,-0.1495,26.3,open,19
2024_2024-04-07_COL_TB,2024,2024-04-07,,52.0,8.8,-0.8151,23.3,open,19
2024_2024-04-22_COL_SD,2024,2024-04-22,,70.0,5.03,-0.5402,20.7,open,19
2024_2024-04-23_COL_SD,2024,2024-04-23,,58.67,10.37,-0.95,39.0,open,19
2024_2024-04-24_COL_SD,2024,2024-04-24,,67.6,6.83,-0.7738,38.0,open,19
2024_2024-04-25_COL_SD,2024,2024-04-25,,71.4,7.5,-0.512,22.3,open,19
2024_2024-09-24_LAD_SD,2024,2024-09-24,,62.93,5.27,0.9996,87.0,open,22
2024_2024-09-25_LAD_SD,2024,2024-09-25,,62.87,4.33,0.9409,83.7,open,22
2024_2024-09-26_LAD_SD,2024,2024-09-26,,63.53,4.57,0.9973,80.3,open,22
2024_2024-09-09_LAD_CHC,2024,2024-09-09,,93.23,8.8,0.4305,18.7,open,22
2024_2024-09-10_LAD_CHC,2024,2024-09-10,,69.8,6.33,0.9882,67.0,open,22
2024_2024-09-11_LAD_CHC,2024,2024-09-11,,69.3,6.27,0.7373,63.0,open,22
2024_2024-05-16_LAD_CIN,2024,2024-05-16,,57.03,4.5,0.9379,79.3,open,22
2024_2024-05-17_LAD_CIN,2024,2024-05-17,,58.17,5.87,0.8339,82.0,open,22
2024_2024-05-18_LAD_CIN,2024,2024-05-18,,61.87,9.3,0.898,67.3,open,22
2024_2024-05-19_LAD_CIN,2024,2024-05-19,,68.83,9.97,0.9521,46.7,open,22
2024_2024-07-05_LAD_MIL,2024,2024-07-05,,77.23,7.03,0.9724,54.0,open,22
2024_2024-07-06_LAD_MIL,2024,2024-07-06,,84.8,9.8,0.9636,45.0,open,22
2024_2024-07-07_LAD_MIL,2024,2024-07-07,,86.37,9.3,0.9677,39.0,open,22
2024_2024-05-06_LAD_MIA,2024,2024-05-06,,60.17,4.57,0.9114,55.7,open,22
2024_2024-05-07_LAD_MIA,2024,2024-05-07,,61.97,4.67,0.9728,64.0,open,22
2024_2024-05-08_LAD_MIA,2024,2024-05-08,,73.57,6.73,0.981,43.0,open,22
2024_2024-08-05_LAD_PHI,2024,2024-08-05,,74.93,5.67,0.9527,55.3,open,22
2024_2024-08-06_LAD_PHI,2024,2024-08-06,,76.87,6.8,0.9715,54.7,open,22
2024_2024-08-07_LAD_PHI,2024,2024-08-07,,73.17,4.6,0.9532,63.7,open,22
2024_2024-06-21_LAD_LAA,2024,2024-06-21,,70.87,6.13,0.9537,53.0,open,22
2024_2024-06-22_LAD_LAA,2024,2024-06-22,,72.93,6.43,0.9558,59.3,open,22
2024_2024-06-11_LAD_TEX,2024,2024-06-11,,62.13,5.63,0.9694,76.3,open,22
2024_2024-06-12_LAD_TEX,2024,2024-06-12,,64.73,8.4,0.8171,70.7,open,22
2024_2024-06-13_LAD_TEX,2024,2024-06-13,,63.3,6.9,0.9438,74.0,open,22
2024_2024-06-14_LAD_KC,2024,2024-06-14,,68.17,5.3,0.9438,62.7,open,22
2024_2024-06-15_LAD_KC,2024,2024-06-15,,74.43,7.43,0.9806,43.7,open,22
2024_2024-06-16_LAD_KC,2024,2024-06-16,,82.53,11.47,0.965,35.0,open,22
2024_2024-09-06_LAD_CLE,2024,2024-09-06,,86.53,7.1,0.7672,34.7,open,22
2024_2024-09-07_LAD_CLE,2024,2024-09-07,,87.6,5.93,0.9965,30.7,open,22
2024_2024-09-08_LAD_CLE,2024,2024-09-08,,105.2,11.43,0.9664,15.7,open,22
2024_2024-08-27_LAD_BAL,2024,2024-08-27,,69.13,6.67,0.9178,71.7,open,22
2024_2024-08-28_LAD_BAL,2024,2024-08-28,,66.2,7.1,0.8902,75.7,open,22
2024_2024-08-29_LAD_BAL,2024,2024-08-29,,65.77,6.53,0.8862,78.3,open,22
2024_2024-05-20_LAD_ARI,2024,2024-05-20,,57.27,6.23,0.9789,74.7,open,22
2024_2024-05-21_LAD_ARI,2024,2024-05-21,,59.5,7.2,0.9553,71.3,open,22
2024_2024-05-22_LAD_ARI,2024,2024-05-22,,58.97,5.87,0.8894,76.0,open,22
2024_2024-07-02_LAD_ARI,2024,2024-07-02,,69.83,7.13,0.9171,69.0,open,22
2024_2024-07-03_LAD_ARI,2024,2024-07-03,,67.3,6.93,0.9993,74.0,open,22
2024_2024-07-04_LAD_ARI,2024,2024-07-04,,73.5,7.67,0.991,56.3,open,22
2024_2024-05-31_LAD_COL,2024,2024-05-31,,60.63,6.33,0.9542,77.3,open,22
2024_2024-06-01_LAD_COL,2024,2024-06-01,,58.77,5.47,0.9397,77.7,open,22
2024_2024-06-02_LAD_COL,2024,2024-06-02,,72.0,9.13,0.9373,49.0,open,22
2024_2024-09-20_LAD_COL,2024,2024-09-20,,64.47,6.0,0.9789,73.7,open,22
2024_2024-09-21_LAD_COL,2024,2024-09-21,,65.6,6.67,0.8526,74.7,open,22
2024_2024-09-22_LAD_COL,2024,2024-09-22,,79.2,10.93,0.8526,48.0,open,22
2024_2024-03-28_LAD_STL,2024,2024-03-28,,65.73,5.73,0.8669,53.3,open,22
2024_2024-03-29_LAD_STL,2024,2024-03-29,,54.6,10.13,0.5505,64.3,open,22
2024_2024-03-30_LAD_STL,2024,2024-03-30,,50.27,7.83,0.1045,81.3,open,22
2024_2024-03-31_LAD_STL,2024,2024-03-31,,56.33,8.97,0.0924,71.0,open,22
2024_2024-04-01_LAD_SF,2024,2024-04-01,,54.93,4.03,0.7694,78.0,open,22
2024_2024-04-02_LAD_SF,2024,2024-04-02,,61.03,2.63,0.7869,75.0,open,22
2024_2024-04-03_LAD_SF,2024,2024-04-03,,56.63,4.33,0.8805,87.3,open,22
2024_2024-04-15_LAD_WSH,2024,2024-04-15,,55.2,3.83,0.9373,78.3,open,22
2024_2024-04-16_LAD_WSH,2024,2024-04-16,,61.4,4.23,0.9774,73.7,open,22
2024_2024-04-17_LAD_WSH,2024,2024-04-17,,75.33,5.73,0.9494,36.3,open,22
2024_2024-04-19_LAD_NYM,2024,2024-04-19,,57.5,6.33,0.9239,76.0,open,22
2024_2024-04-20_LAD_NYM,2024,2024-04-20,,71.47,5.93,0.9505,45.7,open,22
2024_2024-04-21_LAD_NYM,2024,2024-04-21,,76.37,10.27,0.9164,42.3,open,22
2024_2024-05-03_LAD_ATL,2024,2024-05-03,,60.77,5.83,0.9778,76.3,open,22
2024_2024-05-04_LAD_ATL,2024,2024-05-04,,58.17,7.87,0.8686,76.3,open,22
2024_2024-05-05_LAD_ATL,2024,2024-05-05,,67.7,11.23,-0.0332,24.0,open,22
2024_2024-07-22_LAD_SF,2024,2024-07-22,,72.6,6.27,0.998,60.0,open,22
2024_2024-07-23_LAD_SF,2024,2024-07-23,,73.2,6.77,0.9999,64.0,open,22
2024_2024-07-24_LAD_SF,2024,2024-07-24,,74.57,6.17,0.998,53.3,open,22
2024_2024-07-25_LAD_SF,2024,2024-07-25,,94.17,11.2,0.9632,29.7,open,22
2024_2024-08-09_LAD_PIT,2024,2024-08-09,,70.53,6.43,0.9992,69.3,open,22
2024_2024-08-10_LAD_PIT,2024,2024-08-10,,77.43,7.1,0.9999,51.3,open,22
2024_2024-08-11_LAD_PIT,2024,2024-08-11,,91.37,9.63,0.9681,34.3,open,22
2024_2024-10-05_LAD_SD,2024,2024-10-05,,72.43,6.03,0.9998,67.3,open,22
2024_2024-10-06_LAD_SD,2024,2024-10-06,,72.97,6.93,0.9898,67.7,open,22
2024_2024-10-26_LAD_NYY,2024,2024-10-26,,71.3,5.53,0.9397,49.0,open,22
2024_2024-10-11_LAD_SD,2024,2024-10-11,,74.5,6.23,0.8746,46.3,open,22
2024_2024-10-13_LAD_NYM,2024,2024-10-13,,69.03,7.5,0.9323,61.0,open,22
2024_2024-10-14_LAD_NYM,2024,2024-10-14,,75.33,5.73,0.9438,47.0,open,22
2024_2024-10-20_LAD_NYM,2024,2024-10-20,,73.5,7.03,0.66,27.3,open,22
2024_2024-10-25_LAD_NYY,2024,2024-10-25,,70.0,6.27,0.8788,46.7,open,22
2024_2024-08-19_LAD_SEA,2024,2024-08-19,,75.5,4.43,0.9997,53.0,open,22
2024_2024-08-20_LAD_SEA,2024,2024-08-20,,77.6,4.67,0.986,49.3,open,22
2024_2024-08-21_LAD_SEA,2024,2024-08-21,,73.9,5.37,0.9736,58.0,open,22
2024_2024-07-19_LAD_BOS,2024,2024-07-19,,72.87,6.3,0.9863,64.3,open,22
2024_2024-07-20_LAD_BOS,2024,2024-07-20,,88.53,11.67,0.8894,29.7,open,22
2024_2024-07-21_LAD_BOS,2024,2024-07-21,,84.77,10.27,0.969,37.7,open,22
2024_2024-08-23_LAD_TB,2024,2024-08-23,,69.13,6.2,0.9882,56.3,open,22
2024_2024-08-24_LAD_TB,2024,2024-08-24,,72.17,8.43,0.9114,51.3,open,22
2024_2024-08-25_LAD_TB,2024,2024-08-25,,84.3,11.13,0.8813,33.3,open,22
2024_2024-04-12_LAD_SD,2024,2024-04-12,,57.23,8.63,0.599,66.7,open,22
2024_2024-04-13_LAD_SD,2024,2024-04-13,,52.23,11.93,0.4478,76.7,open,22
2024_2024-04-14_LAD_SD,2024,2024-04-14,,55.3,7.37,0.742,76.7,open,22
2024_2024-08-06_PIT_SD,2024,2024-08-06,,73.43,2.17,0.1444,94.7,open,31
2024_2024-08-07_PIT_SD,2024,2024-08-07,,76.1,8.13,-0.5707,79.3,open,31
2024_2024-08-08_PIT_SD,2024,2024-08-08,,79.57,7.97,-0.9923,78.0,open,31
2024_2024-05-10_PIT_CHC,2024,2024-05-10,,55.9,5.57,0.859,70.7,open,31
2024_2024-05-11_PIT_CHC,2024,2024-05-11,,54.97,8.33,0.5255,83.3,open,31
2024_2024-05-12_PIT_CHC,2024,2024-05-12,,60.8,11.53,0.9755,50.3,open,31
2024_2024-08-26_PIT_CHC,2024,2024-08-26,,82.13,3.27,0.9265,61.3,open,31
2024_2024-08-27_PIT_CHC,2024,2024-08-27,,85.63,4.1,0.6858,53.3,open,31
2024_2024-08-28_PIT_CHC,2024,2024-08-28,,87.23,2.7,0.829,55.3,open,31
2024_2024-06-17_PIT_CIN,2024,2024-06-17,,88.33,4.13,0.8007,49.0,open,31
2024_2024-06-18_PIT_CIN,2024,2024-06-18,,84.77,4.07,-0.8643,68.3,open,31
2024_2024-06-19_PIT_CIN,2024,2024-06-19,,87.37,3.37,-0.8678,54.0,open,31
2024_2024-08-22_PIT_CIN,2024,2024-08-22,,70.73,3.1,0.9959,50.7,open,31
2024_2024-08-23_PIT_CIN,2024,2024-08-23,,73.9,2.77,-0.5678,50.0,open,31
2024_2024-08-24_PIT_CIN,2024,2024-08-24,,79.4,3.23,-0.4368,47.7,open,31
2024_2024-08-25_PIT_CIN,2024,2024-08-25,,84.9,4.87,0.9755,46.0,open,31
2024_2024-04-22_PIT_MIL,2024,2024-04-22,,55.9,4.37,0.9999,39.7,open,31
2024_2024-04-23_PIT_MIL,2024,2024-04-23,,59.17,6.37,0.1874,51.3,open,31
2024_2024-04-24_PIT_MIL,2024,2024-04-24,,50.13,11.97,0.9317,60.3,open,31
2024_2024-04-25_PIT_MIL,2024,2024-04-25,,49.77,4.17,-0.7705,59.7,open,31
2024_2024-09-24_PIT_MIL,2024,2024-09-24,,68.07,9.37,-0.7749,92.0,open,31
2024_2024-09-25_PIT_MIL,2024,2024-09-25,,67.33,3.03,0.2198,95.3,open,31
2024_2024-09-26_PIT_MIL,2024,2024-09-26,,71.9,4.37,-0.988,84.3,open,31
2024_2024-09-09_PIT_MIA,2024,2024-09-09,,69.43,7.17,0.4664,41.3,open,31
2024_2024-09-10_PIT_MIA,2024,2024-09-10,,74.9,4.1,0.6665,53.3,open,31
2024_2024-09-11_PIT_MIA,2024,2024-09-11,,79.5,2.37,-0.8942,43.0,open,31
2024_2024-07-19_PIT_PHI,2024,2024-07-19,,79.2,3.2,-0.7581,41.3,open,31
2024_2024-07-20_PIT_PHI,2024,2024-07-20,,83.3,3.6,0.8942,40.7,open,31
2024_2024-07-21_PIT_PHI,2024,2024-07-21,,81.6,0.97,-0.4352,40.7,open,31
2024_2024-05-06_PIT_LAA,2024,2024-05-06,,67.87,3.2,0.4431,82.7,open,31
2024_2024-05-07_PIT_LAA,2024,2024-05-07,,73.77,5.5,-0.068,66.3,open,31
2024_2024-05-08_PIT_LAA,2024,2024-05-08,,77.17,11.5,0.907,42.7,open,31
2024_2024-04-08_PIT_DET,2024,2024-04-08,,65.77,4.77,0.8241,59.3,open,31
2024_2024-04-09_PIT_DET,2024,2024-04-09,,69.73,8.33,-0.1547,61.3,open,31
2024_2024-09-13_PIT_KC,2024,2024-09-13,,75.6,6.03,-0.994,52.0,open,31
2024_2024-09-14_PIT_KC,2024,2024-09-14,,80.8,7.53,-0.9699,44.7,open,31
2024_2024-09-15_PIT_KC,2024,2024-09-15,,81.17,8.8,-0.994,36.3,open,31
2024_2024-06-07_PIT_MIN,2024,2024-06-07,,68.7,9.67,0.9866,47.0,open,31
2024_2024-06-08_PIT_MIN,2024,2024-06-08,,77.0,8.03,0.9048,38.7,open,31
2024_2024-06-09_PIT_MIN,2024,2024-06-09,,71.5,10.43,0.9979,42.0,open,31
2024_2024-04-05_PIT_BAL,2024,2024-04-05,,43.03,16.13,0.9568,44.0,open,31
2024_2024-04-06_PIT_BAL,2024,2024-04-06,,51.37,10.57,0.8508,42.7,open,31
2024_2024-04-07_PIT_BAL,2024,2024-04-07,,55.53,1.83,-0.859,42.7,open,31
2024_2024-08-02_PIT_ARI,2024,2024-08-02,,78.07,5.23,0.9986,75.3,open,31
2024_2024-08-03_PIT_ARI,2024,2024-08-03,,73.3,2.23,0.5807,87.3,open,31
2024_2024-08-04_PIT_ARI,2024,2024-08-04,,83.9,5.63,0.9882,49.0,open,31
2024_2024-05-03_PIT_COL,2024,2024-05-03,,68.07,3.67,0.9845,88.0,open,31
2024_2024-05-04_PIT_COL,2024,2024-05-04,,69.27,10.63,-0.9914,66.3,open,31
2024_2024-05-05_PIT_COL,2024,2024-05-05,,73.03,7.93,0.4446,70.3,open,31
2024_2024-06-04_PIT_LAD,2024,2024-06-04,,80.67,4.63,-0.9011,54.7,open,31
2024_2024-06-05_PIT_LAD,2024,2024-06-05,,75.0,6.13,-0.5563,80.3,open,31
2024_2024-06-06_PIT_LAD,2024,2024-06-06,,72.17,6.77,0.471,67.3,open,31
2024_2024-05-21_PIT_SF,2024,2024-05-21,,80.43,5.23,-0.1028,52.7,open,31
2024_2024-05-22_PIT_SF,2024,2024-05-22,,75.47,7.83,0.1857,72.0,open,31
2024_2024-05-23_PIT_SF,2024,2024-05-23,,75.6,2.5,0.8028,48.7,open,31
2024_2024-05-24_PIT_ATL,2024,2024-05-24,,76.8,3.9,-0.2571,52.3,open,31
2024_2024-05-25_PIT_ATL,2024,2024-05-25,,72.63,3.3,-0.2045,79.0,open,31
2024_2024-05-26_PIT_ATL,2024,2024-05-26,,78.77,6.87,-0.8755,65.7,open,31
2024_2024-07-02_PIT_STL,2024,2024-07-02,,80.37,6.9,-0.972,42.3,open,31
2024_2024-07-03_PIT_STL,2024,2024-07-03,,84.5,7.43,0.8339,59.0,open,31
2024_2024-07-04_PIT_STL,2024,2024-07-04,,81.03,3.27,0.4446,72.3,open,31
2024_2024-07-05_PIT_NYM,2024,2024-07-05,,83.03,3.37,0.8018,67.0,open,31
2024_2024-07-06_PIT_NYM,2024,2024-07-06,,84.6,10.07,0.8652,43.3,open,31
2024_2024-07-07_PIT_NYM,2024,2024-07-07,,84.3,1.17,-0.2267,47.0,open,31
2024_2024-07-08_PIT_NYM,2024,2024-07-08,,87.23,2.23,0.8572,43.0,open,31
2024_2024-07-22_PIT_STL,2024,2024-07-22,,73.43,5.37,0.6997,69.0,open,31
2024_2024-07-23_PIT_STL,2024,2024-07-23,,78.2,2.6,-0.1132,62.7,open,31
2024_2024-07-24_PIT_STL,2024,2024-07-24,,80.4,9.5,0.4099,61.0,open,31
2024_2024-09-05_PIT_WSH,2024,2024-09-05,,74.27,5.2,-0.9842,47.3,open,31
2024_2024-09-07_PIT_WSH,2024,2024-09-07,,65.73,11.57,0.9999,50.0,open,31
2024_2024-09-08_PIT_WSH,2024,2024-09-08,,66.27,9.63,0.9877,35.0,open,31
2024_2024-09-07_PIT_WSH_2,2024,2024-09-07,,59.97,11.9,0.8934,57.7,open,31
2024_2024-04-19_PIT_BOS,2024,2024-04-19,,61.47,7.6,1.0,61.3,open,31
2024_2024-04-20_PIT_BOS,2024,2024-04-20,,52.77,13.8,0.9842,39.3,open,31
2024_2024-04-21_PIT_BOS,2024,2024-04-21,,47.53,9.83,0.9869,43.3,open,31
2024_2024-08-16_PIT_SEA,2024,2024-08-16,,76.27,7.27,-0.5878,78.3,open,31
2024_2024-08-17_PIT_SEA,2024,2024-08-17,,80.2,10.83,0.1685,65.0,open,31
2024_2024-08-18_PIT_SEA,2024,2024-08-18,,76.8,7.67,0.8121,64.3,open,31
2024_2024-06-21_PIT_TB,2024,2024-06-21,,88.17,5.97,0.9593,48.3,open,31
2024_2024-06-22_PIT_TB,2024,2024-06-22,,94.23,7.5,0.5299,35.7,open,31
2024_2024-06-23_PIT_TB,2024,2024-06-23,,83.37,15.03,0.5299,60.7,open,31
2024_2024-05-27_MIL_CHC,2024,2024-05-27,,72.0,0.0,0.0,50.0,closed,32
2024_2024-05-28_MIL_CHC,2024,2024-05-28,,72.0,0.0,0.0,50.0,closed,32
2024_2024-05-29_MIL_CHC,2024,2024-05-29,,72.0,0.0,0.0,50.0,closed,32
2024_2024-05-30_MIL_CHC,2024,2024-05-30,,60.3,6.27,-0.6972,44.7,retractable_open,32
2024_2024-06-28_MIL_CHC,2024,2024-06-28,,72.0,0.0,0.0,50.0,closed,32
2024_2024-06-29_MIL_CHC,2024,2024-06-29,,86.77,13.57,0.7902,42.0,retractable_open,32
2024_2024-06-30_MIL_CHC,2024,2024-06-30,,62.67,10.57,-0.4431,60.3,retractable_open,32
2024_2024-06-14_MIL_CIN,2024,2024-06-14,,62.93,8.07,0.1685,55.7,retractable_open,32
2024_2024-06-15_MIL_CIN,2024,2024-06-15,,73.5,11.43,-0.9999,53.7,retractable_open,32
2024_2024-06-16_MIL_CIN,2024,2024-06-16,,86.33,13.17,-0.4003,52.0,retractable_open,32
2024_2024-08-09_MIL_CIN,2024,2024-08-09,,64.53,9.1,0.8763,58.7,retractable_open,32
2024_2024-08-10_MIL_CIN,2024,2024-08-10,,69.1,11.17,0.8973,46.3,retractable_open,32
2024_2024-08-11_MIL_CIN,2024,2024-08-11,,76.63,11.83,0.9681,38.7,retractable_open,32
2024_2024-04-02_MIL_MIN,2024,2024-04-02,,72.0,0.0,0.0,50.0,closed,32
2024_2024-04-03_MIL_MIN,2024,2024-04-03,,72.0,0.0,0.0,50.0,closed,32
2024_2024-04-26_MIL_NYY,2024,2024-04-26,,72.0,0.0,0.0,50.0,closed,32
2024_2024-04-27_MIL_NYY,2024,2024-04-27,,72.0,0.0,0.0,50.0,closed,32
2024_2024-04-28_MIL_NYY,2024,2024-04-28,,72.0,0.0,0.0,50.0,closed,32
2024_2024-05-09_MIL_STL,2024,2024-05-09,,72.0,0.0,0.0,50.0,closed,32
2024_2024-05-10_MIL_STL,2024,2024-05-10,,72.0,0.0,0.0,50.0,closed,32
2024_2024-05-11_MIL_STL,2024,2024-05-11,,72.0,0.0,0.0,50.0,closed,32
2024_2024-05-12_MIL_STL,2024,2024-05-12,,76.6,11.77,-0.5135,37.0,retractable_open,32
2024_2024-05-13_MIL_PIT,2024,2024-05-13,,72.0,0.0,0.0,50.0,closed,32
2024_2024-05-14_MIL_PIT,2024,2024-05-14,,72.0,0.0,0.0,50.0,closed,32
2024_2024-05-15_MIL_PIT,2024,2024-05-15,,57.03,10.07,-0.1045,64.7,retractable_open,32
2024_2024-06-10_MIL_TOR,2024,2024-06-10,,72.0,0.0,0.0,50.0,closed,32
2024_2024-06-11_MIL_TOR,2024,2024-06-11,,72.0,0.0,0.0,50.0,closed,32
2024_2024-06-12_MIL_TOR,2024,2024-06-12,,85.67,7.13,-0.0872,33.0,retractable_open,32
2024_2024-06-24_MIL_TEX,2024,2024-06-24,,71.57,9.67,-0.9198,63.7,retractable_open,32
2024_2024-06-25_MIL_TEX,2024,2024-06-25,,83.33,8.47,0.9272,63.0,retractable_open,32
2024_2024-06-26_MIL_TEX,2024,2024-06-26,,83.63,9.5,0.8949,33.3,retractable_open,32
2024_2024-07-09_MIL_PIT,2024,2024-07-09,,70.3,2.77,-0.617,88.7,retractable_open,32
2024_2024-07-10_MIL_PIT,2024,2024-07-10,,67.23,3.77,-0.2504,83.0,retractable_open,32
2024_2024-07-11_MIL_PIT,2024,2024-07-11,,72.7,6.67,-0.5329,71.3,retractable_open,32
2024_2024-07-26_MIL_MIA,2024,2024-07-26,,69.03,4.97,-0.9995,69.0,retractable_open,32
2024_2024-07-27_MIL_MIA,2024,2024-07-27,,75.67,8.63,-0.915,52.3,retractable_open,32
2024_2024-07-28_MIL_MIA,2024,2024-07-28,,72.0,0.0,0.0,50.0,closed,32
2024_2024-07-29_MIL_ATL,2024,2024-07-29,,72.0,0.0,0.0,50.0,closed,32
2024_2024-07-30_MIL_ATL,2024,2024-07-30,,79.8,4.33,-0.7059,69.3,retractable_open,32
2024_2024-07-31_MIL_ATL,2024,2024-07-31,,88.4,6.37,0.9278,55.3,retractable_open,32
2024_2024-08-12_MIL_LAD,2024,2024-08-12,,71.57,4.1,-0.7206,66.0,retractable_open,32
2024_2024-08-13_MIL_LAD,2024,2024-08-13,,71.53,4.73,-0.9952,74.3,retractable_open,32
2024_2024-08-14_MIL_LAD,2024,2024-08-14,,70.0,4.4,-0.9285,84.0,retractable_open,32
2024_2024-08-15_MIL_LAD,2024,2024-08-15,,72.0,0.0,0.0,50.0,closed,32
2024_2024-08-16_MIL_CLE,2024,2024-08-16,,72.0,0.0,0.0,50.0,closed,32
2024_2024-08-17_MIL_CLE,2024,2024-08-17,,72.0,0.0,0.0,50.0,closed,32
2024_2024-08-18_MIL_CLE,2024,2024-08-18,,72.0,0.0,0.0,50.0,closed,32
2024_2024-09-02_MIL_STL,2024,2024-09-02,,73.0,6.73,-0.8554,37.3,retractable_open,32
2024_2024-09-03_MIL_STL,2024,2024-09-03,,67.0,8.53,-0.9033,49.3,retractable_open,32
2024_2024-09-04_MIL_STL,2024,2024-09-04,,70.3,7.7,-0.9438,53.0,retractable_open,32
2024_2024-09-06_MIL_COL,2024,2024-09-06,,72.0,0.0,0.0,50.0,closed,32
2024_2024-09-07_MIL_COL,2024,2024-09-07,,72.0,0.0,0.0,50.0,closed,32
2024_2024-09-08_MIL_COL,2024,2024-09-08,,72.87,12.4,0.8018,36.7,retractable_open,32
2024_2024-09-16_MIL_PHI,2024,2024-09-16,,73.07,6.13,-0.9833,54.3,retractable_open,32
2024_2024-09-17_MIL_PHI,2024,2024-09-17,,69.27,4.83,-0.9792,70.0,retractable_open,32
2024_2024-09-18_MIL_PHI,2024,2024-09-18,,68.2,4.07,-0.974,77.3,retractable_open,32
2024_2024-09-19_MIL_ARI,2024,2024-09-19,,73.1,10.03,-0.9563,55.3,retractable_open,32
2024_2024-09-20_MIL_ARI,2024,2024-09-20,,72.53,5.03,0.8652,53.3,retractable_open,32
2024_2024-09-21_MIL_ARI,2024,2024-09-21,,72.0,0.0,0.0,50.0,closed,32
2024_2024-09-22_MIL_ARI,2024,2024-09-22,,72.0,0.0,0.0,50.0,closed,32
2024_2024-09-27_MIL_NYM,2024,2024-09-27,,66.9,16.17,0.1959,63.3,retractable_open,32
2024_2024-09-28_MIL_NYM,2024,2024-09-28,,65.87,15.23,0.454,62.7,retractable_open,32
2024_2024-05-31_MIL_CWS,2024,2024-05-31,,72.0,0.0,0.0,50.0,closed,32
2024_2024-06-01_MIL_CWS,2024,2024-06-01,,72.0,0.0,0.0,50.0,closed,32
2024_2024-06-02_MIL_CWS,2024,2024-06-02,,71.4,7.7,-0.8358,66.0,retractable_open,32
2024_2024-08-27_MIL_SF,2024,2024-08-27,,85.9,7.3,0.6691,64.7,retractable_open,32
2024_2024-08-28_MIL_SF,2024,2024-08-28,,72.0,0.0,0.0,50.0,closed,32
2024_2024-08-29_MIL_SF,2024,2024-08-29,,76.63,7.4,-0.9191,70.0,retractable_open,32
2024_2024-07-12_MIL_WSH,2024,2024-07-12,,72.7,5.1,-0.9078,64.7,retractable_open,32
2024_2024-07-13_MIL_WSH,2024,2024-07-13,,82.83,6.8,-0.8669,62.7,retractable_open,32
2024_2024-07-14_MIL_WSH,2024,2024-07-14,,88.0,13.87,0.7022,52.3,retractable_open,32
2024_2024-09-29_MIL_NYM,2024,2024-09-29,,69.4,13.4,0.1392,71.7,retractable_open,32
2024_2024-10-01_MIL_NYM,2024,2024-10-01,,72.0,0.0,0.0,50.0,closed,32
2024_2024-10-02_MIL_NYM,2024,2024-10-02,,72.0,0.0,0.0,50.0,closed,32
2024_2024-10-03_MIL_NYM,2024,2024-10-03,,72.0,0.0,0.0,50.0,closed,32
2024_2024-04-05_MIL_SEA,2024,2024-04-05,,72.0,0.0,0.0,50.0,closed,32
2024_2024-04-06_MIL_SEA,2024,2024-04-06,,72.0,0.0,0.0,50.0,closed,32
2024_2024-04-07_MIL_SEA,2024,2024-04-07,,72.0,0.0,0.0,50.0,closed,32
2024_2024-04-29_MIL_TB,2024,2024-04-29,,72.0,0.0,0.0,50.0,closed,32
2024_2024-04-30_MIL_TB,2024,2024-04-30,,72.0,0.0,0.0,50.0,closed,32
2024_2024-05-01_MIL_TB,2024,2024-05-01,,69.33,16.87,0.8918,37.7,retractable_open,32
2024_2024-04-15_MIL_SD,2024,2024-04-15,,72.0,0.0,0.0,50.0,closed,32
2024_2024-04-16_MIL_SD,2024,2024-04-16,,72.0,0.0,0.0,50.0,closed,32
2024_2024-04-17_MIL_SD,2024,2024-04-17,,72.0,0.0,0.0,50.0,closed,32
2024_2024-09-10_SEA_SD,2024,2024-09-10,,63.57,6.93,0.9934,56.3,retractable_open,680
2024_2024-09-11_SEA_SD,2024,2024-09-11,,61.97,2.3,0.0993,83.0,retractable_open,680
2024_2024-05-13_SEA_KC,2024,2024-05-13,,60.47,9.27,-0.8813,69.3,retractable_open,680
2024_2024-05-14_SEA_KC,2024,2024-05-14,,64.13,8.57,-0.7431,55.0,retractable_open,680
2024_2024-05-15_SEA_KC,2024,2024-05-15,,67.2,4.77,0.1305,57.7,retractable_open,680
2024_2024-06-10_SEA_CWS,2024,2024-06-10,,65.7,3.87,-0.5255,59.0,retractable_open,680
2024_2024-06-11_SEA_CWS,2024,2024-06-11,,57.5,10.37,-0.829,69.0,retractable_open,680
2024_2024-06-12_SEA_CWS,2024,2024-06-12,,60.27,10.43,-0.5534,53.3,retractable_open,680
2024_2024-06-13_SEA_CWS,2024,2024-06-13,,63.8,7.87,-0.8192,52.0,retractable_open,680
2024_2024-08-23_SEA_SF,2024,2024-08-23,,72.0,0.0,0.0,50.0,closed,680
2024_2024-08-24_SEA_SF,2024,2024-08-24,,72.0,0.0,0.0,50.0,closed,680
2024_2024-08-25_SEA_SF,2024,2024-08-25,,67.73,2.13,0.712,63.7,retractable_open,680
2024_2024-09-29_SEA_OAK,2024,2024-09-29,,58.63,3.1,0.8862,58.7,retractable_open,680
2024_2024-05-27_SEA_HOU,2024,2024-05-27,,57.13,8.9,-0.5793,81.3,retractable_open,680
2024_2024-05-28_SEA_HOU,2024,2024-05-28,,52.23,8.9,-0.99,77.7,retractable_open,680
2024_2024-05-29_SEA_HOU,2024,2024-05-29,,72.0,0.0,0.0,50.0,closed,680
2024_2024-05-30_SEA_HOU,2024,2024-05-30,,58.67,5.03,-0.1132,58.7,retractable_open,680
2024_2024-07-19_SEA_HOU,2024,2024-07-19,,73.5,10.6,-0.6481,50.3,retractable_open,680
2024_2024-07-20_SEA_HOU,2024,2024-07-20,,77.37,11.0,-0.628,42.3,retractable_open,680
2024_2024-07-21_SEA_HOU,2024,2024-07-21,,75.53,6.0,-0.3371,52.3,retractable_open,680
2024_2024-03-28_SEA_BOS,2024,2024-03-28,,72.0,0.0,0.0,50.0,closed,680
2024_2024-03-29_SEA_BOS,2024,2024-03-29,,51.3,12.03,-0.4833,65.0,retractable_open,680
2024_2024-03-30_SEA_BOS,2024,2024-03-30,,72.0,0.0,0.0,50.0,closed,680
2024_2024-03-31_SEA_BOS,2024,2024-03-31,,54.57,8.47,-0.4446,62.0,retractable_open,680
2024_2024-04-01_SEA_CLE,2024,2024-04-01,,56.73,4.77,0.225,75.7,retractable_open,680
2024_2024-04-02_SEA_CLE,2024,2024-04-02,,56.83,13.23,0.9893,67.7,retractable_open,680
2024_2024-04-03_SEA_CLE,2024,2024-04-03,,49.0,4.27,-0.0436,69.7,retractable_open,680
2024_2024-04-12_SEA_CHC,2024,2024-04-12,,50.53,12.63,-0.6198,74.0,retractable_open,680
2024_2024-04-13_SEA_CHC,2024,2024-04-13,,53.4,7.47,-0.5534,69.0,retractable_open,680
2024_2024-04-14_SEA_CHC,2024,2024-04-14,,59.0,5.8,-0.3649,56.3,retractable_open,680
2024_2024-04-15_SEA_CIN,2024,2024-04-15,,72.0,0.0,0.0,50.0,closed,680
2024_2024-04-16_SEA_CIN,2024,2024-04-16,,47.87,5.0,-0.6441,54.3,retractable_open,680
2024_2024-04-17_SEA_CIN,2024,2024-04-17,,54.1,10.67,-0.4833,50.0,retractable_open,680
2024_2024-04-26_SEA_ARI,2024,2024-04-26,,58.17,3.07,0.8171,65.3,retractable_open,680
2024_2024-04-27_SEA_ARI,2024,2024-04-27,,72.0,0.0,0.0,50.0,closed,680
2024_2024-04-28_SEA_ARI,2024,2024-04-28,,72.0,0.0,0.0,50.0,closed,680
2024_2024-04-29_SEA_ATL,2024,2024-04-29,,72.0,0.0,0.0,50.0,closed,680
2024_2024-04-30_SEA_ATL,2024,2024-04-30,,50.8,4.7,-0.5446,62.0,retractable_open,680
2024_2024-05-01_SEA_ATL,2024,2024-05-01,,54.7,5.33,0.9478,55.0,retractable_open,680
2024_2024-05-10_SEA_OAK,2024,2024-05-10,,69.67,8.37,-0.5314,65.0,retractable_open,680
2024_2024-05-11_SEA_OAK,2024,2024-05-11,,70.3,10.53,-0.7536,54.7,retractable_open,680
2024_2024-05-12_SEA_OAK,2024,2024-05-12,,69.37,2.87,-0.3633,51.0,retractable_open,680
2024_2024-05-31_SEA_LAA,2024,2024-05-31,,58.97,8.9,-0.521,57.7,retractable_open,680
2024_2024-06-01_SEA_LAA,2024,2024-06-01,,62.53,8.23,0.8121,64.7,retractable_open,680
2024_2024-06-02_SEA_LAA,2024,2024-06-02,,72.0,0.0,0.0,50.0,closed,680
2024_2024-06-14_SEA_TEX,2024,2024-06-14,,72.0,0.0,0.0,50.0,closed,680
2024_2024-06-15_SEA_TEX,2024,2024-06-15,,56.63,8.9,0.9965,64.7,retractable_open,680
2024_2024-06-16_SEA_TEX,2024,2024-06-16,,59.33,5.9,-0.2028,56.0,retractable_open,680
2024_2024-06-28_SEA_MIN,2024,2024-06-28,,67.57,4.23,0.0314,54.0,retractable_open,680
2024_2024-06-29_SEA_MIN,2024,2024-06-29,,72.0,0.0,0.0,50.0,closed,680
2024_2024-06-30_SEA_MIN,2024,2024-06-30,,70.4,4.1,-0.2164,66.0,retractable_open,680
2024_2024-07-02_SEA_BAL,2024,2024-07-02,,66.93,8.47,-0.6293,61.0,retractable_open,680
2024_2024-07-03_SEA_BAL,2024,2024-07-03,,67.93,7.6,-0.4226,53.3,retractable_open,680
2024_2024-07-04_SEA_BAL,2024,2024-07-04,,74.53,11.23,-0.4802,46.7,retractable_open,680
2024_2024-07-05_SEA_TOR,2024,2024-07-05,,77.23,9.87,-0.6157,40.3,retractable_open,680
2024_2024-07-06_SEA_TOR,2024,2024-07-06,,81.7,10.2,-0.3923,36.3,retractable_open,680
2024_2024-07-07_SEA_TOR,2024,2024-07-07,,84.7,6.9,-0.1444,34.3,retractable_open,680
2024_2024-07-22_SEA_LAA,2024,2024-07-22,,66.27,7.53,-0.8339,67.3,retractable_open,680
2024_2024-07-23_SEA_LAA,2024,2024-07-23,,69.27,9.17,-0.5821,40.3,retractable_open,680
2024_2024-07-24_SEA_LAA,2024,2024-07-24,,71.1,2.47,-0.1357,50.0,retractable_open,680
2024_2024-08-02_SEA_PHI,2024,2024-08-02,,79.13,10.17,-0.6374,55.3,retractable_open,680
2024_2024-08-03_SEA_PHI,2024,2024-08-03,,77.67,5.87,-0.5548,55.3,retractable_open,680
2024_2024-08-04_SEA_PHI,2024,2024-08-04,,80.97,2.5,0.7009,47.0,retractable_open,680
2024_2024-08-06_SEA_DET,2024,2024-08-06,,69.63,2.17,-0.7815,61.7,retractable_open,680
2024_2024-08-07_SEA_DET,2024,2024-08-07,,72.6,9.77,-0.606,56.0,retractable_open,680
2024_2024-08-08_SEA_DET,2024,2024-08-08,,76.4,9.7,-0.5878,52.7,retractable_open,680
2024_2024-08-09_SEA_NYM,2024,2024-08-09,,77.67,8.6,-0.5195,53.7,retractable_open,680
2024_2024-08-10_SEA_NYM,2024,2024-08-10,,80.0,3.9,0.3697,53.3,retractable_open,680
2024_2024-08-11_SEA_NYM,2024,2024-08-11,,71.97,4.47,0.6794,57.3,retractable_open,680
2024_2024-09-12_SEA_TEX,2024,2024-09-12,,66.0,4.43,0.8918,66.3,retractable_open,680
2024_2024-09-13_SEA_TEX,2024,2024-09-13,,72.0,0.0,0.0,50.0,closed,680
2024_2024-09-14_SEA_TEX,2024,2024-09-14,,72.0,0.0,0.0,50.0,closed,680
2024_2024-09-15_SEA_TEX,2024,2024-09-15,,62.9,12.27,-0.5446,66.0,retractable_open,680
2024_2024-09-17_SEA_NYY,2024,2024-09-17,,60.33,5.07,0.9265,81.0,retractable_open,680
2024_2024-09-18_SEA_NYY,2024,2024-09-18,,61.83,5.87,-0.5461,73.3,retractable_open,680
2024_2024-09-19_SEA_NYY,2024,2024-09-19,,61.67,2.5,0.4985,81.0,retractable_open,680
2024_2024-09-27_SEA_OAK,2024,2024-09-27,,56.6,9.6,-0.6896,67.0,retractable_open,680
2024_2024-09-28_SEA_OAK,2024,2024-09-28,,72.0,0.0,0.0,50.0,closed,680
2024_2024-08-26_SEA_TB,2024,2024-08-26,,69.53,7.73,0.2113,71.3,retractable_open,680
2024_2024-08-27_SEA_TB,2024,2024-08-27,,60.9,8.23,-0.8499,63.7,retractable_open,680
2024_2024-08-28_SEA_TB,2024,2024-08-28,,64.43,10.57,-0.4446,61.3,retractable_open,680
2024_2024-08-16_HOU_CWS,2024,2024-08-16,,72.0,0.0,0.0,50.0,closed,2392
2024_2024-08-17_HOU_CWS,2024,2024-08-17,,72.0,0.0,0.0,50.0,closed,2392
2024_2024-08-18_HOU_CWS,2024,2024-08-18,,72.0,0.0,0.0,50.0,closed,2392
2024_2024-08-29_HOU_KC,2024,2024-08-29,,72.0,0.0,0.0,50.0,closed,2392
2024_2024-08-30_HOU_KC,2024,2024-08-30,,72.0,0.0,0.0,50.0,closed,2392
2024_2024-08-31_HOU_KC,2024,2024-08-31,,72.0,0.0,0.0,50.0,closed,2392
2024_2024-09-01_HOU_KC,2024,2024-09-01,,72.0,0.0,0.0,50.0,closed,2392
2024_2024-10-02_HOU_DET,2024,2024-10-02,,72.0,0.0,0.0,50.0,closed,2392
2024_2024-06-14_HOU_DET,2024,2024-06-14,,72.0,0.0,0.0,50.0,closed,2392
2024_2024-06-15_HOU_DET,2024,2024-06-15,,72.0,0.0,0.0,50.0,closed,2392
2024_2024-06-16_HOU_DET,2024,2024-06-16,,72.0,0.0,0.0,50.0,closed,2392
2024_2024-06-21_HOU_BAL,2024,2024-06-21,,72.0,0.0,0.0,50.0,closed,2392
2024_2024-06-22_HOU_BAL,2024,2024-06-22,,72.0,0.0,0.0,50.0,closed,2392
2024_2024-06-23_HOU_BAL,2024,2024-06-23,,72.0,0.0,0.0,50.0,closed,2392
2024_2024-06-25_HOU_COL,2024,2024-06-25,,72.0,0.0,0.0,50.0,closed,2392
2024_2024-10-01_HOU_DET,2024,2024-10-01,,72.0,0.0,0.0,50.0,closed,2392
2024_2024-03-28_HOU_NYY,2024,2024-03-28,,72.0,0.0,0.0,50.0,closed,2392
2024_2024-03-29_HOU_NYY,2024,2024-03-29,,72.0,0.0,0.0,50.0,closed,2392
2024_2024-03-30_HOU_NYY,2024,2024-03-30,,72.0,0.0,0.0,50.0,closed,2392
2024_2024-03-31_HOU_NYY,2024,2024-03-31,,72.0,0.0,0.0,50.0,closed,2392
2024_2024-04-01_HOU_TOR,2024,2024-04-01,,72.0,0.0,0.0,50.0,closed,2392
2024_2024-04-02_HOU_TOR,2024,2024-04-02,,72.0,0.0,0.0,50.0,closed,2392
2024_2024-04-03_HOU_TOR,2024,2024-04-03,,72.0,0.0,0.0,50.0,closed,2392
2024_2024-04-12_HOU_TEX,2024,2024-04-12,,72.0,0.0,0.0,50.0,closed,2392
2024_2024-04-13_HOU_TEX,2024,2024-04-13,,72.0,0.0,0.0,50.0,closed,2392
2024_2024-04-14_HOU_TEX,2024,2024-04-14,,72.0,0.0,0.0,50.0,closed,2392
2024_2024-04-15_HOU_ATL,2024,2024-04-15,,72.0,0.0,0.0,50.0,closed,2392
2024_2024-04-16_HOU_ATL,2024,2024-04-16,,72.0,0.0,0.0,50.0,closed,2392
2024_2024-04-17_HOU_ATL,2024,2024-04-17,,72.0,0.0,0.0,50.0,closed,2392
2024_2024-04-30_HOU_CLE,2024,2024-04-30,,72.0,0.0,0.0,50.0,closed,2392
2024_2024-05-01_HOU_CLE,2024,2024-05-01,,72.0,0.0,0.0,50.0,closed,2392
2024_2024-05-02_HOU_CLE,2024,2024-05-02,,72.0,0.0,0.0,50.0,closed,2392
2024_2024-05-03_HOU_SEA,2024,2024-05-03,,72.0,0.0,0.0,50.0,closed,2392
2024_2024-05-04_HOU_SEA,2024,2024-05-04,,72.0,0.0,0.0,50.0,closed,2392
2024_2024-05-05_HOU_SEA,2024,2024-05-05,,72.0,0.0,0.0,50.0,closed,2392
2024_2024-05-13_HOU_OAK,2024,2024-05-13,,72.0,0.0,0.0,50.0,closed,2392
2024_2024-05-14_HOU_OAK,2024,2024-05-14,,72.0,0.0,0.0,50.0,closed,2392
2024_2024-05-15_HOU_OAK,2024,2024-05-15,,72.0,0.0,0.0,50.0,closed,2392
2024_2024-05-16_HOU_OAK,2024,2024-05-16,,72.0,0.0,0.0,50.0,closed,2392
2024_2024-05-17_HOU_MIL,2024,2024-05-17,,72.0,0.0,0.0,50.0,closed,2392
2024_2024-05-18_HOU_MIL,2024,2024-05-18,,72.0,0.0,0.0,50.0,closed,2392
2024_2024-05-19_HOU_MIL,2024,2024-05-19,,72.0,0.0,0.0,50.0,closed,2392
2024_2024-05-20_HOU_LAA,2024,2024-05-20,,72.0,0.0,0.0,50.0,closed,2392
2024_2024-05-21_HOU_LAA,2024,2024-05-21,,72.0,0.0,0.0,50.0,closed,2392
2024_2024-05-22_HOU_LAA,2024,2024-05-22,,72.0,0.0,0.0,50.0,closed,2392
2024_2024-05-31_HOU_MIN,2024,2024-05-31,,72.0,0.0,0.0,50.0,closed,2392
2024_2024-06-01_HOU_MIN,2024,2024-06-01,,72.0,0.0,0.0,50.0,closed,2392
2024_2024-06-02_HOU_MIN,2024,2024-06-02,,72.0,0.0,0.0,50.0,closed,2392
2024_2024-06-03_HOU_STL,2024,2024-06-03,,72.0,0.0,0.0,50.0,closed,2392
2024_2024-06-04_HOU_STL,2024,2024-06-04,,72.0,0.0,0.0,50.0,closed,2392
2024_2024-06-05_HOU_STL,2024,2024-06-05,,72.0,0.0,0.0,50.0,closed,2392
2024_2024-06-26_HOU_COL,2024,2024-06-26,,72.0,0.0,0.0,50.0,closed,2392
2024_2024-07-09_HOU_MIA,2024,2024-07-09,,72.0,0.0,0.0,50.0,closed,2392
2024_2024-07-10_HOU_MIA,2024,2024-07-10,,72.0,0.0,0.0,50.0,closed,2392
2024_2024-07-11_HOU_MIA,2024,2024-07-11,,72.0,0.0,0.0,50.0,closed,2392
2024_2024-07-12_HOU_TEX,2024,2024-07-12,,72.0,0.0,0.0,50.0,closed,2392
2024_2024-07-13_HOU_TEX,2024,2024-07-13,,72.0,0.0,0.0,50.0,closed,2392
2024_2024-07-14_HOU_TEX,2024,2024-07-14,,72.0,0.0,0.0,50.0,closed,2392
2024_2024-07-26_HOU_LAD,2024,2024-07-26,,72.0,0.0,0.0,50.0,closed,2392
2024_2024-07-27_HOU_LAD,2024,2024-07-27,,72.0,0.0,0.0,50.0,closed,2392
2024_2024-07-28_HOU_LAD,2024,2024-07-28,,72.0,0.0,0.0,50.0,closed,2392
2024_2024-07-29_HOU_PIT,2024,2024-07-29,,72.0,0.0,0.0,50.0,closed,2392
2024_2024-07-30_HOU_PIT,2024,2024-07-30,,72.0,0.0,0.0,50.0,closed,2392
2024_2024-07-31_HOU_PIT,2024,2024-07-31,,72.0,0.0,0.0,50.0,closed,2392
2024_2024-08-19_HOU_BOS,2024,2024-08-19,,72.0,0.0,0.0,50.0,closed,2392
2024_2024-08-20_HOU_BOS,2024,2024-08-20,,72.0,0.0,0.0,50.0,closed,2392
2024_2024-08-21_HOU_BOS,2024,2024-08-21,,72.0,0.0,0.0,50.0,closed,2392
2024_2024-09-06_HOU_ARI,2024,2024-09-06,,72.0,0.0,0.0,50.0,closed,2392
2024_2024-09-07_HOU_ARI,2024,2024-09-07,,72.0,0.0,0.0,50.0,closed,2392
2024_2024-09-08_HOU_ARI,2024,2024-09-08,,72.0,0.0,0.0,50.0,closed,2392
2024_2024-09-10_HOU_OAK,2024,2024-09-10,,72.0,0.0,0.0,50.0,closed,2392
2024_2024-09-11_HOU_OAK,2024,2024-09-11,,72.0,0.0,0.0,50.0,closed,2392
2024_2024-09-12_HOU_OAK,2024,2024-09-12,,72.0,0.0,0.0,50.0,closed,2392
2024_2024-09-19_HOU_LAA,2024,2024-09-19,,72.0,0.0,0.0,50.0,closed,2392
2024_2024-09-20_HOU_LAA,2024,2024-09-20,,72.0,0.0,0.0,50.0,closed,2392
2024_2024-09-21_HOU_LAA,2024,2024-09-21,,72.0,0.0,0.0,50.0,closed,2392
2024_2024-09-22_HOU_LAA,2024,2024-09-22,,72.0,0.0,0.0,50.0,closed,2392
2024_2024-09-23_HOU_SEA,2024,2024-09-23,,72.0,0.0,0.0,50.0,closed,2392
2024_2024-09-24_HOU_SEA,2024,2024-09-24,,72.0,0.0,0.0,50.0,closed,2392
2024_2024-09-25_HOU_SEA,2024,2024-09-25,,72.0,0.0,0.0,50.0,closed,2392
2024_2024-08-02_HOU_TB,2024,2024-08-02,,72.0,0.0,0.0,50.0,closed,2392
2024_2024-08-03_HOU_TB,2024,2024-08-03,,72.0,0.0,0.0,50.0,closed,2392
2024_2024-08-04_HOU_TB,2024,2024-08-04,,72.0,0.0,0.0,50.0,closed,2392
2024_2024-06-07_DET_MIL,2024,2024-06-07,,68.43,14.53,0.7559,46.0,open,2394
2024_2024-06-08_DET_MIL,2024,2024-06-08,,74.73,11.33,-0.0924,40.7,open,2394
2024_2024-06-09_DET_MIL,2024,2024-06-09,,72.8,20.4,0.7206,39.0,open,2394
2024_2024-05-13_DET_MIA,2024,2024-05-13,,73.93,12.1,-0.3746,50.0,open,2394
2024_2024-05-14_DET_MIA,2024,2024-05-14,,62.33,13.43,0.3305,54.3,open,2394
2024_2024-05-15_DET_MIA,2024,2024-05-15,,66.5,11.1,0.3633,62.0,open,2394
2024_2024-06-24_DET_PHI,2024,2024-06-24,,79.7,4.2,-0.8462,44.0,open,2394
2024_2024-06-25_DET_PHI,2024,2024-06-25,,79.43,14.93,-0.134,70.0,open,2394
2024_2024-06-26_DET_PHI,2024,2024-06-26,,72.83,5.2,0.628,86.7,open,2394
2024_2024-08-27_DET_LAA,2024,2024-08-27,,89.67,10.57,0.0819,59.0,open,2394
2024_2024-08-28_DET_LAA,2024,2024-08-28,,76.53,4.5,0.2385,83.3,open,2394
2024_2024-08-29_DET_LAA,2024,2024-08-29,,76.03,5.13,-0.1132,77.3,open,2394
2024_2024-04-05_DET_OAK,2024,2024-04-05,,44.57,18.5,0.9848,40.3,open,2394
2024_2024-04-06_DET_OAK,2024,2024-04-06,,53.83,11.5,0.7672,42.3,open,2394
2024_2024-04-07_DET_OAK,2024,2024-04-07,,52.47,8.17,-0.5621,49.3,open,2394
2024_2024-04-15_DET_TEX,2024,2024-04-15,,58.23,9.03,-0.8007,56.7,open,2394
2024_2024-04-16_DET_TEX,2024,2024-04-16,,59.9,12.2,-0.1977,49.0,open,2394
2024_2024-04-17_DET_TEX,2024,2024-04-17,,69.43,17.47,-0.8049,73.7,open,2394
2024_2024-04-18_DET_TEX,2024,2024-04-18,,61.73,4.43,0.5693,57.0,open,2394
2024_2024-04-12_DET_MIN,2024,2024-04-12,,46.2,24.3,0.8387,83.7,open,2394
2024_2024-04-13_DET_MIN,2024,2024-04-13,,57.27,15.2,0.712,40.3,open,2394
2024_2024-04-14_DET_MIN,2024,2024-04-14,,75.53,15.53,0.6115,44.7,open,2394
2024_2024-04-26_DET_KC,2024,2024-04-26,,56.37,13.2,-0.4571,54.7,open,2394
2024_2024-04-27_DET_KC,2024,2024-04-27,,73.43,15.3,-0.4462,66.7,open,2394
2024_2024-04-28_DET_KC,2024,2024-04-28,,74.23,14.33,-0.1392,67.7,open,2394
2024_2024-04-30_DET_STL,2024,2024-04-30,,70.0,13.7,0.3355,45.0,open,2394
2024_2024-05-01_DET_STL,2024,2024-05-01,,75.43,18.0,-0.2453,52.3,open,2394
2024_2024-05-23_DET_TOR,2024,2024-05-23,,77.2,12.47,-0.0854,29.3,open,2394
2024_2024-05-24_DET_TOR,2024,2024-05-24,,78.37,7.93,-1.0,31.7,open,2394
2024_2024-05-25_DET_TOR,2024,2024-05-25,,80.47,10.43,0.5693,45.0,open,2394
2024_2024-05-26_DET_TOR,2024,2024-05-26,,75.43,13.13,-0.6587,57.3,open,2394
2024_2024-05-29_DET_PIT,2024,2024-05-29,,64.97,12.27,0.7727,64.3,open,2394
2024_2024-06-11_DET_WSH,2024,2024-06-11,,68.3,8.27,-0.9871,46.7,open,2394
2024_2024-06-12_DET_WSH,2024,2024-06-12,,79.53,12.8,-0.7837,45.7,open,2394
2024_2024-06-13_DET_WSH,2024,2024-06-13,,85.6,17.4,-0.4147,44.3,open,2394
2024_2024-06-21_DET_CWS,2024,2024-06-21,,81.43,5.3,0.4802,71.3,open,2394
2024_2024-06-22_DET_CWS,2024,2024-06-22,,90.7,14.6,-0.2147,40.3,open,2394
2024_2024-06-23_DET_CWS,2024,2024-06-23,,81.57,17.93,0.7615,57.7,open,2394
2024_2024-07-08_DET_CLE,2024,2024-07-08,,85.2,9.7,-0.7524,43.0,open,2394
2024_2024-07-09_DET_CLE,2024,2024-07-09,,75.43,4.53,0.108,85.7,open,2394
2024_2024-07-10_DET_CLE,2024,2024-07-10,,69.03,18.67,0.9895,77.3,open,2394
2024_2024-07-11_DET_CLE,2024,2024-07-11,,79.4,3.8,0.7022,54.7,open,2394
2024_2024-07-12_DET_LAD,2024,2024-07-12,,76.6,5.2,-0.2011,70.7,open,2394
2024_2024-07-13_DET_LAD,2024,2024-07-13,,82.33,2.53,-0.9107,56.7,open,2394
2024_2024-07-14_DET_LAD,2024,2024-07-14,,84.23,13.4,-0.1977,60.3,open,2394
2024_2024-07-26_DET_MIN,2024,2024-07-26,,75.5,6.4,-0.6101,45.7,open,2394
2024_2024-07-27_DET_MIN,2024,2024-07-27,,79.43,6.2,-0.8572,48.7,open,2394
2024_2024-07-28_DET_MIN,2024,2024-07-28,,84.53,6.87,-0.8886,44.7,open,2394
2024_2024-07-29_DET_CLE,2024,2024-07-29,,79.37,7.43,-0.915,74.3,open,2394
2024_2024-07-30_DET_CLE,2024,2024-07-30,,81.53,10.17,0.6691,65.0,open,2394
2024_2024-08-01_DET_KC,2024,2024-08-01,,78.87,7.57,0.8894,76.3,open,2394
2024_2024-08-02_DET_KC,2024,2024-08-02,,80.43,7.0,-0.2605,67.3,open,2394
2024_2024-08-03_DET_KC,2024,2024-08-03,,84.7,9.5,0.9968,39.3,open,2394
2024_2024-08-04_DET_KC,2024,2024-08-04,,85.3,5.73,-0.8039,49.7,open,2394
2024_2024-08-16_DET_NYY,2024,2024-08-16,,78.33,4.63,-0.8821,73.7,open,2394
2024_2024-08-17_DET_NYY,2024,2024-08-17,,78.47,11.73,-0.1132,66.3,open,2394
2024_2024-09-10_DET_COL,2024,2024-09-10,,73.87,6.7,-0.91,63.7,open,2394
2024_2024-09-11_DET_COL,2024,2024-09-11,,78.0,6.17,-0.9803,49.3,open,2394
2024_2024-09-12_DET_COL,2024,2024-09-12,,80.27,9.07,-0.213,53.7,open,2394
2024_2024-09-13_DET_BAL,2024,2024-09-13,,75.63,11.1,-0.5,52.0,open,2394
2024_2024-09-14_DET_BAL,2024,2024-09-14,,75.8,10.83,-0.5505,59.3,open,2394
2024_2024-09-15_DET_BAL,2024,2024-09-15,,80.0,7.43,-0.9348,50.7,open,2394
2024_2024-09-27_DET_CWS,2024,2024-09-27,,69.63,18.23,0.0993,57.7,open,2394
2024_2024-09-28_DET_CWS,2024,2024-09-28,,68.07,11.67,-0.1305,92.3,open,2394
2024_2024-04-13_DET_MIN_2,2024,2024-04-13,,57.27,15.2,0.712,40.3,open,2394
2024_2024-04-30_DET_STL_2,2024,2024-04-30,,70.0,13.7,0.3355,45.0,open,2394
2024_2024-05-29_DET_PIT_2,2024,2024-05-29,,64.97,12.27,0.7727,64.3,open,2394
2024_2024-09-29_DET_CWS,2024,2024-09-29,,71.77,11.9,0.2605,76.7,open,2394
2024_2024-10-09_DET_CLE,2024,2024-10-09,,61.97,11.17,0.9744,35.7,open,2394
2024_2024-10-10_DET_CLE,2024,2024-10-10,,56.77,4.57,-0.9995,55.3,open,2394
2024_2024-05-10_DET_HOU,2024,2024-05-10,,61.47,7.83,0.9641,38.0,open,2394
2024_2024-05-11_DET_HOU,2024,2024-05-11,,59.23,15.2,0.999,49.7,open,2394
2024_2024-05-12_DET_HOU,2024,2024-05-12,,64.73,5.07,-0.3206,48.7,open,2394
2024_2024-08-13_DET_SEA,2024,2024-08-13,,76.1,4.6,-0.8988,57.3,open,2394
2024_2024-08-14_DET_SEA,2024,2024-08-14,,77.07,4.33,-0.5135,44.7,open,2394
2024_2024-08-15_DET_SEA,2024,2024-08-15,,80.13,7.43,-0.9974,48.3,open,2394
2024_2024-08-30_DET_BOS,2024,2024-08-30,,83.17,9.33,-0.5388,66.3,open,2394
2024_2024-08-31_DET_BOS,2024,2024-08-31,,80.13,6.13,0.7133,46.0,open,2394
2024_2024-09-01_DET_BOS,2024,2024-09-01,,77.67,11.63,0.9548,47.3,open,2394
2024_2024-09-24_DET_TB,2024,2024-09-24,,69.47,6.63,-0.8918,81.3,open,2394
2024_2024-09-25_DET_TB,2024,2024-09-25,,72.63,5.6,0.5764,62.0,open,2394
2024_2024-09-26_DET_TB,2024,2024-09-26,,71.03,8.4,0.1805,59.7,open,2394
2024_2024-06-14_SF_LAA,2024,2024-06-14,,61.97,12.7,0.998,55.7,open,2395
2024_2024-06-15_SF_LAA,2024,2024-06-15,,74.17,15.23,0.99,36.0,open,2395
2024_2024-06-16_SF_LAA,2024,2024-06-16,,74.13,18.0,0.9622,30.3,open,2395
2024_2024-06-10_SF_HOU,2024,2024-06-10,,59.3,15.3,0.9403,75.3,open,2395
2024_2024-06-11_SF_HOU,2024,2024-06-11,,67.63,10.3,0.8161,53.7,open,2395
2024_2024-06-12_SF_HOU,2024,2024-06-12,,65.47,17.57,0.7727,57.3,open,2395
2024_2024-07-30_SF_OAK,2024,2024-07-30,,61.43,16.0,0.9903,83.7,open,2395
2024_2024-07-31_SF_OAK,2024,2024-07-31,,60.13,13.63,0.9225,86.0,open,2395
2024_2024-08-09_SF_DET,2024,2024-08-09,,58.1,16.63,0.9636,87.7,open,2395
2024_2024-08-10_SF_DET,2024,2024-08-10,,66.8,14.67,0.9219,63.3,open,2395
2024_2024-08-11_SF_DET,2024,2024-08-11,,60.73,16.9,0.9252,79.3,open,2395
2024_2024-07-12_SF_MIN,2024,2024-07-12,,58.53,12.8,0.9048,82.0,open,2395
2024_2024-07-13_SF_MIN,2024,2024-07-13,,62.9,18.0,0.9348,74.0,open,2395
2024_2024-07-14_SF_MIN,2024,2024-07-14,,64.47,15.43,0.9917,71.3,open,2395
2024_2024-08-19_SF_CWS,2024,2024-08-19,,63.6,15.0,0.9973,63.0,open,2395
2024_2024-08-20_SF_CWS,2024,2024-08-20,,66.3,15.0,0.998,59.3,open,2395
2024_2024-08-21_SF_CWS,2024,2024-08-21,,65.23,14.63,0.933,71.7,open,2395
2024_2024-05-31_SF_NYY,2024,2024-05-31,,56.8,15.83,0.8387,70.7,open,2395
2024_2024-06-01_SF_NYY,2024,2024-06-01,,58.9,16.47,0.9848,73.0,open,2395
2024_2024-06-02_SF_NYY,2024,2024-06-02,,68.93,18.53,0.9978,52.0,open,2395
2024_2024-07-09_SF_TOR,2024,2024-07-09,,60.97,14.7,0.9681,83.0,open,2395
2024_2024-07-10_SF_TOR,2024,2024-07-10,,62.7,11.77,0.8536,76.0,open,2395
2024_2024-07-11_SF_TOR,2024,2024-07-11,,70.07,9.93,0.9869,57.7,open,2395
2024_2024-04-18_SF_ARI,2024,2024-04-18,,55.13,10.4,0.9011,88.3,open,2395
2024_2024-04-19_SF_ARI,2024,2024-04-19,,53.9,10.03,0.9298,87.7,open,2395
2024_2024-04-20_SF_ARI,2024,2024-04-20,,63.73,14.53,0.977,61.0,open,2395
2024_2024-04-21_SF_ARI,2024,2024-04-21,,65.03,7.83,0.9785,76.7,open,2395
2024_2024-09-03_SF_ARI,2024,2024-09-03,,72.93,12.6,0.9438,53.0,open,2395
2024_2024-09-04_SF_ARI,2024,2024-09-04,,60.9,12.5,0.9778,93.7,open,2395
2024_2024-09-05_SF_ARI,2024,2024-09-05,,65.97,10.07,0.9673,67.7,open,2395
2024_2024-05-17_SF_COL,2024,2024-05-17,,55.0,13.73,0.8669,84.3,open,2395
2024_2024-05-18_SF_COL,2024,2024-05-18,,61.43,17.93,0.8348,66.3,open,2395
2024_2024-05-19_SF_COL,2024,2024-05-19,,62.5,13.83,0.9681,54.3,open,2395
2024_2024-07-26_SF_COL,2024,2024-07-26,,57.8,17.3,0.9655,82.0,open,2395
2024_2024-07-27_SF_COL,2024,2024-07-27,,60.03,16.43,0.9888,75.3,open,2395
2024_2024-07-28_SF_COL,2024,2024-07-28,,64.3,14.57,0.9272,68.3,open,2395
2024_2024-05-13_SF_LAD,2024,2024-05-13,,56.13,13.27,0.8973,81.0,open,2395
2024_2024-05-14_SF_LAD,2024,2024-05-14,,55.57,14.2,0.91,86.7,open,2395
2024_2024-05-15_SF_LAD,2024,2024-05-15,,56.73,16.77,0.9494,86.3,open,2395
2024_2024-06-28_SF_LAD,2024,2024-06-28,,57.73,13.17,0.7705,76.3,open,2395
2024_2024-06-29_SF_LAD,2024,2024-06-29,,64.9,15.37,0.8829,59.7,open,2395
2024_2024-06-30_SF_LAD,2024,2024-06-30,,77.13,17.47,0.9962,44.7,open,2395
2024_2024-04-05_SF_SD,2024,2024-04-05,,54.67,11.7,0.8721,52.7,open,2395
2024_2024-04-06_SF_SD,2024,2024-04-06,,52.17,11.63,0.9785,66.3,open,2395
2024_2024-04-07_SF_SD,2024,2024-04-07,,58.83,7.37,0.9699,53.3,open,2395
2024_2024-09-13_SF_SD,2024,2024-09-13,,58.57,10.97,0.8755,87.7,open,2395
2024_2024-09-14_SF_SD,2024,2024-09-14,,59.1,15.73,0.8607,83.0,open,2395
2024_2024-09-15_SF_SD,2024,2024-09-15,,65.03,22.97,0.9945,64.0,open,2395
2024_2024-04-08_SF_WSH,2024,2024-04-08,,59.6,10.73,0.9403,66.0,open,2395
2024_2024-04-09_SF_WSH,2024,2024-04-09,,56.9,10.0,0.9655,81.3,open,2395
2024_2024-04-10_SF_WSH,2024,2024-04-10,,69.73,4.0,0.225,65.3,open,2395
2024_2024-04-22_SF_NYM,2024,2024-04-22,,55.23,17.67,0.83,80.7,open,2395
2024_2024-04-23_SF_NYM,2024,2024-04-23,,56.73,12.8,0.6225,71.0,open,2395
2024_2024-04-24_SF_NYM,2024,2024-04-24,,60.8,8.2,0.9291,67.3,open,2395
2024_2024-04-26_SF_PIT,2024,2024-04-26,,54.27,18.57,0.9184,80.3,open,2395
2024_2024-04-27_SF_PIT,2024,2024-04-27,,57.1,13.83,0.9627,70.7,open,2395
2024_2024-04-28_SF_PIT,2024,2024-04-28,,65.77,18.27,0.974,55.0,open,2395
2024_2024-05-10_SF_CIN,2024,2024-05-10,,57.27,10.17,0.9432,77.3,open,2395
2024_2024-05-11_SF_CIN,2024,2024-05-11,,61.73,14.37,0.9646,71.3,open,2395
2024_2024-05-12_SF_CIN,2024,2024-05-12,,60.4,15.13,0.9548,74.3,open,2395
2024_2024-05-27_SF_PHI,2024,2024-05-27,,59.2,14.5,0.8886,68.0,open,2395
2024_2024-05-28_SF_PHI,2024,2024-05-28,,61.07,16.1,0.9848,61.7,open,2395
2024_2024-05-29_SF_PHI,2024,2024-05-29,,69.8,14.27,0.989,41.3,open,2395
2024_2024-06-24_SF_CHC,2024,2024-06-24,,56.7,12.0,0.9744,78.0,open,2395
2024_2024-06-25_SF_CHC,2024,2024-06-25,,56.77,14.43,0.9164,80.0,open,2395
2024_2024-06-26_SF_CHC,2024,2024-06-26,,58.97,17.93,0.9711,73.0,open,2395
2024_2024-06-27_SF_CHC,2024,2024-06-27,,69.17,11.97,0.9636,50.7,open,2395
2024_2024-08-12_SF_ATL,2024,2024-08-12,,59.73,17.3,0.9588,75.3,open,2395
2024_2024-08-13_SF_ATL,2024,2024-08-13,,65.1,13.73,0.9367,64.0,open,2395
2024_2024-08-14_SF_ATL,2024,2024-08-14,,64.0,15.13,0.9636,71.0,open,2395
2024_2024-08-15_SF_ATL,2024,2024-08-15,,74.93,12.93,0.9973,46.3,open,2395
2024_2024-08-30_SF_MIA,2024,2024-08-30,,61.0,10.97,0.9415,82.3,open,2395
2024_2024-08-31_SF_MIA,2024,2024-08-31,,61.93,13.73,0.9848,80.3,open,2395
2024_2024-09-01_SF_MIA,2024,2024-09-01,,67.6,17.03,0.9962,64.3,open,2395
2024_2024-09-10_SF_MIL,2024,2024-09-10,,57.53,15.07,0.9785,86.7,open,2395
2024_2024-09-11_SF_MIL,2024,2024-09-11,,64.97,16.5,0.9836,84.0,open,2395
2024_2024-09-12_SF_MIL,2024,2024-09-12,,64.57,10.9,0.986,67.3,open,2395
2024_2024-09-27_SF_STL,2024,2024-09-27,,65.73,6.9,0.9184,68.7,open,2395
2024_2024-09-28_SF_STL,2024,2024-09-28,,62.9,14.9,0.9568,77.0,open,2395
2024_2024-07-27_SF_COL_2,2024,2024-07-27,,60.03,16.43,0.9888,75.3,open,2395
2024_2024-09-29_SF_STL,2024,2024-09-29,,64.63,10.1,0.9397,65.7,open,2395
2024_2024-05-21_CIN_SD,2024,2024-05-21,,81.77,7.67,-0.5314,56.0,open,2602
2024_2024-05-22_CIN_SD,2024,2024-05-22,,80.47,9.4,0.1461,61.7,open,2602
2024_2024-05-23_CIN_SD,2024,2024-05-23,,76.33,6.83,-0.7536,58.3,open,2602
2024_2024-06-06_CIN_CHC,2024,2024-06-06,,75.7,10.0,0.9836,42.0,open,2602
2024_2024-06-07_CIN_CHC,2024,2024-06-07,,74.1,8.63,0.91,41.7,open,2602
2024_2024-06-08_CIN_CHC,2024,2024-06-08,,77.3,9.37,0.2521,53.0,open,2602
2024_2024-06-09_CIN_CHC,2024,2024-06-09,,75.47,8.27,0.95,38.0,open,2602
2024_2024-07-29_CIN_CHC,2024,2024-07-29,,80.1,9.27,0.153,70.7,open,2602
2024_2024-07-30_CIN_CHC,2024,2024-07-30,,83.87,5.13,0.8231,64.0,open,2602
2024_2024-07-31_CIN_CHC,2024,2024-07-31,,80.73,6.5,0.7912,78.7,open,2602
2024_2024-04-05_CIN_NYM,2024,2024-04-05,,45.4,9.13,0.8517,56.7,open,2602
2024_2024-04-06_CIN_NYM,2024,2024-04-06,,55.7,6.33,0.6157,38.7,open,2602
2024_2024-04-07_CIN_NYM,2024,2024-04-07,,58.83,10.73,-0.9917,42.7,open,2602
2024_2024-04-08_CIN_MIL,2024,2024-04-08,,70.83,7.17,-0.0628,52.3,open,2602
2024_2024-04-09_CIN_MIL,2024,2024-04-09,,64.93,9.4,0.1219,76.7,open,2602
2024_2024-04-10_CIN_MIL,2024,2024-04-10,,61.53,6.8,-0.9877,94.3,open,2602
2024_2024-04-19_CIN_LAA,2024,2024-04-19,,57.87,9.6,0.9219,46.0,open,2602
2024_2024-04-20_CIN_LAA,2024,2024-04-20,,50.93,9.0,0.9981,44.0,open,2602
2024_2024-04-21_CIN_LAA,2024,2024-04-21,,47.9,8.1,0.9011,48.3,open,2602
2024_2024-04-22_CIN_PHI,2024,2024-04-22,,58.07,5.53,0.0209,42.7,open,2602
2024_2024-04-23_CIN_PHI,2024,2024-04-23,,61.3,9.93,0.4352,59.7,open,2602
2024_2024-04-24_CIN_PHI,2024,2024-04-24,,56.43,8.9,0.7108,53.0,open,2602
2024_2024-04-25_CIN_PHI,2024,2024-04-25,,54.97,5.2,-0.506,52.7,open,2602
2024_2024-05-03_CIN_BAL,2024,2024-05-03,,70.83,3.1,0.6691,78.3,open,2602
2024_2024-05-04_CIN_BAL,2024,2024-05-04,,70.37,5.4,0.0052,82.0,open,2602
2024_2024-05-05_CIN_BAL,2024,2024-05-05,,76.4,6.83,0.8368,57.3,open,2602
2024_2024-05-07_CIN_ARI,2024,2024-05-07,,76.1,12.03,-0.2385,74.0,open,2602
2024_2024-05-08_CIN_ARI,2024,2024-05-08,,79.93,2.6,-0.9003,51.7,open,2602
2024_2024-05-09_CIN_ARI,2024,2024-05-09,,72.53,10.23,0.5075,73.0,open,2602
2024_2024-05-24_CIN_LAD,2024,2024-05-24,,75.97,6.47,-0.7325,65.3,open,2602
2024_2024-05-25_CIN_LAD,2024,2024-05-25,,75.77,3.83,0.9962,71.3,open,2602
2024_2024-05-26_CIN_LAD,2024,2024-05-26,,77.03,10.97,-0.6428,71.0,open,2602
2024_2024-05-27_CIN_STL,2024,2024-05-27,,76.33,15.5,0.8796,49.3,open,2602
2024_2024-05-28_CIN_STL,2024,2024-05-28,,71.7,9.13,0.9816,48.0,open,2602
2024_2024-05-29_CIN_STL,2024,2024-05-29,,66.53,11.73,0.9272,54.0,open,2602
2024_2024-06-11_CIN_CLE,2024,2024-06-11,,71.53,2.63,-0.2504,47.7,open,2602
2024_2024-06-12_CIN_CLE,2024,2024-06-12,,78.23,2.87,0.1616,42.0,open,2602
2024_2024-06-24_CIN_PIT,2024,2024-06-24,,81.53,6.57,0.9983,40.0,open,2602
2024_2024-06-25_CIN_PIT,2024,2024-06-25,,78.57,8.13,0.1633,75.0,open,2602
2024_2024-06-26_CIN_PIT,2024,2024-06-26,,79.37,8.3,0.3057,65.3,open,2602
2024_2024-07-05_CIN_DET,2024,2024-07-05,,77.63,5.9,0.749,76.3,open,2602
2024_2024-07-06_CIN_DET,2024,2024-07-06,,82.43,8.1,0.8471,43.7,open,2602
2024_2024-07-07_CIN_DET,2024,2024-07-07,,83.97,1.7,-0.9164,43.3,open,2602
2024_2024-07-08_CIN_COL,2024,2024-07-08,,85.07,3.5,0.1805,52.3,open,2602
2024_2024-07-09_CIN_COL,2024,2024-07-09,,82.7,9.6,-0.9999,67.7,open,2602
2024_2024-07-10_CIN_COL,2024,2024-07-10,,76.8,7.27,0.9992,57.3,open,2602
2024_2024-07-11_CIN_COL,2024,2024-07-11,,84.2,0.73,0.9516,46.7,open,2602
2024_2024-07-12_CIN_MIA,2024,2024-07-12,,82.0,2.73,0.5736,64.3,open,2602
2024_2024-07-13_CIN_MIA,2024,2024-07-13,,89.03,4.2,0.9598,41.7,open,2602
2024_2024-07-14_CIN_MIA,2024,2024-07-14,,84.73,9.97,0.5388,66.3,open,2602
2024_2024-08-12_CIN_STL,2024,2024-08-12,,79.3,1.13,-0.1184,40.0,open,2602
2024_2024-08-13_CIN_STL,2024,2024-08-13,,81.27,3.0,0.4863,43.7,open,2602
2024_2024-08-14_CIN_STL,2024,2024-08-14,,83.27,6.6,-0.421,35.7,open,2602
2024_2024-08-27_CIN_OAK,2024,2024-08-27,,91.43,2.77,0.0558,44.0,open,2602
2024_2024-08-28_CIN_OAK,2024,2024-08-28,,79.23,6.23,0.9803,80.7,open,2602
2024_2024-08-29_CIN_OAK,2024,2024-08-29,,91.87,2.07,0.1063,43.0,open,2602
2024_2024-08-30_CIN_MIL,2024,2024-08-30,,94.27,7.0,-0.1925,37.0,open,2602
2024_2024-08-31_CIN_MIL,2024,2024-08-31,,77.17,2.47,0.9537,75.0,open,2602
2024_2024-09-01_CIN_MIL,2024,2024-09-01,,81.9,4.27,0.9848,43.0,open,2602
2024_2024-09-17_CIN_ATL,2024,2024-09-17,,77.97,3.6,-0.4226,43.7,open,2602
2024_2024-09-18_CIN_ATL,2024,2024-09-18,,81.63,4.5,0.304,51.3,open,2602
2024_2024-09-19_CIN_ATL,2024,2024-09-19,,87.4,3.97,0.497,36.0,open,2602
2024_2024-09-20_CIN_PIT,2024,2024-09-20,,86.03,5.07,0.8192,43.3,open,2602
2024_2024-09-21_CIN_PIT,2024,2024-09-21,,86.5,1.6,0.4833,47.0,open,2602
2024_2024-09-22_CIN_PIT,2024,2024-09-22,,78.73,8.33,0.7218,69.7,open,2602
2024_2024-08-16_CIN_KC,2024,2024-08-16,,75.77,4.97,0.3322,86.7,open,2602
2024_2024-08-17_CIN_KC,2024,2024-08-17,,80.03,10.17,0.898,57.7,open,2602
2024_2024-08-18_CIN_KC,2024,2024-08-18,,76.27,7.47,0.9995,69.0,open,2602
2024_2024-08-02_CIN_SF,2024,2024-08-02,,75.53,5.0,0.9923,81.3,open,2602
2024_2024-08-03_CIN_SF,2024,2024-08-03,,80.47,4.4,0.2622,70.0,open,2602
2024_2024-08-04_CIN_SF,2024,2024-08-04,,84.23,1.63,0.1253,63.0,open,2602
2024_2024-03-28_CIN_WSH,2024,2024-03-28,,55.07,11.57,0.9664,36.0,open,2602
2024_2024-03-30_CIN_WSH,2024,2024-03-30,,71.9,16.63,0.6997,47.3,open,2602
2024_2024-03-31_CIN_WSH,2024,2024-03-31,,61.5,2.57,-0.9157,73.3,open,2602
2024_2024-08-30_CIN_MIL_2,2024,2024-08-30,,88.7,6.13,0.9466,48.0,open,2602
2024_2024-09-02_CIN_HOU,2024,2024-09-02,,75.93,10.27,0.1219,33.3,open,2602
2024_2024-09-04_CIN_HOU,2024,2024-09-04,,81.43,5.17,-0.9885,44.3,open,2602
2024_2024-09-05_CIN_HOU,2024,2024-09-05,,83.93,1.57,-0.632,48.0,open,2602
2024_2024-06-21_CIN_BOS,2024,2024-06-21,,90.03,3.23,0.9707,45.0,open,2602
2024_2024-06-22_CIN_BOS,2024,2024-06-22,,92.1,9.57,0.342,39.0,open,2602
2024_2024-06-23_CIN_BOS,2024,2024-06-23,,85.57,13.7,0.6794,61.7,open,2602
2024_2024-05-10_SD_LAD,2024,2024-05-10,,61.9,9.17,-0.3107,72.7,open,2680
2024_2024-05-11_SD_LAD,2024,2024-05-11,,62.7,8.03,0.0541,73.7,open,2680
2024_2024-05-12_SD_LAD,2024,2024-05-12,,69.37,11.13,0.1444,57.7,open,2680
2024_2024-05-13_SD_COL,2024,2024-05-13,,61.53,7.87,-0.454,74.7,open,2680
2024_2024-05-14_SD_COL,2024,2024-05-14,,61.0,6.83,0.6032,73.0,open,2680
2024_2024-05-15_SD_COL,2024,2024-05-15,,65.83,8.83,0.1513,62.0,open,2680
2024_2024-05-24_SD_NYY,2024,2024-05-24,,61.83,8.73,0.1201,71.3,open,2680
2024_2024-05-25_SD_NYY,2024,2024-05-25,,60.1,5.97,0.1959,73.3,open,2680
2024_2024-05-26_SD_NYY,2024,2024-05-26,,65.67,10.57,0.1097,59.3,open,2680
2024_2024-05-27_SD_MIA,2024,2024-05-27,,66.37,11.77,-0.1149,64.3,open,2680
2024_2024-05-28_SD_MIA,2024,2024-05-28,,62.13,6.87,-0.1288,76.7,open,2680
2024_2024-05-29_SD_MIA,2024,2024-05-29,,67.27,10.57,0.6157,61.7,open,2680
2024_2024-06-06_SD_ARI,2024,2024-06-06,,65.3,5.93,-0.0157,77.7,open,2680
2024_2024-06-07_SD_ARI,2024,2024-06-07,,63.73,7.03,0.4924,78.3,open,2680
2024_2024-06-08_SD_ARI,2024,2024-06-08,,65.93,8.37,0.4848,73.0,open,2680
2024_2024-06-09_SD_ARI,2024,2024-06-09,,69.17,11.13,0.5505,58.3,open,2680
2024_2024-06-10_SD_OAK,2024,2024-06-10,,65.0,8.2,0.0035,75.7,open,2680
2024_2024-06-11_SD_OAK,2024,2024-06-11,,63.9,7.5,0.4802,78.3,open,2680
2024_2024-06-12_SD_OAK,2024,2024-06-12,,71.8,10.33,0.2113,57.7,open,2680
2024_2024-06-20_SD_MIL,2024,2024-06-20,,66.43,9.5,-0.4726,76.0,open,2680
2024_2024-06-21_SD_MIL,2024,2024-06-21,,68.0,6.17,-0.1271,70.0,open,2680
2024_2024-06-22_SD_MIL,2024,2024-06-22,,74.5,9.03,-0.0523,60.7,open,2680
2024_2024-06-23_SD_MIL,2024,2024-06-23,,77.27,9.8,0.575,58.0,open,2680
2024_2024-07-05_SD_ARI,2024,2024-07-05,,70.23,7.23,0.8018,79.0,open,2680
2024_2024-07-06_SD_ARI,2024,2024-07-06,,69.87,6.67,0.8462,78.7,open,2680
2024_2024-07-07_SD_ARI,2024,2024-07-07,,73.93,10.37,0.5606,67.3,open,2680
2024_2024-07-09_SD_SEA,2024,2024-07-09,,69.53,6.9,-0.108,77.0,open,2680
2024_2024-07-10_SD_SEA,2024,2024-07-10,,74.4,10.13,0.6833,69.3,open,2680
2024_2024-07-12_SD_ATL,2024,2024-07-12,,70.53,7.6,-0.4772,76.0,open,2680
2024_2024-07-13_SD_ATL,2024,2024-07-13,,73.1,8.67,0.3875,67.7,open,2680
2024_2024-07-14_SD_ATL,2024,2024-07-14,,74.8,10.9,0.2368,65.3,open,2680
2024_2024-07-30_SD_LAD,2024,2024-07-30,,69.7,5.57,-0.2198,71.7,open,2680
2024_2024-07-31_SD_LAD,2024,2024-07-31,,72.37,9.27,-0.225,62.0,open,2680
2024_2024-08-02_SD_COL,2024,2024-08-02,,75.5,8.07,-0.4772,58.0,open,2680
2024_2024-08-03_SD_COL,2024,2024-08-03,,74.63,8.9,-0.3123,62.7,open,2680
2024_2024-08-04_SD_COL,2024,2024-08-04,,78.63,11.23,-0.2011,59.3,open,2680
2024_2024-08-12_SD_PIT,2024,2024-08-12,,73.73,5.8,-0.0663,78.0,open,2680
2024_2024-08-13_SD_PIT,2024,2024-08-13,,72.1,5.9,0.4352,79.0,open,2680
2024_2024-08-14_SD_PIT,2024,2024-08-14,,77.87,10.67,0.5878,61.3,open,2680
2024_2024-08-19_SD_MIN,2024,2024-08-19,,73.83,8.7,-0.5807,71.7,open,2680
2024_2024-08-20_SD_MIN,2024,2024-08-20,,75.47,6.33,-0.3107,58.7,open,2680
2024_2024-08-21_SD_MIN,2024,2024-08-21,,77.23,11.3,0.8453,63.7,open,2680
2024_2024-08-22_SD_NYM,2024,2024-08-22,,70.87,7.73,-0.3486,77.7,open,2680
2024_2024-08-23_SD_NYM,2024,2024-08-23,,69.77,6.47,0.4003,74.7,open,2680
2024_2024-08-24_SD_NYM,2024,2024-08-24,,70.4,6.97,0.2571,70.7,open,2680
2024_2024-08-25_SD_NYM,2024,2024-08-25,,77.07,11.8,0.0906,51.3,open,2680
2024_2024-09-02_SD_DET,2024,2024-09-02,,74.83,9.6,0.6534,69.0,open,2680
2024_2024-09-04_SD_DET,2024,2024-09-04,,75.57,5.77,0.0488,72.3,open,2680
2024_2024-09-05_SD_DET,2024,2024-09-05,,82.53,5.93,0.0471,55.7,open,2680
2024_2024-09-16_SD_HOU,2024,2024-09-16,,66.9,11.27,-0.2605,63.3,open,2680
2024_2024-09-17_SD_HOU,2024,2024-09-17,,67.0,5.57,0.3795,65.7,open,2680
2024_2024-09-18_SD_HOU,2024,2024-09-18,,71.1,10.53,0.4083,58.0,open,2680
2024_2024-09-20_SD_CWS,2024,2024-09-20,,67.07,7.07,-0.599,72.7,open,2680
2024_2024-09-21_SD_CWS,2024,2024-09-21,,68.27,9.53,-0.3355,74.7,open,2680
2024_2024-09-22_SD_CWS,2024,2024-09-22,,73.5,12.0,-0.3584,66.0,open,2680
2024_2024-03-28_SD_SF,2024,2024-03-28,,62.7,13.03,-0.4289,68.7,open,2680
2024_2024-03-29_SD_SF,2024,2024-03-29,,56.7,7.53,0.9951,66.3,open,2680
2024_2024-03-30_SD_SF,2024,2024-03-30,,54.43,7.8,0.9677,77.7,open,2680
2024_2024-03-31_SD_SF,2024,2024-03-31,,59.77,21.73,0.9989,68.0,open,2680
2024_2024-06-24_SD_WSH,2024,2024-06-24,,71.03,6.57,0.2487,63.0,open,2680
2024_2024-06-25_SD_WSH,2024,2024-06-25,,69.3,7.2,0.4147,75.3,open,2680
2024_2024-06-26_SD_WSH,2024,2024-06-26,,73.53,11.0,0.4337,62.3,open,2680
2024_2024-09-06_SD_SF,2024,2024-09-06,,74.7,4.4,0.8821,74.7,open,2680
2024_2024-09-07_SD_SF,2024,2024-09-07,,85.17,6.43,0.0506,51.7,open,2680
2024_2024-09-08_SD_SF,2024,2024-09-08,,90.47,9.37,0.0802,42.7,open,2680
2024_2024-10-01_SD_ATL,2024,2024-10-01,,72.7,7.5,-0.247,71.0,open,2680
2024_2024-10-02_SD_ATL,2024,2024-10-02,,71.0,5.4,0.4939,76.0,open,2680
2024_2024-10-08_SD_LAD,2024,2024-10-08,,67.0,3.37,-0.134,83.7,open,2680
2024_2024-10-09_SD_LAD,2024,2024-10-09,,65.93,4.63,-0.0523,83.3,open,2680
2024_2024-04-01_SD_STL,2024,2024-04-01,,57.73,6.33,-0.6717,82.3,open,2680
2024_2024-04-02_SD_STL,2024,2024-04-02,,60.83,4.03,-0.6334,84.0,open,2680
2024_2024-04-03_SD_STL,2024,2024-04-03,,65.5,10.5,-0.2974,74.7,open,2680
2024_2024-04-08_SD_CHC,2024,2024-04-08,,58.5,6.1,-0.6004,76.3,open,2680
2024_2024-04-09_SD_CHC,2024,2024-04-09,,62.5,7.07,-0.999,61.7,open,2680
2024_2024-04-10_SD_CHC,2024,2024-04-10,,71.17,7.8,-0.289,46.7,open,2680
2024_2024-04-19_SD_TOR,2024,2024-04-19,,60.07,6.4,-0.3206,73.7,open,2680
2024_2024-04-20_SD_TOR,2024,2024-04-20,,62.37,9.77,-0.1668,70.0,open,2680
2024_2024-04-21_SD_TOR,2024,2024-04-21,,66.5,8.67,0.2284,67.3,open,2680
2024_2024-04-26_SD_PHI,2024,2024-04-26,,59.93,9.7,0.0541,70.0,open,2680
2024_2024-04-27_SD_PHI,2024,2024-04-27,,62.83,8.37,-0.0802,67.0,open,2680
2024_2024-04-28_SD_PHI,2024,2024-04-28,,66.93,10.47,0.3616,59.0,open,2680
2024_2024-04-29_SD_CIN,2024,2024-04-29,,62.63,5.23,0.4019,78.7,open,2680
2024_2024-04-30_SD_CIN,2024,2024-04-30,,61.07,7.9,0.8415,79.0,open,2680
2024_2024-05-01_SD_CIN,2024,2024-05-01,,67.47,11.6,0.5045,58.7,open,2680
2024_2024-06-17_PHI_SD,2024,2024-06-17,,83.73,12.03,0.9397,50.7,open,2681
2024_2024-06-18_PHI_SD,2024,2024-06-18,,85.73,10.2,0.9963,46.3,open,2681
2024_2024-06-19_PHI_SD,2024,2024-06-19,,91.17,5.83,0.9923,37.0,open,2681
2024_2024-09-23_PHI_CHC,2024,2024-09-23,,66.2,6.73,0.165,60.3,open,2681
2024_2024-09-24_PHI_CHC,2024,2024-09-24,,67.3,8.87,0.0175,62.7,open,2681
2024_2024-09-25_PHI_CHC,2024,2024-09-25,,67.73,8.3,0.1271,87.7,open,2681
2024_2024-04-01_PHI_CIN,2024,2024-04-01,,54.07,3.93,-0.3338,73.7,open,2681
2024_2024-04-02_PHI_CIN,2024,2024-04-02,,46.1,11.1,-0.5835,93.0,open,2681
2024_2024-04-03_PHI_CIN,2024,2024-04-03,,48.5,15.9,-0.5314,94.7,open,2681
2024_2024-06-03_PHI_MIL,2024,2024-06-03,,83.1,5.47,-0.2113,45.7,open,2681
2024_2024-06-04_PHI_MIL,2024,2024-06-04,,80.8,10.63,0.8358,41.3,open,2681
2024_2024-06-05_PHI_MIL,2024,2024-06-05,,78.87,10.13,0.9848,68.7,open,2681
2024_2024-06-27_PHI_MIA,2024,2024-06-27,,85.83,9.23,-0.6334,33.3,open,2681
2024_2024-06-28_PHI_MIA,2024,2024-06-28,,76.57,10.97,0.7672,37.0,open,2681
2024_2024-06-29_PHI_MIA,2024,2024-06-29,,87.43,14.27,0.9781,55.3,open,2681
2024_2024-06-30_PHI_MIA,2024,2024-06-30,,88.23,11.9,0.9505,63.3,open,2681
2024_2024-08-13_PHI_MIA,2024,2024-08-13,,76.8,6.1,-0.503,51.7,open,2681
2024_2024-08-14_PHI_MIA,2024,2024-08-14,,78.73,4.8,-0.8805,49.7,open,2681
2024_2024-03-29_PHI_ATL,2024,2024-03-29,,56.13,18.2,-0.4493,31.7,open,2681
2024_2024-03-30_PHI_ATL,2024,2024-03-30,,57.0,7.73,0.592,50.0,open,2681
2024_2024-03-31_PHI_ATL,2024,2024-03-31,,62.2,9.1,-0.1736,42.7,open,2681
2024_2024-04-11_PHI_PIT,2024,2024-04-11,,63.77,16.43,0.8387,84.7,open,2681
2024_2024-04-12_PHI_PIT,2024,2024-04-12,,59.17,14.57,0.6947,55.3,open,2681
2024_2024-04-13_PHI_PIT,2024,2024-04-13,,58.23,19.63,-0.1959,39.7,open,2681
2024_2024-04-14_PHI_PIT,2024,2024-04-14,,71.73,16.97,0.9225,33.7,open,2681
2024_2024-04-15_PHI_COL,2024,2024-04-15,,69.87,3.97,0.1805,70.3,open,2681
2024_2024-04-16_PHI_COL,2024,2024-04-16,,67.43,3.47,-0.9466,48.0,open,2681
2024_2024-04-17_PHI_COL,2024,2024-04-17,,59.9,7.93,0.1115,83.0,open,2681
2024_2024-05-07_PHI_TOR,2024,2024-05-07,,73.27,8.4,0.9869,60.3,open,2681
2024_2024-05-08_PHI_TOR,2024,2024-05-08,,85.73,11.33,0.1771,44.0,open,2681
2024_2024-05-15_PHI_NYM,2024,2024-05-15,,64.57,12.7,-0.8669,71.7,open,2681
2024_2024-05-16_PHI_NYM,2024,2024-05-16,,65.87,9.37,-0.9711,75.7,open,2681
2024_2024-05-21_PHI_TEX,2024,2024-05-21,,77.5,8.53,0.9646,57.7,open,2681
2024_2024-05-22_PHI_TEX,2024,2024-05-22,,79.57,8.5,0.9912,61.7,open,2681
2024_2024-05-23_PHI_TEX,2024,2024-05-23,,77.0,3.33,0.3551,71.7,open,2681
2024_2024-05-31_PHI_STL,2024,2024-05-31,,71.6,6.13,-0.599,37.0,open,2681
2024_2024-06-01_PHI_STL,2024,2024-06-01,,74.5,6.7,0.7716,33.0,open,2681
2024_2024-06-02_PHI_STL,2024,2024-06-02,,76.7,5.17,0.6225,53.0,open,2681
2024_2024-06-21_PHI_ARI,2024,2024-06-21,,91.83,9.5,0.9426,37.0,open,2681
2024_2024-06-22_PHI_ARI,2024,2024-06-22,,96.6,8.17,0.7034,33.0,open,2681
2024_2024-06-23_PHI_ARI,2024,2024-06-23,,94.2,13.73,0.7638,40.3,open,2681
2024_2024-07-09_PHI_LAD,2024,2024-07-09,,90.7,8.87,0.9992,54.3,open,2681
2024_2024-07-10_PHI_LAD,2024,2024-07-10,,84.33,15.03,0.9278,67.3,open,2681
2024_2024-07-11_PHI_LAD,2024,2024-07-11,,88.7,10.9,0.9796,41.3,open,2681
2024_2024-07-12_PHI_OAK,2024,2024-07-12,,79.0,5.9,0.8805,80.0,open,2681
2024_2024-07-13_PHI_OAK,2024,2024-07-13,,89.3,1.37,0.996,50.3,open,2681
2024_2024-07-14_PHI_OAK,2024,2024-07-14,,89.73,6.5,0.9178,55.3,open,2681
2024_2024-07-26_PHI_CLE,2024,2024-07-26,,81.47,3.87,-0.9992,42.3,open,2681
2024_2024-07-27_PHI_CLE,2024,2024-07-27,,82.9,6.27,-0.1599,38.7,open,2681
2024_2024-07-28_PHI_CLE,2024,2024-07-28,,87.4,1.43,0.2385,33.0,open,2681
2024_2024-07-29_PHI_NYY,2024,2024-07-29,,83.7,7.17,0.9994,61.7,open,2681
2024_2024-07-30_PHI_NYY,2024,2024-07-30,,82.4,11.43,0.9646,66.3,open,2681
2024_2024-07-31_PHI_NYY,2024,2024-07-31,,88.97,8.43,0.6184,54.0,open,2681
2024_2024-08-29_PHI_ATL,2024,2024-08-29,,76.37,10.5,0.0541,64.7,open,2681
2024_2024-08-30_PHI_ATL,2024,2024-08-30,,73.9,8.23,-0.1045,71.0,open,2681
2024_2024-08-31_PHI_ATL,2024,2024-08-31,,77.0,5.57,0.969,72.0,open,2681
2024_2024-09-01_PHI_ATL,2024,2024-09-01,,79.37,6.67,0.6018,73.0,open,2681
2024_2024-09-13_PHI_NYM,2024,2024-09-13,,78.0,4.23,-0.6934,47.7,open,2681
2024_2024-09-14_PHI_NYM,2024,2024-09-14,,84.07,9.03,0.134,40.0,open,2681
2024_2024-09-15_PHI_NYM,2024,2024-09-15,,82.3,10.2,-0.2773,43.7,open,2681
2024_2024-04-19_PHI_CWS,2024,2024-04-19,,57.4,5.07,0.977,76.7,open,2681
2024_2024-04-20_PHI_CWS,2024,2024-04-20,,62.4,11.33,-0.4305,35.0,open,2681
2024_2024-04-21_PHI_CWS,2024,2024-04-21,,53.1,9.4,0.1392,40.0,open,2681
2024_2024-05-03_PHI_SF,2024,2024-05-03,,57.5,9.53,0.0506,65.7,open,2681
2024_2024-05-04_PHI_SF,2024,2024-05-04,,52.4,8.5,-0.0715,83.3,open,2681
2024_2024-05-05_PHI_SF,2024,2024-05-05,,59.77,3.63,0.1685,92.3,open,2681
2024_2024-05-06_PHI_SF,2024,2024-05-06,,74.53,2.1,0.225,68.0,open,2681
2024_2024-05-17_PHI_WSH,2024,2024-05-17,,68.2,4.47,0.454,68.7,open,2681
2024_2024-05-18_PHI_WSH,2024,2024-05-18,,64.57,3.4,0.2419,89.3,open,2681
2024_2024-05-19_PHI_WSH,2024,2024-05-19,,72.87,7.27,-0.8028,57.0,open,2681
2024_2024-08-15_PHI_WSH,2024,2024-08-15,,82.77,3.33,-0.6143,42.0,open,2681
2024_2024-08-16_PHI_WSH,2024,2024-08-16,,83.33,5.63,0.9774,43.7,open,2681
2024_2024-08-17_PHI_WSH,2024,2024-08-17,,75.7,6.17,0.9128,72.7,open,2681
2024_2024-08-18_PHI_WSH,2024,2024-08-18,,81.7,7.0,0.891,72.0,open,2681
2024_2024-10-05_PHI_NYM,2024,2024-10-05,,73.7,6.1,-0.9711,44.3,open,2681
2024_2024-10-06_PHI_NYM,2024,2024-10-06,,72.83,4.5,0.9285,50.3,open,2681
2024_2024-08-26_PHI_HOU,2024,2024-08-26,,80.4,2.93,-0.0785,58.7,open,2681
2024_2024-08-27_PHI_HOU,2024,2024-08-27,,83.77,6.53,0.8805,50.0,open,2681
2024_2024-08-28_PHI_HOU,2024,2024-08-28,,94.53,8.23,-0.3123,42.0,open,2681
2024_2024-09-09_PHI_TB,2024,2024-09-09,,71.43,7.9,0.891,39.0,open,2681
2024_2024-09-10_PHI_TB,2024,2024-09-10,,74.47,4.53,-0.7837,46.7,open,2681
2024_2024-09-11_PHI_TB,2024,2024-09-11,,75.9,3.9,0.7034,51.3,open,2681
2024_2024-08-18_DET_NYY,2024,2024-08-18,34.0,69.93,2.0,0.766,97.3,open,2735
2024_2024-08-26_STL_SD,2024,2024-08-26,,90.63,6.73,0.4003,50.3,open,2889
2024_2024-08-27_STL_SD,2024,2024-08-27,,90.13,6.8,0.8443,56.3,open,2889
2024_2024-08-28_STL_SD,2024,2024-08-28,,83.73,4.5,-0.9995,70.7,open,2889
2024_2024-08-29_STL_SD,2024,2024-08-29,,88.4,2.4,0.9759,55.0,open,2889
2024_2024-05-25_STL_CHC,2024,2024-05-25,,76.6,3.9,-0.471,54.3,open,2889
2024_2024-05-26_STL_CHC,2024,2024-05-26,,70.0,5.1,0.9962,89.0,open,2889
2024_2024-07-12_STL_CHC,2024,2024-07-12,,79.07,5.2,0.8536,74.3,open,2889
2024_2024-07-13_STL_CHC,2024,2024-07-13,,87.63,8.6,0.6184,60.7,open,2889
2024_2024-07-14_STL_CHC,2024,2024-07-14,,93.0,9.27,0.7727,51.3,open,2889
2024_2024-06-27_STL_CIN,2024,2024-06-27,,83.9,3.4,-0.7782,50.7,open,2889
2024_2024-06-28_STL_CIN,2024,2024-06-28,,83.47,11.1,0.515,67.3,open,2889
2024_2024-06-29_STL_CIN,2024,2024-06-29,,88.0,7.3,0.9121,65.0,open,2889
2024_2024-06-30_STL_CIN,2024,2024-06-30,,79.5,8.67,-0.5678,52.7,open,2889
2024_2024-09-10_STL_CIN,2024,2024-09-10,,75.97,5.13,-0.6252,41.7,open,2889
2024_2024-09-11_STL_CIN,2024,2024-09-11,,79.57,4.87,-0.9668,43.7,open,2889
2024_2024-09-12_STL_CIN,2024,2024-09-12,,82.47,7.0,-0.9285,44.0,open,2889
2024_2024-04-19_STL_MIL,2024,2024-04-19,,52.93,4.27,-0.3567,55.7,open,2889
2024_2024-04-20_STL_MIL,2024,2024-04-20,,56.03,9.93,0.3681,37.0,open,2889
2024_2024-04-21_STL_MIL,2024,2024-04-21,,56.43,11.3,0.1236,33.7,open,2889
2024_2024-08-20_STL_MIL,2024,2024-08-20,,72.27,7.67,-0.9874,54.3,open,2889
2024_2024-08-21_STL_MIL,2024,2024-08-21,,69.4,3.47,-0.454,63.0,open,2889
2024_2024-08-22_STL_MIL,2024,2024-08-22,,76.7,6.03,-0.7373,42.3,open,2889
2024_2024-04-04_STL_MIA,2024,2024-04-04,,49.17,15.9,0.2079,44.3,open,2889
2024_2024-04-06_STL_MIA,2024,2024-04-06,,56.5,8.13,-0.4894,41.0,open,2889
2024_2024-04-07_STL_MIA,2024,2024-04-07,,67.13,13.93,0.3697,70.0,open,2889
2024_2024-04-08_STL_PHI,2024,2024-04-08,,67.87,6.9,0.1564,38.7,open,2889
2024_2024-04-09_STL_PHI,2024,2024-04-09,,64.9,3.97,-0.6455,51.7,open,2889
2024_2024-04-10_STL_PHI,2024,2024-04-10,,61.7,8.97,-0.8625,78.7,open,2889
2024_2024-07-29_STL_TEX,2024,2024-07-29,,90.53,6.7,0.9988,58.7,open,2889
2024_2024-07-30_STL_TEX,2024,2024-07-30,,81.37,7.27,0.8695,84.0,open,2889
2024_2024-07-31_STL_TEX,2024,2024-07-31,,83.97,9.8,0.2957,74.7,open,2889
2024_2024-07-10_STL_KC,2024,2024-07-10,,82.67,6.47,0.1409,53.0,open,2889
2024_2024-05-03_STL_CWS,2024,2024-05-03,,68.93,4.77,-0.5314,74.0,open,2889
2024_2024-05-04_STL_CWS,2024,2024-05-04,,81.13,9.17,0.712,54.7,open,2889
2024_2024-05-05_STL_CWS,2024,2024-05-05,,70.63,2.23,-0.9542,59.7,open,2889
2024_2024-09-20_STL_CLE,2024,2024-09-20,,80.83,3.6,-0.729,77.7,open,2889
2024_2024-09-21_STL_CLE,2024,2024-09-21,,80.57,2.33,0.4321,74.0,open,2889
2024_2024-09-22_STL_CLE,2024,2024-09-22,,77.67,5.03,0.915,74.3,open,2889
2024_2024-05-20_STL_BAL,2024,2024-05-20,,76.47,5.83,0.2622,76.0,open,2889
2024_2024-05-21_STL_BAL,2024,2024-05-21,,83.47,17.27,0.6626,53.0,open,2889
2024_2024-05-22_STL_BAL,2024,2024-05-22,,75.93,6.17,0.8796,49.0,open,2889
2024_2024-04-22_STL_ARI,2024,2024-04-22,,62.07,10.87,0.4879,36.3,open,2889
2024_2024-04-23_STL_ARI,2024,2024-04-23,,58.83,4.93,0.9907,87.7,open,2889
2024_2024-04-24_STL_ARI,2024,2024-04-24,,65.47,7.1,-0.4415,45.3,open,2889
2024_2024-06-06_STL_COL,2024,2024-06-06,,77.43,8.43,0.575,37.7,open,2889
2024_2024-06-07_STL_COL,2024,2024-06-07,,84.37,7.43,0.4019,28.7,open,2889
2024_2024-06-08_STL_COL,2024,2024-06-08,,84.27,8.83,0.9999,65.0,open,2889
2024_2024-06-09_STL_COL,2024,2024-06-09,,70.73,3.77,0.2823,61.3,open,2889
2024_2024-08-16_STL_LAD,2024,2024-08-16,,80.57,5.8,0.9461,65.7,open,2889
2024_2024-08-17_STL_LAD,2024,2024-08-17,,80.97,7.2,-0.2011,61.3,open,2889
2024_2024-08-18_STL_LAD,2024,2024-08-18,,81.57,11.4,-0.1219,56.3,open,2889
2024_2024-06-22_STL_SF,2024,2024-06-22,,94.23,11.13,0.9184,36.0,open,2889
2024_2024-06-23_STL_SF,2024,2024-06-23,,88.43,10.43,0.1616,43.3,open,2889
2024_2024-06-11_STL_PIT,2024,2024-06-11,,76.93,3.13,0.0454,50.0,open,2889
2024_2024-06-12_STL_PIT,2024,2024-06-12,,83.57,6.03,0.4478,47.0,open,2889
2024_2024-06-13_STL_PIT,2024,2024-06-13,,91.97,10.4,0.6909,39.3,open,2889
2024_2024-09-16_STL_PIT,2024,2024-09-16,,78.57,4.47,-0.8796,61.7,open,2889
2024_2024-09-17_STL_PIT,2024,2024-09-17,,78.57,4.53,-0.4894,51.0,open,2889
2024_2024-09-18_STL_PIT,2024,2024-09-18,,79.7,4.8,-0.3859,47.3,open,2889
2024_2024-09-19_STL_PIT,2024,2024-09-19,,82.47,6.83,0.1392,51.0,open,2889
2024_2024-05-06_STL_NYM,2024,2024-05-06,,73.97,4.97,0.1616,67.3,open,2889
2024_2024-05-07_STL_NYM,2024,2024-05-07,,77.13,6.8,0.9971,48.0,open,2889
2024_2024-06-24_STL_ATL,2024,2024-06-24,,89.03,10.87,-0.503,49.7,open,2889
2024_2024-06-26_STL_ATL,2024,2024-06-26,,73.07,9.5,-0.7455,90.7,open,2889
2024_2024-07-26_STL_WSH,2024,2024-07-26,,80.83,4.4,-0.7891,64.0,open,2889
2024_2024-07-27_STL_WSH,2024,2024-07-27,,77.67,5.8,-0.1461,76.7,open,2889
2024_2024-07-28_STL_WSH,2024,2024-07-28,,77.9,8.07,0.7815,77.3,open,2889
2024_2024-08-05_STL_NYM,2024,2024-08-05,,92.9,4.93,0.5548,42.3,open,2889
2024_2024-07-10_STL_KC_2,2024,2024-07-10,,82.23,2.6,0.993,54.3,open,2889
2024_2024-07-13_STL_CHC_2,2024,2024-07-13,,82.63,6.73,0.6361,71.7,open,2889
2024_2024-06-26_STL_ATL_2,2024,2024-06-26,,79.93,5.47,-0.7373,70.7,open,2889
2024_2024-09-06_STL_SEA,2024,2024-09-06,,72.47,11.7,-0.5015,46.7,open,2889
2024_2024-09-07_STL_SEA,2024,2024-09-07,,65.87,7.63,-0.4648,35.0,open,2889
2024_2024-09-08_STL_SEA,2024,2024-09-08,,71.03,2.1,-0.9854,32.0,open,2889
2024_2024-05-17_STL_BOS,2024,2024-05-17,,70.17,3.83,0.7337,79.0,open,2889
2024_2024-05-18_STL_BOS,2024,2024-05-18,,79.4,2.47,0.0906,60.3,open,2889
2024_2024-05-19_STL_BOS,2024,2024-05-19,,85.7,4.8,0.5606,48.7,open,2889
2024_2024-08-06_STL_TB,2024,2024-08-06,,79.73,12.9,-0.1668,66.7,open,2889
2024_2024-08-07_STL_TB,2024,2024-08-07,,77.1,6.73,-0.742,62.7,open,2889
2024_2024-08-08_STL_TB,2024,2024-08-08,,79.5,7.67,-0.1925,58.7,open,2889
2024_2024-06-14_NYM_SD,2024,2024-06-14,,69.27,6.4,0.8281,91.3,open,3289
2024_2024-06-15_NYM_SD,2024,2024-06-15,,79.43,10.0,-0.8813,34.0,open,3289
2024_2024-06-16_NYM_SD,2024,2024-06-16,,73.97,8.7,0.7891,45.3,open,3289
2024_2024-04-29_NYM_CHC,2024,2024-04-29,,62.7,7.1,0.4555,86.7,open,3289
2024_2024-04-30_NYM_CHC,2024,2024-04-30,,57.17,7.97,-0.8261,79.3,open,3289
2024_2024-05-01_NYM_CHC,2024,2024-05-01,,53.33,9.3,0.6574,87.7,open,3289
2024_2024-05-02_NYM_CHC,2024,2024-05-02,,69.17,8.03,0.7749,74.0,open,3289
2024_2024-09-06_NYM_CIN,2024,2024-09-06,,69.9,5.9,0.6468,78.3,open,3289
2024_2024-09-07_NYM_CIN,2024,2024-09-07,,68.93,13.17,0.3859,78.0,open,3289
2024_2024-09-08_NYM_CIN,2024,2024-09-08,,68.4,11.63,-0.0576,39.3,open,3289
2024_2024-03-29_NYM_MIL,2024,2024-03-29,,53.6,18.43,-0.4226,33.0,open,3289
2024_2024-03-30_NYM_MIL,2024,2024-03-30,,54.77,14.63,0.0872,40.0,open,3289
2024_2024-03-31_NYM_MIL,2024,2024-03-31,,59.33,12.6,-0.2284,41.3,open,3289
2024_2024-06-11_NYM_MIA,2024,2024-06-11,,65.9,5.2,0.9991,73.0,open,3289
2024_2024-06-12_NYM_MIA,2024,2024-06-12,,66.93,7.27,0.9646,79.0,open,3289
2024_2024-06-13_NYM_MIA,2024,2024-06-13,,70.43,16.0,0.9636,69.0,open,3289
2024_2024-08-16_NYM_MIA,2024,2024-08-16,,73.33,9.0,0.5299,88.3,open,3289
2024_2024-08-17_NYM_MIA,2024,2024-08-17,,76.23,13.2,0.6909,75.3,open,3289
2024_2024-08-18_NYM_MIA,2024,2024-08-18,,72.57,11.53,0.6984,87.0,open,3289
2024_2024-05-13_NYM_PHI,2024,2024-05-13,,55.13,12.13,0.8678,80.0,open,3289
2024_2024-05-14_NYM_PHI,2024,2024-05-14,,65.33,9.53,0.8894,74.3,open,3289
2024_2024-09-19_NYM_PHI,2024,2024-09-19,,75.93,6.23,-0.9078,49.3,open,3289
2024_2024-09-20_NYM_PHI,2024,2024-09-20,,70.67,7.53,-0.6046,66.7,open,3289
2024_2024-09-21_NYM_PHI,2024,2024-09-21,,72.13,10.47,-0.6032,54.3,open,3289
2024_2024-09-22_NYM_PHI,2024,2024-09-22,,66.03,6.6,-0.1925,60.3,open,3289
2024_2024-08-13_NYM_OAK,2024,2024-08-13,,72.6,3.53,0.1513,68.7,open,3289
2024_2024-08-14_NYM_OAK,2024,2024-08-14,,75.6,5.23,-0.8821,61.3,open,3289
2024_2024-08-15_NYM_OAK,2024,2024-08-15,,85.23,5.17,-0.6101,39.3,open,3289
2024_2024-04-01_NYM_DET,2024,2024-04-01,,48.3,3.47,0.8712,86.3,open,3289
2024_2024-04-04_NYM_DET,2024,2024-04-04,,44.37,11.37,-0.5892,65.0,open,3289
2024_2024-04-12_NYM_KC,2024,2024-04-12,,58.17,13.73,0.7705,53.3,open,3289
2024_2024-04-13_NYM_KC,2024,2024-04-13,,47.57,20.53,0.0488,70.0,open,3289
2024_2024-04-14_NYM_KC,2024,2024-04-14,,61.27,11.67,0.9945,55.7,open,3289
2024_2024-07-29_NYM_MIN,2024,2024-07-29,,76.13,10.43,0.9842,81.7,open,3289
2024_2024-07-30_NYM_MIN,2024,2024-07-30,,76.9,17.03,0.9598,77.3,open,3289
2024_2024-07-31_NYM_MIN,2024,2024-07-31,,81.67,10.67,0.9956,78.0,open,3289
2024_2024-08-19_NYM_BAL,2024,2024-08-19,,72.7,6.57,-0.0732,84.0,open,3289
2024_2024-08-20_NYM_BAL,2024,2024-08-20,,65.6,8.2,-0.3843,54.7,open,3289
2024_2024-08-21_NYM_BAL,2024,2024-08-21,,71.53,10.13,-0.0906,42.3,open,3289
2024_2024-06-25_NYM_NYY,2024,2024-06-25,,75.7,12.3,0.9755,59.7,open,3289
2024_2024-06-26_NYM_NYY,2024,2024-06-26,,78.73,10.2,1.0,71.7,open,3289
2024_2024-05-30_NYM_ARI,2024,2024-05-30,,63.87,5.17,-0.8704,56.0,open,3289
2024_2024-05-31_NYM_ARI,2024,2024-05-31,,68.03,8.7,-0.5892,44.0,open,3289
2024_2024-06-01_NYM_ARI,2024,2024-06-01,,80.9,5.27,0.2639,31.3,open,3289
2024_2024-06-02_NYM_ARI,2024,2024-06-02,,78.07,9.63,0.9866,46.7,open,3289
2024_2024-07-12_NYM_COL,2024,2024-07-12,,76.23,5.8,0.996,89.3,open,3289
2024_2024-07-13_NYM_COL,2024,2024-07-13,,81.23,6.5,0.9558,76.0,open,3289
2024_2024-07-14_NYM_COL,2024,2024-07-14,,86.53,7.13,0.9998,55.7,open,3289
2024_2024-05-28_NYM_LAD,2024,2024-05-28,,79.33,13.27,0.3551,41.0,open,3289
2024_2024-05-29_NYM_LAD,2024,2024-05-29,,72.7,5.7,0.9951,56.3,open,3289
2024_2024-05-24_NYM_SF,2024,2024-05-24,,66.83,8.47,0.965,70.7,open,3289
2024_2024-05-25_NYM_SF,2024,2024-05-25,,76.33,9.33,0.8329,43.7,open,3289
2024_2024-05-26_NYM_SF,2024,2024-05-26,,75.4,7.2,0.8918,73.0,open,3289
2024_2024-04-15_NYM_PIT,2024,2024-04-15,,60.93,4.77,0.7869,76.7,open,3289
2024_2024-04-16_NYM_PIT,2024,2024-04-16,,56.03,6.07,0.9803,63.3,open,3289
2024_2024-04-17_NYM_PIT,2024,2024-04-17,,56.4,10.53,0.3256,60.3,open,3289
2024_2024-04-26_NYM_STL,2024,2024-04-26,,45.97,7.77,0.8918,66.3,open,3289
2024_2024-04-27_NYM_STL,2024,2024-04-27,,52.13,13.53,0.965,48.0,open,3289
2024_2024-04-28_NYM_STL,2024,2024-04-28,,66.83,7.17,0.9736,66.3,open,3289
2024_2024-05-10_NYM_ATL,2024,2024-05-10,,49.77,3.07,-0.1959,83.0,open,3289
2024_2024-05-11_NYM_ATL,2024,2024-05-11,,54.6,10.0,0.9011,63.0,open,3289
2024_2024-05-12_NYM_ATL,2024,2024-05-12,,49.03,6.73,0.9934,84.0,open,3289
2024_2024-07-25_NYM_ATL,2024,2024-07-25,,78.93,4.87,-0.521,50.0,open,3289
2024_2024-07-26_NYM_ATL,2024,2024-07-26,,78.57,3.17,-0.9947,45.7,open,3289
2024_2024-07-27_NYM_ATL,2024,2024-07-27,,81.1,8.43,0.8934,46.0,open,3289
2024_2024-07-28_NYM_ATL,2024,2024-07-28,,86.4,7.97,-0.3453,36.3,open,3289
2024_2024-07-09_NYM_WSH,2024,2024-07-09,,77.77,9.23,0.9655,87.7,open,3289
2024_2024-07-10_NYM_WSH,2024,2024-07-10,,76.87,19.67,0.9703,85.3,open,3289
2024_2024-07-11_NYM_WSH,2024,2024-07-11,,86.03,13.47,0.9992,51.3,open,3289
2024_2024-09-16_NYM_WSH,2024,2024-09-16,,65.43,5.33,0.3322,87.3,open,3289
2024_2024-09-17_NYM_WSH,2024,2024-09-17,,67.97,5.7,0.0698,81.3,open,3289
2024_2024-09-18_NYM_WSH,2024,2024-09-18,,70.53,7.67,-0.7859,73.0,open,3289
2024_2024-04-04_NYM_DET_2,2024,2024-04-04,,44.37,11.37,-0.5892,65.0,open,3289
2024_2024-05-28_NYM_LAD_2,2024,2024-05-28,,79.33,13.27,0.3551,41.0,open,3289
2024_2024-10-08_NYM_PHI,2024,2024-10-08,,64.23,5.47,0.3649,40.3,open,3289
2024_2024-10-09_NYM_PHI,2024,2024-10-09,,62.87,7.87,-0.3665,40.3,open,3289
2024_2024-10-16_NYM_LAD,2024,2024-10-16,,48.83,8.97,-0.9048,58.3,open,3289
2024_2024-10-17_NYM_LAD,2024,2024-10-17,,50.1,6.77,-0.9996,54.0,open,3289
2024_2024-10-18_NYM_LAD,2024,2024-10-18,,60.63,6.93,-0.9219,38.0,open,3289
2024_2024-06-28_NYM_HOU,2024,2024-06-28,,65.93,9.7,0.8643,57.7,open,3289
2024_2024-06-29_NYM_HOU,2024,2024-06-29,,76.8,19.27,0.9548,77.0,open,3289
2024_2024-06-30_NYM_HOU,2024,2024-06-30,,85.7,11.83,0.9426,70.0,open,3289
2024_2024-09-02_NYM_BOS,2024,2024-09-02,,70.37,10.7,-0.7793,48.7,open,3289
2024_2024-09-03_NYM_BOS,2024,2024-09-03,,66.17,2.83,0.9232,53.0,open,3289
2024_2024-09-04_NYM_BOS,2024,2024-09-04,,64.03,5.37,0.7782,65.0,open,3289
2024_2024-08-09_WSH_LAA,2024,2024-08-09,,78.07,7.83,1.0,89.0,open,3309
2024_2024-08-10_WSH_LAA,2024,2024-08-10,,84.07,2.87,0.2504,61.7,open,3309
2024_2024-08-11_WSH_LAA,2024,2024-08-11,,78.63,4.3,-0.0663,52.0,open,3309
2024_2024-04-19_WSH_HOU,2024,2024-04-19,,59.1,4.23,0.4648,82.0,open,3309
2024_2024-04-20_WSH_HOU,2024,2024-04-20,,68.8,12.1,0.0017,28.0,open,3309
2024_2024-04-21_WSH_HOU,2024,2024-04-21,,50.63,1.33,-0.014,45.3,open,3309
2024_2024-05-24_WSH_SEA,2024,2024-05-24,,78.9,4.13,0.0576,59.0,open,3309
2024_2024-05-25_WSH_SEA,2024,2024-05-25,,83.9,6.3,0.8788,43.3,open,3309
2024_2024-05-26_WSH_SEA,2024,2024-05-26,,84.07,2.67,-0.3567,56.3,open,3309
2024_2024-09-24_WSH_KC,2024,2024-09-24,,68.9,6.53,0.1167,78.0,open,3309
2024_2024-09-25_WSH_KC,2024,2024-09-25,,72.07,7.37,0.2773,90.0,open,3309
2024_2024-09-26_WSH_KC,2024,2024-09-26,,78.83,3.37,0.9041,75.7,open,3309
2024_2024-05-20_WSH_MIN,2024,2024-05-20,,73.03,3.8,0.5195,69.3,open,3309
2024_2024-05-21_WSH_MIN,2024,2024-05-21,,77.23,5.17,0.7466,61.0,open,3309
2024_2024-05-22_WSH_MIN,2024,2024-05-22,,84.5,6.17,0.9532,56.3,open,3309
2024_2024-05-07_WSH_BAL,2024,2024-05-07,,75.0,3.63,0.6704,71.0,open,3309
2024_2024-05-08_WSH_BAL,2024,2024-05-08,,80.57,6.93,0.8829,54.0,open,3309
2024_2024-08-26_WSH_NYY,2024,2024-08-26,,81.3,4.5,0.309,69.0,open,3309
2024_2024-08-27_WSH_NYY,2024,2024-08-27,,84.43,5.23,0.6074,47.3,open,3309
2024_2024-08-28_WSH_NYY,2024,2024-08-28,,87.6,7.43,-0.6494,58.7,open,3309
2024_2024-05-03_WSH_TOR,2024,2024-05-03,,64.87,11.9,-0.3007,60.0,open,3309
2024_2024-05-04_WSH_TOR,2024,2024-05-04,,56.63,8.67,-0.3173,86.7,open,3309
2024_2024-05-05_WSH_TOR,2024,2024-05-05,,65.53,4.6,0.7096,87.7,open,3309
2024_2024-06-18_WSH_ARI,2024,2024-06-18,,86.6,10.1,0.4226,45.3,open,3309
2024_2024-06-19_WSH_ARI,2024,2024-06-19,,89.07,8.37,0.3173,37.0,open,3309
2024_2024-06-20_WSH_ARI,2024,2024-06-20,,88.67,2.47,0.8517,42.7,open,3309
2024_2024-08-20_WSH_COL,2024,2024-08-20,,69.57,6.17,-0.6652,52.3,open,3309
2024_2024-08-21_WSH_COL,2024,2024-08-21,,72.23,3.7,-0.0157,41.7,open,3309
2024_2024-08-22_WSH_COL,2024,2024-08-22,,74.3,3.87,-0.4726,42.3,open,3309
2024_2024-04-23_WSH_LAD,2024,2024-04-23,,65.53,10.3,0.8918,35.3,open,3309
2024_2024-04-24_WSH_LAD,2024,2024-04-24,,65.33,7.5,-0.503,41.3,open,3309
2024_2024-04-25_WSH_LAD,2024,2024-04-25,,58.9,4.93,-0.8358,53.0,open,3309
2024_2024-07-23_WSH_SD,2024,2024-07-23,,82.7,6.23,0.9799,61.0,open,3309
2024_2024-07-24_WSH_SD,2024,2024-07-24,,81.8,4.47,0.9914,73.7,open,3309
2024_2024-07-25_WSH_SD,2024,2024-07-25,,79.47,5.07,0.742,78.0,open,3309
2024_2024-08-05_WSH_SF,2024,2024-08-05,,88.6,6.87,0.8434,49.3,open,3309
2024_2024-08-06_WSH_SF,2024,2024-08-06,,86.4,9.1,0.7912,56.7,open,3309
2024_2024-08-07_WSH_SF,2024,2024-08-07,,78.2,7.67,-0.1271,83.0,open,3309
2024_2024-08-08_WSH_SF,2024,2024-08-08,,77.33,11.5,-0.23,90.7,open,3309
2024_2024-08-30_WSH_CHC,2024,2024-08-30,,76.43,5.7,-0.5621,78.0,open,3309
2024_2024-08-31_WSH_CHC,2024,2024-08-31,,83.9,7.03,0.9978,60.0,open,3309
2024_2024-09-01_WSH_CHC,2024,2024-09-01,,81.3,5.9,0.9018,72.7,open,3309
2024_2024-07-19_WSH_CIN,2024,2024-07-19,,82.13,2.5,0.7361,52.3,open,3309
2024_2024-07-20_WSH_CIN,2024,2024-07-20,,75.83,3.67,0.7923,82.3,open,3309
2024_2024-07-21_WSH_CIN,2024,2024-07-21,,86.27,1.67,0.5461,52.0,open,3309
2024_2024-04-01_WSH_PIT,2024,2024-04-01,,59.47,6.03,-0.965,74.3,open,3309
2024_2024-04-03_WSH_PIT,2024,2024-04-03,,56.47,8.27,-0.1305,86.7,open,3309
2024_2024-04-04_WSH_PIT,2024,2024-04-04,,50.2,7.3,0.0576,67.7,open,3309
2024_2024-07-05_WSH_STL,2024,2024-07-05,,94.4,5.9,0.9826,43.7,open,3309
2024_2024-07-06_WSH_STL,2024,2024-07-06,,97.07,5.73,0.9962,36.0,open,3309
2024_2024-07-07_WSH_STL,2024,2024-07-07,,92.57,0.87,-0.3404,36.3,open,3309
2024_2024-07-08_WSH_STL,2024,2024-07-08,,94.2,5.47,0.6239,44.3,open,3309
2024_2024-08-02_WSH_MIL,2024,2024-08-02,,91.47,8.23,0.9885,46.3,open,3309
2024_2024-08-03_WSH_MIL,2024,2024-08-03,,87.7,10.77,0.9903,59.0,open,3309
2024_2024-08-04_WSH_MIL,2024,2024-08-04,,85.27,6.7,0.4602,63.3,open,3309
2024_2024-06-06_WSH_ATL,2024,2024-06-06,,75.47,5.17,0.9898,87.3,open,3309
2024_2024-06-07_WSH_ATL,2024,2024-06-07,,79.67,12.97,-0.1805,33.3,open,3309
2024_2024-06-08_WSH_ATL,2024,2024-06-08,,84.37,7.63,0.5577,30.3,open,3309
2024_2024-06-09_WSH_ATL,2024,2024-06-09,,81.5,14.13,-0.1495,44.0,open,3309
2024_2024-09-10_WSH_ATL,2024,2024-09-10,,75.37,4.97,-0.289,52.3,open,3309
2024_2024-09-11_WSH_ATL,2024,2024-09-11,,75.27,3.87,-0.1925,53.3,open,3309
2024_2024-06-14_WSH_MIA,2024,2024-06-14,,83.6,7.3,-0.859,49.0,open,3309
2024_2024-06-15_WSH_MIA,2024,2024-06-15,,84.87,4.33,-0.723,32.0,open,3309
2024_2024-06-16_WSH_MIA,2024,2024-06-16,,85.8,3.57,0.6959,35.0,open,3309
2024_2024-09-12_WSH_MIA,2024,2024-09-12,,73.47,4.73,-0.2773,57.0,open,3309
2024_2024-09-13_WSH_MIA,2024,2024-09-13,,74.93,4.5,-0.7912,60.3,open,3309
2024_2024-09-14_WSH_MIA,2024,2024-09-14,,81.5,8.7,-0.7266,42.0,open,3309
2024_2024-09-15_WSH_MIA,2024,2024-09-15,,79.57,8.73,-0.4848,51.3,open,3309
2024_2024-06-03_WSH_NYM,2024,2024-06-03,,81.23,1.9,0.565,55.7,open,3309
2024_2024-06-04_WSH_NYM,2024,2024-06-04,,79.17,7.8,0.134,62.7,open,3309
2024_2024-06-05_WSH_NYM,2024,2024-06-05,,74.23,8.53,0.9298,87.3,open,3309
2024_2024-07-01_WSH_NYM,2024,2024-07-01,,76.33,7.6,-0.9532,39.0,open,3309
2024_2024-07-02_WSH_NYM,2024,2024-07-02,,82.3,5.33,0.8039,36.0,open,3309
2024_2024-07-03_WSH_NYM,2024,2024-07-03,,84.4,8.87,0.7793,45.7,open,3309
2024_2024-07-04_WSH_NYM,2024,2024-07-04,,88.6,1.6,0.9311,55.3,open,3309
2024_2024-04-05_WSH_PHI,2024,2024-04-05,,47.73,14.33,-0.2402,45.3,open,3309
2024_2024-04-06_WSH_PHI,2024,2024-04-06,,53.97,14.93,-0.4478,42.3,open,3309
2024_2024-04-07_WSH_PHI,2024,2024-04-07,,59.03,9.27,-0.5906,38.3,open,3309
2024_2024-09-27_WSH_PHI,2024,2024-09-27,,74.17,14.83,-0.1444,94.3,open,3309
2024_2024-09-28_WSH_PHI,2024,2024-09-28,,81.93,3.87,0.9724,55.0,open,3309
2024_2024-09-29_WSH_PHI,2024,2024-09-29,,70.3,8.13,-0.9521,87.7,open,3309
2024_2024-09-13_MIN_CIN,2024,2024-09-13,,73.3,6.37,-0.9991,60.7,open,3312
2024_2024-09-14_MIN_CIN,2024,2024-09-14,,73.97,6.13,-0.9304,75.3,open,3312
2024_2024-09-15_MIN_CIN,2024,2024-09-15,,83.87,10.57,-0.3206,54.3,open,3312
2024_2024-07-20_MIN_MIL,2024,2024-07-20,,76.6,2.33,-0.0175,68.0,open,3312
2024_2024-07-21_MIN_MIL,2024,2024-07-21,,77.13,0.57,0.9928,69.7,open,3312
2024_2024-09-24_MIN_MIA,2024,2024-09-24,,67.4,3.5,0.9974,57.7,open,3312
2024_2024-09-25_MIN_MIA,2024,2024-09-25,,70.0,3.63,0.829,57.0,open,3312
2024_2024-09-26_MIN_MIA,2024,2024-09-26,,72.67,5.27,-0.9184,54.3,open,3312
2024_2024-07-22_MIN_PHI,2024,2024-07-22,,69.9,3.07,-0.3987,96.0,open,3312
2024_2024-07-23_MIN_PHI,2024,2024-07-23,,75.87,6.07,-0.134,59.0,open,3312
2024_2024-07-24_MIN_PHI,2024,2024-07-24,,75.9,6.03,-0.5906,52.7,open,3312
2024_2024-09-09_MIN_LAA,2024,2024-09-09,,75.33,6.73,-0.8572,56.3,open,3312
2024_2024-09-10_MIN_LAA,2024,2024-09-10,,77.1,6.0,-0.575,53.7,open,3312
2024_2024-09-11_MIN_LAA,2024,2024-09-11,,78.33,4.97,-0.8499,55.7,open,3312
2024_2024-06-13_MIN_OAK,2024,2024-06-13,,76.07,6.0,0.9997,46.3,open,3312
2024_2024-06-14_MIN_OAK,2024,2024-06-14,,71.97,3.13,-0.9982,65.3,open,3312
2024_2024-06-16_MIN_OAK,2024,2024-06-16,,88.73,14.13,-0.1942,55.7,open,3312
2024_2024-05-24_MIN_TEX,2024,2024-05-24,,61.97,15.87,0.632,50.0,open,3312
2024_2024-05-25_MIN_TEX,2024,2024-05-25,,73.8,15.2,0.1685,43.7,open,3312
2024_2024-05-26_MIN_TEX,2024,2024-05-26,,65.97,6.1,-0.6143,59.7,open,3312
2024_2024-04-19_MIN_DET,2024,2024-04-19,,35.6,11.6,0.9171,45.3,open,3312
2024_2024-04-20_MIN_DET,2024,2024-04-20,,41.47,10.6,0.9952,46.7,open,3312
2024_2024-04-21_MIN_DET,2024,2024-04-21,,57.57,9.0,0.9291,26.7,open,3312
2024_2024-07-02_MIN_DET,2024,2024-07-02,,72.13,5.67,-0.4274,82.3,open,3312
2024_2024-07-03_MIN_DET,2024,2024-07-03,,74.17,6.03,0.8368,63.3,open,3312
2024_2024-07-04_MIN_DET,2024,2024-07-04,,67.87,5.53,-0.8563,93.7,open,3312
2024_2024-05-27_MIN_KC,2024,2024-05-27,,62.7,3.93,0.4772,75.3,open,3312
2024_2024-05-28_MIN_KC,2024,2024-05-28,,62.43,6.73,0.776,52.3,open,3312
2024_2024-05-29_MIN_KC,2024,2024-05-29,,66.37,3.9,-0.9041,54.3,open,3312
2024_2024-05-30_MIN_KC,2024,2024-05-30,,74.17,13.03,-0.7694,41.0,open,3312
2024_2024-08-12_MIN_KC,2024,2024-08-12,,75.03,4.0,-0.9945,55.7,open,3312
2024_2024-08-13_MIN_KC,2024,2024-08-13,,76.2,4.5,-0.7944,56.7,open,3312
2024_2024-08-14_MIN_KC,2024,2024-08-14,,78.8,12.97,-0.9128,55.3,open,3312
2024_2024-04-04_MIN_CLE,2024,2024-04-04,,49.77,11.13,0.3665,37.7,open,3312
2024_2024-04-06_MIN_CLE,2024,2024-04-06,,54.9,14.23,-0.9998,35.7,open,3312
2024_2024-04-08_MIN_LAD,2024,2024-04-08,,50.33,5.17,0.0732,63.0,open,3312
2024_2024-04-09_MIN_LAD,2024,2024-04-09,,54.97,6.23,0.673,55.0,open,3312
2024_2024-04-10_MIN_LAD,2024,2024-04-10,,66.27,7.97,0.2436,32.0,open,3312
2024_2024-04-22_MIN_CWS,2024,2024-04-22,,59.97,8.6,0.1011,55.0,open,3312
2024_2024-04-23_MIN_CWS,2024,2024-04-23,,52.6,10.63,0.3697,58.3,open,3312
2024_2024-04-24_MIN_CWS,2024,2024-04-24,,54.07,4.83,-0.9998,42.3,open,3312
2024_2024-04-25_MIN_CWS,2024,2024-04-25,,64.5,13.2,-0.9432,33.0,open,3312
2024_2024-05-14_MIN_NYY,2024,2024-05-14,,67.2,5.93,-0.512,43.7,open,3312
2024_2024-05-15_MIN_NYY,2024,2024-05-15,,70.67,9.37,-0.9863,37.0,open,3312
2024_2024-05-16_MIN_NYY,2024,2024-05-16,,66.63,10.53,0.7804,51.7,open,3312
2024_2024-06-10_MIN_COL,2024,2024-06-10,,69.0,4.13,-0.9816,47.7,open,3312
2024_2024-06-11_MIN_COL,2024,2024-06-11,,76.87,8.87,0.7716,45.7,open,3312
2024_2024-06-12_MIN_COL,2024,2024-06-12,,76.2,11.53,-0.4305,68.7,open,3312
2024_2024-08-02_MIN_CWS,2024,2024-08-02,,80.17,6.13,0.8202,59.3,open,3312
2024_2024-08-03_MIN_CWS,2024,2024-08-03,,77.17,7.57,-0.9949,63.3,open,3312
2024_2024-08-04_MIN_CWS,2024,2024-08-04,,83.43,6.0,-0.061,56.7,open,3312
2024_2024-08-09_MIN_CLE,2024,2024-08-09,,67.8,11.83,1.0,47.7,open,3312
2024_2024-08-10_MIN_CLE,2024,2024-08-10,,67.2,6.6,0.9979,54.7,open,3312
2024_2024-08-11_MIN_CLE,2024,2024-08-11,,75.67,3.23,0.891,41.0,open,3312
2024_2024-08-23_MIN_STL,2024,2024-08-23,,74.0,3.9,-0.7009,74.7,open,3312
2024_2024-08-24_MIN_STL,2024,2024-08-24,,81.6,7.07,-0.9785,63.0,open,3312
2024_2024-08-25_MIN_STL,2024,2024-08-25,,84.4,7.2,-0.9617,71.3,open,3312
2024_2024-08-26_MIN_ATL,2024,2024-08-26,,78.1,5.37,-0.0628,88.0,open,3312
2024_2024-08-27_MIN_ATL,2024,2024-08-27,,75.97,4.3,0.7157,73.3,open,3312
2024_2024-08-28_MIN_ATL,2024,2024-08-28,,72.07,5.53,-0.5962,72.0,open,3312
2024_2024-08-30_MIN_TOR,2024,2024-08-30,,70.6,7.47,0.3697,61.3,open,3312
2024_2024-08-31_MIN_TOR,2024,2024-08-31,,78.6,9.37,0.6613,61.0,open,3312
2024_2024-09-01_MIN_TOR,2024,2024-09-01,,71.0,6.97,0.8007,42.3,open,3312
2024_2024-09-27_MIN_BAL,2024,2024-09-27,,69.23,4.73,-0.2907,62.3,open,3312
2024_2024-09-28_MIN_BAL,2024,2024-09-28,,75.43,4.8,0.5432,51.0,open,3312
2024_2024-06-16_MIN_OAK_2,2024,2024-06-16,,85.0,7.57,0.6115,65.0,open,3312
2024_2024-08-09_MIN_CLE_2,2024,2024-08-09,,62.53,7.77,0.9907,54.3,open,3312
2024_2024-09-29_MIN_BAL,2024,2024-09-29,,80.73,6.6,-0.9976,38.0,open,3312
2024_2024-07-05_MIN_HOU,2024,2024-07-05,,70.43,4.63,0.7009,65.7,open,3312
2024_2024-07-06_MIN_HOU,2024,2024-07-06,,79.23,4.8,-0.8738,50.3,open,3312
2024_2024-07-07_MIN_HOU,2024,2024-07-07,,79.43,6.7,0.3206,48.7,open,3312
2024_2024-05-06_MIN_SEA,2024,2024-05-06,,67.4,11.6,-0.9907,41.7,open,3312
2024_2024-05-07_MIN_SEA,2024,2024-05-07,,65.67,7.13,0.1409,48.3,open,3312
2024_2024-05-08_MIN_SEA,2024,2024-05-08,,69.0,6.6,-0.0419,45.7,open,3312
2024_2024-05-09_MIN_SEA,2024,2024-05-09,,63.1,10.13,0.0506,49.3,open,3312
2024_2024-05-03_MIN_BOS,2024,2024-05-03,,60.23,6.27,0.9432,56.7,open,3312
2024_2024-05-04_MIN_BOS,2024,2024-05-04,,54.87,9.5,0.8686,63.0,open,3312
2024_2024-05-05_MIN_BOS,2024,2024-05-05,,66.77,2.73,0.0593,36.0,open,3312
2024_2024-06-18_MIN_TB,2024,2024-06-18,,71.97,8.87,-0.7133,97.0,open,3312
2024_2024-06-19_MIN_TB,2024,2024-06-19,,71.03,4.9,0.1754,56.3,open,3312
2024_2024-06-20_MIN_TB,2024,2024-06-20,,74.9,4.6,-0.8678,56.7,open,3312
2024_2024-07-02_NYY_CIN,2024,2024-07-02,,74.83,8.1,0.0314,49.7,open,3313
2024_2024-07-03_NYY_CIN,2024,2024-07-03,,71.97,13.37,0.0541,59.7,open,3313
2024_2024-07-04_NYY_CIN,2024,2024-07-04,,85.1,8.37,-0.1374,57.0,open,3313
2024_2024-04-08_NYY_MIA,2024,2024-04-08,,52.57,6.43,0.3518,70.7,open,3313
2024_2024-04-09_NYY_MIA,2024,2024-04-09,,56.1,9.47,0.1392,61.7,open,3313
2024_2024-04-10_NYY_MIA,2024,2024-04-10,,54.9,4.47,-0.9973,88.7,open,3313
2024_2024-08-07_NYY_LAA,2024,2024-08-07,,70.77,12.33,-0.9673,76.7,open,3313
2024_2024-08-08_NYY_LAA,2024,2024-08-08,,71.2,11.0,-0.9968,89.3,open,3313
2024_2024-04-22_NYY_OAK,2024,2024-04-22,,56.93,5.83,0.4695,37.3,open,3313
2024_2024-04-23_NYY_OAK,2024,2024-04-23,,47.93,13.27,0.0262,63.0,open,3313
2024_2024-04-24_NYY_OAK,2024,2024-04-24,,56.93,7.87,0.5461,59.3,open,3313
2024_2024-04-25_NYY_OAK,2024,2024-04-25,,44.17,7.97,0.1149,63.0,open,3313
2024_2024-08-10_NYY_TEX,2024,2024-08-10,,83.8,10.27,0.9232,50.3,open,3313
2024_2024-08-11_NYY_TEX,2024,2024-08-11,,80.03,5.07,0.7627,51.3,open,3313
2024_2024-05-03_NYY_DET,2024,2024-05-03,,53.77,6.47,-0.0332,69.3,open,3313
2024_2024-05-04_NYY_DET,2024,2024-05-04,,61.33,12.3,-0.3649,52.3,open,3313
2024_2024-05-05_NYY_DET,2024,2024-05-05,,52.0,11.03,-0.4368,87.0,open,3313
2024_2024-09-09_NYY_KC,2024,2024-09-09,,69.1,8.17,0.9882,43.3,open,3313
2024_2024-09-10_NYY_KC,2024,2024-09-10,,67.7,4.93,0.2317,58.3,open,3313
2024_2024-09-11_NYY_KC,2024,2024-09-11,,66.23,4.93,-0.2113,78.3,open,3313
2024_2024-06-04_NYY_MIN,2024,2024-06-04,,66.87,9.03,-0.2267,78.3,open,3313
2024_2024-06-05_NYY_MIN,2024,2024-06-05,,70.67,8.93,-0.0105,87.0,open,3313
2024_2024-06-06_NYY_MIN,2024,2024-06-06,,76.4,5.5,0.8171,82.7,open,3313
2024_2024-05-17_NYY_CWS,2024,2024-05-17,,65.67,2.9,-0.8462,78.3,open,3313
2024_2024-05-18_NYY_CWS,2024,2024-05-18,,70.73,7.87,-0.9917,62.0,open,3313
2024_2024-05-19_NYY_CWS,2024,2024-05-19,,72.8,7.13,-0.8171,56.7,open,3313
2024_2024-08-20_NYY_CLE,2024,2024-08-20,,65.43,7.43,0.6157,56.0,open,3313
2024_2024-08-21_NYY_CLE,2024,2024-08-21,,66.97,7.63,0.6858,53.7,open,3313
2024_2024-08-22_NYY_CLE,2024,2024-08-22,,75.83,10.1,0.766,40.3,open,3313
2024_2024-06-18_NYY_BAL,2024,2024-06-18,,75.77,11.87,0.0436,63.7,open,3313
2024_2024-06-19_NYY_BAL,2024,2024-06-19,,74.93,10.97,0.0035,63.7,open,3313
2024_2024-06-20_NYY_BAL,2024,2024-06-20,,86.37,13.03,0.0541,51.0,open,3313
2024_2024-09-24_NYY_BAL,2024,2024-09-24,,64.4,8.33,-0.7627,63.0,open,3313
2024_2024-09-25_NYY_BAL,2024,2024-09-25,,63.9,7.93,-0.8763,76.3,open,3313
2024_2024-09-26_NYY_BAL,2024,2024-09-26,,70.6,5.6,0.4305,95.0,open,3313
2024_2024-04-05_NYY_TOR,2024,2024-04-05,,48.53,16.87,0.7361,42.7,open,3313
2024_2024-04-06_NYY_TOR,2024,2024-04-06,,45.0,8.07,-0.0297,54.3,open,3313
2024_2024-04-07_NYY_TOR,2024,2024-04-07,,53.17,14.03,-0.1461,42.0,open,3313
2024_2024-06-07_NYY_LAD,2024,2024-06-07,,73.8,9.2,0.712,54.0,open,3313
2024_2024-06-08_NYY_LAD,2024,2024-06-08,,71.77,6.77,0.9342,48.7,open,3313
2024_2024-06-09_NYY_LAD,2024,2024-06-09,,70.6,6.2,0.6678,47.7,open,3313
2024_2024-06-21_NYY_ATL,2024,2024-06-21,,81.33,8.4,-0.9291,64.7,open,3313
2024_2024-06-22_NYY_ATL,2024,2024-06-22,,80.33,6.13,-0.518,74.7,open,3313
2024_2024-06-23_NYY_ATL,2024,2024-06-23,,95.6,14.77,0.788,37.3,open,3313
2024_2024-07-23_NYY_NYM,2024,2024-07-23,,78.1,4.9,-0.512,78.7,open,3313
2024_2024-07-24_NYY_NYM,2024,2024-07-24,,76.87,6.47,0.007,80.3,open,3313
2024_2024-08-02_NYY_TOR,2024,2024-08-02,,77.9,6.47,-0.2215,89.0,open,3313
2024_2024-08-03_NYY_TOR,2024,2024-08-03,,89.77,7.73,0.859,57.0,open,3313
2024_2024-08-04_NYY_TOR,2024,2024-08-04,,79.47,8.57,0.742,77.0,open,3313
2024_2024-08-23_NYY_COL,2024,2024-08-23,,71.73,7.57,0.4633,62.7,open,3313
2024_2024-08-24_NYY_COL,2024,2024-08-24,,84.9,3.23,0.3173,30.7,open,3313
2024_2024-08-25_NYY_COL,2024,2024-08-25,,86.23,3.93,0.986,39.0,open,3313
2024_2024-08-30_NYY_STL,2024,2024-08-30,,68.87,6.9,-0.518,73.7,open,3313
2024_2024-08-31_NYY_STL,2024,2024-08-31,,78.17,9.0,0.0715,65.3,open,3313
2024_2024-09-01_NYY_STL,2024,2024-09-01,,81.47,10.63,0.9373,69.3,open,3313
2024_2024-09-27_NYY_PIT,2024,2024-09-27,,67.7,4.3,-0.8957,76.7,open,3313
2024_2024-09-28_NYY_PIT,2024,2024-09-28,,69.0,12.63,-0.9983,70.3,open,3313
2024_2024-08-07_NYY_LAA_2,2024,2024-08-07,,70.77,12.33,-0.9673,76.7,open,3313
2024_2024-08-10_NYY_TEX_2,2024,2024-08-10,,83.8,10.27,0.9232,50.3,open,3313
2024_2024-09-29_NYY_PIT,2024,2024-09-29,,64.4,10.5,-0.9527,79.3,open,3313
2024_2024-10-05_NYY_KC,2024,2024-10-05,,66.63,6.23,-0.7716,49.3,open,3313
2024_2024-10-07_NYY_KC,2024,2024-10-07,,62.4,7.77,0.4195,53.3,open,3313
2024_2024-10-28_NYY_LAD,2024,2024-10-28,,50.0,6.03,-0.7302,72.7,open,3313
2024_2024-10-29_NYY_LAD,2024,2024-10-29,,59.47,7.8,-0.5402,86.7,open,3313
2024_2024-10-30_NYY_LAD,2024,2024-10-30,,66.3,7.8,0.8572,66.0,open,3313
2024_2024-10-14_NYY_CLE,2024,2024-10-14,,49.87,16.37,0.6534,54.3,open,3313
2024_2024-10-15_NYY_CLE,2024,2024-10-15,,49.87,6.5,0.5878,53.0,open,3313
2024_2024-05-07_NYY_HOU,2024,2024-05-07,,67.43,8.33,0.2689,54.7,open,3313
2024_2024-05-08_NYY_HOU,2024,2024-05-08,,78.33,12.9,0.9965,35.0,open,3313
2024_2024-05-09_NYY_HOU,2024,2024-05-09,,66.33,3.67,-0.9367,49.7,open,3313
2024_2024-05-20_NYY_SEA,2024,2024-05-20,,59.87,8.1,0.0052,84.0,open,3313
2024_2024-05-21_NYY_SEA,2024,2024-05-21,,63.7,7.67,-0.3486,86.3,open,3313
2024_2024-05-22_NYY_SEA,2024,2024-05-22,,69.73,10.57,0.1167,75.3,open,3313
2024_2024-05-23_NYY_SEA,2024,2024-05-23,,76.1,3.1,0.3535,73.7,open,3313
2024_2024-07-05_NYY_BOS,2024,2024-07-05,,77.43,6.93,-0.832,87.3,open,3313
2024_2024-07-06_NYY_BOS,2024,2024-07-06,,89.33,9.3,0.0837,63.7,open,3313
2024_2024-07-07_NYY_BOS,2024,2024-07-07,,83.13,5.87,-0.1564,76.7,open,3313
2024_2024-09-12_NYY_BOS,2024,2024-09-12,,66.9,5.27,-0.014,78.7,open,3313
2024_2024-09-13_NYY_BOS,2024,2024-09-13,,69.33,5.33,0.1857,73.7,open,3313
2024_2024-09-14_NYY_BOS,2024,2024-09-14,,83.83,8.47,-0.9681,43.7,open,3313
2024_2024-09-15_NYY_BOS,2024,2024-09-15,,81.53,9.27,-0.9759,43.0,open,3313
2024_2024-04-19_NYY_TB,2024,2024-04-19,,48.03,6.53,-0.1616,81.7,open,3313
2024_2024-04-20_NYY_TB,2024,2024-04-20,,65.8,10.2,0.9999,44.7,open,3313
2024_2024-04-21_NYY_TB,2024,2024-04-21,,52.1,13.23,0.9724,38.7,open,3313
2024_2024-07-19_NYY_TB,2024,2024-07-19,,79.07,7.23,0.421,50.0,open,3313
2024_2024-07-20_NYY_TB,2024,2024-07-20,,81.13,9.93,0.7349,58.3,open,3313
2024_2024-07-21_NYY_TB,2024,2024-07-21,,88.13,2.87,0.9781,36.3,open,3313
2024_2024-07-22_NYY_TB,2024,2024-07-22,,81.63,11.43,0.0906,61.3,open,3313
2024_2024-06-20_STL_SF,2024,2024-06-20,36.0,83.93,5.67,-0.6347,52.7,open,3949
2024_2024-08-09_MIA_SD,2024,2024-08-09,,72.0,0.0,0.0,50.0,closed,4169
2024_2024-08-10_MIA_SD,2024,2024-08-10,,72.0,0.0,0.0,50.0,closed,4169
2024_2024-08-11_MIA_SD,2024,2024-08-11,,72.0,0.0,0.0,50.0,closed,4169
2024_2024-08-23_MIA_CHC,2024,2024-08-23,,72.0,0.0,0.0,50.0,closed,4169
2024_2024-08-24_MIA_CHC,2024,2024-08-24,,72.0,0.0,0.0,50.0,closed,4169
2024_2024-08-25_MIA_CHC,2024,2024-08-25,,72.0,0.0,0.0,50.0,closed,4169
2024_2024-08-05_MIA_CIN,2024,2024-08-05,,72.0,0.0,0.0,50.0,closed,4169
2024_2024-08-06_MIA_CIN,2024,2024-08-06,,72.0,0.0,0.0,50.0,closed,4169
2024_2024-08-07_MIA_CIN,2024,2024-08-07,,72.0,0.0,0.0,50.0,closed,4169
2024_2024-08-08_MIA_CIN,2024,2024-08-08,,72.0,0.0,0.0,50.0,closed,4169
2024_2024-05-20_MIA_MIL,2024,2024-05-20,,72.0,0.0,0.0,50.0,closed,4169
2024_2024-05-21_MIA_MIL,2024,2024-05-21,,72.0,0.0,0.0,50.0,closed,4169
2024_2024-05-22_MIA_MIL,2024,2024-05-22,,72.0,0.0,0.0,50.0,closed,4169
2024_2024-03-28_MIA_PIT,2024,2024-03-28,,72.0,0.0,0.0,50.0,closed,4169
2024_2024-03-29_MIA_PIT,2024,2024-03-29,,70.8,10.47,-0.5906,57.7,retractable_open,4169
2024_2024-03-30_MIA_PIT,2024,2024-03-30,,74.7,8.77,-0.9311,48.7,retractable_open,4169
2024_2024-03-31_MIA_PIT,2024,2024-03-31,,76.2,8.93,-0.9845,53.0,retractable_open,4169
2024_2024-04-01_MIA_LAA,2024,2024-04-01,,76.33,7.37,-0.9505,59.7,retractable_open,4169
2024_2024-04-02_MIA_LAA,2024,2024-04-02,,78.1,11.1,-0.7615,69.3,retractable_open,4169
2024_2024-04-03_MIA_LAA,2024,2024-04-03,,72.0,0.0,0.0,50.0,closed,4169
2024_2024-04-12_MIA_ATL,2024,2024-04-12,,73.23,5.03,-0.9421,68.3,retractable_open,4169
2024_2024-04-13_MIA_ATL,2024,2024-04-13,,77.33,14.9,-0.2419,49.0,retractable_open,4169
2024_2024-04-14_MIA_ATL,2024,2024-04-14,,77.53,12.93,-0.592,46.3,retractable_open,4169
2024_2024-04-30_MIA_COL,2024,2024-04-30,,72.0,0.0,0.0,50.0,closed,4169
2024_2024-05-01_MIA_COL,2024,2024-05-01,,72.0,0.0,0.0,50.0,closed,4169
2024_2024-05-02_MIA_COL,2024,2024-05-02,,72.0,0.0,0.0,50.0,closed,4169
2024_2024-05-10_MIA_PHI,2024,2024-05-10,,72.0,0.0,0.0,50.0,closed,4169
2024_2024-05-11_MIA_PHI,2024,2024-05-11,,72.0,0.0,0.0,50.0,closed,4169
2024_2024-05-12_MIA_PHI,2024,2024-05-12,,72.0,0.0,0.0,50.0,closed,4169
2024_2024-05-17_MIA_NYM,2024,2024-05-17,,72.0,0.0,0.0,50.0,closed,4169
2024_2024-05-18_MIA_NYM,2024,2024-05-18,,72.0,0.0,0.0,50.0,closed,4169
2024_2024-05-19_MIA_NYM,2024,2024-05-19,,72.0,0.0,0.0,50.0,closed,4169
2024_2024-05-31_MIA_TEX,2024,2024-05-31,,72.0,0.0,0.0,50.0,closed,4169
2024_2024-06-01_MIA_TEX,2024,2024-06-01,,72.0,0.0,0.0,50.0,closed,4169
2024_2024-06-02_MIA_TEX,2024,2024-06-02,,72.0,0.0,0.0,50.0,closed,4169
2024_2024-06-07_MIA_CLE,2024,2024-06-07,,72.0,0.0,0.0,50.0,closed,4169
2024_2024-06-08_MIA_CLE,2024,2024-06-08,,72.0,0.0,0.0,50.0,closed,4169
2024_2024-06-09_MIA_CLE,2024,2024-06-09,,72.0,0.0,0.0,50.0,closed,4169
2024_2024-06-17_MIA_STL,2024,2024-06-17,,72.0,0.0,0.0,50.0,closed,4169
2024_2024-06-18_MIA_STL,2024,2024-06-18,,72.0,0.0,0.0,50.0,closed,4169
2024_2024-06-19_MIA_STL,2024,2024-06-19,,72.0,0.0,0.0,50.0,closed,4169
2024_2024-07-19_MIA_NYM,2024,2024-07-19,,72.0,0.0,0.0,50.0,closed,4169
2024_2024-07-20_MIA_NYM,2024,2024-07-20,,72.0,0.0,0.0,50.0,closed,4169
2024_2024-07-21_MIA_NYM,2024,2024-07-21,,72.0,0.0,0.0,50.0,closed,4169
2024_2024-07-22_MIA_NYM,2024,2024-07-22,,72.0,0.0,0.0,50.0,closed,4169
2024_2024-07-23_MIA_BAL,2024,2024-07-23,,72.0,0.0,0.0,50.0,closed,4169
2024_2024-07-24_MIA_BAL,2024,2024-07-24,,72.0,0.0,0.0,50.0,closed,4169
2024_2024-07-25_MIA_BAL,2024,2024-07-25,,72.0,0.0,0.0,50.0,closed,4169
2024_2024-08-19_MIA_ARI,2024,2024-08-19,,72.0,0.0,0.0,50.0,closed,4169
2024_2024-08-20_MIA_ARI,2024,2024-08-20,,72.0,0.0,0.0,50.0,closed,4169
2024_2024-08-21_MIA_ARI,2024,2024-08-21,,72.0,0.0,0.0,50.0,closed,4169
2024_2024-09-05_MIA_PHI,2024,2024-09-05,,72.0,0.0,0.0,50.0,closed,4169
2024_2024-09-06_MIA_PHI,2024,2024-09-06,,72.0,0.0,0.0,50.0,closed,4169
2024_2024-09-07_MIA_PHI,2024,2024-09-07,,72.0,0.0,0.0,50.0,closed,4169
2024_2024-09-08_MIA_PHI,2024,2024-09-08,,72.0,0.0,0.0,50.0,closed,4169
2024_2024-09-17_MIA_LAD,2024,2024-09-17,,72.0,0.0,0.0,50.0,closed,4169
2024_2024-09-18_MIA_LAD,2024,2024-09-18,,72.0,0.0,0.0,50.0,closed,4169
2024_2024-09-19_MIA_LAD,2024,2024-09-19,,72.0,0.0,0.0,50.0,closed,4169
2024_2024-09-20_MIA_ATL,2024,2024-09-20,,72.0,0.0,0.0,50.0,closed,4169
2024_2024-09-21_MIA_ATL,2024,2024-09-21,,72.0,0.0,0.0,50.0,closed,4169
2024_2024-09-22_MIA_ATL,2024,2024-09-22,,72.0,0.0,0.0,50.0,closed,4169
2024_2024-07-05_MIA_CWS,2024,2024-07-05,,72.0,0.0,0.0,50.0,closed,4169
2024_2024-07-06_MIA_CWS,2024,2024-07-06,,72.0,0.0,0.0,50.0,closed,4169
2024_2024-07-07_MIA_CWS,2024,2024-07-07,,72.0,0.0,0.0,50.0,closed,4169
2024_2024-04-15_MIA_SF,2024,2024-04-15,,75.0,11.07,-0.5195,56.7,retractable_open,4169
2024_2024-04-16_MIA_SF,2024,2024-04-16,,78.23,11.4,-0.7627,50.3,retractable_open,4169
2024_2024-04-17_MIA_SF,2024,2024-04-17,,72.0,0.0,0.0,50.0,closed,4169
2024_2024-04-26_MIA_WSH,2024,2024-04-26,,76.6,13.27,-0.3811,52.3,retractable_open,4169
2024_2024-04-27_MIA_WSH,2024,2024-04-27,,72.0,0.0,0.0,50.0,closed,4169
2024_2024-04-28_MIA_WSH,2024,2024-04-28,,72.0,0.0,0.0,50.0,closed,4169
2024_2024-04-29_MIA_WSH,2024,2024-04-29,,78.47,9.9,-0.8942,51.3,retractable_open,4169
2024_2024-09-03_MIA_WSH,2024,2024-09-03,,72.0,0.0,0.0,50.0,closed,4169
2024_2024-09-04_MIA_WSH,2024,2024-09-04,,72.0,0.0,0.0,50.0,closed,4169
2024_2024-06-21_MIA_SEA,2024,2024-06-21,,72.0,0.0,0.0,50.0,closed,4169
2024_2024-06-22_MIA_SEA,2024,2024-06-22,,72.0,0.0,0.0,50.0,closed,4169
2024_2024-06-23_MIA_SEA,2024,2024-06-23,,72.0,0.0,0.0,50.0,closed,4169
2024_2024-07-02_MIA_BOS,2024,2024-07-02,,72.0,0.0,0.0,50.0,closed,4169
2024_2024-07-03_MIA_BOS,2024,2024-07-03,,72.0,0.0,0.0,50.0,closed,4169
2024_2024-07-04_MIA_BOS,2024,2024-07-04,,72.0,0.0,0.0,50.0,closed,4169
2024_2024-06-04_MIA_TB,2024,2024-06-04,,72.0,0.0,0.0,50.0,closed,4169
2024_2024-06-05_MIA_TB,2024,2024-06-05,,72.0,0.0,0.0,50.0,closed,4169
2024_2024-05-17_ATL_SD,2024,2024-05-17,,68.3,6.33,-0.9583,89.7,open,4705
2024_2024-05-19_ATL_SD,2024,2024-05-19,,72.13,2.83,0.1374,82.0,open,4705
2024_2024-05-20_ATL_SD,2024,2024-05-20,,77.07,5.93,-0.6547,59.7,open,4705
2024_2024-05-13_ATL_CHC,2024,2024-05-13,,65.83,9.47,-0.9803,74.0,open,4705
2024_2024-05-14_ATL_CHC,2024,2024-05-14,,68.03,6.53,-0.3567,89.3,open,4705
2024_2024-05-15_ATL_CHC,2024,2024-05-15,,72.13,7.9,0.8526,63.7,open,4705
2024_2024-07-22_ATL_CIN,2024,2024-07-22,,75.57,2.43,-0.3107,89.0,open,4705
2024_2024-07-24_ATL_CIN,2024,2024-07-24,,78.5,1.2,-0.6004,79.7,open,4705
2024_2024-09-09_ATL_CIN,2024,2024-09-09,,77.6,3.97,-0.1219,48.3,open,4705
2024_2024-08-06_ATL_MIL,2024,2024-08-06,,83.63,6.17,0.9934,59.7,open,4705
2024_2024-08-07_ATL_MIL,2024,2024-08-07,,85.43,9.93,0.9863,53.0,open,4705
2024_2024-08-08_ATL_MIL,2024,2024-08-08,,89.6,10.93,0.9265,53.7,open,4705
2024_2024-04-22_ATL_MIA,2024,2024-04-22,,55.97,5.33,0.7955,51.0,open,4705
2024_2024-04-23_ATL_MIA,2024,2024-04-23,,63.23,7.63,-0.4147,46.7,open,4705
2024_2024-04-24_ATL_MIA,2024,2024-04-24,,66.53,4.4,0.9379,68.0,open,4705
2024_2024-08-01_ATL_MIA,2024,2024-08-01,,81.67,1.9,-0.9969,86.7,open,4705
2024_2024-08-02_ATL_MIA,2024,2024-08-02,,83.43,6.5,0.014,69.3,open,4705
2024_2024-08-03_ATL_MIA,2024,2024-08-03,,80.0,3.97,0.8918,74.0,open,4705
2024_2024-08-04_ATL_MIA,2024,2024-08-04,,85.73,2.73,-0.9461,56.7,open,4705
2024_2024-07-05_ATL_PHI,2024,2024-07-05,,85.2,5.2,0.3453,65.0,open,4705
2024_2024-07-06_ATL_PHI,2024,2024-07-06,,78.83,1.5,-0.2907,93.7,open,4705
2024_2024-07-07_ATL_PHI,2024,2024-07-07,,87.27,4.17,-0.9869,62.0,open,4705
2024_2024-08-20_ATL_PHI,2024,2024-08-20,,76.8,8.3,0.9999,48.7,open,4705
2024_2024-08-21_ATL_PHI,2024,2024-08-21,,78.37,3.4,-0.8348,50.7,open,4705
2024_2024-08-22_ATL_PHI,2024,2024-08-22,,77.3,6.37,-0.6782,47.7,open,4705
2024_2024-05-31_ATL_OAK,2024,2024-05-31,,75.7,8.33,-0.6494,42.7,open,4705
2024_2024-06-01_ATL_OAK,2024,2024-06-01,,75.8,12.13,-0.9998,45.0,open,4705
2024_2024-06-02_ATL_OAK,2024,2024-06-02,,80.53,9.27,-0.5446,58.0,open,4705
2024_2024-04-19_ATL_TEX,2024,2024-04-19,,73.77,5.6,0.9056,73.7,open,4705
2024_2024-04-20_ATL_TEX,2024,2024-04-20,,67.33,8.9,0.9885,62.0,open,4705
2024_2024-04-21_ATL_TEX,2024,2024-04-21,,52.17,10.13,1.0,54.0,open,4705
2024_2024-06-17_ATL_DET,2024,2024-06-17,,87.33,8.03,-0.9354,45.0,open,4705
2024_2024-06-18_ATL_DET,2024,2024-06-18,,84.67,11.57,-0.8763,34.3,open,4705
2024_2024-06-19_ATL_DET,2024,2024-06-19,,82.97,12.47,-0.6334,43.7,open,4705
2024_2024-09-27_ATL_KC,2024,2024-09-27,,71.0,11.8,-0.673,63.0,open,4705
2024_2024-09-28_ATL_KC,2024,2024-09-28,,69.47,4.23,0.6521,84.3,open,4705
2024_2024-04-26_ATL_CLE,2024,2024-04-26,,72.47,10.87,-0.8049,52.7,open,4705
2024_2024-04-27_ATL_CLE,2024,2024-04-27,,70.83,8.77,-0.9018,59.3,open,4705
2024_2024-04-28_ATL_CLE,2024,2024-04-28,,76.13,11.5,-0.9997,46.0,open,4705
2024_2024-09-06_ATL_TOR,2024,2024-09-06,,69.43,1.8,-0.7431,96.0,open,4705
2024_2024-09-07_ATL_TOR,2024,2024-09-07,,74.9,7.77,0.9198,51.7,open,4705
2024_2024-09-08_ATL_TOR,2024,2024-09-08,,79.33,6.13,-0.5736,46.0,open,4705
2024_2024-04-05_ATL_ARI,2024,2024-04-05,,52.9,8.77,0.9848,51.7,open,4705
2024_2024-04-06_ATL_ARI,2024,2024-04-06,,54.43,5.87,0.9573,49.3,open,4705
2024_2024-04-07_ATL_ARI,2024,2024-04-07,,63.83,5.8,-0.9978,48.3,open,4705
2024_2024-09-03_ATL_COL,2024,2024-09-03,,78.07,8.3,-0.4833,42.0,open,4705
2024_2024-09-04_ATL_COL,2024,2024-09-04,,76.43,7.67,-0.3256,42.7,open,4705
2024_2024-09-05_ATL_COL,2024,2024-09-05,,78.37,5.5,0.0906,49.7,open,4705
2024_2024-09-13_ATL_LAD,2024,2024-09-13,,74.0,11.57,-0.6896,79.7,open,4705
2024_2024-09-14_ATL_LAD,2024,2024-09-14,,73.53,10.77,-0.7455,78.3,open,4705
2024_2024-09-15_ATL_LAD,2024,2024-09-15,,75.63,10.13,-0.4818,62.0,open,4705
2024_2024-09-16_ATL_LAD,2024,2024-09-16,,74.07,5.7,-0.6184,52.3,open,4705
2024_2024-07-02_ATL_SF,2024,2024-07-02,,85.93,7.7,-0.989,46.0,open,4705
2024_2024-07-03_ATL_SF,2024,2024-07-03,,87.13,5.5,-0.9936,53.7,open,4705
2024_2024-07-04_ATL_SF,2024,2024-07-04,,88.5,4.3,-0.5793,56.7,open,4705
2024_2024-06-28_ATL_PIT,2024,2024-06-28,,81.83,7.97,-0.9993,71.0,open,4705
2024_2024-06-29_ATL_PIT,2024,2024-06-29,,82.87,3.3,0.5373,74.0,open,4705
2024_2024-06-30_ATL_PIT,2024,2024-06-30,,89.33,8.63,0.99,60.7,open,4705
2024_2024-07-20_ATL_STL,2024,2024-07-20,,77.87,2.8,-0.5548,85.3,open,4705
2024_2024-07-21_ATL_STL,2024,2024-07-21,,82.9,4.57,-0.3404,68.0,open,4705
2024_2024-04-08_ATL_NYM,2024,2024-04-08,,67.73,5.4,-0.8771,59.3,open,4705
2024_2024-04-09_ATL_NYM,2024,2024-04-09,,59.8,9.4,-0.977,95.7,open,4705
2024_2024-04-11_ATL_NYM,2024,2024-04-11,,67.77,13.17,-0.4924,83.3,open,4705
2024_2024-05-27_ATL_WSH,2024,2024-05-27,,84.13,10.6,0.4163,59.0,open,4705
2024_2024-05-28_ATL_WSH,2024,2024-05-28,,75.7,7.13,0.9379,50.7,open,4705
2024_2024-05-29_ATL_WSH,2024,2024-05-29,,74.2,7.0,0.9945,51.0,open,4705
2024_2024-05-30_ATL_WSH,2024,2024-05-30,,73.13,4.57,0.9907,48.3,open,4705
2024_2024-08-23_ATL_WSH,2024,2024-08-23,,76.0,5.4,-0.5707,45.0,open,4705
2024_2024-08-24_ATL_WSH,2024,2024-08-24,,76.73,4.67,-0.1236,48.0,open,4705
2024_2024-08-25_ATL_WSH,2024,2024-08-25,,82.73,6.83,-0.3584,40.0,open,4705
2024_2024-09-24_ATL_NYM,2024,2024-09-24,,82.0,6.83,-0.4131,53.7,open,4705
2024_2024-09-29_ATL_KC,2024,2024-09-29,,75.43,7.4,0.061,63.3,open,4705
2024_2024-09-30_ATL_NYM,2024,2024-09-30,,73.97,6.13,0.4955,79.0,open,4705
2024_2024-05-20_ATL_SD_2,2024,2024-05-20,,77.7,2.53,0.9478,56.7,open,4705
2024_2024-07-20_ATL_STL_2,2024,2024-07-20,,74.67,4.93,-0.9965,92.3,open,4705
2024_2024-09-30_ATL_NYM_2,2024,2024-09-30,,73.97,6.13,0.4955,79.0,open,4705
2024_2024-05-07_ATL_BOS,2024,2024-05-07,,77.9,6.27,-0.5548,65.0,open,4705
2024_2024-05-08_ATL_BOS,2024,2024-05-08,,80.47,7.03,-0.766,61.7,open,4705
2024_2024-06-14_ATL_TB,2024,2024-06-14,,89.3,3.5,0.9397,40.0,open,4705
2024_2024-06-15_ATL_TB,2024,2024-06-15,,94.3,4.53,-0.6534,36.0,open,4705
2024_2024-06-16_ATL_TB,2024,2024-06-16,,93.83,7.33,-0.9898,37.0,open,4705
2024_2024-03-20_SD_LAD,2024,2024-03-20,37.0,72.0,0.0,0.0,50.0,dome,5150
2024_2024-03-21_LAD_SD,2024,2024-03-21,37.0,72.0,0.0,0.0,50.0,dome,5150
2024_2024-07-02_TEX_SD,2024,2024-07-02,,72.0,0.0,0.0,50.0,closed,5325
2024_2024-07-03_TEX_SD,2024,2024-07-03,,72.0,0.0,0.0,50.0,closed,5325
2024_2024-07-04_TEX_SD,2024,2024-07-04,,72.0,0.0,0.0,50.0,closed,5325
2024_2024-03-28_TEX_CHC,2024,2024-03-28,,72.0,0.0,0.0,50.0,closed,5325
2024_2024-03-30_TEX_CHC,2024,2024-03-30,,72.0,0.0,0.0,50.0,closed,5325
2024_2024-03-31_TEX_CHC,2024,2024-03-31,,72.0,0.0,0.0,50.0,closed,5325
2024_2024-04-26_TEX_CIN,2024,2024-04-26,,72.0,0.0,0.0,50.0,closed,5325
2024_2024-04-27_TEX_CIN,2024,2024-04-27,,72.0,0.0,0.0,50.0,closed,5325
2024_2024-04-28_TEX_CIN,2024,2024-04-28,,72.0,0.0,0.0,50.0,closed,5325
2024_2024-05-17_TEX_LAA,2024,2024-05-17,,72.33,3.37,0.549,82.3,retractable_open,5325
2024_2024-05-18_TEX_LAA,2024,2024-05-18,,72.0,0.0,0.0,50.0,closed,5325
2024_2024-05-19_TEX_LAA,2024,2024-05-19,,72.0,0.0,0.0,50.0,closed,5325
2024_2024-09-05_TEX_LAA,2024,2024-09-05,,72.0,0.0,0.0,50.0,closed,5325
2024_2024-09-06_TEX_LAA,2024,2024-09-06,,72.0,0.0,0.0,50.0,closed,5325
2024_2024-09-07_TEX_LAA,2024,2024-09-07,,79.57,14.27,-0.9323,36.3,retractable_open,5325
2024_2024-09-08_TEX_LAA,2024,2024-09-08,,79.17,10.87,-0.9291,34.7,retractable_open,5325
2024_2024-04-09_TEX_OAK,2024,2024-04-09,,72.0,0.0,0.0,50.0,closed,5325
2024_2024-04-10_TEX_OAK,2024,2024-04-10,,72.0,0.0,0.0,50.0,closed,5325
2024_2024-04-11_TEX_OAK,2024,2024-04-11,,72.0,0.0,0.0,50.0,closed,5325
2024_2024-08-30_TEX_OAK,2024,2024-08-30,,72.0,0.0,0.0,50.0,closed,5325
2024_2024-08-31_TEX_OAK,2024,2024-08-31,,72.0,0.0,0.0,50.0,closed,5325
2024_2024-09-01_TEX_OAK,2024,2024-09-01,,72.0,0.0,0.0,50.0,closed,5325
2024_2024-04-30_TEX_WSH,2024,2024-04-30,,72.0,0.0,0.0,50.0,closed,5325
2024_2024-05-01_TEX_WSH,2024,2024-05-01,,72.0,0.0,0.0,50.0,closed,5325
2024_2024-05-02_TEX_WSH,2024,2024-05-02,,72.0,0.0,0.0,50.0,closed,5325
2024_2024-05-13_TEX_CLE,2024,2024-05-13,,72.0,0.0,0.0,50.0,closed,5325
2024_2024-05-14_TEX_CLE,2024,2024-05-14,,77.73,3.0,0.5736,55.3,retractable_open,5325
2024_2024-05-15_TEX_CLE,2024,2024-05-15,,72.0,0.0,0.0,50.0,closed,5325
2024_2024-05-28_TEX_ARI,2024,2024-05-28,,72.0,0.0,0.0,50.0,closed,5325
2024_2024-05-29_TEX_ARI,2024,2024-05-29,,72.0,0.0,0.0,50.0,closed,5325
2024_2024-06-03_TEX_DET,2024,2024-06-03,,72.0,0.0,0.0,50.0,closed,5325
2024_2024-06-04_TEX_DET,2024,2024-06-04,,72.0,0.0,0.0,50.0,closed,5325
2024_2024-06-05_TEX_DET,2024,2024-06-05,,72.0,0.0,0.0,50.0,closed,5325
2024_2024-06-07_TEX_SF,2024,2024-06-07,,72.0,0.0,0.0,50.0,closed,5325
2024_2024-06-08_TEX_SF,2024,2024-06-08,,72.0,0.0,0.0,50.0,closed,5325
2024_2024-06-09_TEX_SF,2024,2024-06-09,,72.0,0.0,0.0,50.0,closed,5325
2024_2024-06-17_TEX_NYM,2024,2024-06-17,,72.0,0.0,0.0,50.0,closed,5325
2024_2024-06-18_TEX_NYM,2024,2024-06-18,,72.0,0.0,0.0,50.0,closed,5325
2024_2024-06-19_TEX_NYM,2024,2024-06-19,,72.0,0.0,0.0,50.0,closed,5325
2024_2024-06-21_TEX_KC,2024,2024-06-21,,72.0,0.0,0.0,50.0,closed,5325
2024_2024-06-22_TEX_KC,2024,2024-06-22,,72.0,0.0,0.0,50.0,closed,5325
2024_2024-06-23_TEX_KC,2024,2024-06-23,,72.0,0.0,0.0,50.0,closed,5325
2024_2024-07-19_TEX_BAL,2024,2024-07-19,,72.0,0.0,0.0,50.0,closed,5325
2024_2024-07-20_TEX_BAL,2024,2024-07-20,,72.0,0.0,0.0,50.0,closed,5325
2024_2024-07-21_TEX_BAL,2024,2024-07-21,,72.0,0.0,0.0,50.0,closed,5325
2024_2024-07-22_TEX_CWS,2024,2024-07-22,,72.0,0.0,0.0,50.0,closed,5325
2024_2024-07-23_TEX_CWS,2024,2024-07-23,,72.0,0.0,0.0,50.0,closed,5325
2024_2024-07-24_TEX_CWS,2024,2024-07-24,,72.0,0.0,0.0,50.0,closed,5325
2024_2024-07-25_TEX_CWS,2024,2024-07-25,,72.0,0.0,0.0,50.0,closed,5325
2024_2024-08-15_TEX_MIN,2024,2024-08-15,,72.0,0.0,0.0,50.0,closed,5325
2024_2024-08-16_TEX_MIN,2024,2024-08-16,,72.0,0.0,0.0,50.0,closed,5325
2024_2024-08-17_TEX_MIN,2024,2024-08-17,,72.0,0.0,0.0,50.0,closed,5325
2024_2024-08-18_TEX_MIN,2024,2024-08-18,,72.0,0.0,0.0,50.0,closed,5325
2024_2024-08-19_TEX_PIT,2024,2024-08-19,,72.0,0.0,0.0,50.0,closed,5325
2024_2024-08-20_TEX_PIT,2024,2024-08-20,,72.0,0.0,0.0,50.0,closed,5325
2024_2024-08-21_TEX_PIT,2024,2024-08-21,,72.0,0.0,0.0,50.0,closed,5325
2024_2024-09-02_TEX_NYY,2024,2024-09-02,,72.0,0.0,0.0,50.0,closed,5325
2024_2024-09-03_TEX_NYY,2024,2024-09-03,,72.0,0.0,0.0,50.0,closed,5325
2024_2024-09-04_TEX_NYY,2024,2024-09-04,,72.0,0.0,0.0,50.0,closed,5325
2024_2024-09-17_TEX_TOR,2024,2024-09-17,,72.0,0.0,0.0,50.0,closed,5325
2024_2024-09-18_TEX_TOR,2024,2024-09-18,,72.0,0.0,0.0,50.0,closed,5325
2024_2024-09-19_TEX_TOR,2024,2024-09-19,,72.0,0.0,0.0,50.0,closed,5325
2024_2024-04-05_TEX_HOU,2024,2024-04-05,,74.93,10.47,0.6896,36.3,retractable_open,5325
2024_2024-04-06_TEX_HOU,2024,2024-04-06,,72.0,0.0,0.0,50.0,closed,5325
2024_2024-04-07_TEX_HOU,2024,2024-04-07,,72.7,7.7,0.9803,29.0,retractable_open,5325
2024_2024-04-08_TEX_HOU,2024,2024-04-08,,72.0,0.0,0.0,50.0,closed,5325
2024_2024-08-05_TEX_HOU,2024,2024-08-05,,72.0,0.0,0.0,50.0,closed,5325
2024_2024-08-06_TEX_HOU,2024,2024-08-06,,72.0,0.0,0.0,50.0,closed,5325
2024_2024-08-07_TEX_HOU,2024,2024-08-07,,72.0,0.0,0.0,50.0,closed,5325
2024_2024-04-23_TEX_SEA,2024,2024-04-23,,71.2,10.97,0.7361,71.3,retractable_open,5325
2024_2024-04-24_TEX_SEA,2024,2024-04-24,,72.0,0.0,0.0,50.0,closed,5325
2024_2024-04-25_TEX_SEA,2024,2024-04-25,,72.0,0.0,0.0,50.0,closed,5325
2024_2024-09-20_TEX_SEA,2024,2024-09-20,,72.0,0.0,0.0,50.0,closed,5325
2024_2024-09-21_TEX_SEA,2024,2024-09-21,,72.0,0.0,0.0,50.0,closed,5325
2024_2024-09-22_TEX_SEA,2024,2024-09-22,,72.0,0.0,0.0,50.0,closed,5325
2024_2024-08-02_TEX_BOS,2024,2024-08-02,,72.0,0.0,0.0,50.0,closed,5325
2024_2024-08-03_TEX_BOS,2024,2024-08-03,,72.0,0.0,0.0,50.0,closed,5325
2024_2024-08-04_TEX_BOS,2024,2024-08-04,,72.0,0.0,0.0,50.0,closed,5325
2024_2024-07-05_TEX_TB,2024,2024-07-05,,72.0,0.0,0.0,50.0,closed,5325
2024_2024-07-06_TEX_TB,2024,2024-07-06,,72.0,0.0,0.0,50.0,closed,5325
2024_2024-07-07_TEX_TB,2024,2024-07-07,,72.0,0.0,0.0,50.0,closed,5325
2024_2024-04-27_COL_HOU,2024,2024-04-27,38.0,82.03,12.43,1.0,19.7,open,5340
2024_2024-04-28_COL_HOU,2024,2024-04-28,38.0,85.83,11.6,0.8581,15.0,open,5340
2024_2024-06-08_NYM_PHI,2024,2024-06-08,41.0,61.5,9.33,-0.8712,51.3,open,5381
2024_2024-06-09_PHI_NYM,2024,2024-06-09,41.0,59.67,10.9,-0.4337,56.3,open,5381
2025_2025-04-18_LAA_SF,2025,2025-04-18,,59.57,3.33,0.969,60.3,open,1
2025_2025-04-19_LAA_SF,2025,2025-04-19,,67.63,4.03,0.7695,43.7,open,1
2025_2025-04-20_LAA_SF,2025,2025-04-20,,75.2,5.2,0.9793,39.0,open,1
2025_2025-04-22_LAA_PIT,2025,2025-04-22,,60.03,5.6,0.9354,66.7,open,1
2025_2025-04-23_LAA_PIT,2025,2025-04-23,,60.2,5.6,0.9851,63.7,open,1
2025_2025-04-24_LAA_PIT,2025,2025-04-24,,60.67,5.5,0.9018,61.0,open,1
2025_2025-05-01_LAA_DET,2025,2025-05-01,,63.7,3.93,0.9245,61.0,open,1
2025_2025-05-02_LAA_DET,2025,2025-05-02,,62.27,5.13,0.9488,69.3,open,1
2025_2025-05-03_LAA_DET,2025,2025-05-03,,61.03,4.97,0.7847,71.3,open,1
2025_2025-05-04_LAA_DET,2025,2025-05-04,,65.67,4.27,0.8442,58.0,open,1
2025_2025-05-06_LAA_TOR,2025,2025-05-06,,61.7,3.93,0.8829,70.3,open,1
2025_2025-05-07_LAA_TOR,2025,2025-05-07,,66.67,3.63,0.9914,61.7,open,1
2025_2025-05-08_LAA_TOR,2025,2025-05-08,,73.33,2.8,0.9018,52.0,open,1
2025_2025-05-09_LAA_BAL,2025,2025-05-09,,86.0,3.13,0.8845,30.0,open,1
2025_2025-05-10_LAA_BAL,2025,2025-05-10,,89.53,3.93,0.9568,25.3,open,1
2025_2025-05-11_LAA_BAL,2025,2025-05-11,,89.33,6.63,0.9968,25.7,open,1
2025_2025-05-23_LAA_MIA,2025,2025-05-23,,66.33,5.27,0.9432,69.3,open,1
2025_2025-05-24_LAA_MIA,2025,2025-05-24,,63.73,4.43,0.912,69.0,open,1
2025_2025-05-25_LAA_MIA,2025,2025-05-25,,73.47,6.13,0.982,49.7,open,1
2025_2025-05-26_LAA_NYY,2025,2025-05-26,,66.17,4.93,0.901,67.7,open,1
2025_2025-05-27_LAA_NYY,2025,2025-05-27,,65.5,5.57,0.9602,70.0,open,1
2025_2025-05-28_LAA_NYY,2025,2025-05-28,,64.03,4.87,0.9781,70.0,open,1
2025_2025-06-06_LAA_SEA,2025,2025-06-06,,66.43,5.2,0.9747,69.7,open,1
2025_2025-06-07_LAA_SEA,2025,2025-06-07,,67.13,5.17,0.9813,66.7,open,1
2025_2025-06-08_LAA_SEA,2025,2025-06-08,,74.83,5.13,0.9789,53.3,open,1
2025_2025-06-20_LAA_HOU,2025,2025-06-20,,68.37,5.6,0.8893,67.3,open,1
2025_2025-06-21_LAA_HOU,2025,2025-06-21,,68.13,4.87,0.9921,58.7,open,1
2025_2025-06-22_LAA_HOU,2025,2025-06-22,,78.83,6.2,0.9594,43.3,open,1
2025_2025-06-23_LAA_BOS,2025,2025-06-23,,66.87,4.57,0.9868,65.7,open,1
2025_2025-06-24_LAA_BOS,2025,2025-06-24,,68.8,4.8,0.9751,64.7,open,1
2025_2025-06-25_LAA_BOS,2025,2025-06-25,,78.13,5.07,0.9813,48.7,open,1
2025_2025-06-27_LAA_WSH,2025,2025-06-27,,72.6,4.83,0.969,62.0,open,1
2025_2025-06-28_LAA_WSH,2025,2025-06-28,,77.93,4.33,0.8845,51.3,open,1
2025_2025-06-29_LAA_WSH,2025,2025-06-29,,84.27,5.67,0.9636,39.0,open,1
2025_2025-07-07_LAA_TEX,2025,2025-07-07,,72.8,5.17,0.8309,54.0,open,1
2025_2025-07-08_LAA_TEX,2025,2025-07-08,,78.47,4.6,0.9654,49.3,open,1
2025_2025-07-09_LAA_TEX,2025,2025-07-09,,75.73,4.47,0.7192,49.3,open,1
2025_2025-07-10_LAA_TEX,2025,2025-07-10,,76.77,3.67,0.9936,55.3,open,1
2025_2025-07-11_LAA_ARI,2025,2025-07-11,,70.07,4.7,0.9829,70.3,open,1
2025_2025-07-12_LAA_ARI,2025,2025-07-12,,70.7,4.83,0.9432,66.7,open,1
2025_2025-07-13_LAA_ARI,2025,2025-07-13,,79.13,5.57,0.9655,50.7,open,1
2025_2025-07-24_LAA_SEA,2025,2025-07-24,,73.63,5.17,0.9225,61.0,open,1
2025_2025-07-25_LAA_SEA,2025,2025-07-25,,69.17,5.47,0.8642,64.7,open,1
2025_2025-07-26_LAA_SEA,2025,2025-07-26,,71.5,4.57,0.8956,55.7,open,1
2025_2025-07-27_LAA_SEA,2025,2025-07-27,,78.87,5.53,0.9732,48.3,open,1
2025_2025-07-28_LAA_TEX,2025,2025-07-28,,71.43,4.43,0.9055,64.0,open,1
2025_2025-07-29_LAA_TEX,2025,2025-07-29,,73.77,4.23,0.9177,59.3,open,1
2025_2025-07-30_LAA_TEX,2025,2025-07-30,,73.3,4.57,0.8328,63.0,open,1
2025_2025-08-01_LAA_CWS,2025,2025-08-01,,72.07,5.03,0.951,64.0,open,1
2025_2025-08-02_LAA_CWS,2025,2025-08-02,,72.67,3.8,0.8787,62.0,open,1
2025_2025-08-03_LAA_CWS,2025,2025-08-03,,85.03,4.6,0.915,42.3,open,1
2025_2025-08-04_LAA_TB,2025,2025-08-04,,75.27,3.97,0.9806,56.3,open,1
2025_2025-08-05_LAA_TB,2025,2025-08-05,,76.07,4.23,0.9265,56.3,open,1
2025_2025-08-06_LAA_TB,2025,2025-08-06,,90.57,4.93,0.9778,33.0,open,1
2025_2025-08-11_LAA_LAD,2025,2025-08-11,,73.67,4.33,0.9995,60.3,open,1
2025_2025-08-12_LAA_LAD,2025,2025-08-12,,72.2,4.43,0.9806,68.3,open,1
2025_2025-08-13_LAA_LAD,2025,2025-08-13,,71.77,4.8,0.9985,71.0,open,1
2025_2025-08-18_LAA_CIN,2025,2025-08-18,,75.63,4.73,0.8338,63.3,open,1
2025_2025-08-19_LAA_CIN,2025,2025-08-19,,77.93,4.2,0.8433,53.7,open,1
2025_2025-08-20_LAA_CIN,2025,2025-08-20,,82.5,4.47,0.8386,45.7,open,1
2025_2025-08-22_LAA_CHC,2025,2025-08-22,,80.93,5.17,0.9816,53.0,open,1
2025_2025-08-23_LAA_CHC,2025,2025-08-23,,80.43,5.17,0.6933,53.3,open,1
2025_2025-08-24_LAA_CHC,2025,2025-08-24,,88.83,5.7,0.9959,35.3,open,1
2025_2025-09-08_LAA_MIN,2025,2025-09-08,,73.67,5.0,0.7465,67.7,open,1
2025_2025-09-09_LAA_MIN,2025,2025-09-09,,72.13,4.53,0.7911,71.3,open,1
2025_2025-09-10_LAA_MIN,2025,2025-09-10,,78.77,6.37,0.9654,48.3,open,1
2025_2025-09-23_LAA_KC,2025,2025-09-23,,77.1,4.13,0.7825,56.7,open,1
2025_2025-09-24_LAA_KC,2025,2025-09-24,,76.1,4.37,0.8562,67.0,open,1
2025_2025-09-25_LAA_KC,2025,2025-09-25,,70.43,4.73,0.8338,76.7,open,1
2025_2025-09-26_LAA_HOU,2025,2025-09-26,,69.37,3.37,0.848,76.0,open,1
2025_2025-09-27_LAA_HOU,2025,2025-09-27,,71.57,3.93,0.9995,68.3,open,1
2025_2025-09-28_LAA_HOU,2025,2025-09-28,,79.9,5.07,0.9771,49.7,open,1
2025_2025-06-09_LAA_OAK,2025,2025-06-09,,67.5,4.23,0.9934,68.3,open,1
2025_2025-06-10_LAA_OAK,2025,2025-06-10,,68.7,5.37,0.9251,68.7,open,1
2025_2025-06-11_LAA_OAK,2025,2025-06-11,,78.13,5.43,0.9854,49.7,open,1
2025_2025-09-07_LAA_OAK,2025,2025-09-07,,90.73,5.37,0.9888,30.0,open,1
2025_2025-04-04_LAA_CLE,2025,2025-04-04,,65.67,5.13,0.8252,29.3,open,1
2025_2025-04-05_LAA_CLE,2025,2025-04-05,,72.33,5.7,0.9836,19.3,open,1
2025_2025-04-06_LAA_CLE,2025,2025-04-06,,82.9,5.53,0.9564,13.0,open,1
2025_2025-09-05_LAA_OAK,2025,2025-09-05,,75.33,4.93,0.7603,60.0,open,1
2025_2025-09-06_LAA_OAK,2025,2025-09-06,,78.47,4.6,0.7847,55.3,open,1
2025_2025-06-13_BAL_LAA,2025,2025-06-13,,80.13,6.57,0.2773,68.3,open,2
2025_2025-06-14_BAL_LAA,2025,2025-06-14,,78.5,5.43,-0.2079,72.0,open,2
2025_2025-06-15_BAL_LAA,2025,2025-06-15,,69.33,6.37,-0.5736,78.0,open,2
2025_2025-08-21_BAL_HOU,2025,2025-08-21,,69.87,5.0,-0.9925,77.7,open,2
2025_2025-08-22_BAL_HOU,2025,2025-08-22,,71.97,3.7,0.7638,64.3,open,2
2025_2025-08-23_BAL_HOU,2025,2025-08-23,,73.23,8.13,0.6441,69.0,open,2
2025_2025-08-24_BAL_HOU,2025,2025-08-24,,81.57,6.53,0.6184,56.0,open,2
2025_2025-08-12_BAL_SEA,2025,2025-08-12,,85.33,5.9,0.5693,61.0,open,2
2025_2025-08-13_BAL_SEA,2025,2025-08-13,,80.93,3.9,0.4955,81.0,open,2
2025_2025-08-14_BAL_SEA,2025,2025-08-14,,81.9,3.4,-0.7431,78.0,open,2
2025_2025-06-23_BAL_TEX,2025,2025-06-23,,97.7,4.03,0.1097,40.7,open,2
2025_2025-06-24_BAL_TEX,2025,2025-06-24,,99.77,2.23,-0.9997,29.7,open,2
2025_2025-06-25_BAL_TEX,2025,2025-06-25,,93.53,6.77,-0.0663,43.7,open,2
2025_2025-08-25_BAL_BOS,2025,2025-08-25,,79.17,7.7,0.4289,33.0,open,2
2025_2025-08-26_BAL_BOS,2025,2025-08-26,,75.4,6.77,0.5432,37.3,open,2
2025_2025-08-27_BAL_BOS,2025,2025-08-27,,73.6,5.93,0.0401,36.0,open,2
2025_2025-08-28_BAL_BOS,2025,2025-08-28,,77.83,4.43,0.878,35.3,open,2
2025_2025-06-27_BAL_TB,2025,2025-06-27,,73.8,8.23,-0.3939,84.0,open,2
2025_2025-06-28_BAL_TB,2025,2025-06-28,,88.27,4.9,0.9943,59.0,open,2
2025_2025-09-23_BAL_TB,2025,2025-09-23,,73.43,4.33,0.0244,84.7,open,2
2025_2025-09-24_BAL_TB,2025,2025-09-24,,70.87,3.6,0.6032,95.7,open,2
2025_2025-09-25_BAL_TB,2025,2025-09-25,,80.37,10.17,0.9956,73.3,open,2
2025_2025-09-05_BAL_LAD,2025,2025-09-05,,78.13,4.47,0.7396,74.3,open,2
2025_2025-09-06_BAL_LAD,2025,2025-09-06,,72.1,5.03,0.9755,90.7,open,2
2025_2025-09-07_BAL_LAD,2025,2025-09-07,,72.2,1.97,-0.8862,57.3,open,2
2025_2025-04-18_BAL_CIN,2025,2025-04-18,,67.17,8.6,0.848,57.0,open,2
2025_2025-04-19_BAL_CIN,2025,2025-04-19,,82.07,10.2,0.988,48.3,open,2
2025_2025-04-20_BAL_CIN,2025,2025-04-20,,72.1,7.33,-0.8838,37.3,open,2
2025_2025-09-09_BAL_PIT,2025,2025-09-09,,70.67,5.2,-0.9516,58.0,open,2
2025_2025-09-10_BAL_PIT,2025,2025-09-10,,69.0,3.97,-0.8281,73.0,open,2
2025_2025-09-11_BAL_PIT,2025,2025-09-11,,74.67,2.17,-0.982,67.0,open,2
2025_2025-07-11_BAL_MIA,2025,2025-07-11,,81.6,3.97,0.0087,70.7,open,2
2025_2025-07-12_BAL_MIA,2025,2025-07-12,,84.83,5.57,0.1754,69.7,open,2
2025_2025-07-13_BAL_MIA,2025,2025-07-13,,83.17,5.83,0.4003,74.7,open,2
2025_2025-07-08_BAL_NYM,2025,2025-07-08,,79.6,2.7,0.0976,87.3,open,2
2025_2025-07-10_BAL_NYM,2025,2025-07-10,,78.8,2.07,-0.279,76.3,open,2
2025_2025-07-10_BAL_NYM_2,2025,2025-07-10,,80.13,3.37,-0.1444,76.3,open,2
2025_2025-04-12_BAL_TOR,2025,2025-04-12,,50.27,10.27,-0.7793,67.7,open,2
2025_2025-04-13_BAL_TOR,2025,2025-04-13,,57.7,12.53,-0.4131,47.0,open,2
2025_2025-04-15_BAL_CLE,2025,2025-04-15,,53.4,15.13,0.1994,48.7,open,2
2025_2025-04-16_BAL_CLE,2025,2025-04-16,,53.3,11.63,0.0157,39.0,open,2
2025_2025-04-17_BAL_CLE,2025,2025-04-17,,57.2,2.43,0.2267,47.0,open,2
2025_2025-04-28_BAL_NYY,2025,2025-04-28,,66.53,5.9,0.2351,23.7,open,2
2025_2025-04-29_BAL_NYY,2025,2025-04-29,,80.77,10.37,0.9903,42.3,open,2
2025_2025-04-30_BAL_NYY,2025,2025-04-30,,79.5,4.93,-0.6833,23.0,open,2
2025_2025-05-02_BAL_KC,2025,2025-05-02,,80.43,6.27,0.981,42.0,open,2
2025_2025-05-03_BAL_KC,2025,2025-05-03,,68.3,5.63,0.1184,86.0,open,2
2025_2025-05-04_BAL_KC,2025,2025-05-04,,67.23,5.8,0.4555,89.7,open,2
2025_2025-05-14_BAL_MIN,2025,2025-05-14,,69.53,7.57,-0.3746,80.3,open,2
2025_2025-05-14_BAL_MIN_2,2025,2025-05-14,,69.53,7.57,-0.3746,80.3,open,2
2025_2025-05-15_BAL_MIN,2025,2025-05-15,,72.87,1.93,0.9542,76.0,open,2
2025_2025-05-16_BAL_WSH,2025,2025-05-16,,74.97,1.97,0.8678,85.3,open,2
2025_2025-05-17_BAL_WSH,2025,2025-05-17,,82.0,11.33,0.7749,45.0,open,2
2025_2025-05-18_BAL_WSH,2025,2025-05-18,,73.9,15.67,0.4019,43.7,open,2
2025_2025-05-26_BAL_STL,2025,2025-05-26,,74.3,4.47,-0.8059,28.0,open,2
2025_2025-05-27_BAL_STL,2025,2025-05-27,,62.03,5.13,0.4664,74.3,open,2
2025_2025-05-28_BAL_STL,2025,2025-05-28,,58.47,9.53,-0.9304,97.0,open,2
2025_2025-05-30_BAL_CWS,2025,2025-05-30,,72.37,5.53,0.299,71.7,open,2
2025_2025-05-31_BAL_CWS,2025,2025-05-31,,65.87,13.7,0.2773,54.7,open,2
2025_2025-06-01_BAL_CWS,2025,2025-06-01,,67.93,11.47,0.4337,39.7,open,2
2025_2025-06-10_BAL_DET,2025,2025-06-10,,80.63,5.47,0.4909,45.0,open,2
2025_2025-06-11_BAL_DET,2025,2025-06-11,,83.57,1.47,-0.7501,41.3,open,2
2025_2025-06-12_BAL_DET,2025,2025-06-12,,92.37,3.67,0.5635,24.7,open,2
2025_2025-07-25_BAL_COL,2025,2025-07-25,,87.47,6.2,0.915,62.7,open,2
2025_2025-07-26_BAL_COL,2025,2025-07-26,,82.63,6.17,-0.0854,74.3,open,2
2025_2025-07-27_BAL_COL,2025,2025-07-27,,89.33,6.23,0.5373,63.0,open,2
2025_2025-07-28_BAL_TOR,2025,2025-07-28,,90.33,3.07,-0.9461,52.3,open,2
2025_2025-07-29_BAL_TOR,2025,2025-07-29,,94.53,2.83,0.7638,39.3,open,2
2025_2025-07-29_BAL_TOR_2,2025,2025-07-29,,91.63,5.87,0.5417,40.7,open,2
2025_2025-07-30_BAL_TOR,2025,2025-07-30,,95.0,5.57,0.6997,40.7,open,2
2025_2025-09-18_BAL_NYY,2025,2025-09-18,,72.5,2.83,0.9336,82.0,open,2
2025_2025-09-19_BAL_NYY,2025,2025-09-19,,75.07,1.83,0.9041,79.0,open,2
2025_2025-09-20_BAL_NYY,2025,2025-09-20,,69.6,5.5,-0.0924,83.3,open,2
2025_2025-09-21_BAL_NYY,2025,2025-09-21,,72.07,6.23,-0.1444,66.7,open,2
2025_2025-08-08_BAL_OAK,2025,2025-08-08,,74.83,3.83,0.3355,63.3,open,2
2025_2025-08-09_BAL_OAK,2025,2025-08-09,,74.83,2.57,0.1495,50.0,open,2
2025_2025-08-10_BAL_OAK,2025,2025-08-10,,82.73,6.13,0.0906,36.0,open,2
2025_2025-03-31_BAL_BOS,2025,2025-03-31,,84.37,10.0,0.9845,36.0,open,2
2025_2025-04-02_BAL_BOS,2025,2025-04-02,,54.43,10.63,0.3795,57.7,open,2
2025_2025-04-03_BAL_BOS,2025,2025-04-03,,72.63,14.1,0.9799,76.0,open,2
2025_2025-06-29_BAL_TB,2025,2025-06-29,,89.9,1.23,0.7337,57.7,open,2
2025_2025-06-02_BOS_LAA,2025,2025-06-02,,62.4,7.2,0.9796,58.3,open,3
2025_2025-06-03_BOS_LAA,2025,2025-06-03,,67.43,3.43,0.2215,70.3,open,3
2025_2025-06-04_BOS_LAA,2025,2025-06-04,,81.77,8.8,1.0,43.0,open,3
2025_2025-08-01_BOS_HOU,2025,2025-08-01,,65.8,1.93,-0.5892,66.3,open,3
2025_2025-08-02_BOS_HOU,2025,2025-08-02,,70.37,5.53,-0.3859,59.0,open,3
2025_2025-08-03_BOS_HOU,2025,2025-08-03,,78.4,0.97,0.3633,44.0,open,3
2025_2025-04-22_BOS_SEA,2025,2025-04-22,,65.53,7.1,-0.0488,76.0,open,3
2025_2025-04-23_BOS_SEA,2025,2025-04-23,,62.77,5.7,0.0523,47.7,open,3
2025_2025-04-24_BOS_SEA,2025,2025-04-24,,64.37,4.7,-0.7705,50.0,open,3
2025_2025-05-06_BOS_TEX,2025,2025-05-06,,64.93,7.33,0.1599,89.3,open,3
2025_2025-05-07_BOS_TEX,2025,2025-05-07,,67.0,6.67,0.9966,61.3,open,3
2025_2025-05-08_BOS_TEX,2025,2025-05-08,,69.07,5.2,-0.4833,67.0,open,3
2025_2025-04-04_BOS_STL,2025,2025-04-04,,64.93,9.2,0.0349,35.3,open,3
2025_2025-04-06_BOS_STL,2025,2025-04-06,,51.37,5.07,0.7254,82.3,open,3
2025_2025-04-06_BOS_STL_2,2025,2025-04-06,,51.43,4.93,0.6046,70.0,open,3
2025_2025-04-07_BOS_TOR,2025,2025-04-07,,35.77,7.97,-0.9078,94.3,open,3
2025_2025-04-08_BOS_TOR,2025,2025-04-08,,34.0,16.93,0.606,47.0,open,3
2025_2025-04-09_BOS_TOR,2025,2025-04-09,,41.57,7.03,0.8471,44.7,open,3
2025_2025-04-10_BOS_TOR,2025,2025-04-10,,43.0,7.33,-0.7976,63.3,open,3
2025_2025-04-21_BOS_CWS,2025,2025-04-21,,52.7,5.63,-0.6441,39.0,open,3
2025_2025-05-02_BOS_MIN,2025,2025-05-02,,70.4,7.1,0.9291,73.3,open,3
2025_2025-05-03_BOS_MIN,2025,2025-05-03,,76.0,8.57,0.9472,61.3,open,3
2025_2025-05-04_BOS_MIN,2025,2025-05-04,,72.73,9.83,0.9763,64.0,open,3
2025_2025-05-16_BOS_ATL,2025,2025-05-16,,69.8,7.33,0.7891,83.7,open,3
2025_2025-05-17_BOS_ATL,2025,2025-05-17,,67.23,9.53,0.8678,84.7,open,3
2025_2025-05-18_BOS_ATL,2025,2025-05-18,,66.77,13.63,0.7169,58.3,open,3
2025_2025-05-19_BOS_NYM,2025,2025-05-19,,54.03,12.87,-0.319,59.0,open,3
2025_2025-05-20_BOS_NYM,2025,2025-05-20,,51.37,5.63,-0.7955,80.7,open,3
2025_2025-05-21_BOS_NYM,2025,2025-05-21,,48.63,11.13,-0.6997,76.0,open,3
2025_2025-05-23_BOS_BAL,2025,2025-05-23,,56.23,6.17,0.518,63.7,open,3
2025_2025-05-24_BOS_BAL,2025,2025-05-24,,57.17,9.03,0.3551,65.7,open,3
2025_2025-05-24_BOS_BAL_2,2025,2025-05-24,,55.5,7.43,0.2062,64.3,open,3
2025_2025-05-25_BOS_BAL,2025,2025-05-25,,60.1,9.1,0.0436,53.7,open,3
2025_2025-06-09_BOS_TB,2025,2025-06-09,,57.53,7.8,-0.8652,91.0,open,3
2025_2025-06-10_BOS_TB,2025,2025-06-10,,60.93,2.23,0.9966,95.0,open,3
2025_2025-06-11_BOS_TB,2025,2025-06-11,,72.33,8.0,0.9686,68.0,open,3
2025_2025-06-13_BOS_NYY,2025,2025-06-13,,63.63,6.03,-0.3923,64.0,open,3
2025_2025-06-14_BOS_NYY,2025,2025-06-14,,56.47,5.93,-0.9191,80.3,open,3
2025_2025-06-15_BOS_NYY,2025,2025-06-15,,61.67,5.53,-0.7034,63.0,open,3
2025_2025-06-27_BOS_TOR,2025,2025-06-27,,67.37,7.43,-0.2436,60.3,open,3
2025_2025-06-28_BOS_TOR,2025,2025-06-28,,75.17,1.97,0.0105,83.0,open,3
2025_2025-06-29_BOS_TOR,2025,2025-06-29,,83.87,5.73,0.6521,48.0,open,3
2025_2025-06-30_BOS_CIN,2025,2025-06-30,,80.7,6.1,0.8894,60.7,open,3
2025_2025-07-01_BOS_CIN,2025,2025-07-01,,81.23,10.73,0.9511,76.7,open,3
2025_2025-07-25_BOS_LAD,2025,2025-07-25,,82.23,5.77,-0.4289,71.7,open,3
2025_2025-07-26_BOS_LAD,2025,2025-07-26,,73.1,6.1,0.36,52.3,open,3
2025_2025-07-27_BOS_LAD,2025,2025-07-27,,75.2,9.67,0.8434,70.3,open,3
2025_2025-08-04_BOS_KC,2025,2025-08-04,,77.77,4.37,-0.0227,64.7,open,3
2025_2025-08-05_BOS_KC,2025,2025-08-05,,67.13,4.73,-0.5793,74.7,open,3
2025_2025-08-06_BOS_KC,2025,2025-08-06,,66.8,3.63,-0.6934,87.0,open,3
2025_2025-08-15_BOS_MIA,2025,2025-08-15,,69.47,6.17,-0.6074,70.3,open,3
2025_2025-08-16_BOS_MIA,2025,2025-08-16,,82.43,4.37,-0.304,46.7,open,3
2025_2025-08-17_BOS_MIA,2025,2025-08-17,,89.2,9.57,0.9198,45.7,open,3
2025_2025-08-18_BOS_BAL,2025,2025-08-18,,64.53,5.33,-0.2334,54.7,open,3
2025_2025-08-19_BOS_BAL,2025,2025-08-19,,64.83,6.23,-0.3107,58.3,open,3
2025_2025-08-29_BOS_PIT,2025,2025-08-29,,62.07,3.07,0.9962,89.7,open,3
2025_2025-09-26_BOS_DET,2025,2025-09-26,,70.43,6.9,0.8746,77.7,open,3
2025_2025-09-27_BOS_DET,2025,2025-09-27,,70.13,5.23,-0.509,77.0,open,3
2025_2025-09-28_BOS_DET,2025,2025-09-28,,80.2,8.4,0.9184,54.7,open,3
2025_2025-09-16_BOS_OAK,2025,2025-09-16,,63.97,4.1,-0.7705,69.0,open,3
2025_2025-09-17_BOS_OAK,2025,2025-09-17,,62.6,6.57,-0.8572,90.7,open,3
2025_2025-09-18_BOS_OAK,2025,2025-09-18,,72.67,1.03,0.1478,70.3,open,3
2025_2025-04-18_BOS_CWS,2025,2025-04-18,,54.0,13.5,0.9598,48.7,open,3
2025_2025-04-19_BOS_CWS,2025,2025-04-19,,79.43,11.8,0.9986,52.0,open,3
2025_2025-04-20_BOS_CWS,2025,2025-04-20,,57.93,14.67,0.0698,31.3,open,3
2025_2025-07-02_BOS_CIN,2025,2025-07-02,,81.87,8.2,0.9438,50.7,open,3
2025_2025-07-07_BOS_COL,2025,2025-07-07,,81.5,9.67,0.9164,76.7,open,3
2025_2025-07-08_BOS_COL,2025,2025-07-08,,81.03,3.83,0.6481,76.7,open,3
2025_2025-07-09_BOS_COL,2025,2025-07-09,,67.63,5.93,-0.6909,94.0,open,3
2025_2025-07-10_BOS_TB,2025,2025-07-10,,66.33,4.0,-0.95,86.3,open,3
2025_2025-07-11_BOS_TB,2025,2025-07-11,,72.63,3.93,-0.1822,88.7,open,3
2025_2025-07-12_BOS_TB,2025,2025-07-12,,77.83,5.93,-0.5373,80.3,open,3
2025_2025-07-13_BOS_TB,2025,2025-07-13,,75.53,7.47,-0.9011,80.7,open,3
2025_2025-08-30_BOS_PIT,2025,2025-08-30,,73.6,7.97,0.503,32.7,open,3
2025_2025-08-31_BOS_PIT,2025,2025-08-31,,74.6,4.7,-0.9304,38.0,open,3
2025_2025-09-01_BOS_CLE,2025,2025-09-01,,73.13,6.53,-0.6896,54.3,open,3
2025_2025-09-02_BOS_CLE,2025,2025-09-02,,70.0,6.17,-0.2147,53.0,open,3
2025_2025-09-03_BOS_CLE,2025,2025-09-03,,72.5,6.63,0.7891,50.0,open,3
2025_2025-09-12_BOS_NYY,2025,2025-09-12,,60.6,5.13,-0.1685,75.7,open,3
2025_2025-09-13_BOS_NYY,2025,2025-09-13,,70.7,6.47,0.7997,62.0,open,3
2025_2025-09-14_BOS_NYY,2025,2025-09-14,,66.17,3.3,-0.512,74.7,open,3
2025_2025-03-31_CWS_MIN,2025,2025-03-31,,42.6,6.6,0.6626,65.3,open,4
2025_2025-04-01_CWS_MIN,2025,2025-04-01,,41.7,10.63,-0.7965,74.0,open,4
2025_2025-04-02_CWS_MIN,2025,2025-04-02,,56.7,11.17,-0.8329,90.7,open,4
2025_2025-05-02_CWS_HOU,2025,2025-05-02,,46.6,6.37,-0.2588,85.7,open,4
2025_2025-05-03_CWS_HOU,2025,2025-05-03,,47.33,12.53,0.4726,80.3,open,4
2025_2025-05-04_CWS_HOU,2025,2025-05-04,,49.63,10.6,0.6468,69.3,open,4
2025_2025-05-19_CWS_SEA,2025,2025-05-19,,49.13,8.0,0.23,81.7,open,4
2025_2025-05-20_CWS_SEA,2025,2025-05-20,,53.9,11.6,-0.7912,91.3,open,4
2025_2025-05-21_CWS_SEA,2025,2025-05-21,,52.9,8.37,0.9033,83.3,open,4
2025_2025-05-23_CWS_TEX,2025,2025-05-23,,50.93,5.1,-0.6807,70.7,open,4
2025_2025-05-24_CWS_TEX,2025,2025-05-24,,56.47,7.23,-0.3665,59.7,open,4
2025_2025-05-25_CWS_TEX,2025,2025-05-25,,57.63,5.63,-0.2521,59.3,open,4
2025_2025-04-11_CWS_BOS,2025,2025-04-11,,43.47,1.47,-0.7478,55.7,open,4
2025_2025-04-12_CWS_BOS,2025,2025-04-12,,53.23,8.0,-0.9617,46.7,open,4
2025_2025-04-13_CWS_BOS,2025,2025-04-13,,61.33,12.87,-0.8387,41.0,open,4
2025_2025-09-11_CWS_TB,2025,2025-09-11,,73.67,6.57,-0.1478,58.3,open,4
2025_2025-06-23_CWS_ARI,2025,2025-06-23,,92.37,11.07,0.0157,46.3,open,4
2025_2025-06-24_CWS_ARI,2025,2025-06-24,,77.97,2.73,-0.9403,86.0,open,4
2025_2025-06-25_CWS_ARI,2025,2025-06-25,,77.27,5.8,-0.4067,84.3,open,4
2025_2025-09-19_CWS_SD,2025,2025-09-19,,79.27,2.2,-0.6293,51.7,open,4
2025_2025-09-20_CWS_SD,2025,2025-09-20,,70.3,4.4,-0.9839,84.7,open,4
2025_2025-09-21_CWS_SD,2025,2025-09-21,,76.13,8.2,-0.0924,68.7,open,4
2025_2025-06-27_CWS_SF,2025,2025-06-27,,81.3,8.43,0.7891,67.0,open,4
2025_2025-06-28_CWS_SF,2025,2025-06-28,,77.53,5.5,-0.7501,70.7,open,4
2025_2025-06-29_CWS_SF,2025,2025-06-29,,86.47,4.9,-0.9677,63.0,open,4
2025_2025-07-25_CWS_CHC,2025,2025-07-25,,75.17,4.73,0.0628,92.0,open,4
2025_2025-07-26_CWS_CHC,2025,2025-07-26,,78.23,6.37,-0.4478,88.0,open,4
2025_2025-07-27_CWS_CHC,2025,2025-07-27,,83.33,3.87,-0.9583,77.7,open,4
2025_2025-04-29_CWS_MIL,2025,2025-04-29,,59.4,5.83,0.0889,55.3,open,4
2025_2025-04-30_CWS_MIL,2025,2025-04-30,,55.53,6.3,-0.907,68.7,open,4
2025_2025-05-01_CWS_MIL,2025,2025-05-01,,68.13,12.9,0.2045,74.0,open,4
2025_2025-05-09_CWS_MIA,2025,2025-05-09,,57.27,2.73,-0.565,21.0,open,4
2025_2025-05-10_CWS_MIA,2025,2025-05-10,,50.8,8.8,0.5373,58.7,open,4
2025_2025-05-11_CWS_MIA,2025,2025-05-11,,64.03,7.13,0.108,42.7,open,4
2025_2025-07-28_CWS_PHI,2025,2025-07-28,,83.03,1.73,-0.5358,79.3,open,4
2025_2025-07-29_CWS_PHI,2025,2025-07-29,,85.93,3.63,-0.3518,65.0,open,4
2025_2025-07-30_CWS_PHI,2025,2025-07-30,,73.77,7.4,0.1097,87.3,open,4
2025_2025-06-02_CWS_DET,2025,2025-06-02,,81.93,9.97,-0.5934,29.3,open,4
2025_2025-06-03_CWS_DET,2025,2025-06-03,,84.8,12.87,-0.4083,43.7,open,4
2025_2025-06-04_CWS_DET,2025,2025-06-04,,56.7,5.87,0.1011,94.7,open,4
2025_2025-06-05_CWS_DET,2025,2025-06-05,,63.37,7.63,0.4571,83.3,open,4
2025_2025-06-06_CWS_KC,2025,2025-06-06,,61.07,5.27,0.4848,70.0,open,4
2025_2025-06-07_CWS_KC,2025,2025-06-07,,68.73,6.17,0.1409,64.7,open,4
2025_2025-06-08_CWS_KC,2025,2025-06-08,,76.8,7.33,-0.2368,53.3,open,4
2025_2025-06-17_CWS_STL,2025,2025-06-17,,84.93,7.9,0.108,52.0,open,4
2025_2025-06-19_CWS_STL,2025,2025-06-19,,77.8,3.4,0.3567,67.7,open,4
2025_2025-06-19_CWS_STL_2,2025,2025-06-19,,77.8,3.4,0.3567,67.7,open,4
2025_2025-07-07_CWS_TOR,2025,2025-07-07,,71.6,4.03,-0.6157,72.0,open,4
2025_2025-07-08_CWS_TOR,2025,2025-07-08,,81.0,6.2,0.506,62.3,open,4
2025_2025-07-09_CWS_TOR,2025,2025-07-09,,75.9,7.5,0.3305,82.3,open,4
2025_2025-07-11_CWS_CLE,2025,2025-07-11,,87.1,6.3,-0.4399,58.3,open,4
2025_2025-07-11_CWS_CLE_2,2025,2025-07-11,,76.73,5.77,-0.1668,84.0,open,4
2025_2025-07-12_CWS_CLE,2025,2025-07-12,,82.77,8.2,0.6561,60.0,open,4
2025_2025-07-13_CWS_CLE,2025,2025-07-13,,79.5,1.87,0.1908,52.3,open,4
2025_2025-08-08_CWS_CLE,2025,2025-08-08,,87.4,8.1,-0.6884,52.0,open,4
2025_2025-08-09_CWS_CLE,2025,2025-08-09,,88.33,10.37,-0.5878,50.7,open,4
2025_2025-08-10_CWS_CLE,2025,2025-08-10,,89.53,10.17,-0.2198,46.0,open,4
2025_2025-08-11_CWS_DET,2025,2025-08-11,,84.57,6.17,-0.225,59.3,open,4
2025_2025-08-12_CWS_DET,2025,2025-08-12,,77.3,5.57,0.4083,83.7,open,4
2025_2025-08-13_CWS_DET,2025,2025-08-13,,78.8,6.43,-0.2419,63.0,open,4
2025_2025-08-22_CWS_MIN,2025,2025-08-22,,75.97,4.5,-0.8499,67.3,open,4
2025_2025-08-23_CWS_MIN,2025,2025-08-23,,74.73,8.57,0.9882,54.7,open,4
2025_2025-08-24_CWS_MIN,2025,2025-08-24,,72.9,10.13,0.9659,44.7,open,4
2025_2025-08-25_CWS_KC,2025,2025-08-25,,67.5,8.07,0.9789,45.3,open,4
2025_2025-08-26_CWS_KC,2025,2025-08-26,,67.87,3.0,-0.2147,52.7,open,4
2025_2025-08-27_CWS_KC,2025,2025-08-27,,71.6,7.27,0.3123,48.0,open,4
2025_2025-08-28_CWS_NYY,2025,2025-08-28,,67.0,8.47,0.2402,80.3,open,4
2025_2025-08-29_CWS_NYY,2025,2025-08-29,,63.37,4.03,-0.8926,70.0,open,4
2025_2025-08-30_CWS_NYY,2025,2025-08-30,,67.33,5.4,-0.0017,64.3,open,4
2025_2025-08-31_CWS_NYY,2025,2025-08-31,,72.6,5.2,-0.5577,50.3,open,4
2025_2025-09-15_CWS_BAL,2025,2025-09-15,,72.43,5.0,-0.0941,73.3,open,4
2025_2025-09-16_CWS_BAL,2025,2025-09-16,,72.4,4.53,-0.4802,62.0,open,4
2025_2025-09-17_CWS_BAL,2025,2025-09-17,,77.3,5.17,-0.3305,55.0,open,4
2025_2025-04-15_CWS_OAK,2025,2025-04-15,,50.7,9.13,0.9912,41.3,open,4
2025_2025-04-16_CWS_OAK,2025,2025-04-16,,40.77,5.87,-0.8377,59.0,open,4
2025_2025-04-17_CWS_OAK,2025,2025-04-17,,67.2,12.97,-0.7547,29.0,open,4
2025_2025-09-09_CWS_TB,2025,2025-09-09,,69.97,4.27,-0.8755,53.3,open,4
2025_2025-09-10_CWS_TB,2025,2025-09-10,,73.37,4.6,-0.7501,58.0,open,4
2025_2025-03-27_CWS_LAA,2025,2025-03-27,,55.0,6.27,-0.628,56.3,open,4
2025_2025-03-29_CWS_LAA,2025,2025-03-29,,67.7,11.17,-0.3371,71.0,open,4
2025_2025-03-30_CWS_LAA,2025,2025-03-30,,70.0,12.23,-0.1857,71.7,open,4
2025_2025-05-30_CLE_LAA,2025,2025-05-30,,63.9,8.53,0.0785,69.0,open,5
2025_2025-05-31_CLE_LAA,2025,2025-05-31,,53.3,9.83,-0.6115,67.7,open,5
2025_2025-06-01_CLE_LAA,2025,2025-06-01,,55.0,10.03,-0.274,66.3,open,5
2025_2025-06-06_CLE_HOU,2025,2025-06-06,,60.7,3.57,-0.9996,93.0,open,5
2025_2025-06-07_CLE_HOU,2025,2025-06-07,,65.53,7.7,-0.9707,76.3,open,5
2025_2025-06-08_CLE_HOU,2025,2025-06-08,,65.1,4.77,-0.5075,87.3,open,5
2025_2025-08-29_CLE_SEA,2025,2025-08-29,,63.3,7.87,-0.9938,60.7,open,5
2025_2025-08-30_CLE_SEA,2025,2025-08-30,,65.9,5.23,-0.2402,52.3,open,5
2025_2025-08-31_CLE_SEA,2025,2025-08-31,,66.93,6.73,-0.9981,59.3,open,5
2025_2025-09-26_CLE_TEX,2025,2025-09-26,,68.87,2.83,0.9994,76.0,open,5
2025_2025-09-27_CLE_TEX,2025,2025-09-27,,73.2,3.27,0.9703,67.0,open,5
2025_2025-04-26_CLE_BOS,2025,2025-04-26,,46.17,14.73,-0.7738,80.0,open,5
2025_2025-04-26_CLE_BOS_2,2025,2025-04-26,,46.03,9.27,-0.9994,78.3,open,5
2025_2025-04-27_CLE_BOS,2025,2025-04-27,,48.1,3.27,-0.6587,75.7,open,5
2025_2025-06-09_CLE_CIN,2025,2025-06-09,,69.77,4.8,0.6494,67.3,open,5
2025_2025-06-10_CLE_CIN,2025,2025-06-10,,68.63,10.03,0.6743,59.3,open,5
2025_2025-06-11_CLE_CIN,2025,2025-06-11,,74.1,8.9,0.4848,64.3,open,5
2025_2025-05-12_CLE_MIL,2025,2025-05-12,,69.37,5.87,0.776,74.7,open,5
2025_2025-05-13_CLE_MIL,2025,2025-05-13,,64.73,9.53,0.512,88.3,open,5
2025_2025-05-14_CLE_MIL,2025,2025-05-14,,68.23,4.73,0.9627,75.3,open,5
2025_2025-08-15_CLE_ATL,2025,2025-08-15,,78.83,5.7,-0.7254,68.0,open,5
2025_2025-08-16_CLE_ATL,2025,2025-08-16,,83.3,2.9,-0.6704,64.0,open,5
2025_2025-08-17_CLE_ATL,2025,2025-08-17,,74.17,12.27,-0.6769,87.3,open,5
2025_2025-08-12_CLE_MIA,2025,2025-08-12,,81.67,3.37,0.8453,72.3,open,5
2025_2025-08-13_CLE_MIA,2025,2025-08-13,,74.47,3.83,-0.682,87.7,open,5
2025_2025-08-14_CLE_MIA,2025,2025-08-14,,75.03,6.5,-0.8965,74.0,open,5
2025_2025-05-09_CLE_PHI,2025,2025-05-09,,53.37,6.53,-0.521,65.7,open,5
2025_2025-05-10_CLE_PHI,2025,2025-05-10,,66.73,5.2,0.5165,56.3,open,5
2025_2025-05-11_CLE_PHI,2025,2025-05-11,,54.53,9.6,-0.6115,74.0,open,5
2025_2025-04-08_CLE_CWS,2025,2025-04-08,,34.07,12.73,-0.3907,54.0,open,5
2025_2025-04-09_CLE_CWS,2025,2025-04-09,,40.5,6.77,-0.3971,69.3,open,5
2025_2025-04-10_CLE_CWS,2025,2025-04-10,,42.4,5.6,-0.9759,90.0,open,5
2025_2025-04-11_CLE_KC,2025,2025-04-11,,39.73,3.9,-0.599,71.0,open,5
2025_2025-04-12_CLE_KC,2025,2025-04-12,,41.3,5.07,-0.1426,81.3,open,5
2025_2025-04-13_CLE_KC,2025,2025-04-13,,47.97,4.73,-0.9979,60.0,open,5
2025_2025-04-28_CLE_MIN,2025,2025-04-28,,63.33,7.37,0.9342,51.7,open,5
2025_2025-04-29_CLE_MIN,2025,2025-04-29,,60.87,16.1,0.2907,85.7,open,5
2025_2025-04-30_CLE_MIN,2025,2025-04-30,,47.53,6.3,-0.7837,72.3,open,5
2025_2025-05-01_CLE_MIN,2025,2025-05-01,,64.8,12.4,0.9829,79.0,open,5
2025_2025-06-24_CLE_TOR,2025,2025-06-24,,82.47,2.6,0.9063,68.7,open,5
2025_2025-06-25_CLE_TOR,2025,2025-06-25,,74.13,2.97,-0.9993,88.3,open,5
2025_2025-06-26_CLE_TOR,2025,2025-06-26,,76.43,3.63,-0.8973,86.7,open,5
2025_2025-06-27_CLE_STL,2025,2025-06-27,,80.57,10.07,0.9965,78.3,open,5
2025_2025-06-28_CLE_STL,2025,2025-06-28,,75.37,6.93,-0.6046,77.7,open,5
2025_2025-06-29_CLE_STL,2025,2025-06-29,,77.43,9.17,-0.9813,74.7,open,5
2025_2025-07-04_CLE_DET,2025,2025-07-04,,80.23,2.7,-0.7934,69.7,open,5
2025_2025-07-05_CLE_DET,2025,2025-07-05,,84.6,3.6,0.8721,64.0,open,5
2025_2025-07-06_CLE_DET,2025,2025-07-06,,86.5,9.33,0.6004,51.7,open,5
2025_2025-07-21_CLE_BAL,2025,2025-07-21,,71.7,9.7,-0.9304,58.0,open,5
2025_2025-07-22_CLE_BAL,2025,2025-07-22,,73.83,11.83,-0.7169,56.7,open,5
2025_2025-07-23_CLE_BAL,2025,2025-07-23,,79.53,6.43,-0.9085,60.7,open,5
2025_2025-07-24_CLE_BAL,2025,2025-07-24,,87.83,5.03,0.1719,59.3,open,5
2025_2025-07-28_CLE_COL,2025,2025-07-28,,81.9,5.57,0.0889,78.7,open,5
2025_2025-07-29_CLE_COL,2025,2025-07-29,,76.93,4.53,-0.8339,90.0,open,5
2025_2025-07-30_CLE_COL,2025,2025-07-30,,79.37,8.6,-0.907,81.3,open,5
2025_2025-08-01_CLE_MIN,2025,2025-08-01,,68.9,8.43,-0.7337,66.0,open,5
2025_2025-08-02_CLE_MIN,2025,2025-08-02,,72.2,11.4,-0.9018,48.7,open,5
2025_2025-08-03_CLE_MIN,2025,2025-08-03,,76.87,3.83,-0.8059,42.0,open,5
2025_2025-09-08_CLE_KC,2025,2025-09-08,,65.17,6.63,-0.7169,62.3,open,5
2025_2025-09-09_CLE_KC,2025,2025-09-09,,73.57,6.83,0.9983,44.3,open,5
2025_2025-09-10_CLE_KC,2025,2025-09-10,,71.47,5.77,-0.9969,59.0,open,5
2025_2025-09-11_CLE_KC,2025,2025-09-11,,69.4,5.63,-0.891,67.3,open,5
2025_2025-09-12_CLE_CWS,2025,2025-09-12,,70.0,5.9,-0.7302,72.3,open,5
2025_2025-09-13_CLE_CWS,2025,2025-09-13,,70.27,3.57,-0.8563,76.0,open,5
2025_2025-09-14_CLE_CWS,2025,2025-09-14,,70.07,9.8,-0.9686,79.3,open,5
2025_2025-09-23_CLE_DET,2025,2025-09-23,,71.9,2.8,-0.7705,79.0,open,5
2025_2025-09-24_CLE_DET,2025,2025-09-24,,68.93,5.27,-0.0993,88.0,open,5
2025_2025-09-25_CLE_DET,2025,2025-09-25,,67.6,5.93,-0.0506,85.0,open,5
2025_2025-09-28_CLE_TEX,2025,2025-09-28,,69.93,5.9,-0.9432,80.7,open,5
2025_2025-09-30_CLE_DET,2025,2025-09-30,,67.37,10.93,-0.9198,81.0,open,5
2025_2025-10-01_CLE_DET,2025,2025-10-01,,64.33,13.6,-0.8746,69.3,open,5
2025_2025-10-02_CLE_DET,2025,2025-10-02,,71.6,8.63,-0.8771,66.3,open,5
2025_2025-07-18_CLE_OAK,2025,2025-07-18,,70.83,6.43,-0.8221,74.3,open,5
2025_2025-07-19_CLE_OAK,2025,2025-07-19,,78.63,5.93,0.2147,72.0,open,5
2025_2025-07-20_CLE_OAK,2025,2025-07-20,,74.27,9.73,-0.8563,83.0,open,5
2025_2025-05-26_CLE_LAD,2025,2025-05-26,,60.73,7.07,-0.8721,61.7,open,5
2025_2025-05-27_CLE_LAD,2025,2025-05-27,,61.03,12.43,0.5548,72.0,open,5
2025_2025-05-28_CLE_LAD,2025,2025-05-28,,60.77,2.6,0.7604,81.0,open,5
2025_2025-04-21_CLE_NYY,2025,2025-04-21,,57.5,13.13,0.0244,70.7,open,5
2025_2025-04-22_CLE_NYY,2025,2025-04-22,,49.9,3.07,0.0663,68.3,open,5
2025_2025-04-23_CLE_NYY,2025,2025-04-23,,62.3,5.47,0.776,55.3,open,5
2025_2025-08-25_CLE_TB,2025,2025-08-25,,66.13,9.23,-0.2823,60.7,open,5
2025_2025-08-26_CLE_TB,2025,2025-08-26,,65.37,9.2,-0.521,50.7,open,5
2025_2025-08-27_CLE_TB,2025,2025-08-27,,64.7,10.4,-0.5864,55.3,open,5
2025_2025-03-27_KC_CLE,2025,2025-03-27,,76.03,10.57,0.848,56.0,open,7
2025_2025-03-29_KC_CLE,2025,2025-03-29,,78.53,13.9,0.7902,45.0,open,7
2025_2025-03-30_KC_CLE,2025,2025-03-30,,51.7,11.47,0.4833,55.7,open,7
2025_2025-04-04_KC_BAL,2025,2025-04-04,,48.87,10.27,-0.9385,83.7,open,7
2025_2025-09-02_KC_LAA,2025,2025-09-02,,72.93,3.8,-0.4179,69.3,open,7
2025_2025-09-03_KC_LAA,2025,2025-09-03,,74.17,5.77,-0.3518,70.0,open,7
2025_2025-09-04_KC_LAA,2025,2025-09-04,,71.43,5.57,0.991,49.0,open,7
2025_2025-04-25_KC_HOU,2025,2025-04-25,,63.53,9.2,-0.5821,72.0,open,7
2025_2025-04-26_KC_HOU,2025,2025-04-26,,59.3,8.0,-0.4602,75.0,open,7
2025_2025-04-27_KC_HOU,2025,2025-04-27,,65.17,10.33,0.2723,81.7,open,7
2025_2025-09-16_KC_SEA,2025,2025-09-16,,78.87,3.27,-0.0872,62.0,open,7
2025_2025-09-17_KC_SEA,2025,2025-09-17,,83.0,2.4,0.3697,49.0,open,7
2025_2025-09-18_KC_SEA,2025,2025-09-18,,76.87,3.93,0.6101,72.0,open,7
2025_2025-08-18_KC_TEX,2025,2025-08-18,,90.2,4.37,0.974,58.0,open,7
2025_2025-08-19_KC_TEX,2025,2025-08-19,,87.97,4.3,-0.7771,62.3,open,7
2025_2025-08-20_KC_TEX,2025,2025-08-20,,84.87,5.2,-0.989,54.3,open,7
2025_2025-08-21_KC_TEX,2025,2025-08-21,,84.8,6.53,-0.986,49.3,open,7
2025_2025-05-09_KC_BOS,2025,2025-05-09,,68.27,6.17,-0.9778,40.7,open,7
2025_2025-05-10_KC_BOS,2025,2025-05-10,,75.5,2.73,-0.9598,39.7,open,7
2025_2025-05-11_KC_BOS,2025,2025-05-11,,80.87,7.87,-0.8996,27.0,open,7
2025_2025-06-24_KC_TB,2025,2025-06-24,,89.33,8.4,0.7524,52.0,open,7
2025_2025-06-25_KC_TB,2025,2025-06-25,,89.43,10.23,0.8499,49.0,open,7
2025_2025-06-26_KC_TB,2025,2025-06-26,,90.13,15.0,0.9336,48.0,open,7
2025_2025-06-27_KC_LAD,2025,2025-06-27,,81.77,5.43,0.7869,72.7,open,7
2025_2025-06-28_KC_LAD,2025,2025-06-28,,85.37,9.33,0.5432,61.7,open,7
2025_2025-06-29_KC_LAD,2025,2025-06-29,,80.8,8.77,0.7934,78.0,open,7
2025_2025-05-26_KC_CIN,2025,2025-05-26,,59.7,9.4,-0.8563,85.7,open,7
2025_2025-05-27_KC_CIN,2025,2025-05-27,,61.17,4.17,-0.6225,85.7,open,7
2025_2025-05-28_KC_CIN,2025,2025-05-28,,68.37,2.1,-0.9415,61.0,open,7
2025_2025-07-07_KC_PIT,2025,2025-07-07,,84.67,4.0,-0.5105,67.0,open,7
2025_2025-07-08_KC_PIT,2025,2025-07-08,,83.7,4.1,-0.3875,60.3,open,7
2025_2025-07-09_KC_PIT,2025,2025-07-09,,89.67,3.23,0.9157,43.7,open,7
2025_2025-07-28_KC_ATL,2025,2025-07-28,,90.9,3.67,0.9018,64.0,open,7
2025_2025-07-29_KC_ATL,2025,2025-07-29,,90.13,4.0,0.9945,55.7,open,7
2025_2025-07-30_KC_ATL,2025,2025-07-30,,86.7,3.97,-0.6574,62.3,open,7
2025_2025-07-11_KC_NYM,2025,2025-07-11,,75.4,7.63,0.9959,87.7,open,7
2025_2025-07-12_KC_NYM,2025,2025-07-12,,83.9,4.53,-0.2011,64.7,open,7
2025_2025-07-13_KC_NYM,2025,2025-07-13,,81.57,1.8,-0.5721,71.7,open,7
2025_2025-04-05_KC_BAL,2025,2025-04-05,,46.67,14.03,-0.8161,58.3,open,7
2025_2025-04-06_KC_BAL,2025,2025-04-06,,49.9,5.8,-0.907,43.0,open,7
2025_2025-04-07_KC_MIN,2025,2025-04-07,,47.07,8.17,-0.7793,45.0,open,7
2025_2025-04-08_KC_MIN,2025,2025-04-08,,53.87,10.1,0.3746,49.3,open,7
2025_2025-04-09_KC_MIN,2025,2025-04-09,,68.8,8.13,-0.1426,37.3,open,7
2025_2025-04-10_KC_MIN,2025,2025-04-10,,67.7,17.27,-0.0471,26.0,open,7
2025_2025-04-24_KC_COL,2025,2025-04-24,,74.33,5.87,0.309,63.7,open,7
2025_2025-04-24_KC_COL_2,2025,2025-04-24,,74.33,5.87,0.309,63.7,open,7
2025_2025-05-05_KC_CWS,2025,2025-05-05,,68.33,4.97,-0.9278,52.0,open,7
2025_2025-05-06_KC_CWS,2025,2025-05-06,,69.13,5.53,-0.5045,58.7,open,7
2025_2025-05-07_KC_CWS,2025,2025-05-07,,63.83,4.5,-0.4894,76.7,open,7
2025_2025-05-08_KC_CWS,2025,2025-05-08,,72.13,7.3,-0.9521,58.7,open,7
2025_2025-05-16_KC_STL,2025,2025-05-16,,75.93,16.2,0.3714,28.0,open,7
2025_2025-05-17_KC_STL,2025,2025-05-17,,76.47,4.67,-0.8545,26.0,open,7
2025_2025-05-18_KC_STL,2025,2025-05-18,,81.9,10.87,-0.515,28.3,open,7
2025_2025-05-30_KC_DET,2025,2025-05-30,,70.7,4.47,0.6143,59.3,open,7
2025_2025-05-31_KC_DET,2025,2025-05-31,,81.13,7.17,0.907,51.7,open,7
2025_2025-06-01_KC_DET,2025,2025-06-01,,84.63,3.03,-0.9833,37.0,open,7
2025_2025-06-10_KC_NYY,2025,2025-06-10,,79.03,2.9,0.7944,53.7,open,7
2025_2025-06-11_KC_NYY,2025,2025-06-11,,81.7,6.17,0.8729,61.0,open,7
2025_2025-06-12_KC_NYY,2025,2025-06-12,,75.33,6.47,-0.2419,70.0,open,7
2025_2025-07-26_KC_CLE,2025,2025-07-26,,85.0,7.13,0.9895,75.0,open,7
2025_2025-07-26_KC_CLE_2,2025,2025-07-26,,83.1,5.0,0.974,82.0,open,7
2025_2025-07-27_KC_CLE,2025,2025-07-27,,91.03,8.4,0.9732,66.7,open,7
2025_2025-08-11_KC_WSH,2025,2025-08-11,,77.47,3.97,0.8358,84.3,open,7
2025_2025-08-12_KC_WSH,2025,2025-08-12,,80.53,3.8,-0.2974,68.3,open,7
2025_2025-08-13_KC_WSH,2025,2025-08-13,,84.43,3.33,-0.9991,54.7,open,7
2025_2025-08-15_KC_CWS,2025,2025-08-15,,86.7,6.4,0.617,65.0,open,7
2025_2025-08-16_KC_CWS,2025,2025-08-16,,89.37,5.87,0.8396,57.3,open,7
2025_2025-08-17_KC_CWS,2025,2025-08-17,,92.97,7.03,0.9311,47.0,open,7
2025_2025-08-29_KC_DET,2025,2025-08-29,,78.0,2.53,0.1392,44.0,open,7
2025_2025-08-30_KC_DET,2025,2025-08-30,,78.37,5.6,-0.2521,49.7,open,7
2025_2025-08-31_KC_DET,2025,2025-08-31,,76.1,8.7,-0.3955,60.0,open,7
2025_2025-09-05_KC_MIN,2025,2025-09-05,,62.27,2.97,0.8918,65.7,open,7
2025_2025-09-06_KC_MIN,2025,2025-09-06,,69.73,6.53,-0.1702,51.7,open,7
2025_2025-09-07_KC_MIN,2025,2025-09-07,,75.57,3.0,0.4179,34.7,open,7
2025_2025-09-19_KC_TOR,2025,2025-09-19,,75.67,2.33,-0.0436,61.3,open,7
2025_2025-09-20_KC_TOR,2025,2025-09-20,,75.07,2.77,0.9686,77.7,open,7
2025_2025-09-21_KC_TOR,2025,2025-09-21,,77.4,4.4,0.9755,70.3,open,7
2025_2025-06-13_KC_OAK,2025,2025-06-13,,73.93,4.13,-0.4833,81.7,open,7
2025_2025-06-14_KC_OAK,2025,2025-06-14,,84.63,6.23,-0.1011,56.7,open,7
2025_2025-06-15_KC_OAK,2025,2025-06-15,,84.0,6.63,-0.5165,55.3,open,7
2025_2025-04-22_KC_COL,2025,2025-04-22,,72.23,5.37,0.5329,60.7,open,7
2025_2025-03-27_TOR_BAL,2025,2025-03-27,,72.0,0.0,0.0,50.0,closed,14
2025_2025-03-28_TOR_BAL,2025,2025-03-28,,72.0,0.0,0.0,50.0,closed,14
2025_2025-03-29_TOR_BAL,2025,2025-03-29,,72.0,0.0,0.0,50.0,closed,14
2025_2025-03-30_TOR_BAL,2025,2025-03-30,,72.0,0.0,0.0,50.0,closed,14
2025_2025-03-31_TOR_WSH,2025,2025-03-31,,72.0,0.0,0.0,50.0,closed,14
2025_2025-04-01_TOR_WSH,2025,2025-04-01,,72.0,0.0,0.0,50.0,closed,14
2025_2025-04-02_TOR_WSH,2025,2025-04-02,,72.0,0.0,0.0,50.0,closed,14
2025_2025-07-04_TOR_LAA,2025,2025-07-04,,74.1,5.3,0.9952,41.7,retractable_open,14
2025_2025-07-05_TOR_LAA,2025,2025-07-05,,85.53,7.2,0.9781,49.7,retractable_open,14
2025_2025-07-06_TOR_LAA,2025,2025-07-06,,72.0,0.0,0.0,50.0,closed,14
2025_2025-09-09_TOR_HOU,2025,2025-09-09,,64.23,5.67,-0.0087,74.3,retractable_open,14
2025_2025-09-10_TOR_HOU,2025,2025-09-10,,67.17,2.1,0.4462,75.3,retractable_open,14
2025_2025-09-11_TOR_HOU,2025,2025-09-11,,73.97,5.03,0.9997,47.7,retractable_open,14
2025_2025-04-18_TOR_SEA,2025,2025-04-18,,72.0,0.0,0.0,50.0,closed,14
2025_2025-04-19_TOR_SEA,2025,2025-04-19,,72.0,0.0,0.0,50.0,closed,14
2025_2025-04-20_TOR_SEA,2025,2025-04-20,,72.0,0.0,0.0,50.0,closed,14
2025_2025-08-15_TOR_TEX,2025,2025-08-15,,74.1,5.47,0.2639,66.7,retractable_open,14
2025_2025-08-16_TOR_TEX,2025,2025-08-16,,83.57,5.03,0.9928,49.7,retractable_open,14
2025_2025-08-17_TOR_TEX,2025,2025-08-17,,72.0,0.0,0.0,50.0,closed,14
2025_2025-04-29_TOR_BOS,2025,2025-04-29,,72.0,0.0,0.0,50.0,closed,14
2025_2025-04-30_TOR_BOS,2025,2025-04-30,,72.0,0.0,0.0,50.0,closed,14
2025_2025-05-01_TOR_BOS,2025,2025-05-01,,72.0,0.0,0.0,50.0,closed,14
2025_2025-09-23_TOR_BOS,2025,2025-09-23,,72.0,0.0,0.0,50.0,closed,14
2025_2025-09-24_TOR_BOS,2025,2025-09-24,,72.0,0.0,0.0,50.0,closed,14
2025_2025-09-25_TOR_BOS,2025,2025-09-25,,67.2,4.87,-0.9018,87.0,retractable_open,14
2025_2025-09-26_TOR_TB,2025,2025-09-26,,67.8,4.7,0.3795,78.3,retractable_open,14
2025_2025-09-27_TOR_TB,2025,2025-09-27,,71.83,6.47,0.9732,77.7,retractable_open,14
2025_2025-06-17_TOR_ARI,2025,2025-06-17,,68.7,3.37,0.8161,76.0,retractable_open,14
2025_2025-06-18_TOR_ARI,2025,2025-06-18,,72.0,0.0,0.0,50.0,closed,14
2025_2025-06-19_TOR_ARI,2025,2025-06-19,,72.5,18.17,-0.723,60.7,retractable_open,14
2025_2025-05-20_TOR_SD,2025,2025-05-20,,72.0,0.0,0.0,50.0,closed,14
2025_2025-05-21_TOR_SD,2025,2025-05-21,,72.0,0.0,0.0,50.0,closed,14
2025_2025-05-22_TOR_SD,2025,2025-05-22,,72.0,0.0,0.0,50.0,closed,14
2025_2025-07-18_TOR_SF,2025,2025-07-18,,72.2,3.9,0.9415,34.7,retractable_open,14
2025_2025-07-19_TOR_SF,2025,2025-07-19,,78.83,5.03,0.9803,41.0,retractable_open,14
2025_2025-07-20_TOR_SF,2025,2025-07-20,,77.93,9.47,-0.9157,63.0,retractable_open,14
2025_2025-08-12_TOR_CHC,2025,2025-08-12,,72.0,0.0,0.0,50.0,closed,14
2025_2025-08-13_TOR_CHC,2025,2025-08-13,,72.0,0.0,0.0,50.0,closed,14
2025_2025-08-14_TOR_CHC,2025,2025-08-14,,78.53,4.97,0.9348,60.7,retractable_open,14
2025_2025-08-29_TOR_MIL,2025,2025-08-29,,58.57,7.93,-0.9748,56.0,retractable_open,14
2025_2025-08-30_TOR_MIL,2025,2025-08-30,,70.27,7.77,-0.9836,37.7,retractable_open,14
2025_2025-08-31_TOR_MIL,2025,2025-08-31,,71.3,4.63,0.9997,49.3,retractable_open,14
2025_2025-04-14_TOR_ATL,2025,2025-04-14,,72.0,0.0,0.0,50.0,closed,14
2025_2025-04-15_TOR_ATL,2025,2025-04-15,,72.0,0.0,0.0,50.0,closed,14
2025_2025-04-16_TOR_ATL,2025,2025-04-16,,72.0,0.0,0.0,50.0,closed,14
2025_2025-06-03_TOR_PHI,2025,2025-06-03,,71.97,8.67,0.887,53.7,retractable_open,14
2025_2025-06-04_TOR_PHI,2025,2025-06-04,,72.0,0.0,0.0,50.0,closed,14
2025_2025-06-05_TOR_PHI,2025,2025-06-05,,72.0,0.0,0.0,50.0,closed,14
2025_2025-05-02_TOR_CLE,2025,2025-05-02,,72.0,0.0,0.0,50.0,closed,14
2025_2025-05-03_TOR_CLE,2025,2025-05-03,,72.0,0.0,0.0,50.0,closed,14
2025_2025-05-04_TOR_CLE,2025,2025-05-04,,72.0,0.0,0.0,50.0,closed,14
2025_2025-05-16_TOR_DET,2025,2025-05-16,,75.67,5.1,0.4879,33.3,retractable_open,14
2025_2025-05-17_TOR_DET,2025,2025-05-17,,72.0,0.0,0.0,50.0,closed,14
2025_2025-05-18_TOR_DET,2025,2025-05-18,,72.0,0.0,0.0,50.0,closed,14
2025_2025-06-20_TOR_CWS,2025,2025-06-20,,76.3,7.1,-0.1288,55.0,retractable_open,14
2025_2025-06-21_TOR_CWS,2025,2025-06-21,,72.0,0.0,0.0,50.0,closed,14
2025_2025-06-22_TOR_CWS,2025,2025-06-22,,72.0,0.0,0.0,50.0,closed,14
2025_2025-06-30_TOR_NYY,2025,2025-06-30,,72.0,0.0,0.0,50.0,closed,14
2025_2025-07-01_TOR_NYY,2025,2025-07-01,,83.6,9.13,-0.3156,48.0,retractable_open,14
2025_2025-07-02_TOR_NYY,2025,2025-07-02,,78.77,4.9,0.0941,58.3,retractable_open,14
2025_2025-07-03_TOR_NYY,2025,2025-07-03,,71.2,8.47,-0.9461,40.3,retractable_open,14
2025_2025-07-21_TOR_NYY,2025,2025-07-21,,71.0,5.5,-0.9521,40.7,retractable_open,14
2025_2025-07-22_TOR_NYY,2025,2025-07-22,,71.17,5.77,0.5314,56.3,retractable_open,14
2025_2025-07-23_TOR_NYY,2025,2025-07-23,,75.23,4.97,0.859,61.0,retractable_open,14
2025_2025-08-01_TOR_KC,2025,2025-08-01,,70.87,5.4,0.9056,50.0,retractable_open,14
2025_2025-08-02_TOR_KC,2025,2025-08-02,,76.63,9.57,0.9707,38.7,retractable_open,14
2025_2025-08-03_TOR_KC,2025,2025-08-03,,82.3,7.33,0.9385,44.3,retractable_open,14
2025_2025-08-25_TOR_MIN,2025,2025-08-25,,64.83,10.2,-0.5373,49.3,retractable_open,14
2025_2025-08-26_TOR_MIN,2025,2025-08-26,,72.0,0.0,0.0,50.0,closed,14
2025_2025-08-27_TOR_MIN,2025,2025-08-27,,65.83,7.9,-0.1547,50.0,retractable_open,14
2025_2025-09-12_TOR_BAL,2025,2025-09-12,,66.63,1.87,0.565,73.7,retractable_open,14
2025_2025-09-13_TOR_BAL,2025,2025-09-13,,71.57,7.07,0.9866,62.0,retractable_open,14
2025_2025-09-14_TOR_BAL,2025,2025-09-14,,75.1,2.4,0.9426,60.7,retractable_open,14
2025_2025-09-28_TOR_TB,2025,2025-09-28,,73.1,5.17,-0.9969,46.7,retractable_open,14
2025_2025-10-04_TOR_NYY,2025,2025-10-04,,74.2,5.77,0.9968,65.7,retractable_open,14
2025_2025-10-05_TOR_NYY,2025,2025-10-05,,76.8,8.2,0.9792,57.0,retractable_open,14
2025_2025-10-12_TOR_SEA,2025,2025-10-12,,72.0,0.0,0.0,50.0,closed,14
2025_2025-10-13_TOR_SEA,2025,2025-10-13,,60.63,2.57,0.4289,73.3,retractable_open,14
2025_2025-10-19_TOR_SEA,2025,2025-10-19,,72.0,0.0,0.0,50.0,closed,14
2025_2025-10-20_TOR_SEA,2025,2025-10-20,,72.0,0.0,0.0,50.0,closed,14
2025_2025-10-24_TOR_LAD,2025,2025-10-24,,72.0,0.0,0.0,50.0,closed,14
2025_2025-10-25_TOR_LAD,2025,2025-10-25,,72.0,0.0,0.0,50.0,closed,14
2025_2025-10-31_TOR_LAD,2025,2025-10-31,,72.0,0.0,0.0,50.0,closed,14
2025_2025-11-01_TOR_LAD,2025,2025-11-01,,72.0,0.0,0.0,50.0,closed,14
2025_2025-05-29_TOR_OAK,2025,2025-05-29,,72.0,0.0,0.0,50.0,closed,14
2025_2025-05-30_TOR_OAK,2025,2025-05-30,,65.93,6.5,-0.36,67.3,retractable_open,14
2025_2025-05-31_TOR_OAK,2025,2025-05-31,,72.0,0.0,0.0,50.0,closed,14
2025_2025-06-01_TOR_OAK,2025,2025-06-01,,72.0,0.0,0.0,50.0,closed,14
2025_2025-05-13_TOR_TB,2025,2025-05-13,,72.0,0.0,0.0,50.0,closed,14
2025_2025-05-14_TOR_TB,2025,2025-05-14,,72.0,0.0,0.0,50.0,closed,14
2025_2025-05-15_TOR_TB,2025,2025-05-15,,68.5,5.23,0.6414,72.7,retractable_open,14
2025_2025-07-21_ARI_HOU,2025,2025-07-21,,72.0,0.0,0.0,50.0,closed,15
2025_2025-07-22_ARI_HOU,2025,2025-07-22,,72.0,0.0,0.0,50.0,closed,15
2025_2025-07-23_ARI_HOU,2025,2025-07-23,,72.0,0.0,0.0,50.0,closed,15
2025_2025-06-09_ARI_SEA,2025,2025-06-09,,72.0,0.0,0.0,50.0,closed,15
2025_2025-06-10_ARI_SEA,2025,2025-06-10,,72.0,0.0,0.0,50.0,closed,15
2025_2025-06-11_ARI_SEA,2025,2025-06-11,,72.0,0.0,0.0,50.0,closed,15
2025_2025-09-01_ARI_TEX,2025,2025-09-01,,72.0,0.0,0.0,50.0,closed,15
2025_2025-09-02_ARI_TEX,2025,2025-09-02,,72.0,0.0,0.0,50.0,closed,15
2025_2025-09-03_ARI_TEX,2025,2025-09-03,,72.0,0.0,0.0,50.0,closed,15
2025_2025-04-22_ARI_TB,2025,2025-04-22,,85.73,3.67,-0.497,7.3,retractable_open,15
2025_2025-04-23_ARI_TB,2025,2025-04-23,,84.57,4.93,-0.1822,10.0,retractable_open,15
2025_2025-04-24_ARI_TB,2025,2025-04-24,,84.1,1.57,0.9934,11.7,retractable_open,15
2025_2025-03-27_ARI_CHC,2025,2025-03-27,,82.43,4.1,0.314,14.7,retractable_open,15
2025_2025-03-28_ARI_CHC,2025,2025-03-28,,76.33,6.2,0.1305,12.0,retractable_open,15
2025_2025-03-29_ARI_CHC,2025,2025-03-29,,76.9,5.93,0.3762,16.3,retractable_open,15
2025_2025-03-30_ARI_CHC,2025,2025-03-30,,80.53,6.97,0.5344,9.3,retractable_open,15
2025_2025-04-07_ARI_BAL,2025,2025-04-07,,79.73,1.57,-0.4368,8.7,retractable_open,15
2025_2025-04-08_ARI_BAL,2025,2025-04-08,,84.5,2.3,-0.7627,7.3,retractable_open,15
2025_2025-04-09_ARI_BAL,2025,2025-04-09,,72.0,0.0,0.0,50.0,closed,15
2025_2025-04-11_ARI_MIL,2025,2025-04-11,,72.0,0.0,0.0,50.0,closed,15
2025_2025-04-12_ARI_MIL,2025,2025-04-12,,72.0,0.0,0.0,50.0,closed,15
2025_2025-04-13_ARI_MIL,2025,2025-04-13,,72.0,0.0,0.0,50.0,closed,15
2025_2025-04-25_ARI_ATL,2025,2025-04-25,,84.73,7.07,0.4524,6.7,retractable_open,15
2025_2025-04-26_ARI_ATL,2025,2025-04-26,,77.57,8.83,0.2181,16.0,retractable_open,15
2025_2025-04-27_ARI_ATL,2025,2025-04-27,,72.0,0.0,0.0,50.0,closed,15
2025_2025-05-05_ARI_NYM,2025,2025-05-05,,72.0,0.0,0.0,50.0,closed,15
2025_2025-05-06_ARI_NYM,2025,2025-05-06,,69.9,1.57,-0.2317,55.7,retractable_open,15
2025_2025-05-07_ARI_NYM,2025,2025-05-07,,72.0,0.0,0.0,50.0,closed,15
2025_2025-05-08_ARI_LAD,2025,2025-05-08,,89.7,4.5,0.1977,15.3,retractable_open,15
2025_2025-05-09_ARI_LAD,2025,2025-05-09,,96.07,6.3,0.5548,10.0,retractable_open,15
2025_2025-05-10_ARI_LAD,2025,2025-05-10,,72.0,0.0,0.0,50.0,closed,15
2025_2025-05-11_ARI_LAD,2025,2025-05-11,,72.0,0.0,0.0,50.0,closed,15
2025_2025-05-16_ARI_COL,2025,2025-05-16,,89.0,3.93,-0.5225,8.0,retractable_open,15
2025_2025-05-17_ARI_COL,2025,2025-05-17,,88.3,11.23,0.4955,10.0,retractable_open,15
2025_2025-05-18_ARI_COL,2025,2025-05-18,,72.0,0.0,0.0,50.0,closed,15
2025_2025-05-26_ARI_PIT,2025,2025-05-26,,72.0,0.0,0.0,50.0,closed,15
2025_2025-05-27_ARI_PIT,2025,2025-05-27,,72.0,0.0,0.0,50.0,closed,15
2025_2025-05-28_ARI_PIT,2025,2025-05-28,,72.0,0.0,0.0,50.0,closed,15
2025_2025-05-30_ARI_WSH,2025,2025-05-30,,72.0,0.0,0.0,50.0,closed,15
2025_2025-05-31_ARI_WSH,2025,2025-05-31,,72.0,0.0,0.0,50.0,closed,15
2025_2025-06-01_ARI_WSH,2025,2025-06-01,,72.0,0.0,0.0,50.0,closed,15
2025_2025-06-13_ARI_SD,2025,2025-06-13,,72.0,0.0,0.0,50.0,closed,15
2025_2025-06-14_ARI_SD,2025,2025-06-14,,72.0,0.0,0.0,50.0,closed,15
2025_2025-06-15_ARI_SD,2025,2025-06-15,,72.0,0.0,0.0,50.0,closed,15
2025_2025-06-27_ARI_MIA,2025,2025-06-27,,72.0,0.0,0.0,50.0,closed,15
2025_2025-06-28_ARI_MIA,2025,2025-06-28,,72.0,0.0,0.0,50.0,closed,15
2025_2025-06-29_ARI_MIA,2025,2025-06-29,,72.0,0.0,0.0,50.0,closed,15
2025_2025-06-30_ARI_SF,2025,2025-06-30,,72.0,0.0,0.0,50.0,closed,15
2025_2025-08-06_ARI_SD,2025,2025-08-06,,72.0,0.0,0.0,50.0,closed,15
2025_2025-08-08_ARI_COL,2025,2025-08-08,,72.0,0.0,0.0,50.0,closed,15
2025_2025-08-09_ARI_COL,2025,2025-08-09,,72.0,0.0,0.0,50.0,closed,15
2025_2025-08-10_ARI_COL,2025,2025-08-10,,72.0,0.0,0.0,50.0,closed,15
2025_2025-08-18_ARI_CLE,2025,2025-08-18,,72.0,0.0,0.0,50.0,closed,15
2025_2025-08-19_ARI_CLE,2025,2025-08-19,,72.0,0.0,0.0,50.0,closed,15
2025_2025-08-20_ARI_CLE,2025,2025-08-20,,72.0,0.0,0.0,50.0,closed,15
2025_2025-08-22_ARI_CIN,2025,2025-08-22,,72.0,0.0,0.0,50.0,closed,15
2025_2025-08-23_ARI_CIN,2025,2025-08-23,,72.0,0.0,0.0,50.0,closed,15
2025_2025-08-24_ARI_CIN,2025,2025-08-24,,72.0,0.0,0.0,50.0,closed,15
2025_2025-09-20_ARI_PHI,2025,2025-09-20,,72.0,0.0,0.0,50.0,closed,15
2025_2025-09-21_ARI_PHI,2025,2025-09-21,,72.0,0.0,0.0,50.0,closed,15
2025_2025-09-23_ARI_LAD,2025,2025-09-23,,72.0,0.0,0.0,50.0,closed,15
2025_2025-09-24_ARI_LAD,2025,2025-09-24,,72.0,0.0,0.0,50.0,closed,15
2025_2025-09-25_ARI_LAD,2025,2025-09-25,,72.0,0.0,0.0,50.0,closed,15
2025_2025-09-05_ARI_BOS,2025,2025-09-05,,72.0,0.0,0.0,50.0,closed,15
2025_2025-09-06_ARI_BOS,2025,2025-09-06,,72.0,0.0,0.0,50.0,closed,15
2025_2025-09-07_ARI_BOS,2025,2025-09-07,,72.0,0.0,0.0,50.0,closed,15
2025_2025-07-01_ARI_SF,2025,2025-07-01,,72.0,0.0,0.0,50.0,closed,15
2025_2025-07-02_ARI_SF,2025,2025-07-02,,72.0,0.0,0.0,50.0,closed,15
2025_2025-07-03_ARI_SF,2025,2025-07-03,,72.0,0.0,0.0,50.0,closed,15
2025_2025-07-04_ARI_KC,2025,2025-07-04,,72.0,0.0,0.0,50.0,closed,15
2025_2025-07-05_ARI_KC,2025,2025-07-05,,72.0,0.0,0.0,50.0,closed,15
2025_2025-07-06_ARI_KC,2025,2025-07-06,,72.0,0.0,0.0,50.0,closed,15
2025_2025-07-18_ARI_STL,2025,2025-07-18,,72.0,0.0,0.0,50.0,closed,15
2025_2025-07-19_ARI_STL,2025,2025-07-19,,72.0,0.0,0.0,50.0,closed,15
2025_2025-07-20_ARI_STL,2025,2025-07-20,,72.0,0.0,0.0,50.0,closed,15
2025_2025-08-04_ARI_SD,2025,2025-08-04,,72.0,0.0,0.0,50.0,closed,15
2025_2025-08-05_ARI_SD,2025,2025-08-05,,72.0,0.0,0.0,50.0,closed,15
2025_2025-09-15_ARI_SF,2025,2025-09-15,,72.0,0.0,0.0,50.0,closed,15
2025_2025-09-16_ARI_SF,2025,2025-09-16,,72.0,0.0,0.0,50.0,closed,15
2025_2025-09-17_ARI_SF,2025,2025-09-17,,72.0,0.0,0.0,50.0,closed,15
2025_2025-09-19_ARI_PHI,2025,2025-09-19,,72.0,0.0,0.0,50.0,closed,15
2025_2025-06-20_CHC_SEA,2025,2025-06-20,,80.1,11.37,0.9842,61.3,open,17
2025_2025-06-21_CHC_SEA,2025,2025-06-21,,90.4,16.73,0.9976,57.7,open,17
2025_2025-06-22_CHC_SEA,2025,2025-06-22,,91.87,13.27,0.9728,52.7,open,17
2025_2025-04-07_CHC_TEX,2025,2025-04-07,,32.27,14.63,-0.9494,70.0,open,17
2025_2025-04-08_CHC_TEX,2025,2025-04-08,,34.77,7.37,-0.1994,66.7,open,17
2025_2025-04-09_CHC_TEX,2025,2025-04-09,,44.43,11.9,0.3778,56.0,open,17
2025_2025-09-12_CHC_TB,2025,2025-09-12,,78.0,6.5,-0.3239,55.7,open,17
2025_2025-09-13_CHC_TB,2025,2025-09-13,,75.17,5.77,0.2079,71.0,open,17
2025_2025-09-14_CHC_TB,2025,2025-09-14,,73.5,6.3,-0.9379,75.7,open,17
2025_2025-04-18_CHC_ARI,2025,2025-04-18,,78.67,15.3,0.9996,53.0,open,17
2025_2025-04-19_CHC_ARI,2025,2025-04-19,,50.53,6.57,-0.0262,81.3,open,17
2025_2025-04-20_CHC_ARI,2025,2025-04-20,,50.8,12.43,-0.8007,73.7,open,17
2025_2025-04-22_CHC_LAD,2025,2025-04-22,,63.87,6.97,0.9409,71.7,open,17
2025_2025-04-23_CHC_LAD,2025,2025-04-23,,61.9,5.8,-0.014,75.0,open,17
2025_2025-04-04_CHC_SD,2025,2025-04-04,,43.1,7.73,-0.9971,81.7,open,17
2025_2025-04-05_CHC_SD,2025,2025-04-05,,49.13,6.73,-0.9854,70.7,open,17
2025_2025-04-06_CHC_SD,2025,2025-04-06,,42.47,5.5,-0.8746,53.7,open,17
2025_2025-05-05_CHC_SF,2025,2025-05-05,,52.53,5.33,-0.7455,86.7,open,17
2025_2025-05-06_CHC_SF,2025,2025-05-06,,64.9,3.3,-0.9839,69.7,open,17
2025_2025-05-07_CHC_SF,2025,2025-05-07,,52.07,11.07,-0.8536,74.7,open,17
2025_2025-04-25_CHC_PHI,2025,2025-04-25,,49.07,10.87,-0.809,76.0,open,17
2025_2025-04-26_CHC_PHI,2025,2025-04-26,,47.3,10.53,-0.933,67.7,open,17
2025_2025-04-27_CHC_PHI,2025,2025-04-27,,55.13,9.13,-0.2147,67.7,open,17
2025_2025-05-12_CHC_MIA,2025,2025-05-12,,62.97,5.63,-0.8729,59.3,open,17
2025_2025-05-13_CHC_MIA,2025,2025-05-13,,56.43,4.93,-0.9494,91.3,open,17
2025_2025-05-14_CHC_MIA,2025,2025-05-14,,57.33,4.27,-0.6547,92.0,open,17
2025_2025-05-16_CHC_CWS,2025,2025-05-16,,82.33,13.67,0.7108,28.7,open,17
2025_2025-05-17_CHC_CWS,2025,2025-05-17,,62.67,15.5,0.5635,53.7,open,17
2025_2025-05-18_CHC_CWS,2025,2025-05-18,,54.2,8.13,-0.8059,73.3,open,17
2025_2025-05-26_CHC_COL,2025,2025-05-26,,55.47,8.77,-0.9011,70.0,open,17
2025_2025-05-27_CHC_COL,2025,2025-05-27,,53.1,9.23,-0.7513,77.0,open,17
2025_2025-05-28_CHC_COL,2025,2025-05-28,,52.37,4.83,-0.9033,90.7,open,17
2025_2025-05-30_CHC_CIN,2025,2025-05-30,,73.57,6.1,0.1599,40.3,open,17
2025_2025-05-31_CHC_CIN,2025,2025-05-31,,53.23,9.9,-0.891,53.3,open,17
2025_2025-06-01_CHC_CIN,2025,2025-06-01,,57.73,7.2,-0.8151,47.0,open,17
2025_2025-06-12_CHC_PIT,2025,2025-06-12,,60.93,8.67,-0.8271,86.7,open,17
2025_2025-06-13_CHC_PIT,2025,2025-06-13,,68.8,4.47,-0.766,83.7,open,17
2025_2025-06-14_CHC_PIT,2025,2025-06-14,,64.9,6.63,-0.9494,73.3,open,17
2025_2025-06-15_CHC_PIT,2025,2025-06-15,,70.77,5.2,-0.9993,71.0,open,17
2025_2025-06-17_CHC_MIL,2025,2025-06-17,,79.73,7.77,0.9979,64.3,open,17
2025_2025-06-19_CHC_MIL,2025,2025-06-19,,76.8,2.6,0.9128,71.3,open,17
2025_2025-07-01_CHC_CLE,2025,2025-07-01,,74.87,3.87,0.3518,71.0,open,17
2025_2025-07-02_CHC_CLE,2025,2025-07-02,,81.6,3.47,0.3746,60.0,open,17
2025_2025-07-03_CHC_CLE,2025,2025-07-03,,81.33,5.8,-0.0227,65.0,open,17
2025_2025-07-04_CHC_STL,2025,2025-07-04,,81.8,4.87,0.8607,70.3,open,17
2025_2025-07-05_CHC_STL,2025,2025-07-05,,90.9,11.23,0.9842,39.0,open,17
2025_2025-07-06_CHC_STL,2025,2025-07-06,,72.2,11.6,-0.8348,86.7,open,17
2025_2025-07-21_CHC_KC,2025,2025-07-21,,71.3,5.87,-0.965,85.3,open,17
2025_2025-07-22_CHC_KC,2025,2025-07-22,,78.6,8.97,0.1771,66.7,open,17
2025_2025-07-23_CHC_KC,2025,2025-07-23,,90.13,9.33,0.809,57.7,open,17
2025_2025-08-01_CHC_BAL,2025,2025-08-01,,71.4,10.43,-0.9893,59.7,open,17
2025_2025-08-02_CHC_BAL,2025,2025-08-02,,74.53,6.27,-0.9778,52.0,open,17
2025_2025-08-03_CHC_BAL,2025,2025-08-03,,74.5,7.2,-0.8634,58.0,open,17
2025_2025-08-04_CHC_CIN,2025,2025-08-04,,74.03,6.57,-0.7466,72.7,open,17
2025_2025-08-05_CHC_CIN,2025,2025-08-05,,72.8,7.1,-0.9903,83.0,open,17
2025_2025-08-06_CHC_CIN,2025,2025-08-06,,81.23,8.47,-0.4051,57.7,open,17
2025_2025-08-15_CHC_PIT,2025,2025-08-15,,84.47,9.23,-0.294,66.3,open,17
2025_2025-08-16_CHC_PIT,2025,2025-08-16,,86.4,6.67,-0.5864,71.0,open,17
2025_2025-08-17_CHC_PIT,2025,2025-08-17,,76.53,9.37,-0.9971,83.0,open,17
2025_2025-08-18_CHC_MIL,2025,2025-08-18,,80.8,8.8,0.2198,79.3,open,17
2025_2025-08-19_CHC_MIL,2025,2025-08-19,,73.13,8.47,-0.9568,83.7,open,17
2025_2025-08-19_CHC_MIL_2,2025,2025-08-19,,71.63,4.4,-0.9869,88.0,open,17
2025_2025-08-20_CHC_MIL,2025,2025-08-20,,69.47,10.27,-0.9622,78.0,open,17
2025_2025-08-21_CHC_MIL,2025,2025-08-21,,72.53,9.33,-0.9914,72.3,open,17
2025_2025-09-01_CHC_ATL,2025,2025-09-01,,72.5,5.9,-0.9385,51.0,open,17
2025_2025-09-02_CHC_ATL,2025,2025-09-02,,70.27,4.6,-0.5892,73.0,open,17
2025_2025-09-03_CHC_ATL,2025,2025-09-03,,65.2,6.93,-0.0175,84.0,open,17
2025_2025-09-05_CHC_WSH,2025,2025-09-05,,64.27,13.9,0.549,50.3,open,17
2025_2025-09-06_CHC_WSH,2025,2025-09-06,,64.1,12.0,0.4787,41.0,open,17
2025_2025-09-07_CHC_WSH,2025,2025-09-07,,64.83,4.7,-0.9655,44.0,open,17
2025_2025-09-23_CHC_NYM,2025,2025-09-23,,66.47,9.13,-0.9304,92.7,open,17
2025_2025-09-24_CHC_NYM,2025,2025-09-24,,62.63,8.93,-0.809,92.7,open,17
2025_2025-09-25_CHC_NYM,2025,2025-09-25,,63.33,2.07,-0.3156,88.7,open,17
2025_2025-09-26_CHC_STL,2025,2025-09-26,,77.9,5.53,0.9985,46.0,open,17
2025_2025-09-27_CHC_STL,2025,2025-09-27,,83.27,5.73,0.9744,38.3,open,17
2025_2025-09-28_CHC_STL,2025,2025-09-28,,70.57,5.97,-0.9968,76.7,open,17
2025_2025-09-30_CHC_SD,2025,2025-09-30,,73.5,7.2,-0.9724,66.3,open,17
2025_2025-10-01_CHC_SD,2025,2025-10-01,,69.7,7.67,-0.981,70.7,open,17
2025_2025-10-02_CHC_SD,2025,2025-10-02,,73.33,6.33,-0.3469,62.7,open,17
2025_2025-10-08_CHC_MIL,2025,2025-10-08,,58.7,8.47,-0.9578,58.7,open,17
2025_2025-10-09_CHC_MIL,2025,2025-10-09,,56.93,4.97,0.061,75.3,open,17
2025_2025-07-18_CHC_BOS,2025,2025-07-18,,73.67,6.33,-0.8746,70.3,open,17
2025_2025-07-19_CHC_BOS,2025,2025-07-19,,81.3,2.87,0.9265,73.3,open,17
2025_2025-07-20_CHC_BOS,2025,2025-07-20,,71.33,8.37,-0.9998,83.7,open,17
2025_2025-09-19_COL_LAA,2025,2025-09-19,,75.1,3.93,-0.4679,23.7,open,19
2025_2025-09-20_COL_LAA,2025,2025-09-20,,70.83,3.93,-0.247,40.3,open,19
2025_2025-09-21_COL_LAA,2025,2025-09-21,,79.6,4.47,-0.2588,23.0,open,19
2025_2025-07-01_COL_HOU,2025,2025-07-01,,84.4,4.13,-0.986,24.0,open,19
2025_2025-07-02_COL_HOU,2025,2025-07-02,,90.53,9.43,0.2453,11.7,open,19
2025_2025-07-03_COL_HOU,2025,2025-07-03,,93.7,4.13,-0.0906,11.3,open,19
2025_2025-06-20_COL_ARI,2025,2025-06-20,,96.6,11.5,0.8554,7.3,open,19
2025_2025-06-21_COL_ARI,2025,2025-06-21,,94.03,7.63,0.9874,6.0,open,19
2025_2025-06-22_COL_ARI,2025,2025-06-22,,93.47,13.23,0.9895,7.3,open,19
2025_2025-08-14_COL_ARI,2025,2025-08-14,,88.03,6.83,0.9806,17.3,open,19
2025_2025-08-15_COL_ARI,2025,2025-08-15,,89.97,3.97,0.6652,14.7,open,19
2025_2025-08-16_COL_ARI,2025,2025-08-16,,82.17,3.97,0.7615,28.0,open,19
2025_2025-08-17_COL_ARI,2025,2025-08-17,,90.33,2.3,-0.9826,15.3,open,19
2025_2025-06-24_COL_LAD,2025,2025-06-24,,75.3,2.23,0.977,54.3,open,19
2025_2025-06-25_COL_LAD,2025,2025-06-25,,70.17,6.8,-0.9845,61.7,open,19
2025_2025-06-26_COL_LAD,2025,2025-06-26,,82.07,2.9,0.0419,26.7,open,19
2025_2025-08-18_COL_LAD,2025,2025-08-18,,88.5,3.73,0.2521,17.0,open,19
2025_2025-08-19_COL_LAD,2025,2025-08-19,,88.1,7.23,-0.1236,18.7,open,19
2025_2025-08-20_COL_LAD,2025,2025-08-20,,91.3,8.33,0.7096,18.0,open,19
2025_2025-08-21_COL_LAD,2025,2025-08-21,,94.87,5.97,-0.9995,15.3,open,19
2025_2025-05-09_COL_SD,2025,2025-05-09,,66.53,2.3,-0.3024,48.0,open,19
2025_2025-05-10_COL_SD,2025,2025-05-10,,72.73,1.2,0.9871,34.0,open,19
2025_2025-05-11_COL_SD,2025,2025-05-11,,82.5,2.17,0.6521,13.3,open,19
2025_2025-09-05_COL_SD,2025,2025-09-05,,66.57,3.57,-0.8281,41.3,open,19
2025_2025-09-06_COL_SD,2025,2025-09-06,,80.53,4.63,-0.9999,21.0,open,19
2025_2025-09-07_COL_SD,2025,2025-09-07,,82.23,2.47,-0.9516,22.7,open,19
2025_2025-06-10_COL_SF,2025,2025-06-10,,80.83,7.3,0.996,24.3,open,19
2025_2025-06-11_COL_SF,2025,2025-06-11,,83.2,3.37,0.4399,20.3,open,19
2025_2025-06-12_COL_SF,2025,2025-06-12,,88.73,4.83,0.808,14.0,open,19
2025_2025-09-01_COL_SF,2025,2025-09-01,,81.0,4.83,-0.9553,23.0,open,19
2025_2025-09-02_COL_SF,2025,2025-09-02,,78.33,5.9,-0.9114,25.7,open,19
2025_2025-09-03_COL_SF,2025,2025-09-03,,83.3,1.57,-0.289,16.3,open,19
2025_2025-08-29_COL_CHC,2025,2025-08-29,,68.53,2.37,0.1547,70.3,open,19
2025_2025-08-30_COL_CHC,2025,2025-08-30,,67.33,1.37,-0.5635,61.7,open,19
2025_2025-08-31_COL_CHC,2025,2025-08-31,,75.9,2.87,-0.7793,35.7,open,19
2025_2025-04-25_COL_CIN,2025,2025-04-25,,48.47,8.13,-0.9613,78.0,open,19
2025_2025-04-26_COL_CIN,2025,2025-04-26,,66.07,5.53,-0.9885,45.7,open,19
2025_2025-04-27_COL_CIN,2025,2025-04-27,,78.13,10.47,1.0,11.3,open,19
2025_2025-08-01_COL_PIT,2025,2025-08-01,,80.7,3.2,-0.9972,31.0,open,19
2025_2025-08-02_COL_PIT,2025,2025-08-02,,84.7,6.87,-0.9397,22.3,open,19
2025_2025-08-03_COL_PIT,2025,2025-08-03,,86.9,5.23,-0.9877,14.3,open,19
2025_2025-04-08_COL_MIL,2025,2025-04-08,,67.07,5.17,-0.4337,16.0,open,19
2025_2025-04-09_COL_MIL,2025,2025-04-09,,67.5,10.27,-0.9415,12.3,open,19
2025_2025-04-10_COL_MIL,2025,2025-04-10,,67.13,3.13,-0.9323,14.7,open,19
2025_2025-04-28_COL_ATL,2025,2025-04-28,,56.2,6.0,-0.988,34.7,open,19
2025_2025-04-29_COL_ATL,2025,2025-04-29,,59.57,5.83,0.9928,31.3,open,19
2025_2025-04-30_COL_ATL,2025,2025-04-30,,69.0,5.73,0.6157,15.0,open,19
2025_2025-09-16_COL_MIA,2025,2025-09-16,,65.67,6.2,-0.9336,53.7,open,19
2025_2025-09-17_COL_MIA,2025,2025-09-17,,61.47,2.37,-0.9997,56.7,open,19
2025_2025-09-18_COL_MIA,2025,2025-09-18,,71.57,3.03,-0.749,31.7,open,19
2025_2025-06-06_COL_NYM,2025,2025-06-06,,60.17,3.13,0.165,76.3,open,19
2025_2025-06-07_COL_NYM,2025,2025-06-07,,71.2,1.83,0.9655,58.0,open,19
2025_2025-06-08_COL_NYM,2025,2025-06-08,,68.47,1.83,-0.9415,54.3,open,19
2025_2025-05-19_COL_PHI,2025,2025-05-19,,60.93,4.6,-0.6909,24.7,open,19
2025_2025-05-20_COL_PHI,2025,2025-05-20,,68.03,6.7,-0.1011,15.7,open,19
2025_2025-05-21_COL_PHI,2025,2025-05-21,,73.8,7.83,-0.9813,11.7,open,19
2025_2025-05-22_COL_PHI,2025,2025-05-22,,72.8,4.17,-0.887,26.7,open,19
2025_2025-05-07_COL_DET,2025,2025-05-07,,50.2,1.6,0.4509,77.7,open,19
2025_2025-05-08_COL_DET,2025,2025-05-08,,64.03,1.03,-0.7986,42.0,open,19
2025_2025-05-08_COL_DET_2,2025,2025-05-08,,64.03,1.03,-0.7986,42.0,open,19
2025_2025-05-23_COL_NYY,2025,2025-05-23,,77.73,5.37,-0.9598,26.3,open,19
2025_2025-05-24_COL_NYY,2025,2025-05-24,,70.9,3.0,-0.9869,51.7,open,19
2025_2025-05-25_COL_NYY,2025,2025-05-25,,62.43,3.93,0.8141,61.0,open,19
2025_2025-07-04_COL_CWS,2025,2025-07-04,,86.37,9.27,-0.5432,19.0,open,19
2025_2025-07-05_COL_CWS,2025,2025-07-05,,81.17,3.5,-0.8616,26.3,open,19
2025_2025-07-06_COL_CWS,2025,2025-07-06,,90.4,6.0,-0.9191,13.7,open,19
2025_2025-07-18_COL_MIN,2025,2025-07-18,,81.67,4.33,0.7559,34.0,open,19
2025_2025-07-19_COL_MIN,2025,2025-07-19,,84.13,6.23,0.9962,28.7,open,19
2025_2025-07-20_COL_MIN,2025,2025-07-20,,91.87,1.77,-0.9985,13.3,open,19
2025_2025-07-21_COL_STL,2025,2025-07-21,,91.63,4.93,0.999,14.7,open,19
2025_2025-07-22_COL_STL,2025,2025-07-22,,74.13,3.4,0.9969,55.7,open,19
2025_2025-07-23_COL_STL,2025,2025-07-23,,78.53,5.1,-0.9219,48.7,open,19
2025_2025-08-04_COL_TOR,2025,2025-08-04,,93.37,2.5,0.0366,8.0,open,19
2025_2025-08-05_COL_TOR,2025,2025-08-05,,94.97,6.03,-0.2773,4.7,open,19
2025_2025-08-06_COL_TOR,2025,2025-08-06,,97.07,2.7,-0.0663,8.0,open,19
2025_2025-04-04_COL_OAK,2025,2025-04-04,,41.33,9.57,-0.9245,61.3,open,19
2025_2025-04-05_COL_OAK,2025,2025-04-05,,37.37,2.07,-0.0401,53.7,open,19
2025_2025-04-06_COL_OAK,2025,2025-04-06,,53.47,3.6,-0.8829,28.0,open,19
2025_2025-04-19_COL_WSH,2025,2025-04-19,,47.97,3.07,0.9003,42.3,open,19
2025_2025-04-20_COL_WSH,2025,2025-04-20,,59.47,4.57,-0.6361,31.0,open,19
2025_2025-04-20_COL_WSH_2,2025,2025-04-20,,55.93,3.57,-0.6665,40.3,open,19
2025_2025-05-16_LAD_LAA,2025,2025-05-16,,60.8,4.57,1.0,71.3,open,22
2025_2025-05-17_LAD_LAA,2025,2025-05-17,,58.3,3.57,0.9806,74.7,open,22
2025_2025-05-18_LAD_LAA,2025,2025-05-18,,73.67,9.1,0.9063,41.3,open,22
2025_2025-07-04_LAD_HOU,2025,2025-07-04,,74.87,5.8,0.981,51.3,open,22
2025_2025-07-05_LAD_HOU,2025,2025-07-05,,83.43,6.73,0.9516,34.0,open,22
2025_2025-07-06_LAD_HOU,2025,2025-07-06,,85.73,6.97,0.9928,31.3,open,22
2025_2025-05-19_LAD_ARI,2025,2025-05-19,,69.8,2.73,0.99,49.3,open,22
2025_2025-05-20_LAD_ARI,2025,2025-05-20,,76.0,3.33,0.9568,35.0,open,22
2025_2025-05-21_LAD_ARI,2025,2025-05-21,,74.47,3.97,0.9934,39.3,open,22
2025_2025-03-27_LAD_DET,2025,2025-03-27,,63.17,8.2,0.8121,65.0,open,22
2025_2025-03-28_LAD_DET,2025,2025-03-28,,59.4,3.0,0.9728,65.7,open,22
2025_2025-04-01_LAD_ATL,2025,2025-04-01,,56.17,5.57,0.832,62.7,open,22
2025_2025-04-02_LAD_ATL,2025,2025-04-02,,61.73,8.97,0.7547,38.0,open,22
2025_2025-04-11_LAD_CHC,2025,2025-04-11,,66.97,3.77,0.9978,56.3,open,22
2025_2025-04-12_LAD_CHC,2025,2025-04-12,,64.2,5.37,0.9715,65.3,open,22
2025_2025-04-13_LAD_CHC,2025,2025-04-13,,70.1,6.83,0.9707,48.0,open,22
2025_2025-04-14_LAD_COL,2025,2025-04-14,,57.6,4.2,0.8669,65.7,open,22
2025_2025-04-15_LAD_COL,2025,2025-04-15,,57.0,4.9,0.7965,56.7,open,22
2025_2025-04-16_LAD_COL,2025,2025-04-16,,58.33,5.93,0.6032,60.3,open,22
2025_2025-04-25_LAD_PIT,2025,2025-04-25,,56.53,5.97,0.8192,61.3,open,22
2025_2025-04-26_LAD_PIT,2025,2025-04-26,,55.27,4.13,0.9128,62.7,open,22
2025_2025-04-27_LAD_PIT,2025,2025-04-27,,61.5,6.03,0.7593,51.3,open,22
2025_2025-06-13_LAD_SF,2025,2025-06-13,,67.63,4.83,0.9973,68.0,open,22
2025_2025-06-14_LAD_SF,2025,2025-06-14,,71.1,4.33,0.95,61.7,open,22
2025_2025-06-15_LAD_SF,2025,2025-06-15,,84.6,6.43,0.9385,33.0,open,22
2025_2025-06-16_LAD_SD,2025,2025-06-16,,75.3,3.57,0.9826,47.3,open,22
2025_2025-06-17_LAD_SD,2025,2025-06-17,,78.47,4.5,0.7581,35.7,open,22
2025_2025-06-18_LAD_SD,2025,2025-06-18,,74.97,4.83,0.9857,52.3,open,22
2025_2025-06-19_LAD_SD,2025,2025-06-19,,67.47,4.0,0.9917,66.7,open,22
2025_2025-06-20_LAD_WSH,2025,2025-06-20,,67.07,4.83,0.9971,67.0,open,22
2025_2025-06-21_LAD_WSH,2025,2025-06-21,,67.77,4.53,0.9949,62.3,open,22
2025_2025-06-22_LAD_WSH,2025,2025-06-22,,80.27,8.23,0.915,39.3,open,22
2025_2025-07-01_LAD_CWS,2025,2025-07-01,,66.73,4.83,0.9724,65.7,open,22
2025_2025-07-02_LAD_CWS,2025,2025-07-02,,67.33,4.47,0.9998,64.0,open,22
2025_2025-07-03_LAD_CWS,2025,2025-07-03,,69.63,4.57,0.9947,62.7,open,22
2025_2025-07-18_LAD_MIL,2025,2025-07-18,,69.73,5.13,0.9988,67.0,open,22
2025_2025-07-19_LAD_MIL,2025,2025-07-19,,72.07,6.17,0.9956,64.3,open,22
2025_2025-07-20_LAD_MIL,2025,2025-07-20,,80.5,6.63,0.9998,47.7,open,22
2025_2025-07-21_LAD_MIN,2025,2025-07-21,,68.4,5.43,0.8729,70.7,open,22
2025_2025-07-22_LAD_MIN,2025,2025-07-22,,67.57,4.67,0.9311,72.0,open,22
2025_2025-07-23_LAD_MIN,2025,2025-07-23,,81.23,6.63,0.9636,42.3,open,22
2025_2025-08-04_LAD_STL,2025,2025-08-04,,74.03,3.6,0.986,60.0,open,22
2025_2025-08-05_LAD_STL,2025,2025-08-05,,75.83,3.97,0.9959,52.3,open,22
2025_2025-08-06_LAD_STL,2025,2025-08-06,,93.47,5.97,0.9728,24.7,open,22
2025_2025-08-08_LAD_TOR,2025,2025-08-08,,75.2,4.57,0.9998,56.0,open,22
2025_2025-08-09_LAD_TOR,2025,2025-08-09,,73.7,4.97,0.9869,53.0,open,22
2025_2025-08-10_LAD_TOR,2025,2025-08-10,,87.5,5.33,0.9949,38.0,open,22
2025_2025-08-15_LAD_SD,2025,2025-08-15,,69.7,4.37,0.9912,66.7,open,22
2025_2025-08-16_LAD_SD,2025,2025-08-16,,71.8,5.13,0.9598,63.3,open,22
2025_2025-08-17_LAD_SD,2025,2025-08-17,,83.63,7.1,0.9646,43.0,open,22
2025_2025-08-25_LAD_CIN,2025,2025-08-25,,76.57,4.3,0.9759,56.0,open,22
2025_2025-08-26_LAD_CIN,2025,2025-08-26,,71.57,4.1,0.9455,64.0,open,22
2025_2025-08-27_LAD_CIN,2025,2025-08-27,,81.53,5.87,0.9969,35.7,open,22
2025_2025-09-08_LAD_COL,2025,2025-09-08,,71.07,3.7,0.9938,64.7,open,22
2025_2025-09-09_LAD_COL,2025,2025-09-09,,70.47,4.1,0.9993,68.7,open,22
2025_2025-09-10_LAD_COL,2025,2025-09-10,,69.93,3.63,0.988,64.7,open,22
2025_2025-09-15_LAD_PHI,2025,2025-09-15,,75.23,3.43,0.9641,61.0,open,22
2025_2025-09-16_LAD_PHI,2025,2025-09-16,,78.13,3.5,0.9839,50.3,open,22
2025_2025-09-17_LAD_PHI,2025,2025-09-17,,70.83,4.07,0.4863,70.7,open,22
2025_2025-09-18_LAD_SF,2025,2025-09-18,,72.0,2.03,0.5534,90.0,open,22
2025_2025-09-19_LAD_SF,2025,2025-09-19,,69.5,2.27,0.9542,86.3,open,22
2025_2025-09-20_LAD_SF,2025,2025-09-20,,70.63,3.4,0.8462,81.0,open,22
2025_2025-09-21_LAD_SF,2025,2025-09-21,,76.3,2.23,0.8348,67.0,open,22
2025_2025-09-30_LAD_CIN,2025,2025-09-30,,69.33,4.73,0.8902,60.0,open,22
2025_2025-10-01_LAD_CIN,2025,2025-10-01,,69.03,4.47,0.9923,72.0,open,22
2025_2025-10-08_LAD_PHI,2025,2025-10-08,,66.33,4.23,0.8434,69.0,open,22
2025_2025-10-09_LAD_PHI,2025,2025-10-09,,82.43,4.63,0.8771,31.7,open,22
2025_2025-10-16_LAD_MIL,2025,2025-10-16,,71.23,2.37,0.8221,51.0,open,22
2025_2025-10-17_LAD_MIL,2025,2025-10-17,,69.33,1.5,0.2689,53.3,open,22
2025_2025-10-27_LAD_TOR,2025,2025-10-27,,65.03,3.23,-0.2823,75.7,open,22
2025_2025-10-28_LAD_TOR,2025,2025-10-28,,80.8,2.27,0.5299,46.0,open,22
2025_2025-10-29_LAD_TOR,2025,2025-10-29,,80.67,3.27,0.7466,27.3,open,22
2025_2025-05-13_LAD_OAK,2025,2025-05-13,,62.43,4.93,0.9483,53.7,open,22
2025_2025-05-14_LAD_OAK,2025,2025-05-14,,64.27,4.23,0.9143,52.0,open,22
2025_2025-05-15_LAD_OAK,2025,2025-05-15,,63.0,4.6,0.9942,66.0,open,22
2025_2025-04-28_LAD_MIA,2025,2025-04-28,,59.9,3.9,0.7278,61.7,open,22
2025_2025-04-30_LAD_MIA,2025,2025-04-30,,72.67,3.67,0.9092,42.0,open,22
2025_2025-05-30_LAD_NYY,2025,2025-05-30,,74.07,5.13,0.9905,54.0,open,22
2025_2025-05-31_LAD_NYY,2025,2025-05-31,,83.47,6.97,0.95,38.0,open,22
2025_2025-06-01_LAD_NYY,2025,2025-06-01,,76.33,8.1,0.9449,45.3,open,22
2025_2025-06-02_LAD_NYM,2025,2025-06-02,,65.2,5.0,0.9877,67.7,open,22
2025_2025-06-03_LAD_NYM,2025,2025-06-03,,62.4,4.3,0.9763,82.0,open,22
2025_2025-06-04_LAD_NYM,2025,2025-06-04,,62.3,4.73,0.9107,79.7,open,22
2025_2025-06-05_LAD_NYM,2025,2025-06-05,,72.27,6.6,0.9342,56.3,open,22
2025_2025-04-29_LAD_MIA,2025,2025-04-29,,60.97,3.87,0.9985,70.3,open,22
2025_2025-08-29_LAD_ARI,2025,2025-08-29,,76.07,4.13,0.9999,39.7,open,22
2025_2025-08-30_LAD_ARI,2025,2025-08-30,,81.63,4.93,0.9573,37.7,open,22
2025_2025-08-31_LAD_ARI,2025,2025-08-31,,94.73,5.53,0.9478,28.0,open,22
2025_2025-03-29_LAD_DET,2025,2025-03-29,,59.53,5.47,0.8704,64.0,open,22
2025_2025-03-31_LAD_ATL,2025,2025-03-31,,56.47,3.63,0.9409,88.7,open,22
2025_2025-06-03_PIT_HOU,2025,2025-06-03,,75.03,5.27,-0.5934,50.3,open,31
2025_2025-06-04_PIT_HOU,2025,2025-06-04,,81.03,6.4,-0.314,54.7,open,31
2025_2025-06-05_PIT_HOU,2025,2025-06-05,,71.8,2.87,-0.2198,89.0,open,31
2025_2025-06-20_PIT_TEX,2025,2025-06-20,,70.87,5.1,0.9128,82.7,open,31
2025_2025-06-21_PIT_TEX,2025,2025-06-21,,84.97,7.37,0.1599,52.0,open,31
2025_2025-06-22_PIT_TEX,2025,2025-06-22,,89.27,7.27,0.8039,59.0,open,31
2025_2025-09-02_PIT_LAD,2025,2025-09-02,,74.43,3.17,-0.5892,32.0,open,31
2025_2025-09-03_PIT_LAD,2025,2025-09-03,,71.0,5.13,0.2045,61.7,open,31
2025_2025-09-04_PIT_LAD,2025,2025-09-04,,64.53,3.83,-0.0854,85.7,open,31
2025_2025-05-02_PIT_SD,2025,2025-05-02,,64.0,7.07,0.6534,87.3,open,31
2025_2025-05-03_PIT_SD,2025,2025-05-03,,66.47,5.7,0.1977,79.7,open,31
2025_2025-05-04_PIT_SD,2025,2025-05-04,,67.07,3.57,0.5976,69.0,open,31
2025_2025-08-04_PIT_SF,2025,2025-08-04,,81.0,5.33,-0.986,35.7,open,31
2025_2025-08-05_PIT_SF,2025,2025-08-05,,80.07,6.77,-0.712,45.0,open,31
2025_2025-08-06_PIT_SF,2025,2025-08-06,,80.5,7.2,-0.9968,39.7,open,31
2025_2025-04-29_PIT_CHC,2025,2025-04-29,,71.37,12.53,0.5417,71.7,open,31
2025_2025-04-30_PIT_CHC,2025,2025-04-30,,65.53,2.9,0.2773,50.3,open,31
2025_2025-05-01_PIT_CHC,2025,2025-05-01,,77.3,7.93,-0.6401,58.7,open,31
2025_2025-09-15_PIT_CHC,2025,2025-09-15,,79.33,5.0,-0.6252,38.7,open,31
2025_2025-09-16_PIT_CHC,2025,2025-09-16,,76.93,3.47,-0.7859,40.0,open,31
2025_2025-09-17_PIT_CHC,2025,2025-09-17,,78.47,2.93,-0.2504,40.7,open,31
2025_2025-05-19_PIT_CIN,2025,2025-05-19,,60.7,8.5,0.6441,55.3,open,31
2025_2025-05-20_PIT_CIN,2025,2025-05-20,,61.57,5.37,-0.6756,57.7,open,31
2025_2025-05-21_PIT_CIN,2025,2025-05-21,,70.37,6.27,-0.1149,67.3,open,31
2025_2025-08-07_PIT_CIN,2025,2025-08-07,,80.93,8.07,-0.9483,41.0,open,31
2025_2025-08-08_PIT_CIN,2025,2025-08-08,,82.1,6.13,-0.9934,44.0,open,31
2025_2025-08-09_PIT_CIN,2025,2025-08-09,,84.6,5.3,-0.999,35.7,open,31
2025_2025-08-10_PIT_CIN,2025,2025-08-10,,88.13,3.23,-0.6717,38.0,open,31
2025_2025-04-04_PIT_NYY,2025,2025-04-04,,59.5,3.17,-0.9367,57.3,open,31
2025_2025-04-05_PIT_NYY,2025,2025-04-05,,64.4,5.83,0.8862,92.3,open,31
2025_2025-04-06_PIT_NYY,2025,2025-04-06,,40.63,6.17,0.5255,68.3,open,31
2025_2025-04-07_PIT_STL,2025,2025-04-07,,51.57,10.3,0.9521,45.7,open,31
2025_2025-04-08_PIT_STL,2025,2025-04-08,,34.33,9.33,0.9646,47.7,open,31
2025_2025-04-09_PIT_STL,2025,2025-04-09,,42.77,3.97,0.4384,44.0,open,31
2025_2025-04-14_PIT_WSH,2025,2025-04-14,,68.3,9.17,0.6428,63.3,open,31
2025_2025-04-15_PIT_WSH,2025,2025-04-15,,43.4,14.93,0.9928,68.3,open,31
2025_2025-04-16_PIT_WSH,2025,2025-04-16,,44.5,10.23,0.9342,55.3,open,31
2025_2025-04-17_PIT_WSH,2025,2025-04-17,,53.13,3.57,0.2385,44.7,open,31
2025_2025-04-18_PIT_CLE,2025,2025-04-18,,73.13,10.73,0.0958,45.0,open,31
2025_2025-04-19_PIT_CLE,2025,2025-04-19,,75.33,12.57,0.8161,60.0,open,31
2025_2025-04-20_PIT_CLE,2025,2025-04-20,,61.73,3.77,-0.3891,42.0,open,31
2025_2025-05-09_PIT_ATL,2025,2025-05-09,,54.63,9.07,0.7547,46.7,open,31
2025_2025-05-10_PIT_ATL,2025,2025-05-10,,70.83,5.97,0.9232,35.3,open,31
2025_2025-05-11_PIT_ATL,2025,2025-05-11,,73.33,4.4,-0.1547,44.3,open,31
2025_2025-05-22_PIT_MIL,2025,2025-05-22,,51.17,11.1,0.9673,90.7,open,31
2025_2025-05-23_PIT_MIL,2025,2025-05-23,,53.57,10.67,0.9993,60.0,open,31
2025_2025-05-24_PIT_MIL,2025,2025-05-24,,60.17,10.7,0.9952,48.0,open,31
2025_2025-05-25_PIT_MIL,2025,2025-05-25,,62.17,8.07,0.9947,46.7,open,31
2025_2025-06-06_PIT_PHI,2025,2025-06-06,,69.63,3.23,0.9999,88.3,open,31
2025_2025-06-07_PIT_PHI,2025,2025-06-07,,77.0,6.37,0.3057,51.0,open,31
2025_2025-06-08_PIT_PHI,2025,2025-06-08,,70.2,8.9,-0.6871,86.7,open,31
2025_2025-06-09_PIT_MIA,2025,2025-06-09,,68.33,4.43,-0.1495,92.0,open,31
2025_2025-06-10_PIT_MIA,2025,2025-06-10,,70.07,7.0,0.9928,54.0,open,31
2025_2025-06-11_PIT_MIA,2025,2025-06-11,,76.43,7.53,0.3891,49.7,open,31
2025_2025-06-27_PIT_NYM,2025,2025-06-27,,75.97,7.0,-0.6717,87.7,open,31
2025_2025-06-28_PIT_NYM,2025,2025-06-28,,82.0,6.27,0.9936,71.3,open,31
2025_2025-06-29_PIT_NYM,2025,2025-06-29,,84.93,4.0,0.9354,54.7,open,31
2025_2025-06-30_PIT_STL,2025,2025-06-30,,77.77,6.77,0.1253,79.7,open,31
2025_2025-07-01_PIT_STL,2025,2025-07-01,,75.17,3.3,0.9767,80.3,open,31
2025_2025-07-02_PIT_STL,2025,2025-07-02,,80.0,3.7,0.807,55.3,open,31
2025_2025-07-18_PIT_CWS,2025,2025-07-18,,78.17,1.47,-0.766,68.7,open,31
2025_2025-07-19_PIT_CWS,2025,2025-07-19,,83.57,2.93,0.8171,57.7,open,31
2025_2025-07-20_PIT_CWS,2025,2025-07-20,,81.97,9.83,0.9851,65.7,open,31
2025_2025-07-21_PIT_DET,2025,2025-07-21,,77.37,5.87,0.527,49.3,open,31
2025_2025-07-22_PIT_DET,2025,2025-07-22,,78.37,3.63,0.0523,39.0,open,31
2025_2025-07-23_PIT_DET,2025,2025-07-23,,85.37,3.13,-0.7169,44.0,open,31
2025_2025-08-18_PIT_TOR,2025,2025-08-18,,79.63,4.07,-0.1132,39.3,open,31
2025_2025-08-19_PIT_TOR,2025,2025-08-19,,84.87,9.17,-0.9636,48.0,open,31
2025_2025-08-20_PIT_TOR,2025,2025-08-20,,79.4,5.5,0.9157,68.3,open,31
2025_2025-08-22_PIT_COL,2025,2025-08-22,,79.53,3.87,-0.6561,50.7,open,31
2025_2025-08-23_PIT_COL,2025,2025-08-23,,83.33,7.1,0.4384,43.7,open,31
2025_2025-08-24_PIT_COL,2025,2025-08-24,,80.9,7.13,0.8261,48.0,open,31
2025_2025-09-05_PIT_MIL,2025,2025-09-05,,72.8,6.83,0.4509,74.3,open,31
2025_2025-09-06_PIT_MIL,2025,2025-09-06,,63.5,6.5,0.373,66.0,open,31
2025_2025-09-07_PIT_MIL,2025,2025-09-07,,66.33,7.83,0.9925,41.0,open,31
2025_2025-09-19_PIT_OAK,2025,2025-09-19,,78.27,5.47,0.4399,52.3,open,31
2025_2025-09-20_PIT_OAK,2025,2025-09-20,,74.0,3.83,-0.8161,66.7,open,31
2025_2025-09-21_PIT_OAK,2025,2025-09-21,,78.53,8.23,-0.8161,57.7,open,31
2025_2025-07-25_PIT_ARI,2025,2025-07-25,,80.9,1.9,0.606,74.0,open,31
2025_2025-07-26_PIT_ARI,2025,2025-07-26,,80.57,5.07,0.9912,72.7,open,31
2025_2025-07-27_PIT_ARI,2025,2025-07-27,,82.23,6.9,0.8151,72.0,open,31
2025_2025-09-16_MIL_LAA,2025,2025-09-16,,69.97,3.67,-0.9973,70.7,retractable_open,32
2025_2025-09-17_MIL_LAA,2025,2025-09-17,,74.97,5.23,-0.9636,52.3,retractable_open,32
2025_2025-09-18_MIL_LAA,2025,2025-09-18,,69.47,6.47,-0.2823,75.7,retractable_open,32
2025_2025-05-05_MIL_HOU,2025,2025-05-05,,72.0,0.0,0.0,50.0,closed,32
2025_2025-05-06_MIL_HOU,2025,2025-05-06,,62.8,4.73,-0.9298,76.7,retractable_open,32
2025_2025-05-07_MIL_HOU,2025,2025-05-07,,72.0,0.0,0.0,50.0,closed,32
2025_2025-05-26_MIL_BOS,2025,2025-05-26,,57.73,8.3,-0.2267,64.3,retractable_open,32
2025_2025-05-27_MIL_BOS,2025,2025-05-27,,72.0,0.0,0.0,50.0,closed,32
2025_2025-05-28_MIL_BOS,2025,2025-05-28,,72.0,0.0,0.0,50.0,closed,32
2025_2025-08-25_MIL_ARI,2025,2025-08-25,,65.13,8.43,0.9999,43.7,retractable_open,32
2025_2025-08-26_MIL_ARI,2025,2025-08-26,,67.13,6.0,0.9999,43.3,retractable_open,32
2025_2025-08-27_MIL_ARI,2025,2025-08-27,,71.3,8.9,0.4446,47.7,retractable_open,32
2025_2025-07-07_MIL_LAD,2025,2025-07-07,,67.73,5.5,-0.7254,77.7,retractable_open,32
2025_2025-07-08_MIL_LAD,2025,2025-07-08,,76.63,4.9,-0.0279,76.3,retractable_open,32
2025_2025-07-09_MIL_LAD,2025,2025-07-09,,71.1,7.43,-0.3156,79.3,retractable_open,32
2025_2025-06-06_MIL_SD,2025,2025-06-06,,60.77,5.5,0.1822,62.7,retractable_open,32
2025_2025-06-07_MIL_SD,2025,2025-06-07,,62.77,4.87,-0.3987,67.3,retractable_open,32
2025_2025-06-08_MIL_SD,2025,2025-06-08,,76.13,10.77,-0.4242,48.7,retractable_open,32
2025_2025-08-22_MIL_SF,2025,2025-08-22,,73.23,5.03,0.2706,72.7,retractable_open,32
2025_2025-08-23_MIL_SF,2025,2025-08-23,,69.33,9.43,0.9974,58.3,retractable_open,32
2025_2025-08-24_MIL_SF,2025,2025-08-24,,69.57,12.7,0.9632,48.3,retractable_open,32
2025_2025-05-02_MIL_CHC,2025,2025-05-02,,72.0,0.0,0.0,50.0,closed,32
2025_2025-05-03_MIL_CHC,2025,2025-05-03,,72.0,0.0,0.0,50.0,closed,32
2025_2025-05-04_MIL_CHC,2025,2025-05-04,,72.0,0.0,0.0,50.0,closed,32
2025_2025-07-28_MIL_CHC,2025,2025-07-28,,80.93,6.03,-0.1357,67.0,retractable_open,32
2025_2025-07-29_MIL_CHC,2025,2025-07-29,,86.37,1.53,-0.6691,53.0,retractable_open,32
2025_2025-07-30_MIL_CHC,2025,2025-07-30,,72.0,0.0,0.0,50.0,closed,32
2025_2025-04-03_MIL_CIN,2025,2025-04-03,,72.0,0.0,0.0,50.0,closed,32
2025_2025-04-04_MIL_CIN,2025,2025-04-04,,72.0,0.0,0.0,50.0,closed,32
2025_2025-04-05_MIL_CIN,2025,2025-04-05,,72.0,0.0,0.0,50.0,closed,32
2025_2025-04-06_MIL_CIN,2025,2025-04-06,,72.0,0.0,0.0,50.0,closed,32
2025_2025-09-26_MIL_CIN,2025,2025-09-26,,72.0,0.0,0.0,50.0,closed,32
2025_2025-09-27_MIL_CIN,2025,2025-09-27,,74.27,5.7,0.512,57.0,retractable_open,32
2025_2025-06-23_MIL_PIT,2025,2025-06-23,,86.37,9.4,0.7771,56.3,retractable_open,32
2025_2025-06-24_MIL_PIT,2025,2025-06-24,,72.0,0.0,0.0,50.0,closed,32
2025_2025-06-25_MIL_PIT,2025,2025-06-25,,72.0,6.3,-0.3074,69.7,retractable_open,32
2025_2025-08-11_MIL_PIT,2025,2025-08-11,,80.77,4.43,0.5015,68.0,retractable_open,32
2025_2025-08-12_MIL_PIT,2025,2025-08-12,,73.73,6.83,0.2656,87.0,retractable_open,32
2025_2025-08-13_MIL_PIT,2025,2025-08-13,,76.17,6.83,-0.4147,66.3,retractable_open,32
2025_2025-03-31_MIL_KC,2025,2025-03-31,,72.0,0.0,0.0,50.0,closed,32
2025_2025-04-01_MIL_KC,2025,2025-04-01,,72.0,0.0,0.0,50.0,closed,32
2025_2025-04-02_MIL_KC,2025,2025-04-02,,72.0,0.0,0.0,50.0,closed,32
2025_2025-04-14_MIL_DET,2025,2025-04-14,,72.0,0.0,0.0,50.0,closed,32
2025_2025-04-15_MIL_DET,2025,2025-04-15,,72.0,0.0,0.0,50.0,closed,32
2025_2025-04-16_MIL_DET,2025,2025-04-16,,72.0,0.0,0.0,50.0,closed,32
2025_2025-05-16_MIL_MIN,2025,2025-05-16,,72.0,0.0,0.0,50.0,closed,32
2025_2025-05-17_MIL_MIN,2025,2025-05-17,,72.0,0.0,0.0,50.0,closed,32
2025_2025-05-18_MIL_MIN,2025,2025-05-18,,72.0,0.0,0.0,50.0,closed,32
2025_2025-05-19_MIL_BAL,2025,2025-05-19,,72.0,0.0,0.0,50.0,closed,32
2025_2025-05-20_MIL_BAL,2025,2025-05-20,,72.0,0.0,0.0,50.0,closed,32
2025_2025-05-21_MIL_BAL,2025,2025-05-21,,72.0,0.0,0.0,50.0,closed,32
2025_2025-06-09_MIL_ATL,2025,2025-06-09,,72.0,0.0,0.0,50.0,closed,32
2025_2025-06-10_MIL_ATL,2025,2025-06-10,,70.0,7.07,0.6807,55.3,retractable_open,32
2025_2025-06-11_MIL_ATL,2025,2025-06-11,,85.8,9.7,0.8018,39.0,retractable_open,32
2025_2025-06-12_MIL_STL,2025,2025-06-12,,72.0,0.0,0.0,50.0,closed,32
2025_2025-06-13_MIL_STL,2025,2025-06-13,,72.0,0.0,0.0,50.0,closed,32
2025_2025-06-14_MIL_STL,2025,2025-06-14,,69.37,6.0,-0.5015,56.0,retractable_open,32
2025_2025-06-15_MIL_STL,2025,2025-06-15,,70.53,6.37,-0.5344,54.3,retractable_open,32
2025_2025-06-27_MIL_COL,2025,2025-06-27,,76.43,9.0,0.9707,65.7,retractable_open,32
2025_2025-06-28_MIL_COL,2025,2025-06-28,,77.97,9.53,-0.9839,55.7,retractable_open,32
2025_2025-06-29_MIL_COL,2025,2025-06-29,,90.93,8.93,-0.8387,42.0,retractable_open,32
2025_2025-07-11_MIL_WSH,2025,2025-07-11,,72.0,0.0,0.0,50.0,closed,32
2025_2025-07-12_MIL_WSH,2025,2025-07-12,,80.8,10.3,0.7325,65.0,retractable_open,32
2025_2025-07-13_MIL_WSH,2025,2025-07-13,,78.87,3.43,0.3453,49.3,retractable_open,32
2025_2025-07-25_MIL_MIA,2025,2025-07-25,,78.4,7.67,-0.319,52.3,retractable_open,32
2025_2025-07-26_MIL_MIA,2025,2025-07-26,,80.63,5.43,0.068,76.0,retractable_open,32
2025_2025-07-27_MIL_MIA,2025,2025-07-27,,84.43,6.9,-0.9971,62.7,retractable_open,32
2025_2025-08-08_MIL_NYM,2025,2025-08-08,,84.8,9.3,-0.831,58.3,retractable_open,32
2025_2025-08-09_MIL_NYM,2025,2025-08-09,,72.0,0.0,0.0,50.0,closed,32
2025_2025-08-10_MIL_NYM,2025,2025-08-10,,72.0,0.0,0.0,50.0,closed,32
2025_2025-09-01_MIL_PHI,2025,2025-09-01,,72.07,6.5,-0.6374,55.7,retractable_open,32
2025_2025-09-03_MIL_PHI,2025,2025-09-03,,72.0,0.0,0.0,50.0,closed,32
2025_2025-09-04_MIL_PHI,2025,2025-09-04,,63.7,12.9,0.454,35.3,retractable_open,32
2025_2025-09-12_MIL_STL,2025,2025-09-12,,68.17,5.67,-0.9951,75.3,retractable_open,32
2025_2025-09-13_MIL_STL,2025,2025-09-13,,65.3,4.33,-0.9391,90.3,retractable_open,32
2025_2025-09-14_MIL_STL,2025,2025-09-14,,72.8,6.73,-0.788,70.3,retractable_open,32
2025_2025-09-28_MIL_CIN,2025,2025-09-28,,69.07,5.7,-0.7133,57.0,retractable_open,32
2025_2025-10-04_MIL_CHC,2025,2025-10-04,,84.73,10.73,-0.2011,41.7,retractable_open,32
2025_2025-10-06_MIL_CHC,2025,2025-10-06,,72.0,0.0,0.0,50.0,closed,32
2025_2025-10-11_MIL_CHC,2025,2025-10-11,,72.0,0.0,0.0,50.0,closed,32
2025_2025-10-13_MIL_LAD,2025,2025-10-13,,72.0,0.0,0.0,50.0,closed,32
2025_2025-10-14_MIL_LAD,2025,2025-10-14,,72.0,0.0,0.0,50.0,closed,32
2025_2025-04-18_MIL_OAK,2025,2025-04-18,,72.0,0.0,0.0,50.0,closed,32
2025_2025-04-19_MIL_OAK,2025,2025-04-19,,72.0,0.0,0.0,50.0,closed,32
2025_2025-04-20_MIL_OAK,2025,2025-04-20,,72.0,0.0,0.0,50.0,closed,32
2025_2025-08-28_MIL_ARI,2025,2025-08-28,,70.63,9.17,-0.0889,62.0,retractable_open,32
2025_2025-04-29_SEA_LAA,2025,2025-04-29,,72.0,0.0,0.0,50.0,closed,680
2025_2025-04-30_SEA_LAA,2025,2025-04-30,,56.63,4.57,-0.2689,61.0,retractable_open,680
2025_2025-09-11_SEA_LAA,2025,2025-09-11,,66.17,5.87,0.9655,75.0,retractable_open,680
2025_2025-09-12_SEA_LAA,2025,2025-09-12,,66.0,0.37,-0.1582,75.7,retractable_open,680
2025_2025-09-13_SEA_LAA,2025,2025-09-13,,71.47,8.07,0.9259,54.3,retractable_open,680
2025_2025-09-14_SEA_LAA,2025,2025-09-14,,67.07,8.83,0.9703,63.7,retractable_open,680
2025_2025-04-07_SEA_HOU,2025,2025-04-07,,72.0,0.0,0.0,50.0,closed,680
2025_2025-04-08_SEA_HOU,2025,2025-04-08,,72.0,0.0,0.0,50.0,closed,680
2025_2025-04-09_SEA_HOU,2025,2025-04-09,,56.83,1.37,0.1392,53.3,retractable_open,680
2025_2025-07-18_SEA_HOU,2025,2025-07-18,,70.03,2.8,0.4321,55.7,retractable_open,680
2025_2025-07-19_SEA_HOU,2025,2025-07-19,,68.93,4.8,-0.2672,54.0,retractable_open,680
2025_2025-07-20_SEA_HOU,2025,2025-07-20,,68.93,4.83,0.8838,47.3,retractable_open,680
2025_2025-03-31_SEA_DET,2025,2025-03-31,,72.0,0.0,0.0,50.0,closed,680
2025_2025-04-01_SEA_DET,2025,2025-04-01,,72.0,0.0,0.0,50.0,closed,680
2025_2025-04-02_SEA_DET,2025,2025-04-02,,72.0,0.0,0.0,50.0,closed,680
2025_2025-04-11_SEA_TEX,2025,2025-04-11,,49.83,6.83,-0.4524,66.0,retractable_open,680
2025_2025-04-12_SEA_TEX,2025,2025-04-12,,50.7,8.37,-0.8425,58.7,retractable_open,680
2025_2025-04-13_SEA_TEX,2025,2025-04-13,,55.3,8.07,-0.549,53.0,retractable_open,680
2025_2025-04-25_SEA_MIA,2025,2025-04-25,,62.5,9.5,-0.6665,47.7,retractable_open,680
2025_2025-04-26_SEA_MIA,2025,2025-04-26,,62.8,2.33,-0.9963,60.0,retractable_open,680
2025_2025-04-27_SEA_MIA,2025,2025-04-27,,57.47,4.07,0.6947,60.3,retractable_open,680
2025_2025-05-09_SEA_TOR,2025,2025-05-09,,62.57,8.8,-0.5962,39.0,retractable_open,680
2025_2025-05-10_SEA_TOR,2025,2025-05-10,,61.43,8.63,0.7976,42.3,retractable_open,680
2025_2025-05-11_SEA_TOR,2025,2025-05-11,,58.43,6.6,0.1719,57.7,retractable_open,680
2025_2025-05-12_SEA_NYY,2025,2025-05-12,,62.8,3.6,-0.279,41.0,retractable_open,680
2025_2025-05-13_SEA_NYY,2025,2025-05-13,,59.27,8.8,0.9232,64.0,retractable_open,680
2025_2025-05-14_SEA_NYY,2025,2025-05-14,,72.0,0.0,0.0,50.0,closed,680
2025_2025-05-27_SEA_WSH,2025,2025-05-27,,67.17,8.8,-0.549,43.7,retractable_open,680
2025_2025-05-28_SEA_WSH,2025,2025-05-28,,75.1,11.47,0.9078,41.3,retractable_open,680
2025_2025-05-29_SEA_WSH,2025,2025-05-29,,61.23,8.03,-0.9379,55.3,retractable_open,680
2025_2025-05-30_SEA_MIN,2025,2025-05-30,,65.53,8.13,-0.6115,45.7,retractable_open,680
2025_2025-05-31_SEA_MIN,2025,2025-05-31,,72.0,0.0,0.0,50.0,closed,680
2025_2025-06-01_SEA_MIN,2025,2025-06-01,,61.77,6.63,-0.4879,50.3,retractable_open,680
2025_2025-06-03_SEA_BAL,2025,2025-06-03,,72.1,6.17,-0.8616,31.0,retractable_open,680
2025_2025-06-04_SEA_BAL,2025,2025-06-04,,68.5,2.47,-0.1495,51.7,retractable_open,680
2025_2025-06-05_SEA_BAL,2025,2025-06-05,,69.7,6.87,-0.5075,51.3,retractable_open,680
2025_2025-06-13_SEA_CLE,2025,2025-06-13,,61.43,5.93,0.9996,53.7,retractable_open,680
2025_2025-06-14_SEA_CLE,2025,2025-06-14,,66.03,4.63,-0.4726,42.7,retractable_open,680
2025_2025-06-15_SEA_CLE,2025,2025-06-15,,68.13,4.73,-0.0872,44.0,retractable_open,680
2025_2025-06-16_SEA_BOS,2025,2025-06-16,,68.77,8.93,-0.5835,41.7,retractable_open,680
2025_2025-06-17_SEA_BOS,2025,2025-06-17,,72.4,8.1,0.988,41.7,retractable_open,680
2025_2025-06-18_SEA_BOS,2025,2025-06-18,,68.47,14.1,0.9816,44.3,retractable_open,680
2025_2025-06-30_SEA_KC,2025,2025-06-30,,78.57,9.4,-0.7727,41.0,retractable_open,680
2025_2025-07-01_SEA_KC,2025,2025-07-01,,76.4,9.2,-0.9548,46.3,retractable_open,680
2025_2025-07-02_SEA_KC,2025,2025-07-02,,68.13,10.07,-0.7218,53.3,retractable_open,680
2025_2025-07-03_SEA_KC,2025,2025-07-03,,65.6,8.6,-0.6921,51.0,retractable_open,680
2025_2025-07-04_SEA_PIT,2025,2025-07-04,,72.57,1.2,-0.9489,39.0,retractable_open,680
2025_2025-07-05_SEA_PIT,2025,2025-07-05,,67.3,9.33,-0.6845,53.0,retractable_open,680
2025_2025-07-06_SEA_PIT,2025,2025-07-06,,75.07,7.57,-0.4384,36.0,retractable_open,680
2025_2025-07-21_SEA_MIL,2025,2025-07-21,,78.5,4.27,0.9114,41.7,retractable_open,680
2025_2025-07-22_SEA_MIL,2025,2025-07-22,,77.47,3.07,-0.829,44.7,retractable_open,680
2025_2025-07-23_SEA_MIL,2025,2025-07-23,,75.3,1.83,0.8059,51.3,retractable_open,680
2025_2025-07-31_SEA_TEX,2025,2025-07-31,,78.3,3.87,-0.7955,44.3,retractable_open,680
2025_2025-08-01_SEA_TEX,2025,2025-08-01,,76.77,6.37,-0.6678,46.7,retractable_open,680
2025_2025-08-02_SEA_TEX,2025,2025-08-02,,72.13,2.2,1.0,58.3,retractable_open,680
2025_2025-08-03_SEA_TEX,2025,2025-08-03,,70.3,3.87,0.9397,48.3,retractable_open,680
2025_2025-08-05_SEA_CWS,2025,2025-08-05,,74.0,8.3,1.0,47.7,retractable_open,680
2025_2025-08-06_SEA_CWS,2025,2025-08-06,,70.57,9.5,0.9164,68.0,retractable_open,680
2025_2025-08-07_SEA_CWS,2025,2025-08-07,,66.37,4.1,0.3923,60.7,retractable_open,680
2025_2025-08-08_SEA_TB,2025,2025-08-08,,69.8,6.73,-0.6833,55.3,retractable_open,680
2025_2025-08-09_SEA_TB,2025,2025-08-09,,74.4,7.3,-0.606,48.7,retractable_open,680
2025_2025-08-10_SEA_TB,2025,2025-08-10,,79.13,10.13,-0.5934,51.0,retractable_open,680
2025_2025-08-25_SEA_SD,2025,2025-08-25,,82.63,6.13,-0.6032,33.3,retractable_open,680
2025_2025-08-26_SEA_SD,2025,2025-08-26,,81.17,5.13,-0.3859,38.7,retractable_open,680
2025_2025-08-27_SEA_SD,2025,2025-08-27,,79.27,8.03,0.7859,46.3,retractable_open,680
2025_2025-09-08_SEA_STL,2025,2025-09-08,,68.33,5.23,-0.5195,65.3,retractable_open,680
2025_2025-09-09_SEA_STL,2025,2025-09-09,,67.9,3.93,-0.2233,68.3,retractable_open,680
2025_2025-09-10_SEA_STL,2025,2025-09-10,,69.13,3.27,-0.2756,63.3,retractable_open,680
2025_2025-09-23_SEA_COL,2025,2025-09-23,,64.07,7.37,-0.7133,60.7,retractable_open,680
2025_2025-09-24_SEA_COL,2025,2025-09-24,,63.7,6.6,-0.7009,65.7,retractable_open,680
2025_2025-09-25_SEA_COL,2025,2025-09-25,,59.83,4.53,-0.9983,69.7,retractable_open,680
2025_2025-09-26_SEA_LAD,2025,2025-09-26,,65.23,4.57,0.66,62.0,retractable_open,680
2025_2025-09-27_SEA_LAD,2025,2025-09-27,,66.17,8.47,-0.6441,61.0,retractable_open,680
2025_2025-09-28_SEA_LAD,2025,2025-09-28,,68.43,6.8,0.7254,58.0,retractable_open,680
2025_2025-10-04_SEA_DET,2025,2025-10-04,,58.93,5.43,-0.5165,79.7,retractable_open,680
2025_2025-10-05_SEA_DET,2025,2025-10-05,,58.07,7.63,-0.6921,63.3,retractable_open,680
2025_2025-10-10_SEA_DET,2025,2025-10-10,,72.0,0.0,0.0,50.0,closed,680
2025_2025-10-15_SEA_TOR,2025,2025-10-15,,54.4,1.17,0.7314,70.0,retractable_open,680
2025_2025-10-16_SEA_TOR,2025,2025-10-16,,55.63,2.33,-0.7524,76.3,retractable_open,680
2025_2025-10-17_SEA_TOR,2025,2025-10-17,,72.0,0.0,0.0,50.0,closed,680
2025_2025-03-27_SEA_OAK,2025,2025-03-27,,72.0,0.0,0.0,50.0,closed,680
2025_2025-03-28_SEA_OAK,2025,2025-03-28,,72.0,0.0,0.0,50.0,closed,680
2025_2025-03-29_SEA_OAK,2025,2025-03-29,,52.17,1.33,-0.2113,65.0,retractable_open,680
2025_2025-03-30_SEA_OAK,2025,2025-03-30,,61.8,9.6,-0.7965,37.7,retractable_open,680
2025_2025-08-22_SEA_OAK,2025,2025-08-22,,74.73,8.23,-0.7513,44.3,retractable_open,680
2025_2025-08-23_SEA_OAK,2025,2025-08-23,,80.53,7.2,-0.7108,34.3,retractable_open,680
2025_2025-08-24_SEA_OAK,2025,2025-08-24,,83.3,5.27,-0.279,38.7,retractable_open,680
2025_2025-08-29_HOU_LAA,2025,2025-08-29,,72.0,0.0,0.0,50.0,closed,2392
2025_2025-08-30_HOU_LAA,2025,2025-08-30,,72.0,0.0,0.0,50.0,closed,2392
2025_2025-08-31_HOU_LAA,2025,2025-08-31,,72.0,0.0,0.0,50.0,closed,2392
2025_2025-09-01_HOU_LAA,2025,2025-09-01,,72.0,0.0,0.0,50.0,closed,2392
2025_2025-03-27_HOU_NYM,2025,2025-03-27,,72.0,0.0,0.0,50.0,closed,2392
2025_2025-03-28_HOU_NYM,2025,2025-03-28,,72.0,0.0,0.0,50.0,closed,2392
2025_2025-03-29_HOU_NYM,2025,2025-03-29,,72.0,0.0,0.0,50.0,closed,2392
2025_2025-03-31_HOU_SF,2025,2025-03-31,,72.0,0.0,0.0,50.0,closed,2392
2025_2025-04-01_HOU_SF,2025,2025-04-01,,72.0,0.0,0.0,50.0,closed,2392
2025_2025-04-02_HOU_SF,2025,2025-04-02,,72.0,0.0,0.0,50.0,closed,2392
2025_2025-04-18_HOU_SD,2025,2025-04-18,,77.83,12.23,0.9925,78.0,retractable_open,2392
2025_2025-04-19_HOU_SD,2025,2025-04-19,,72.0,0.0,0.0,50.0,closed,2392
2025_2025-04-20_HOU_SD,2025,2025-04-20,,72.0,0.0,0.0,50.0,closed,2392
2025_2025-04-21_HOU_TOR,2025,2025-04-21,,72.0,0.0,0.0,50.0,closed,2392
2025_2025-04-22_HOU_TOR,2025,2025-04-22,,72.0,0.0,0.0,50.0,closed,2392
2025_2025-04-23_HOU_TOR,2025,2025-04-23,,72.0,0.0,0.0,50.0,closed,2392
2025_2025-04-28_HOU_DET,2025,2025-04-28,,72.0,0.0,0.0,50.0,closed,2392
2025_2025-04-29_HOU_DET,2025,2025-04-29,,72.0,0.0,0.0,50.0,closed,2392
2025_2025-04-30_HOU_DET,2025,2025-04-30,,72.0,0.0,0.0,50.0,closed,2392
2025_2025-05-09_HOU_CIN,2025,2025-05-09,,72.0,0.0,0.0,50.0,closed,2392
2025_2025-05-10_HOU_CIN,2025,2025-05-10,,72.0,0.0,0.0,50.0,closed,2392
2025_2025-05-11_HOU_CIN,2025,2025-05-11,,72.0,0.0,0.0,50.0,closed,2392
2025_2025-05-12_HOU_KC,2025,2025-05-12,,72.0,0.0,0.0,50.0,closed,2392
2025_2025-05-13_HOU_KC,2025,2025-05-13,,72.0,0.0,0.0,50.0,closed,2392
2025_2025-05-14_HOU_KC,2025,2025-05-14,,72.0,0.0,0.0,50.0,closed,2392
2025_2025-05-22_HOU_SEA,2025,2025-05-22,,72.0,0.0,0.0,50.0,closed,2392
2025_2025-05-23_HOU_SEA,2025,2025-05-23,,72.0,0.0,0.0,50.0,closed,2392
2025_2025-05-24_HOU_SEA,2025,2025-05-24,,72.0,0.0,0.0,50.0,closed,2392
2025_2025-05-25_HOU_SEA,2025,2025-05-25,,72.0,0.0,0.0,50.0,closed,2392
2025_2025-05-29_HOU_TB,2025,2025-05-29,,72.0,0.0,0.0,50.0,closed,2392
2025_2025-05-30_HOU_TB,2025,2025-05-30,,72.0,0.0,0.0,50.0,closed,2392
2025_2025-05-31_HOU_TB,2025,2025-05-31,,72.0,0.0,0.0,50.0,closed,2392
2025_2025-06-01_HOU_TB,2025,2025-06-01,,72.0,0.0,0.0,50.0,closed,2392
2025_2025-06-10_HOU_CWS,2025,2025-06-10,,72.0,0.0,0.0,50.0,closed,2392
2025_2025-06-11_HOU_CWS,2025,2025-06-11,,72.0,0.0,0.0,50.0,closed,2392
2025_2025-06-12_HOU_CWS,2025,2025-06-12,,72.0,0.0,0.0,50.0,closed,2392
2025_2025-06-13_HOU_MIN,2025,2025-06-13,,72.0,0.0,0.0,50.0,closed,2392
2025_2025-06-14_HOU_MIN,2025,2025-06-14,,72.0,0.0,0.0,50.0,closed,2392
2025_2025-06-15_HOU_MIN,2025,2025-06-15,,72.0,0.0,0.0,50.0,closed,2392
2025_2025-06-24_HOU_PHI,2025,2025-06-24,,72.0,0.0,0.0,50.0,closed,2392
2025_2025-06-25_HOU_PHI,2025,2025-06-25,,72.0,0.0,0.0,50.0,closed,2392
2025_2025-06-26_HOU_PHI,2025,2025-06-26,,72.0,0.0,0.0,50.0,closed,2392
2025_2025-06-27_HOU_CHC,2025,2025-06-27,,72.0,0.0,0.0,50.0,closed,2392
2025_2025-06-28_HOU_CHC,2025,2025-06-28,,72.0,0.0,0.0,50.0,closed,2392
2025_2025-06-29_HOU_CHC,2025,2025-06-29,,72.0,0.0,0.0,50.0,closed,2392
2025_2025-07-07_HOU_CLE,2025,2025-07-07,,72.0,0.0,0.0,50.0,closed,2392
2025_2025-07-08_HOU_CLE,2025,2025-07-08,,72.0,0.0,0.0,50.0,closed,2392
2025_2025-07-09_HOU_CLE,2025,2025-07-09,,72.0,0.0,0.0,50.0,closed,2392
2025_2025-07-11_HOU_TEX,2025,2025-07-11,,72.0,0.0,0.0,50.0,closed,2392
2025_2025-07-12_HOU_TEX,2025,2025-07-12,,72.0,0.0,0.0,50.0,closed,2392
2025_2025-07-13_HOU_TEX,2025,2025-07-13,,72.0,0.0,0.0,50.0,closed,2392
2025_2025-07-28_HOU_WSH,2025,2025-07-28,,72.0,0.0,0.0,50.0,closed,2392
2025_2025-07-29_HOU_WSH,2025,2025-07-29,,72.0,0.0,0.0,50.0,closed,2392
2025_2025-07-30_HOU_WSH,2025,2025-07-30,,72.0,0.0,0.0,50.0,closed,2392
2025_2025-08-11_HOU_BOS,2025,2025-08-11,,72.0,0.0,0.0,50.0,closed,2392
2025_2025-08-12_HOU_BOS,2025,2025-08-12,,72.0,0.0,0.0,50.0,closed,2392
2025_2025-08-13_HOU_BOS,2025,2025-08-13,,72.0,0.0,0.0,50.0,closed,2392
2025_2025-08-15_HOU_BAL,2025,2025-08-15,,72.0,0.0,0.0,50.0,closed,2392
2025_2025-08-16_HOU_BAL,2025,2025-08-16,,72.0,0.0,0.0,50.0,closed,2392
2025_2025-08-17_HOU_BAL,2025,2025-08-17,,72.0,0.0,0.0,50.0,closed,2392
2025_2025-08-26_HOU_COL,2025,2025-08-26,,72.0,0.0,0.0,50.0,closed,2392
2025_2025-08-27_HOU_COL,2025,2025-08-27,,72.0,0.0,0.0,50.0,closed,2392
2025_2025-08-28_HOU_COL,2025,2025-08-28,,72.0,0.0,0.0,50.0,closed,2392
2025_2025-09-02_HOU_NYY,2025,2025-09-02,,72.0,0.0,0.0,50.0,closed,2392
2025_2025-09-03_HOU_NYY,2025,2025-09-03,,72.0,0.0,0.0,50.0,closed,2392
2025_2025-09-04_HOU_NYY,2025,2025-09-04,,72.0,0.0,0.0,50.0,closed,2392
2025_2025-09-15_HOU_TEX,2025,2025-09-15,,72.0,0.0,0.0,50.0,closed,2392
2025_2025-09-16_HOU_TEX,2025,2025-09-16,,72.0,0.0,0.0,50.0,closed,2392
2025_2025-09-17_HOU_TEX,2025,2025-09-17,,72.0,0.0,0.0,50.0,closed,2392
2025_2025-09-19_HOU_SEA,2025,2025-09-19,,72.0,0.0,0.0,50.0,closed,2392
2025_2025-09-20_HOU_SEA,2025,2025-09-20,,72.0,0.0,0.0,50.0,closed,2392
2025_2025-09-21_HOU_SEA,2025,2025-09-21,,72.0,0.0,0.0,50.0,closed,2392
2025_2025-05-27_HOU_OAK,2025,2025-05-27,,72.0,0.0,0.0,50.0,closed,2392
2025_2025-05-28_HOU_OAK,2025,2025-05-28,,72.0,0.0,0.0,50.0,closed,2392
2025_2025-07-24_HOU_OAK,2025,2025-07-24,,72.0,0.0,0.0,50.0,closed,2392
2025_2025-07-25_HOU_OAK,2025,2025-07-25,,72.0,0.0,0.0,50.0,closed,2392
2025_2025-07-26_HOU_OAK,2025,2025-07-26,,72.0,0.0,0.0,50.0,closed,2392
2025_2025-07-27_HOU_OAK,2025,2025-07-27,,72.0,0.0,0.0,50.0,closed,2392
2025_2025-04-11_HOU_LAA,2025,2025-04-11,,72.0,0.0,0.0,50.0,closed,2392
2025_2025-04-12_HOU_LAA,2025,2025-04-12,,72.0,0.0,0.0,50.0,closed,2392
2025_2025-04-13_HOU_LAA,2025,2025-04-13,,72.0,0.0,0.0,50.0,closed,2392
2025_2025-04-04_DET_CWS,2025,2025-04-04,,48.37,6.9,-0.1513,57.0,open,2394
2025_2025-04-05_DET_CWS,2025,2025-04-05,,47.33,7.97,0.9048,83.7,open,2394
2025_2025-08-08_DET_LAA,2025,2025-08-08,,82.03,5.77,-0.9317,62.3,open,2394
2025_2025-08-09_DET_LAA,2025,2025-08-09,,85.47,8.7,-0.8821,51.3,open,2394
2025_2025-08-10_DET_LAA,2025,2025-08-10,,89.67,7.4,-0.7083,45.0,open,2394
2025_2025-08-18_DET_HOU,2025,2025-08-18,,71.93,9.53,-0.682,52.3,open,2394
2025_2025-08-19_DET_HOU,2025,2025-08-19,,77.13,3.77,0.8805,82.3,open,2394
2025_2025-08-20_DET_HOU,2025,2025-08-20,,72.07,12.03,0.7083,75.3,open,2394
2025_2025-07-11_DET_SEA,2025,2025-07-11,,83.0,8.43,-0.3795,60.7,open,2394
2025_2025-07-12_DET_SEA,2025,2025-07-12,,85.7,11.1,-0.3907,59.7,open,2394
2025_2025-07-13_DET_SEA,2025,2025-07-13,,84.93,3.6,0.1478,51.0,open,2394
2025_2025-05-09_DET_TEX,2025,2025-05-09,,59.8,4.63,0.6143,44.3,open,2394
2025_2025-05-10_DET_TEX,2025,2025-05-10,,65.43,10.77,0.4321,52.7,open,2394
2025_2025-05-11_DET_TEX,2025,2025-05-11,,62.13,7.43,-0.3322,43.0,open,2394
2025_2025-05-12_DET_BOS,2025,2025-05-12,,72.53,8.23,-0.8669,47.0,open,2394
2025_2025-05-13_DET_BOS,2025,2025-05-13,,66.5,9.0,-0.4939,79.7,open,2394
2025_2025-05-14_DET_BOS,2025,2025-05-14,,72.93,7.33,-0.9997,63.7,open,2394
2025_2025-04-21_DET_SD,2025,2025-04-21,,61.3,15.5,0.4399,58.0,open,2394
2025_2025-04-22_DET_SD,2025,2025-04-22,,59.03,5.8,-0.7133,48.0,open,2394
2025_2025-04-23_DET_SD,2025,2025-04-23,,72.93,4.17,0.2147,45.3,open,2394
2025_2025-05-26_DET_SF,2025,2025-05-26,,69.0,8.23,-0.2605,34.3,open,2394
2025_2025-05-27_DET_SF,2025,2025-05-27,,66.57,11.7,-0.518,53.3,open,2394
2025_2025-05-28_DET_SF,2025,2025-05-28,,57.37,9.63,-0.2605,77.0,open,2394
2025_2025-06-06_DET_CHC,2025,2025-06-06,,67.33,8.2,0.0976,70.3,open,2394
2025_2025-06-07_DET_CHC,2025,2025-06-07,,73.5,8.4,0.0767,48.7,open,2394
2025_2025-06-08_DET_CHC,2025,2025-06-08,,69.2,6.53,-0.5015,64.7,open,2394
2025_2025-06-13_DET_CIN,2025,2025-06-13,,63.53,7.5,0.4131,78.7,open,2394
2025_2025-06-14_DET_CIN,2025,2025-06-14,,70.33,8.53,-0.1409,61.3,open,2394
2025_2025-06-15_DET_CIN,2025,2025-06-15,,74.97,8.43,0.0593,47.7,open,2394
2025_2025-06-17_DET_PIT,2025,2025-06-17,,83.9,9.27,-0.7672,56.7,open,2394
2025_2025-06-19_DET_PIT,2025,2025-06-19,,64.77,11.03,0.9593,80.7,open,2394
2025_2025-06-19_DET_PIT_2,2025,2025-06-19,,71.3,7.83,0.515,71.3,open,2394
2025_2025-09-19_DET_ATL,2025,2025-09-19,,68.1,8.27,0.3338,64.7,open,2394
2025_2025-09-20_DET_ATL,2025,2025-09-20,,71.97,9.5,-0.2723,58.3,open,2394
2025_2025-09-21_DET_ATL,2025,2025-09-21,,73.9,3.5,-0.2554,65.7,open,2394
2025_2025-09-01_DET_NYM,2025,2025-09-01,,72.7,6.53,-0.3057,52.3,open,2394
2025_2025-09-02_DET_NYM,2025,2025-09-02,,73.63,4.27,-0.9219,49.0,open,2394
2025_2025-09-03_DET_NYM,2025,2025-09-03,,79.13,12.27,-0.4802,37.3,open,2394
2025_2025-04-06_DET_CWS,2025,2025-04-06,,41.33,3.97,0.5606,44.7,open,2394
2025_2025-04-07_DET_NYY,2025,2025-04-07,,39.73,14.73,0.9938,61.7,open,2394
2025_2025-04-08_DET_NYY,2025,2025-04-08,,36.07,10.1,0.9252,44.7,open,2394
2025_2025-04-09_DET_NYY,2025,2025-04-09,,40.77,6.7,-0.7325,41.3,open,2394
2025_2025-04-17_DET_KC,2025,2025-04-17,,54.5,8.5,-1.0,52.7,open,2394
2025_2025-04-26_DET_BAL,2025,2025-04-26,,52.3,15.27,0.9972,54.3,open,2394
2025_2025-04-26_DET_BAL_2,2025,2025-04-26,,52.1,11.33,0.9063,52.3,open,2394
2025_2025-04-27_DET_BAL,2025,2025-04-27,,60.7,3.13,-0.6547,39.0,open,2394
2025_2025-05-22_DET_CLE,2025,2025-05-22,,52.4,9.7,0.9806,78.7,open,2394
2025_2025-05-23_DET_CLE,2025,2025-05-23,,53.37,9.73,0.9085,66.3,open,2394
2025_2025-05-24_DET_CLE,2025,2025-05-24,,58.8,7.97,0.9646,51.7,open,2394
2025_2025-05-25_DET_CLE,2025,2025-05-25,,62.43,8.93,0.9839,40.7,open,2394
2025_2025-06-27_DET_MIN,2025,2025-06-27,,83.9,7.93,-0.1942,63.3,open,2394
2025_2025-06-28_DET_MIN,2025,2025-06-28,,83.07,8.13,0.7071,47.3,open,2394
2025_2025-06-29_DET_MIN,2025,2025-06-29,,83.97,7.43,-0.9923,53.3,open,2394
2025_2025-07-24_DET_TOR,2025,2025-07-24,,92.2,10.6,-0.2974,45.7,open,2394
2025_2025-07-25_DET_TOR,2025,2025-07-25,,79.23,4.8,-0.2079,75.3,open,2394
2025_2025-07-26_DET_TOR,2025,2025-07-26,,81.1,6.23,-0.4003,78.0,open,2394
2025_2025-07-27_DET_TOR,2025,2025-07-27,,86.13,1.9,0.3681,57.0,open,2394
2025_2025-08-04_DET_MIN,2025,2025-08-04,,78.43,6.6,-0.4003,51.3,open,2394
2025_2025-08-05_DET_MIN,2025,2025-08-05,,79.07,8.13,-0.3778,52.0,open,2394
2025_2025-08-06_DET_MIN,2025,2025-08-06,,81.0,6.97,-0.6129,63.7,open,2394
2025_2025-08-22_DET_KC,2025,2025-08-22,,73.17,2.87,-0.9191,65.7,open,2394
2025_2025-08-23_DET_KC,2025,2025-08-23,,73.2,7.47,0.0785,75.3,open,2394
2025_2025-08-24_DET_KC,2025,2025-08-24,,74.13,9.63,0.3843,46.3,open,2394
2025_2025-09-05_DET_CWS,2025,2025-09-05,,63.6,9.9,0.549,56.7,open,2394
2025_2025-09-06_DET_CWS,2025,2025-09-06,,61.4,8.13,0.3955,56.7,open,2394
2025_2025-09-07_DET_CWS,2025,2025-09-07,,64.37,8.43,0.7059,40.0,open,2394
2025_2025-09-16_DET_CLE,2025,2025-09-16,,74.9,5.97,0.0958,61.7,open,2394
2025_2025-09-17_DET_CLE,2025,2025-09-17,,75.33,3.8,-0.7593,52.3,open,2394
2025_2025-09-18_DET_CLE,2025,2025-09-18,,84.67,1.53,0.1564,38.3,open,2394
2025_2025-10-07_DET_SEA,2025,2025-10-07,,58.07,9.3,0.9542,87.0,open,2394
2025_2025-10-08_DET_SEA,2025,2025-10-08,,59.47,7.1,0.7804,49.0,open,2394
2025_2025-06-24_DET_OAK,2025,2025-06-24,,83.03,8.63,0.9026,69.0,open,2394
2025_2025-06-25_DET_OAK,2025,2025-06-25,,73.33,7.23,0.373,84.0,open,2394
2025_2025-06-26_DET_OAK,2025,2025-06-26,,84.97,4.07,0.5534,65.0,open,2394
2025_2025-04-18_DET_KC,2025,2025-04-18,,73.83,13.13,-0.4099,61.7,open,2394
2025_2025-04-19_DET_KC,2025,2025-04-19,,61.43,9.63,0.6428,76.3,open,2394
2025_2025-04-20_DET_KC,2025,2025-04-20,,51.43,8.33,-0.2588,49.3,open,2394
2025_2025-07-07_DET_TB,2025,2025-07-07,,73.87,6.27,0.9063,72.0,open,2394
2025_2025-07-08_DET_TB,2025,2025-07-08,,79.07,6.2,-0.8161,59.7,open,2394
2025_2025-07-09_DET_TB,2025,2025-07-09,,73.13,2.03,0.2554,83.0,open,2394
2025_2025-07-28_DET_ARI,2025,2025-07-28,,80.57,2.67,-0.2538,79.7,open,2394
2025_2025-07-29_DET_ARI,2025,2025-07-29,,87.5,1.9,0.8942,57.7,open,2394
2025_2025-07-30_DET_ARI,2025,2025-07-30,,84.27,6.37,-0.1547,59.7,open,2394
2025_2025-04-04_SF_SEA,2025,2025-04-04,,63.53,7.47,0.989,53.7,open,2395
2025_2025-04-05_SF_SEA,2025,2025-04-05,,58.4,7.47,0.9694,68.0,open,2395
2025_2025-04-06_SF_SEA,2025,2025-04-06,,62.53,8.63,0.9869,39.3,open,2395
2025_2025-04-25_SF_TEX,2025,2025-04-25,,52.9,5.4,0.999,69.7,open,2395
2025_2025-04-26_SF_TEX,2025,2025-04-26,,56.67,10.47,0.9987,61.0,open,2395
2025_2025-04-27_SF_TEX,2025,2025-04-27,,58.63,9.27,0.9934,65.0,open,2395
2025_2025-06-20_SF_BOS,2025,2025-06-20,,57.87,12.13,0.9789,69.0,open,2395
2025_2025-06-21_SF_BOS,2025,2025-06-21,,67.87,14.53,0.9854,47.0,open,2395
2025_2025-06-22_SF_BOS,2025,2025-06-22,,68.6,11.77,0.9962,42.7,open,2395
2025_2025-08-15_SF_TB,2025,2025-08-15,,63.63,10.63,0.999,82.0,open,2395
2025_2025-08-16_SF_TB,2025,2025-08-16,,62.1,12.47,0.9018,91.7,open,2395
2025_2025-05-12_SF_ARI,2025,2025-05-12,,56.07,12.3,0.9882,74.0,open,2395
2025_2025-05-13_SF_ARI,2025,2025-05-13,,60.3,8.63,0.9905,65.0,open,2395
2025_2025-05-14_SF_ARI,2025,2025-05-14,,63.57,8.87,0.986,54.0,open,2395
2025_2025-07-11_SF_LAD,2025,2025-07-11,,57.93,9.27,0.9265,88.3,open,2395
2025_2025-07-12_SF_LAD,2025,2025-07-12,,63.47,12.17,0.9646,71.0,open,2395
2025_2025-07-13_SF_LAD,2025,2025-07-13,,62.43,11.27,0.991,72.0,open,2395
2025_2025-09-12_SF_LAD,2025,2025-09-12,,61.97,9.77,0.9078,85.7,open,2395
2025_2025-09-13_SF_LAD,2025,2025-09-13,,62.63,11.37,0.9622,83.7,open,2395
2025_2025-09-14_SF_LAD,2025,2025-09-14,,70.5,12.53,0.9613,71.3,open,2395
2025_2025-06-02_SF_SD,2025,2025-06-02,,58.73,10.67,0.9957,75.7,open,2395
2025_2025-06-03_SF_SD,2025,2025-06-03,,58.47,10.27,0.9888,79.3,open,2395
2025_2025-06-04_SF_SD,2025,2025-06-04,,58.0,11.43,0.9379,80.0,open,2395
2025_2025-06-05_SF_SD,2025,2025-06-05,,63.67,12.03,0.9041,63.7,open,2395
2025_2025-08-11_SF_SD,2025,2025-08-11,,58.77,13.57,0.9781,88.3,open,2395
2025_2025-08-12_SF_SD,2025,2025-08-12,,60.9,12.33,0.9839,82.3,open,2395
2025_2025-08-13_SF_SD,2025,2025-08-13,,65.5,10.47,0.9751,74.3,open,2395
2025_2025-04-07_SF_CIN,2025,2025-04-07,,55.23,8.6,0.9836,85.7,open,2395
2025_2025-04-08_SF_CIN,2025,2025-04-08,,57.83,8.9,0.989,66.3,open,2395
2025_2025-04-09_SF_CIN,2025,2025-04-09,,69.9,5.43,0.994,46.7,open,2395
2025_2025-04-21_SF_MIL,2025,2025-04-21,,59.83,7.57,0.9505,68.3,open,2395
2025_2025-04-22_SF_MIL,2025,2025-04-22,,55.33,12.47,0.8755,72.0,open,2395
2025_2025-04-23_SF_MIL,2025,2025-04-23,,53.77,12.23,0.99,71.7,open,2395
2025_2025-04-24_SF_MIL,2025,2025-04-24,,54.73,11.17,0.9912,67.7,open,2395
2025_2025-05-01_SF_COL,2025,2025-05-01,,54.2,10.73,0.9298,78.0,open,2395
2025_2025-05-02_SF_COL,2025,2025-05-02,,54.13,12.87,0.9903,83.3,open,2395
2025_2025-05-03_SF_COL,2025,2025-05-03,,60.77,14.2,0.9969,60.0,open,2395
2025_2025-05-04_SF_COL,2025,2025-05-04,,64.9,11.83,0.9829,48.3,open,2395
2025_2025-05-19_SF_KC,2025,2025-05-19,,63.43,11.73,0.9627,60.7,open,2395
2025_2025-05-20_SF_KC,2025,2025-05-20,,62.03,7.33,0.9521,57.3,open,2395
2025_2025-05-21_SF_KC,2025,2025-05-21,,67.33,9.93,0.9641,48.7,open,2395
2025_2025-06-06_SF_ATL,2025,2025-06-06,,58.4,9.77,0.9992,84.0,open,2395
2025_2025-06-07_SF_ATL,2025,2025-06-07,,60.53,12.33,0.9965,75.3,open,2395
2025_2025-06-08_SF_ATL,2025,2025-06-08,,59.37,13.0,0.9816,74.3,open,2395
2025_2025-06-17_SF_CLE,2025,2025-06-17,,62.0,9.33,0.8171,64.0,open,2395
2025_2025-06-18_SF_CLE,2025,2025-06-18,,68.33,8.03,0.8329,50.0,open,2395
2025_2025-06-19_SF_CLE,2025,2025-06-19,,63.77,16.67,1.0,59.0,open,2395
2025_2025-06-24_SF_MIA,2025,2025-06-24,,55.37,11.97,0.9823,87.3,open,2395
2025_2025-06-25_SF_MIA,2025,2025-06-25,,56.9,12.57,0.9114,81.3,open,2395
2025_2025-06-26_SF_MIA,2025,2025-06-26,,65.73,7.67,0.599,60.0,open,2395
2025_2025-07-07_SF_PHI,2025,2025-07-07,,59.93,12.2,0.9438,78.7,open,2395
2025_2025-07-08_SF_PHI,2025,2025-07-08,,60.33,9.9,0.9957,80.3,open,2395
2025_2025-07-09_SF_PHI,2025,2025-07-09,,61.63,11.77,0.9532,69.3,open,2395
2025_2025-07-25_SF_NYM,2025,2025-07-25,,57.87,11.6,0.9895,86.3,open,2395
2025_2025-07-26_SF_NYM,2025,2025-07-26,,58.4,11.77,0.9874,85.0,open,2395
2025_2025-07-27_SF_NYM,2025,2025-07-27,,60.83,14.2,0.9836,76.0,open,2395
2025_2025-07-28_SF_PIT,2025,2025-07-28,,59.4,12.07,0.91,82.0,open,2395
2025_2025-07-29_SF_PIT,2025,2025-07-29,,60.27,14.07,0.9677,82.3,open,2395
2025_2025-07-30_SF_PIT,2025,2025-07-30,,62.27,12.83,0.9478,77.3,open,2395
2025_2025-08-08_SF_WSH,2025,2025-08-08,,59.0,8.63,0.9984,89.7,open,2395
2025_2025-08-09_SF_WSH,2025,2025-08-09,,66.53,10.43,0.9995,66.7,open,2395
2025_2025-08-10_SF_WSH,2025,2025-08-10,,65.23,10.47,0.9993,69.7,open,2395
2025_2025-08-26_SF_CHC,2025,2025-08-26,,61.73,9.8,0.9951,84.7,open,2395
2025_2025-08-27_SF_CHC,2025,2025-08-27,,63.73,7.23,0.9999,79.3,open,2395
2025_2025-08-28_SF_CHC,2025,2025-08-28,,67.47,8.63,0.9877,61.7,open,2395
2025_2025-08-29_SF_BAL,2025,2025-08-29,,60.9,8.47,0.9225,82.3,open,2395
2025_2025-08-30_SF_BAL,2025,2025-08-30,,80.67,9.03,0.9938,34.3,open,2395
2025_2025-08-31_SF_BAL,2025,2025-08-31,,77.8,9.07,0.9212,43.3,open,2395
2025_2025-09-22_SF_STL,2025,2025-09-22,,64.47,6.77,0.9432,77.3,open,2395
2025_2025-09-23_SF_STL,2025,2025-09-23,,78.53,8.57,0.9977,44.3,open,2395
2025_2025-09-24_SF_STL,2025,2025-09-24,,67.17,5.03,0.9956,76.0,open,2395
2025_2025-09-26_SF_COL,2025,2025-09-26,,61.77,6.3,0.6547,81.7,open,2395
2025_2025-09-27_SF_COL,2025,2025-09-27,,66.33,13.13,0.83,70.0,open,2395
2025_2025-09-28_SF_COL,2025,2025-09-28,,67.67,9.07,0.8813,70.3,open,2395
2025_2025-05-16_SF_OAK,2025,2025-05-16,,55.67,10.03,0.7826,77.3,open,2395
2025_2025-05-17_SF_OAK,2025,2025-05-17,,58.1,10.37,0.9998,69.0,open,2395
2025_2025-05-18_SF_OAK,2025,2025-05-18,,68.53,12.17,0.9996,46.3,open,2395
2025_2025-08-17_SF_TB,2025,2025-08-17,,62.67,13.83,0.9919,76.3,open,2395
2025_2025-09-08_SF_ARI,2025,2025-09-08,,68.37,7.3,0.8563,77.7,open,2395
2025_2025-09-09_SF_ARI,2025,2025-09-09,,64.8,7.53,0.9438,89.3,open,2395
2025_2025-09-10_SF_ARI,2025,2025-09-10,,65.5,10.9,0.9874,77.7,open,2395
2025_2025-03-18_CHC_LAD,2025,2025-03-18,31.0,72.0,0.0,0.0,50.0,dome,2397
2025_2025-03-19_CHC_LAD,2025,2025-03-19,31.0,72.0,0.0,0.0,50.0,dome,2397
2025_2025-05-19_TB_HOU,2025,2025-05-19,,85.73,7.77,0.3697,62.7,open,2523
2025_2025-05-20_TB_HOU,2025,2025-05-20,,85.0,7.5,0.9995,55.7,open,2523
2025_2025-05-21_TB_HOU,2025,2025-05-21,,93.07,9.83,0.977,41.3,open,2523
2025_2025-09-01_TB_SEA,2025,2025-09-01,,81.23,7.3,-0.8192,73.7,open,2523
2025_2025-09-02_TB_SEA,2025,2025-09-02,,84.0,4.87,-0.3616,66.7,open,2523
2025_2025-09-03_TB_SEA,2025,2025-09-03,,81.27,4.2,-0.8443,75.3,open,2523
2025_2025-06-03_TB_TEX,2025,2025-06-03,,76.17,5.93,-0.9974,82.7,open,2523
2025_2025-06-04_TB_TEX,2025,2025-06-04,,77.93,8.9,0.5577,86.0,open,2523
2025_2025-06-05_TB_TEX,2025,2025-06-05,,81.83,3.07,0.8181,81.3,open,2523
2025_2025-03-28_TB_COL,2025,2025-03-28,,83.7,13.4,-0.6101,27.3,open,2523
2025_2025-03-29_TB_COL,2025,2025-03-29,,87.67,6.2,-0.3404,30.0,open,2523
2025_2025-03-30_TB_COL,2025,2025-03-30,,77.2,5.4,0.8846,74.7,open,2523
2025_2025-03-31_TB_PIT,2025,2025-03-31,,77.2,5.93,0.9143,76.7,open,2523
2025_2025-04-01_TB_PIT,2025,2025-04-01,,80.47,5.83,0.2215,66.0,open,2523
2025_2025-04-02_TB_PIT,2025,2025-04-02,,91.0,11.23,-0.184,37.0,open,2523
2025_2025-04-11_TB_ATL,2025,2025-04-11,,72.67,12.17,0.8813,59.3,open,2523
2025_2025-04-12_TB_ATL,2025,2025-04-12,,70.77,11.8,0.2974,37.7,open,2523
2025_2025-04-13_TB_ATL,2025,2025-04-13,,77.57,3.23,0.4894,30.3,open,2523
2025_2025-04-17_TB_NYY,2025,2025-04-17,,79.07,6.87,0.1374,35.0,open,2523
2025_2025-04-18_TB_NYY,2025,2025-04-18,,83.83,11.97,-0.66,39.3,open,2523
2025_2025-04-19_TB_NYY,2025,2025-04-19,,87.13,9.67,-0.5707,34.7,open,2523
2025_2025-04-20_TB_NYY,2025,2025-04-20,,87.0,8.13,-0.3681,32.0,open,2523
2025_2025-04-29_TB_KC,2025,2025-04-29,,78.03,5.23,-0.9956,61.3,open,2523
2025_2025-04-30_TB_KC,2025,2025-04-30,,83.37,9.27,-0.6896,38.7,open,2523
2025_2025-05-01_TB_KC,2025,2025-05-01,,86.9,4.27,-0.1668,32.0,open,2523
2025_2025-05-06_TB_PHI,2025,2025-05-06,,83.0,7.67,-0.776,58.7,open,2523
2025_2025-05-07_TB_PHI,2025,2025-05-07,,82.9,4.8,-0.1409,64.7,open,2523
2025_2025-06-06_TB_MIA,2025,2025-06-06,,85.87,5.97,0.9968,67.0,open,2523
2025_2025-06-07_TB_MIA,2025,2025-06-07,,87.33,8.0,0.9999,60.3,open,2523
2025_2025-06-08_TB_MIA,2025,2025-06-08,,88.57,8.2,0.9983,56.3,open,2523
2025_2025-06-16_TB_BAL,2025,2025-06-16,,87.13,6.6,0.9483,56.3,open,2523
2025_2025-06-17_TB_BAL,2025,2025-06-17,,86.53,6.0,0.9951,58.3,open,2523
2025_2025-06-18_TB_BAL,2025,2025-06-18,,85.5,5.37,0.8746,66.0,open,2523
2025_2025-06-19_TB_BAL,2025,2025-06-19,,81.83,1.97,-0.7385,77.0,open,2523
2025_2025-06-20_TB_DET,2025,2025-06-20,,77.5,4.4,-0.9588,84.7,open,2523
2025_2025-06-21_TB_DET,2025,2025-06-21,,86.67,2.23,-0.9997,65.0,open,2523
2025_2025-06-22_TB_DET,2025,2025-06-22,,86.77,7.07,-0.9973,61.0,open,2523
2025_2025-05-21_OAK_LAA,2025,2025-05-21,,83.8,8.47,0.9799,22.3,open,2529
2025_2025-08-03_TB_LAD,2025,2025-08-03,,91.17,8.2,0.8581,52.7,open,2523
2025_2025-08-21_TB_STL,2025,2025-08-21,,84.17,5.73,0.9999,69.0,open,2523
2025_2025-08-22_TB_STL,2025,2025-08-22,,83.13,1.87,0.7266,77.0,open,2523
2025_2025-08-24_TB_STL,2025,2025-08-24,,79.97,8.57,0.9232,83.3,open,2523
2025_2025-09-05_TB_CLE,2025,2025-09-05,,80.5,6.37,-0.9537,82.0,open,2523
2025_2025-09-06_TB_CLE,2025,2025-09-06,,80.47,4.27,-0.9999,84.3,open,2523
2025_2025-09-15_TB_TOR,2025,2025-09-15,,84.8,5.97,-0.5821,46.3,open,2523
2025_2025-09-16_TB_TOR,2025,2025-09-16,,79.13,7.03,-0.9563,71.3,open,2523
2025_2025-09-17_TB_TOR,2025,2025-09-17,,78.17,2.9,-0.9781,78.0,open,2523
2025_2025-09-18_TB_TOR,2025,2025-09-18,,87.67,4.87,-0.8949,52.7,open,2523
2025_2025-06-30_TB_OAK,2025,2025-06-30,,79.63,4.67,0.9985,72.7,open,2523
2025_2025-07-01_TB_OAK,2025,2025-07-01,,80.8,7.27,0.9438,73.7,open,2523
2025_2025-07-02_TB_OAK,2025,2025-07-02,,84.13,7.5,0.9568,63.3,open,2523
2025_2025-04-14_TB_BOS,2025,2025-04-14,,76.4,6.67,0.9521,46.3,open,2523
2025_2025-04-15_TB_BOS,2025,2025-04-15,,73.67,8.27,0.7627,54.0,open,2523
2025_2025-04-16_TB_BOS,2025,2025-04-16,,73.03,9.17,0.2723,34.3,open,2523
2025_2025-09-19_TB_BOS,2025,2025-09-19,,86.37,6.97,-0.8729,47.7,open,2523
2025_2025-09-20_TB_BOS,2025,2025-09-20,,83.27,8.03,-0.9483,64.0,open,2523
2025_2025-09-21_TB_BOS,2025,2025-09-21,,87.07,5.83,-0.9385,47.7,open,2523
2025_2025-05-08_TB_PHI,2025,2025-05-08,,80.27,3.73,0.524,68.3,open,2523
2025_2025-05-09_TB_MIL,2025,2025-05-09,,80.3,4.87,0.988,70.0,open,2523
2025_2025-05-10_TB_MIL,2025,2025-05-10,,78.8,5.6,0.0767,73.0,open,2523
2025_2025-05-11_TB_MIL,2025,2025-05-11,,76.23,5.7,0.0593,83.7,open,2523
2025_2025-05-23_TB_TOR,2025,2025-05-23,,86.63,7.37,0.5476,39.3,open,2523
2025_2025-05-24_TB_TOR,2025,2025-05-24,,82.6,7.3,-0.6494,59.3,open,2523
2025_2025-05-25_TB_TOR,2025,2025-05-25,,91.5,5.07,0.9829,43.3,open,2523
2025_2025-05-26_TB_MIN,2025,2025-05-26,,86.77,5.83,0.9947,56.3,open,2523
2025_2025-05-27_TB_MIN,2025,2025-05-27,,86.27,4.27,0.9336,59.7,open,2523
2025_2025-05-28_TB_MIN,2025,2025-05-28,,91.83,7.33,0.8942,46.7,open,2523
2025_2025-07-18_TB_BAL,2025,2025-07-18,,85.47,4.03,-0.7314,71.0,open,2523
2025_2025-07-19_TB_BAL,2025,2025-07-19,,86.87,4.57,-0.4833,65.3,open,2523
2025_2025-07-20_TB_BAL,2025,2025-07-20,,94.5,1.8,-0.6455,47.0,open,2523
2025_2025-07-21_TB_CWS,2025,2025-07-21,,88.1,6.57,0.0993,61.3,open,2523
2025_2025-07-22_TB_CWS,2025,2025-07-22,,85.37,5.17,0.421,70.0,open,2523
2025_2025-07-23_TB_CWS,2025,2025-07-23,,80.8,4.33,0.518,83.3,open,2523
2025_2025-08-01_TB_LAD,2025,2025-08-01,,89.67,4.93,0.831,53.3,open,2523
2025_2025-08-02_TB_LAD,2025,2025-08-02,,90.37,6.33,0.8643,55.0,open,2523
2025_2025-08-19_TB_NYY,2025,2025-08-19,,82.17,3.57,-0.3987,79.0,open,2523
2025_2025-08-20_TB_NYY,2025,2025-08-20,,86.13,6.6,0.3697,58.7,open,2523
2025_2025-09-04_TB_CLE,2025,2025-09-04,,79.83,4.03,-0.4305,83.3,open,2523
2025_2025-09-07_TB_CLE,2025,2025-09-07,,84.3,3.0,0.6769,77.7,open,2523
2025_2025-04-08_TB_LAA,2025,2025-04-08,,64.97,7.47,0.4051,65.3,open,2523
2025_2025-04-09_TB_LAA,2025,2025-04-09,,70.83,8.23,0.2096,47.3,open,2523
2025_2025-04-10_TB_LAA,2025,2025-04-10,,81.47,1.23,-0.0558,35.7,open,2523
2025_2025-03-31_OAK_CHC,2025,2025-03-31,,50.87,7.63,0.9778,75.3,open,2529
2025_2025-04-01_OAK_CHC,2025,2025-04-01,,50.7,4.5,1.0,73.3,open,2529
2025_2025-04-02_OAK_CHC,2025,2025-04-02,,58.13,7.1,-0.3681,54.0,open,2529
2025_2025-04-07_OAK_SD,2025,2025-04-07,,62.2,7.77,0.9992,57.7,open,2529
2025_2025-04-08_OAK_SD,2025,2025-04-08,,65.43,2.47,-0.8607,57.3,open,2529
2025_2025-04-09_OAK_SD,2025,2025-04-09,,75.87,5.87,-0.3971,43.7,open,2529
2025_2025-04-11_OAK_NYM,2025,2025-04-11,,68.87,8.7,0.9379,47.3,open,2529
2025_2025-04-12_OAK_NYM,2025,2025-04-12,,73.7,4.1,-0.0767,41.7,open,2529
2025_2025-04-13_OAK_NYM,2025,2025-04-13,,82.0,10.0,-0.4787,17.0,open,2529
2025_2025-04-22_OAK_TEX,2025,2025-04-22,,66.23,10.1,0.9336,55.0,open,2529
2025_2025-04-23_OAK_TEX,2025,2025-04-23,,60.77,10.27,0.9421,59.3,open,2529
2025_2025-04-24_OAK_TEX,2025,2025-04-24,,56.83,10.03,0.9225,61.0,open,2529
2025_2025-04-25_OAK_CWS,2025,2025-04-25,,58.17,6.53,0.9997,45.3,open,2529
2025_2025-04-26_OAK_CWS,2025,2025-04-26,,59.63,3.0,0.9711,58.7,open,2529
2025_2025-04-27_OAK_CWS,2025,2025-04-27,,59.53,4.73,0.2672,62.7,open,2529
2025_2025-05-05_OAK_SEA,2025,2025-05-05,,81.77,13.43,-0.3859,14.7,open,2529
2025_2025-05-06_OAK_SEA,2025,2025-05-06,,74.83,8.0,0.988,37.3,open,2529
2025_2025-05-07_OAK_SEA,2025,2025-05-07,,74.53,8.87,0.9184,39.3,open,2529
2025_2025-05-09_OAK_NYY,2025,2025-05-09,,88.27,6.47,0.9999,16.3,open,2529
2025_2025-05-10_OAK_NYY,2025,2025-05-10,,95.23,3.3,0.9995,10.7,open,2529
2025_2025-05-11_OAK_NYY,2025,2025-05-11,,75.8,14.1,0.9994,22.3,open,2529
2025_2025-05-19_OAK_LAA,2025,2025-05-19,,79.17,9.8,0.9866,39.0,open,2529
2025_2025-05-20_OAK_LAA,2025,2025-05-20,,83.03,4.47,0.8039,15.7,open,2529
2025_2025-05-22_OAK_LAA,2025,2025-05-22,,85.57,7.87,0.972,18.3,open,2529
2025_2025-05-23_OAK_PHI,2025,2025-05-23,,72.0,9.67,0.9686,43.3,open,2529
2025_2025-05-24_OAK_PHI,2025,2025-05-24,,68.43,11.27,0.8771,51.3,open,2529
2025_2025-05-25_OAK_PHI,2025,2025-05-25,,78.7,8.5,0.8854,32.0,open,2529
2025_2025-06-02_OAK_MIN,2025,2025-06-02,,73.97,10.4,0.9078,46.7,open,2529
2025_2025-06-03_OAK_MIN,2025,2025-06-03,,79.43,9.2,0.9121,43.3,open,2529
2025_2025-06-04_OAK_MIN,2025,2025-06-04,,76.53,10.43,0.9011,43.7,open,2529
2025_2025-06-05_OAK_MIN,2025,2025-06-05,,82.93,7.53,0.8894,33.3,open,2529
2025_2025-06-06_OAK_BAL,2025,2025-06-06,,80.37,9.07,0.9354,41.7,open,2529
2025_2025-06-07_OAK_BAL,2025,2025-06-07,,77.1,10.4,0.9354,44.3,open,2529
2025_2025-06-08_OAK_BAL,2025,2025-06-08,,87.23,7.53,0.7837,29.7,open,2529
2025_2025-06-16_OAK_HOU,2025,2025-06-16,,78.43,9.07,0.8763,34.3,open,2529
2025_2025-06-17_OAK_HOU,2025,2025-06-17,,85.37,8.9,0.9699,27.3,open,2529
2025_2025-06-18_OAK_HOU,2025,2025-06-18,,92.47,7.97,0.9317,27.7,open,2529
2025_2025-06-19_OAK_HOU,2025,2025-06-19,,71.63,12.53,0.8387,43.7,open,2529
2025_2025-06-20_OAK_CLE,2025,2025-06-20,,74.8,9.4,0.9573,33.3,open,2529
2025_2025-06-21_OAK_CLE,2025,2025-06-21,,78.43,6.17,-0.1547,12.7,open,2529
2025_2025-06-22_OAK_CLE,2025,2025-06-22,,84.9,4.2,0.1925,15.3,open,2529
2025_2025-07-04_OAK_SF,2025,2025-07-04,,73.4,10.33,0.9092,34.7,open,2529
2025_2025-07-05_OAK_SF,2025,2025-07-05,,82.1,8.03,0.9622,29.0,open,2529
2025_2025-07-06_OAK_SF,2025,2025-07-06,,86.1,9.07,0.9703,23.3,open,2529
2025_2025-07-08_OAK_ATL,2025,2025-07-08,,78.1,9.43,0.9932,39.3,open,2529
2025_2025-07-09_OAK_ATL,2025,2025-07-09,,87.47,5.47,0.9681,28.0,open,2529
2025_2025-07-10_OAK_ATL,2025,2025-07-10,,97.07,8.9,0.9403,21.7,open,2529
2025_2025-07-11_OAK_TOR,2025,2025-07-11,,90.97,8.5,0.91,31.7,open,2529
2025_2025-07-12_OAK_TOR,2025,2025-07-12,,79.8,9.27,0.9048,46.0,open,2529
2025_2025-07-13_OAK_TOR,2025,2025-07-13,,93.1,6.5,0.7325,27.0,open,2529
2025_2025-07-28_OAK_SEA,2025,2025-07-28,,81.3,9.37,0.9011,39.0,open,2529
2025_2025-07-29_OAK_SEA,2025,2025-07-29,,80.1,10.2,0.9342,37.0,open,2529
2025_2025-07-30_OAK_SEA,2025,2025-07-30,,73.7,10.0,0.8738,52.7,open,2529
2025_2025-08-01_OAK_ARI,2025,2025-08-01,,78.17,10.07,0.9018,46.0,open,2529
2025_2025-08-02_OAK_ARI,2025,2025-08-02,,83.67,8.83,0.8988,37.7,open,2529
2025_2025-08-03_OAK_ARI,2025,2025-08-03,,89.93,6.1,0.8554,26.0,open,2529
2025_2025-08-11_OAK_TB,2025,2025-08-11,,79.7,9.3,0.7705,42.3,open,2529
2025_2025-08-12_OAK_TB,2025,2025-08-12,,75.27,10.0,0.81,52.3,open,2529
2025_2025-08-13_OAK_TB,2025,2025-08-13,,73.8,11.1,0.8607,57.0,open,2529
2025_2025-08-15_OAK_LAA,2025,2025-08-15,,83.8,10.1,0.8729,40.7,open,2529
2025_2025-08-16_OAK_LAA,2025,2025-08-16,,79.0,9.8,0.7071,53.0,open,2529
2025_2025-08-17_OAK_LAA,2025,2025-08-17,,83.9,9.93,0.9191,29.3,open,2529
2025_2025-08-25_OAK_DET,2025,2025-08-25,,82.0,8.7,0.8805,42.0,open,2529
2025_2025-08-26_OAK_DET,2025,2025-08-26,,82.63,8.27,0.9397,36.0,open,2529
2025_2025-08-27_OAK_DET,2025,2025-08-27,,81.4,7.67,0.9854,33.0,open,2529
2025_2025-08-29_OAK_TEX,2025,2025-08-29,,84.13,7.53,0.8996,32.3,open,2529
2025_2025-08-30_OAK_TEX,2025,2025-08-30,,93.43,5.93,0.9869,22.0,open,2529
2025_2025-08-31_OAK_TEX,2025,2025-08-31,,100.6,4.97,0.9421,12.3,open,2529
2025_2025-09-08_OAK_BOS,2025,2025-09-08,,75.77,7.27,0.9593,55.3,open,2529
2025_2025-09-09_OAK_BOS,2025,2025-09-09,,72.47,7.5,0.9981,58.7,open,2529
2025_2025-09-10_OAK_BOS,2025,2025-09-10,,77.47,5.13,0.8788,46.3,open,2529
2025_2025-09-12_OAK_CIN,2025,2025-09-12,,77.63,9.4,0.9483,51.0,open,2529
2025_2025-09-13_OAK_CIN,2025,2025-09-13,,74.93,9.1,0.8988,51.0,open,2529
2025_2025-09-14_OAK_CIN,2025,2025-09-14,,85.6,2.43,0.6266,31.3,open,2529
2025_2025-09-23_OAK_HOU,2025,2025-09-23,,91.57,1.77,-0.8121,16.7,open,2529
2025_2025-09-24_OAK_HOU,2025,2025-09-24,,76.67,5.9,0.5962,51.3,open,2529
2025_2025-09-25_OAK_HOU,2025,2025-09-25,,87.33,5.17,0.9128,33.3,open,2529
2025_2025-09-26_OAK_KC,2025,2025-09-26,,79.93,7.33,0.6959,45.3,open,2529
2025_2025-09-27_OAK_KC,2025,2025-09-27,,68.07,10.87,0.9391,66.0,open,2529
2025_2025-09-28_OAK_KC,2025,2025-09-28,,74.43,6.83,0.9813,54.7,open,2529
2025_2025-04-15_CIN_SEA,2025,2025-04-15,,50.3,12.3,0.9848,53.7,open,2602
2025_2025-04-16_CIN_SEA,2025,2025-04-16,,54.0,4.87,0.9342,48.3,open,2602
2025_2025-04-17_CIN_SEA,2025,2025-04-17,,60.17,7.8,-0.8886,43.3,open,2602
2025_2025-03-31_CIN_TEX,2025,2025-03-31,,45.77,10.4,0.9361,63.3,open,2602
2025_2025-04-01_CIN_TEX,2025,2025-04-01,,51.5,6.3,-0.9532,59.0,open,2602
2025_2025-04-02_CIN_TEX,2025,2025-04-02,,72.4,17.13,-0.3778,66.7,open,2602
2025_2025-06-06_CIN_ARI,2025,2025-06-06,,73.83,6.17,0.6769,81.3,open,2602
2025_2025-06-07_CIN_ARI,2025,2025-06-07,,78.4,1.07,0.9588,60.3,open,2602
2025_2025-06-08_CIN_ARI,2025,2025-06-08,,75.27,9.17,0.9563,69.3,open,2602
2025_2025-07-28_CIN_LAD,2025,2025-07-28,,84.03,4.73,0.9348,73.3,open,2602
2025_2025-07-29_CIN_LAD,2025,2025-07-29,,86.57,5.23,0.3305,61.3,open,2602
2025_2025-07-30_CIN_LAD,2025,2025-07-30,,87.8,2.53,-0.4242,57.3,open,2602
2025_2025-06-27_CIN_SD,2025,2025-06-27,,85.13,7.27,0.3486,60.0,open,2602
2025_2025-06-28_CIN_SD,2025,2025-06-28,,86.7,7.2,0.6211,58.0,open,2602
2025_2025-06-29_CIN_SD,2025,2025-06-29,,85.2,4.8,0.0366,62.0,open,2602
2025_2025-03-27_CIN_SF,2025,2025-03-27,,59.2,7.4,0.0384,44.0,open,2602
2025_2025-03-29_CIN_SF,2025,2025-03-29,,72.57,10.33,0.0628,51.0,open,2602
2025_2025-03-30_CIN_SF,2025,2025-03-30,,72.1,13.67,-0.134,67.3,open,2602
2025_2025-05-23_CIN_CHC,2025,2025-05-23,,61.87,7.77,0.9385,51.3,open,2602
2025_2025-05-24_CIN_CHC,2025,2025-05-24,,67.43,5.87,0.9373,41.0,open,2602
2025_2025-05-25_CIN_CHC,2025,2025-05-25,,67.43,5.17,-0.2622,46.7,open,2602
2025_2025-09-18_CIN_CHC,2025,2025-09-18,,82.77,4.5,0.3272,33.0,open,2602
2025_2025-09-19_CIN_CHC,2025,2025-09-19,,85.07,3.03,-0.9686,28.7,open,2602
2025_2025-09-20_CIN_CHC,2025,2025-09-20,,84.5,3.03,-0.8508,30.3,open,2602
2025_2025-09-21_CIN_CHC,2025,2025-09-21,,81.63,6.7,-0.1011,55.3,open,2602
2025_2025-04-11_CIN_PIT,2025,2025-04-11,,47.2,9.57,0.4633,53.7,open,2602
2025_2025-04-12_CIN_PIT,2025,2025-04-12,,53.83,5.7,0.9056,46.0,open,2602
2025_2025-04-13_CIN_PIT,2025,2025-04-13,,57.17,8.43,-0.5721,50.3,open,2602
2025_2025-04-28_CIN_STL,2025,2025-04-28,,74.07,5.97,-0.575,59.3,open,2602
2025_2025-04-30_CIN_STL,2025,2025-04-30,,70.37,3.3,-0.5417,66.0,open,2602
2025_2025-04-30_CIN_STL_2,2025,2025-04-30,,72.97,4.17,-0.9977,70.3,open,2602
2025_2025-05-01_CIN_STL,2025,2025-05-01,,70.33,14.5,0.108,82.0,open,2602
2025_2025-05-02_CIN_WSH,2025,2025-05-02,,66.33,6.77,0.0924,83.3,open,2602
2025_2025-05-03_CIN_WSH,2025,2025-05-03,,55.73,9.7,-0.061,89.7,open,2602
2025_2025-05-04_CIN_WSH,2025,2025-05-04,,60.0,6.3,-0.3843,66.0,open,2602
2025_2025-05-13_CIN_CWS,2025,2025-05-13,,67.9,4.03,-0.1288,83.3,open,2602
2025_2025-05-14_CIN_CWS,2025,2025-05-14,,69.43,5.5,-0.8738,83.3,open,2602
2025_2025-05-15_CIN_CWS,2025,2025-05-15,,79.4,8.93,-0.2689,69.0,open,2602
2025_2025-05-16_CIN_CLE,2025,2025-05-16,,76.93,12.07,-0.0035,76.7,open,2602
2025_2025-05-17_CIN_CLE,2025,2025-05-17,,67.0,12.0,0.8862,58.3,open,2602
2025_2025-05-18_CIN_CLE,2025,2025-05-18,,69.8,5.3,0.9917,53.0,open,2602
2025_2025-06-02_CIN_MIL,2025,2025-06-02,,72.17,3.33,0.1236,51.0,open,2602
2025_2025-06-03_CIN_MIL,2025,2025-06-03,,81.37,6.23,-0.3453,55.7,open,2602
2025_2025-06-04_CIN_MIL,2025,2025-06-04,,83.77,10.77,0.1702,46.0,open,2602
2025_2025-06-17_CIN_MIN,2025,2025-06-17,,75.0,4.9,-0.165,87.3,open,2602
2025_2025-06-18_CIN_MIN,2025,2025-06-18,,74.8,8.8,-0.2756,86.7,open,2602
2025_2025-06-19_CIN_MIN,2025,2025-06-19,,75.7,11.23,0.9252,69.0,open,2602
2025_2025-06-23_CIN_NYY,2025,2025-06-23,,90.8,5.53,0.134,45.0,open,2602
2025_2025-06-24_CIN_NYY,2025,2025-06-24,,90.73,5.57,0.8396,47.7,open,2602
2025_2025-06-25_CIN_NYY,2025,2025-06-25,,87.3,4.23,0.9998,60.0,open,2602
2025_2025-07-07_CIN_MIA,2025,2025-07-07,,77.93,5.13,0.9608,79.0,open,2602
2025_2025-07-08_CIN_MIA,2025,2025-07-08,,82.37,3.23,0.8396,59.0,open,2602
2025_2025-07-09_CIN_MIA,2025,2025-07-09,,79.3,3.33,0.8161,71.7,open,2602
2025_2025-07-10_CIN_MIA,2025,2025-07-10,,86.4,4.73,0.9885,48.7,open,2602
2025_2025-07-11_CIN_COL,2025,2025-07-11,,89.13,5.37,0.061,41.7,open,2602
2025_2025-07-12_CIN_COL,2025,2025-07-12,,89.03,6.93,0.3795,49.7,open,2602
2025_2025-07-13_CIN_COL,2025,2025-07-13,,84.27,3.43,0.5388,60.3,open,2602
2025_2025-07-31_CIN_ATL,2025,2025-07-31,,74.47,9.47,0.2368,75.7,open,2602
2025_2025-08-01_CIN_ATL,2025,2025-08-01,,75.87,10.57,-0.2874,38.7,open,2602
2025_2025-08-11_CIN_PHI,2025,2025-08-11,,89.73,3.27,-0.6858,38.0,open,2602
2025_2025-08-12_CIN_PHI,2025,2025-08-12,,84.27,5.37,-0.1115,64.0,open,2602
2025_2025-08-13_CIN_PHI,2025,2025-08-13,,78.47,4.67,0.9397,78.7,open,2602
2025_2025-08-15_CIN_MIL,2025,2025-08-15,,86.67,0.63,0.3518,59.3,open,2602
2025_2025-08-16_CIN_MIL,2025,2025-08-16,,85.17,5.2,0.9965,58.7,open,2602
2025_2025-08-17_CIN_MIL,2025,2025-08-17,,85.4,4.9,0.8771,56.7,open,2602
2025_2025-08-29_CIN_STL,2025,2025-08-29,,74.17,5.87,0.5693,38.7,open,2602
2025_2025-08-30_CIN_STL,2025,2025-08-30,,71.3,5.83,-0.2521,43.3,open,2602
2025_2025-08-31_CIN_STL,2025,2025-08-31,,74.0,6.07,-0.5344,38.0,open,2602
2025_2025-09-01_CIN_TOR,2025,2025-09-01,,80.07,4.77,-0.5892,34.3,open,2602
2025_2025-09-02_CIN_TOR,2025,2025-09-02,,79.03,5.13,-0.9871,36.0,open,2602
2025_2025-09-03_CIN_TOR,2025,2025-09-03,,78.3,8.13,0.1513,43.0,open,2602
2025_2025-09-05_CIN_NYM,2025,2025-09-05,,75.8,6.6,0.83,49.0,open,2602
2025_2025-09-06_CIN_NYM,2025,2025-09-06,,69.57,7.07,0.9994,30.7,open,2602
2025_2025-09-07_CIN_NYM,2025,2025-09-07,,70.37,6.57,0.7997,38.0,open,2602
2025_2025-09-23_CIN_PIT,2025,2025-09-23,,75.83,2.4,0.8415,74.7,open,2602
2025_2025-09-24_CIN_PIT,2025,2025-09-24,,73.6,1.83,0.4787,79.3,open,2602
2025_2025-09-25_CIN_PIT,2025,2025-09-25,,71.0,3.67,0.9361,76.0,open,2602
2025_2025-07-25_CIN_TB,2025,2025-07-25,,86.3,3.77,0.0384,63.0,open,2602
2025_2025-07-26_CIN_TB,2025,2025-07-26,,82.63,4.57,0.4083,75.0,open,2602
2025_2025-07-27_CIN_TB,2025,2025-07-27,,82.1,4.43,0.994,79.0,open,2602
2025_2025-05-12_SD_LAA,2025,2025-05-12,,62.3,6.3,-0.2453,68.0,open,2680
2025_2025-05-13_SD_LAA,2025,2025-05-13,,61.27,6.13,0.0297,60.0,open,2680
2025_2025-05-14_SD_LAA,2025,2025-05-14,,63.03,5.13,0.1942,74.7,open,2680
2025_2025-05-16_SD_SEA,2025,2025-05-16,,60.83,3.83,0.4493,71.0,open,2680
2025_2025-05-17_SD_SEA,2025,2025-05-17,,60.23,8.6,0.549,74.7,open,2680
2025_2025-05-18_SD_SEA,2025,2025-05-18,,65.6,6.7,0.4035,63.3,open,2680
2025_2025-07-04_SD_TEX,2025,2025-07-04,,73.03,6.83,0.1167,58.0,open,2680
2025_2025-07-05_SD_TEX,2025,2025-07-05,,68.7,3.77,0.2639,72.7,open,2680
2025_2025-07-06_SD_TEX,2025,2025-07-06,,67.6,4.7,0.0698,71.7,open,2680
2025_2025-08-08_SD_BOS,2025,2025-08-08,,69.7,4.33,0.6157,76.7,open,2680
2025_2025-08-09_SD_BOS,2025,2025-08-09,,71.23,6.07,0.007,73.7,open,2680
2025_2025-08-10_SD_BOS,2025,2025-08-10,,75.6,6.77,0.4446,64.7,open,2680
2025_2025-04-25_SD_TB,2025,2025-04-25,,58.77,5.27,-0.0645,57.3,open,2680
2025_2025-04-26_SD_TB,2025,2025-04-26,,59.43,8.83,0.1132,56.3,open,2680
2025_2025-04-27_SD_TB,2025,2025-04-27,,63.87,7.73,-0.0523,44.3,open,2680
2025_2025-09-26_SD_ARI,2025,2025-09-26,,66.9,3.93,0.9553,82.0,open,2680
2025_2025-09-27_SD_ARI,2025,2025-09-27,,69.97,4.67,0.66,71.7,open,2680
2025_2025-06-10_SD_LAD,2025,2025-06-10,,64.43,4.33,0.506,76.0,open,2680
2025_2025-06-11_SD_LAD,2025,2025-06-11,,70.93,7.13,0.3486,62.7,open,2680
2025_2025-08-22_SD_LAD,2025,2025-08-22,,73.07,4.0,0.5892,77.3,open,2680
2025_2025-08-23_SD_LAD,2025,2025-08-23,,77.2,4.67,0.3811,61.3,open,2680
2025_2025-08-24_SD_LAD,2025,2025-08-24,,80.87,7.17,-0.1219,52.0,open,2680
2025_2025-03-27_SD_ATL,2025,2025-03-27,,64.4,8.03,-0.3074,60.3,open,2680
2025_2025-03-28_SD_ATL,2025,2025-03-28,,58.67,6.37,0.0017,75.0,open,2680
2025_2025-03-29_SD_ATL,2025,2025-03-29,,61.63,6.97,0.4352,63.0,open,2680
2025_2025-03-30_SD_ATL,2025,2025-03-30,,62.9,7.07,-0.1633,50.7,open,2680
2025_2025-03-31_SD_CLE,2025,2025-03-31,,59.13,6.5,0.3024,92.3,open,2680
2025_2025-04-01_SD_CLE,2025,2025-04-01,,56.47,8.83,-0.3923,67.7,open,2680
2025_2025-04-02_SD_CLE,2025,2025-04-02,,59.37,11.8,-0.1236,52.0,open,2680
2025_2025-04-11_SD_COL,2025,2025-04-11,,62.93,3.67,0.6871,78.3,open,2680
2025_2025-04-12_SD_COL,2025,2025-04-12,,61.13,4.83,0.7672,80.7,open,2680
2025_2025-04-13_SD_COL,2025,2025-04-13,,65.33,7.03,0.3795,63.0,open,2680
2025_2025-04-14_SD_CHC,2025,2025-04-14,,58.57,4.7,-0.1219,73.7,open,2680
2025_2025-04-15_SD_CHC,2025,2025-04-15,,58.1,4.13,-0.36,66.0,open,2680
2025_2025-04-16_SD_CHC,2025,2025-04-16,,64.77,6.37,0.2924,50.3,open,2680
2025_2025-04-29_SD_SF,2025,2025-04-29,,59.7,4.07,0.2521,81.7,open,2680
2025_2025-04-30_SD_SF,2025,2025-04-30,,66.23,6.93,0.1097,62.7,open,2680
2025_2025-05-26_SD_MIA,2025,2025-05-26,,65.3,4.77,0.454,68.7,open,2680
2025_2025-05-27_SD_MIA,2025,2025-05-27,,62.23,4.67,0.5417,75.3,open,2680
2025_2025-05-28_SD_MIA,2025,2025-05-28,,68.4,8.5,0.2807,63.3,open,2680
2025_2025-05-30_SD_PIT,2025,2025-05-30,,65.13,4.17,0.4787,80.3,open,2680
2025_2025-05-31_SD_PIT,2025,2025-05-31,,71.07,4.5,0.4985,69.7,open,2680
2025_2025-06-01_SD_PIT,2025,2025-06-01,,72.8,7.37,-0.0454,70.3,open,2680
2025_2025-06-20_SD_KC,2025,2025-06-20,,66.23,3.6,0.5344,71.0,open,2680
2025_2025-06-21_SD_KC,2025,2025-06-21,,67.57,7.4,0.7965,62.3,open,2680
2025_2025-06-22_SD_KC,2025,2025-06-22,,71.93,7.77,0.4939,57.3,open,2680
2025_2025-06-23_SD_WSH,2025,2025-06-23,,62.67,5.3,0.5519,72.0,open,2680
2025_2025-06-24_SD_WSH,2025,2025-06-24,,65.83,5.63,-0.1805,72.7,open,2680
2025_2025-06-25_SD_WSH,2025,2025-06-25,,70.77,7.83,0.1736,62.0,open,2680
2025_2025-07-11_SD_PHI,2025,2025-07-11,,66.3,4.77,0.5548,77.7,open,2680
2025_2025-07-12_SD_PHI,2025,2025-07-12,,70.47,5.83,0.4321,66.0,open,2680
2025_2025-07-13_SD_PHI,2025,2025-07-13,,73.2,7.57,0.1564,61.3,open,2680
2025_2025-07-28_SD_NYM,2025,2025-07-28,,67.67,5.9,-0.4163,76.7,open,2680
2025_2025-07-29_SD_NYM,2025,2025-07-29,,68.33,4.7,-0.2656,76.0,open,2680
2025_2025-07-30_SD_NYM,2025,2025-07-30,,74.53,6.9,0.1908,61.0,open,2680
2025_2025-08-01_SD_STL,2025,2025-08-01,,67.5,4.07,0.3206,73.0,open,2680
2025_2025-08-02_SD_STL,2025,2025-08-02,,67.13,2.93,0.075,77.3,open,2680
2025_2025-08-03_SD_STL,2025,2025-08-03,,75.9,6.57,0.1668,54.7,open,2680
2025_2025-08-18_SD_SF,2025,2025-08-18,,68.53,3.4,0.5105,79.3,open,2680
2025_2025-08-19_SD_SF,2025,2025-08-19,,70.83,5.03,-0.3387,72.0,open,2680
2025_2025-08-20_SD_SF,2025,2025-08-20,,72.03,3.53,0.4462,69.7,open,2680
2025_2025-08-21_SD_SF,2025,2025-08-21,,80.7,5.53,0.4067,53.0,open,2680
2025_2025-09-01_SD_BAL,2025,2025-09-01,,81.2,5.93,-0.3024,56.7,open,2680
2025_2025-09-02_SD_BAL,2025,2025-09-02,,74.3,4.03,0.3811,81.7,open,2680
2025_2025-09-03_SD_BAL,2025,2025-09-03,,81.2,6.4,-0.0332,61.0,open,2680
2025_2025-09-08_SD_CIN,2025,2025-09-08,,70.87,5.03,-0.4848,77.7,open,2680
2025_2025-09-09_SD_CIN,2025,2025-09-09,,70.37,5.83,-0.4955,76.7,open,2680
2025_2025-09-10_SD_CIN,2025,2025-09-10,,70.83,6.0,-0.0506,69.0,open,2680
2025_2025-09-11_SD_COL,2025,2025-09-11,,68.57,4.67,-0.3567,77.0,open,2680
2025_2025-09-12_SD_COL,2025,2025-09-12,,67.87,4.0,0.2402,78.0,open,2680
2025_2025-09-13_SD_COL,2025,2025-09-13,,69.7,4.9,0.3007,74.3,open,2680
2025_2025-09-14_SD_COL,2025,2025-09-14,,74.1,6.43,0.1201,67.0,open,2680
2025_2025-09-22_SD_MIL,2025,2025-09-22,,71.27,5.27,-0.8894,83.3,open,2680
2025_2025-09-23_SD_MIL,2025,2025-09-23,,70.87,3.63,0.1891,90.7,open,2680
2025_2025-09-24_SD_MIL,2025,2025-09-24,,77.77,7.8,-0.247,68.7,open,2680
2025_2025-09-28_SD_ARI,2025,2025-09-28,,74.87,6.87,0.4289,59.3,open,2680
2025_2025-06-09_SD_LAD,2025,2025-06-09,,63.7,3.9,0.0854,78.3,open,2680
2025_2025-07-07_SD_ARI,2025,2025-07-07,,67.9,5.67,0.0087,72.7,open,2680
2025_2025-07-08_SD_ARI,2025,2025-07-08,,70.67,6.97,-0.4679,74.3,open,2680
2025_2025-07-09_SD_ARI,2025,2025-07-09,,71.1,5.57,-0.3907,69.3,open,2680
2025_2025-07-10_SD_ARI,2025,2025-07-10,,70.23,3.6,0.4555,75.7,open,2680
2025_2025-07-18_PHI_LAA,2025,2025-07-18,,82.6,4.0,-0.9962,49.7,open,2681
2025_2025-07-19_PHI_LAA,2025,2025-07-19,,80.33,3.33,0.6997,76.3,open,2681
2025_2025-07-20_PHI_LAA,2025,2025-07-20,,87.23,5.83,0.3387,64.0,open,2681
2025_2025-08-18_PHI_SEA,2025,2025-08-18,,70.9,6.43,-0.3778,74.0,open,2681
2025_2025-08-19_PHI_SEA,2025,2025-08-19,,70.7,6.57,0.0279,68.0,open,2681
2025_2025-08-20_PHI_SEA,2025,2025-08-20,,76.47,7.13,-0.319,78.3,open,2681
2025_2025-05-02_PHI_ARI,2025,2025-05-02,,82.7,10.2,0.9085,34.7,open,2681
2025_2025-05-03_PHI_ARI,2025,2025-05-03,,70.8,7.83,0.9455,79.0,open,2681
2025_2025-05-04_PHI_ARI,2025,2025-05-04,,67.27,10.6,0.9478,86.0,open,2681
2025_2025-04-04_PHI_LAD,2025,2025-04-04,,64.53,3.87,-1.0,59.0,open,2681
2025_2025-04-05_PHI_LAD,2025,2025-04-05,,57.3,4.7,-0.632,79.0,open,2681
2025_2025-04-06_PHI_LAD,2025,2025-04-06,,58.5,7.57,-0.9483,67.3,open,2681
2025_2025-06-30_PHI_SD,2025,2025-06-30,,81.57,5.57,0.9542,84.3,open,2681
2025_2025-07-02_PHI_SD,2025,2025-07-02,,80.63,2.73,0.7022,71.3,open,2681
2025_2025-07-02_PHI_SD_2,2025,2025-07-02,,82.0,4.0,0.8918,66.3,open,2681
2025_2025-04-14_PHI_SF,2025,2025-04-14,,61.83,5.33,0.974,63.3,open,2681
2025_2025-04-15_PHI_SF,2025,2025-04-15,,55.97,14.4,0.0872,44.3,open,2681
2025_2025-04-16_PHI_SF,2025,2025-04-16,,49.77,11.77,-0.3584,47.7,open,2681
2025_2025-04-17_PHI_SF,2025,2025-04-17,,59.5,6.93,-0.2198,34.7,open,2681
2025_2025-06-09_PHI_CHC,2025,2025-06-09,,74.1,4.7,-0.247,77.0,open,2681
2025_2025-06-10_PHI_CHC,2025,2025-06-10,,77.37,5.93,0.4274,59.0,open,2681
2025_2025-06-11_PHI_CHC,2025,2025-06-11,,81.9,7.33,0.3907,40.3,open,2681
2025_2025-07-04_PHI_CIN,2025,2025-07-04,,82.43,3.1,-0.9489,41.3,open,2681
2025_2025-07-05_PHI_CIN,2025,2025-07-05,,86.73,6.53,0.9511,35.3,open,2681
2025_2025-07-06_PHI_CIN,2025,2025-07-06,,89.37,8.5,0.974,41.7,open,2681
2025_2025-05-16_PHI_PIT,2025,2025-05-16,,76.17,5.17,0.9391,84.7,open,2681
2025_2025-05-17_PHI_PIT,2025,2025-05-17,,77.87,9.3,0.4695,50.0,open,2681
2025_2025-05-18_PHI_PIT,2025,2025-05-18,,74.27,15.4,-0.0767,40.3,open,2681
2025_2025-05-30_PHI_MIL,2025,2025-05-30,,72.3,3.33,0.9995,73.0,open,2681
2025_2025-05-31_PHI_MIL,2025,2025-05-31,,65.7,10.63,-0.1305,61.7,open,2681
2025_2025-06-01_PHI_MIL,2025,2025-06-01,,66.73,13.1,0.0924,37.7,open,2681
2025_2025-05-27_PHI_ATL,2025,2025-05-27,,67.6,7.17,0.9833,45.3,open,2681
2025_2025-05-29_PHI_ATL,2025,2025-05-29,,69.67,5.27,0.0297,71.7,open,2681
2025_2025-05-29_PHI_ATL_2,2025,2025-05-29,,70.77,5.1,0.3859,69.3,open,2681
2025_2025-08-28_PHI_ATL,2025,2025-08-28,,73.6,7.33,0.9999,41.0,open,2681
2025_2025-08-29_PHI_ATL,2025,2025-08-29,,76.57,8.83,-0.2079,35.0,open,2681
2025_2025-08-30_PHI_ATL,2025,2025-08-30,,73.8,5.53,-0.6959,31.3,open,2681
2025_2025-08-31_PHI_ATL,2025,2025-08-31,,74.53,6.6,-0.3633,37.3,open,2681
2025_2025-04-18_PHI_MIA,2025,2025-04-18,,63.2,12.33,0.9857,63.7,open,2681
2025_2025-04-19_PHI_MIA,2025,2025-04-19,,76.07,10.97,0.829,55.3,open,2681
2025_2025-04-20_PHI_MIA,2025,2025-04-20,,70.13,8.8,-0.9272,20.0,open,2681
2025_2025-09-23_PHI_MIA,2025,2025-09-23,,77.97,6.87,0.9996,66.3,open,2681
2025_2025-09-24_PHI_MIA,2025,2025-09-24,,71.67,4.33,0.9265,93.7,open,2681
2025_2025-09-25_PHI_MIA,2025,2025-09-25,,74.6,9.73,0.898,90.3,open,2681
2025_2025-06-20_PHI_NYM,2025,2025-06-20,,76.9,5.6,0.628,66.3,open,2681
2025_2025-06-21_PHI_NYM,2025,2025-06-21,,81.3,5.43,0.9728,63.3,open,2681
2025_2025-06-22_PHI_NYM,2025,2025-06-22,,85.93,5.63,0.7965,71.7,open,2681
2025_2025-09-08_PHI_NYM,2025,2025-09-08,,67.27,3.1,-0.8406,58.3,open,2681
2025_2025-09-09_PHI_NYM,2025,2025-09-09,,67.73,7.83,-0.5446,60.3,open,2681
2025_2025-09-10_PHI_NYM,2025,2025-09-10,,67.37,4.03,-0.8973,77.0,open,2681
2025_2025-09-11_PHI_NYM,2025,2025-09-11,,72.87,3.33,-0.8028,51.0,open,2681
2025_2025-03-31_PHI_COL,2025,2025-03-31,,76.8,12.63,0.9527,59.0,open,2681
2025_2025-04-02_PHI_COL,2025,2025-04-02,,47.6,9.07,0.4848,62.3,open,2681
2025_2025-04-03_PHI_COL,2025,2025-04-03,,71.07,16.03,0.8261,80.0,open,2681
2025_2025-04-29_PHI_WSH,2025,2025-04-29,,76.87,14.2,0.9781,43.3,open,2681
2025_2025-04-30_PHI_WSH,2025,2025-04-30,,76.77,6.8,-0.9759,16.3,open,2681
2025_2025-05-01_PHI_WSH,2025,2025-05-01,,70.8,9.33,0.6455,56.0,open,2681
2025_2025-05-12_PHI_STL,2025,2025-05-12,,76.27,8.6,0.9919,46.7,open,2681
2025_2025-05-14_PHI_STL,2025,2025-05-14,,67.17,11.87,-0.1063,82.7,open,2681
2025_2025-05-14_PHI_STL_2,2025,2025-05-14,,67.1,5.7,0.2368,90.0,open,2681
2025_2025-06-13_PHI_TOR,2025,2025-06-13,,79.47,7.03,0.1805,48.3,open,2681
2025_2025-06-14_PHI_TOR,2025,2025-06-14,,70.47,6.7,-0.6947,75.7,open,2681
2025_2025-06-15_PHI_TOR,2025,2025-06-15,,67.07,6.87,-0.4478,77.3,open,2681
2025_2025-08-01_PHI_DET,2025,2025-08-01,,72.7,5.47,-0.6266,72.0,open,2681
2025_2025-08-02_PHI_DET,2025,2025-08-02,,77.97,4.93,-0.3272,43.3,open,2681
2025_2025-08-03_PHI_DET,2025,2025-08-03,,75.67,4.33,0.515,57.0,open,2681
2025_2025-08-04_PHI_BAL,2025,2025-08-04,,82.73,5.37,0.8934,42.0,open,2681
2025_2025-08-05_PHI_BAL,2025,2025-08-05,,81.0,6.13,0.7559,46.0,open,2681
2025_2025-08-06_PHI_BAL,2025,2025-08-06,,80.47,6.23,-0.1754,56.0,open,2681
2025_2025-08-22_PHI_WSH,2025,2025-08-22,,75.87,4.6,0.982,49.0,open,2681
2025_2025-08-23_PHI_WSH,2025,2025-08-23,,75.4,9.37,0.9048,52.0,open,2681
2025_2025-08-24_PHI_WSH,2025,2025-08-24,,83.0,7.93,0.9803,47.3,open,2681
2025_2025-09-12_PHI_KC,2025,2025-09-12,,76.6,4.93,0.1857,45.7,open,2681
2025_2025-09-13_PHI_KC,2025,2025-09-13,,76.5,8.2,0.9983,51.7,open,2681
2025_2025-09-14_PHI_KC,2025,2025-09-14,,85.7,4.67,-0.8686,31.3,open,2681
2025_2025-09-26_PHI_MIN,2025,2025-09-26,,74.17,2.87,0.0035,72.0,open,2681
2025_2025-09-27_PHI_MIN,2025,2025-09-27,,73.23,3.27,0.342,77.7,open,2681
2025_2025-09-28_PHI_MIN,2025,2025-09-28,,81.07,3.13,-0.2773,56.3,open,2681
2025_2025-10-04_PHI_LAD,2025,2025-10-04,,73.03,6.2,0.9114,56.0,open,2681
2025_2025-10-06_PHI_LAD,2025,2025-10-06,,74.07,7.37,0.9979,62.3,open,2681
2025_2025-07-21_PHI_BOS,2025,2025-07-21,,83.23,5.1,-0.9699,43.0,open,2681
2025_2025-07-22_PHI_BOS,2025,2025-07-22,,78.83,7.97,-0.0802,52.0,open,2681
2025_2025-07-23_PHI_BOS,2025,2025-07-23,,77.7,7.37,0.9993,55.0,open,2681
2025_2025-08-17_NYM_SEA,2025,2025-08-17,34.0,78.2,7.23,-0.9895,74.7,open,2735
2025_2025-03-27_STL_MIN,2025,2025-03-27,,57.13,7.9,-0.723,83.0,open,2889
2025_2025-03-29_STL_MIN,2025,2025-03-29,,71.47,13.47,0.4695,60.7,open,2889
2025_2025-03-30_STL_MIN,2025,2025-03-30,,66.37,11.9,0.9361,75.0,open,2889
2025_2025-04-14_STL_HOU,2025,2025-04-14,,58.57,8.27,0.7278,53.7,open,2889
2025_2025-04-15_STL_HOU,2025,2025-04-15,,55.37,6.83,0.5461,49.0,open,2889
2025_2025-04-16_STL_HOU,2025,2025-04-16,,64.5,3.83,0.0,38.3,open,2889
2025_2025-05-23_STL_ARI,2025,2025-05-23,,65.67,3.23,0.2096,56.7,open,2889
2025_2025-05-24_STL_ARI,2025,2025-05-24,,70.1,7.73,-0.3355,50.3,open,2889
2025_2025-05-25_STL_ARI,2025,2025-05-25,,63.1,7.87,-0.9781,75.3,open,2889
2025_2025-07-24_STL_SD,2025,2025-07-24,,94.87,5.8,0.6984,41.0,open,2889
2025_2025-07-25_STL_SD,2025,2025-07-25,,89.4,5.37,0.1977,58.0,open,2889
2025_2025-07-26_STL_SD,2025,2025-07-26,,85.63,3.37,0.7782,70.0,open,2889
2025_2025-07-27_STL_SD,2025,2025-07-27,,88.13,2.27,0.9959,66.7,open,2889
2025_2025-09-05_STL_SF,2025,2025-09-05,,66.7,4.03,0.8695,57.3,open,2889
2025_2025-09-06_STL_SF,2025,2025-09-06,,70.1,3.47,0.7431,48.3,open,2889
2025_2025-09-07_STL_SF,2025,2025-09-07,,69.73,5.97,-0.4274,34.3,open,2889
2025_2025-06-23_STL_CHC,2025,2025-06-23,,93.17,9.07,0.5793,41.3,open,2889
2025_2025-06-24_STL_CHC,2025,2025-06-24,,92.4,5.37,0.7059,46.7,open,2889
2025_2025-06-25_STL_CHC,2025,2025-06-25,,89.23,5.03,0.5045,56.0,open,2889
2025_2025-06-26_STL_CHC,2025,2025-06-26,,95.4,7.27,0.8517,37.3,open,2889
2025_2025-08-08_STL_CHC,2025,2025-08-08,,86.37,8.4,-0.1028,59.7,open,2889
2025_2025-08-09_STL_CHC,2025,2025-08-09,,87.87,8.43,0.2453,53.7,open,2889
2025_2025-08-10_STL_CHC,2025,2025-08-10,,87.17,5.83,0.4083,53.0,open,2889
2025_2025-06-20_STL_CIN,2025,2025-06-20,,85.9,9.0,0.4067,61.0,open,2889
2025_2025-06-21_STL_CIN,2025,2025-06-21,,94.43,11.53,0.8151,46.7,open,2889
2025_2025-06-22_STL_CIN,2025,2025-06-22,,95.93,9.33,0.8059,39.0,open,2889
2025_2025-09-15_STL_CIN,2025,2025-09-15,,86.57,5.37,-0.999,43.3,open,2889
2025_2025-09-16_STL_CIN,2025,2025-09-16,,85.6,6.03,-0.7373,33.3,open,2889
2025_2025-09-17_STL_CIN,2025,2025-09-17,,87.9,2.33,-0.9943,33.7,open,2889
2025_2025-05-05_STL_PIT,2025,2025-05-05,,58.03,1.73,0.8942,71.3,open,2889
2025_2025-05-06_STL_PIT,2025,2025-05-06,,66.3,2.0,-0.7083,62.0,open,2889
2025_2025-05-07_STL_PIT,2025,2025-05-07,,70.2,8.57,-0.807,53.3,open,2889
2025_2025-08-25_STL_PIT,2025,2025-08-25,,70.93,5.2,0.153,43.3,open,2889
2025_2025-08-26_STL_PIT,2025,2025-08-26,,72.23,5.53,-0.8271,41.0,open,2889
2025_2025-08-27_STL_PIT,2025,2025-08-27,,76.2,5.17,-0.299,38.0,open,2889
2025_2025-08-28_STL_PIT,2025,2025-08-28,,82.9,4.2,0.4756,33.3,open,2889
2025_2025-04-25_STL_MIL,2025,2025-04-25,,68.7,8.3,0.153,77.0,open,2889
2025_2025-04-26_STL_MIL,2025,2025-04-26,,63.43,5.67,-0.9212,54.0,open,2889
2025_2025-04-27_STL_MIL,2025,2025-04-27,,57.53,7.63,-0.742,81.3,open,2889
2025_2025-09-19_STL_MIL,2025,2025-09-19,,77.23,4.4,0.1132,62.0,open,2889
2025_2025-09-20_STL_MIL,2025,2025-09-20,,76.27,4.87,-0.0384,71.0,open,2889
2025_2025-09-21_STL_MIL,2025,2025-09-21,,78.37,6.37,0.9997,67.7,open,2889
2025_2025-07-11_STL_ATL,2025,2025-07-11,,87.23,7.57,0.6129,58.3,open,2889
2025_2025-07-12_STL_ATL,2025,2025-07-12,,83.93,7.1,0.8131,65.3,open,2889
2025_2025-07-13_STL_ATL,2025,2025-07-13,,76.37,4.3,0.6896,84.0,open,2889
2025_2025-07-28_STL_MIA,2025,2025-07-28,,93.73,5.87,0.0541,50.0,open,2889
2025_2025-07-29_STL_MIA,2025,2025-07-29,,89.73,3.8,-0.5432,55.3,open,2889
2025_2025-07-30_STL_MIA,2025,2025-07-30,,85.2,3.07,0.279,72.7,open,2889
2025_2025-05-02_STL_NYM,2025,2025-05-02,,60.57,2.77,0.8949,79.0,open,2889
2025_2025-05-04_STL_NYM,2025,2025-05-04,,58.97,9.67,-0.2823,58.0,open,2889
2025_2025-05-04_STL_NYM_2,2025,2025-05-04,,58.57,6.8,-0.2351,56.7,open,2889
2025_2025-04-11_STL_PHI,2025,2025-04-11,,50.3,3.83,0.274,69.3,open,2889
2025_2025-04-12_STL_PHI,2025,2025-04-12,,58.53,4.4,0.0488,50.3,open,2889
2025_2025-04-13_STL_PHI,2025,2025-04-13,,70.7,13.53,0.1132,56.0,open,2889
2025_2025-05-19_STL_DET,2025,2025-05-19,,73.4,10.27,-0.4274,79.7,open,2889
2025_2025-05-20_STL_DET,2025,2025-05-20,,72.43,10.4,0.8358,66.3,open,2889
2025_2025-05-21_STL_DET,2025,2025-05-21,,67.2,15.17,0.6347,48.7,open,2889
2025_2025-06-03_STL_KC,2025,2025-06-03,,84.23,14.07,0.3907,47.3,open,2889
2025_2025-06-05_STL_KC,2025,2025-06-05,,72.4,3.97,-0.3584,78.3,open,2889
2025_2025-06-05_STL_KC_2,2025,2025-06-05,,72.47,4.1,-0.5446,79.0,open,2889
2025_2025-06-09_STL_TOR,2025,2025-06-09,,74.33,7.33,0.4955,54.3,open,2889
2025_2025-06-10_STL_TOR,2025,2025-06-10,,75.13,3.17,0.9608,62.0,open,2889
2025_2025-06-11_STL_TOR,2025,2025-06-11,,83.23,6.7,0.2605,51.7,open,2889
2025_2025-07-08_STL_WSH,2025,2025-07-08,,75.53,3.27,-0.2351,85.0,open,2889
2025_2025-07-09_STL_WSH,2025,2025-07-09,,83.73,3.6,-0.3107,61.0,open,2889
2025_2025-07-10_STL_WSH,2025,2025-07-10,,87.33,4.73,0.4756,48.0,open,2889
2025_2025-08-11_STL_COL,2025,2025-08-11,,87.97,6.8,0.4067,48.3,open,2889
2025_2025-08-12_STL_COL,2025,2025-08-12,,77.37,2.23,0.8563,85.7,open,2889
2025_2025-08-13_STL_COL,2025,2025-08-13,,85.33,4.33,-0.4115,59.7,open,2889
2025_2025-08-15_STL_NYY,2025,2025-08-15,,89.5,5.2,0.0332,49.7,open,2889
2025_2025-08-16_STL_NYY,2025,2025-08-16,,92.1,2.63,-0.8813,50.0,open,2889
2025_2025-08-17_STL_NYY,2025,2025-08-17,,90.23,4.47,0.294,58.0,open,2889
2025_2025-09-01_STL_OAK,2025,2025-09-01,,79.33,4.27,-0.9699,40.3,open,2889
2025_2025-09-02_STL_OAK,2025,2025-09-02,,78.2,5.37,-0.6896,39.0,open,2889
2025_2025-06-06_STL_LAD,2025,2025-06-06,,69.53,5.63,-0.4648,94.3,open,2889
2025_2025-06-07_STL_LAD,2025,2025-06-07,,72.67,7.03,-0.1754,79.3,open,2889
2025_2025-06-08_STL_LAD,2025,2025-06-08,,79.23,5.6,0.9923,59.3,open,2889
2025_2025-03-31_STL_LAA,2025,2025-03-31,,50.17,4.5,0.0785,61.0,open,2889
2025_2025-04-01_STL_LAA,2025,2025-04-01,,55.6,11.87,-0.4939,58.0,open,2889
2025_2025-04-02_STL_LAA,2025,2025-04-02,,70.17,15.2,0.7804,84.3,open,2889
2025_2025-09-03_STL_OAK,2025,2025-09-03,,79.2,8.63,0.4664,49.7,open,2889
2025_2025-07-21_NYM_LAA,2025,2025-07-21,,80.9,4.7,-0.8625,36.0,open,3289
2025_2025-07-22_NYM_LAA,2025,2025-07-22,,74.8,6.5,0.9048,53.7,open,3289
2025_2025-07-23_NYM_LAA,2025,2025-07-23,,80.73,7.5,0.9636,41.3,open,3289
2025_2025-08-15_NYM_SEA,2025,2025-08-15,,78.7,5.23,0.7771,70.0,open,3289
2025_2025-08-16_NYM_SEA,2025,2025-08-16,,82.0,6.4,0.9511,54.3,open,3289
2025_2025-09-12_NYM_TEX,2025,2025-09-12,,70.13,5.3,0.8949,65.7,open,3289
2025_2025-09-13_NYM_TEX,2025,2025-09-13,,72.63,7.33,0.8934,62.0,open,3289
2025_2025-09-14_NYM_TEX,2025,2025-09-14,,81.07,3.13,-0.2147,39.3,open,3289
2025_2025-06-13_NYM_TB,2025,2025-06-13,,72.4,5.47,0.497,45.3,open,3289
2025_2025-06-14_NYM_TB,2025,2025-06-14,,64.27,8.13,-0.7923,78.3,open,3289
2025_2025-06-15_NYM_TB,2025,2025-06-15,,65.03,3.63,-0.1547,77.3,open,3289
2025_2025-04-29_NYM_ARI,2025,2025-04-29,,63.37,10.3,0.9763,60.7,open,3289
2025_2025-04-30_NYM_ARI,2025,2025-04-30,,68.13,5.63,-0.6691,23.3,open,3289
2025_2025-05-01_NYM_ARI,2025,2025-05-01,,67.77,7.57,0.6909,24.7,open,3289
2025_2025-09-16_NYM_SD,2025,2025-09-16,,67.73,6.83,-0.5402,51.0,open,3289
2025_2025-09-17_NYM_SD,2025,2025-09-17,,66.5,5.37,-0.682,83.3,open,3289
2025_2025-09-18_NYM_SD,2025,2025-09-18,,79.1,3.5,-0.2605,52.7,open,3289
2025_2025-08-01_NYM_SF,2025,2025-08-01,,70.1,3.97,-0.9998,74.7,open,3289
2025_2025-08-02_NYM_SF,2025,2025-08-02,,77.63,3.87,-0.8161,37.3,open,3289
2025_2025-08-03_NYM_SF,2025,2025-08-03,,82.97,3.27,-0.5707,28.7,open,3289
2025_2025-05-09_NYM_CHC,2025,2025-05-09,,57.8,6.6,-0.3584,91.7,open,3289
2025_2025-05-10_NYM_CHC,2025,2025-05-10,,63.53,5.6,-0.007,52.7,open,3289
2025_2025-05-11_NYM_CHC,2025,2025-05-11,,72.8,6.57,-0.8039,43.7,open,3289
2025_2025-07-18_NYM_CIN,2025,2025-07-18,,82.27,4.93,-0.8686,37.3,open,3289
2025_2025-07-19_NYM_CIN,2025,2025-07-19,,81.3,7.33,0.9593,54.3,open,3289
2025_2025-07-20_NYM_CIN,2025,2025-07-20,,90.23,3.07,0.9157,47.3,open,3289
2025_2025-05-12_NYM_PIT,2025,2025-05-12,,60.03,4.6,0.8652,73.0,open,3289
2025_2025-05-13_NYM_PIT,2025,2025-05-13,,61.33,5.9,0.0314,89.7,open,3289
2025_2025-05-14_NYM_PIT,2025,2025-05-14,,60.9,8.67,0.3223,91.7,open,3289
2025_2025-07-02_NYM_MIL,2025,2025-07-02,,79.87,4.17,0.9789,77.3,open,3289
2025_2025-07-02_NYM_MIL_2,2025,2025-07-02,,76.27,4.3,0.9107,87.7,open,3289
2025_2025-07-03_NYM_MIL,2025,2025-07-03,,77.23,5.33,-0.0767,63.3,open,3289
2025_2025-06-23_NYM_ATL,2025,2025-06-23,,82.33,5.3,0.9003,70.7,open,3289
2025_2025-06-24_NYM_ATL,2025,2025-06-24,,96.63,4.53,-0.3891,30.3,open,3289
2025_2025-06-25_NYM_ATL,2025,2025-06-25,,92.2,3.67,-0.9191,43.0,open,3289
2025_2025-06-26_NYM_ATL,2025,2025-06-26,,72.6,6.43,-0.4067,56.7,open,3289
2025_2025-08-12_NYM_ATL,2025,2025-08-12,,78.1,6.17,0.8918,75.7,open,3289
2025_2025-08-13_NYM_ATL,2025,2025-08-13,,77.37,4.1,0.9379,87.7,open,3289
2025_2025-08-14_NYM_ATL,2025,2025-08-14,,82.0,3.33,0.9342,70.0,open,3289
2025_2025-04-07_NYM_MIA,2025,2025-04-07,,42.4,3.77,-0.9367,88.7,open,3289
2025_2025-04-08_NYM_MIA,2025,2025-04-08,,40.57,15.57,-0.2419,40.3,open,3289
2025_2025-04-09_NYM_MIA,2025,2025-04-09,,43.6,4.67,-0.1115,40.7,open,3289
2025_2025-08-28_NYM_MIA,2025,2025-08-28,,71.5,10.2,0.9947,59.0,open,3289
2025_2025-08-29_NYM_MIA,2025,2025-08-29,,73.57,6.83,-0.565,44.7,open,3289
2025_2025-08-30_NYM_MIA,2025,2025-08-30,,77.47,7.67,-0.6858,23.3,open,3289
2025_2025-08-31_NYM_MIA,2025,2025-08-31,,79.67,5.87,-0.9987,26.3,open,3289
2025_2025-04-04_NYM_TOR,2025,2025-04-04,,66.47,7.07,-0.4772,40.0,open,3289
2025_2025-04-05_NYM_TOR,2025,2025-04-05,,46.0,4.5,-0.9171,91.3,open,3289
2025_2025-04-06_NYM_TOR,2025,2025-04-06,,55.8,5.6,-0.7815,70.3,open,3289
2025_2025-04-17_NYM_STL,2025,2025-04-17,,53.6,3.97,-0.3024,50.0,open,3289
2025_2025-04-18_NYM_STL,2025,2025-04-18,,54.27,10.97,0.9823,69.0,open,3289
2025_2025-04-19_NYM_STL,2025,2025-04-19,,81.2,12.0,0.8018,41.7,open,3289
2025_2025-04-20_NYM_STL,2025,2025-04-20,,64.33,10.97,-0.788,27.7,open,3289
2025_2025-04-21_NYM_PHI,2025,2025-04-21,,51.6,7.03,0.7923,68.0,open,3289
2025_2025-04-22_NYM_PHI,2025,2025-04-22,,71.93,5.2,0.0924,35.3,open,3289
2025_2025-04-23_NYM_PHI,2025,2025-04-23,,72.3,1.3,0.5,24.0,open,3289
2025_2025-05-26_NYM_CWS,2025,2025-05-26,,69.9,3.73,-0.9985,41.3,open,3289
2025_2025-05-27_NYM_CWS,2025,2025-05-27,,62.33,5.1,0.8755,62.7,open,3289
2025_2025-05-28_NYM_CWS,2025,2025-05-28,,60.93,5.03,0.8821,49.7,open,3289
2025_2025-05-30_NYM_COL,2025,2025-05-30,,62.7,5.43,0.6547,95.7,open,3289
2025_2025-05-31_NYM_COL,2025,2025-05-31,,63.77,8.33,-0.0035,69.7,open,3289
2025_2025-06-01_NYM_COL,2025,2025-06-01,,64.43,11.97,0.0401,40.7,open,3289
2025_2025-06-10_NYM_WSH,2025,2025-06-10,,70.4,5.4,0.9921,89.0,open,3289
2025_2025-06-11_NYM_WSH,2025,2025-06-11,,74.6,3.13,0.9877,66.7,open,3289
2025_2025-06-12_NYM_WSH,2025,2025-06-12,,92.63,5.83,-0.1668,26.0,open,3289
2025_2025-07-04_NYM_NYY,2025,2025-07-04,,83.6,5.63,-0.6293,33.0,open,3289
2025_2025-07-05_NYM_NYY,2025,2025-07-05,,84.1,8.63,0.9578,40.7,open,3289
2025_2025-07-06_NYM_NYY,2025,2025-07-06,,87.27,9.2,0.9799,41.7,open,3289
2025_2025-08-04_NYM_CLE,2025,2025-08-04,,79.87,3.8,0.9379,45.3,open,3289
2025_2025-08-05_NYM_CLE,2025,2025-08-05,,77.33,4.23,0.6871,62.0,open,3289
2025_2025-08-06_NYM_CLE,2025,2025-08-06,,82.5,6.13,0.4035,39.3,open,3289
2025_2025-08-25_NYM_PHI,2025,2025-08-25,,81.03,9.43,0.068,30.7,open,3289
2025_2025-08-26_NYM_PHI,2025,2025-08-26,,72.7,4.9,1.0,63.3,open,3289
2025_2025-08-27_NYM_PHI,2025,2025-08-27,,72.53,7.47,-0.4695,38.0,open,3289
2025_2025-09-19_NYM_WSH,2025,2025-09-19,,77.27,3.23,-0.6717,46.7,open,3289
2025_2025-09-20_NYM_WSH,2025,2025-09-20,,73.37,4.43,-0.3843,39.0,open,3289
2025_2025-09-21_NYM_WSH,2025,2025-09-21,,71.83,4.27,0.2622,40.0,open,3289
2025_2025-05-23_NYM_LAD,2025,2025-05-23,,55.5,2.0,0.9542,79.7,open,3289
2025_2025-05-24_NYM_LAD,2025,2025-05-24,,58.33,8.27,-0.279,64.0,open,3289
2025_2025-05-25_NYM_LAD,2025,2025-05-25,,61.23,5.27,-0.1822,60.7,open,3289
2025_2025-06-06_WSH_TEX,2025,2025-06-06,,79.43,5.0,-0.0541,65.3,open,3309
2025_2025-06-07_WSH_TEX,2025,2025-06-07,,82.7,5.73,-0.3502,53.0,open,3309
2025_2025-06-08_WSH_TEX,2025,2025-06-08,,75.7,8.17,-0.0541,74.0,open,3309
2025_2025-04-04_WSH_ARI,2025,2025-04-04,,67.53,4.73,-0.9943,69.0,open,3309
2025_2025-04-05_WSH_ARI,2025,2025-04-05,,79.5,7.6,0.9984,64.3,open,3309
2025_2025-04-06_WSH_ARI,2025,2025-04-06,,60.3,9.1,-0.808,76.7,open,3309
2025_2025-04-07_WSH_LAD,2025,2025-04-07,,48.73,4.0,-0.9681,81.0,open,3309
2025_2025-04-08_WSH_LAD,2025,2025-04-08,,42.23,10.43,-0.1719,37.7,open,3309
2025_2025-04-09_WSH_LAD,2025,2025-04-09,,50.53,4.17,0.9532,40.7,open,3309
2025_2025-07-18_WSH_SD,2025,2025-07-18,,79.07,1.8,0.7782,85.3,open,3309
2025_2025-07-19_WSH_SD,2025,2025-07-19,,81.13,0.77,0.9641,81.3,open,3309
2025_2025-07-20_WSH_SD,2025,2025-07-20,,87.63,7.87,0.0192,60.0,open,3309
2025_2025-05-23_WSH_SF,2025,2025-05-23,,61.47,10.03,0.0645,51.0,open,3309
2025_2025-05-24_WSH_SF,2025,2025-05-24,,66.47,11.57,-0.1028,40.7,open,3309
2025_2025-05-25_WSH_SF,2025,2025-05-25,,68.47,8.07,-0.0471,40.7,open,3309
2025_2025-06-03_WSH_CHC,2025,2025-06-03,,75.47,4.23,0.7749,55.3,open,3309
2025_2025-06-04_WSH_CHC,2025,2025-06-04,,80.5,8.2,0.8131,58.7,open,3309
2025_2025-06-05_WSH_CHC,2025,2025-06-05,,79.77,8.13,0.8721,62.7,open,3309
2025_2025-07-21_WSH_CIN,2025,2025-07-21,,82.77,3.7,0.0558,58.3,open,3309
2025_2025-07-22_WSH_CIN,2025,2025-07-22,,80.4,6.13,-0.3665,55.3,open,3309
2025_2025-07-23_WSH_CIN,2025,2025-07-23,,84.0,5.0,0.4115,49.3,open,3309
2025_2025-09-12_WSH_PIT,2025,2025-09-12,,73.87,4.27,-0.4384,52.0,open,3309
2025_2025-09-13_WSH_PIT,2025,2025-09-13,,82.53,1.23,-0.2756,33.7,open,3309
2025_2025-09-14_WSH_PIT,2025,2025-09-14,,79.47,1.83,-0.6871,51.3,open,3309
2025_2025-08-01_WSH_MIL,2025,2025-08-01,,74.33,6.57,-0.9998,70.3,open,3309
2025_2025-08-02_WSH_MIL,2025,2025-08-02,,76.53,5.1,-0.9724,51.7,open,3309
2025_2025-08-03_WSH_MIL,2025,2025-08-03,,79.17,4.6,-0.8886,43.3,open,3309
2025_2025-05-20_WSH_ATL,2025,2025-05-20,,66.9,2.57,-0.4586,47.7,open,3309
2025_2025-05-22_WSH_ATL,2025,2025-05-22,,59.97,6.1,0.0366,75.3,open,3309
2025_2025-09-15_WSH_ATL,2025,2025-09-15,,75.37,5.6,-0.7242,54.7,open,3309
2025_2025-09-16_WSH_ATL,2025,2025-09-16,,71.27,11.43,-0.9885,57.7,open,3309
2025_2025-09-16_WSH_ATL_2,2025,2025-09-16,,70.1,11.73,-0.9715,56.7,open,3309
2025_2025-09-17_WSH_ATL,2025,2025-09-17,,69.1,8.63,-1.0,89.0,open,3309
2025_2025-06-13_WSH_MIA,2025,2025-06-13,,83.97,5.5,0.9655,57.7,open,3309
2025_2025-06-14_WSH_MIA,2025,2025-06-14,,83.17,3.07,-0.7408,63.0,open,3309
2025_2025-06-15_WSH_MIA,2025,2025-06-15,,71.43,6.6,-0.6225,80.0,open,3309
2025_2025-09-01_WSH_MIA,2025,2025-09-01,,78.23,10.03,-0.832,34.0,open,3309
2025_2025-09-02_WSH_MIA,2025,2025-09-02,,72.67,3.47,-0.1288,45.7,open,3309
2025_2025-09-03_WSH_MIA,2025,2025-09-03,,81.7,1.33,0.9724,32.3,open,3309
2025_2025-04-25_WSH_NYM,2025,2025-04-25,,73.67,9.1,0.8949,60.3,open,3309
2025_2025-04-26_WSH_NYM,2025,2025-04-26,,72.53,10.37,-0.2487,63.3,open,3309
2025_2025-04-27_WSH_NYM,2025,2025-04-27,,64.53,14.7,-0.3762,33.0,open,3309
2025_2025-04-28_WSH_NYM,2025,2025-04-28,,72.23,4.8,0.9923,24.0,open,3309
2025_2025-08-19_WSH_NYM,2025,2025-08-19,,71.33,7.03,-0.5864,75.0,open,3309
2025_2025-08-20_WSH_NYM,2025,2025-08-20,,79.23,4.57,-0.6143,77.0,open,3309
2025_2025-08-21_WSH_NYM,2025,2025-08-21,,73.0,9.9,-0.9603,70.7,open,3309
2025_2025-03-27_WSH_PHI,2025,2025-03-27,,57.1,4.93,0.6534,23.0,open,3309
2025_2025-03-29_WSH_PHI,2025,2025-03-29,,80.27,9.1,0.9999,29.0,open,3309
2025_2025-03-30_WSH_PHI,2025,2025-03-30,,80.3,12.7,0.9842,36.0,open,3309
2025_2025-08-14_WSH_PHI,2025,2025-08-14,,80.93,1.87,-0.599,81.3,open,3309
2025_2025-08-15_WSH_PHI,2025,2025-08-15,,82.77,4.7,-0.299,69.7,open,3309
2025_2025-08-16_WSH_PHI,2025,2025-08-16,,89.07,4.0,0.4894,48.0,open,3309
2025_2025-08-17_WSH_PHI,2025,2025-08-17,,89.7,3.3,0.5373,50.3,open,3309
2025_2025-04-24_WSH_BAL,2025,2025-04-24,,73.5,7.77,0.6508,29.3,open,3309
2025_2025-05-06_WSH_CLE,2025,2025-05-06,,68.93,11.03,0.673,55.7,open,3309
2025_2025-05-06_WSH_CLE_2,2025,2025-05-06,,68.93,11.03,0.673,55.7,open,3309
2025_2025-05-07_WSH_CLE,2025,2025-05-07,,69.37,7.9,-0.0802,57.3,open,3309
2025_2025-05-09_WSH_STL,2025,2025-05-09,,57.93,8.6,-0.6494,70.0,open,3309
2025_2025-05-10_WSH_STL,2025,2025-05-10,,69.97,6.13,0.0924,41.7,open,3309
2025_2025-05-11_WSH_STL,2025,2025-05-11,,78.9,0.83,0.4258,35.7,open,3309
2025_2025-06-16_WSH_COL,2025,2025-06-16,,70.2,3.43,-0.7349,88.3,open,3309
2025_2025-06-17_WSH_COL,2025,2025-06-17,,80.0,4.53,0.8854,78.0,open,3309
2025_2025-06-18_WSH_COL,2025,2025-06-18,,78.73,4.77,0.9888,86.7,open,3309
2025_2025-06-19_WSH_COL,2025,2025-06-19,,88.0,11.97,0.9361,58.7,open,3309
2025_2025-07-02_WSH_DET,2025,2025-07-02,,82.1,1.03,-0.5225,67.0,open,3309
2025_2025-07-02_WSH_DET_2,2025,2025-07-02,,80.43,2.97,-0.9966,76.3,open,3309
2025_2025-07-03_WSH_DET,2025,2025-07-03,,85.23,4.6,0.1045,51.7,open,3309
2025_2025-09-26_WSH_CWS,2025,2025-09-26,,76.43,2.13,-0.9925,72.0,open,3309
2025_2025-09-27_WSH_CWS,2025,2025-09-27,,72.6,4.6,-0.9806,79.0,open,3309
2025_2025-09-28_WSH_CWS,2025,2025-09-28,,79.07,2.93,-0.225,57.7,open,3309
2025_2025-08-05_WSH_OAK,2025,2025-08-05,,77.27,3.67,-0.014,68.0,open,3309
2025_2025-08-06_WSH_OAK,2025,2025-08-06,,73.93,5.53,-0.6481,74.3,open,3309
2025_2025-08-07_WSH_OAK,2025,2025-08-07,,79.37,8.1,-0.6307,53.7,open,3309
2025_2025-04-22_WSH_BAL,2025,2025-04-22,,75.8,7.5,-0.6334,31.7,open,3309
2025_2025-04-23_WSH_BAL,2025,2025-04-23,,75.13,4.4,-0.421,16.0,open,3309
2025_2025-07-04_WSH_BOS,2025,2025-07-04,,82.33,3.47,-0.9373,38.7,open,3309
2025_2025-07-05_WSH_BOS,2025,2025-07-05,,88.17,5.83,0.2571,35.7,open,3309
2025_2025-07-06_WSH_BOS,2025,2025-07-06,,87.5,6.27,0.4289,56.3,open,3309
2025_2025-08-29_WSH_TB,2025,2025-08-29,,75.97,7.77,-0.0471,37.3,open,3309
2025_2025-08-30_WSH_TB,2025,2025-08-30,,76.4,2.97,-0.549,25.0,open,3309
2025_2025-08-31_WSH_TB,2025,2025-08-31,,77.87,5.6,-0.9655,28.0,open,3309
2025_2025-04-25_MIN_LAA,2025,2025-04-25,,53.2,5.87,0.2096,57.7,open,3312
2025_2025-04-26_MIN_LAA,2025,2025-04-26,,57.7,5.53,-0.9461,43.0,open,3312
2025_2025-04-27_MIN_LAA,2025,2025-04-27,,60.83,13.07,-0.8241,51.7,open,3312
2025_2025-04-03_MIN_HOU,2025,2025-04-03,,41.6,7.73,0.9421,67.0,open,3312
2025_2025-04-05_MIN_HOU,2025,2025-04-05,,40.0,10.53,0.9998,40.3,open,3312
2025_2025-04-06_MIN_HOU,2025,2025-04-06,,52.23,7.93,0.2453,42.3,open,3312
2025_2025-06-23_MIN_SEA,2025,2025-06-23,,79.77,5.6,0.9449,45.3,open,3312
2025_2025-06-24_MIN_SEA,2025,2025-06-24,,79.17,5.97,-0.2385,33.7,open,3312
2025_2025-06-25_MIN_SEA,2025,2025-06-25,,70.2,8.6,-0.1063,95.0,open,3312
2025_2025-06-26_MIN_SEA,2025,2025-06-26,,65.4,8.57,-0.5519,86.3,open,3312
2025_2025-06-10_MIN_TEX,2025,2025-06-10,,80.47,7.93,-0.4035,40.7,open,3312
2025_2025-06-11_MIN_TEX,2025,2025-06-11,,67.43,4.27,-0.5284,63.0,open,3312
2025_2025-06-12_MIN_TEX,2025,2025-06-12,,70.77,9.77,-0.7524,54.3,open,3312
2025_2025-07-28_MIN_BOS,2025,2025-07-28,,83.77,3.93,-0.6414,59.3,open,3312
2025_2025-07-29_MIN_BOS,2025,2025-07-29,,83.1,6.77,0.3778,52.3,open,3312
2025_2025-07-30_MIN_BOS,2025,2025-07-30,,81.9,9.63,-0.314,38.3,open,3312
2025_2025-08-29_MIN_SD,2025,2025-08-29,,69.67,6.67,-0.7705,72.3,open,3312
2025_2025-08-30_MIN_SD,2025,2025-08-30,,73.57,5.37,-0.8949,51.0,open,3312
2025_2025-08-31_MIN_SD,2025,2025-08-31,,75.5,5.77,-0.9989,48.0,open,3312
2025_2025-05-09_MIN_SF,2025,2025-05-09,,81.1,3.57,0.9949,26.7,open,3312
2025_2025-05-10_MIN_SF,2025,2025-05-10,,72.77,7.33,-0.9816,22.7,open,3312
2025_2025-05-11_MIN_SF,2025,2025-05-11,,88.7,13.13,-0.3697,19.0,open,3312
2025_2025-07-08_MIN_CHC,2025,2025-07-08,,79.8,6.77,0.9455,48.0,open,3312
2025_2025-07-09_MIN_CHC,2025,2025-07-09,,83.3,6.1,-0.988,39.3,open,3312
2025_2025-07-10_MIN_CHC,2025,2025-07-10,,73.97,5.7,-0.9703,78.7,open,3312
2025_2025-07-11_MIN_PIT,2025,2025-07-11,,78.7,4.63,-0.2605,65.3,open,3312
2025_2025-07-12_MIN_PIT,2025,2025-07-12,,77.83,12.3,0.9085,43.7,open,3312
2025_2025-07-13_MIN_PIT,2025,2025-07-13,,86.63,8.33,0.0,33.7,open,3312
2025_2025-06-20_MIN_MIL,2025,2025-06-20,,79.93,9.67,-0.9857,76.7,open,3312
2025_2025-06-21_MIN_MIL,2025,2025-06-21,,91.13,11.83,-0.3156,62.3,open,3312
2025_2025-06-22_MIN_MIL,2025,2025-06-22,,90.83,16.07,-0.6561,57.0,open,3312
2025_2025-04-14_MIN_NYM,2025,2025-04-14,,45.5,14.2,0.9993,62.3,open,3312
2025_2025-04-15_MIN_NYM,2025,2025-04-15,,48.3,6.83,0.9646,44.7,open,3312
2025_2025-04-16_MIN_NYM,2025,2025-04-16,,52.4,10.53,-0.9874,43.0,open,3312
2025_2025-04-11_MIN_DET,2025,2025-04-11,,48.5,3.57,-0.9516,64.0,open,3312
2025_2025-04-12_MIN_DET,2025,2025-04-12,,64.5,11.67,-0.7997,44.0,open,3312
2025_2025-04-13_MIN_DET,2025,2025-04-13,,64.03,3.1,-0.6947,59.0,open,3312
2025_2025-04-24_MIN_CWS,2025,2025-04-24,,50.67,5.93,0.2857,64.3,open,3312
2025_2025-05-06_MIN_BAL,2025,2025-05-06,,81.47,2.47,-0.9792,16.0,open,3312
2025_2025-05-07_MIN_BAL,2025,2025-05-07,,66.73,10.5,-0.2907,33.3,open,3312
2025_2025-05-08_MIN_BAL,2025,2025-05-08,,65.53,6.17,-0.723,28.0,open,3312
2025_2025-05-19_MIN_CLE,2025,2025-05-19,,55.7,14.17,-0.7083,64.7,open,3312
2025_2025-05-21_MIN_CLE,2025,2025-05-21,,48.13,7.53,-0.6984,84.0,open,3312
2025_2025-05-23_MIN_KC,2025,2025-05-23,,57.4,3.5,-0.6252,53.3,open,3312
2025_2025-05-24_MIN_KC,2025,2025-05-24,,62.97,1.0,-0.9999,42.0,open,3312
2025_2025-05-25_MIN_KC,2025,2025-05-25,,68.2,3.97,-0.1977,30.0,open,3312
2025_2025-06-06_MIN_TOR,2025,2025-06-06,,68.03,2.5,0.068,63.3,open,3312
2025_2025-06-07_MIN_TOR,2025,2025-06-07,,73.7,8.63,-0.7302,56.3,open,3312
2025_2025-06-08_MIN_TOR,2025,2025-06-08,,68.0,16.27,0.7923,43.7,open,3312
2025_2025-07-25_MIN_WSH,2025,2025-07-25,,78.63,4.7,-0.9511,71.3,open,3312
2025_2025-07-26_MIN_WSH,2025,2025-07-26,,84.53,4.53,-0.314,67.7,open,3312
2025_2025-07-27_MIN_WSH,2025,2025-07-27,,89.97,8.4,-0.5045,56.3,open,3312
2025_2025-08-08_MIN_KC,2025,2025-08-08,,85.23,7.13,-0.7672,73.3,open,3312
2025_2025-08-09_MIN_KC,2025,2025-08-09,,79.57,4.8,-0.6743,75.0,open,3312
2025_2025-08-10_MIN_KC,2025,2025-08-10,,78.27,3.23,0.9851,70.0,open,3312
2025_2025-08-14_MIN_DET,2025,2025-08-14,,75.93,9.7,-0.9342,72.3,open,3312
2025_2025-08-15_MIN_DET,2025,2025-08-15,,73.93,7.07,-0.279,90.3,open,3312
2025_2025-08-16_MIN_DET,2025,2025-08-16,,80.73,5.5,-0.0244,70.0,open,3312
2025_2025-08-17_MIN_DET,2025,2025-08-17,,75.03,12.3,-0.9816,78.3,open,3312
2025_2025-09-01_MIN_CWS,2025,2025-09-01,,77.03,4.27,-0.7385,51.0,open,3312
2025_2025-09-02_MIN_CWS,2025,2025-09-02,,71.2,6.83,0.6018,73.0,open,3312
2025_2025-09-03_MIN_CWS,2025,2025-09-03,,58.5,9.9,0.9225,51.7,open,3312
2025_2025-09-04_MIN_CWS,2025,2025-09-04,,55.93,7.07,-0.8202,80.7,open,3312
2025_2025-09-15_MIN_NYY,2025,2025-09-15,,76.87,8.3,-0.9157,74.3,open,3312
2025_2025-09-16_MIN_NYY,2025,2025-09-16,,80.93,6.6,-0.8813,65.3,open,3312
2025_2025-09-17_MIN_NYY,2025,2025-09-17,,70.07,2.43,-0.0941,89.0,open,3312
2025_2025-09-19_MIN_CLE,2025,2025-09-19,,64.03,3.03,-0.9966,94.7,open,3312
2025_2025-09-20_MIN_CLE,2025,2025-09-20,,71.53,5.8,-0.4493,62.3,open,3312
2025_2025-09-20_MIN_CLE_2,2025,2025-09-20,,67.5,5.4,-0.4147,78.0,open,3312
2025_2025-09-21_MIN_CLE,2025,2025-09-21,,72.47,4.07,-0.1167,69.3,open,3312
2025_2025-08-19_MIN_OAK,2025,2025-08-19,,80.03,6.43,0.9854,71.0,open,3312
2025_2025-08-20_MIN_OAK,2025,2025-08-20,,77.27,4.0,-0.454,64.3,open,3312
2025_2025-08-21_MIN_OAK,2025,2025-08-21,,79.67,5.4,-0.7826,60.7,open,3312
2025_2025-04-22_MIN_CWS,2025,2025-04-22,,63.6,3.6,0.6032,46.0,open,3312
2025_2025-04-23_MIN_CWS,2025,2025-04-23,,59.83,7.47,0.9969,43.3,open,3312
2025_2025-07-04_MIN_TB,2025,2025-07-04,,91.57,14.9,-0.3239,42.7,open,3312
2025_2025-07-05_MIN_TB,2025,2025-07-05,,80.13,4.6,0.9932,75.3,open,3312
2025_2025-07-06_MIN_TB,2025,2025-07-06,,80.8,4.93,0.5976,52.7,open,3312
2025_2025-09-12_MIN_ARI,2025,2025-09-12,,70.73,11.0,-0.9826,84.3,open,3312
2025_2025-09-13_MIN_ARI,2025,2025-09-13,,76.67,8.1,-0.8805,76.7,open,3312
2025_2025-09-14_MIN_ARI,2025,2025-09-14,,83.33,7.2,-0.9914,68.3,open,3312
2025_2025-06-16_NYY_LAA,2025,2025-06-16,,66.43,4.23,-0.8695,84.0,open,3313
2025_2025-06-17_NYY_LAA,2025,2025-06-17,,67.37,3.5,-0.3616,92.0,open,3313
2025_2025-06-18_NYY_LAA,2025,2025-06-18,,72.63,3.13,0.2974,95.3,open,3313
2025_2025-06-19_NYY_LAA,2025,2025-06-19,,85.87,7.67,0.565,66.7,open,3313
2025_2025-08-08_NYY_HOU,2025,2025-08-08,,74.13,5.97,0.0593,44.7,open,3313
2025_2025-08-09_NYY_HOU,2025,2025-08-09,,86.47,4.1,-0.9018,26.0,open,3313
2025_2025-08-10_NYY_HOU,2025,2025-08-10,,92.33,1.97,-0.1857,23.3,open,3313
2025_2025-07-08_NYY_SEA,2025,2025-07-08,,80.3,3.93,0.5577,82.0,open,3313
2025_2025-07-09_NYY_SEA,2025,2025-07-09,,81.17,4.47,-0.5976,79.3,open,3313
2025_2025-07-10_NYY_SEA,2025,2025-07-10,,76.87,3.9,-0.284,80.7,open,3313
2025_2025-05-20_NYY_TEX,2025,2025-05-20,,59.97,6.0,-0.8192,54.7,open,3313
2025_2025-05-21_NYY_TEX,2025,2025-05-21,,51.37,9.37,-0.9573,72.3,open,3313
2025_2025-05-22_NYY_TEX,2025,2025-05-22,,52.9,12.17,-0.9455,79.7,open,3313
2025_2025-06-06_NYY_BOS,2025,2025-06-06,,78.67,4.4,-0.66,63.7,open,3313
2025_2025-06-07_NYY_BOS,2025,2025-06-07,,70.07,5.83,-0.1633,84.3,open,3313
2025_2025-06-08_NYY_BOS,2025,2025-06-08,,64.27,6.9,-0.807,86.3,open,3313
2025_2025-08-21_NYY_BOS,2025,2025-08-21,,67.6,8.53,-0.7782,68.3,open,3313
2025_2025-08-22_NYY_BOS,2025,2025-08-22,,76.43,2.1,0.2622,51.0,open,3313
2025_2025-08-23_NYY_BOS,2025,2025-08-23,,83.47,9.1,0.4756,30.0,open,3313
2025_2025-08-24_NYY_BOS,2025,2025-08-24,,73.87,8.23,-0.0454,71.7,open,3313
2025_2025-05-02_NYY_TB,2025,2025-05-02,,75.13,8.33,0.1599,58.7,open,3313
2025_2025-05-03_NYY_TB,2025,2025-05-03,,78.93,6.7,0.4242,57.0,open,3313
2025_2025-05-04_NYY_TB,2025,2025-05-04,,66.2,7.13,-0.108,83.7,open,3313
2025_2025-04-01_NYY_ARI,2025,2025-04-01,,46.5,5.0,0.3714,50.0,open,3313
2025_2025-04-02_NYY_ARI,2025,2025-04-02,,41.93,6.33,-0.512,80.0,open,3313
2025_2025-04-03_NYY_ARI,2025,2025-04-03,,71.2,11.5,0.9291,76.0,open,3313
2025_2025-05-05_NYY_SD,2025,2025-05-05,,58.97,6.1,-0.9478,97.3,open,3313
2025_2025-05-06_NYY_SD,2025,2025-05-06,,60.97,4.6,0.1564,89.7,open,3313
2025_2025-05-07_NYY_SD,2025,2025-05-07,,65.27,3.63,0.6129,75.3,open,3313
2025_2025-04-11_NYY_SF,2025,2025-04-11,,42.5,11.0,-0.9198,86.0,open,3313
2025_2025-04-12_NYY_SF,2025,2025-04-12,,42.27,10.1,-0.3437,78.7,open,3313
2025_2025-04-13_NYY_SF,2025,2025-04-13,,54.8,11.9,0.2656,53.0,open,3313
2025_2025-07-11_NYY_CHC,2025,2025-07-11,,76.73,5.7,-0.1788,81.3,open,3313
2025_2025-07-12_NYY_CHC,2025,2025-07-12,,85.27,6.57,-0.2079,58.7,open,3313
2025_2025-07-13_NYY_CHC,2025,2025-07-13,,83.77,4.67,-0.3584,59.7,open,3313
2025_2025-03-27_NYY_MIL,2025,2025-03-27,,48.93,8.7,0.8211,31.0,open,3313
2025_2025-03-29_NYY_MIL,2025,2025-03-29,,77.47,11.3,0.9969,43.7,open,3313
2025_2025-03-30_NYY_MIL,2025,2025-03-30,,53.97,4.3,-0.9829,77.0,open,3313
2025_2025-05-16_NYY_NYM,2025,2025-05-16,,63.63,5.77,-0.2096,96.3,open,3313
2025_2025-05-17_NYY_NYM,2025,2025-05-17,,74.87,9.1,0.0052,75.0,open,3313
2025_2025-05-18_NYY_NYM,2025,2025-05-18,,67.13,9.0,0.7649,62.0,open,3313
2025_2025-07-25_NYY_PHI,2025,2025-07-25,,86.53,6.43,0.6997,65.0,open,3313
2025_2025-07-26_NYY_PHI,2025,2025-07-26,,86.53,3.9,-0.9198,40.0,open,3313
2025_2025-07-27_NYY_PHI,2025,2025-07-27,,84.4,6.83,0.6807,63.3,open,3313
2025_2025-04-14_NYY_KC,2025,2025-04-14,,51.57,4.37,-0.1132,72.3,open,3313
2025_2025-04-15_NYY_KC,2025,2025-04-15,,54.63,10.87,0.9588,46.0,open,3313
2025_2025-04-16_NYY_KC,2025,2025-04-16,,45.97,9.03,0.7524,53.7,open,3313
2025_2025-04-25_NYY_TOR,2025,2025-04-25,,63.03,8.47,-0.0819,75.0,open,3313
2025_2025-04-27_NYY_TOR,2025,2025-04-27,,54.9,17.3,0.5195,49.7,open,3313
2025_2025-04-27_NYY_TOR_2,2025,2025-04-27,,54.9,17.3,0.5195,49.7,open,3313
2025_2025-06-03_NYY_CLE,2025,2025-06-03,,70.03,6.67,0.1323,39.7,open,3313
2025_2025-06-04_NYY_CLE,2025,2025-06-04,,73.47,6.97,-0.1167,56.7,open,3313
2025_2025-06-05_NYY_CLE,2025,2025-06-05,,81.67,4.53,-0.1253,55.3,open,3313
2025_2025-06-20_NYY_BAL,2025,2025-06-20,,78.37,7.07,0.9995,54.7,open,3313
2025_2025-06-21_NYY_BAL,2025,2025-06-21,,90.3,6.33,0.8949,33.7,open,3313
2025_2025-06-22_NYY_BAL,2025,2025-06-22,,83.6,9.0,0.8902,60.0,open,3313
2025_2025-08-11_NYY_MIN,2025,2025-08-11,,79.23,6.97,0.1736,48.7,open,3313
2025_2025-08-12_NYY_MIN,2025,2025-08-12,,81.17,6.97,-0.0122,65.0,open,3313
2025_2025-08-13_NYY_MIN,2025,2025-08-13,,78.7,3.57,0.1374,84.0,open,3313
2025_2025-08-25_NYY_WSH,2025,2025-08-25,,80.43,9.2,0.9304,31.7,open,3313
2025_2025-08-26_NYY_WSH,2025,2025-08-26,,75.3,4.33,0.9968,40.0,open,3313
2025_2025-08-27_NYY_WSH,2025,2025-08-27,,76.4,8.37,0.6018,33.0,open,3313
2025_2025-09-05_NYY_TOR,2025,2025-09-05,,77.03,6.07,0.299,74.3,open,3313
2025_2025-09-06_NYY_TOR,2025,2025-09-06,,80.67,10.27,0.6871,69.0,open,3313
2025_2025-09-07_NYY_TOR,2025,2025-09-07,,66.37,2.77,0.7547,78.3,open,3313
2025_2025-09-09_NYY_DET,2025,2025-09-09,,65.33,5.87,-0.988,63.3,open,3313
2025_2025-09-10_NYY_DET,2025,2025-09-10,,68.2,4.67,-0.4695,65.3,open,3313
2025_2025-09-11_NYY_DET,2025,2025-09-11,,74.17,2.93,-0.8111,40.3,open,3313
2025_2025-09-23_NYY_CWS,2025,2025-09-23,,74.6,1.9,-0.6494,81.7,open,3313
2025_2025-09-24_NYY_CWS,2025,2025-09-24,,70.4,3.9,-0.6547,91.0,open,3313
2025_2025-09-25_NYY_CWS,2025,2025-09-25,,73.7,9.27,0.7934,90.3,open,3313
2025_2025-09-26_NYY_BAL,2025,2025-09-26,,72.5,2.87,0.9483,75.7,open,3313
2025_2025-09-27_NYY_BAL,2025,2025-09-27,,75.63,1.83,-0.0698,60.0,open,3313
2025_2025-09-28_NYY_BAL,2025,2025-09-28,,81.5,3.37,0.9914,54.3,open,3313
2025_2025-09-30_NYY_BOS,2025,2025-09-30,,72.57,5.33,-0.3778,61.3,open,3313
2025_2025-10-01_NYY_BOS,2025,2025-10-01,,64.9,7.4,-0.3486,39.3,open,3313
2025_2025-10-02_NYY_BOS,2025,2025-10-02,,58.5,4.73,0.0715,61.3,open,3313
2025_2025-10-07_NYY_TOR,2025,2025-10-07,,71.83,10.3,0.4131,71.3,open,3313
2025_2025-10-08_NYY_TOR,2025,2025-10-08,,61.63,5.97,0.184,51.3,open,3313
2025_2025-06-27_NYY_OAK,2025,2025-06-27,,67.97,5.47,-0.6481,57.3,open,3313
2025_2025-06-28_NYY_OAK,2025,2025-06-28,,82.47,8.27,0.965,64.0,open,3313
2025_2025-06-29_NYY_OAK,2025,2025-06-29,,87.7,7.03,0.6972,45.0,open,3313
2025_2025-07-28_NYY_TB,2025,2025-07-28,,91.27,5.17,-0.4985,41.0,open,3313
2025_2025-07-29_NYY_TB,2025,2025-07-29,,96.03,2.67,0.9959,32.3,open,3313
2025_2025-07-30_NYY_TB,2025,2025-07-30,,83.63,1.6,-0.5934,64.3,open,3313
2025_2025-07-31_NYY_TB,2025,2025-07-31,,82.1,5.77,-0.9963,67.7,open,3313
2025_2025-08-04_MIA_HOU,2025,2025-08-04,,72.0,0.0,0.0,50.0,closed,4169
2025_2025-08-05_MIA_HOU,2025,2025-08-05,,72.0,0.0,0.0,50.0,closed,4169
2025_2025-08-06_MIA_HOU,2025,2025-08-06,,72.0,0.0,0.0,50.0,closed,4169
2025_2025-04-15_MIA_ARI,2025,2025-04-15,,77.33,9.07,-0.8796,52.3,retractable_open,4169
2025_2025-04-16_MIA_ARI,2025,2025-04-16,,77.5,6.87,-0.36,63.3,retractable_open,4169
2025_2025-04-17_MIA_ARI,2025,2025-04-17,,81.13,10.0,-0.5299,45.0,retractable_open,4169
2025_2025-07-21_MIA_SD,2025,2025-07-21,,72.0,0.0,0.0,50.0,closed,4169
2025_2025-07-22_MIA_SD,2025,2025-07-22,,72.0,0.0,0.0,50.0,closed,4169
2025_2025-07-23_MIA_SD,2025,2025-07-23,,72.0,0.0,0.0,50.0,closed,4169
2025_2025-05-30_MIA_SF,2025,2025-05-30,,72.0,0.0,0.0,50.0,closed,4169
2025_2025-05-31_MIA_SF,2025,2025-05-31,,72.0,0.0,0.0,50.0,closed,4169
2025_2025-06-01_MIA_SF,2025,2025-06-01,,72.0,0.0,0.0,50.0,closed,4169
2025_2025-05-19_MIA_CHC,2025,2025-05-19,,72.0,0.0,0.0,50.0,closed,4169
2025_2025-05-20_MIA_CHC,2025,2025-05-20,,72.0,0.0,0.0,50.0,closed,4169
2025_2025-05-21_MIA_CHC,2025,2025-05-21,,72.0,0.0,0.0,50.0,closed,4169
2025_2025-04-21_MIA_CIN,2025,2025-04-21,,78.1,10.33,-0.6521,54.7,retractable_open,4169
2025_2025-04-22_MIA_CIN,2025,2025-04-22,,76.73,9.03,-0.712,65.3,retractable_open,4169
2025_2025-04-23_MIA_CIN,2025,2025-04-23,,82.77,9.27,-0.8599,48.3,retractable_open,4169
2025_2025-03-27_MIA_PIT,2025,2025-03-27,,78.1,12.87,-0.3843,47.3,retractable_open,4169
2025_2025-03-28_MIA_PIT,2025,2025-03-28,,74.87,15.7,-0.7826,57.0,retractable_open,4169
2025_2025-03-29_MIA_PIT,2025,2025-03-29,,72.0,0.0,0.0,50.0,closed,4169
2025_2025-03-30_MIA_PIT,2025,2025-03-30,,72.0,0.0,0.0,50.0,closed,4169
2025_2025-07-04_MIA_MIL,2025,2025-07-04,,72.0,0.0,0.0,50.0,closed,4169
2025_2025-07-05_MIA_MIL,2025,2025-07-05,,72.0,0.0,0.0,50.0,closed,4169
2025_2025-07-06_MIA_MIL,2025,2025-07-06,,72.0,0.0,0.0,50.0,closed,4169
2025_2025-06-20_MIA_ATL,2025,2025-06-20,,72.0,0.0,0.0,50.0,closed,4169
2025_2025-06-21_MIA_ATL,2025,2025-06-21,,72.0,0.0,0.0,50.0,closed,4169
2025_2025-06-22_MIA_ATL,2025,2025-06-22,,72.0,0.0,0.0,50.0,closed,4169
2025_2025-08-25_MIA_ATL,2025,2025-08-25,,72.0,0.0,0.0,50.0,closed,4169
2025_2025-08-26_MIA_ATL,2025,2025-08-26,,72.0,0.0,0.0,50.0,closed,4169
2025_2025-08-27_MIA_ATL,2025,2025-08-27,,72.0,0.0,0.0,50.0,closed,4169
2025_2025-03-31_MIA_NYM,2025,2025-03-31,,72.0,0.0,0.0,50.0,closed,4169
2025_2025-04-01_MIA_NYM,2025,2025-04-01,,78.23,6.2,-0.9914,83.7,retractable_open,4169
2025_2025-04-02_MIA_NYM,2025,2025-04-02,,80.5,12.03,-0.9421,70.3,retractable_open,4169
2025_2025-04-11_MIA_WSH,2025,2025-04-11,,75.8,6.93,-0.1271,61.3,retractable_open,4169
2025_2025-04-12_MIA_WSH,2025,2025-04-12,,82.33,7.73,0.9934,20.3,retractable_open,4169
2025_2025-04-13_MIA_WSH,2025,2025-04-13,,80.1,7.77,-0.91,41.3,retractable_open,4169
2025_2025-06-02_MIA_COL,2025,2025-06-02,,72.0,0.0,0.0,50.0,closed,4169
2025_2025-06-03_MIA_COL,2025,2025-06-03,,72.0,0.0,0.0,50.0,closed,4169
2025_2025-06-04_MIA_COL,2025,2025-06-04,,72.0,0.0,0.0,50.0,closed,4169
2025_2025-06-16_MIA_PHI,2025,2025-06-16,,72.0,0.0,0.0,50.0,closed,4169
2025_2025-06-17_MIA_PHI,2025,2025-06-17,,72.0,0.0,0.0,50.0,closed,4169
2025_2025-06-18_MIA_PHI,2025,2025-06-18,,72.0,0.0,0.0,50.0,closed,4169
2025_2025-06-19_MIA_PHI,2025,2025-06-19,,72.0,0.0,0.0,50.0,closed,4169
2025_2025-07-01_MIA_MIN,2025,2025-07-01,,72.0,0.0,0.0,50.0,closed,4169
2025_2025-07-02_MIA_MIN,2025,2025-07-02,,72.0,0.0,0.0,50.0,closed,4169
2025_2025-07-03_MIA_MIN,2025,2025-07-03,,72.0,0.0,0.0,50.0,closed,4169
2025_2025-07-18_MIA_KC,2025,2025-07-18,,72.0,0.0,0.0,50.0,closed,4169
2025_2025-07-19_MIA_KC,2025,2025-07-19,,72.0,0.0,0.0,50.0,closed,4169
2025_2025-07-20_MIA_KC,2025,2025-07-20,,72.0,0.0,0.0,50.0,closed,4169
2025_2025-08-01_MIA_NYY,2025,2025-08-01,,72.0,0.0,0.0,50.0,closed,4169
2025_2025-08-02_MIA_NYY,2025,2025-08-02,,72.0,0.0,0.0,50.0,closed,4169
2025_2025-08-03_MIA_NYY,2025,2025-08-03,,72.0,0.0,0.0,50.0,closed,4169
2025_2025-08-18_MIA_STL,2025,2025-08-18,,72.0,0.0,0.0,50.0,closed,4169
2025_2025-08-19_MIA_STL,2025,2025-08-19,,72.0,0.0,0.0,50.0,closed,4169
2025_2025-08-20_MIA_STL,2025,2025-08-20,,72.0,0.0,0.0,50.0,closed,4169
2025_2025-08-22_MIA_TOR,2025,2025-08-22,,72.0,0.0,0.0,50.0,closed,4169
2025_2025-08-23_MIA_TOR,2025,2025-08-23,,72.0,0.0,0.0,50.0,closed,4169
2025_2025-08-24_MIA_TOR,2025,2025-08-24,,72.0,0.0,0.0,50.0,closed,4169
2025_2025-09-05_MIA_PHI,2025,2025-09-05,,72.0,0.0,0.0,50.0,closed,4169
2025_2025-09-06_MIA_PHI,2025,2025-09-06,,72.0,0.0,0.0,50.0,closed,4169
2025_2025-09-07_MIA_PHI,2025,2025-09-07,,72.0,0.0,0.0,50.0,closed,4169
2025_2025-09-08_MIA_WSH,2025,2025-09-08,,72.0,0.0,0.0,50.0,closed,4169
2025_2025-09-09_MIA_WSH,2025,2025-09-09,,72.0,0.0,0.0,50.0,closed,4169
2025_2025-09-10_MIA_WSH,2025,2025-09-10,,72.0,0.0,0.0,50.0,closed,4169
2025_2025-09-11_MIA_WSH,2025,2025-09-11,,72.0,0.0,0.0,50.0,closed,4169
2025_2025-09-12_MIA_DET,2025,2025-09-12,,72.0,0.0,0.0,50.0,closed,4169
2025_2025-09-13_MIA_DET,2025,2025-09-13,,72.0,0.0,0.0,50.0,closed,4169
2025_2025-09-14_MIA_DET,2025,2025-09-14,,72.0,0.0,0.0,50.0,closed,4169
2025_2025-09-26_MIA_NYM,2025,2025-09-26,,72.0,0.0,0.0,50.0,closed,4169
2025_2025-09-27_MIA_NYM,2025,2025-09-27,,72.0,0.0,0.0,50.0,closed,4169
2025_2025-09-28_MIA_NYM,2025,2025-09-28,,72.0,0.0,0.0,50.0,closed,4169
2025_2025-05-02_MIA_OAK,2025,2025-05-02,,77.43,9.0,-0.7965,60.7,retractable_open,4169
2025_2025-05-03_MIA_OAK,2025,2025-05-03,,72.0,0.0,0.0,50.0,closed,4169
2025_2025-05-04_MIA_OAK,2025,2025-05-04,,72.0,0.0,0.0,50.0,closed,4169
2025_2025-05-05_MIA_LAD,2025,2025-05-05,,72.0,0.0,0.0,50.0,closed,4169
2025_2025-05-06_MIA_LAD,2025,2025-05-06,,72.0,0.0,0.0,50.0,closed,4169
2025_2025-05-07_MIA_LAD,2025,2025-05-07,,82.27,7.93,-0.9947,56.3,retractable_open,4169
2025_2025-05-16_MIA_TB,2025,2025-05-16,,81.5,5.17,-0.9977,69.3,retractable_open,4169
2025_2025-05-17_MIA_TB,2025,2025-05-17,,72.0,0.0,0.0,50.0,closed,4169
2025_2025-05-18_MIA_TB,2025,2025-05-18,,72.0,0.0,0.0,50.0,closed,4169
2025_2025-07-01_ATL_LAA,2025,2025-07-01,,76.6,4.13,0.7524,86.3,open,4705
2025_2025-07-02_ATL_LAA,2025,2025-07-02,,83.17,7.33,0.998,49.3,open,4705
2025_2025-07-03_ATL_LAA,2025,2025-07-03,,84.37,5.3,0.9583,52.7,open,4705
2025_2025-09-12_ATL_HOU,2025,2025-09-12,,78.67,6.17,0.1685,50.0,open,4705
2025_2025-09-13_ATL_HOU,2025,2025-09-13,,79.17,3.07,0.2147,44.7,open,4705
2025_2025-09-14_ATL_HOU,2025,2025-09-14,,82.57,2.53,0.9971,41.3,open,4705
2025_2025-09-05_ATL_SEA,2025,2025-09-05,,83.33,4.4,-0.8121,57.3,open,4705
2025_2025-09-06_ATL_SEA,2025,2025-09-06,,76.77,1.33,0.9121,79.3,open,4705
2025_2025-09-07_ATL_SEA,2025,2025-09-07,,77.77,7.77,0.9919,54.0,open,4705
2025_2025-05-30_ATL_BOS,2025,2025-05-30,,69.23,10.3,0.9532,66.0,open,4705
2025_2025-05-31_ATL_BOS,2025,2025-05-31,,76.93,13.4,0.9135,45.0,open,4705
2025_2025-06-01_ATL_BOS,2025,2025-06-01,,77.63,6.8,0.8028,47.0,open,4705
2025_2025-06-03_ATL_ARI,2025,2025-06-03,,79.07,6.03,-0.9945,53.7,open,4705
2025_2025-06-04_ATL_ARI,2025,2025-06-04,,71.07,9.47,-0.7559,88.7,open,4705
2025_2025-06-05_ATL_ARI,2025,2025-06-05,,76.7,1.1,0.2571,72.3,open,4705
2025_2025-05-23_ATL_SD,2025,2025-05-23,,75.13,7.13,0.8949,41.3,open,4705
2025_2025-05-24_ATL_SD,2025,2025-05-24,,82.47,3.07,0.8721,41.0,open,4705
2025_2025-05-25_ATL_SD,2025,2025-05-25,,82.1,3.0,0.1685,51.3,open,4705
2025_2025-07-21_ATL_SF,2025,2025-07-21,,84.53,7.3,0.9715,64.7,open,4705
2025_2025-07-22_ATL_SF,2025,2025-07-22,,85.07,5.83,0.9505,64.3,open,4705
2025_2025-07-23_ATL_SF,2025,2025-07-23,,82.77,9.37,-0.8221,66.3,open,4705
2025_2025-09-08_ATL_CHC,2025,2025-09-08,,72.7,8.23,-0.314,51.7,open,4705
2025_2025-09-09_ATL_CHC,2025,2025-09-09,,73.13,4.57,-0.7716,50.0,open,4705
2025_2025-09-10_ATL_CHC,2025,2025-09-10,,76.37,4.87,0.9912,45.7,open,4705
2025_2025-05-05_ATL_CIN,2025,2025-05-05,,63.17,3.77,0.742,59.0,open,4705
2025_2025-05-06_ATL_CIN,2025,2025-05-06,,69.87,5.13,0.9432,55.3,open,4705
2025_2025-05-07_ATL_CIN,2025,2025-05-07,,68.8,6.03,-0.8471,77.0,open,4705
2025_2025-05-08_ATL_CIN,2025,2025-05-08,,72.5,5.63,0.1028,73.3,open,4705
2025_2025-09-26_ATL_PIT,2025,2025-09-26,,73.23,1.73,0.9945,83.3,open,4705
2025_2025-09-27_ATL_PIT,2025,2025-09-27,,75.13,1.53,-0.5807,75.0,open,4705
2025_2025-08-04_ATL_MIL,2025,2025-08-04,,65.97,8.0,-0.3256,92.0,open,4705
2025_2025-08-05_ATL_MIL,2025,2025-08-05,,72.87,6.0,-0.2385,84.7,open,4705
2025_2025-08-06_ATL_MIL,2025,2025-08-06,,77.77,5.27,-0.5835,72.3,open,4705
2025_2025-04-04_ATL_MIA,2025,2025-04-04,,81.67,8.33,-0.9826,46.0,open,4705
2025_2025-04-05_ATL_MIA,2025,2025-04-05,,81.67,11.53,-0.712,45.0,open,4705
2025_2025-04-08_ATL_PHI,2025,2025-04-08,,51.73,9.27,0.9888,52.7,open,4705
2025_2025-04-09_ATL_PHI,2025,2025-04-09,,59.27,4.13,-0.8643,62.7,open,4705
2025_2025-04-10_ATL_PHI,2025,2025-04-10,,59.53,7.5,0.9048,78.3,open,4705
2025_2025-04-18_ATL_MIN,2025,2025-04-18,,79.83,9.5,-0.8181,31.7,open,4705
2025_2025-04-19_ATL_MIN,2025,2025-04-19,,80.3,4.63,-0.4924,40.3,open,4705
2025_2025-04-20_ATL_MIN,2025,2025-04-20,,79.9,6.4,-0.9449,50.3,open,4705
2025_2025-04-21_ATL_STL,2025,2025-04-21,,78.87,4.6,-0.0958,47.3,open,4705
2025_2025-04-22_ATL_STL,2025,2025-04-22,,67.5,2.4,-0.981,85.0,open,4705
2025_2025-04-23_ATL_STL,2025,2025-04-23,,76.03,3.4,-0.9962,62.0,open,4705
2025_2025-05-12_ATL_WSH,2025,2025-05-12,,69.47,6.43,-0.9869,78.3,open,4705
2025_2025-05-13_ATL_WSH,2025,2025-05-13,,68.3,3.43,0.3939,81.0,open,4705
2025_2025-05-14_ATL_WSH,2025,2025-05-14,,76.57,5.53,-0.373,65.7,open,4705
2025_2025-05-15_ATL_WSH,2025,2025-05-15,,80.27,10.07,0.0105,58.7,open,4705
2025_2025-06-13_ATL_COL,2025,2025-06-13,,78.53,5.33,-0.9489,80.7,open,4705
2025_2025-06-14_ATL_COL,2025,2025-06-14,,80.43,6.8,0.3584,73.0,open,4705
2025_2025-06-15_ATL_COL,2025,2025-06-15,,83.3,6.1,0.4446,65.3,open,4705
2025_2025-06-17_ATL_NYM,2025,2025-06-17,,77.77,7.67,-0.3305,78.3,open,4705
2025_2025-06-18_ATL_NYM,2025,2025-06-18,,79.53,7.2,-0.549,72.0,open,4705
2025_2025-06-19_ATL_NYM,2025,2025-06-19,,78.87,7.2,0.6997,71.7,open,4705
2025_2025-06-27_ATL_PHI,2025,2025-06-27,,75.03,3.67,0.809,84.3,open,4705
2025_2025-06-28_ATL_PHI,2025,2025-06-28,,76.87,3.03,0.8545,81.0,open,4705
2025_2025-06-29_ATL_PHI,2025,2025-06-29,,86.77,3.57,0.757,57.0,open,4705
2025_2025-07-04_ATL_BAL,2025,2025-07-04,,86.93,5.13,-0.1392,48.7,open,4705
2025_2025-07-05_ATL_BAL,2025,2025-07-05,,90.03,8.0,-0.1994,35.0,open,4705
2025_2025-07-06_ATL_BAL,2025,2025-07-06,,88.07,2.97,0.9252,40.7,open,4705
2025_2025-07-18_ATL_NYY,2025,2025-07-18,,80.13,4.73,-0.1444,77.3,open,4705
2025_2025-07-19_ATL_NYY,2025,2025-07-19,,82.4,3.83,0.5299,73.7,open,4705
2025_2025-07-20_ATL_NYY,2025,2025-07-20,,90.8,8.5,0.7869,51.3,open,4705
2025_2025-08-07_ATL_MIA,2025,2025-08-07,,77.2,4.83,-0.3714,73.0,open,4705
2025_2025-08-08_ATL_MIA,2025,2025-08-08,,76.43,6.57,-0.5577,75.7,open,4705
2025_2025-08-09_ATL_MIA,2025,2025-08-09,,80.9,9.7,-0.5299,59.0,open,4705
2025_2025-08-09_ATL_MIA_2,2025,2025-08-09,,76.93,8.17,-0.3939,71.3,open,4705
2025_2025-08-10_ATL_MIA,2025,2025-08-10,,79.3,10.03,-0.2773,69.7,open,4705
2025_2025-08-18_ATL_CWS,2025,2025-08-18,,81.33,2.2,0.1253,74.3,open,4705
2025_2025-08-19_ATL_CWS,2025,2025-08-19,,78.6,3.53,-0.8729,81.3,open,4705
2025_2025-08-20_ATL_CWS,2025,2025-08-20,,74.97,5.43,0.7524,88.7,open,4705
2025_2025-08-22_ATL_NYM,2025,2025-08-22,,75.6,6.73,-0.4909,85.3,open,4705
2025_2025-08-23_ATL_NYM,2025,2025-08-23,,74.8,5.43,-0.6521,83.0,open,4705
2025_2025-08-24_ATL_NYM,2025,2025-08-24,,81.87,3.13,0.9461,62.7,open,4705
2025_2025-09-22_ATL_WSH,2025,2025-09-22,,79.33,5.63,-0.9932,54.0,open,4705
2025_2025-09-23_ATL_WSH,2025,2025-09-23,,80.57,2.27,-0.7408,60.7,open,4705
2025_2025-09-24_ATL_WSH,2025,2025-09-24,,83.83,6.33,0.3567,57.0,open,4705
2025_2025-09-28_ATL_PIT,2025,2025-09-28,,80.53,7.17,-0.2267,58.3,open,4705
2025_2025-05-02_ATL_LAD,2025,2025-05-02,,70.6,10.1,0.9613,74.0,open,4705
2025_2025-05-03_ATL_LAD,2025,2025-05-03,,62.43,7.43,0.3746,88.3,open,4705
2025_2025-05-04_ATL_LAD,2025,2025-05-04,,61.17,6.67,0.8453,61.3,open,4705
2025_2025-04-17_TEX_LAA,2025,2025-04-17,,72.0,0.0,0.0,50.0,closed,5325
2025_2025-08-25_TEX_LAA,2025,2025-08-25,,72.0,0.0,0.0,50.0,closed,5325
2025_2025-08-26_TEX_LAA,2025,2025-08-26,,72.0,0.0,0.0,50.0,closed,5325
2025_2025-08-27_TEX_LAA,2025,2025-08-27,,72.0,0.0,0.0,50.0,closed,5325
2025_2025-05-15_TEX_HOU,2025,2025-05-15,,72.0,0.0,0.0,50.0,closed,5325
2025_2025-05-16_TEX_HOU,2025,2025-05-16,,72.0,0.0,0.0,50.0,closed,5325
2025_2025-05-17_TEX_HOU,2025,2025-05-17,,72.0,0.0,0.0,50.0,closed,5325
2025_2025-05-18_TEX_HOU,2025,2025-05-18,,72.0,0.0,0.0,50.0,closed,5325
2025_2025-09-05_TEX_HOU,2025,2025-09-05,,72.0,0.0,0.0,50.0,closed,5325
2025_2025-09-06_TEX_HOU,2025,2025-09-06,,72.0,0.0,0.0,50.0,closed,5325
2025_2025-09-07_TEX_HOU,2025,2025-09-07,,72.0,0.0,0.0,50.0,closed,5325
2025_2025-05-02_TEX_SEA,2025,2025-05-02,,72.0,0.0,0.0,50.0,closed,5325
2025_2025-05-03_TEX_SEA,2025,2025-05-03,,68.83,4.2,-0.9627,52.7,retractable_open,5325
2025_2025-05-04_TEX_SEA,2025,2025-05-04,,73.13,4.47,-0.2487,40.0,retractable_open,5325
2025_2025-06-27_TEX_SEA,2025,2025-06-27,,72.0,0.0,0.0,50.0,closed,5325
2025_2025-06-28_TEX_SEA,2025,2025-06-28,,72.0,0.0,0.0,50.0,closed,5325
2025_2025-06-29_TEX_SEA,2025,2025-06-29,,72.0,0.0,0.0,50.0,closed,5325
2025_2025-03-27_TEX_BOS,2025,2025-03-27,,72.0,0.0,0.0,50.0,closed,5325
2025_2025-03-28_TEX_BOS,2025,2025-03-28,,72.0,0.0,0.0,50.0,closed,5325
2025_2025-03-29_TEX_BOS,2025,2025-03-29,,72.0,0.0,0.0,50.0,closed,5325
2025_2025-03-30_TEX_BOS,2025,2025-03-30,,72.0,0.0,0.0,50.0,closed,5325
2025_2025-04-04_TEX_TB,2025,2025-04-04,,72.0,0.0,0.0,50.0,closed,5325
2025_2025-04-05_TEX_TB,2025,2025-04-05,,72.0,0.0,0.0,50.0,closed,5325
2025_2025-04-06_TEX_TB,2025,2025-04-06,,72.0,0.0,0.0,50.0,closed,5325
2025_2025-04-18_TEX_LAD,2025,2025-04-18,,72.0,0.0,0.0,50.0,closed,5325
2025_2025-04-19_TEX_LAD,2025,2025-04-19,,72.0,0.0,0.0,50.0,closed,5325
2025_2025-04-20_TEX_LAD,2025,2025-04-20,,72.0,0.0,0.0,50.0,closed,5325
2025_2025-05-12_TEX_COL,2025,2025-05-12,,79.33,3.97,0.8499,45.3,retractable_open,5325
2025_2025-05-13_TEX_COL,2025,2025-05-13,,72.0,0.0,0.0,50.0,closed,5325
2025_2025-05-14_TEX_COL,2025,2025-05-14,,72.0,0.0,0.0,50.0,closed,5325
2025_2025-05-26_TEX_TOR,2025,2025-05-26,,72.0,0.0,0.0,50.0,closed,5325
2025_2025-05-27_TEX_TOR,2025,2025-05-27,,72.0,0.0,0.0,50.0,closed,5325
2025_2025-05-28_TEX_TOR,2025,2025-05-28,,72.0,0.0,0.0,50.0,closed,5325
2025_2025-05-30_TEX_STL,2025,2025-05-30,,75.57,5.03,-0.7727,63.3,retractable_open,5325
2025_2025-05-31_TEX_STL,2025,2025-05-31,,83.27,1.53,-0.0314,45.0,retractable_open,5325
2025_2025-06-01_TEX_STL,2025,2025-06-01,,72.0,0.0,0.0,50.0,closed,5325
2025_2025-06-13_TEX_CWS,2025,2025-06-13,,72.0,0.0,0.0,50.0,closed,5325
2025_2025-06-14_TEX_CWS,2025,2025-06-14,,72.0,0.0,0.0,50.0,closed,5325
2025_2025-06-15_TEX_CWS,2025,2025-06-15,,72.0,0.0,0.0,50.0,closed,5325
2025_2025-06-17_TEX_KC,2025,2025-06-17,,72.0,0.0,0.0,50.0,closed,5325
2025_2025-06-18_TEX_KC,2025,2025-06-18,,72.0,0.0,0.0,50.0,closed,5325
2025_2025-06-19_TEX_KC,2025,2025-06-19,,72.0,0.0,0.0,50.0,closed,5325
2025_2025-06-30_TEX_BAL,2025,2025-06-30,,72.0,0.0,0.0,50.0,closed,5325
2025_2025-07-01_TEX_BAL,2025,2025-07-01,,72.0,0.0,0.0,50.0,closed,5325
2025_2025-07-02_TEX_BAL,2025,2025-07-02,,72.0,0.0,0.0,50.0,closed,5325
2025_2025-07-18_TEX_DET,2025,2025-07-18,,72.0,0.0,0.0,50.0,closed,5325
2025_2025-07-19_TEX_DET,2025,2025-07-19,,72.0,0.0,0.0,50.0,closed,5325
2025_2025-07-20_TEX_DET,2025,2025-07-20,,72.0,0.0,0.0,50.0,closed,5325
2025_2025-07-25_TEX_ATL,2025,2025-07-25,,72.0,0.0,0.0,50.0,closed,5325
2025_2025-07-26_TEX_ATL,2025,2025-07-26,,72.0,0.0,0.0,50.0,closed,5325
2025_2025-07-27_TEX_ATL,2025,2025-07-27,,72.0,0.0,0.0,50.0,closed,5325
2025_2025-08-04_TEX_NYY,2025,2025-08-04,,72.0,0.0,0.0,50.0,closed,5325
2025_2025-08-05_TEX_NYY,2025,2025-08-05,,72.0,0.0,0.0,50.0,closed,5325
2025_2025-08-06_TEX_NYY,2025,2025-08-06,,72.0,0.0,0.0,50.0,closed,5325
2025_2025-08-08_TEX_PHI,2025,2025-08-08,,72.0,0.0,0.0,50.0,closed,5325
2025_2025-08-09_TEX_PHI,2025,2025-08-09,,72.0,0.0,0.0,50.0,closed,5325
2025_2025-08-10_TEX_PHI,2025,2025-08-10,,72.0,0.0,0.0,50.0,closed,5325
2025_2025-08-11_TEX_ARI,2025,2025-08-11,,72.0,0.0,0.0,50.0,closed,5325
2025_2025-08-12_TEX_ARI,2025,2025-08-12,,72.0,0.0,0.0,50.0,closed,5325
2025_2025-08-13_TEX_ARI,2025,2025-08-13,,72.0,0.0,0.0,50.0,closed,5325
2025_2025-08-22_TEX_CLE,2025,2025-08-22,,72.0,0.0,0.0,50.0,closed,5325
2025_2025-08-23_TEX_CLE,2025,2025-08-23,,72.0,0.0,0.0,50.0,closed,5325
2025_2025-08-24_TEX_CLE,2025,2025-08-24,,72.0,0.0,0.0,50.0,closed,5325
2025_2025-09-08_TEX_MIL,2025,2025-09-08,,77.17,5.5,-0.2907,47.3,retractable_open,5325
2025_2025-09-09_TEX_MIL,2025,2025-09-09,,80.67,5.73,0.5906,41.7,retractable_open,5325
2025_2025-09-10_TEX_MIL,2025,2025-09-10,,72.0,0.0,0.0,50.0,closed,5325
2025_2025-09-19_TEX_MIA,2025,2025-09-19,,72.0,0.0,0.0,50.0,closed,5325
2025_2025-09-20_TEX_MIA,2025,2025-09-20,,72.0,0.0,0.0,50.0,closed,5325
2025_2025-09-21_TEX_MIA,2025,2025-09-21,,72.0,0.0,0.0,50.0,closed,5325
2025_2025-09-23_TEX_MIN,2025,2025-09-23,,72.0,0.0,0.0,50.0,closed,5325
2025_2025-09-24_TEX_MIN,2025,2025-09-24,,72.0,0.0,0.0,50.0,closed,5325
2025_2025-09-25_TEX_MIN,2025,2025-09-25,,81.3,6.93,-0.7923,48.7,retractable_open,5325
2025_2025-04-28_TEX_OAK,2025,2025-04-28,,72.0,0.0,0.0,50.0,closed,5325
2025_2025-04-29_TEX_OAK,2025,2025-04-29,,72.0,0.0,0.0,50.0,closed,5325
2025_2025-04-30_TEX_OAK,2025,2025-04-30,,72.0,0.0,0.0,50.0,closed,5325
2025_2025-05-01_TEX_OAK,2025,2025-05-01,,72.0,0.0,0.0,50.0,closed,5325
2025_2025-07-21_TEX_OAK,2025,2025-07-21,,72.0,0.0,0.0,50.0,closed,5325
2025_2025-07-22_TEX_OAK,2025,2025-07-22,,72.0,0.0,0.0,50.0,closed,5325
2025_2025-07-23_TEX_OAK,2025,2025-07-23,,72.0,0.0,0.0,50.0,closed,5325
2025_2025-04-15_TEX_LAA,2025,2025-04-15,,69.6,5.97,-0.2723,30.7,retractable_open,5325
2025_2025-04-16_TEX_LAA,2025,2025-04-16,,72.0,0.0,0.0,50.0,closed,5325
2025_2025-08-02_CIN_ATL,2025,2025-08-02,43.0,70.4,8.3,-0.0087,85.7,open,6130
2026_2026-06-12_LAA_TB,2026,2026-06-12,,78.83,4.83,0.8933,57.7,open,1
2026_2026-06-13_LAA_TB,2026,2026-06-13,,71.8,5.4,0.7879,65.7,open,1
2026_2026-04-03_LAA_SEA,2026,2026-04-03,,79.5,7.67,-0.873,8.0,open,1
2026_2026-04-04_LAA_SEA,2026,2026-04-04,,79.23,3.3,0.9526,17.0,open,1
2026_2026-04-05_LAA_SEA,2026,2026-04-05,,85.37,4.23,0.9608,18.7,open,1
2026_2026-04-06_LAA_ATL,2026,2026-04-06,,68.17,4.8,0.8309,60.3,open,1
2026_2026-04-07_LAA_ATL,2026,2026-04-07,,69.47,3.77,0.9923,60.7,open,1
2026_2026-04-08_LAA_ATL,2026,2026-04-08,,78.23,4.47,0.9129,45.7,open,1
2026_2026-04-17_LAA_SD,2026,2026-04-17,,70.73,3.6,0.9258,50.0,open,1
2026_2026-04-18_LAA_SD,2026,2026-04-18,,73.83,6.4,0.8779,32.0,open,1
2026_2026-04-19_LAA_SD,2026,2026-04-19,,78.7,5.87,0.9972,38.0,open,1
2026_2026-04-20_LAA_TOR,2026,2026-04-20,,66.4,5.73,0.9329,54.7,open,1
2026_2026-04-21_LAA_TOR,2026,2026-04-21,,65.03,5.37,0.9981,64.7,open,1
2026_2026-04-22_LAA_TOR,2026,2026-04-22,,70.9,5.73,0.9998,37.3,open,1
2026_2026-05-01_LAA_NYM,2026,2026-05-01,,67.6,5.63,0.9602,65.0,open,1
2026_2026-05-02_LAA_NYM,2026,2026-05-02,,65.63,5.13,0.8845,65.0,open,1
2026_2026-05-03_LAA_NYM,2026,2026-05-03,,67.2,5.47,0.9997,54.3,open,1
2026_2026-05-04_LAA_CWS,2026,2026-05-04,,62.53,5.93,0.994,63.7,open,1
2026_2026-05-05_LAA_CWS,2026,2026-05-05,,63.07,4.63,0.904,61.0,open,1
2026_2026-05-06_LAA_CWS,2026,2026-05-06,,72.3,4.63,0.9553,46.7,open,1
2026_2026-06-23_LAA_BAL,2026,2026-06-23,,71.3,5.03,0.8779,59.7,open,1
2026_2026-06-24_LAA_BAL,2026,2026-06-24,,77.83,6.53,0.9863,51.0,open,1
2026_2026-06-22_LAA_BAL,2026,2026-06-22,,73.4,5.43,0.9002,56.0,open,1
2026_2026-06-28_LAA_OAK,2026,2026-06-28,,72.83,6.43,0.7964,49.0,open,1
2026_2026-08-02_LAA_MIL,2026,2026-08-02,,87.73,4.77,0.9851,44.3,open,1
2026_2026-07-27_LAA_HOU,2026,2026-07-27,,80.0,4.9,0.8201,57.0,open,1
2026_2026-08-29_LAA_PHI,2026,2026-08-29,,80.67,4.27,0.6506,65.3,open,1
2026_2026-08-30_LAA_PHI,2026,2026-08-30,,88.03,5.87,0.9945,47.0,open,1
2026_2026-08-13_LAA_TEX,2026,2026-08-13,,72.83,3.47,0.9781,68.0,open,1
2026_2026-05-18_LAA_OAK,2026,2026-05-18,,67.5,5.37,0.9672,64.0,open,1
2026_2026-05-21_LAA_OAK,2026,2026-05-21,,67.1,5.9,0.8414,65.0,open,1
2026_2026-05-19_LAA_OAK,2026,2026-05-19,,79.23,3.93,0.8359,18.7,open,1
2026_2026-06-26_LAA_OAK,2026,2026-06-26,,69.1,5.8,0.9163,60.7,open,1
2026_2026-06-27_LAA_OAK,2026,2026-06-27,,69.03,6.63,0.931,69.7,open,1
2026_2026-05-20_LAA_OAK,2026,2026-05-20,,82.23,3.47,0.9164,22.7,open,1
2026_2026-09-02_LAA_NYY,2026,2026-09-02,,74.37,4.9,0.7932,53.3,open,1
2026_2026-08-12_LAA_TEX,2026,2026-08-12,,72.4,5.1,0.9483,72.7,open,1
2026_2026-08-11_LAA_TEX,2026,2026-08-11,,79.7,5.73,0.8615,60.7,open,1
2026_2026-08-14_LAA_KC,2026,2026-08-14,,74.93,4.87,0.965,65.0,open,1
2026_2026-08-10_LAA_TEX,2026,2026-08-10,,77.8,5.47,0.9483,62.7,open,1
2026_2026-06-09_LAA_HOU,2026,2026-06-09,,73.53,4.37,0.9957,58.7,open,1
2026_2026-06-10_LAA_HOU,2026,2026-06-10,,73.87,4.7,0.9715,61.3,open,1
2026_2026-07-03_LAA_BOS,2026,2026-07-03,,74.57,5.03,0.8972,54.0,open,1
2026_2026-07-04_LAA_BOS,2026,2026-07-04,,77.93,4.43,0.936,47.3,open,1
2026_2026-07-05_LAA_BOS,2026,2026-07-05,,75.97,4.93,0.9062,52.0,open,1
2026_2026-07-17_LAA_DET,2026,2026-07-17,,76.57,4.57,0.9608,61.3,open,1
2026_2026-07-22_LAA_STL,2026,2026-07-22,,82.67,5.57,0.9848,56.0,open,1
2026_2026-07-18_LAA_DET,2026,2026-07-18,,75.5,5.1,0.7825,65.3,open,1
2026_2026-07-21_LAA_STL,2026,2026-07-21,,81.97,5.17,0.8424,36.7,open,1
2026_2026-07-20_LAA_STL,2026,2026-07-20,,78.2,3.3,0.9238,56.3,open,1
2026_2026-07-19_LAA_DET,2026,2026-07-19,,87.33,5.07,0.9962,44.0,open,1
2026_2026-07-28_LAA_HOU,2026,2026-07-28,,78.47,4.87,0.8442,54.3,open,1
2026_2026-07-29_LAA_HOU,2026,2026-07-29,,77.5,5.67,0.821,58.3,open,1
2026_2026-08-15_LAA_KC,2026,2026-08-15,,74.93,5.7,0.8703,62.7,open,1
2026_2026-08-24_LAA_CLE,2026,2026-08-24,,84.8,5.43,0.6755,50.0,open,1
2026_2026-08-25_LAA_CLE,2026,2026-08-25,,82.53,4.6,0.9408,52.0,open,1
2026_2026-08-31_LAA_NYY,2026,2026-08-31,,74.73,4.87,0.777,57.0,open,1
2026_2026-08-28_LAA_PHI,2026,2026-08-28,,85.8,5.43,0.7045,49.3,open,1
2026_2026-09-01_LAA_NYY,2026,2026-09-01,,74.27,4.8,0.7792,54.7,open,1
2026_2026-09-14_LAA_SEA,2026,2026-09-14,,73.0,4.97,0.9414,70.3,open,1
2026_2026-09-15_LAA_SEA,2026,2026-09-15,,72.3,4.4,0.9788,65.3,open,1
2026_2026-09-16_LAA_SEA,2026,2026-09-16,,72.77,5.5,0.9354,67.0,open,1
2026_2026-09-20_LAA_MIN,2026,2026-09-20,,81.0,4.53,0.9995,51.7,open,1
2026_2026-08-01_LAA_MIL,2026,2026-08-01,,80.9,4.73,0.8917,53.3,open,1
2026_2026-07-31_LAA_MIL,2026,2026-07-31,,80.93,5.27,0.816,54.0,open,1
2026_2026-06-14_LAA_TB,2026,2026-06-14,,81.4,5.9,0.9877,41.7,open,1
2026_2026-08-26_LAA_CLE,2026,2026-08-26,,95.33,4.87,0.974,34.3,open,1
2026_2026-08-16_LAA_KC,2026,2026-08-16,,85.47,5.43,0.993,46.3,open,1
2026_2026-09-17_LAA_MIN,2026,2026-09-17,,73.23,4.9,0.9932,61.3,open,1
2026_2026-09-18_LAA_MIN,2026,2026-09-18,,73.5,3.53,0.9895,61.3,open,1
2026_2026-09-19_LAA_MIN,2026,2026-09-19,,74.97,4.43,0.9919,57.3,open,1
2026_2026-06-01_LAA_COL,2026,2026-06-01,,68.37,5.4,0.9707,63.3,open,1
2026_2026-06-02_LAA_COL,2026,2026-06-02,,69.77,4.93,0.9681,58.0,open,1
2026_2026-05-16_LAA_LAD,2026,2026-05-16,,66.63,5.03,0.9868,68.3,open,1
2026_2026-06-03_LAA_COL,2026,2026-06-03,,70.63,5.3,0.8745,60.3,open,1
2026_2026-05-15_LAA_LAD,2026,2026-05-15,,66.8,4.83,0.986,65.3,open,1
2026_2026-05-17_LAA_LAD,2026,2026-05-17,,69.93,5.6,0.8507,57.3,open,1
2026_2026-05-22_LAA_TEX,2026,2026-05-22,,64.53,5.47,0.9747,66.7,open,1
2026_2026-05-23_LAA_TEX,2026,2026-05-23,,64.37,5.57,0.9505,70.0,open,1
2026_2026-05-24_LAA_TEX,2026,2026-05-24,,70.5,6.47,0.9954,52.3,open,1
2026_2026-06-08_LAA_HOU,2026,2026-06-08,,69.67,4.9,0.939,61.7,open,1
2026_2026-05-13_BAL_NYY,2026,2026-05-13,,73.6,10.13,0.9732,39.0,open,2
2026_2026-03-30_BAL_TEX,2026,2026-03-30,,67.43,9.0,0.9888,54.3,open,2
2026_2026-03-31_BAL_TEX,2026,2026-03-31,,80.6,11.3,0.974,38.3,open,2
2026_2026-04-01_BAL_TEX,2026,2026-04-01,,84.57,9.23,0.5284,34.7,open,2
2026_2026-03-26_BAL_MIN,2026,2026-03-26,,78.4,9.03,0.977,38.7,open,2
2026_2026-03-28_BAL_MIN,2026,2026-03-28,,47.63,9.63,-0.0523,29.0,open,2
2026_2026-04-26_BAL_BOS,2026,2026-04-26,,55.07,8.83,-0.9986,61.0,open,2
2026_2026-04-13_BAL_ARI,2026,2026-04-13,,78.8,10.7,0.9291,38.7,open,2
2026_2026-04-14_BAL_ARI,2026,2026-04-14,,83.87,7.4,0.8805,38.0,open,2
2026_2026-04-15_BAL_ARI,2026,2026-04-15,,90.7,6.07,0.8007,31.0,open,2
2026_2026-04-10_BAL_SF,2026,2026-04-10,,61.53,6.23,0.5476,53.3,open,2
2026_2026-04-11_BAL_SF,2026,2026-04-11,,63.67,3.73,-0.933,32.7,open,2
2026_2026-04-12_BAL_SF,2026,2026-04-12,,65.6,10.83,0.4894,38.3,open,2
2026_2026-04-28_BAL_HOU,2026,2026-04-28,,58.37,6.3,0.3746,53.3,open,2
2026_2026-04-30_BAL_HOU,2026,2026-04-30,,65.7,10.2,0.2571,45.7,open,2
2026_2026-04-30_BAL_HOU_2,2026,2026-04-30,,65.7,10.2,0.2571,45.7,open,2
2026_2026-06-27_BAL_WSH,2026,2026-06-27,,72.87,4.5,-0.7218,92.0,open,2
2026_2026-06-28_BAL_WSH,2026,2026-06-28,,75.83,3.9,-0.6198,82.0,open,2
2026_2026-08-01_BAL_PHI,2026,2026-08-01,,78.4,7.83,0.518,75.0,open,2
2026_2026-08-02_BAL_PHI,2026,2026-08-02,,77.33,7.37,0.5892,87.3,open,2
2026_2026-07-11_BAL_KC,2026,2026-07-11,,77.3,4.53,-0.8721,83.0,open,2
2026_2026-09-06_BAL_BOS,2026,2026-09-06,,79.13,4.93,-0.9999,50.7,open,2
2026_2026-09-05_BAL_BOS,2026,2026-09-05,,75.73,4.43,-0.5476,63.7,open,2
2026_2026-05-08_BAL_OAK,2026,2026-05-08,,64.33,4.5,0.9728,44.3,open,2
2026_2026-05-09_BAL_OAK,2026,2026-05-09,,66.83,3.0,-0.2028,66.0,open,2
2026_2026-05-10_BAL_OAK,2026,2026-05-10,,80.9,4.0,0.9976,35.7,open,2
2026_2026-07-07_BAL_CHC,2026,2026-07-07,,77.93,3.4,-0.5075,83.7,open,2
2026_2026-09-07_BAL_CLE,2026,2026-09-07,,79.33,3.47,-0.9905,41.7,open,2
2026_2026-09-08_BAL_CLE,2026,2026-09-08,,77.4,5.03,0.2198,68.7,open,2
2026_2026-05-24_BAL_DET_2,2026,2026-05-24,,63.83,3.1,-0.2181,83.3,open,2
2026_2026-08-06_BAL_LAA,2026,2026-08-06,,88.83,3.73,0.9225,65.3,open,2
2026_2026-06-08_BAL_SEA,2026,2026-06-08,,73.2,5.3,0.1305,54.7,open,2
2026_2026-06-11_BAL_SEA,2026,2026-06-11,,80.6,5.33,0.7923,78.3,open,2
2026_2026-05-22_BAL_DET,2026,2026-05-22,,54.4,8.17,-0.5592,83.7,open,2
2026_2026-05-24_BAL_DET,2026,2026-05-24,,62.27,3.83,-0.6959,82.7,open,2
2026_2026-07-12_BAL_KC,2026,2026-07-12,,81.87,6.6,-0.2571,63.3,open,2
2026_2026-07-01_BAL_CWS,2026,2026-07-01,,92.97,3.0,0.7337,54.0,open,2
2026_2026-06-29_BAL_CWS,2026,2026-06-29,,82.57,3.9,0.4818,56.7,open,2
2026_2026-06-30_BAL_CWS,2026,2026-06-30,,83.57,6.67,0.807,54.7,open,2
2026_2026-05-11_BAL_NYY,2026,2026-05-11,,61.4,4.37,-0.998,36.0,open,2
2026_2026-05-12_BAL_NYY,2026,2026-05-12,,61.9,5.93,0.3173,52.7,open,2
2026_2026-09-04_BAL_BOS,2026,2026-09-04,,81.13,2.23,0.6101,77.7,open,2
2026_2026-09-03_BAL_BOS,2026,2026-09-03,,84.9,4.73,0.9681,72.7,open,2
2026_2026-08-18_BAL_NYY,2026,2026-08-18,,81.8,4.1,-0.6198,65.3,open,2
2026_2026-08-19_BAL_NYY,2026,2026-08-19,,82.33,3.97,0.4195,58.0,open,2
2026_2026-05-25_BAL_TB,2026,2026-05-25,,74.2,2.77,0.1857,78.3,open,2
2026_2026-05-26_BAL_TB,2026,2026-05-26,,73.23,3.73,0.848,76.7,open,2
2026_2026-05-27_BAL_TB,2026,2026-05-27,,78.5,3.9,0.6347,72.0,open,2
2026_2026-08-21_BAL_TB,2026,2026-08-21,,74.07,3.23,0.4321,69.0,open,2
2026_2026-08-22_BAL_TB,2026,2026-08-22,,72.93,6.57,0.0802,83.7,open,2
2026_2026-08-23_BAL_TB,2026,2026-08-23,,80.87,7.6,0.2062,43.3,open,2
2026_2026-05-30_BAL_TOR,2026,2026-05-30,,69.3,12.07,-0.9212,39.0,open,2
2026_2026-05-28_BAL_TOR,2026,2026-05-28,,72.67,8.3,-0.848,47.7,open,2
2026_2026-05-29_BAL_TOR,2026,2026-05-29,,72.47,4.9,0.7837,50.0,open,2
2026_2026-05-31_BAL_TOR,2026,2026-05-31,,72.17,0.97,-0.5165,30.7,open,2
2026_2026-09-21_BAL_TOR,2026,2026-09-21,,65.77,7.3,-0.788,93.7,open,2
2026_2026-09-22_BAL_TOR,2026,2026-09-22,,59.5,10.63,-0.9912,94.3,open,2
2026_2026-06-14_BAL_SD,2026,2026-06-14,,90.37,9.83,0.7547,39.7,open,2
2026_2026-09-19_BAL_MIL,2026,2026-09-19,,76.63,5.33,0.0802,57.7,open,2
2026_2026-09-18_BAL_MIL,2026,2026-09-18,,76.83,6.13,-0.7581,65.3,open,2
2026_2026-09-20_BAL_MIL,2026,2026-09-20,,73.33,6.43,0.848,95.7,open,2
2026_2026-07-26_BAL_ATL,2026,2026-07-26,,80.77,5.23,0.1426,54.7,open,2
2026_2026-07-24_BAL_ATL,2026,2026-07-24,,73.97,4.13,-0.0802,57.3,open,2
2026_2026-07-25_BAL_ATL,2026,2026-07-25,,75.23,3.07,0.2062,53.0,open,2
2026_2026-06-26_BAL_WSH,2026,2026-06-26,,78.03,3.47,1.0,75.3,open,2
2026_2026-09-23_BAL_TOR_2,2026,2026-09-23,,63.37,9.5,-0.9026,62.7,open,2
2026_2026-07-31_BAL_PHI,2026,2026-07-31,,79.27,2.6,0.1288,70.0,open,2
2026_2026-09-23_BAL_TOR,2026,2026-09-23,,62.07,7.5,-0.9928,72.7,open,2
2026_2026-05-23_BAL_DET,2026,2026-05-23,,54.43,11.23,-0.766,83.3,open,2
2026_2026-03-29_BAL_MIN,2026,2026-03-29,,56.8,10.33,0.9866,30.0,open,2
2026_2026-04-24_BAL_BOS,2026,2026-04-24,,68.63,4.43,0.9449,58.7,open,2
2026_2026-04-25_BAL_BOS,2026,2026-04-25,,58.6,11.0,-0.3305,65.0,open,2
2026_2026-08-20_BAL_NYY,2026,2026-08-20,,74.9,6.27,-0.4894,89.7,open,2
2026_2026-07-10_BAL_KC,2026,2026-07-10,,78.77,3.93,0.9848,84.3,open,2
2026_2026-09-09_BAL_CLE,2026,2026-09-09,,81.7,7.63,0.832,59.0,open,2
2026_2026-06-12_BAL_SD,2026,2026-06-12,,83.63,5.8,0.4602,64.0,open,2
2026_2026-06-13_BAL_SD,2026,2026-06-13,,89.03,2.2,0.9403,28.3,open,2
2026_2026-07-08_BAL_CHC,2026,2026-07-08,,80.0,4.03,0.632,70.0,open,2
2026_2026-07-09_BAL_CHC,2026,2026-07-09,,81.77,5.67,0.8796,78.7,open,2
2026_2026-08-04_BAL_LAA,2026,2026-08-04,,82.4,3.6,-0.2284,59.0,open,2
2026_2026-08-05_BAL_LAA,2026,2026-08-05,,82.37,2.9,0.9877,78.3,open,2
2026_2026-06-09_BAL_SEA,2026,2026-06-09,,75.57,6.23,0.1599,56.7,open,2
2026_2026-06-10_BAL_SEA,2026,2026-06-10,,76.57,4.87,0.7848,89.7,open,2
2026_2026-09-24_BOS_CLE,2026,2026-09-24,,56.63,8.23,-0.9893,59.0,open,3
2026_2026-09-23_BOS_CLE,2026,2026-09-23,,55.8,9.67,-0.9851,69.3,open,3
2026_2026-09-11_BOS_KC,2026,2026-09-11,,70.67,5.33,-0.1771,38.7,open,3
2026_2026-05-24_BOS_MIN,2026,2026-05-24,,53.07,10.83,-0.8261,82.3,open,3
2026_2026-05-23_BOS_MIN,2026,2026-05-23,,56.63,6.4,-0.7683,63.0,open,3
2026_2026-04-17_BOS_DET,2026,2026-04-17,,50.17,2.53,-0.9298,90.7,open,3
2026_2026-04-18_BOS_DET,2026,2026-04-18,,46.37,9.27,-0.766,83.3,open,3
2026_2026-04-19_BOS_DET,2026,2026-04-19,,44.53,12.37,-0.0837,78.7,open,3
2026_2026-04-20_BOS_DET,2026,2026-04-20,,48.47,8.97,0.6468,47.0,open,3
2026_2026-05-01_BOS_HOU,2026,2026-05-01,,54.83,1.73,0.5621,55.3,open,3
2026_2026-05-02_BOS_HOU,2026,2026-05-02,,52.8,7.5,0.7837,70.0,open,3
2026_2026-05-03_BOS_HOU,2026,2026-05-03,,53.4,14.1,-0.0854,38.7,open,3
2026_2026-06-17_BOS_TOR,2026,2026-06-17,,74.27,10.47,0.7705,49.7,open,3
2026_2026-06-18_BOS_TOR,2026,2026-06-18,,76.1,17.77,0.7108,68.0,open,3
2026_2026-06-28_BOS_NYY,2026,2026-06-28,,72.9,4.93,0.9748,78.7,open,3
2026_2026-06-29_BOS_WSH,2026,2026-06-29,,70.7,4.1,-0.5592,69.3,open,3
2026_2026-06-30_BOS_WSH,2026,2026-06-30,,74.77,4.0,0.9205,88.7,open,3
2026_2026-07-26_BOS_TOR,2026,2026-07-26,,73.6,8.6,-0.6972,45.0,open,3
2026_2026-08-06_BOS_CWS,2026,2026-08-06,,82.9,4.07,0.9971,76.0,open,3
2026_2026-08-04_BOS_CWS,2026,2026-08-04,,77.57,5.17,0.9969,63.3,open,3
2026_2026-08-05_BOS_CWS,2026,2026-08-05,,80.3,6.63,1.0,59.7,open,3
2026_2026-07-22_BOS_BAL,2026,2026-07-22,,80.73,9.4,0.9996,69.0,open,3
2026_2026-07-22_BOS_BAL_2,2026,2026-07-22,,74.5,7.13,0.7837,77.7,open,3
2026_2026-08-09_BOS_OAK,2026,2026-08-09,,89.33,9.5,0.7934,44.3,open,3
2026_2026-08-23_BOS_SF,2026,2026-08-23,,68.83,3.87,-0.6334,88.3,open,3
2026_2026-05-07_BOS_TB,2026,2026-05-07,,55.87,9.2,0.5892,39.0,open,3
2026_2026-08-07_BOS_OAK,2026,2026-08-07,,88.0,3.6,0.7771,49.7,open,3
2026_2026-08-08_BOS_OAK,2026,2026-08-08,,85.33,8.87,0.9245,57.0,open,3
2026_2026-07-17_BOS_TB_2,2026,2026-07-17,,77.73,4.87,-0.4571,30.3,open,3
2026_2026-06-12_BOS_TEX,2026,2026-06-12,,82.63,2.8,-0.9912,76.0,open,3
2026_2026-09-07_BOS_LAA,2026,2026-09-07,,77.03,7.5,-0.2571,39.3,open,3
2026_2026-09-09_BOS_LAA,2026,2026-09-09,,71.13,11.07,0.809,87.7,open,3
2026_2026-09-08_BOS_LAA,2026,2026-09-08,,69.2,5.17,-0.2756,71.7,open,3
2026_2026-05-08_BOS_TB,2026,2026-05-08,,54.2,7.03,0.7965,40.0,open,3
2026_2026-09-02_BOS_SEA,2026,2026-09-02,,69.4,8.07,-0.6307,67.3,open,3
2026_2026-09-01_BOS_SEA,2026,2026-09-01,,64.87,4.23,-0.3223,82.7,open,3
2026_2026-08-31_BOS_SEA,2026,2026-08-31,,74.5,5.9,0.3939,56.7,open,3
2026_2026-06-13_BOS_TEX,2026,2026-06-13,,89.03,6.5,0.2874,26.7,open,3
2026_2026-06-14_BOS_TEX,2026,2026-06-14,,78.47,11.23,0.866,55.7,open,3
2026_2026-09-13_BOS_KC,2026,2026-09-13,,66.9,3.5,-0.8329,96.7,open,3
2026_2026-05-22_BOS_MIN,2026,2026-05-22,,60.87,5.13,0.723,29.3,open,3
2026_2026-05-28_BOS_ATL,2026,2026-05-28,,72.27,10.77,-0.497,28.0,open,3
2026_2026-05-10_BOS_TB,2026,2026-05-10,,68.57,9.0,0.9563,65.3,open,3
2026_2026-05-12_BOS_PHI,2026,2026-05-12,,59.5,3.43,-0.9982,30.0,open,3
2026_2026-05-13_BOS_PHI,2026,2026-05-13,,60.87,11.37,0.8161,59.3,open,3
2026_2026-06-02_BOS_BAL,2026,2026-06-02,,69.27,1.63,-0.809,56.3,open,3
2026_2026-07-01_BOS_WSH,2026,2026-07-01,,89.53,2.77,0.9778,57.7,open,3
2026_2026-07-18_BOS_TB,2026,2026-07-18,,69.47,13.4,0.8563,88.3,open,3
2026_2026-06-25_BOS_NYY,2026,2026-06-25,,74.53,3.2,-0.4524,64.0,open,3
2026_2026-06-26_BOS_NYY,2026,2026-06-26,,71.97,6.0,0.9874,81.3,open,3
2026_2026-06-27_BOS_NYY,2026,2026-06-27,,70.6,6.53,-0.6481,79.7,open,3
2026_2026-07-19_BOS_TB,2026,2026-07-19,,77.87,10.23,0.1357,38.3,open,3
2026_2026-07-17_BOS_TB,2026,2026-07-17,,82.2,8.17,0.2284,28.7,open,3
2026_2026-05-14_BOS_PHI,2026,2026-05-14,,54.27,5.07,-0.9863,97.0,open,3
2026_2026-05-26_BOS_ATL,2026,2026-05-26,,76.2,9.77,0.9942,53.3,open,3
2026_2026-06-16_BOS_TOR,2026,2026-06-16,,77.37,3.3,0.7581,24.3,open,3
2026_2026-06-03_BOS_BAL,2026,2026-06-03,,75.33,6.57,0.7218,40.7,open,3
2026_2026-06-04_BOS_BAL,2026,2026-06-04,,88.37,4.5,0.898,23.3,open,3
2026_2026-07-20_BOS_BAL,2026,2026-07-20,,75.33,9.0,0.8545,47.7,open,3
2026_2026-07-24_BOS_TOR,2026,2026-07-24,,73.77,8.23,0.5358,54.0,open,3
2026_2026-07-21_BOS_BAL,2026,2026-07-21,,70.63,9.17,0.2554,96.0,open,3
2026_2026-07-25_BOS_TOR,2026,2026-07-25,,74.73,7.93,-0.5892,41.0,open,3
2026_2026-08-21_BOS_SF,2026,2026-08-21,,66.83,5.67,-0.9996,82.7,open,3
2026_2026-08-17_BOS_ARI,2026,2026-08-17,,72.2,3.5,-0.225,86.7,open,3
2026_2026-08-22_BOS_SF,2026,2026-08-22,,66.7,5.97,-1.0,88.7,open,3
2026_2026-08-18_BOS_ARI,2026,2026-08-18,,70.37,5.6,-0.4446,87.0,open,3
2026_2026-09-22_BOS_CLE,2026,2026-09-22,,57.03,8.7,-0.9956,60.7,open,3
2026_2026-05-09_BOS_TB,2026,2026-05-09,,57.4,7.23,0.6293,76.3,open,3
2026_2026-09-25_BOS_CHC,2026,2026-09-25,,63.83,14.5,-0.9869,53.3,open,3
2026_2026-09-25_BOS_CHC_2,2026,2026-09-25,,62.23,15.27,-0.9893,54.3,open,3
2026_2026-04-03_BOS_SD,2026,2026-04-03,,63.87,9.87,0.998,64.3,open,3
2026_2026-04-04_BOS_SD,2026,2026-04-04,,39.87,14.2,-0.7547,77.7,open,3
2026_2026-04-05_BOS_SD,2026,2026-04-05,,57.77,7.1,1.0,86.7,open,3
2026_2026-04-06_BOS_MIL,2026,2026-04-06,,43.43,11.47,0.4509,44.3,open,3
2026_2026-04-07_BOS_MIL,2026,2026-04-07,,38.57,12.77,0.4633,45.7,open,3
2026_2026-04-08_BOS_MIL,2026,2026-04-08,,40.03,5.6,-0.5606,46.7,open,3
2026_2026-04-21_BOS_NYY,2026,2026-04-21,,41.03,10.23,0.0419,59.0,open,3
2026_2026-04-22_BOS_NYY,2026,2026-04-22,,45.23,6.97,0.8721,78.3,open,3
2026_2026-04-23_BOS_NYY,2026,2026-04-23,,51.63,6.6,-0.9715,53.3,open,3
2026_2026-08-19_BOS_ARI,2026,2026-08-19,,83.57,8.4,0.7396,42.7,open,3
2026_2026-09-12_BOS_KC,2026,2026-09-12,,73.87,5.07,-0.3453,49.3,open,3
2026_2026-05-27_BOS_ATL,2026,2026-05-27,,82.4,7.77,0.1891,30.3,open,3
2026_2026-05-29_CWS_DET,2026,2026-05-29,,73.4,6.37,-0.4051,47.3,open,4
2026_2026-05-26_CWS_MIN,2026,2026-05-26,,77.27,7.33,-0.9998,39.7,open,4
2026_2026-05-27_CWS_MIN,2026,2026-05-27,,67.33,5.4,0.1702,62.3,open,4
2026_2026-05-25_CWS_MIN,2026,2026-05-25,,77.17,7.6,-0.8746,49.0,open,4
2026_2026-04-27_CWS_LAA,2026,2026-04-27,,64.93,11.8,-0.4863,84.7,open,4
2026_2026-04-28_CWS_LAA,2026,2026-04-28,,59.63,2.43,-0.7986,67.3,open,4
2026_2026-04-29_CWS_LAA,2026,2026-04-29,,49.37,9.0,0.6101,86.3,open,4
2026_2026-04-03_CWS_TOR,2026,2026-04-03,,47.87,7.87,-0.36,89.3,open,4
2026_2026-04-04_CWS_TOR,2026,2026-04-04,,48.6,13.23,0.7059,78.7,open,4
2026_2026-04-05_CWS_TOR,2026,2026-04-05,,49.3,9.97,0.9494,46.3,open,4
2026_2026-04-06_CWS_BAL,2026,2026-04-06,,44.23,9.63,0.6521,62.7,open,4
2026_2026-04-07_CWS_BAL,2026,2026-04-07,,35.27,5.83,-0.5075,55.0,open,4
2026_2026-04-08_CWS_BAL,2026,2026-04-08,,60.97,11.3,-0.7593,45.0,open,4
2026_2026-04-14_CWS_TB,2026,2026-04-14,,69.23,9.23,-0.4571,80.7,open,4
2026_2026-04-15_CWS_TB,2026,2026-04-15,,66.83,9.5,-0.5835,86.0,open,4
2026_2026-04-16_CWS_TB,2026,2026-04-16,,65.83,5.17,0.8251,78.7,open,4
2026_2026-04-24_CWS_WSH,2026,2026-04-24,,64.23,3.6,0.8231,80.3,open,4
2026_2026-04-25_CWS_WSH,2026,2026-04-25,,47.8,8.67,0.3551,80.0,open,4
2026_2026-04-26_CWS_WSH,2026,2026-04-26,,53.27,6.8,-0.2823,78.0,open,4
2026_2026-05-08_CWS_SEA,2026,2026-05-08,,60.3,6.7,-0.981,55.7,open,4
2026_2026-05-09_CWS_SEA,2026,2026-05-09,,61.83,9.37,0.7649,43.0,open,4
2026_2026-06-24_CWS_CLE,2026,2026-06-24,,64.73,5.37,-0.9781,88.3,open,4
2026_2026-07-10_CWS_OAK,2026,2026-07-10,,73.47,6.43,0.4352,79.3,open,4
2026_2026-07-11_CWS_OAK,2026,2026-07-11,,76.7,9.43,0.2487,74.3,open,4
2026_2026-07-27_CWS_NYY,2026,2026-07-27,,77.3,10.17,-0.2689,82.7,open,4
2026_2026-05-10_CWS_SEA,2026,2026-05-10,,58.17,8.3,-0.7466,24.7,open,4
2026_2026-07-12_CWS_OAK,2026,2026-07-12,,81.6,6.5,-0.2639,60.0,open,4
2026_2026-05-28_CWS_MIN,2026,2026-05-28,,63.3,9.83,0.2874,57.0,open,4
2026_2026-09-19_CWS_DET,2026,2026-09-19,,69.57,1.53,-0.373,88.7,open,4
2026_2026-09-20_CWS_DET,2026,2026-09-20,,67.23,8.1,-0.1305,93.0,open,4
2026_2026-08-25_CWS_TEX,2026,2026-08-25,,74.63,4.1,-0.8161,59.3,open,4
2026_2026-08-24_CWS_TEX,2026,2026-08-24,,69.67,4.27,-0.503,70.0,open,4
2026_2026-05-30_CWS_DET,2026,2026-05-30,,67.5,9.83,0.0017,45.7,open,4
2026_2026-05-31_CWS_DET,2026,2026-05-31,,67.33,5.8,-0.4035,48.3,open,4
2026_2026-06-26_CWS_KC,2026,2026-06-26,,63.53,6.23,0.1599,87.3,open,4
2026_2026-06-27_CWS_KC,2026,2026-06-27,,71.53,7.03,0.0209,78.0,open,4
2026_2026-09-17_CWS_DET,2026,2026-09-17,,70.47,6.7,0.4131,93.3,open,4
2026_2026-09-04_CWS_MIN,2026,2026-09-04,,79.7,6.87,0.4787,86.0,open,4
2026_2026-09-05_CWS_MIN,2026,2026-09-05,,73.37,9.7,0.3633,90.3,open,4
2026_2026-05-16_CWS_CHC,2026,2026-05-16,,80.5,5.47,0.1942,49.7,open,4
2026_2026-05-17_CWS_CHC,2026,2026-05-17,,84.57,14.47,-0.5621,43.7,open,4
2026_2026-06-12_CWS_LAD,2026,2026-06-12,,76.17,8.03,0.6004,55.7,open,4
2026_2026-06-13_CWS_LAD,2026,2026-06-13,,79.57,10.9,0.1461,61.3,open,4
2026_2026-06-14_CWS_LAD,2026,2026-06-14,,68.0,11.43,0.9997,59.3,open,4
2026_2026-06-09_CWS_ATL,2026,2026-06-09,,80.5,4.57,0.9617,78.0,open,4
2026_2026-06-10_CWS_ATL,2026,2026-06-10,,75.43,10.7,-0.1444,81.0,open,4
2026_2026-06-11_CWS_ATL,2026,2026-06-11,,76.6,17.0,-0.5678,84.7,open,4
2026_2026-06-23_CWS_CLE,2026,2026-06-23,,65.73,3.03,-0.7206,64.0,open,4
2026_2026-07-09_CWS_BOS,2026,2026-07-09,,81.97,6.63,0.4083,67.3,open,4
2026_2026-06-22_CWS_CLE,2026,2026-06-22,,62.93,7.53,0.5344,76.0,open,4
2026_2026-07-07_CWS_BOS,2026,2026-07-07,,78.67,2.97,-0.5878,58.7,open,4
2026_2026-07-08_CWS_BOS,2026,2026-07-08,,86.2,6.37,-0.0872,46.0,open,4
2026_2026-07-24_CWS_HOU,2026,2026-07-24,,75.57,5.63,-0.6046,48.0,open,4
2026_2026-08-09_CWS_CLE,2026,2026-08-09,,73.93,7.33,0.2588,92.7,open,4
2026_2026-08-07_CWS_CLE,2026,2026-08-07,,80.7,4.63,-0.0541,71.0,open,4
2026_2026-08-08_CWS_CLE,2026,2026-08-08,,75.63,5.1,-0.915,77.0,open,4
2026_2026-08-11_CWS_CIN,2026,2026-08-11,,78.3,4.27,-0.061,78.7,open,4
2026_2026-08-12_CWS_CIN,2026,2026-08-12,,80.23,1.8,-0.0906,73.0,open,4
2026_2026-08-13_CWS_CIN,2026,2026-08-13,,77.9,2.47,-0.515,80.7,open,4
2026_2026-09-06_CWS_MIN,2026,2026-09-06,,72.33,8.57,-0.1063,67.7,open,4
2026_2026-07-25_CWS_HOU,2026,2026-07-25,,76.27,6.2,0.1616,75.3,open,4
2026_2026-07-26_CWS_HOU,2026,2026-07-26,,87.23,3.67,-0.9966,56.3,open,4
2026_2026-07-28_CWS_NYY,2026,2026-07-28,,70.77,9.13,0.6032,69.7,open,4
2026_2026-07-30_CWS_NYY,2026,2026-07-30,,83.4,4.83,-0.9311,43.7,open,4
2026_2026-08-22_CWS_NYM,2026,2026-08-22,,73.63,7.57,0.9085,59.0,open,4
2026_2026-08-21_CWS_NYM,2026,2026-08-21,,74.9,6.5,0.0332,77.3,open,4
2026_2026-08-23_CWS_NYM,2026,2026-08-23,,74.47,7.07,0.9114,45.3,open,4
2026_2026-09-08_CWS_PIT,2026,2026-09-08,,78.83,7.73,-0.6129,59.7,open,4
2026_2026-09-09_CWS_PIT,2026,2026-09-09,,75.43,5.97,0.4509,83.7,open,4
2026_2026-09-10_CWS_PIT,2026,2026-09-10,,71.07,4.43,-0.6704,68.3,open,4
2026_2026-07-29_CWS_NYY,2026,2026-07-29,,74.0,5.83,0.3665,57.7,open,4
2026_2026-08-26_CWS_TEX,2026,2026-08-26,,77.03,3.03,0.6157,66.0,open,4
2026_2026-08-20_CWS_ATL,2026,2026-08-20,,74.53,8.23,0.3955,66.3,open,4
2026_2026-09-18_CWS_DET,2026,2026-09-18,,69.17,7.47,-0.7944,78.0,open,4
2026_2026-06-28_CWS_KC,2026,2026-06-28,,77.2,5.87,-0.4571,77.0,open,4
2026_2026-05-12_CWS_KC,2026,2026-05-12,,66.8,12.8,0.0558,61.3,open,4
2026_2026-05-13_CWS_KC,2026,2026-05-13,,50.63,5.17,-0.0349,56.7,open,4
2026_2026-05-14_CWS_KC,2026,2026-05-14,,58.33,6.8,-0.9627,38.7,open,4
2026_2026-05-15_CWS_CHC,2026,2026-05-15,,71.43,9.97,-0.6293,47.3,open,4
2026_2026-09-25_CWS_COL,2026,2026-09-25,,59.7,5.23,-0.549,70.3,open,4
2026_2026-04-03_CLE_CHC,2026,2026-04-03,,57.17,6.97,0.0854,77.3,open,5
2026_2026-04-05_CLE_CHC,2026,2026-04-05,,40.9,17.17,-0.1288,71.3,open,5
2026_2026-04-05_CLE_CHC_2,2026,2026-04-05,,40.9,17.17,-0.1288,71.3,open,5
2026_2026-04-06_CLE_KC,2026,2026-04-06,,40.97,7.3,-0.4909,80.0,open,5
2026_2026-04-07_CLE_KC,2026,2026-04-07,,27.93,8.17,-0.9956,61.3,open,5
2026_2026-04-08_CLE_KC,2026,2026-04-08,,45.87,3.8,0.3746,45.3,open,5
2026_2026-06-14_CLE_DET,2026,2026-06-14,,76.57,10.83,0.068,70.0,open,5
2026_2026-04-28_CLE_TB,2026,2026-04-28,,54.13,8.6,-0.314,82.0,open,5
2026_2026-04-29_CLE_TB,2026,2026-04-29,,49.17,10.37,-0.9806,91.7,open,5
2026_2026-04-16_CLE_BAL,2026,2026-04-16,,58.23,4.0,-0.8471,87.7,open,5
2026_2026-04-17_CLE_BAL,2026,2026-04-17,,53.07,7.83,-0.5621,86.7,open,5
2026_2026-04-18_CLE_BAL,2026,2026-04-18,,48.63,13.8,-0.1357,82.7,open,5
2026_2026-04-19_CLE_BAL,2026,2026-04-19,,44.3,13.13,-0.2181,51.3,open,5
2026_2026-04-20_CLE_HOU,2026,2026-04-20,,37.57,1.7,-0.1063,43.0,open,5
2026_2026-04-21_CLE_HOU,2026,2026-04-21,,60.23,11.2,0.8934,53.3,open,5
2026_2026-04-22_CLE_HOU,2026,2026-04-22,,55.47,3.57,-0.9949,72.0,open,5
2026_2026-07-02_CLE_CWS,2026,2026-07-02,,89.03,8.63,0.1444,67.3,open,5
2026_2026-07-03_CLE_CWS,2026,2026-07-03,,82.4,10.73,-0.2419,74.3,open,5
2026_2026-07-05_CLE_CWS,2026,2026-07-05,,78.0,6.7,-0.3697,77.7,open,5
2026_2026-07-04_CLE_CWS,2026,2026-07-04,,80.17,2.73,-0.8643,71.0,open,5
2026_2026-08-06_CLE_NYM,2026,2026-08-06,,81.03,2.97,-0.1323,67.7,open,5
2026_2026-07-18_CLE_PIT_2,2026,2026-07-18,,75.67,10.47,-0.1771,84.7,open,5
2026_2026-07-23_CLE_MIN,2026,2026-07-23,,71.47,6.77,-0.982,46.7,open,5
2026_2026-08-30_CLE_KC,2026,2026-08-30,,74.07,3.4,-0.4879,76.7,open,5
2026_2026-08-02_CLE_ARI,2026,2026-08-02,,73.37,9.2,-0.9885,85.3,open,5
2026_2026-08-05_CLE_NYM,2026,2026-08-05,,79.4,5.07,-0.9198,62.0,open,5
2026_2026-08-01_CLE_ARI,2026,2026-08-01,,76.17,7.27,-0.36,76.7,open,5
2026_2026-09-04_CLE_DET_2,2026,2026-09-04,,77.6,6.5,-0.3584,69.7,open,5
2026_2026-08-04_CLE_NYM,2026,2026-08-04,,76.43,4.97,-0.8018,45.0,open,5
2026_2026-09-19_CLE_OAK,2026,2026-09-19,,69.43,6.93,0.1478,83.7,open,5
2026_2026-09-18_CLE_OAK,2026,2026-09-18,,68.73,5.53,-0.5299,68.0,open,5
2026_2026-09-16_CLE_CWS,2026,2026-09-16,,75.6,7.13,-0.9997,86.7,open,5
2026_2026-05-08_CLE_MIN,2026,2026-05-08,,55.53,8.07,0.8821,79.7,open,5
2026_2026-05-09_CLE_MIN,2026,2026-05-09,,58.47,12.53,0.8996,80.0,open,5
2026_2026-05-10_CLE_MIN,2026,2026-05-10,,52.53,5.13,-0.9664,43.3,open,5
2026_2026-06-26_CLE_SEA,2026,2026-06-26,,69.93,4.97,-0.7325,68.7,open,5
2026_2026-09-20_CLE_OAK,2026,2026-09-20,,67.83,12.33,-0.7976,87.0,open,5
2026_2026-07-01_CLE_TEX,2026,2026-07-01,,83.57,9.03,-0.7059,85.3,open,5
2026_2026-06-12_CLE_DET,2026,2026-06-12,,73.63,9.6,-0.0941,68.0,open,5
2026_2026-09-04_CLE_DET,2026,2026-09-04,,75.5,6.97,0.9184,83.3,open,5
2026_2026-09-05_CLE_DET,2026,2026-09-05,,71.27,8.77,-0.6428,71.0,open,5
2026_2026-09-06_CLE_DET,2026,2026-09-06,,73.87,9.63,-0.7266,63.0,open,5
2026_2026-08-29_CLE_KC,2026,2026-08-29,,81.03,4.93,0.9962,39.3,open,5
2026_2026-08-28_CLE_KC,2026,2026-08-28,,71.2,7.87,-0.5864,58.0,open,5
2026_2026-07-22_CLE_MIN,2026,2026-07-22,,69.2,6.4,-0.7782,52.3,open,5
2026_2026-07-20_CLE_MIN,2026,2026-07-20,,77.97,6.87,-0.9888,57.3,open,5
2026_2026-07-21_CLE_MIN,2026,2026-07-21,,77.67,9.43,-0.247,70.7,open,5
2026_2026-09-14_CLE_CWS,2026,2026-09-14,,65.8,4.07,-0.7944,51.7,open,5
2026_2026-09-15_CLE_CWS,2026,2026-09-15,,78.67,11.33,0.9895,65.0,open,5
2026_2026-05-30_CLE_BOS,2026,2026-05-30,,57.53,15.2,-0.8039,67.0,open,5
2026_2026-05-31_CLE_BOS,2026,2026-05-31,,65.43,9.33,-0.9994,58.3,open,5
2026_2026-06-08_CLE_NYY,2026,2026-06-08,,80.8,6.03,0.5635,58.3,open,5
2026_2026-09-02_CLE_TOR,2026,2026-09-02,,84.6,9.57,0.8721,69.3,open,5
2026_2026-09-03_CLE_TOR,2026,2026-09-03,,81.87,9.67,0.2773,71.0,open,5
2026_2026-09-01_CLE_TOR,2026,2026-09-01,,81.83,10.0,0.5417,79.0,open,5
2026_2026-07-31_CLE_ARI,2026,2026-07-31,,81.0,2.3,-0.8902,60.7,open,5
2026_2026-08-15_CLE_SD,2026,2026-08-15,,79.47,6.13,0.6743,71.3,open,5
2026_2026-08-16_CLE_SD,2026,2026-08-16,,77.3,9.37,0.1201,84.7,open,5
2026_2026-08-14_CLE_SD,2026,2026-08-14,,78.4,7.23,-0.5821,68.0,open,5
2026_2026-05-15_CLE_CIN,2026,2026-05-15,,65.63,6.9,0.9912,53.7,open,5
2026_2026-05-16_CLE_CIN,2026,2026-05-16,,67.77,7.47,0.9348,85.7,open,5
2026_2026-08-18_CLE_SF,2026,2026-08-18,,77.1,5.67,-0.068,51.3,open,5
2026_2026-07-18_CLE_PIT,2026,2026-07-18,,84.43,14.07,0.2656,67.0,open,5
2026_2026-07-17_CLE_PIT,2026,2026-07-17,,83.1,5.07,0.4802,54.3,open,5
2026_2026-05-26_CLE_WSH,2026,2026-05-26,,68.67,2.23,-0.421,69.0,open,5
2026_2026-05-27_CLE_WSH,2026,2026-05-27,,67.77,3.8,-0.9971,74.0,open,5
2026_2026-04-27_CLE_TB,2026,2026-04-27,,63.57,10.13,0.7727,60.0,open,5
2026_2026-08-19_CLE_SF,2026,2026-08-19,,76.13,4.2,0.6639,69.7,open,5
2026_2026-08-20_CLE_SF,2026,2026-08-20,,75.8,10.07,-0.8453,66.7,open,5
2026_2026-07-19_CLE_PIT,2026,2026-07-19,,71.03,7.57,-0.9917,60.3,open,5
2026_2026-06-27_CLE_SEA,2026,2026-06-27,,71.13,8.27,-0.8151,79.3,open,5
2026_2026-06-28_CLE_SEA,2026,2026-06-28,,72.9,10.1,-0.9866,85.7,open,5
2026_2026-06-29_CLE_TEX,2026,2026-06-29,,81.17,5.9,-0.4571,76.3,open,5
2026_2026-06-30_CLE_TEX,2026,2026-06-30,,88.27,10.63,0.3024,67.3,open,5
2026_2026-05-11_CLE_LAA,2026,2026-05-11,,51.83,7.97,-0.6871,57.3,open,5
2026_2026-06-13_CLE_DET,2026,2026-06-13,,77.97,4.83,-0.9995,62.7,open,5
2026_2026-05-12_CLE_LAA,2026,2026-05-12,,62.07,6.33,0.9588,62.0,open,5
2026_2026-05-13_CLE_LAA,2026,2026-05-13,,52.33,15.17,-0.4115,76.0,open,5
2026_2026-05-29_CLE_BOS,2026,2026-05-29,,70.63,5.07,0.2113,54.7,open,5
2026_2026-06-09_CLE_NYY,2026,2026-06-09,,79.5,9.13,0.9778,72.7,open,5
2026_2026-06-10_CLE_NYY,2026,2026-06-10,,76.87,8.03,-0.6547,86.0,open,5
2026_2026-05-17_CLE_CIN,2026,2026-05-17,,73.93,1.57,0.9893,72.3,open,5
2026_2026-05-25_CLE_WSH,2026,2026-05-25,,63.17,5.17,-0.8572,83.0,open,5
2026_2026-09-23_KC_CWS,2026,2026-09-23,,68.23,7.27,-0.7976,66.3,open,7
2026_2026-04-24_KC_LAA,2026,2026-04-24,,66.0,5.6,-0.9951,59.0,open,7
2026_2026-04-25_KC_LAA,2026,2026-04-25,,70.07,8.03,-0.6574,60.7,open,7
2026_2026-04-26_KC_LAA,2026,2026-04-26,,68.4,8.67,-0.1184,78.7,open,7
2026_2026-03-30_KC_MIN,2026,2026-03-30,,86.43,16.13,0.8771,37.3,open,7
2026_2026-04-01_KC_MIN,2026,2026-04-01,,57.0,7.7,-0.8241,91.7,open,7
2026_2026-04-02_KC_MIN,2026,2026-04-02,,71.4,18.13,0.988,57.0,open,7
2026_2026-04-05_KC_MIL,2026,2026-04-05,,56.57,6.0,-0.0958,45.3,open,7
2026_2026-04-09_KC_CWS,2026,2026-04-09,,72.03,11.97,0.7923,52.7,open,7
2026_2026-04-10_KC_CWS,2026,2026-04-10,,54.8,8.5,-0.8652,78.7,open,7
2026_2026-04-11_KC_CWS,2026,2026-04-11,,71.1,9.8,0.3371,74.3,open,7
2026_2026-04-12_KC_CWS,2026,2026-04-12,,64.2,10.43,0.7325,93.0,open,7
2026_2026-04-04_KC_MIL_2,2026,2026-04-04,,50.5,10.97,0.1426,50.0,open,7
2026_2026-04-20_KC_BAL,2026,2026-04-20,,69.17,11.13,0.8813,41.0,open,7
2026_2026-04-21_KC_BAL,2026,2026-04-21,,73.37,14.4,0.9578,57.3,open,7
2026_2026-04-22_KC_BAL,2026,2026-04-22,,68.8,11.07,0.8517,63.0,open,7
2026_2026-05-04_KC_CLE,2026,2026-05-04,,78.57,6.87,0.9989,36.0,open,7
2026_2026-05-05_KC_CLE,2026,2026-05-05,,53.57,3.47,-0.9715,65.7,open,7
2026_2026-05-06_KC_CLE,2026,2026-05-06,,57.0,5.23,-0.6374,41.0,open,7
2026_2026-05-07_KC_CLE,2026,2026-05-07,,65.23,13.13,0.9984,40.3,open,7
2026_2026-06-19_KC_STL,2026,2026-06-19,,76.43,3.07,-0.8813,62.3,open,7
2026_2026-07-06_KC_PHI,2026,2026-07-06,,86.2,3.9,-0.5388,46.7,open,7
2026_2026-08-04_KC_MIN,2026,2026-08-04,,87.67,2.93,0.0471,55.0,open,7
2026_2026-08-05_KC_MIN,2026,2026-08-05,,79.0,1.8,-0.5135,84.0,open,7
2026_2026-09-09_KC_ARI,2026,2026-09-09,,78.37,5.83,-0.9078,84.3,open,7
2026_2026-08-06_KC_MIN,2026,2026-08-06,,78.93,5.53,-0.8443,78.7,open,7
2026_2026-05-08_KC_DET,2026,2026-05-08,,64.67,2.43,0.7278,66.7,open,7
2026_2026-08-17_KC_OAK,2026,2026-08-17,,81.4,2.43,-0.8049,55.3,open,7
2026_2026-08-19_KC_OAK,2026,2026-08-19,,79.93,3.5,-0.4337,72.7,open,7
2026_2026-08-20_KC_OAK,2026,2026-08-20,,82.5,2.83,-0.9511,64.3,open,7
2026_2026-05-20_KC_BOS,2026,2026-05-20,,62.73,6.33,-0.9548,61.0,open,7
2026_2026-05-22_KC_SEA,2026,2026-05-22,,68.87,4.7,-0.5606,76.7,open,7
2026_2026-05-23_KC_SEA,2026,2026-05-23,,75.97,7.53,-0.2622,41.7,open,7
2026_2026-06-11_KC_TEX,2026,2026-06-11,,83.23,11.43,0.9265,72.7,open,7
2026_2026-06-09_KC_TEX,2026,2026-06-09,,86.03,12.2,0.7738,68.0,open,7
2026_2026-06-10_KC_TEX,2026,2026-06-10,,74.03,6.73,0.6782,95.7,open,7
2026_2026-05-10_KC_DET,2026,2026-05-10,,68.3,5.63,-0.9715,18.3,open,7
2026_2026-07-01_KC_TB,2026,2026-07-01,,88.57,10.13,0.8059,56.0,open,7
2026_2026-08-08_KC_CHC,2026,2026-08-08,,85.0,6.73,-0.4848,66.3,open,7
2026_2026-08-07_KC_CHC,2026,2026-08-07,,80.3,3.27,0.4802,74.7,open,7
2026_2026-08-09_KC_CHC,2026,2026-08-09,,91.77,13.77,0.8607,52.3,open,7
2026_2026-08-21_KC_DET,2026,2026-08-21,,78.2,3.7,0.3795,81.7,open,7
2026_2026-08-22_KC_DET,2026,2026-08-22,,80.3,5.23,-0.8039,60.3,open,7
2026_2026-05-26_KC_NYY,2026,2026-05-26,,81.8,6.0,-0.0401,44.0,open,7
2026_2026-05-25_KC_NYY,2026,2026-05-25,,86.7,8.77,0.3322,32.0,open,7
2026_2026-06-12_KC_HOU,2026,2026-06-12,,78.83,6.1,0.3535,48.7,open,7
2026_2026-06-13_KC_HOU,2026,2026-06-13,,79.17,10.2,0.8251,73.0,open,7
2026_2026-06-14_KC_HOU,2026,2026-06-14,,74.33,9.67,-0.225,46.0,open,7
2026_2026-06-21_KC_STL,2026,2026-06-21,,78.53,10.77,0.5962,66.7,open,7
2026_2026-07-02_KC_TB,2026,2026-07-02,,89.1,11.37,0.6547,51.3,open,7
2026_2026-07-04_KC_PHI,2026,2026-07-04,,76.37,1.9,-0.9851,76.0,open,7
2026_2026-07-05_KC_PHI,2026,2026-07-05,,84.6,5.57,-0.6972,54.0,open,7
2026_2026-07-19_KC_SD,2026,2026-07-19,,91.47,2.7,-0.0052,56.7,open,7
2026_2026-07-18_KC_SD,2026,2026-07-18,,90.1,6.43,0.6032,50.0,open,7
2026_2026-07-20_KC_SF,2026,2026-07-20,,94.03,5.37,0.9947,51.3,open,7
2026_2026-07-17_KC_SD,2026,2026-07-17,,82.97,6.7,0.8988,65.7,open,7
2026_2026-07-21_KC_SF,2026,2026-07-21,,84.93,10.47,-0.6959,49.7,open,7
2026_2026-07-22_KC_SF,2026,2026-07-22,,81.23,5.7,-0.9438,45.0,open,7
2026_2026-09-03_KC_MIA,2026,2026-09-03,,94.67,8.5,0.5807,37.0,open,7
2026_2026-09-04_KC_TOR,2026,2026-09-04,,93.27,3.87,0.7009,43.3,open,7
2026_2026-09-05_KC_TOR,2026,2026-09-05,,93.03,4.63,-0.8131,43.7,open,7
2026_2026-09-02_KC_MIA,2026,2026-09-02,,95.23,7.93,0.7009,34.7,open,7
2026_2026-09-08_KC_ARI,2026,2026-09-08,,93.37,6.43,0.549,43.3,open,7
2026_2026-09-01_KC_MIA,2026,2026-09-01,,95.63,7.63,0.9291,30.0,open,7
2026_2026-09-07_KC_ARI,2026,2026-09-07,,84.23,7.37,-0.0663,71.3,open,7
2026_2026-09-22_KC_CWS,2026,2026-09-22,,68.27,6.37,-1.0,74.0,open,7
2026_2026-04-04_KC_MIL,2026,2026-04-04,,49.93,14.57,0.314,48.3,open,7
2026_2026-09-24_KC_CWS,2026,2026-09-24,,73.63,5.2,-0.6347,57.3,open,7
2026_2026-08-23_KC_DET,2026,2026-08-23,,79.67,3.4,-0.9792,48.7,open,7
2026_2026-09-06_KC_TOR,2026,2026-09-06,,94.67,3.07,-0.6494,41.3,open,7
2026_2026-08-18_KC_OAK,2026,2026-08-18,,80.77,5.17,-0.8111,69.3,open,7
2026_2026-05-24_KC_SEA,2026,2026-05-24,,79.57,4.23,-0.6428,34.3,open,7
2026_2026-06-30_KC_TB,2026,2026-06-30,,89.77,13.7,0.723,56.3,open,7
2026_2026-05-09_KC_DET,2026,2026-05-09,,75.6,10.03,-0.4555,34.3,open,7
2026_2026-06-18_KC_STL,2026,2026-06-18,,73.23,3.4,0.6717,58.3,open,7
2026_2026-05-19_KC_BOS,2026,2026-05-19,,57.13,8.33,-0.8151,74.0,open,7
2026_2026-05-18_KC_BOS,2026,2026-05-18,,74.9,9.47,0.4555,84.0,open,7
2026_2026-05-27_KC_NYY,2026,2026-05-27,,82.53,9.03,-0.8813,42.7,open,7
2026_2026-09-25_KC_CLE,2026,2026-09-25,,64.83,6.53,-0.6494,93.0,open,7
2026_2026-06-02_TB_DET,2026,2026-06-02,,72.0,0.0,0.0,50.0,dome,12
2026_2026-06-01_TB_DET,2026,2026-06-01,,72.0,0.0,0.0,50.0,dome,12
2026_2026-04-24_TB_MIN,2026,2026-04-24,,72.0,0.0,0.0,50.0,dome,12
2026_2026-04-25_TB_MIN,2026,2026-04-25,,72.0,0.0,0.0,50.0,dome,12
2026_2026-04-26_TB_MIN,2026,2026-04-26,,72.0,0.0,0.0,50.0,dome,12
2026_2026-04-10_TB_NYY,2026,2026-04-10,,72.0,0.0,0.0,50.0,dome,12
2026_2026-04-11_TB_NYY,2026,2026-04-11,,72.0,0.0,0.0,50.0,dome,12
2026_2026-04-12_TB_NYY,2026,2026-04-12,,72.0,0.0,0.0,50.0,dome,12
2026_2026-04-06_TB_CHC,2026,2026-04-06,,72.0,0.0,0.0,50.0,dome,12
2026_2026-04-07_TB_CHC,2026,2026-04-07,,72.0,0.0,0.0,50.0,dome,12
2026_2026-04-08_TB_CHC,2026,2026-04-08,,72.0,0.0,0.0,50.0,dome,12
2026_2026-04-20_TB_CIN,2026,2026-04-20,,72.0,0.0,0.0,50.0,dome,12
2026_2026-04-21_TB_CIN,2026,2026-04-21,,72.0,0.0,0.0,50.0,dome,12
2026_2026-04-22_TB_CIN,2026,2026-04-22,,72.0,0.0,0.0,50.0,dome,12
2026_2026-05-01_TB_SF,2026,2026-05-01,,72.0,0.0,0.0,50.0,dome,12
2026_2026-05-02_TB_SF,2026,2026-05-02,,72.0,0.0,0.0,50.0,dome,12
2026_2026-05-03_TB_SF,2026,2026-05-03,,72.0,0.0,0.0,50.0,dome,12
2026_2026-05-04_TB_TOR,2026,2026-05-04,,72.0,0.0,0.0,50.0,dome,12
2026_2026-06-21_TB_WSH,2026,2026-06-21,,72.0,0.0,0.0,50.0,dome,12
2026_2026-06-19_TB_WSH,2026,2026-06-19,,72.0,0.0,0.0,50.0,dome,12
2026_2026-06-24_TB_KC,2026,2026-06-24,,72.0,0.0,0.0,50.0,dome,12
2026_2026-06-25_TB_KC,2026,2026-06-25,,72.0,0.0,0.0,50.0,dome,12
2026_2026-06-28_TB_ARI,2026,2026-06-28,,72.0,0.0,0.0,50.0,dome,12
2026_2026-07-06_TB_NYY,2026,2026-07-06,,72.0,0.0,0.0,50.0,dome,12
2026_2026-07-08_TB_NYY,2026,2026-07-08,,72.0,0.0,0.0,50.0,dome,12
2026_2026-07-09_TB_NYY,2026,2026-07-09,,72.0,0.0,0.0,50.0,dome,12
2026_2026-07-30_TB_TEX,2026,2026-07-30,,72.0,0.0,0.0,50.0,dome,12
2026_2026-07-31_TB_CWS,2026,2026-07-31,,72.0,0.0,0.0,50.0,dome,12
2026_2026-07-12_TB_SEA,2026,2026-07-12,,72.0,0.0,0.0,50.0,dome,12
2026_2026-07-11_TB_SEA,2026,2026-07-11,,72.0,0.0,0.0,50.0,dome,12
2026_2026-08-16_TB_BAL,2026,2026-08-16,,72.0,0.0,0.0,50.0,dome,12
2026_2026-08-01_TB_CWS,2026,2026-08-01,,72.0,0.0,0.0,50.0,dome,12
2026_2026-08-02_TB_CWS,2026,2026-08-02,,72.0,0.0,0.0,50.0,dome,12
2026_2026-09-17_TB_OAK,2026,2026-09-17,,72.0,0.0,0.0,50.0,dome,12
2026_2026-09-15_TB_OAK,2026,2026-09-15,,72.0,0.0,0.0,50.0,dome,12
2026_2026-09-16_TB_OAK,2026,2026-09-16,,72.0,0.0,0.0,50.0,dome,12
2026_2026-07-10_TB_SEA,2026,2026-07-10,,72.0,0.0,0.0,50.0,dome,12
2026_2026-06-03_TB_DET,2026,2026-06-03,,72.0,0.0,0.0,50.0,dome,12
2026_2026-06-23_TB_KC,2026,2026-06-23,,72.0,0.0,0.0,50.0,dome,12
2026_2026-06-22_TB_KC,2026,2026-06-22,,72.0,0.0,0.0,50.0,dome,12
2026_2026-06-10_TB_BOS,2026,2026-06-10,,72.0,0.0,0.0,50.0,dome,12
2026_2026-06-08_TB_BOS,2026,2026-06-08,,72.0,0.0,0.0,50.0,dome,12
2026_2026-06-09_TB_BOS,2026,2026-06-09,,72.0,0.0,0.0,50.0,dome,12
2026_2026-09-18_TB_BOS,2026,2026-09-18,,72.0,0.0,0.0,50.0,dome,12
2026_2026-09-19_TB_BOS,2026,2026-09-19,,72.0,0.0,0.0,50.0,dome,12
2026_2026-09-20_TB_BOS,2026,2026-09-20,,72.0,0.0,0.0,50.0,dome,12
2026_2026-07-07_TB_NYY,2026,2026-07-07,,72.0,0.0,0.0,50.0,dome,12
2026_2026-05-15_TB_MIA,2026,2026-05-15,,72.0,0.0,0.0,50.0,dome,12
2026_2026-05-18_TB_BAL,2026,2026-05-18,,72.0,0.0,0.0,50.0,dome,12
2026_2026-05-20_TB_BAL,2026,2026-05-20,,72.0,0.0,0.0,50.0,dome,12
2026_2026-05-16_TB_MIA,2026,2026-05-16,,72.0,0.0,0.0,50.0,dome,12
2026_2026-05-17_TB_MIA,2026,2026-05-17,,72.0,0.0,0.0,50.0,dome,12
2026_2026-05-19_TB_BAL,2026,2026-05-19,,72.0,0.0,0.0,50.0,dome,12
2026_2026-06-20_TB_WSH,2026,2026-06-20,,72.0,0.0,0.0,50.0,dome,12
2026_2026-06-27_TB_ARI,2026,2026-06-27,,72.0,0.0,0.0,50.0,dome,12
2026_2026-07-24_TB_CLE,2026,2026-07-24,,72.0,0.0,0.0,50.0,dome,12
2026_2026-08-15_TB_BAL,2026,2026-08-15,,72.0,0.0,0.0,50.0,dome,12
2026_2026-08-18_TB_TOR,2026,2026-08-18,,72.0,0.0,0.0,50.0,dome,12
2026_2026-08-14_TB_BAL,2026,2026-08-14,,72.0,0.0,0.0,50.0,dome,12
2026_2026-08-19_TB_TOR,2026,2026-08-19,,72.0,0.0,0.0,50.0,dome,12
2026_2026-08-20_TB_TOR,2026,2026-08-20,,72.0,0.0,0.0,50.0,dome,12
2026_2026-08-30_TB_SD,2026,2026-08-30,,72.0,0.0,0.0,50.0,dome,12
2026_2026-09-01_TB_NYM,2026,2026-09-01,,72.0,0.0,0.0,50.0,dome,12
2026_2026-08-31_TB_NYM,2026,2026-08-31,,72.0,0.0,0.0,50.0,dome,12
2026_2026-08-28_TB_SD,2026,2026-08-28,,72.0,0.0,0.0,50.0,dome,12
2026_2026-08-29_TB_SD,2026,2026-08-29,,72.0,0.0,0.0,50.0,dome,12
2026_2026-07-26_TB_CLE,2026,2026-07-26,,72.0,0.0,0.0,50.0,dome,12
2026_2026-09-12_TB_HOU,2026,2026-09-12,,72.0,0.0,0.0,50.0,dome,12
2026_2026-09-13_TB_HOU,2026,2026-09-13,,72.0,0.0,0.0,50.0,dome,12
2026_2026-09-11_TB_HOU,2026,2026-09-11,,72.0,0.0,0.0,50.0,dome,12
2026_2026-09-02_TB_NYM,2026,2026-09-02,,72.0,0.0,0.0,50.0,dome,12
2026_2026-05-05_TB_TOR,2026,2026-05-05,,72.0,0.0,0.0,50.0,dome,12
2026_2026-07-28_TB_TEX,2026,2026-07-28,,72.0,0.0,0.0,50.0,dome,12
2026_2026-05-06_TB_TOR,2026,2026-05-06,,72.0,0.0,0.0,50.0,dome,12
2026_2026-08-17_TB_BAL,2026,2026-08-17,,72.0,0.0,0.0,50.0,dome,12
2026_2026-07-29_TB_TEX,2026,2026-07-29,,72.0,0.0,0.0,50.0,dome,12
2026_2026-06-26_TB_ARI,2026,2026-06-26,,72.0,0.0,0.0,50.0,dome,12
2026_2026-05-31_TB_LAA,2026,2026-05-31,,72.0,0.0,0.0,50.0,dome,12
2026_2026-05-29_TB_LAA,2026,2026-05-29,,72.0,0.0,0.0,50.0,dome,12
2026_2026-05-30_TB_LAA,2026,2026-05-30,,72.0,0.0,0.0,50.0,dome,12
2026_2026-07-25_TB_CLE,2026,2026-07-25,,72.0,0.0,0.0,50.0,dome,12
2026_2026-04-10_TOR_MIN,2026,2026-04-10,,72.0,0.0,0.0,50.0,closed,14
2026_2026-04-11_TOR_MIN,2026,2026-04-11,,72.0,0.0,0.0,50.0,closed,14
2026_2026-04-12_TOR_MIN,2026,2026-04-12,,72.0,0.0,0.0,50.0,closed,14
2026_2026-04-27_TOR_BOS,2026,2026-04-27,,72.0,0.0,0.0,50.0,closed,14
2026_2026-04-28_TOR_BOS,2026,2026-04-28,,72.0,0.0,0.0,50.0,closed,14
2026_2026-04-29_TOR_BOS,2026,2026-04-29,,72.0,0.0,0.0,50.0,closed,14
2026_2026-03-30_TOR_COL,2026,2026-03-30,,72.0,0.0,0.0,50.0,closed,14
2026_2026-03-31_TOR_COL,2026,2026-03-31,,72.0,0.0,0.0,50.0,closed,14
2026_2026-04-01_TOR_COL,2026,2026-04-01,,72.0,0.0,0.0,50.0,closed,14
2026_2026-04-06_TOR_LAD,2026,2026-04-06,,72.0,0.0,0.0,50.0,closed,14
2026_2026-04-07_TOR_LAD,2026,2026-04-07,,72.0,0.0,0.0,50.0,closed,14
2026_2026-04-24_TOR_CLE,2026,2026-04-24,,72.0,0.0,0.0,50.0,closed,14
2026_2026-04-25_TOR_CLE,2026,2026-04-25,,72.0,0.0,0.0,50.0,closed,14
2026_2026-04-26_TOR_CLE,2026,2026-04-26,,72.0,0.0,0.0,50.0,closed,14
2026_2026-04-08_TOR_LAD,2026,2026-04-08,,72.0,0.0,0.0,50.0,closed,14
2026_2026-05-09_TOR_LAA,2026,2026-05-09,,72.0,0.0,0.0,50.0,closed,14
2026_2026-06-29_TOR_NYM,2026,2026-06-29,,75.23,5.6,0.0993,50.7,retractable_open,14
2026_2026-06-30_TOR_NYM,2026,2026-06-30,,84.97,10.53,0.7944,66.7,retractable_open,14
2026_2026-07-23_TOR_TB,2026,2026-07-23,,75.1,8.97,0.9699,42.7,retractable_open,14
2026_2026-08-02_TOR_STL,2026,2026-08-02,,72.0,0.0,0.0,50.0,closed,14
2026_2026-07-31_TOR_STL,2026,2026-07-31,,78.7,6.33,0.907,55.3,retractable_open,14
2026_2026-08-11_TOR_BOS,2026,2026-08-11,,78.9,4.9,-0.9971,46.3,retractable_open,14
2026_2026-08-12_TOR_BOS,2026,2026-08-12,,72.0,0.0,0.0,50.0,closed,14
2026_2026-08-13_TOR_BOS,2026,2026-08-13,,81.9,3.9,-0.6782,40.7,retractable_open,14
2026_2026-08-27_TOR_KC,2026,2026-08-27,,72.23,7.8,-0.7314,70.7,retractable_open,14
2026_2026-05-08_TOR_LAA,2026,2026-05-08,,72.0,0.0,0.0,50.0,closed,14
2026_2026-03-27_TOR_OAK,2026,2026-03-27,,72.0,0.0,0.0,50.0,closed,14
2026_2026-03-28_TOR_OAK,2026,2026-03-28,,72.0,0.0,0.0,50.0,closed,14
2026_2026-03-29_TOR_OAK,2026,2026-03-29,,72.0,0.0,0.0,50.0,closed,14
2026_2026-09-25_TOR_CIN,2026,2026-09-25,,61.73,5.77,-0.9707,51.0,retractable_open,14
2026_2026-08-29_TOR_SEA,2026,2026-08-29,,76.17,9.13,0.8563,60.3,retractable_open,14
2026_2026-08-28_TOR_SEA,2026,2026-08-28,,66.6,4.4,-0.0436,65.7,retractable_open,14
2026_2026-08-30_TOR_SEA,2026,2026-08-30,,71.63,5.53,0.9542,76.3,retractable_open,14
2026_2026-06-25_TOR_TEX,2026,2026-06-25,,63.5,5.8,-0.0314,88.3,retractable_open,14
2026_2026-06-26_TOR_TEX,2026,2026-06-26,,67.03,4.9,0.9311,79.0,retractable_open,14
2026_2026-09-16_TOR_DET,2026,2026-09-16,,75.9,4.67,-0.9816,61.0,retractable_open,14
2026_2026-09-14_TOR_DET,2026,2026-09-14,,64.97,1.87,0.9792,59.3,retractable_open,14
2026_2026-09-15_TOR_DET,2026,2026-09-15,,72.0,0.0,0.0,50.0,closed,14
2026_2026-08-26_TOR_KC,2026,2026-08-26,,73.0,7.57,0.977,72.3,retractable_open,14
2026_2026-07-17_TOR_CWS,2026,2026-07-17,,72.0,0.0,0.0,50.0,closed,14
2026_2026-07-18_TOR_CWS,2026,2026-07-18,,72.0,0.0,0.0,50.0,closed,14
2026_2026-07-19_TOR_CWS,2026,2026-07-19,,73.33,2.93,-0.9608,42.0,retractable_open,14
2026_2026-08-10_TOR_BOS,2026,2026-08-10,,79.03,7.53,-0.1977,67.0,retractable_open,14
2026_2026-08-14_TOR_NYY,2026,2026-08-14,,74.63,2.6,0.8425,62.7,retractable_open,14
2026_2026-08-15_TOR_NYY,2026,2026-08-15,,73.6,8.4,0.3371,69.0,retractable_open,14
2026_2026-08-16_TOR_NYY,2026,2026-08-16,,75.13,6.2,0.549,66.3,retractable_open,14
2026_2026-06-12_TOR_NYY,2026,2026-06-12,,76.27,8.8,-0.3123,43.7,retractable_open,14
2026_2026-06-13_TOR_NYY,2026,2026-06-13,,80.4,13.03,0.7694,39.0,retractable_open,14
2026_2026-06-14_TOR_NYY,2026,2026-06-14,,72.0,0.0,0.0,50.0,closed,14
2026_2026-05-11_TOR_TB,2026,2026-05-11,,72.0,0.0,0.0,50.0,closed,14
2026_2026-05-12_TOR_TB,2026,2026-05-12,,72.0,0.0,0.0,50.0,closed,14
2026_2026-05-13_TOR_TB,2026,2026-05-13,,72.0,0.0,0.0,50.0,closed,14
2026_2026-07-21_TOR_TB,2026,2026-07-21,,72.0,0.0,0.0,50.0,closed,14
2026_2026-07-22_TOR_TB,2026,2026-07-22,,66.8,9.43,-0.4924,47.0,retractable_open,14
2026_2026-06-05_TOR_BAL,2026,2026-06-05,,78.63,9.73,0.4242,45.7,retractable_open,14
2026_2026-05-23_TOR_PIT,2026,2026-05-23,,72.0,0.0,0.0,50.0,closed,14
2026_2026-05-24_TOR_PIT,2026,2026-05-24,,72.0,0.0,0.0,50.0,closed,14
2026_2026-06-07_TOR_BAL,2026,2026-06-07,,72.8,3.47,-0.9265,57.0,retractable_open,14
2026_2026-05-22_TOR_PIT,2026,2026-05-22,,72.0,0.0,0.0,50.0,closed,14
2026_2026-05-27_TOR_MIA,2026,2026-05-27,,73.8,3.77,0.3518,60.3,retractable_open,14
2026_2026-09-27_TOR_CIN,2026,2026-09-27,,75.2,9.2,-0.9397,38.3,retractable_open,14
2026_2026-05-25_TOR_MIA,2026,2026-05-25,,64.57,7.77,0.7593,81.3,retractable_open,14
2026_2026-06-08_TOR_PHI,2026,2026-06-08,,67.53,6.0,0.1028,67.3,retractable_open,14
2026_2026-05-26_TOR_MIA,2026,2026-05-26,,73.27,10.07,0.4399,58.0,retractable_open,14
2026_2026-06-09_TOR_PHI,2026,2026-06-09,,72.0,0.0,0.0,50.0,closed,14
2026_2026-06-06_TOR_BAL,2026,2026-06-06,,77.3,15.47,-0.5864,52.0,retractable_open,14
2026_2026-06-23_TOR_HOU,2026,2026-06-23,,73.63,9.37,-0.9813,47.0,retractable_open,14
2026_2026-06-22_TOR_HOU,2026,2026-06-22,,61.97,4.2,0.1633,82.3,retractable_open,14
2026_2026-06-24_TOR_HOU,2026,2026-06-24,,73.5,6.57,-0.2147,41.3,retractable_open,14
2026_2026-07-01_TOR_NYM,2026,2026-07-01,,94.63,10.73,0.599,49.3,retractable_open,14
2026_2026-09-12_TOR_BAL,2026,2026-09-12,,76.93,3.87,0.8192,61.0,retractable_open,14
2026_2026-09-11_TOR_BAL,2026,2026-09-11,,67.17,4.1,0.91,58.7,retractable_open,14
2026_2026-08-25_TOR_KC,2026,2026-08-25,,70.27,1.7,-0.9703,78.7,retractable_open,14
2026_2026-09-13_TOR_BAL,2026,2026-09-13,,81.43,4.3,0.2045,45.7,retractable_open,14
2026_2026-06-10_TOR_PHI,2026,2026-06-10,,82.73,9.17,-0.1323,53.7,retractable_open,14
2026_2026-08-01_TOR_STL,2026,2026-08-01,,82.3,5.0,0.7837,59.7,retractable_open,14
2026_2026-06-27_TOR_TEX,2026,2026-06-27,,75.07,5.3,0.8462,59.3,retractable_open,14
2026_2026-06-28_TOR_TEX,2026,2026-06-28,,77.7,6.8,0.6468,53.0,retractable_open,14
2026_2026-05-10_TOR_LAA,2026,2026-05-10,,72.0,0.0,0.0,50.0,closed,14
2026_2026-07-20_TOR_TB,2026,2026-07-20,,75.43,10.0,0.9298,63.7,retractable_open,14
2026_2026-03-30_ARI_DET,2026,2026-03-30,,86.43,4.73,0.2622,23.0,retractable_open,15
2026_2026-04-01_ARI_DET,2026,2026-04-01,,80.73,7.87,0.2368,23.3,retractable_open,15
2026_2026-04-21_ARI_CWS,2026,2026-04-21,,87.87,9.97,0.4131,10.0,retractable_open,15
2026_2026-04-22_ARI_CWS,2026,2026-04-22,,81.87,6.57,0.134,12.0,retractable_open,15
2026_2026-04-23_ARI_CWS,2026,2026-04-23,,72.0,0.0,0.0,50.0,closed,15
2026_2026-06-07_ARI_WSH,2026,2026-06-07,,72.0,0.0,0.0,50.0,closed,15
2026_2026-06-01_ARI_LAD,2026,2026-06-01,,72.0,0.0,0.0,50.0,closed,15
2026_2026-04-17_ARI_TOR,2026,2026-04-17,,79.83,4.27,0.2453,14.0,retractable_open,15
2026_2026-04-18_ARI_TOR,2026,2026-04-18,,86.57,0.37,0.9472,8.0,retractable_open,15
2026_2026-04-19_ARI_TOR,2026,2026-04-19,,72.0,0.0,0.0,50.0,closed,15
2026_2026-04-02_ARI_ATL,2026,2026-04-02,,80.13,5.57,-0.1253,16.0,retractable_open,15
2026_2026-04-03_ARI_ATL,2026,2026-04-03,,82.0,5.37,-0.1374,7.0,retractable_open,15
2026_2026-04-04_ARI_ATL,2026,2026-04-04,,87.97,1.47,-0.9806,5.0,retractable_open,15
2026_2026-04-05_ARI_ATL,2026,2026-04-05,,72.0,0.0,0.0,50.0,closed,15
2026_2026-05-05_ARI_PIT,2026,2026-05-05,,73.2,8.43,0.1288,23.0,retractable_open,15
2026_2026-05-06_ARI_PIT,2026,2026-05-06,,81.43,2.7,-0.3567,15.7,retractable_open,15
2026_2026-05-08_ARI_NYM,2026,2026-05-08,,96.23,7.43,0.3156,7.7,retractable_open,15
2026_2026-05-09_ARI_NYM,2026,2026-05-09,,72.0,0.0,0.0,50.0,closed,15
2026_2026-06-19_ARI_MIN,2026,2026-06-19,,72.0,0.0,0.0,50.0,closed,15
2026_2026-06-20_ARI_MIN,2026,2026-06-20,,72.0,0.0,0.0,50.0,closed,15
2026_2026-06-17_ARI_LAA,2026,2026-06-17,,72.0,0.0,0.0,50.0,closed,15
2026_2026-06-29_ARI_SF,2026,2026-06-29,,72.0,0.0,0.0,50.0,closed,15
2026_2026-06-30_ARI_SF,2026,2026-06-30,,72.0,0.0,0.0,50.0,closed,15
2026_2026-07-05_ARI_MIL,2026,2026-07-05,,72.0,0.0,0.0,50.0,closed,15
2026_2026-08-05_ARI_SD,2026,2026-08-05,,72.0,0.0,0.0,50.0,closed,15
2026_2026-07-21_ARI_OAK,2026,2026-07-21,,72.0,0.0,0.0,50.0,closed,15
2026_2026-08-06_ARI_SD,2026,2026-08-06,,72.0,0.0,0.0,50.0,closed,15
2026_2026-05-07_ARI_PIT,2026,2026-05-07,,72.0,0.0,0.0,50.0,closed,15
2026_2026-07-20_ARI_OAK,2026,2026-07-20,,72.0,0.0,0.0,50.0,closed,15
2026_2026-06-04_ARI_LAD,2026,2026-06-04,,72.0,0.0,0.0,50.0,closed,15
2026_2026-09-20_ARI_NYY,2026,2026-09-20,,72.0,0.0,0.0,50.0,closed,15
2026_2026-09-11_ARI_TEX,2026,2026-09-11,,72.0,0.0,0.0,50.0,closed,15
2026_2026-09-12_ARI_TEX,2026,2026-09-12,,72.0,0.0,0.0,50.0,closed,15
2026_2026-09-13_ARI_TEX,2026,2026-09-13,,72.0,0.0,0.0,50.0,closed,15
2026_2026-06-21_ARI_MIN,2026,2026-06-21,,72.0,0.0,0.0,50.0,closed,15
2026_2026-09-18_ARI_NYY,2026,2026-09-18,,72.0,0.0,0.0,50.0,closed,15
2026_2026-09-19_ARI_NYY,2026,2026-09-19,,72.0,0.0,0.0,50.0,closed,15
2026_2026-05-23_ARI_COL,2026,2026-05-23,,91.7,3.6,-0.632,13.0,retractable_open,15
2026_2026-05-24_ARI_COL,2026,2026-05-24,,72.0,0.0,0.0,50.0,closed,15
2026_2026-05-10_ARI_NYM,2026,2026-05-10,,72.0,0.0,0.0,50.0,closed,15
2026_2026-05-18_ARI_SF,2026,2026-05-18,,82.07,5.5,-0.2181,23.0,retractable_open,15
2026_2026-05-19_ARI_SF,2026,2026-05-19,,85.87,5.03,0.1599,9.0,retractable_open,15
2026_2026-05-20_ARI_SF,2026,2026-05-20,,72.0,0.0,0.0,50.0,closed,15
2026_2026-06-02_ARI_LAD,2026,2026-06-02,,72.0,0.0,0.0,50.0,closed,15
2026_2026-07-01_ARI_SF,2026,2026-07-01,,72.0,0.0,0.0,50.0,closed,15
2026_2026-07-03_ARI_MIL,2026,2026-07-03,,72.0,0.0,0.0,50.0,closed,15
2026_2026-07-04_ARI_MIL,2026,2026-07-04,,72.0,0.0,0.0,50.0,closed,15
2026_2026-07-17_ARI_STL,2026,2026-07-17,,72.0,0.0,0.0,50.0,closed,15
2026_2026-07-18_ARI_STL,2026,2026-07-18,,72.0,0.0,0.0,50.0,closed,15
2026_2026-07-19_ARI_STL,2026,2026-07-19,,72.0,0.0,0.0,50.0,closed,15
2026_2026-08-03_ARI_SD,2026,2026-08-03,,72.0,0.0,0.0,50.0,closed,15
2026_2026-08-04_ARI_SD,2026,2026-08-04,,72.0,0.0,0.0,50.0,closed,15
2026_2026-08-07_ARI_LAD,2026,2026-08-07,,72.0,0.0,0.0,50.0,closed,15
2026_2026-08-08_ARI_LAD,2026,2026-08-08,,72.0,0.0,0.0,50.0,closed,15
2026_2026-08-09_ARI_LAD,2026,2026-08-09,,72.0,0.0,0.0,50.0,closed,15
2026_2026-08-11_ARI_COL,2026,2026-08-11,,72.0,0.0,0.0,50.0,closed,15
2026_2026-08-10_ARI_COL,2026,2026-08-10,,72.0,0.0,0.0,50.0,closed,15
2026_2026-08-24_ARI_CHC,2026,2026-08-24,,72.0,0.0,0.0,50.0,closed,15
2026_2026-08-12_ARI_COL,2026,2026-08-12,,72.0,0.0,0.0,50.0,closed,15
2026_2026-08-22_ARI_CIN,2026,2026-08-22,,72.0,0.0,0.0,50.0,closed,15
2026_2026-08-25_ARI_CHC,2026,2026-08-25,,72.0,0.0,0.0,50.0,closed,15
2026_2026-08-23_ARI_CIN,2026,2026-08-23,,72.0,0.0,0.0,50.0,closed,15
2026_2026-06-05_ARI_WSH,2026,2026-06-05,,72.0,0.0,0.0,50.0,closed,15
2026_2026-06-06_ARI_WSH,2026,2026-06-06,,72.0,0.0,0.0,50.0,closed,15
2026_2026-09-01_ARI_PHI,2026,2026-09-01,,72.0,0.0,0.0,50.0,closed,15
2026_2026-08-31_ARI_PHI,2026,2026-08-31,,72.0,0.0,0.0,50.0,closed,15
2026_2026-09-14_ARI_MIA,2026,2026-09-14,,72.0,0.0,0.0,50.0,closed,15
2026_2026-09-02_ARI_PHI,2026,2026-09-02,,72.0,0.0,0.0,50.0,closed,15
2026_2026-09-15_ARI_MIA,2026,2026-09-15,,72.0,0.0,0.0,50.0,closed,15
2026_2026-09-16_ARI_MIA,2026,2026-09-16,,72.0,0.0,0.0,50.0,closed,15
2026_2026-03-31_ARI_DET,2026,2026-03-31,,86.17,2.97,-0.0401,19.3,retractable_open,15
2026_2026-05-21_ARI_COL,2026,2026-05-21,,90.6,5.37,-0.0663,7.7,retractable_open,15
2026_2026-05-22_ARI_COL,2026,2026-05-22,,91.83,6.87,-0.454,10.0,retractable_open,15
2026_2026-08-26_ARI_CHC,2026,2026-08-26,,72.0,0.0,0.0,50.0,closed,15
2026_2026-07-22_ARI_OAK,2026,2026-07-22,,72.0,0.0,0.0,50.0,closed,15
2026_2026-06-03_ARI_LAD,2026,2026-06-03,,72.0,0.0,0.0,50.0,closed,15
2026_2026-08-21_ARI_CIN,2026,2026-08-21,,72.0,0.0,0.0,50.0,closed,15
2026_2026-06-15_ARI_LAA,2026,2026-06-15,,72.0,0.0,0.0,50.0,closed,15
2026_2026-06-16_ARI_LAA,2026,2026-06-16,,72.0,0.0,0.0,50.0,closed,15
2026_2026-03-30_CHC_LAA,2026,2026-03-30,,73.8,14.5,0.9548,50.7,open,17
2026_2026-03-31_CHC_LAA,2026,2026-03-31,,40.37,8.93,-0.8918,90.7,open,17
2026_2026-04-01_CHC_LAA,2026,2026-04-01,,38.37,15.0,-0.9952,82.3,open,17
2026_2026-05-01_CHC_ARI,2026,2026-05-01,,43.93,6.27,-0.9863,67.0,open,17
2026_2026-04-10_CHC_PIT,2026,2026-04-10,,45.73,6.03,-0.9568,91.7,open,17
2026_2026-04-11_CHC_PIT,2026,2026-04-11,,47.0,6.27,-0.8669,81.0,open,17
2026_2026-04-12_CHC_PIT,2026,2026-04-12,,75.47,14.97,0.9799,51.3,open,17
2026_2026-06-05_CHC_SF,2026,2026-06-05,,71.6,5.17,0.8838,89.0,open,17
2026_2026-06-06_CHC_SF,2026,2026-06-06,,75.17,7.47,-0.887,74.3,open,17
2026_2026-04-20_CHC_PHI,2026,2026-04-20,,47.53,9.57,0.1028,75.3,open,17
2026_2026-04-21_CHC_PHI,2026,2026-04-21,,64.3,5.17,0.9947,77.3,open,17
2026_2026-04-22_CHC_PHI,2026,2026-04-22,,49.1,4.83,-0.9995,78.0,open,17
2026_2026-04-23_CHC_PHI,2026,2026-04-23,,72.3,8.5,0.1788,75.0,open,17
2026_2026-03-26_CHC_WSH,2026,2026-03-26,,45.33,15.43,-0.7955,72.3,open,17
2026_2026-03-28_CHC_WSH,2026,2026-03-28,,42.2,6.0,0.8545,40.7,open,17
2026_2026-03-29_CHC_WSH,2026,2026-03-29,,58.97,7.73,0.7046,37.3,open,17
2026_2026-04-17_CHC_NYM,2026,2026-04-17,,72.73,11.43,0.3584,70.7,open,17
2026_2026-04-18_CHC_NYM,2026,2026-04-18,,49.33,15.17,0.5534,51.3,open,17
2026_2026-04-19_CHC_NYM,2026,2026-04-19,,48.07,13.2,0.2538,47.7,open,17
2026_2026-05-02_CHC_ARI,2026,2026-05-02,,50.03,4.9,-0.2284,52.0,open,17
2026_2026-05-03_CHC_ARI,2026,2026-05-03,,56.37,14.0,0.8563,57.7,open,17
2026_2026-05-04_CHC_CIN,2026,2026-05-04,,66.23,14.6,1.0,63.0,open,17
2026_2026-05-05_CHC_CIN,2026,2026-05-05,,52.8,1.07,-0.5736,70.0,open,17
2026_2026-05-06_CHC_CIN,2026,2026-05-06,,52.8,12.67,0.3371,40.7,open,17
2026_2026-09-11_CHC_PIT,2026,2026-09-11,,75.2,6.67,-0.314,52.3,open,17
2026_2026-05-07_CHC_CIN,2026,2026-05-07,,56.77,7.43,0.9483,36.3,open,17
2026_2026-06-21_CHC_TOR,2026,2026-06-21,,66.43,5.57,0.2907,89.7,open,17
2026_2026-06-19_CHC_TOR,2026,2026-06-19,,71.5,4.6,-0.7891,53.7,open,17
2026_2026-06-20_CHC_TOR,2026,2026-06-20,,70.6,5.6,-0.8499,62.0,open,17
2026_2026-06-29_CHC_SD,2026,2026-06-29,,85.63,11.37,0.9421,68.0,open,17
2026_2026-06-30_CHC_SD,2026,2026-06-30,,87.83,15.37,0.996,67.3,open,17
2026_2026-07-03_CHC_STL,2026,2026-07-03,,79.5,6.03,0.9191,80.7,open,17
2026_2026-07-04_CHC_STL,2026,2026-07-04,,71.27,5.67,-0.9921,92.7,open,17
2026_2026-08-04_CHC_LAD,2026,2026-08-04,,79.0,6.33,0.9483,68.7,open,17
2026_2026-08-05_CHC_LAD,2026,2026-08-05,,80.07,3.97,0.9703,73.0,open,17
2026_2026-09-02_CHC_MIL,2026,2026-09-02,,85.17,7.5,0.998,68.0,open,17
2026_2026-07-31_CHC_NYY,2026,2026-07-31,,77.6,9.67,0.6613,64.7,open,17
2026_2026-08-01_CHC_NYY,2026,2026-08-01,,69.13,17.13,-0.9905,91.7,open,17
2026_2026-08-02_CHC_NYY,2026,2026-08-02,,69.7,15.6,-0.7848,86.7,open,17
2026_2026-09-03_CHC_MIL,2026,2026-09-03,,79.17,6.93,0.274,82.7,open,17
2026_2026-06-02_CHC_OAK,2026,2026-06-02,,61.2,8.3,-0.9298,70.3,open,17
2026_2026-05-22_CHC_HOU,2026,2026-05-22,,58.7,10.2,-0.9912,64.3,open,17
2026_2026-05-23_CHC_HOU,2026,2026-05-23,,58.77,8.6,-0.9888,80.7,open,17
2026_2026-05-24_CHC_HOU,2026,2026-05-24,,65.0,5.23,-0.7145,88.7,open,17
2026_2026-06-03_CHC_OAK,2026,2026-06-03,,68.73,7.97,-0.1891,55.3,open,17
2026_2026-06-17_CHC_COL,2026,2026-06-17,,68.37,10.83,0.9763,86.3,open,17
2026_2026-06-04_CHC_OAK,2026,2026-06-04,,82.6,10.57,0.9893,37.7,open,17
2026_2026-07-20_CHC_DET,2026,2026-07-20,,78.13,12.87,0.9983,75.3,open,17
2026_2026-07-21_CHC_DET,2026,2026-07-21,,71.87,14.5,-0.9438,80.0,open,17
2026_2026-07-22_CHC_DET,2026,2026-07-22,,68.2,3.53,-0.9659,54.7,open,17
2026_2026-07-19_CHC_MIN,2026,2026-07-19,,72.7,6.77,-0.9813,74.3,open,17
2026_2026-07-18_CHC_MIN,2026,2026-07-18,,79.77,7.1,0.6934,82.7,open,17
2026_2026-08-17_CHC_CWS,2026,2026-08-17,,73.83,1.47,0.3633,68.7,open,17
2026_2026-08-18_CHC_CWS,2026,2026-08-18,,69.57,5.0,0.9965,95.0,open,17
2026_2026-07-17_CHC_MIN,2026,2026-07-17,,80.23,4.97,0.9936,87.7,open,17
2026_2026-08-19_CHC_CWS,2026,2026-08-19,,75.0,5.6,-0.9992,76.0,open,17
2026_2026-08-03_CHC_LAD,2026,2026-08-03,,75.9,6.17,-0.4524,72.3,open,17
2026_2026-08-28_CHC_CIN,2026,2026-08-28,,76.93,4.93,-0.3535,59.7,open,17
2026_2026-08-29_CHC_CIN,2026,2026-08-29,,78.87,6.53,0.8894,59.0,open,17
2026_2026-08-30_CHC_CIN,2026,2026-08-30,,74.33,8.93,0.9715,89.3,open,17
2026_2026-05-19_CHC_MIL,2026,2026-05-19,,68.97,11.23,0.3206,68.7,open,17
2026_2026-05-18_CHC_MIL,2026,2026-05-18,,73.63,13.8,0.9803,69.3,open,17
2026_2026-08-14_CHC_STL,2026,2026-08-14,,76.27,6.43,-0.3762,83.7,open,17
2026_2026-08-15_CHC_STL,2026,2026-08-15,,78.93,4.0,0.66,79.3,open,17
2026_2026-08-16_CHC_STL,2026,2026-08-16,,81.27,4.93,0.4399,76.0,open,17
2026_2026-09-12_CHC_PIT,2026,2026-09-12,,83.13,6.63,0.9686,53.7,open,17
2026_2026-09-13_CHC_PIT,2026,2026-09-13,,67.07,7.97,-0.9143,69.3,open,17
2026_2026-05-20_CHC_MIL,2026,2026-05-20,,52.47,11.27,-0.9085,66.3,open,17
2026_2026-07-05_CHC_STL,2026,2026-07-05,,70.07,9.97,-0.7976,90.7,open,17
2026_2026-08-31_CHC_MIL,2026,2026-08-31,,80.23,9.27,0.9973,83.3,open,17
2026_2026-09-01_CHC_MIL,2026,2026-09-01,,84.13,6.67,0.9877,73.7,open,17
2026_2026-09-14_CHC_ATL,2026,2026-09-14,,68.83,10.47,0.3535,58.0,open,17
2026_2026-09-15_CHC_ATL,2026,2026-09-15,,76.33,5.07,-0.0279,86.0,open,17
2026_2026-09-16_CHC_ATL,2026,2026-09-16,,69.5,6.93,-0.986,91.0,open,17
2026_2026-09-23_CHC_MIA,2026,2026-09-23,,63.93,9.27,-0.8425,78.0,open,17
2026_2026-09-24_CHC_MIA,2026,2026-09-24,,64.97,7.5,-0.8616,71.7,open,17
2026_2026-07-01_CHC_SD,2026,2026-07-01,,93.33,9.53,0.9848,44.7,open,17
2026_2026-06-07_CHC_SF,2026,2026-06-07,,66.13,5.87,-0.974,85.3,open,17
2026_2026-09-22_CHC_MIA,2026,2026-09-22,,62.23,11.73,-0.9699,70.0,open,17
2026_2026-08-06_CHC_TOR,2026,2026-08-06,,75.73,4.83,-0.4818,79.7,open,17
2026_2026-06-16_CHC_COL,2026,2026-06-16,,67.83,11.67,0.5906,56.0,open,17
2026_2026-06-15_CHC_COL,2026,2026-06-15,,71.1,7.1,0.9646,49.0,open,17
2026_2026-09-24_COL_ARI,2026,2026-09-24,,73.93,3.97,-0.8918,34.7,open,19
2026_2026-04-06_COL_HOU,2026,2026-04-06,,63.83,6.3,-0.7096,22.7,open,19
2026_2026-04-17_COL_LAD,2026,2026-04-17,,34.83,5.4,0.6143,60.0,open,19
2026_2026-04-18_COL_LAD,2026,2026-04-18,,54.2,2.43,0.4019,25.7,open,19
2026_2026-04-19_COL_LAD,2026,2026-04-19,,69.63,1.3,-0.7059,5.3,open,19
2026_2026-04-20_COL_LAD,2026,2026-04-20,,75.43,5.47,-0.4939,5.3,open,19
2026_2026-04-21_COL_SD,2026,2026-04-21,,79.93,11.27,0.8796,8.0,open,19
2026_2026-04-22_COL_SD,2026,2026-04-22,,75.73,9.9,0.5948,5.0,open,19
2026_2026-04-23_COL_SD,2026,2026-04-23,,63.9,6.97,-0.8563,9.7,open,19
2026_2026-04-03_COL_PHI,2026,2026-04-03,,51.07,12.17,-0.2011,19.3,open,19
2026_2026-04-04_COL_PHI,2026,2026-04-04,,56.7,4.3,-0.5693,27.7,open,19
2026_2026-04-05_COL_PHI,2026,2026-04-05,,64.23,3.23,-0.9461,15.0,open,19
2026_2026-04-07_COL_HOU,2026,2026-04-07,,66.1,6.97,0.9962,20.7,open,19
2026_2026-04-08_COL_HOU,2026,2026-04-08,,71.2,10.03,-1.0,14.7,open,19
2026_2026-05-01_COL_ATL,2026,2026-05-01,,57.33,1.1,-0.4067,37.0,open,19
2026_2026-05-04_COL_NYM,2026,2026-05-04,,68.6,6.23,-0.6858,21.3,open,19
2026_2026-05-06_COL_NYM,2026,2026-05-06,,31.23,0.67,0.99,81.0,open,19
2026_2026-05-02_COL_ATL,2026,2026-05-02,,66.33,1.43,0.524,26.7,open,19
2026_2026-06-19_COL_PIT,2026,2026-06-19,,82.43,2.83,-0.3907,18.3,open,19
2026_2026-06-20_COL_PIT,2026,2026-06-20,,85.73,3.9,-0.7524,24.7,open,19
2026_2026-06-21_COL_PIT,2026,2026-06-21,,90.67,10.03,-0.575,7.3,open,19
2026_2026-06-22_COL_BOS,2026,2026-06-22,,86.4,6.73,0.9914,17.7,open,19
2026_2026-06-29_COL_MIA,2026,2026-06-29,,86.53,7.6,-0.4772,10.3,open,19
2026_2026-06-30_COL_MIA,2026,2026-06-30,,80.17,9.1,-0.9952,25.7,open,19
2026_2026-07-18_COL_CIN,2026,2026-07-18,,92.43,1.77,-0.9917,19.3,open,19
2026_2026-07-21_COL_WSH,2026,2026-07-21,,93.7,8.93,0.8018,19.7,open,19
2026_2026-07-31_COL_KC,2026,2026-07-31,,81.97,3.73,0.9245,37.0,open,19
2026_2026-08-03_COL_TB,2026,2026-08-03,,87.27,7.93,-0.9998,21.3,open,19
2026_2026-08-05_COL_TB,2026,2026-08-05,,79.33,5.5,-0.8499,32.3,open,19
2026_2026-07-19_COL_CIN,2026,2026-07-19,,98.33,4.7,-0.6157,12.0,open,19
2026_2026-07-17_COL_CIN,2026,2026-07-17,,91.2,4.93,0.6613,17.7,open,19
2026_2026-07-22_COL_WSH,2026,2026-07-22,,89.2,1.63,-0.153,34.3,open,19
2026_2026-08-02_COL_KC,2026,2026-08-02,,101.37,4.87,-0.8581,7.0,open,19
2026_2026-05-07_COL_NYM,2026,2026-05-07,,65.53,5.3,-0.9954,34.0,open,19
2026_2026-06-09_COL_CHC,2026,2026-06-09,,86.17,5.37,-0.999,12.3,open,19
2026_2026-08-22_COL_CLE,2026,2026-08-22,,80.87,3.33,0.9677,40.7,open,19
2026_2026-08-21_COL_CLE,2026,2026-08-21,,88.13,5.13,-0.8581,24.0,open,19
2026_2026-08-23_COL_CLE,2026,2026-08-23,,94.2,2.73,-0.4163,15.3,open,19
2026_2026-09-01_COL_BAL,2026,2026-09-01,,81.0,3.97,-0.9744,30.0,open,19
2026_2026-08-31_COL_BAL,2026,2026-08-31,,77.97,3.2,-0.8348,40.7,open,19
2026_2026-09-02_COL_BAL,2026,2026-09-02,,88.97,2.4,0.9056,15.7,open,19
2026_2026-06-11_COL_CHC,2026,2026-06-11,,78.43,6.03,-0.3955,7.3,open,19
2026_2026-05-19_COL_TEX,2026,2026-05-19,,49.13,1.87,-0.6388,67.3,open,19
2026_2026-05-20_COL_TEX,2026,2026-05-20,,54.07,4.53,-1.0,64.3,open,19
2026_2026-09-20_COL_SEA,2026,2026-09-20,,74.03,6.47,-0.887,34.3,open,19
2026_2026-05-18_COL_TEX,2026,2026-05-18,,43.6,7.13,-0.9991,75.7,open,19
2026_2026-09-18_COL_SEA,2026,2026-09-18,,74.4,3.73,-0.5548,41.3,open,19
2026_2026-09-19_COL_SEA,2026,2026-09-19,,68.33,3.97,-0.8695,53.3,open,19
2026_2026-08-04_COL_TB,2026,2026-08-04,,73.27,2.53,-0.8643,35.7,open,19
2026_2026-05-15_COL_ARI,2026,2026-05-15,,78.93,8.13,0.3305,14.3,open,19
2026_2026-05-16_COL_ARI,2026,2026-05-16,,76.07,5.63,-0.988,19.7,open,19
2026_2026-05-17_COL_ARI,2026,2026-05-17,,60.63,4.57,-0.9694,51.3,open,19
2026_2026-09-22_COL_ARI,2026,2026-09-22,,75.53,6.93,0.0628,35.0,open,19
2026_2026-09-23_COL_ARI,2026,2026-09-23,,64.83,7.1,0.6334,66.7,open,19
2026_2026-05-31_COL_SF,2026,2026-05-31,,79.7,4.87,0.7716,12.0,open,19
2026_2026-09-14_COL_SD,2026,2026-09-14,,83.67,6.13,-0.8788,20.3,open,19
2026_2026-09-17_COL_SD,2026,2026-09-17,,76.87,2.97,0.5015,46.7,open,19
2026_2026-07-03_COL_SF,2026,2026-07-03,,86.07,8.17,-0.9259,13.3,open,19
2026_2026-07-04_COL_SF,2026,2026-07-04,,81.93,5.83,0.8616,21.3,open,19
2026_2026-07-05_COL_SF,2026,2026-07-05,,95.9,3.33,0.9936,7.0,open,19
2026_2026-09-04_COL_STL,2026,2026-09-04,,88.93,8.13,-0.0157,17.3,open,19
2026_2026-09-05_COL_STL,2026,2026-09-05,,90.33,6.03,-0.9003,15.3,open,19
2026_2026-06-05_COL_MIL,2026,2026-06-05,,77.6,2.87,0.4894,41.0,open,19
2026_2026-06-06_COL_MIL,2026,2026-06-06,,83.77,10.6,0.9799,18.3,open,19
2026_2026-06-07_COL_MIL,2026,2026-06-07,,91.07,6.93,0.5358,10.0,open,19
2026_2026-09-16_COL_SD,2026,2026-09-16,,74.4,3.3,-0.1219,41.3,open,19
2026_2026-07-02_COL_MIA,2026,2026-07-02,,87.17,6.4,-0.7615,17.3,open,19
2026_2026-07-01_COL_MIA,2026,2026-07-01,,85.2,12.27,-0.7302,14.0,open,19
2026_2026-07-20_COL_WSH,2026,2026-07-20,,97.33,5.97,-0.7649,15.3,open,19
2026_2026-08-01_COL_KC,2026,2026-08-01,,93.0,5.37,-0.5707,13.0,open,19
2026_2026-08-17_COL_LAD,2026,2026-08-17,,89.43,4.9,0.9845,16.3,open,19
2026_2026-08-18_COL_LAD,2026,2026-08-18,,85.6,1.43,-0.4003,25.0,open,19
2026_2026-08-19_COL_LAD,2026,2026-08-19,,83.4,2.37,0.9239,32.7,open,19
2026_2026-09-06_COL_STL,2026,2026-09-06,,89.2,5.87,-0.9135,26.3,open,19
2026_2026-09-15_COL_SD,2026,2026-09-15,,70.23,3.03,-0.7071,41.7,open,19
2026_2026-05-29_COL_SF,2026,2026-05-29,,74.5,3.97,-0.9976,28.7,open,19
2026_2026-05-30_COL_SF,2026,2026-05-30,,71.43,5.0,-0.849,19.7,open,19
2026_2026-05-03_COL_ATL,2026,2026-05-03,,74.07,6.0,-0.6428,12.3,open,19
2026_2026-06-23_COL_BOS,2026,2026-06-23,,79.83,4.7,-0.9755,40.7,open,19
2026_2026-06-24_COL_BOS,2026,2026-06-24,,82.73,5.73,-0.9781,41.3,open,19
2026_2026-06-10_COL_CHC,2026,2026-06-10,,89.77,2.83,-0.9954,7.3,open,19
2026_2026-09-23_LAD_SD,2026,2026-09-23,,73.6,4.3,0.969,69.7,open,22
2026_2026-04-10_LAD_TEX,2026,2026-04-10,,62.2,5.67,0.8838,73.3,open,22
2026_2026-04-11_LAD_TEX,2026,2026-04-11,,63.13,6.8,0.7934,60.0,open,22
2026_2026-04-12_LAD_TEX,2026,2026-04-12,,65.8,7.07,0.8151,49.7,open,22
2026_2026-03-26_LAD_ARI,2026,2026-03-26,,74.17,4.67,0.9092,44.7,open,22
2026_2026-03-27_LAD_ARI,2026,2026-03-27,,65.83,3.7,0.9245,68.7,open,22
2026_2026-03-28_LAD_ARI,2026,2026-03-28,,69.93,3.87,0.9171,48.3,open,22
2026_2026-03-30_LAD_CLE,2026,2026-03-30,,65.27,4.27,0.8517,67.0,open,22
2026_2026-03-31_LAD_CLE,2026,2026-03-31,,63.23,2.67,0.9806,82.7,open,22
2026_2026-04-01_LAD_CLE,2026,2026-04-01,,63.53,6.0,0.7965,69.3,open,22
2026_2026-04-13_LAD_NYM,2026,2026-04-13,,58.8,2.33,0.4939,61.7,open,22
2026_2026-04-14_LAD_NYM,2026,2026-04-14,,61.2,3.27,0.7157,58.3,open,22
2026_2026-04-15_LAD_NYM,2026,2026-04-15,,64.13,4.23,0.9265,58.7,open,22
2026_2026-04-24_LAD_CHC,2026,2026-04-24,,64.0,4.9,0.9919,65.0,open,22
2026_2026-04-25_LAD_CHC,2026,2026-04-25,,59.73,7.0,0.9863,64.0,open,22
2026_2026-04-26_LAD_CHC,2026,2026-04-26,,63.3,11.53,0.8902,47.3,open,22
2026_2026-04-27_LAD_MIA,2026,2026-04-27,,59.77,4.17,0.7385,51.0,open,22
2026_2026-04-28_LAD_MIA,2026,2026-04-28,,62.7,3.57,0.969,49.7,open,22
2026_2026-04-29_LAD_MIA,2026,2026-04-29,,75.43,5.6,0.9744,33.7,open,22
2026_2026-05-08_LAD_ATL,2026,2026-05-08,,62.73,3.77,0.9785,75.0,open,22
2026_2026-05-09_LAD_ATL,2026,2026-05-09,,68.03,5.3,0.9677,61.3,open,22
2026_2026-05-10_LAD_ATL,2026,2026-05-10,,79.2,6.27,0.9848,40.3,open,22
2026_2026-06-19_LAD_BAL,2026,2026-06-19,,64.93,4.63,0.9033,63.7,open,22
2026_2026-06-20_LAD_BAL,2026,2026-06-20,,65.8,4.17,0.9668,61.7,open,22
2026_2026-06-21_LAD_BAL,2026,2026-06-21,,74.8,7.13,0.9936,47.7,open,22
2026_2026-07-05_LAD_SD,2026,2026-07-05,,78.4,7.6,0.9397,41.7,open,22
2026_2026-07-11_LAD_ARI,2026,2026-07-11,,76.27,5.17,0.7902,47.0,open,22
2026_2026-07-10_LAD_ARI,2026,2026-07-10,,74.53,4.67,0.9963,55.0,open,22
2026_2026-07-08_LAD_COL,2026,2026-07-08,,74.5,3.53,0.9966,51.0,open,22
2026_2026-07-29_LAD_SEA,2026,2026-07-29,,74.77,4.83,0.9971,63.0,open,22
2026_2026-07-30_LAD_SEA,2026,2026-07-30,,74.37,5.03,1.0,65.3,open,22
2026_2026-07-28_LAD_SEA,2026,2026-07-28,,75.7,4.37,0.9936,58.7,open,22
2026_2026-08-11_LAD_KC,2026,2026-08-11,,74.97,4.23,0.9905,61.7,open,22
2026_2026-08-23_LAD_PIT,2026,2026-08-23,,99.33,5.97,0.9707,22.3,open,22
2026_2026-06-05_LAD_LAA,2026,2026-06-05,,68.13,5.23,0.9983,68.0,open,22
2026_2026-06-06_LAD_LAA,2026,2026-06-06,,68.13,4.7,0.9923,66.7,open,22
2026_2026-06-07_LAD_LAA,2026,2026-06-07,,76.9,7.4,0.9945,45.0,open,22
2026_2026-09-24_LAD_SD,2026,2026-09-24,,71.07,3.9,0.8634,77.3,open,22
2026_2026-08-10_LAD_KC,2026,2026-08-10,,75.2,5.2,0.9121,58.3,open,22
2026_2026-08-12_LAD_KC,2026,2026-08-12,,70.87,5.57,0.986,71.0,open,22
2026_2026-06-15_LAD_TB,2026,2026-06-15,,68.2,4.1,0.9971,67.7,open,22
2026_2026-06-16_LAD_TB,2026,2026-06-16,,68.43,4.6,0.9219,63.3,open,22
2026_2026-06-17_LAD_TB,2026,2026-06-17,,76.17,5.03,0.9962,47.0,open,22
2026_2026-07-12_LAD_ARI,2026,2026-07-12,,77.9,4.57,0.9317,54.7,open,22
2026_2026-05-25_LAD_COL,2026,2026-05-25,,64.63,5.57,0.9385,57.0,open,22
2026_2026-05-11_LAD_SF,2026,2026-05-11,,69.67,4.03,0.9603,54.3,open,22
2026_2026-05-12_LAD_SF,2026,2026-05-12,,63.33,4.67,0.9799,64.3,open,22
2026_2026-05-13_LAD_SF,2026,2026-05-13,,62.83,4.63,0.9385,60.3,open,22
2026_2026-05-14_LAD_SF,2026,2026-05-14,,63.63,4.53,0.9191,66.0,open,22
2026_2026-05-26_LAD_COL,2026,2026-05-26,,61.9,6.03,0.9397,65.3,open,22
2026_2026-05-27_LAD_COL,2026,2026-05-27,,59.57,5.37,0.8434,60.3,open,22
2026_2026-05-29_LAD_PHI,2026,2026-05-29,,62.57,4.5,0.7738,66.7,open,22
2026_2026-05-30_LAD_PHI,2026,2026-05-30,,68.07,4.07,0.9568,54.7,open,22
2026_2026-05-31_LAD_PHI,2026,2026-05-31,,82.83,7.47,0.9553,35.3,open,22
2026_2026-07-02_LAD_SD,2026,2026-07-02,,67.63,4.37,0.8988,62.0,open,22
2026_2026-08-13_LAD_MIL,2026,2026-08-13,,71.4,4.4,0.9403,69.7,open,22
2026_2026-07-07_LAD_COL,2026,2026-07-07,,73.43,4.2,0.9907,54.3,open,22
2026_2026-08-21_LAD_PIT,2026,2026-08-21,,79.43,4.17,0.993,47.0,open,22
2026_2026-08-22_LAD_PIT,2026,2026-08-22,,89.93,6.63,0.9239,29.0,open,22
2026_2026-09-03_LAD_STL,2026,2026-09-03,,70.83,3.77,0.9829,62.0,open,22
2026_2026-09-01_LAD_STL,2026,2026-09-01,,71.0,4.27,0.9385,55.7,open,22
2026_2026-09-02_LAD_STL,2026,2026-09-02,,72.2,3.37,0.9985,50.0,open,22
2026_2026-08-01_LAD_BOS,2026,2026-08-01,,82.4,5.17,0.9397,43.3,open,22
2026_2026-07-31_LAD_BOS,2026,2026-07-31,,77.0,4.2,0.9943,56.3,open,22
2026_2026-08-16_LAD_MIL,2026,2026-08-16,,86.73,6.93,0.9252,39.7,open,22
2026_2026-08-14_LAD_MIL,2026,2026-08-14,,71.3,5.7,0.891,68.3,open,22
2026_2026-08-15_LAD_MIL,2026,2026-08-15,,78.83,7.47,0.9121,52.7,open,22
2026_2026-09-06_LAD_WSH,2026,2026-09-06,,71.7,3.27,-0.1478,95.7,open,22
2026_2026-08-02_LAD_BOS,2026,2026-08-02,,87.77,6.7,0.9715,35.3,open,22
2026_2026-09-04_LAD_WSH,2026,2026-09-04,,71.67,4.67,0.8634,60.7,open,22
2026_2026-09-07_LAD_CIN,2026,2026-09-07,,78.87,2.93,0.9171,74.3,open,22
2026_2026-09-09_LAD_CIN,2026,2026-09-09,,90.63,3.4,0.9796,37.7,open,22
2026_2026-09-08_LAD_CIN,2026,2026-09-08,,83.2,3.03,0.0349,55.7,open,22
2026_2026-09-05_LAD_WSH,2026,2026-09-05,,81.03,5.3,0.9048,34.7,open,22
2026_2026-09-19_LAD_SF,2026,2026-09-19,,71.9,5.33,0.8755,66.0,open,22
2026_2026-09-18_LAD_SF,2026,2026-09-18,,70.37,3.57,0.742,68.0,open,22
2026_2026-09-20_LAD_SF,2026,2026-09-20,,80.6,5.1,0.9354,46.7,open,22
2026_2026-09-22_LAD_SD,2026,2026-09-22,,70.47,3.27,0.9991,71.7,open,22
2026_2026-07-03_LAD_SD,2026,2026-07-03,,69.73,5.27,0.9578,57.3,open,22
2026_2026-07-06_LAD_COL,2026,2026-07-06,,71.23,4.17,0.988,56.7,open,22
2026_2026-07-04_LAD_SD,2026,2026-07-04,,71.73,5.07,0.9143,54.3,open,22
2026_2026-09-24_PIT_STL,2026,2026-09-24,,61.67,7.1,-0.7559,50.7,open,31
2026_2026-05-29_PIT_MIN,2026,2026-05-29,,72.17,7.47,0.9686,47.7,open,31
2026_2026-04-17_PIT_TB,2026,2026-04-17,,71.97,2.7,-0.9995,54.7,open,31
2026_2026-04-18_PIT_TB,2026,2026-04-18,,75.53,13.63,0.279,54.0,open,31
2026_2026-04-19_PIT_TB,2026,2026-04-19,,49.17,15.1,0.9991,35.0,open,31
2026_2026-04-06_PIT_SD,2026,2026-04-06,,47.97,8.17,0.9959,61.0,open,31
2026_2026-04-07_PIT_SD,2026,2026-04-07,,36.87,6.4,0.549,49.3,open,31
2026_2026-04-08_PIT_SD,2026,2026-04-08,,51.0,6.4,-0.9755,37.0,open,31
2026_2026-05-01_PIT_CIN,2026,2026-05-01,,46.77,6.17,0.9951,85.7,open,31
2026_2026-04-03_PIT_BAL,2026,2026-04-03,,73.9,10.13,0.3535,63.7,open,31
2026_2026-04-04_PIT_BAL,2026,2026-04-04,,79.97,9.17,-0.0349,41.7,open,31
2026_2026-04-05_PIT_BAL,2026,2026-04-05,,47.23,13.57,0.8965,59.0,open,31
2026_2026-04-13_PIT_WSH,2026,2026-04-13,,71.93,9.33,0.4848,64.3,open,31
2026_2026-04-14_PIT_WSH,2026,2026-04-14,,72.0,7.47,0.4478,69.3,open,31
2026_2026-04-15_PIT_WSH,2026,2026-04-15,,74.9,10.43,0.5519,61.0,open,31
2026_2026-04-16_PIT_WSH,2026,2026-04-16,,78.97,12.07,0.3518,39.3,open,31
2026_2026-04-27_PIT_STL,2026,2026-04-27,,68.03,9.83,-0.9956,41.7,open,31
2026_2026-04-28_PIT_STL,2026,2026-04-28,,69.63,5.3,0.509,60.3,open,31
2026_2026-04-29_PIT_STL,2026,2026-04-29,,56.97,7.57,0.9988,90.7,open,31
2026_2026-04-30_PIT_STL,2026,2026-04-30,,49.37,10.3,0.9673,66.0,open,31
2026_2026-05-02_PIT_CIN,2026,2026-05-02,,45.0,8.47,0.7443,60.7,open,31
2026_2026-05-03_PIT_CIN,2026,2026-05-03,,55.83,10.47,0.8434,35.3,open,31
2026_2026-06-25_PIT_SEA,2026,2026-06-25,,77.97,8.63,0.2233,51.7,open,31
2026_2026-06-26_PIT_CIN,2026,2026-06-26,,76.5,4.4,0.712,60.0,open,31
2026_2026-06-28_PIT_CIN,2026,2026-06-28,,79.03,1.03,-0.9917,69.7,open,31
2026_2026-07-08_PIT_ATL,2026,2026-07-08,,84.07,2.83,0.8878,53.3,open,31
2026_2026-07-11_PIT_MIL_2,2026,2026-07-11,,82.03,4.07,0.6782,56.7,open,31
2026_2026-07-09_PIT_ATL,2026,2026-07-09,,81.13,5.57,0.3305,61.7,open,31
2026_2026-09-01_PIT_SF,2026,2026-09-01,,81.8,6.63,0.7793,72.3,open,31
2026_2026-09-02_PIT_SF,2026,2026-09-02,,81.53,2.43,0.3859,78.0,open,31
2026_2026-07-27_PIT_ARI,2026,2026-07-27,,80.93,5.03,0.3551,61.7,open,31
2026_2026-09-03_PIT_SF,2026,2026-09-03,,81.5,5.2,0.0384,76.3,open,31
2026_2026-08-09_PIT_NYM,2026,2026-08-09,,83.0,4.83,0.6252,53.3,open,31
2026_2026-09-05_PIT_LAA,2026,2026-09-05,,76.23,4.73,0.225,65.3,open,31
2026_2026-09-04_PIT_LAA,2026,2026-09-04,,78.37,3.6,0.8211,76.7,open,31
2026_2026-09-06_PIT_LAA,2026,2026-09-06,,76.2,7.07,-0.4555,48.7,open,31
2026_2026-06-23_PIT_SEA,2026,2026-06-23,,71.7,8.83,0.7337,48.7,open,31
2026_2026-06-24_PIT_SEA,2026,2026-06-24,,74.87,2.77,0.7965,42.7,open,31
2026_2026-09-20_PIT_KC,2026,2026-09-20,,73.2,6.77,0.9588,82.0,open,31
2026_2026-08-17_PIT_DET,2026,2026-08-17,,76.07,5.1,0.7046,78.0,open,31
2026_2026-08-18_PIT_DET,2026,2026-08-18,,75.93,3.6,0.8141,56.7,open,31
2026_2026-08-19_PIT_DET,2026,2026-08-19,,76.73,8.37,0.7559,65.3,open,31
2026_2026-09-19_PIT_KC,2026,2026-09-19,,71.2,3.3,-0.7912,84.7,open,31
2026_2026-09-18_PIT_KC,2026,2026-09-18,,71.47,5.3,0.4035,66.7,open,31
2026_2026-05-30_PIT_MIN,2026,2026-05-30,,68.47,8.0,0.0924,43.3,open,31
2026_2026-05-31_PIT_MIN,2026,2026-05-31,,70.77,2.23,-0.9494,30.0,open,31
2026_2026-08-14_PIT_BOS,2026,2026-08-14,,77.23,3.57,-0.9212,75.7,open,31
2026_2026-07-28_PIT_ARI,2026,2026-07-28,,76.87,9.67,0.7627,66.0,open,31
2026_2026-07-29_PIT_ARI,2026,2026-07-29,,75.73,11.33,0.7955,55.3,open,31
2026_2026-06-11_PIT_LAD,2026,2026-06-11,,79.83,8.03,0.7254,69.0,open,31
2026_2026-06-09_PIT_LAD,2026,2026-06-09,,76.1,9.93,-0.3987,79.3,open,31
2026_2026-06-10_PIT_LAD,2026,2026-06-10,,80.93,8.8,0.5358,77.0,open,31
2026_2026-06-27_PIT_CIN,2026,2026-06-27,,74.2,2.93,0.9239,80.3,open,31
2026_2026-05-15_PIT_PHI,2026,2026-05-15,,64.0,4.63,0.991,48.7,open,31
2026_2026-05-16_PIT_PHI,2026,2026-05-16,,67.5,9.77,0.299,76.0,open,31
2026_2026-05-17_PIT_PHI,2026,2026-05-17,,81.63,7.97,0.5707,50.3,open,31
2026_2026-05-26_PIT_CHC,2026,2026-05-26,,74.9,4.2,-0.2334,75.7,open,31
2026_2026-05-13_PIT_COL,2026,2026-05-13,,55.63,11.17,0.9311,76.7,open,31
2026_2026-05-27_PIT_CHC,2026,2026-05-27,,75.07,5.7,0.9494,67.0,open,31
2026_2026-05-28_PIT_CHC,2026,2026-05-28,,66.93,9.37,0.5664,55.3,open,31
2026_2026-07-12_PIT_MIL,2026,2026-07-12,,82.67,3.67,-0.9895,56.0,open,31
2026_2026-07-07_PIT_ATL,2026,2026-07-07,,79.43,3.63,-0.0488,73.3,open,31
2026_2026-07-11_PIT_MIL,2026,2026-07-11,,80.13,1.87,0.712,68.7,open,31
2026_2026-07-24_PIT_CHC,2026,2026-07-24,,75.5,5.07,-0.849,59.7,open,31
2026_2026-07-25_PIT_CHC,2026,2026-07-25,,79.83,5.6,0.9833,46.7,open,31
2026_2026-07-26_PIT_CHC,2026,2026-07-26,,81.3,4.17,0.9998,44.0,open,31
2026_2026-09-17_PIT_MIL,2026,2026-09-17,,78.33,6.1,0.8563,80.0,open,31
2026_2026-09-16_PIT_MIL,2026,2026-09-16,,75.7,2.43,0.9836,89.0,open,31
2026_2026-09-15_PIT_MIL,2026,2026-09-15,,75.77,5.17,-0.7349,66.3,open,31
2026_2026-09-22_PIT_STL,2026,2026-09-22,,57.73,10.67,-0.8599,85.7,open,31
2026_2026-09-23_PIT_STL,2026,2026-09-23,,61.37,6.0,-0.9988,72.7,open,31
2026_2026-06-14_PIT_MIA,2026,2026-06-14,,81.7,11.43,0.1115,55.3,open,31
2026_2026-05-14_PIT_COL,2026,2026-05-14,,48.9,12.0,0.9627,70.7,open,31
2026_2026-05-25_PIT_CHC,2026,2026-05-25,,74.0,6.1,0.4446,64.3,open,31
2026_2026-06-12_PIT_MIA,2026,2026-06-12,,78.43,7.9,0.972,55.3,open,31
2026_2026-06-13_PIT_MIA,2026,2026-06-13,,83.23,3.97,0.6665,36.7,open,31
2026_2026-08-07_PIT_NYM,2026,2026-08-07,,77.63,6.47,0.2504,76.0,open,31
2026_2026-08-08_PIT_NYM,2026,2026-08-08,,80.83,7.7,0.5432,69.7,open,31
2026_2026-08-16_PIT_BOS,2026,2026-08-16,,81.3,8.3,0.5764,76.0,open,31
2026_2026-08-15_PIT_BOS,2026,2026-08-15,,78.9,2.33,-0.9997,72.0,open,31
2026_2026-05-12_PIT_COL,2026,2026-05-12,,65.83,3.47,0.9999,41.3,open,31
2026_2026-07-10_PIT_MIL,2026,2026-07-10,,73.4,2.77,-0.1513,86.3,open,31
2026_2026-03-26_MIL_CWS,2026,2026-03-26,,72.0,0.0,0.0,50.0,closed,32
2026_2026-03-28_MIL_CWS,2026,2026-03-28,,72.0,0.0,0.0,50.0,closed,32
2026_2026-03-29_MIL_CWS,2026,2026-03-29,,72.0,0.0,0.0,50.0,closed,32
2026_2026-03-30_MIL_TB,2026,2026-03-30,,72.0,0.0,0.0,50.0,closed,32
2026_2026-03-31_MIL_TB,2026,2026-03-31,,72.0,0.0,0.0,50.0,closed,32
2026_2026-04-01_MIL_TB,2026,2026-04-01,,72.0,0.0,0.0,50.0,closed,32
2026_2026-04-16_MIL_TOR,2026,2026-04-16,,72.0,0.0,0.0,50.0,closed,32
2026_2026-04-28_MIL_ARI,2026,2026-04-28,,72.0,0.0,0.0,50.0,closed,32
2026_2026-04-29_MIL_ARI,2026,2026-04-29,,72.0,0.0,0.0,50.0,closed,32
2026_2026-04-30_MIL_ARI,2026,2026-04-30,,72.0,0.0,0.0,50.0,closed,32
2026_2026-04-14_MIL_TOR,2026,2026-04-14,,72.0,0.0,0.0,50.0,closed,32
2026_2026-04-15_MIL_TOR,2026,2026-04-15,,72.0,0.0,0.0,50.0,closed,32
2026_2026-04-24_MIL_PIT,2026,2026-04-24,,72.0,0.0,0.0,50.0,closed,32
2026_2026-04-25_MIL_PIT,2026,2026-04-25,,72.0,0.0,0.0,50.0,closed,32
2026_2026-04-26_MIL_PIT,2026,2026-04-26,,72.0,0.0,0.0,50.0,closed,32
2026_2026-06-04_MIL_SF,2026,2026-06-04,,85.6,8.8,-0.3859,23.3,retractable_open,32
2026_2026-04-12_MIL_WSH,2026,2026-04-12,,72.0,0.0,0.0,50.0,closed,32
2026_2026-04-10_MIL_WSH,2026,2026-04-10,,72.0,0.0,0.0,50.0,closed,32
2026_2026-04-11_MIL_WSH,2026,2026-04-11,,72.0,0.0,0.0,50.0,closed,32
2026_2026-05-08_MIL_NYY,2026,2026-05-08,,72.0,0.0,0.0,50.0,closed,32
2026_2026-05-09_MIL_NYY,2026,2026-05-09,,72.0,0.0,0.0,50.0,closed,32
2026_2026-05-10_MIL_NYY,2026,2026-05-10,,72.0,0.0,0.0,50.0,closed,32
2026_2026-06-29_MIL_CIN,2026,2026-06-29,,87.97,9.6,-0.4368,64.3,retractable_open,32
2026_2026-06-30_MIL_CIN,2026,2026-06-30,,85.27,13.93,0.3551,71.0,retractable_open,32
2026_2026-06-28_MIL_CHC,2026,2026-06-28,,73.4,5.9,-0.7771,76.7,retractable_open,32
2026_2026-08-06_MIL_PIT,2026,2026-08-06,,74.07,6.1,-0.9952,77.3,retractable_open,32
2026_2026-08-08_MIL_MIN,2026,2026-08-08,,78.87,6.2,0.9505,40.7,retractable_open,32
2026_2026-08-29_MIL_TEX,2026,2026-08-29,,72.0,0.0,0.0,50.0,closed,32
2026_2026-08-30_MIL_TEX,2026,2026-08-30,,82.83,14.83,0.4242,59.0,retractable_open,32
2026_2026-08-07_MIL_MIN,2026,2026-08-07,,77.0,7.17,0.274,75.0,retractable_open,32
2026_2026-09-27_MIL_STL,2026,2026-09-27,,66.37,4.27,-0.3859,66.7,retractable_open,32
2026_2026-08-09_MIL_MIN,2026,2026-08-09,,72.0,0.0,0.0,50.0,closed,32
2026_2026-08-28_MIL_TEX,2026,2026-08-28,,79.27,3.47,-0.8886,40.7,retractable_open,32
2026_2026-09-13_MIL_CIN,2026,2026-09-13,,72.0,0.0,0.0,50.0,closed,32
2026_2026-08-18_MIL_SEA,2026,2026-08-18,,72.0,0.0,0.0,50.0,closed,32
2026_2026-08-19_MIL_SEA,2026,2026-08-19,,71.37,5.33,-0.4083,61.0,retractable_open,32
2026_2026-05-23_MIL_LAD,2026,2026-05-23,,72.0,0.0,0.0,50.0,closed,32
2026_2026-05-24_MIL_LAD,2026,2026-05-24,,75.47,4.57,0.7912,31.7,retractable_open,32
2026_2026-05-22_MIL_LAD,2026,2026-05-22,,72.0,0.0,0.0,50.0,closed,32
2026_2026-05-12_MIL_SD,2026,2026-05-12,,72.0,0.0,0.0,50.0,closed,32
2026_2026-05-13_MIL_SD,2026,2026-05-13,,72.0,0.0,0.0,50.0,closed,32
2026_2026-05-14_MIL_SD,2026,2026-05-14,,63.4,8.67,-0.8926,23.7,retractable_open,32
2026_2026-06-01_MIL_SF,2026,2026-06-01,,66.87,7.1,-0.1063,28.0,retractable_open,32
2026_2026-09-12_MIL_CIN,2026,2026-09-12,,75.33,7.17,0.9677,74.0,retractable_open,32
2026_2026-09-11_MIL_CIN,2026,2026-09-11,,69.8,8.23,-0.9232,64.0,retractable_open,32
2026_2026-05-25_MIL_STL,2026,2026-05-25,,84.4,8.03,-0.3955,24.7,retractable_open,32
2026_2026-05-26_MIL_STL,2026,2026-05-26,,84.1,7.97,-0.6143,23.7,retractable_open,32
2026_2026-05-27_MIL_STL,2026,2026-05-27,,74.1,7.63,-0.3437,38.3,retractable_open,32
2026_2026-06-12_MIL_PHI,2026,2026-06-12,,75.83,9.17,0.6613,47.7,retractable_open,32
2026_2026-06-13_MIL_PHI,2026,2026-06-13,,80.63,8.4,0.4478,53.0,retractable_open,32
2026_2026-06-14_MIL_PHI,2026,2026-06-14,,65.43,14.3,0.9994,52.0,retractable_open,32
2026_2026-06-16_MIL_CLE,2026,2026-06-16,,72.0,0.0,0.0,50.0,closed,32
2026_2026-08-21_MIL_ATL,2026,2026-08-21,,72.0,0.0,0.0,50.0,closed,32
2026_2026-08-22_MIL_ATL,2026,2026-08-22,,79.27,12.0,0.9553,40.3,retractable_open,32
2026_2026-09-07_MIL_CHC,2026,2026-09-07,,75.97,7.97,-0.9851,52.0,retractable_open,32
2026_2026-09-08_MIL_CHC,2026,2026-09-08,,72.0,0.0,0.0,50.0,closed,32
2026_2026-09-09_MIL_CHC,2026,2026-09-09,,77.1,7.67,0.5621,68.0,retractable_open,32
2026_2026-06-27_MIL_CHC,2026,2026-06-27,,67.53,6.5,-0.2028,72.7,retractable_open,32
2026_2026-07-19_MIL_MIA,2026,2026-07-19,,77.2,6.9,-0.7738,46.7,retractable_open,32
2026_2026-07-20_MIL_NYM,2026,2026-07-20,,82.47,16.5,0.1167,62.7,retractable_open,32
2026_2026-07-22_MIL_NYM,2026,2026-07-22,,70.87,5.33,0.2723,43.0,retractable_open,32
2026_2026-07-24_MIL_COL,2026,2026-07-24,,77.67,5.6,-0.7694,39.0,retractable_open,32
2026_2026-07-17_MIL_MIA,2026,2026-07-17,,91.83,7.1,0.6266,39.3,retractable_open,32
2026_2026-07-18_MIL_MIA,2026,2026-07-18,,84.77,9.27,-0.2011,46.3,retractable_open,32
2026_2026-07-26_MIL_COL,2026,2026-07-26,,87.17,3.33,-1.0,54.3,retractable_open,32
2026_2026-07-21_MIL_NYM,2026,2026-07-21,,72.0,0.0,0.0,50.0,closed,32
2026_2026-07-25_MIL_COL,2026,2026-07-25,,79.23,5.87,0.5807,66.7,retractable_open,32
2026_2026-08-03_MIL_PIT,2026,2026-08-03,,73.93,6.67,-0.9951,75.7,retractable_open,32
2026_2026-08-04_MIL_PIT,2026,2026-08-04,,79.77,5.17,0.0,68.7,retractable_open,32
2026_2026-08-05_MIL_PIT,2026,2026-08-05,,72.0,5.37,0.6909,81.7,retractable_open,32
2026_2026-09-25_MIL_STL,2026,2026-09-25,,72.0,0.0,0.0,50.0,closed,32
2026_2026-08-20_MIL_SEA,2026,2026-08-20,,79.93,7.33,-0.5707,27.3,retractable_open,32
2026_2026-06-03_MIL_SF,2026,2026-06-03,,74.7,9.33,-0.9291,22.7,retractable_open,32
2026_2026-06-02_MIL_SF,2026,2026-06-02,,65.47,5.9,-0.3502,35.7,retractable_open,32
2026_2026-07-02_MIL_CIN,2026,2026-07-02,,92.57,8.1,-0.5299,40.3,retractable_open,32
2026_2026-07-01_MIL_CIN,2026,2026-07-01,,89.37,12.7,0.0332,54.3,retractable_open,32
2026_2026-06-17_MIL_CLE,2026,2026-06-17,,72.0,0.0,0.0,50.0,closed,32
2026_2026-06-18_MIL_CLE,2026,2026-06-18,,70.63,10.37,0.9995,46.0,retractable_open,32
2026_2026-06-26_MIL_CHC,2026,2026-06-26,,72.0,0.0,0.0,50.0,closed,32
2026_2026-09-23_SEA_HOU,2026,2026-09-23,,59.2,7.03,-0.7837,59.7,retractable_open,680
2026_2026-03-26_SEA_CLE,2026,2026-03-26,,46.77,2.87,-0.8695,67.0,retractable_open,680
2026_2026-03-27_SEA_CLE,2026,2026-03-27,,49.33,8.83,-0.5878,58.7,retractable_open,680
2026_2026-03-28_SEA_CLE,2026,2026-03-28,,47.47,8.4,-0.729,75.7,retractable_open,680
2026_2026-03-29_SEA_CLE,2026,2026-03-29,,72.0,0.0,0.0,50.0,closed,680
2026_2026-03-31_SEA_NYY,2026,2026-03-31,,52.8,5.47,0.0314,54.3,retractable_open,680
2026_2026-04-01_SEA_NYY,2026,2026-04-01,,72.0,0.0,0.0,50.0,closed,680
2026_2026-04-10_SEA_HOU,2026,2026-04-10,,61.57,3.57,-0.6794,74.0,retractable_open,680
2026_2026-04-11_SEA_HOU,2026,2026-04-11,,72.0,0.0,0.0,50.0,closed,680
2026_2026-04-12_SEA_HOU,2026,2026-04-12,,57.47,3.17,-0.153,69.0,retractable_open,680
2026_2026-04-13_SEA_HOU,2026,2026-04-13,,53.43,3.87,0.7466,67.0,retractable_open,680
2026_2026-04-17_SEA_TEX,2026,2026-04-17,,51.37,3.93,-0.5344,63.3,retractable_open,680
2026_2026-04-18_SEA_TEX,2026,2026-04-18,,64.3,1.67,0.0628,41.3,retractable_open,680
2026_2026-04-19_SEA_TEX,2026,2026-04-19,,62.47,8.13,-0.4337,63.3,retractable_open,680
2026_2026-05-01_SEA_KC,2026,2026-05-01,,63.13,8.57,-0.8387,54.7,retractable_open,680
2026_2026-05-02_SEA_KC,2026,2026-05-02,,67.47,9.17,-0.7615,46.7,retractable_open,680
2026_2026-05-03_SEA_KC,2026,2026-05-03,,74.5,8.7,-0.506,45.3,retractable_open,680
2026_2026-05-04_SEA_ATL,2026,2026-05-04,,76.2,5.77,0.9979,44.7,retractable_open,680
2026_2026-04-18_HOU_STL,2026,2026-04-18,,72.0,0.0,0.0,50.0,closed,2392
2026_2026-05-05_SEA_ATL,2026,2026-05-05,,67.73,4.47,0.5135,56.7,retractable_open,680
2026_2026-05-06_SEA_ATL,2026,2026-05-06,,62.8,7.83,0.9432,52.3,retractable_open,680
2026_2026-06-19_SEA_BOS,2026,2026-06-19,,76.67,7.5,-0.5707,33.7,retractable_open,680
2026_2026-06-20_SEA_BOS,2026,2026-06-20,,68.23,8.5,0.9877,48.3,retractable_open,680
2026_2026-06-21_SEA_BOS,2026,2026-06-21,,71.2,4.1,-0.2907,46.7,retractable_open,680
2026_2026-06-18_SEA_BAL,2026,2026-06-18,,72.73,10.27,-0.5577,41.7,retractable_open,680
2026_2026-07-02_SEA_LAA,2026,2026-07-02,,65.07,10.7,0.9627,70.3,retractable_open,680
2026_2026-07-20_SEA_CIN,2026,2026-07-20,,79.03,2.13,-0.6652,44.7,retractable_open,680
2026_2026-08-04_SEA_DET,2026,2026-08-04,,75.57,8.43,-0.5962,41.7,retractable_open,680
2026_2026-08-05_SEA_DET,2026,2026-08-05,,80.1,6.87,-0.6401,32.0,retractable_open,680
2026_2026-07-21_SEA_CIN,2026,2026-07-21,,84.17,8.4,-0.5835,35.3,retractable_open,680
2026_2026-09-05_SEA_OAK,2026,2026-09-05,,65.87,1.4,-0.9304,65.3,retractable_open,680
2026_2026-08-02_SEA_MIN,2026,2026-08-02,,68.17,6.3,-0.4274,50.3,retractable_open,680
2026_2026-05-16_SEA_SD,2026,2026-05-16,,72.0,0.0,0.0,50.0,closed,680
2026_2026-05-17_SEA_SD,2026,2026-05-17,,60.63,3.5,0.6626,50.7,retractable_open,680
2026_2026-04-20_SEA_OAK,2026,2026-04-20,,64.07,2.37,-0.9972,71.0,retractable_open,680
2026_2026-04-21_SEA_OAK,2026,2026-04-21,,72.0,0.0,0.0,50.0,closed,680
2026_2026-04-22_SEA_OAK,2026,2026-04-22,,72.0,0.0,0.0,50.0,closed,680
2026_2026-09-04_SEA_OAK,2026,2026-09-04,,72.0,0.0,0.0,50.0,closed,680
2026_2026-09-03_SEA_OAK,2026,2026-09-03,,72.0,0.0,0.0,50.0,closed,680
2026_2026-06-29_SEA_LAA,2026,2026-06-29,,64.33,5.33,0.9677,61.0,retractable_open,680
2026_2026-06-30_SEA_LAA,2026,2026-06-30,,62.77,7.87,0.9553,55.3,retractable_open,680
2026_2026-07-03_SEA_TOR,2026,2026-07-03,,66.77,7.83,-0.497,63.7,retractable_open,680
2026_2026-07-04_SEA_TOR,2026,2026-07-04,,67.2,2.03,0.2588,55.7,retractable_open,680
2026_2026-07-17_SEA_SF,2026,2026-07-17,,69.1,7.67,0.9191,52.0,retractable_open,680
2026_2026-07-05_SEA_TOR,2026,2026-07-05,,70.9,9.63,-0.5417,47.0,retractable_open,680
2026_2026-07-19_SEA_SF,2026,2026-07-19,,72.23,8.8,-0.3371,52.0,retractable_open,680
2026_2026-07-18_SEA_SF,2026,2026-07-18,,72.5,5.9,-0.1253,46.3,retractable_open,680
2026_2026-07-22_SEA_CIN,2026,2026-07-22,,84.47,7.63,-0.373,36.7,retractable_open,680
2026_2026-05-19_SEA_CWS,2026,2026-05-19,,62.47,4.3,-0.3256,58.0,retractable_open,680
2026_2026-05-18_SEA_CWS,2026,2026-05-18,,63.03,5.8,-0.808,46.3,retractable_open,680
2026_2026-05-20_SEA_CWS,2026,2026-05-20,,62.33,5.87,-0.5461,59.7,retractable_open,680
2026_2026-05-30_SEA_ARI,2026,2026-05-30,,59.63,6.23,-0.6428,47.0,retractable_open,680
2026_2026-06-01_SEA_NYM,2026,2026-06-01,,70.57,7.2,-0.5476,35.3,retractable_open,680
2026_2026-05-29_SEA_ARI,2026,2026-05-29,,72.0,0.0,0.0,50.0,closed,680
2026_2026-06-02_SEA_NYM,2026,2026-06-02,,81.33,4.8,-0.9686,24.3,retractable_open,680
2026_2026-05-31_SEA_ARI,2026,2026-05-31,,63.13,8.03,-0.5779,42.7,retractable_open,680
2026_2026-06-03_SEA_NYM,2026,2026-06-03,,67.1,10.57,0.9085,42.7,retractable_open,680
2026_2026-06-16_SEA_BAL,2026,2026-06-16,,68.7,9.37,-0.8695,55.3,retractable_open,680
2026_2026-06-17_SEA_BAL,2026,2026-06-17,,72.83,4.43,-0.5105,40.0,retractable_open,680
2026_2026-08-08_SEA_TB,2026,2026-08-08,,79.9,7.2,-0.7455,33.7,retractable_open,680
2026_2026-08-07_SEA_TB,2026,2026-08-07,,81.43,7.27,-0.6088,38.3,retractable_open,680
2026_2026-08-09_SEA_TB,2026,2026-08-09,,73.8,3.8,-0.0436,48.0,retractable_open,680
2026_2026-08-23_SEA_CHC,2026,2026-08-23,,71.97,2.33,-0.061,52.7,retractable_open,680
2026_2026-08-22_SEA_CHC,2026,2026-08-22,,73.73,8.87,0.999,49.3,retractable_open,680
2026_2026-08-21_SEA_CHC,2026,2026-08-21,,74.93,7.47,0.986,57.3,retractable_open,680
2026_2026-08-24_SEA_PHI,2026,2026-08-24,,72.2,9.2,-0.6198,55.7,retractable_open,680
2026_2026-08-26_SEA_PHI,2026,2026-08-26,,74.17,7.1,0.7478,50.3,retractable_open,680
2026_2026-09-09_SEA_TEX,2026,2026-09-09,,73.13,5.63,-0.4555,50.7,retractable_open,680
2026_2026-09-10_SEA_TEX,2026,2026-09-10,,68.33,3.93,-0.0384,57.7,retractable_open,680
2026_2026-09-22_SEA_HOU,2026,2026-09-22,,66.47,4.4,0.8695,57.0,retractable_open,680
2026_2026-08-25_SEA_PHI,2026,2026-08-25,,75.43,11.03,0.9026,51.7,retractable_open,680
2026_2026-03-30_SEA_NYY,2026,2026-03-30,,45.1,8.37,-0.5519,61.7,retractable_open,680
2026_2026-08-06_SEA_DET,2026,2026-08-06,,81.0,4.8,-0.0906,38.7,retractable_open,680
2026_2026-07-31_SEA_MIN,2026,2026-07-31,,75.67,7.83,-0.4848,40.7,retractable_open,680
2026_2026-08-01_SEA_MIN,2026,2026-08-01,,71.5,14.7,0.9336,45.0,retractable_open,680
2026_2026-09-06_SEA_OAK,2026,2026-09-06,,68.53,6.37,-0.3891,55.3,retractable_open,680
2026_2026-09-08_SEA_TEX,2026,2026-09-08,,67.77,7.17,-0.4802,57.0,retractable_open,680
2026_2026-05-15_SEA_SD,2026,2026-05-15,,72.0,0.0,0.0,50.0,closed,680
2026_2026-09-25_SEA_LAA,2026,2026-09-25,,53.7,7.5,0.8973,70.0,retractable_open,680
2026_2026-09-24_SEA_LAA,2026,2026-09-24,,72.0,0.0,0.0,50.0,closed,680
2026_2026-07-31_HOU_TEX,2026,2026-07-31,,72.0,0.0,0.0,50.0,closed,2392
2026_2026-08-01_HOU_TEX,2026,2026-08-01,,72.0,0.0,0.0,50.0,closed,2392
2026_2026-03-29_HOU_LAA,2026,2026-03-29,,72.0,0.0,0.0,50.0,closed,2392
2026_2026-03-30_HOU_BOS,2026,2026-03-30,,72.0,0.0,0.0,50.0,closed,2392
2026_2026-04-17_HOU_STL,2026,2026-04-17,,72.0,0.0,0.0,50.0,closed,2392
2026_2026-04-19_HOU_STL,2026,2026-04-19,,72.0,0.0,0.0,50.0,closed,2392
2026_2026-04-14_HOU_COL,2026,2026-04-14,,72.0,0.0,0.0,50.0,closed,2392
2026_2026-04-15_HOU_COL,2026,2026-04-15,,72.0,0.0,0.0,50.0,closed,2392
2026_2026-04-16_HOU_COL,2026,2026-04-16,,72.0,0.0,0.0,50.0,closed,2392
2026_2026-05-04_HOU_LAD,2026,2026-05-04,,72.0,0.0,0.0,50.0,closed,2392
2026_2026-05-05_HOU_LAD,2026,2026-05-05,,72.0,0.0,0.0,50.0,closed,2392
2026_2026-05-06_HOU_LAD,2026,2026-05-06,,72.0,0.0,0.0,50.0,closed,2392
2026_2026-06-21_HOU_CLE,2026,2026-06-21,,72.0,0.0,0.0,50.0,closed,2392
2026_2026-05-29_HOU_MIL,2026,2026-05-29,,72.0,0.0,0.0,50.0,closed,2392
2026_2026-06-29_HOU_MIN,2026,2026-06-29,,72.0,0.0,0.0,50.0,closed,2392
2026_2026-06-30_HOU_MIN,2026,2026-06-30,,72.0,0.0,0.0,50.0,closed,2392
2026_2026-07-22_HOU_MIA,2026,2026-07-22,,72.0,0.0,0.0,50.0,closed,2392
2026_2026-08-05_HOU_TOR,2026,2026-08-05,,72.0,0.0,0.0,50.0,closed,2392
2026_2026-08-02_HOU_TEX,2026,2026-08-02,,72.0,0.0,0.0,50.0,closed,2392
2026_2026-09-06_HOU_ARI,2026,2026-09-06,,72.0,0.0,0.0,50.0,closed,2392
2026_2026-09-03_HOU_CWS,2026,2026-09-03,,72.0,0.0,0.0,50.0,closed,2392
2026_2026-05-17_HOU_TEX,2026,2026-05-17,,72.0,0.0,0.0,50.0,closed,2392
2026_2026-06-20_HOU_CLE,2026,2026-06-20,,72.0,0.0,0.0,50.0,closed,2392
2026_2026-07-17_HOU_BAL,2026,2026-07-17,,72.0,0.0,0.0,50.0,closed,2392
2026_2026-07-18_HOU_BAL,2026,2026-07-18,,72.0,0.0,0.0,50.0,closed,2392
2026_2026-08-21_HOU_OAK,2026,2026-08-21,,72.0,0.0,0.0,50.0,closed,2392
2026_2026-08-23_HOU_OAK,2026,2026-08-23,,72.0,0.0,0.0,50.0,closed,2392
2026_2026-06-05_HOU_OAK,2026,2026-06-05,,72.0,0.0,0.0,50.0,closed,2392
2026_2026-06-07_HOU_OAK,2026,2026-06-07,,72.0,0.0,0.0,50.0,closed,2392
2026_2026-06-19_HOU_CLE,2026,2026-06-19,,72.0,0.0,0.0,50.0,closed,2392
2026_2026-08-18_HOU_LAA,2026,2026-08-18,,72.0,0.0,0.0,50.0,closed,2392
2026_2026-08-19_HOU_LAA,2026,2026-08-19,,72.0,0.0,0.0,50.0,closed,2392
2026_2026-05-13_HOU_SEA,2026,2026-05-13,,72.0,0.0,0.0,50.0,closed,2392
2026_2026-05-14_HOU_SEA,2026,2026-05-14,,72.0,0.0,0.0,50.0,closed,2392
2026_2026-09-20_HOU_ATL,2026,2026-09-20,,72.0,0.0,0.0,50.0,closed,2392
2026_2026-05-15_HOU_TEX,2026,2026-05-15,,72.0,0.0,0.0,50.0,closed,2392
2026_2026-05-16_HOU_TEX,2026,2026-05-16,,72.0,0.0,0.0,50.0,closed,2392
2026_2026-08-14_HOU_SEA,2026,2026-08-14,,72.0,0.0,0.0,50.0,closed,2392
2026_2026-08-15_HOU_SEA,2026,2026-08-15,,72.0,0.0,0.0,50.0,closed,2392
2026_2026-08-16_HOU_SEA,2026,2026-08-16,,72.0,0.0,0.0,50.0,closed,2392
2026_2026-06-15_HOU_DET,2026,2026-06-15,,72.0,0.0,0.0,50.0,closed,2392
2026_2026-06-16_HOU_DET,2026,2026-06-16,,72.0,0.0,0.0,50.0,closed,2392
2026_2026-06-17_HOU_DET,2026,2026-06-17,,72.0,0.0,0.0,50.0,closed,2392
2026_2026-09-15_HOU_KC,2026,2026-09-15,,72.0,0.0,0.0,50.0,closed,2392
2026_2026-09-16_HOU_KC,2026,2026-09-16,,72.0,0.0,0.0,50.0,closed,2392
2026_2026-09-17_HOU_KC,2026,2026-09-17,,72.0,0.0,0.0,50.0,closed,2392
2026_2026-07-01_HOU_MIN,2026,2026-07-01,,72.0,0.0,0.0,50.0,closed,2392
2026_2026-08-31_HOU_CWS,2026,2026-08-31,,72.0,0.0,0.0,50.0,closed,2392
2026_2026-09-01_HOU_CWS,2026,2026-09-01,,72.0,0.0,0.0,50.0,closed,2392
2026_2026-09-02_HOU_CWS,2026,2026-09-02,,72.0,0.0,0.0,50.0,closed,2392
2026_2026-07-03_HOU_TB,2026,2026-07-03,,72.0,0.0,0.0,50.0,closed,2392
2026_2026-07-04_HOU_TB,2026,2026-07-04,,72.0,0.0,0.0,50.0,closed,2392
2026_2026-07-05_HOU_TB,2026,2026-07-05,,72.0,0.0,0.0,50.0,closed,2392
2026_2026-08-03_HOU_TOR,2026,2026-08-03,,72.0,0.0,0.0,50.0,closed,2392
2026_2026-08-04_HOU_TOR,2026,2026-08-04,,72.0,0.0,0.0,50.0,closed,2392
2026_2026-09-04_HOU_ARI,2026,2026-09-04,,72.0,0.0,0.0,50.0,closed,2392
2026_2026-09-05_HOU_ARI,2026,2026-09-05,,72.0,0.0,0.0,50.0,closed,2392
2026_2026-06-02_HOU_PIT,2026,2026-06-02,,72.0,0.0,0.0,50.0,closed,2392
2026_2026-06-03_HOU_PIT,2026,2026-06-03,,72.0,0.0,0.0,50.0,closed,2392
2026_2026-06-04_HOU_PIT,2026,2026-06-04,,72.0,0.0,0.0,50.0,closed,2392
2026_2026-09-19_HOU_ATL,2026,2026-09-19,,72.0,0.0,0.0,50.0,closed,2392
2026_2026-09-18_HOU_ATL,2026,2026-09-18,,72.0,0.0,0.0,50.0,closed,2392
2026_2026-07-20_HOU_MIA,2026,2026-07-20,,72.0,0.0,0.0,50.0,closed,2392
2026_2026-07-21_HOU_MIA,2026,2026-07-21,,72.0,0.0,0.0,50.0,closed,2392
2026_2026-03-31_HOU_BOS,2026,2026-03-31,,72.0,0.0,0.0,50.0,closed,2392
2026_2026-04-01_HOU_BOS,2026,2026-04-01,,72.0,0.0,0.0,50.0,closed,2392
2026_2026-08-22_HOU_OAK,2026,2026-08-22,,72.0,0.0,0.0,50.0,closed,2392
2026_2026-08-20_HOU_LAA,2026,2026-08-20,,72.0,0.0,0.0,50.0,closed,2392
2026_2026-04-24_HOU_NYY,2026,2026-04-24,,72.0,0.0,0.0,50.0,closed,2392
2026_2026-04-25_HOU_NYY,2026,2026-04-25,,72.0,0.0,0.0,50.0,closed,2392
2026_2026-04-26_HOU_NYY,2026,2026-04-26,,72.0,0.0,0.0,50.0,closed,2392
2026_2026-05-12_HOU_SEA,2026,2026-05-12,,72.0,0.0,0.0,50.0,closed,2392
2026_2026-06-06_HOU_OAK,2026,2026-06-06,,72.0,0.0,0.0,50.0,closed,2392
2026_2026-07-19_HOU_BAL,2026,2026-07-19,,72.0,0.0,0.0,50.0,closed,2392
2026_2026-03-26_HOU_LAA,2026,2026-03-26,,72.0,0.0,0.0,50.0,closed,2392
2026_2026-03-27_HOU_LAA,2026,2026-03-27,,72.0,0.0,0.0,50.0,closed,2392
2026_2026-03-28_HOU_LAA,2026,2026-03-28,,72.0,0.0,0.0,50.0,closed,2392
2026_2026-05-11_HOU_SEA,2026,2026-05-11,,72.0,0.0,0.0,50.0,closed,2392
2026_2026-05-30_HOU_MIL,2026,2026-05-30,,72.0,0.0,0.0,50.0,closed,2392
2026_2026-05-31_HOU_MIL,2026,2026-05-31,,72.0,0.0,0.0,50.0,closed,2392
2026_2026-05-26_DET_LAA,2026,2026-05-26,,75.37,5.6,-0.5934,44.3,open,2394
2026_2026-05-27_DET_LAA,2026,2026-05-27,,74.63,11.1,0.2215,44.0,open,2394
2026_2026-05-28_DET_LAA,2026,2026-05-28,,69.4,10.67,0.342,40.7,open,2394
2026_2026-09-23_DET_WSH,2026,2026-09-23,,62.9,14.37,-0.213,61.3,open,2394
2026_2026-05-01_DET_TEX,2026,2026-05-01,,43.77,3.6,0.2351,73.3,open,2394
2026_2026-04-03_DET_STL,2026,2026-04-03,,68.8,12.83,0.3827,62.3,open,2394
2026_2026-04-04_DET_STL,2026,2026-04-04,,61.17,5.2,-0.9963,82.0,open,2394
2026_2026-04-05_DET_STL,2026,2026-04-05,,40.83,10.13,0.7349,60.7,open,2394
2026_2026-04-10_DET_MIA,2026,2026-04-10,,49.87,6.0,0.9677,77.3,open,2394
2026_2026-04-11_DET_MIA,2026,2026-04-11,,47.73,3.6,-0.5635,51.3,open,2394
2026_2026-04-12_DET_MIA,2026,2026-04-12,,64.6,9.8,-0.8161,65.3,open,2394
2026_2026-04-14_DET_KC,2026,2026-04-14,,72.7,4.93,-0.7361,72.7,open,2394
2026_2026-04-15_DET_KC,2026,2026-04-15,,66.67,9.03,-0.2368,90.3,open,2394
2026_2026-04-16_DET_KC,2026,2026-04-16,,64.4,7.0,0.3024,88.3,open,2394
2026_2026-04-21_DET_MIL,2026,2026-04-21,,64.7,5.83,0.5678,66.3,open,2394
2026_2026-04-22_DET_MIL,2026,2026-04-22,,64.97,5.97,-0.0279,59.3,open,2394
2026_2026-04-23_DET_MIL,2026,2026-04-23,,70.8,5.0,-0.9668,63.7,open,2394
2026_2026-05-02_DET_TEX,2026,2026-05-02,,45.77,4.03,0.8678,56.0,open,2394
2026_2026-05-03_DET_TEX,2026,2026-05-03,,56.73,13.6,-0.1167,50.7,open,2394
2026_2026-05-04_DET_BOS,2026,2026-05-04,,67.23,12.57,-0.3057,59.3,open,2394
2026_2026-05-05_DET_BOS,2026,2026-05-05,,55.37,5.93,0.5432,59.7,open,2394
2026_2026-05-06_DET_BOS,2026,2026-05-06,,51.77,5.83,0.8251,47.3,open,2394
2026_2026-06-19_DET_CWS,2026,2026-06-19,,71.87,10.2,0.7738,45.3,open,2394
2026_2026-06-20_DET_CWS,2026,2026-06-20,,74.53,12.07,0.5621,43.0,open,2394
2026_2026-06-24_DET_NYY,2026,2026-06-24,,70.3,3.67,-0.5519,59.0,open,2394
2026_2026-06-21_DET_CWS,2026,2026-06-21,,74.13,4.13,-0.4985,46.7,open,2394
2026_2026-06-22_DET_NYY,2026,2026-06-22,,71.4,9.73,0.4741,52.7,open,2394
2026_2026-07-09_DET_OAK,2026,2026-07-09,,82.8,7.23,0.6794,55.7,open,2394
2026_2026-07-27_DET_BAL,2026,2026-07-27,,82.7,5.6,-0.1028,54.3,open,2394
2026_2026-08-13_DET_CLE,2026,2026-08-13,,80.07,2.27,-0.6909,71.7,open,2394
2026_2026-05-17_DET_TOR,2026,2026-05-17,,79.73,8.87,-0.8878,59.0,open,2394
2026_2026-05-15_DET_TOR,2026,2026-05-15,,67.97,9.57,-0.6921,35.3,open,2394
2026_2026-07-07_DET_OAK,2026,2026-07-07,,82.7,3.57,-0.0558,57.7,open,2394
2026_2026-06-06_DET_SEA,2026,2026-06-06,,83.37,6.6,0.8111,49.3,open,2394
2026_2026-06-07_DET_SEA,2026,2026-06-07,,76.93,8.43,0.0802,51.7,open,2394
2026_2026-06-05_DET_SEA,2026,2026-06-05,,79.87,8.03,0.3746,52.0,open,2394
2026_2026-05-19_DET_CLE,2026,2026-05-19,,79.23,10.6,-0.0541,67.7,open,2394
2026_2026-05-20_DET_CLE,2026,2026-05-20,,56.23,8.63,-0.1045,67.7,open,2394
2026_2026-05-16_DET_TOR,2026,2026-05-16,,73.33,8.57,0.1495,59.3,open,2394
2026_2026-05-18_DET_CLE,2026,2026-05-18,,72.67,13.63,-0.509,80.0,open,2394
2026_2026-05-21_DET_CLE,2026,2026-05-21,,60.17,10.77,-0.1253,49.3,open,2394
2026_2026-06-23_DET_NYY,2026,2026-06-23,,70.1,6.97,0.4617,60.7,open,2394
2026_2026-06-25_DET_HOU,2026,2026-06-25,,75.2,8.17,0.4617,56.7,open,2394
2026_2026-07-12_DET_PHI,2026,2026-07-12,,83.63,7.5,-0.2419,38.7,open,2394
2026_2026-07-11_DET_PHI,2026,2026-07-11,,81.37,8.53,-0.1167,48.3,open,2394
2026_2026-07-10_DET_PHI,2026,2026-07-10,,77.33,4.0,0.6972,72.0,open,2394
2026_2026-07-24_DET_KC,2026,2026-07-24,,76.93,5.4,-0.9997,46.7,open,2394
2026_2026-07-23_DET_KC,2026,2026-07-23,,73.8,5.5,-0.9542,40.7,open,2394
2026_2026-07-25_DET_KC,2026,2026-07-25,,82.0,3.4,-0.2419,36.0,open,2394
2026_2026-07-26_DET_KC,2026,2026-07-26,,84.4,4.5,0.4756,51.0,open,2394
2026_2026-06-10_DET_MIN,2026,2026-06-10,,83.53,7.3,0.0279,68.0,open,2394
2026_2026-06-11_DET_MIN,2026,2026-06-11,,85.83,8.33,0.5299,48.0,open,2394
2026_2026-06-09_DET_MIN,2026,2026-06-09,,77.83,2.97,-0.3567,81.7,open,2394
2026_2026-07-28_DET_BAL,2026,2026-07-28,,74.93,11.17,0.8746,65.0,open,2394
2026_2026-08-11_DET_CLE,2026,2026-08-11,,73.73,3.03,0.0105,86.7,open,2394
2026_2026-07-29_DET_BAL,2026,2026-07-29,,77.33,11.27,0.8028,44.3,open,2394
2026_2026-08-15_DET_CWS,2026,2026-08-15,,74.6,5.27,-0.4802,77.0,open,2394
2026_2026-08-16_DET_CWS,2026,2026-08-16,,77.4,7.43,0.0698,86.3,open,2394
2026_2026-08-12_DET_CLE,2026,2026-08-12,,74.37,8.43,0.2588,82.3,open,2394
2026_2026-08-14_DET_CWS,2026,2026-08-14,,79.3,5.6,-0.0958,64.7,open,2394
2026_2026-08-26_DET_TB,2026,2026-08-26,,79.13,10.37,-0.5736,50.3,open,2394
2026_2026-08-25_DET_TB,2026,2026-08-25,,75.23,4.07,-0.81,61.3,open,2394
2026_2026-08-28_DET_LAD,2026,2026-08-28,,74.13,3.7,-0.9968,49.3,open,2394
2026_2026-08-24_DET_TB,2026,2026-08-24,,72.1,6.3,0.8581,59.3,open,2394
2026_2026-08-29_DET_LAD,2026,2026-08-29,,81.6,8.53,-0.5779,38.0,open,2394
2026_2026-08-30_DET_LAD,2026,2026-08-30,,73.4,9.1,-0.6743,79.7,open,2394
2026_2026-09-08_DET_MIN,2026,2026-09-08,,77.47,6.0,-0.742,63.0,open,2394
2026_2026-09-07_DET_MIN,2026,2026-09-07,,75.97,5.6,-0.4756,45.0,open,2394
2026_2026-09-12_DET_COL,2026,2026-09-12,,78.17,6.07,-0.6934,70.0,open,2394
2026_2026-09-09_DET_MIN,2026,2026-09-09,,75.3,11.17,0.0576,88.0,open,2394
2026_2026-09-21_DET_WSH,2026,2026-09-21,,58.27,10.9,0.5976,74.0,open,2394
2026_2026-09-11_DET_COL,2026,2026-09-11,,71.3,5.8,-0.8192,66.0,open,2394
2026_2026-09-13_DET_COL,2026,2026-09-13,,77.8,7.67,0.807,58.7,open,2394
2026_2026-09-22_DET_WSH,2026,2026-09-22,,61.77,11.07,0.0698,71.0,open,2394
2026_2026-09-25_DET_PIT,2026,2026-09-25,,61.33,5.7,0.6547,60.3,open,2394
2026_2026-06-26_DET_HOU,2026,2026-06-26,,70.57,5.23,-0.0698,67.3,open,2394
2026_2026-06-27_DET_HOU,2026,2026-06-27,,74.1,6.1,-0.2147,58.0,open,2394
2026_2026-06-28_DET_HOU,2026,2026-06-28,,78.87,5.8,-0.2622,61.0,open,2394
2026_2026-07-08_DET_OAK,2026,2026-07-08,,86.03,7.57,-0.2334,45.3,open,2394
2026_2026-03-25_SF_NYY,2026,2026-03-25,,62.4,10.63,1.0,65.3,open,2395
2026_2026-03-27_SF_NYY,2026,2026-03-27,,79.3,4.37,-0.2924,16.3,open,2395
2026_2026-03-28_SF_NYY,2026,2026-03-28,,65.53,7.97,0.9992,47.7,open,2395
2026_2026-04-21_SF_LAD,2026,2026-04-21,,56.13,9.07,0.9272,73.7,open,2395
2026_2026-04-23_SF_LAD,2026,2026-04-23,,62.8,5.87,0.9608,69.7,open,2395
2026_2026-04-02_SF_NYM,2026,2026-04-02,,58.0,9.73,0.8554,58.3,open,2395
2026_2026-04-03_SF_NYM,2026,2026-04-03,,61.33,6.17,0.9984,45.7,open,2395
2026_2026-04-04_SF_NYM,2026,2026-04-04,,76.73,6.93,0.9763,21.0,open,2395
2026_2026-04-05_SF_NYM,2026,2026-04-05,,80.77,4.47,0.9999,25.3,open,2395
2026_2026-04-06_SF_PHI,2026,2026-04-06,,54.83,11.2,0.9976,77.7,open,2395
2026_2026-04-07_SF_PHI,2026,2026-04-07,,56.13,10.87,0.9699,77.7,open,2395
2026_2026-04-08_SF_PHI,2026,2026-04-08,,62.97,8.1,0.9925,60.7,open,2395
2026_2026-04-24_SF_MIA,2026,2026-04-24,,55.13,10.17,0.998,80.0,open,2395
2026_2026-04-25_SF_MIA,2026,2026-04-25,,56.17,8.97,0.9613,73.0,open,2395
2026_2026-04-26_SF_MIA,2026,2026-04-26,,58.47,10.97,0.9963,56.0,open,2395
2026_2026-04-22_SF_LAD,2026,2026-04-22,,59.07,4.13,0.8387,70.3,open,2395
2026_2026-05-04_SF_SD,2026,2026-05-04,,57.0,8.27,0.994,76.3,open,2395
2026_2026-05-05_SF_SD,2026,2026-05-05,,56.73,8.43,0.9992,80.3,open,2395
2026_2026-05-06_SF_SD,2026,2026-05-06,,62.77,7.37,0.9921,71.0,open,2395
2026_2026-06-26_SF_ATL,2026,2026-06-26,,58.93,10.57,0.9796,90.7,open,2395
2026_2026-06-27_SF_ATL,2026,2026-06-27,,61.03,9.77,0.9403,68.0,open,2395
2026_2026-09-27_DET_PIT,2026,2026-09-27,,73.9,7.23,0.6307,42.3,open,2394
2026_2026-06-28_SF_ATL,2026,2026-06-28,,67.8,12.6,0.991,50.3,open,2395
2026_2026-07-27_SF_MIL,2026,2026-07-27,,61.1,12.13,0.9143,76.0,open,2395
2026_2026-08-25_SF_CIN,2026,2026-08-25,,64.23,9.57,0.9548,74.3,open,2395
2026_2026-08-26_SF_CIN,2026,2026-08-26,,65.7,7.4,0.8934,71.3,open,2395
2026_2026-09-07_SF_STL,2026,2026-09-07,,71.73,9.17,0.9938,56.3,open,2395
2026_2026-09-09_SF_STL,2026,2026-09-09,,89.1,4.1,0.9489,24.0,open,2395
2026_2026-09-08_SF_STL,2026,2026-09-08,,66.5,9.5,0.9839,67.7,open,2395
2026_2026-08-10_SF_HOU,2026,2026-08-10,,60.43,10.57,0.9219,79.7,open,2395
2026_2026-06-23_SF_OAK,2026,2026-06-23,,57.63,10.77,0.9829,84.0,open,2395
2026_2026-08-09_SF_DET,2026,2026-08-09,,64.63,10.57,0.9751,74.7,open,2395
2026_2026-05-26_SF_ARI,2026,2026-05-26,,57.87,13.23,0.9385,68.3,open,2395
2026_2026-05-27_SF_ARI,2026,2026-05-27,,63.9,7.73,0.9157,59.0,open,2395
2026_2026-07-26_SF_LAA,2026,2026-07-26,,62.73,14.17,0.9421,77.3,open,2395
2026_2026-07-24_SF_LAA,2026,2026-07-24,,59.83,11.13,0.9583,86.7,open,2395
2026_2026-09-23_SF_MIN,2026,2026-09-23,,70.7,4.7,0.9992,59.0,open,2395
2026_2026-08-07_SF_DET,2026,2026-08-07,,58.87,10.73,0.915,85.0,open,2395
2026_2026-08-08_SF_DET,2026,2026-08-08,,60.13,11.6,0.9317,80.0,open,2395
2026_2026-05-22_SF_CWS,2026,2026-05-22,,56.47,11.7,0.8988,82.0,open,2395
2026_2026-05-23_SF_CWS,2026,2026-05-23,,62.43,12.3,0.8028,63.0,open,2395
2026_2026-05-24_SF_CWS,2026,2026-05-24,,61.3,10.93,0.9563,65.0,open,2395
2026_2026-09-21_SF_MIN,2026,2026-09-21,,60.3,9.77,0.8854,81.0,open,2395
2026_2026-09-22_SF_MIN,2026,2026-09-22,,60.6,8.0,0.8049,83.0,open,2395
2026_2026-07-06_SF_TOR,2026,2026-07-06,,57.13,12.03,0.9885,82.7,open,2395
2026_2026-07-08_SF_TOR,2026,2026-07-08,,59.2,9.43,0.8729,74.0,open,2395
2026_2026-08-27_SF_ARI,2026,2026-08-27,,63.97,8.2,0.9553,71.0,open,2395
2026_2026-08-29_SF_ARI,2026,2026-08-29,,63.5,12.37,0.9178,73.3,open,2395
2026_2026-08-28_SF_ARI,2026,2026-08-28,,60.07,6.97,0.6639,85.0,open,2395
2026_2026-09-12_SF_SD,2026,2026-09-12,,65.8,14.37,0.9778,67.3,open,2395
2026_2026-09-11_SF_SD,2026,2026-09-11,,62.23,10.63,0.8396,80.0,open,2395
2026_2026-09-13_SF_SD,2026,2026-09-13,,67.23,12.1,0.9968,63.3,open,2395
2026_2026-06-09_SF_WSH,2026,2026-06-09,,62.53,9.23,0.9415,66.7,open,2395
2026_2026-06-10_SF_WSH,2026,2026-06-10,,71.53,9.7,0.9361,45.0,open,2395
2026_2026-06-14_SF_CHC,2026,2026-06-14,,65.2,10.8,0.9888,66.0,open,2395
2026_2026-08-12_SF_HOU,2026,2026-08-12,,65.9,9.23,0.9677,69.3,open,2395
2026_2026-08-14_SF_COL,2026,2026-08-14,,59.9,9.57,0.9962,83.7,open,2395
2026_2026-07-11_SF_COL,2026,2026-07-11,,60.7,11.03,0.9018,70.0,open,2395
2026_2026-07-12_SF_COL,2026,2026-07-12,,65.9,7.9,1.0,67.0,open,2395
2026_2026-07-09_SF_COL,2026,2026-07-09,,58.5,11.2,0.8599,77.0,open,2395
2026_2026-07-10_SF_COL,2026,2026-07-10,,56.73,11.63,0.8581,82.3,open,2395
2026_2026-07-28_SF_MIL,2026,2026-07-28,,63.3,10.2,0.7869,72.7,open,2395
2026_2026-07-29_SF_MIL,2026,2026-07-29,,67.43,8.07,0.7361,64.0,open,2395
2026_2026-09-25_SF_LAD,2026,2026-09-25,,60.9,13.17,0.9455,69.7,open,2395
2026_2026-08-16_SF_COL,2026,2026-08-16,,64.2,9.27,0.982,74.7,open,2395
2026_2026-08-11_SF_HOU,2026,2026-08-11,,60.17,10.6,0.9421,79.0,open,2395
2026_2026-08-15_SF_COL,2026,2026-08-15,,63.83,10.03,0.9748,73.3,open,2395
2026_2026-08-24_SF_CIN,2026,2026-08-24,,60.2,10.97,0.9785,88.7,open,2395
2026_2026-05-25_SF_ARI,2026,2026-05-25,,59.13,12.57,0.9703,63.0,open,2395
2026_2026-07-25_SF_LAA,2026,2026-07-25,,66.7,13.9,0.9677,64.7,open,2395
2026_2026-05-10_SF_PIT,2026,2026-05-10,,62.6,9.83,0.848,67.0,open,2395
2026_2026-06-08_SF_WSH,2026,2026-06-08,,57.57,10.5,0.9921,86.0,open,2395
2026_2026-06-12_SF_CHC,2026,2026-06-12,,57.5,9.13,0.9833,91.7,open,2395
2026_2026-06-13_SF_CHC,2026,2026-06-13,,60.33,11.07,0.9998,83.3,open,2395
2026_2026-08-29_SF_ARI_2,2026,2026-08-29,,60.07,9.9,0.7559,79.7,open,2395
2026_2026-06-24_SF_OAK,2026,2026-06-24,,57.7,11.67,0.9537,83.7,open,2395
2026_2026-06-25_SF_OAK,2026,2026-06-25,,61.77,9.87,0.9317,70.3,open,2395
2026_2026-07-07_SF_TOR,2026,2026-07-07,,56.23,14.17,0.9966,82.3,open,2395
2026_2026-05-08_SF_PIT,2026,2026-05-08,,56.43,8.87,0.8271,82.0,open,2395
2026_2026-05-09_SF_PIT,2026,2026-05-09,,57.6,12.1,0.9285,79.7,open,2395
2026_2026-09-23_OAK_LAA,2026,2026-09-23,,86.27,0.9,-0.7934,29.7,open,2529
2026_2026-06-20_OAK_LAA,2026,2026-06-20,,75.5,10.3,0.9813,42.7,open,2529
2026_2026-06-18_OAK_LAA,2026,2026-06-18,,72.27,13.03,0.9759,53.3,open,2529
2026_2026-06-21_OAK_LAA,2026,2026-06-21,,85.97,4.0,0.8221,33.3,open,2529
2026_2026-06-19_OAK_LAA,2026,2026-06-19,,75.0,9.7,0.9947,44.3,open,2529
2026_2026-06-29_OAK_LAD,2026,2026-06-29,,88.07,3.87,-0.9107,17.7,open,2529
2026_2026-06-30_OAK_LAD,2026,2026-06-30,,79.6,10.5,0.9598,32.7,open,2529
2026_2026-07-30_OAK_BOS,2026,2026-07-30,,88.47,9.3,0.9085,24.7,open,2529
2026_2026-08-01_OAK_DET,2026,2026-08-01,,97.53,5.93,0.8508,22.0,open,2529
2026_2026-07-18_OAK_WSH,2026,2026-07-18,,81.0,9.2,0.907,33.0,open,2529
2026_2026-07-17_OAK_WSH,2026,2026-07-17,,82.87,9.97,0.8988,30.7,open,2529
2026_2026-07-19_OAK_WSH,2026,2026-07-19,,91.0,1.4,0.8453,26.0,open,2529
2026_2026-08-30_OAK_BAL,2026,2026-08-30,,83.9,2.0,0.8599,34.0,open,2529
2026_2026-07-31_OAK_DET,2026,2026-07-31,,93.57,7.17,0.9291,22.7,open,2529
2026_2026-08-02_OAK_DET,2026,2026-08-02,,99.4,1.13,0.8616,21.0,open,2529
2026_2026-04-03_OAK_HOU,2026,2026-04-03,,67.8,4.33,0.1874,52.0,open,2529
2026_2026-04-04_OAK_HOU,2026,2026-04-04,,74.83,2.07,-0.8545,36.3,open,2529
2026_2026-04-05_OAK_HOU,2026,2026-04-05,,78.9,3.33,-0.8241,35.3,open,2529
2026_2026-04-13_OAK_TEX,2026,2026-04-13,,61.17,2.83,0.8957,61.3,open,2529
2026_2026-04-19_OAK_CWS,2026,2026-04-19,,76.07,7.43,0.9157,25.0,open,2529
2026_2026-05-27_OAK_SEA,2026,2026-05-27,,71.37,1.37,0.2907,42.0,open,2529
2026_2026-05-29_OAK_NYY,2026,2026-05-29,,69.0,3.5,-0.0645,57.7,open,2529
2026_2026-05-25_OAK_SEA,2026,2026-05-25,,64.57,12.83,0.994,53.7,open,2529
2026_2026-04-30_OAK_KC,2026,2026-04-30,,76.57,1.6,0.7837,47.3,open,2529
2026_2026-05-01_OAK_CLE,2026,2026-05-01,,75.0,7.47,0.7793,52.7,open,2529
2026_2026-05-02_OAK_CLE,2026,2026-05-02,,72.2,8.97,0.9011,45.0,open,2529
2026_2026-05-03_OAK_CLE,2026,2026-05-03,,67.83,9.17,0.9869,48.7,open,2529
2026_2026-06-15_OAK_PIT,2026,2026-06-15,,81.87,10.9,0.8821,43.3,open,2529
2026_2026-07-01_OAK_LAD,2026,2026-07-01,,79.3,10.5,0.9759,36.3,open,2529
2026_2026-07-03_OAK_MIA,2026,2026-07-03,,87.17,8.7,0.9489,26.3,open,2529
2026_2026-07-04_OAK_MIA,2026,2026-07-04,,86.87,9.73,0.9532,26.0,open,2529
2026_2026-08-10_OAK_TB,2026,2026-08-10,,82.73,9.9,0.7986,34.3,open,2529
2026_2026-08-14_OAK_TEX,2026,2026-08-14,,74.2,9.13,0.9311,50.3,open,2529
2026_2026-08-11_OAK_TB,2026,2026-08-11,,81.5,9.63,0.878,33.3,open,2529
2026_2026-08-12_OAK_TB,2026,2026-08-12,,85.47,5.23,0.8721,29.7,open,2529
2026_2026-08-15_OAK_TEX,2026,2026-08-15,,80.93,7.67,0.9466,37.7,open,2529
2026_2026-08-24_OAK_MIN,2026,2026-08-24,,83.37,7.77,0.8695,35.7,open,2529
2026_2026-08-28_OAK_BAL,2026,2026-08-28,,76.27,5.47,0.6088,44.0,open,2529
2026_2026-08-25_OAK_MIN,2026,2026-08-25,,88.7,7.87,0.9397,23.7,open,2529
2026_2026-08-26_OAK_MIN,2026,2026-08-26,,91.47,5.63,0.8625,20.0,open,2529
2026_2026-04-28_OAK_KC,2026,2026-04-28,,69.3,2.3,0.0488,54.0,open,2529
2026_2026-04-29_OAK_KC,2026,2026-04-29,,74.13,6.03,0.9806,45.7,open,2529
2026_2026-09-24_OAK_HOU,2026,2026-09-24,,85.1,9.17,0.9866,27.3,open,2529
2026_2026-07-28_OAK_BOS,2026,2026-07-28,,91.4,7.9,0.9397,25.3,open,2529
2026_2026-09-11_OAK_SEA,2026,2026-09-11,,82.23,8.3,0.8572,39.0,open,2529
2026_2026-07-29_OAK_BOS,2026,2026-07-29,,90.1,9.03,0.9205,29.7,open,2529
2026_2026-09-27_OAK_HOU,2026,2026-09-27,,74.07,5.13,0.9198,43.0,open,2529
2026_2026-09-07_OAK_TOR,2026,2026-09-07,,82.57,1.27,-0.848,24.3,open,2529
2026_2026-09-09_OAK_TOR,2026,2026-09-09,,94.83,4.7,-0.3206,14.7,open,2529
2026_2026-05-12_OAK_STL,2026,2026-05-12,,72.73,10.47,0.8965,51.3,open,2529
2026_2026-05-30_OAK_NYY,2026,2026-05-30,,75.4,4.77,0.8805,40.7,open,2529
2026_2026-06-16_OAK_PIT,2026,2026-06-16,,80.83,10.9,0.9205,44.0,open,2529
2026_2026-05-31_OAK_NYY,2026,2026-05-31,,86.1,4.73,-0.0889,24.7,open,2529
2026_2026-05-26_OAK_SEA,2026,2026-05-26,,65.3,4.0,0.6455,43.7,open,2529
2026_2026-07-05_OAK_MIA,2026,2026-07-05,,84.93,7.93,0.8721,29.7,open,2529
2026_2026-09-12_OAK_SEA,2026,2026-09-12,,77.5,12.5,0.9845,35.0,open,2529
2026_2026-09-22_OAK_LAA,2026,2026-09-22,,77.13,6.93,0.8131,43.3,open,2529
2026_2026-06-17_OAK_PIT,2026,2026-06-17,,78.27,11.33,0.9641,46.3,open,2529
2026_2026-09-13_OAK_SEA,2026,2026-09-13,,79.03,5.4,-0.3469,28.0,open,2529
2026_2026-04-14_OAK_TEX,2026,2026-04-14,,61.73,6.23,0.9593,64.7,open,2529
2026_2026-04-16_OAK_TEX,2026,2026-04-16,,64.53,15.13,-0.3584,29.0,open,2529
2026_2026-04-17_OAK_CWS,2026,2026-04-17,,67.7,4.03,-0.1409,34.7,open,2529
2026_2026-04-18_OAK_CWS,2026,2026-04-18,,73.5,1.77,-0.599,32.7,open,2529
2026_2026-04-15_OAK_TEX,2026,2026-04-15,,63.2,9.1,0.9677,70.0,open,2529
2026_2026-07-27_OAK_BOS,2026,2026-07-27,,86.13,9.07,0.9278,29.7,open,2529
2026_2026-08-29_OAK_BAL,2026,2026-08-29,,75.4,8.93,0.9171,45.3,open,2529
2026_2026-08-16_OAK_TEX,2026,2026-08-16,,89.63,1.03,-0.9415,29.3,open,2529
2026_2026-09-08_OAK_TOR,2026,2026-09-08,,90.5,1.47,-0.848,22.0,open,2529
2026_2026-09-25_OAK_HOU,2026,2026-09-25,,75.47,7.9,1.0,43.0,open,2529
2026_2026-05-13_OAK_STL,2026,2026-05-13,,76.93,8.03,0.9532,42.3,open,2529
2026_2026-05-14_OAK_STL,2026,2026-05-14,,84.63,4.97,-0.1305,21.0,open,2529
2026_2026-05-15_OAK_SF,2026,2026-05-15,,84.9,5.6,0.9278,21.3,open,2529
2026_2026-05-16_OAK_SF,2026,2026-05-16,,79.93,9.5,-0.3007,16.0,open,2529
2026_2026-05-17_OAK_SF,2026,2026-05-17,,74.97,19.7,-0.3305,17.0,open,2529
2026_2026-04-10_CIN_LAA,2026,2026-04-10,,65.2,8.7,0.9157,71.7,open,2602
2026_2026-04-11_CIN_LAA,2026,2026-04-11,,67.23,2.77,-0.1253,33.7,open,2602
2026_2026-04-12_CIN_LAA,2026,2026-04-12,,82.0,13.47,0.1668,29.3,open,2602
2026_2026-04-24_CIN_DET,2026,2026-04-24,,73.5,9.13,0.6361,54.3,open,2602
2026_2026-04-25_CIN_DET,2026,2026-04-25,,70.33,5.23,0.309,50.0,open,2602
2026_2026-04-26_CIN_DET,2026,2026-04-26,,62.53,5.07,-0.4894,54.7,open,2602
2026_2026-03-26_CIN_BOS,2026,2026-03-26,,79.83,15.53,0.1685,52.3,open,2602
2026_2026-03-28_CIN_BOS,2026,2026-03-28,,45.93,1.0,-0.9391,43.0,open,2602
2026_2026-03-29_CIN_BOS,2026,2026-03-29,,60.97,9.73,-0.0436,39.7,open,2602
2026_2026-04-14_CIN_SF,2026,2026-04-14,,79.23,9.8,0.0819,52.3,open,2602
2026_2026-04-15_CIN_SF,2026,2026-04-15,,81.93,10.7,0.5519,42.3,open,2602
2026_2026-04-16_CIN_SF,2026,2026-04-16,,75.8,13.7,0.5736,50.0,open,2602
2026_2026-03-30_CIN_PIT,2026,2026-03-30,,71.0,11.63,-0.0802,60.0,open,2602
2026_2026-04-01_CIN_PIT,2026,2026-04-01,,73.0,8.93,0.3827,64.3,open,2602
2026_2026-04-28_CIN_COL,2026,2026-04-28,,70.5,6.53,0.9409,62.7,open,2602
2026_2026-04-29_CIN_COL,2026,2026-04-29,,61.63,11.03,0.9998,56.3,open,2602
2026_2026-04-30_CIN_COL,2026,2026-04-30,,54.93,8.43,0.788,46.0,open,2602
2026_2026-03-31_CIN_PIT,2026,2026-03-31,,77.13,12.03,0.2571,44.7,open,2602
2026_2026-08-01_CIN_PIT,2026,2026-08-01,,72.67,4.37,-0.83,95.7,open,2602
2026_2026-09-19_CIN_CHC,2026,2026-09-19,,78.83,3.3,-0.6347,85.0,open,2602
2026_2026-09-20_CIN_CHC,2026,2026-09-20,,87.17,4.23,0.6481,57.7,open,2602
2026_2026-05-09_CIN_HOU,2026,2026-05-09,,72.07,9.0,0.471,45.0,open,2602
2026_2026-05-10_CIN_HOU,2026,2026-05-10,,68.2,4.97,0.5892,44.0,open,2602
2026_2026-06-17_CIN_NYM,2026,2026-06-17,,78.0,10.27,0.1822,57.7,open,2602
2026_2026-07-04_CIN_BAL,2026,2026-07-04,,83.73,4.9,0.9994,65.0,open,2602
2026_2026-07-11_CIN_CHC,2026,2026-07-11,,74.6,1.73,-0.859,87.7,open,2602
2026_2026-07-30_CIN_PIT,2026,2026-07-30,,81.93,4.43,0.7361,45.3,open,2602
2026_2026-08-02_CIN_PIT,2026,2026-08-02,,74.97,3.17,0.969,74.0,open,2602
2026_2026-07-12_CIN_CHC,2026,2026-07-12,,82.03,5.23,-0.7771,67.3,open,2602
2026_2026-07-28_CIN_CLE,2026,2026-07-28,,84.97,9.6,0.7837,62.7,open,2602
2026_2026-07-31_CIN_PIT,2026,2026-07-31,,81.73,6.83,-0.9781,49.3,open,2602
2026_2026-05-08_CIN_HOU,2026,2026-05-08,,66.93,8.47,0.4955,43.0,open,2602
2026_2026-08-05_CIN_OAK,2026,2026-08-05,,84.17,2.9,0.9992,55.3,open,2602
2026_2026-08-06_CIN_OAK,2026,2026-08-06,,84.87,5.0,0.0958,53.3,open,2602
2026_2026-09-02_CIN_SD,2026,2026-09-02,,92.7,5.27,0.5461,45.3,open,2602
2026_2026-05-22_CIN_STL,2026,2026-05-22,,63.87,4.97,-0.6388,98.0,open,2602
2026_2026-06-03_CIN_KC,2026,2026-06-03,,78.67,3.7,-0.6691,32.0,open,2602
2026_2026-06-14_CIN_ARI,2026,2026-06-14,,79.97,11.43,0.4863,63.0,open,2602
2026_2026-05-23_CIN_STL_2,2026,2026-05-23,,70.13,3.77,0.9816,80.7,open,2602
2026_2026-09-18_CIN_CHC,2026,2026-09-18,,76.8,7.07,-0.2113,79.7,open,2602
2026_2026-06-02_CIN_KC,2026,2026-06-02,,74.93,7.77,-0.1994,30.3,open,2602
2026_2026-06-01_CIN_KC,2026,2026-06-01,,71.97,5.77,-0.2385,35.7,open,2602
2026_2026-06-12_CIN_ARI,2026,2026-06-12,,76.33,5.8,0.991,57.0,open,2602
2026_2026-06-13_CIN_ARI,2026,2026-06-13,,83.07,6.33,0.6088,41.3,open,2602
2026_2026-08-31_CIN_SD,2026,2026-08-31,,88.07,5.23,0.3305,52.3,open,2602
2026_2026-09-01_CIN_SD,2026,2026-09-01,,91.27,4.33,0.2807,47.0,open,2602
2026_2026-05-14_CIN_WSH,2026,2026-05-14,,58.73,9.83,0.5976,41.7,open,2602
2026_2026-06-23_CIN_MIL,2026,2026-06-23,,73.87,4.57,0.9627,61.7,open,2602
2026_2026-06-24_CIN_MIL,2026,2026-06-24,,75.3,4.77,0.6018,51.3,open,2602
2026_2026-06-22_CIN_MIL,2026,2026-06-22,,68.13,8.2,0.5344,80.0,open,2602
2026_2026-05-12_CIN_WSH,2026,2026-05-12,,73.3,6.57,0.2317,37.3,open,2602
2026_2026-05-29_CIN_ATL,2026,2026-05-29,,76.57,2.23,-0.7206,49.3,open,2602
2026_2026-05-23_CIN_STL,2026,2026-05-23,,72.0,8.23,0.565,74.0,open,2602
2026_2026-05-30_CIN_ATL,2026,2026-05-30,,71.23,8.83,-0.4147,42.0,open,2602
2026_2026-05-31_CIN_ATL,2026,2026-05-31,,76.5,4.13,-0.0506,31.3,open,2602
2026_2026-06-15_CIN_NYM,2026,2026-06-15,,68.63,2.97,0.9516,58.0,open,2602
2026_2026-06-16_CIN_NYM,2026,2026-06-16,,71.97,8.83,0.0576,52.3,open,2602
2026_2026-07-07_CIN_PHI,2026,2026-07-07,,82.67,3.1,0.4648,61.3,open,2602
2026_2026-08-14_CIN_MIA,2026,2026-08-14,,83.17,1.53,0.8695,66.7,open,2602
2026_2026-08-18_CIN_STL,2026,2026-08-18,,79.03,4.57,0.9711,56.0,open,2602
2026_2026-08-16_CIN_MIA,2026,2026-08-16,,88.17,8.47,0.6401,64.0,open,2602
2026_2026-09-05_CIN_MIL,2026,2026-09-05,,83.57,5.4,0.712,64.7,open,2602
2026_2026-09-04_CIN_MIL,2026,2026-09-04,,89.97,3.77,0.9724,48.3,open,2602
2026_2026-09-06_CIN_MIL,2026,2026-09-06,,80.17,8.27,-0.3107,44.0,open,2602
2026_2026-07-03_CIN_BAL,2026,2026-07-03,,89.43,3.27,0.9432,51.3,open,2602
2026_2026-07-05_CIN_BAL,2026,2026-07-05,,83.7,4.17,0.7804,68.0,open,2602
2026_2026-07-09_CIN_PHI,2026,2026-07-09,,83.23,4.77,0.3355,60.7,open,2602
2026_2026-07-27_CIN_CLE,2026,2026-07-27,,75.73,5.07,0.3437,87.3,open,2602
2026_2026-07-10_CIN_CHC,2026,2026-07-10,,81.57,4.17,0.8443,71.0,open,2602
2026_2026-08-17_CIN_STL,2026,2026-08-17,,82.43,5.97,0.9191,70.3,open,2602
2026_2026-07-29_CIN_CLE,2026,2026-07-29,,78.17,6.5,0.5388,48.3,open,2602
2026_2026-08-04_CIN_OAK,2026,2026-08-04,,82.57,2.13,-0.521,51.3,open,2602
2026_2026-07-28_CIN_CLE_2,2026,2026-07-28,,80.73,6.87,0.7815,66.3,open,2602
2026_2026-08-17_CIN_STL_2,2026,2026-08-17,,78.1,6.1,0.965,82.0,open,2602
2026_2026-06-27_SD_LAD,2026,2026-06-27,,67.73,5.83,0.1822,73.7,open,2680
2026_2026-08-19_CIN_STL,2026,2026-08-19,,78.03,4.53,-0.4352,79.3,open,2602
2026_2026-08-20_CIN_STL,2026,2026-08-20,,76.93,2.27,0.9888,66.3,open,2602
2026_2026-08-15_CIN_MIA,2026,2026-08-15,,81.73,3.47,0.3404,86.0,open,2602
2026_2026-05-13_CIN_WSH,2026,2026-05-13,,61.1,14.17,0.8862,48.3,open,2602
2026_2026-05-24_CIN_STL,2026,2026-05-24,,70.83,3.6,0.2267,85.3,open,2602
2026_2026-09-14_CIN_LAD,2026,2026-09-14,,71.1,5.4,-0.8443,59.0,open,2602
2026_2026-09-15_CIN_LAD,2026,2026-09-15,,86.37,3.9,-0.5807,62.7,open,2602
2026_2026-09-16_CIN_LAD,2026,2026-09-16,,83.03,3.9,-0.5678,76.7,open,2602
2026_2026-09-17_CIN_LAD,2026,2026-09-17,,87.77,7.23,0.9736,59.7,open,2602
2026_2026-07-08_CIN_PHI,2026,2026-07-08,,83.27,4.17,0.1771,60.7,open,2602
2026_2026-04-14_SD_SEA,2026,2026-04-14,,63.57,6.5,-0.3567,64.0,open,2680
2026_2026-04-15_SD_SEA,2026,2026-04-15,,63.03,5.47,-0.3057,74.7,open,2680
2026_2026-04-16_SD_SEA,2026,2026-04-16,,63.87,5.1,0.6807,74.3,open,2680
2026_2026-03-26_SD_DET,2026,2026-03-26,,74.27,6.83,-0.0349,53.3,open,2680
2026_2026-03-27_SD_DET,2026,2026-03-27,,65.63,2.8,0.2588,79.7,open,2680
2026_2026-03-28_SD_DET,2026,2026-03-28,,69.67,6.13,-0.5779,67.7,open,2680
2026_2026-03-30_SD_SF,2026,2026-03-30,,66.07,4.17,0.9265,80.7,open,2680
2026_2026-03-31_SD_SF,2026,2026-03-31,,64.57,5.77,1.0,87.3,open,2680
2026_2026-04-01_SD_SF,2026,2026-04-01,,69.23,7.3,0.2874,63.0,open,2680
2026_2026-04-09_SD_COL,2026,2026-04-09,,65.43,3.5,0.509,82.7,open,2680
2026_2026-04-10_SD_COL,2026,2026-04-10,,64.3,4.4,0.3551,78.3,open,2680
2026_2026-04-11_SD_COL,2026,2026-04-11,,66.63,5.93,-0.108,57.7,open,2680
2026_2026-04-12_SD_COL,2026,2026-04-12,,67.6,11.33,0.6334,55.3,open,2680
2026_2026-04-27_SD_CHC,2026,2026-04-27,,62.23,7.3,-0.5793,54.0,open,2680
2026_2026-04-28_SD_CHC,2026,2026-04-28,,63.7,6.77,-0.5534,60.0,open,2680
2026_2026-04-29_SD_CHC,2026,2026-04-29,,68.87,8.63,0.0523,49.0,open,2680
2026_2026-07-31_SD_SF,2026,2026-07-31,,72.97,4.5,0.4384,79.0,open,2680
2026_2026-05-01_SD_CWS,2026,2026-05-01,,63.7,4.47,0.1219,76.7,open,2680
2026_2026-05-02_SD_CWS,2026,2026-05-02,,65.0,7.33,-0.2907,71.3,open,2680
2026_2026-05-03_SD_CWS,2026,2026-05-03,,66.77,8.13,-0.0593,57.0,open,2680
2026_2026-05-08_SD_STL,2026,2026-05-08,,65.2,3.57,0.0976,75.7,open,2680
2026_2026-05-09_SD_STL,2026,2026-05-09,,66.9,6.13,0.6468,66.7,open,2680
2026_2026-05-10_SD_STL,2026,2026-05-10,,69.63,7.5,0.7071,60.7,open,2680
2026_2026-06-26_SD_LAD,2026,2026-06-26,,66.27,4.8,0.4019,70.7,open,2680
2026_2026-06-28_SD_LAD,2026,2026-06-28,,68.37,8.03,0.2924,57.3,open,2680
2026_2026-07-09_SD_ARI,2026,2026-07-09,,67.77,4.27,0.5314,75.3,open,2680
2026_2026-07-10_SD_TOR,2026,2026-07-10,,68.27,3.8,0.6934,74.7,open,2680
2026_2026-07-30_SD_SF,2026,2026-07-30,,71.77,4.43,0.4802,76.7,open,2680
2026_2026-08-02_SD_SF,2026,2026-08-02,,77.87,7.47,0.4305,67.0,open,2680
2026_2026-08-08_SD_HOU,2026,2026-08-08,,78.73,6.4,-0.1201,63.3,open,2680
2026_2026-08-12_SD_MIL,2026,2026-08-12,,77.63,7.8,0.1616,65.7,open,2680
2026_2026-08-23_SD_MIN,2026,2026-08-23,,85.83,6.4,-0.0576,52.3,open,2680
2026_2026-09-06_SD_NYY,2026,2026-09-06,,83.5,6.2,-0.9774,61.7,open,2680
2026_2026-08-01_SD_SF,2026,2026-08-01,,75.77,4.97,0.319,68.3,open,2680
2026_2026-05-07_SD_STL,2026,2026-05-07,,62.8,3.43,0.6743,82.0,open,2680
2026_2026-05-23_SD_OAK,2026,2026-05-23,,64.53,5.07,0.0087,66.7,open,2680
2026_2026-05-22_SD_OAK,2026,2026-05-22,,64.1,4.73,-0.1063,70.7,open,2680
2026_2026-05-24_SD_OAK,2026,2026-05-24,,67.63,8.7,-0.3469,63.3,open,2680
2026_2026-08-22_SD_MIN,2026,2026-08-22,,78.33,5.03,0.0872,69.7,open,2680
2026_2026-08-21_SD_MIN,2026,2026-08-21,,74.8,3.93,0.6046,79.0,open,2680
2026_2026-09-04_SD_NYY,2026,2026-09-04,,70.73,4.0,-0.1097,61.3,open,2680
2026_2026-09-05_SD_NYY,2026,2026-09-05,,80.53,5.8,-0.3173,45.7,open,2680
2026_2026-07-06_SD_ARI,2026,2026-07-06,,69.27,6.37,-0.4321,72.0,open,2680
2026_2026-07-07_SD_ARI,2026,2026-07-07,,68.9,5.4,-0.2436,73.3,open,2680
2026_2026-05-18_SD_LAD,2026,2026-05-18,,63.37,4.43,0.7683,66.7,open,2680
2026_2026-05-20_SD_LAD,2026,2026-05-20,,73.3,4.63,0.3206,50.3,open,2680
2026_2026-06-10_SD_CIN,2026,2026-06-10,,71.97,7.87,0.7738,66.0,open,2680
2026_2026-05-27_SD_PHI,2026,2026-05-27,,65.33,9.13,0.5519,53.7,open,2680
2026_2026-06-06_SD_NYM,2026,2026-06-06,,63.8,4.27,0.6239,73.0,open,2680
2026_2026-06-23_SD_ATL,2026,2026-06-23,,66.83,4.7,-0.0506,77.7,open,2680
2026_2026-06-22_SD_ATL,2026,2026-06-22,,65.57,3.87,0.184,77.3,open,2680
2026_2026-06-07_SD_NYM,2026,2026-06-07,,69.57,7.27,0.4115,59.3,open,2680
2026_2026-06-08_SD_CIN,2026,2026-06-08,,65.7,3.97,0.279,69.0,open,2680
2026_2026-06-09_SD_CIN,2026,2026-06-09,,67.5,4.2,0.4633,72.3,open,2680
2026_2026-08-07_SD_HOU,2026,2026-08-07,,74.67,5.23,-0.1444,71.7,open,2680
2026_2026-08-10_SD_MIL,2026,2026-08-10,,74.37,4.33,0.2164,72.0,open,2680
2026_2026-08-09_SD_HOU,2026,2026-08-09,,76.6,4.83,0.4131,65.7,open,2680
2026_2026-08-25_SD_PIT,2026,2026-08-25,,77.03,3.4,0.4772,69.7,open,2680
2026_2026-08-11_SD_MIL,2026,2026-08-11,,74.67,5.0,-0.0802,73.3,open,2680
2026_2026-08-24_SD_PIT,2026,2026-08-24,,74.23,4.23,0.915,83.0,open,2680
2026_2026-08-26_SD_PIT,2026,2026-08-26,,82.67,5.73,0.7145,59.7,open,2680
2026_2026-09-08_SD_WSH,2026,2026-09-08,,85.27,4.67,-0.6909,53.0,open,2680
2026_2026-09-07_SD_WSH,2026,2026-09-07,,92.73,9.13,-0.7145,49.7,open,2680
2026_2026-09-09_SD_WSH,2026,2026-09-09,,92.0,5.37,-0.1097,47.3,open,2680
2026_2026-07-29_SD_COL,2026,2026-07-29,,76.37,7.43,0.3156,62.0,open,2680
2026_2026-09-18_SD_MIA,2026,2026-09-18,,70.43,6.27,-0.4848,72.3,open,2680
2026_2026-07-28_SD_COL,2026,2026-07-28,,71.27,4.57,0.5519,76.0,open,2680
2026_2026-05-19_SD_LAD,2026,2026-05-19,,70.47,3.87,-0.0976,60.3,open,2680
2026_2026-09-25_SD_ARI,2026,2026-09-25,,73.37,5.37,-0.7804,82.3,open,2680
2026_2026-05-25_SD_PHI,2026,2026-05-25,,67.43,8.03,-0.2807,59.3,open,2680
2026_2026-09-19_SD_MIA,2026,2026-09-19,,71.73,5.6,0.0035,72.7,open,2680
2026_2026-09-20_SD_MIA,2026,2026-09-20,,75.8,7.03,0.2656,62.0,open,2680
2026_2026-06-24_SD_ATL,2026,2026-06-24,,67.8,6.27,-0.1771,74.7,open,2680
2026_2026-06-05_SD_NYM,2026,2026-06-05,,65.2,4.47,0.7193,75.3,open,2680
2026_2026-07-12_SD_TOR,2026,2026-07-12,,73.77,5.07,0.1959,68.3,open,2680
2026_2026-07-11_SD_TOR,2026,2026-07-11,,69.87,4.0,0.3107,74.7,open,2680
2026_2026-07-08_SD_ARI,2026,2026-07-08,,68.17,3.37,-0.1599,77.3,open,2680
2026_2026-05-26_SD_PHI,2026,2026-05-26,,62.77,6.77,0.4337,63.0,open,2680
2026_2026-09-23_PHI_MIL,2026,2026-09-23,,62.63,8.77,-0.6088,60.7,open,2681
2026_2026-09-24_PHI_MIL,2026,2026-09-24,,60.53,5.73,-0.8805,66.0,open,2681
2026_2026-09-25_PHI_TB,2026,2026-09-25,,68.5,13.3,-0.9979,42.3,open,2681
2026_2026-03-26_PHI_TEX,2026,2026-03-26,,73.97,12.27,0.9455,44.3,open,2681
2026_2026-03-28_PHI_TEX,2026,2026-03-28,,45.13,12.33,-0.5388,30.0,open,2681
2026_2026-03-29_PHI_TEX,2026,2026-03-29,,54.37,10.9,0.95,32.3,open,2681
2026_2026-04-10_PHI_ARI,2026,2026-04-10,,62.73,9.93,0.9997,52.0,open,2681
2026_2026-04-11_PHI_ARI,2026,2026-04-11,,63.27,9.03,-0.8554,33.0,open,2681
2026_2026-04-12_PHI_ARI,2026,2026-04-12,,64.3,7.93,0.9641,29.3,open,2681
2026_2026-04-28_PHI_SF,2026,2026-04-28,,59.6,4.53,0.9542,45.0,open,2681
2026_2026-04-30_PHI_SF,2026,2026-04-30,,62.73,7.63,-0.6441,58.7,open,2681
2026_2026-04-30_PHI_SF_2,2026,2026-04-30,,63.1,8.37,-0.3057,47.3,open,2681
2026_2026-04-17_PHI_ATL,2026,2026-04-17,,77.83,7.47,-0.742,38.0,open,2681
2026_2026-04-18_PHI_ATL,2026,2026-04-18,,58.13,9.13,0.4462,75.3,open,2681
2026_2026-04-19_PHI_ATL,2026,2026-04-19,,49.4,4.73,-0.7749,67.3,open,2681
2026_2026-03-30_PHI_WSH,2026,2026-03-30,,64.4,11.5,0.8771,58.3,open,2681
2026_2026-03-31_PHI_WSH,2026,2026-03-31,,75.97,12.13,0.9421,48.0,open,2681
2026_2026-04-01_PHI_WSH,2026,2026-04-01,,80.97,9.1,0.0663,38.0,open,2681
2026_2026-04-13_PHI_CHC,2026,2026-04-13,,75.9,11.53,0.8141,49.0,open,2681
2026_2026-04-14_PHI_CHC,2026,2026-04-14,,82.8,10.83,0.8151,36.7,open,2681
2026_2026-04-15_PHI_CHC,2026,2026-04-15,,85.6,9.97,0.8721,38.0,open,2681
2026_2026-05-09_PHI_COL,2026,2026-05-09,,62.5,4.53,-0.5417,69.3,open,2681
2026_2026-05-10_PHI_COL,2026,2026-05-10,,78.37,7.43,0.592,38.3,open,2681
2026_2026-06-17_PHI_MIA,2026,2026-06-17,,82.13,8.0,0.9673,40.0,open,2681
2026_2026-06-18_PHI_NYM,2026,2026-06-18,,85.17,15.1,0.5075,43.7,open,2681
2026_2026-06-20_PHI_NYM,2026,2026-06-20,,78.23,7.83,-0.5948,34.7,open,2681
2026_2026-07-02_PHI_PIT,2026,2026-07-02,,101.53,4.9,-0.3256,35.7,open,2681
2026_2026-06-21_PHI_NYM,2026,2026-06-21,,81.3,6.17,0.3057,33.0,open,2681
2026_2026-08-06_PHI_WSH,2026,2026-08-06,,85.4,7.23,0.8121,71.0,open,2681
2026_2026-07-26_PHI_NYY,2026,2026-07-26,,80.53,5.03,0.9252,42.3,open,2681
2026_2026-09-07_PHI_ATL,2026,2026-09-07,,78.57,3.73,-0.9893,45.3,open,2681
2026_2026-05-08_PHI_COL,2026,2026-05-08,,67.2,7.83,0.3305,26.3,open,2681
2026_2026-05-05_PHI_OAK,2026,2026-05-05,,79.73,16.0,0.9583,30.3,open,2681
2026_2026-05-06_PHI_OAK,2026,2026-05-06,,69.43,9.67,0.8261,71.3,open,2681
2026_2026-05-07_PHI_OAK,2026,2026-05-07,,62.7,3.6,-0.9972,41.3,open,2681
2026_2026-08-19_PHI_MIA,2026,2026-08-19,,81.63,4.7,0.6129,58.0,open,2681
2026_2026-06-06_PHI_CWS,2026,2026-06-06,,89.5,12.07,0.5878,37.3,open,2681
2026_2026-06-07_PHI_CWS,2026,2026-06-07,,85.7,10.83,-0.5461,35.0,open,2681
2026_2026-08-07_PHI_TOR,2026,2026-08-07,,82.13,2.67,0.1236,77.0,open,2681
2026_2026-08-08_PHI_TOR,2026,2026-08-08,,83.17,7.97,0.7536,69.0,open,2681
2026_2026-08-09_PHI_TOR,2026,2026-08-09,,89.5,4.13,0.0122,54.0,open,2681
2026_2026-07-21_PHI_LAD,2026,2026-07-21,,74.8,9.0,0.9092,93.3,open,2681
2026_2026-07-22_PHI_LAD,2026,2026-07-22,,83.17,8.3,-0.4415,48.7,open,2681
2026_2026-05-19_PHI_CIN,2026,2026-05-19,,88.4,8.77,0.6959,45.0,open,2681
2026_2026-06-29_PHI_PIT,2026,2026-06-29,,82.87,5.47,0.9426,55.0,open,2681
2026_2026-06-30_PHI_PIT,2026,2026-06-30,,85.83,9.53,0.9998,44.0,open,2681
2026_2026-08-21_PHI_STL,2026,2026-08-21,,77.43,2.67,0.729,63.0,open,2681
2026_2026-08-22_PHI_STL,2026,2026-08-22,,74.37,5.27,0.7727,71.3,open,2681
2026_2026-08-23_PHI_STL,2026,2026-08-23,,80.63,6.8,0.3024,56.0,open,2681
2026_2026-09-22_PHI_MIL,2026,2026-09-22,,62.4,8.97,-0.7254,80.0,open,2681
2026_2026-09-04_PHI_ATL,2026,2026-09-04,,81.07,3.83,-0.6046,70.3,open,2681
2026_2026-09-05_PHI_ATL,2026,2026-09-05,,76.77,4.57,-0.9608,53.3,open,2681
2026_2026-09-06_PHI_ATL,2026,2026-09-06,,77.9,4.9,-0.9857,51.3,open,2681
2026_2026-05-24_PHI_CLE,2026,2026-05-24,,60.67,6.43,-0.617,83.7,open,2681
2026_2026-06-16_PHI_MIA,2026,2026-06-16,,76.07,7.17,0.9833,33.3,open,2681
2026_2026-05-22_PHI_CLE,2026,2026-05-22,,55.73,7.87,-0.2368,74.0,open,2681
2026_2026-08-04_PHI_WSH,2026,2026-08-04,,81.77,2.4,-0.8965,55.0,open,2681
2026_2026-07-18_PHI_NYM,2026,2026-07-18,,76.0,5.37,0.7986,94.0,open,2681
2026_2026-07-19_PHI_NYM,2026,2026-07-19,,81.3,7.0,-0.7242,44.0,open,2681
2026_2026-09-08_PHI_HOU,2026,2026-09-08,,77.8,2.87,-0.2045,55.3,open,2681
2026_2026-09-09_PHI_HOU,2026,2026-09-09,,81.1,10.17,0.9829,57.0,open,2681
2026_2026-05-23_PHI_CLE,2026,2026-05-23,,51.3,11.73,-0.521,87.0,open,2681
2026_2026-06-15_PHI_MIA,2026,2026-06-15,,74.1,8.73,-0.4242,41.0,open,2681
2026_2026-08-05_PHI_WSH,2026,2026-08-05,,79.93,1.7,0.9622,89.0,open,2681
2026_2026-08-03_PHI_WSH,2026,2026-08-03,,83.07,3.7,-0.6921,61.3,open,2681
2026_2026-09-10_PHI_HOU,2026,2026-09-10,,87.2,7.3,-0.1444,52.3,open,2681
2026_2026-05-20_PHI_CIN,2026,2026-05-20,,95.1,8.9,0.3535,33.0,open,2681
2026_2026-07-16_PHI_NYM,2026,2026-07-16,,91.57,8.5,-0.3239,45.7,open,2681
2026_2026-06-02_PHI_SD,2026,2026-06-02,,74.77,6.17,-0.9981,25.3,open,2681
2026_2026-08-17_PHI_MIA,2026,2026-08-17,,82.33,4.83,0.4772,75.7,open,2681
2026_2026-08-18_PHI_MIA,2026,2026-08-18,,80.67,3.43,-0.4524,73.0,open,2681
2026_2026-06-05_PHI_CWS,2026,2026-06-05,,88.23,6.13,0.2689,28.0,open,2681
2026_2026-07-24_PHI_NYY,2026,2026-07-24,,78.9,7.67,0.506,42.0,open,2681
2026_2026-07-25_PHI_NYY,2026,2026-07-25,,78.2,6.63,0.0314,40.7,open,2681
2026_2026-07-20_PHI_LAD,2026,2026-07-20,,81.2,5.93,0.8957,41.0,open,2681
2026_2026-06-03_PHI_SD,2026,2026-06-03,,81.93,1.97,0.9936,21.0,open,2681
2026_2026-06-04_PHI_SD,2026,2026-06-04,,88.07,2.4,-0.213,22.0,open,2681
2026_2026-05-18_PHI_CIN,2026,2026-05-18,,88.2,8.97,0.9711,46.0,open,2681
2026_2026-07-01_PHI_PIT,2026,2026-07-01,,93.27,8.0,0.9781,51.7,open,2681
2026_2026-08-23_MIL_ATL,2026,2026-08-23,34.0,67.7,6.97,0.2874,69.0,open,2735
2026_2026-04-24_STL_SEA,2026,2026-04-24,,65.43,2.43,-0.7869,79.0,open,2889
2026_2026-04-25_STL_SEA,2026,2026-04-25,,73.73,4.27,-0.9836,44.3,open,2889
2026_2026-04-26_STL_SEA,2026,2026-04-26,,77.23,7.23,-0.3338,44.7,open,2889
2026_2026-03-29_STL_TB,2026,2026-03-29,,65.8,8.63,0.4695,35.7,open,2889
2026_2026-03-30_STL_NYM,2026,2026-03-30,,76.5,10.4,0.6143,51.7,open,2889
2026_2026-03-31_STL_NYM,2026,2026-03-31,,77.4,6.57,0.9851,48.3,open,2889
2026_2026-04-01_STL_NYM,2026,2026-04-01,,55.37,5.2,-0.8854,89.0,open,2889
2026_2026-04-13_STL_CLE,2026,2026-04-13,,73.53,11.0,0.5402,72.7,open,2889
2026_2026-04-14_STL_CLE,2026,2026-04-14,,77.83,9.3,0.7976,66.3,open,2889
2026_2026-04-15_STL_CLE,2026,2026-04-15,,71.4,7.73,0.6561,80.7,open,2889
2026_2026-05-01_STL_LAD,2026,2026-05-01,,55.9,1.5,0.3923,57.7,open,2889
2026_2026-05-02_STL_LAD,2026,2026-05-02,,56.07,4.73,0.4818,48.3,open,2889
2026_2026-05-03_STL_LAD,2026,2026-05-03,,70.47,13.1,0.7466,32.3,open,2889
2026_2026-05-04_STL_MIL,2026,2026-05-04,,74.63,11.6,0.9041,44.3,open,2889
2026_2026-08-29_STL_PIT,2026,2026-08-29,,86.2,5.47,0.2385,41.0,open,2889
2026_2026-07-07_STL_MIL,2026,2026-07-07,,84.97,5.2,-0.6521,54.7,open,2889
2026_2026-05-30_STL_CHC,2026,2026-05-30,,76.27,3.6,-0.9361,85.3,open,2889
2026_2026-06-17_STL_SD,2026,2026-06-17,,89.33,17.13,0.8111,44.0,open,2889
2026_2026-06-22_STL_ARI,2026,2026-06-22,,70.3,5.93,-0.5,67.7,open,2889
2026_2026-06-23_STL_ARI,2026,2026-06-23,,79.83,2.6,-0.4879,39.0,open,2889
2026_2026-06-26_STL_MIA,2026,2026-06-26,,73.47,4.63,0.3272,95.3,open,2889
2026_2026-06-28_STL_MIA,2026,2026-06-28,,90.67,8.43,0.3811,61.3,open,2889
2026_2026-07-23_STL_ARI,2026,2026-07-23,,80.03,2.13,-0.9905,42.0,open,2889
2026_2026-07-11_STL_ATL,2026,2026-07-11,,76.33,8.0,-0.7478,85.0,open,2889
2026_2026-07-27_STL_CHC,2026,2026-07-27,,92.4,7.03,0.9978,55.3,open,2889
2026_2026-09-15_STL_SF,2026,2026-09-15,,87.0,2.83,-0.9966,63.0,open,2889
2026_2026-07-30_STL_CHC,2026,2026-07-30,,85.83,3.0,-0.7096,49.0,open,2889
2026_2026-09-14_STL_SF,2026,2026-09-14,,84.4,9.87,-0.0941,46.0,open,2889
2026_2026-08-08_STL_COL,2026,2026-08-08,,85.63,3.57,-0.2147,65.3,open,2889
2026_2026-08-12_STL_PHI,2026,2026-08-12,,83.03,6.1,-0.9373,72.0,open,2889
2026_2026-08-09_STL_COL,2026,2026-08-09,,90.7,9.03,0.509,59.7,open,2889
2026_2026-08-27_STL_BAL,2026,2026-08-27,,82.93,5.53,-0.1616,51.3,open,2889
2026_2026-08-30_STL_PIT,2026,2026-08-30,,91.57,6.7,0.3469,38.0,open,2889
2026_2026-05-16_STL_KC,2026,2026-05-16,,71.57,5.37,-0.7181,83.0,open,2889
2026_2026-05-17_STL_KC,2026,2026-05-17,,83.77,13.87,0.5534,52.3,open,2889
2026_2026-07-07_STL_MIL_2,2026,2026-07-07,,82.23,2.8,-0.8028,65.7,open,2889
2026_2026-06-01_STL_TEX,2026,2026-06-01,,81.3,5.73,-0.6756,53.7,open,2889
2026_2026-06-02_STL_TEX,2026,2026-06-02,,79.17,8.63,-0.9164,32.7,open,2889
2026_2026-06-03_STL_TEX,2026,2026-06-03,,82.03,5.93,-0.9178,29.0,open,2889
2026_2026-05-15_STL_KC,2026,2026-05-15,,76.77,7.1,0.0157,60.0,open,2889
2026_2026-09-11_STL_CWS,2026,2026-09-11,,74.17,3.7,-0.2402,94.3,open,2889
2026_2026-09-13_STL_CWS,2026,2026-09-13,,85.3,6.87,-0.4352,51.7,open,2889
2026_2026-09-12_STL_CWS,2026,2026-09-12,,83.97,3.27,0.1874,64.3,open,2889
2026_2026-06-24_STL_ARI,2026,2026-06-24,,75.63,2.87,0.9778,81.3,open,2889
2026_2026-06-15_STL_SD,2026,2026-06-15,,75.9,3.47,0.8377,36.0,open,2889
2026_2026-06-25_STL_ARI,2026,2026-06-25,,74.37,2.97,0.4695,87.3,open,2889
2026_2026-06-16_STL_SD,2026,2026-06-16,,75.33,5.93,0.9988,59.3,open,2889
2026_2026-06-07_STL_CIN,2026,2026-06-07,,87.8,8.07,0.1201,47.0,open,2889
2026_2026-06-06_STL_CIN,2026,2026-06-06,,79.8,7.13,0.8949,73.0,open,2889
2026_2026-06-05_STL_CIN,2026,2026-06-05,,80.3,8.1,0.6626,69.0,open,2889
2026_2026-07-26_STL_CIN,2026,2026-07-26,,89.9,3.77,0.5284,75.0,open,2889
2026_2026-07-24_STL_CIN,2026,2026-07-24,,70.83,5.63,-0.0157,84.7,open,2889
2026_2026-07-25_STL_CIN,2026,2026-07-25,,86.87,2.67,-0.974,73.0,open,2889
2026_2026-05-19_STL_PIT,2026,2026-05-19,,71.03,7.37,0.0523,84.3,open,2889
2026_2026-08-10_STL_PHI,2026,2026-08-10,,81.2,4.6,0.7782,82.3,open,2889
2026_2026-08-11_STL_PHI,2026,2026-08-11,,90.3,7.3,0.8771,57.7,open,2889
2026_2026-08-07_STL_COL,2026,2026-08-07,,83.6,3.73,0.9732,70.7,open,2889
2026_2026-08-26_STL_BAL,2026,2026-08-26,,85.97,3.77,0.0,53.7,open,2889
2026_2026-08-25_STL_BAL,2026,2026-08-25,,81.8,7.03,-0.9397,59.0,open,2889
2026_2026-08-28_STL_PIT,2026,2026-08-28,,79.17,3.27,-0.9751,54.7,open,2889
2026_2026-09-20_STL_WSH,2026,2026-09-20,,88.9,2.3,0.7848,49.0,open,2889
2026_2026-09-18_STL_WSH,2026,2026-09-18,,88.3,4.03,0.7826,52.0,open,2889
2026_2026-09-19_STL_WSH,2026,2026-09-19,,89.27,2.2,0.6252,50.7,open,2889
2026_2026-05-29_STL_CHC,2026,2026-05-29,,76.97,5.93,-0.6401,62.0,open,2889
2026_2026-06-27_STL_MIA,2026,2026-06-27,,76.5,3.37,0.5721,93.3,open,2889
2026_2026-07-08_STL_MIL,2026,2026-07-08,,80.83,3.23,-0.9973,75.0,open,2889
2026_2026-07-06_STL_MIL,2026,2026-07-06,,83.4,6.6,-0.6561,58.3,open,2889
2026_2026-07-10_STL_ATL,2026,2026-07-10,,78.93,3.07,0.9974,87.3,open,2889
2026_2026-07-29_STL_CHC,2026,2026-07-29,,82.3,5.33,-0.9711,54.7,open,2889
2026_2026-07-28_STL_CHC,2026,2026-07-28,,86.03,4.67,-0.8151,72.3,open,2889
2026_2026-07-09_STL_MIL,2026,2026-07-09,,80.33,2.87,0.0941,74.0,open,2889
2026_2026-05-20_STL_PIT,2026,2026-05-20,,65.67,4.87,-0.9041,67.3,open,2889
2026_2026-05-21_STL_PIT,2026,2026-05-21,,69.73,5.37,-0.9839,61.3,open,2889
2026_2026-04-10_STL_BOS,2026,2026-04-10,,58.07,6.53,-0.7206,80.0,open,2889
2026_2026-04-11_STL_BOS,2026,2026-04-11,,67.87,6.77,-0.0958,72.7,open,2889
2026_2026-04-12_STL_BOS,2026,2026-04-12,,76.1,13.63,0.6129,49.7,open,2889
2026_2026-03-26_STL_TB,2026,2026-03-26,,90.37,11.47,0.807,35.0,open,2889
2026_2026-03-28_STL_TB,2026,2026-03-28,,49.33,3.2,-0.2284,44.7,open,2889
2026_2026-09-16_STL_SF,2026,2026-09-16,,92.23,2.33,0.279,52.7,open,2889
2026_2026-07-12_STL_ATL,2026,2026-07-12,,84.8,6.97,-0.7976,56.0,open,2889
2026_2026-05-06_STL_MIL,2026,2026-05-06,,57.93,5.47,0.0087,53.3,open,2889
2026_2026-05-31_STL_CHC,2026,2026-05-31,,78.47,3.73,-0.7349,62.7,open,2889
2026_2026-05-15_NYM_NYY,2026,2026-05-15,,64.9,5.23,-0.7108,48.3,open,3289
2026_2026-04-21_NYM_MIN,2026,2026-04-21,,44.33,8.77,0.9397,41.7,open,3289
2026_2026-04-22_NYM_MIN,2026,2026-04-22,,50.73,2.97,0.0523,73.0,open,3289
2026_2026-04-23_NYM_MIN,2026,2026-04-23,,68.2,4.7,-0.6401,27.0,open,3289
2026_2026-03-26_NYM_PIT,2026,2026-03-26,,67.0,7.43,0.9888,51.0,open,3289
2026_2026-03-28_NYM_PIT,2026,2026-03-28,,41.2,11.07,-0.4226,31.7,open,3289
2026_2026-03-29_NYM_PIT,2026,2026-03-29,,48.07,9.03,0.9848,41.7,open,3289
2026_2026-04-28_NYM_WSH,2026,2026-04-28,,53.63,4.27,0.972,60.3,open,3289
2026_2026-04-30_NYM_WSH,2026,2026-04-30,,57.2,3.43,-0.1736,71.0,open,3289
2026_2026-04-24_NYM_COL,2026,2026-04-24,,52.3,5.87,0.8926,57.7,open,3289
2026_2026-04-26_NYM_COL,2026,2026-04-26,,53.37,8.87,-0.8462,60.0,open,3289
2026_2026-04-26_NYM_COL_2,2026,2026-04-26,,53.37,8.87,-0.8462,60.0,open,3289
2026_2026-04-29_NYM_WSH,2026,2026-04-29,,50.47,5.0,0.8536,81.7,open,3289
2026_2026-06-25_NYM_CHC,2026,2026-06-25,,74.0,9.07,0.8965,64.0,open,3289
2026_2026-07-09_NYM_KC,2026,2026-07-09,,79.1,7.43,0.9986,80.0,open,3289
2026_2026-07-29_NYM_ATL,2026,2026-07-29,,79.7,4.27,-0.6307,66.3,open,3289
2026_2026-09-04_NYM_SF,2026,2026-09-04,,77.73,4.67,-0.4321,62.0,open,3289
2026_2026-09-05_NYM_SF,2026,2026-09-05,,77.83,6.0,-0.9778,47.7,open,3289
2026_2026-09-06_NYM_SF,2026,2026-09-06,,73.53,3.83,-0.9966,57.3,open,3289
2026_2026-07-30_NYM_MIA,2026,2026-07-30,,72.0,1.57,0.9157,87.0,open,3289
2026_2026-07-27_NYM_ATL,2026,2026-07-27,,78.47,4.57,0.9917,68.0,open,3289
2026_2026-07-31_NYM_MIA,2026,2026-07-31,,75.43,3.33,0.4509,85.3,open,3289
2026_2026-04-10_NYM_OAK,2026,2026-04-10,,48.0,8.1,0.9184,72.3,open,3289
2026_2026-06-23_NYM_CHC,2026,2026-06-23,,67.6,4.33,-0.7361,88.0,open,3289
2026_2026-08-28_NYM_HOU,2026,2026-08-28,,75.43,2.1,0.3987,80.3,open,3289
2026_2026-08-29_NYM_HOU,2026,2026-08-29,,77.3,1.83,-0.8111,36.3,open,3289
2026_2026-08-30_NYM_HOU,2026,2026-08-30,,77.77,7.83,0.9792,73.7,open,3289
2026_2026-08-16_NYM_WSH,2026,2026-08-16,,79.2,9.8,0.9483,54.0,open,3289
2026_2026-09-14_NYM_BAL,2026,2026-09-14,,66.53,4.43,-0.974,60.3,open,3289
2026_2026-09-15_NYM_BAL,2026,2026-09-15,,64.3,4.27,0.7672,71.0,open,3289
2026_2026-09-16_NYM_BAL,2026,2026-09-16,,71.53,5.3,0.859,84.7,open,3289
2026_2026-09-20_NYM_PHI,2026,2026-09-20,,68.73,10.07,0.9048,85.0,open,3289
2026_2026-06-22_NYM_CHC,2026,2026-06-22,,70.8,9.4,0.7627,93.7,open,3289
2026_2026-05-13_NYM_DET,2026,2026-05-13,,59.7,10.63,0.9521,68.3,open,3289
2026_2026-07-07_NYM_KC,2026,2026-07-07,,69.9,6.13,-0.9854,80.3,open,3289
2026_2026-07-08_NYM_KC,2026,2026-07-08,,73.3,6.53,0.9711,80.3,open,3289
2026_2026-07-11_NYM_BOS,2026,2026-07-11,,82.43,4.6,-0.342,55.7,open,3289
2026_2026-07-10_NYM_BOS,2026,2026-07-10,,80.77,3.13,0.4163,70.3,open,3289
2026_2026-07-12_NYM_BOS,2026,2026-07-12,,85.53,3.33,0.9449,31.3,open,3289
2026_2026-05-16_NYM_NYY,2026,2026-05-16,,68.53,8.63,0.9348,52.7,open,3289
2026_2026-05-17_NYM_NYY,2026,2026-05-17,,87.23,7.73,0.9997,30.7,open,3289
2026_2026-07-24_NYM_LAD,2026,2026-07-24,,74.87,6.17,0.8434,44.0,open,3289
2026_2026-07-25_NYM_LAD,2026,2026-07-25,,75.17,4.57,0.632,39.0,open,3289
2026_2026-08-18_NYM_SD,2026,2026-08-18,,75.47,3.83,0.9987,87.3,open,3289
2026_2026-08-17_NYM_SD,2026,2026-08-17,,75.7,3.5,-0.5165,85.0,open,3289
2026_2026-06-11_NYM_STL,2026,2026-06-11,,93.17,6.3,0.6534,48.0,open,3289
2026_2026-06-09_NYM_STL,2026,2026-06-09,,68.07,6.57,0.9114,62.7,open,3289
2026_2026-06-10_NYM_STL,2026,2026-06-10,,75.8,7.03,0.9568,77.7,open,3289
2026_2026-08-26_NYM_MIL,2026,2026-08-26,,72.5,6.07,0.8396,77.7,open,3289
2026_2026-08-25_NYM_MIL,2026,2026-08-25,,72.83,3.37,0.1788,66.7,open,3289
2026_2026-08-27_NYM_MIL,2026,2026-08-27,,73.6,5.17,0.9421,86.3,open,3289
2026_2026-07-28_NYM_ATL,2026,2026-07-28,,74.83,9.17,0.8788,84.7,open,3289
2026_2026-06-12_NYM_ATL,2026,2026-06-12,,82.0,5.63,0.0052,68.3,open,3289
2026_2026-06-13_NYM_ATL,2026,2026-06-13,,85.43,5.3,0.9951,37.7,open,3289
2026_2026-06-14_NYM_ATL,2026,2026-06-14,,85.6,8.23,0.9461,44.0,open,3289
2026_2026-05-30_NYM_MIA,2026,2026-05-30,,60.4,13.1,-0.9991,42.3,open,3289
2026_2026-08-01_NYM_MIA,2026,2026-08-01,,81.23,7.93,0.9184,66.3,open,3289
2026_2026-06-26_NYM_PHI,2026,2026-06-26,,74.83,3.63,0.9932,83.3,open,3289
2026_2026-06-27_NYM_PHI,2026,2026-06-27,,72.07,1.77,-0.8712,87.7,open,3289
2026_2026-06-28_NYM_PHI,2026,2026-06-28,,79.07,4.03,0.829,65.3,open,3289
2026_2026-08-15_NYM_WSH,2026,2026-08-15,,84.2,1.53,0.0993,30.0,open,3289
2026_2026-08-14_NYM_WSH,2026,2026-08-14,,78.13,3.0,0.8965,65.0,open,3289
2026_2026-09-17_NYM_PHI,2026,2026-09-17,,75.4,5.13,0.9285,84.3,open,3289
2026_2026-05-29_NYM_MIA,2026,2026-05-29,,67.17,7.97,0.986,58.3,open,3289
2026_2026-05-31_NYM_MIA,2026,2026-05-31,,71.47,5.67,0.9993,35.0,open,3289
2026_2026-09-18_NYM_PHI,2026,2026-09-18,,75.5,4.6,-0.9232,58.7,open,3289
2026_2026-09-19_NYM_PHI,2026,2026-09-19,,69.67,5.37,0.5721,55.0,open,3289
2026_2026-04-07_NYM_ARI,2026,2026-04-07,,47.1,13.2,-0.6143,32.0,open,3289
2026_2026-04-08_NYM_ARI,2026,2026-04-08,,43.47,6.6,0.9403,42.7,open,3289
2026_2026-04-09_NYM_ARI,2026,2026-04-09,,42.3,6.53,0.8358,76.7,open,3289
2026_2026-08-19_NYM_SD,2026,2026-08-19,,84.93,5.2,0.7891,45.7,open,3289
2026_2026-06-24_NYM_CHC,2026,2026-06-24,,80.3,6.7,-0.5045,37.3,open,3289
2026_2026-05-25_NYM_CIN,2026,2026-05-25,,71.73,3.8,0.8813,73.3,open,3289
2026_2026-05-27_NYM_CIN,2026,2026-05-27,,77.33,7.3,0.788,67.0,open,3289
2026_2026-05-26_NYM_CIN,2026,2026-05-26,,66.73,5.37,0.9781,66.0,open,3289
2026_2026-07-29_NYM_ATL_2,2026,2026-07-29,,73.6,3.97,-0.0105,81.7,open,3289
2026_2026-07-26_NYM_LAD,2026,2026-07-26,,84.87,3.2,-0.3843,31.0,open,3289
2026_2026-08-02_NYM_MIA,2026,2026-08-02,,81.77,11.77,0.8517,66.7,open,3289
2026_2026-06-24_NYM_CHC_2,2026,2026-06-24,,74.23,2.27,0.9483,61.0,open,3289
2026_2026-05-12_NYM_DET,2026,2026-05-12,,55.77,8.23,0.9622,52.7,open,3289
2026_2026-05-14_NYM_DET,2026,2026-05-14,,64.57,4.37,0.1392,50.7,open,3289
2026_2026-04-11_NYM_OAK,2026,2026-04-11,,62.67,9.53,-0.6858,25.3,open,3289
2026_2026-04-12_NYM_OAK,2026,2026-04-12,,53.13,8.93,0.8329,32.3,open,3289
2026_2026-04-03_WSH_LAD,2026,2026-04-03,,78.13,9.63,0.9968,51.3,open,3309
2026_2026-04-04_WSH_LAD,2026,2026-04-04,,84.53,10.0,0.9373,36.7,open,3309
2026_2026-04-05_WSH_LAD,2026,2026-04-05,,60.27,5.47,-0.2334,92.0,open,3309
2026_2026-04-17_WSH_SF,2026,2026-04-17,,77.73,5.8,-0.83,38.3,open,3309
2026_2026-04-18_WSH_SF,2026,2026-04-18,,77.77,10.77,0.1045,51.0,open,3309
2026_2026-04-19_WSH_SF,2026,2026-04-19,,53.2,11.6,-0.2706,63.0,open,3309
2026_2026-04-06_WSH_STL,2026,2026-04-06,,58.13,4.4,0.1357,45.3,open,3309
2026_2026-04-07_WSH_STL,2026,2026-04-07,,50.2,8.67,-0.6129,30.3,open,3309
2026_2026-04-08_WSH_STL,2026,2026-04-08,,51.53,6.0,-0.134,26.0,open,3309
2026_2026-05-01_WSH_MIL,2026,2026-05-01,,62.13,7.0,0.7694,46.7,open,3309
2026_2026-04-20_WSH_ATL,2026,2026-04-20,,50.7,10.7,-0.5045,30.7,open,3309
2026_2026-04-21_WSH_ATL,2026,2026-04-21,,57.97,7.43,0.8805,37.7,open,3309
2026_2026-04-22_WSH_ATL,2026,2026-04-22,,71.23,5.5,0.9781,53.0,open,3309
2026_2026-04-23_WSH_ATL,2026,2026-04-23,,80.7,5.3,-0.2521,33.7,open,3309
2026_2026-08-08_WSH_CIN,2026,2026-08-08,,84.9,3.23,0.7997,65.0,open,3309
2026_2026-08-07_WSH_CIN,2026,2026-08-07,,80.67,3.03,0.991,81.7,open,3309
2026_2026-08-09_WSH_CIN,2026,2026-08-09,,90.73,5.13,0.3007,49.0,open,3309
2026_2026-05-02_WSH_MIL,2026,2026-05-02,,58.7,7.93,-0.3057,36.7,open,3309
2026_2026-05-05_WSH_MIN,2026,2026-05-05,,80.43,14.9,0.9994,24.7,open,3309
2026_2026-05-06_WSH_MIN,2026,2026-05-06,,70.57,8.73,0.9907,70.3,open,3309
2026_2026-05-07_WSH_MIN,2026,2026-05-07,,59.13,1.5,-0.9943,48.0,open,3309
2026_2026-06-17_WSH_KC,2026,2026-06-17,,87.17,7.37,0.9833,27.7,open,3309
2026_2026-08-31_WSH_MIA,2026,2026-08-31,,82.87,3.73,0.6157,67.0,open,3309
2026_2026-07-11_WSH_NYY,2026,2026-07-11,,81.13,3.8,-0.5329,72.7,open,3309
2026_2026-08-11_WSH_CHC,2026,2026-08-11,,84.1,6.7,0.0628,56.3,open,3309
2026_2026-07-27_WSH_TOR,2026,2026-07-27,,79.33,4.37,0.8181,68.3,open,3309
2026_2026-08-12_WSH_CHC,2026,2026-08-12,,84.53,4.1,0.6129,55.0,open,3309
2026_2026-08-27_WSH_COL,2026,2026-08-27,,80.2,5.83,0.9219,74.7,open,3309
2026_2026-08-30_WSH_MIA,2026,2026-08-30,,84.3,7.6,0.9578,58.7,open,3309
2026_2026-08-29_WSH_MIA,2026,2026-08-29,,82.03,3.5,-0.2351,44.7,open,3309
2026_2026-08-28_WSH_MIA,2026,2026-08-28,,73.3,2.27,0.4035,91.7,open,3309
2026_2026-06-14_WSH_SEA,2026,2026-06-14,,91.37,9.4,0.9245,41.0,open,3309
2026_2026-09-11_WSH_LAA,2026,2026-09-11,,75.53,4.87,-0.2233,71.7,open,3309
2026_2026-09-12_WSH_LAA,2026,2026-09-12,,78.23,4.57,0.0645,81.7,open,3309
2026_2026-06-12_WSH_SEA,2026,2026-06-12,,87.33,6.6,0.9478,53.7,open,3309
2026_2026-06-13_WSH_SEA,2026,2026-06-13,,88.23,5.2,-0.1874,32.3,open,3309
2026_2026-06-16_WSH_KC,2026,2026-06-16,,79.77,6.5,0.9703,29.3,open,3309
2026_2026-06-15_WSH_KC,2026,2026-06-15,,76.5,8.77,0.0244,38.3,open,3309
2026_2026-07-12_WSH_NYY,2026,2026-07-12,,81.07,6.97,-0.5225,66.0,open,3309
2026_2026-07-10_WSH_NYY,2026,2026-07-10,,78.7,2.3,1.0,84.3,open,3309
2026_2026-07-29_WSH_TOR,2026,2026-07-29,,84.63,11.13,-0.3535,42.0,open,3309
2026_2026-07-28_WSH_TOR,2026,2026-07-28,,75.87,3.17,0.3338,84.0,open,3309
2026_2026-07-24_WSH_ARI,2026,2026-07-24,,77.7,6.33,-0.4848,46.0,open,3309
2026_2026-07-26_WSH_ARI,2026,2026-07-26,,84.77,0.9,0.5721,45.0,open,3309
2026_2026-05-29_WSH_SD,2026,2026-05-29,,75.8,7.53,0.9063,44.0,open,3309
2026_2026-05-30_WSH_SD,2026,2026-05-30,,72.37,11.33,-0.9703,31.7,open,3309
2026_2026-07-04_WSH_PIT,2026,2026-07-04,,100.9,2.4,0.1357,30.7,open,3309
2026_2026-09-02_WSH_ATL,2026,2026-09-02,,83.77,5.2,-0.6018,73.0,open,3309
2026_2026-09-01_WSH_ATL,2026,2026-09-01,,87.07,3.67,0.8712,63.3,open,3309
2026_2026-06-02_WSH_MIA,2026,2026-06-02,,75.5,5.97,-0.9979,22.0,open,3309
2026_2026-06-03_WSH_MIA,2026,2026-06-03,,82.9,6.67,-0.9759,20.7,open,3309
2026_2026-06-22_WSH_PHI,2026,2026-06-22,,75.6,5.43,0.2656,94.0,open,3309
2026_2026-07-07_WSH_HOU,2026,2026-07-07,,79.73,3.0,-0.4695,80.7,open,3309
2026_2026-07-08_WSH_HOU,2026,2026-07-08,,81.27,3.07,0.5476,68.3,open,3309
2026_2026-05-19_WSH_NYM,2026,2026-05-19,,92.2,4.53,0.9767,35.0,open,3309
2026_2026-05-20_WSH_NYM,2026,2026-05-20,,84.13,4.4,-0.9521,52.0,open,3309
2026_2026-08-13_WSH_CHC,2026,2026-08-13,,88.27,3.33,-0.0785,49.3,open,3309
2026_2026-08-24_WSH_COL,2026,2026-08-24,,77.47,2.47,-0.9949,53.0,open,3309
2026_2026-08-25_WSH_COL,2026,2026-08-25,,79.03,2.63,0.0628,51.7,open,3309
2026_2026-08-26_WSH_COL,2026,2026-08-26,,80.13,7.4,0.6534,51.0,open,3309
2026_2026-06-01_WSH_MIA,2026,2026-06-01,,75.8,9.53,-0.6293,31.3,open,3309
2026_2026-09-16_WSH_PHI,2026,2026-09-16,,78.87,5.83,0.8339,60.7,open,3309
2026_2026-09-15_WSH_PHI,2026,2026-09-15,,74.8,3.77,0.6184,50.0,open,3309
2026_2026-09-25_WSH_NYM,2026,2026-09-25,,67.7,9.23,-0.6225,45.0,open,3309
2026_2026-09-13_WSH_LAA,2026,2026-09-13,,86.03,3.93,0.0122,64.3,open,3309
2026_2026-07-06_WSH_HOU,2026,2026-07-06,,77.83,2.3,-0.7793,93.7,open,3309
2026_2026-07-05_WSH_PIT,2026,2026-07-05,,91.8,3.57,-0.2656,54.3,open,3309
2026_2026-05-31_WSH_SD,2026,2026-05-31,,77.1,1.27,0.6934,18.3,open,3309
2026_2026-05-21_WSH_NYM,2026,2026-05-21,,60.03,9.27,-0.9984,76.7,open,3309
2026_2026-05-15_WSH_BAL,2026,2026-05-15,,69.13,3.6,0.2147,41.3,open,3309
2026_2026-05-16_WSH_BAL,2026,2026-05-16,,84.2,9.67,0.9686,31.0,open,3309
2026_2026-05-03_WSH_MIL,2026,2026-05-03,,57.83,11.77,-0.1045,30.0,open,3309
2026_2026-06-24_WSH_PHI,2026,2026-06-24,,79.3,2.7,0.5878,43.0,open,3309
2026_2026-06-23_WSH_PHI,2026,2026-06-23,,71.9,6.77,-0.8643,70.3,open,3309
2026_2026-06-25_WSH_PHI,2026,2026-06-25,,82.57,6.07,0.9882,45.0,open,3309
2026_2026-07-25_WSH_ARI,2026,2026-07-25,,81.37,3.03,-0.9259,43.3,open,3309
2026_2026-07-03_WSH_PIT,2026,2026-07-03,,98.77,4.7,0.4633,37.7,open,3309
2026_2026-05-17_WSH_BAL,2026,2026-05-17,,85.7,6.33,0.4695,40.0,open,3309
2026_2026-05-18_WSH_NYM,2026,2026-05-18,,90.8,7.1,0.9466,39.0,open,3309
2026_2026-06-01_MIN_CWS,2026,2026-06-01,,75.0,5.2,-0.9397,52.0,open,3312
2026_2026-04-27_MIN_SEA,2026,2026-04-27,,50.43,11.33,0.9998,92.3,open,3312
2026_2026-04-28_MIN_SEA,2026,2026-04-28,,51.9,7.03,0.9981,46.0,open,3312
2026_2026-04-29_MIN_SEA,2026,2026-04-29,,49.87,9.63,0.9979,40.3,open,3312
2026_2026-04-06_MIN_DET,2026,2026-04-06,,33.17,7.87,0.8028,41.0,open,3312
2026_2026-04-07_MIN_DET,2026,2026-04-07,,39.73,9.47,-0.9686,44.0,open,3312
2026_2026-04-08_MIN_DET,2026,2026-04-08,,47.6,7.67,0.5635,58.3,open,3312
2026_2026-04-09_MIN_DET,2026,2026-04-09,,45.07,5.43,0.9668,53.3,open,3312
2026_2026-04-03_MIN_TB,2026,2026-04-03,,39.53,10.9,-0.5635,68.0,open,3312
2026_2026-04-04_MIN_TB,2026,2026-04-04,,35.83,12.57,0.9925,78.7,open,3312
2026_2026-04-05_MIN_TB,2026,2026-04-05,,49.9,10.33,0.891,51.7,open,3312
2026_2026-04-13_MIN_BOS,2026,2026-04-13,,61.3,8.13,-0.3971,80.7,open,3312
2026_2026-04-14_MIN_BOS,2026,2026-04-14,,60.0,3.7,0.9527,70.0,open,3312
2026_2026-04-15_MIN_BOS,2026,2026-04-15,,61.37,1.67,0.0715,64.0,open,3312
2026_2026-04-18_MIN_CIN,2026,2026-04-18,,39.2,15.5,0.9516,45.3,open,3312
2026_2026-04-19_MIN_CIN,2026,2026-04-19,,43.4,10.4,0.994,36.7,open,3312
2026_2026-04-30_MIN_TOR,2026,2026-04-30,,47.43,5.43,0.9489,48.7,open,3312
2026_2026-04-17_MIN_CIN,2026,2026-04-17,,42.53,9.9,0.9993,59.7,open,3312
2026_2026-05-01_MIN_TOR,2026,2026-05-01,,47.7,4.7,0.8462,46.0,open,3312
2026_2026-05-02_MIN_TOR,2026,2026-05-02,,60.8,7.5,0.2656,29.3,open,3312
2026_2026-05-03_MIN_TOR,2026,2026-05-03,,67.93,10.43,0.9232,26.7,open,3312
2026_2026-06-24_MIN_LAD,2026,2026-06-24,,71.5,10.27,0.9796,49.0,open,3312
2026_2026-06-22_MIN_LAD,2026,2026-06-22,,76.27,5.1,-0.0593,26.3,open,3312
2026_2026-06-23_MIN_LAD,2026,2026-06-23,,66.97,7.9,-0.9962,82.7,open,3312
2026_2026-07-10_MIN_LAA,2026,2026-07-10,,84.1,2.1,0.3907,48.3,open,3312
2026_2026-07-11_MIN_LAA,2026,2026-07-11,,89.13,3.97,-0.5505,47.3,open,3312
2026_2026-08-12_MIN_BAL,2026,2026-08-12,,86.1,3.73,-0.3567,38.7,open,3312
2026_2026-09-16_MIN_NYY,2026,2026-09-16,,69.97,5.67,-0.9836,47.7,open,3312
2026_2026-07-29_MIN_KC,2026,2026-07-29,,88.23,4.37,-0.1582,47.3,open,3312
2026_2026-05-17_MIN_MIL,2026,2026-05-17,,66.3,12.6,-0.891,50.3,open,3312
2026_2026-06-14_MIN_STL,2026,2026-06-14,,69.43,11.2,0.9799,32.7,open,3312
2026_2026-05-19_MIN_HOU,2026,2026-05-19,,51.73,9.93,0.9903,62.0,open,3312
2026_2026-05-20_MIN_HOU,2026,2026-05-20,,55.37,2.03,0.0872,45.3,open,3312
2026_2026-06-07_MIN_KC,2026,2026-06-07,,85.3,11.87,-0.9923,48.0,open,3312
2026_2026-07-12_MIN_LAA,2026,2026-07-12,,91.43,7.8,0.0227,48.0,open,3312
2026_2026-08-31_MIN_DET,2026,2026-08-31,,87.23,4.13,0.9984,36.0,open,3312
2026_2026-09-01_MIN_DET,2026,2026-09-01,,82.9,3.8,0.9494,49.7,open,3312
2026_2026-06-05_MIN_KC,2026,2026-06-05,,71.27,2.93,0.6225,76.7,open,3312
2026_2026-06-06_MIN_KC,2026,2026-06-06,,84.6,4.1,0.1994,36.7,open,3312
2026_2026-07-30_MIN_KC,2026,2026-07-30,,87.83,7.4,-0.3987,48.0,open,3312
2026_2026-05-12_MIN_MIA,2026,2026-05-12,,65.1,15.17,0.9724,37.0,open,3312
2026_2026-05-13_MIN_MIA,2026,2026-05-13,,70.2,7.0,0.4368,18.3,open,3312
2026_2026-05-14_MIN_MIA,2026,2026-05-14,,78.6,14.73,-0.8121,16.7,open,3312
2026_2026-05-16_MIN_MIL,2026,2026-05-16,,76.73,7.63,0.977,19.7,open,3312
2026_2026-05-15_MIN_MIL,2026,2026-05-15,,84.97,9.7,0.9472,16.7,open,3312
2026_2026-05-18_MIN_HOU,2026,2026-05-18,,60.6,1.9,0.5621,87.0,open,3312
2026_2026-07-07_MIN_CLE,2026,2026-07-07,,81.03,2.87,-0.6494,71.3,open,3312
2026_2026-06-27_MIN_COL,2026,2026-06-27,,78.67,10.87,-0.9851,45.7,open,3312
2026_2026-06-28_MIN_COL,2026,2026-06-28,,78.5,13.0,-0.9885,68.3,open,3312
2026_2026-07-09_MIN_CLE,2026,2026-07-09,,80.73,3.57,-0.0958,49.3,open,3312
2026_2026-07-08_MIN_CLE,2026,2026-07-08,,76.07,3.63,0.342,76.0,open,3312
2026_2026-06-03_MIN_CWS,2026,2026-06-03,,83.83,10.4,-0.4399,25.3,open,3312
2026_2026-06-02_MIN_CWS,2026,2026-06-02,,79.63,6.7,-0.9992,31.3,open,3312
2026_2026-06-12_MIN_STL,2026,2026-06-12,,69.77,6.93,0.866,65.0,open,3312
2026_2026-08-11_MIN_BAL,2026,2026-08-11,,78.9,3.13,0.2756,72.0,open,3312
2026_2026-08-15_MIN_PHI,2026,2026-08-15,,75.93,6.1,-0.3156,88.7,open,3312
2026_2026-08-10_MIN_BAL,2026,2026-08-10,,84.4,5.2,-0.4571,40.0,open,3312
2026_2026-08-17_MIN_ATL,2026,2026-08-17,,80.27,7.9,0.1253,43.7,open,3312
2026_2026-08-18_MIN_ATL,2026,2026-08-18,,76.6,5.97,0.9748,52.0,open,3312
2026_2026-08-16_MIN_PHI,2026,2026-08-16,,78.37,8.63,0.9379,53.0,open,3312
2026_2026-08-19_MIN_ATL,2026,2026-08-19,,77.67,1.27,0.632,28.3,open,3312
2026_2026-08-30_MIN_CWS,2026,2026-08-30,,81.53,8.1,-0.9272,69.0,open,3312
2026_2026-08-29_MIN_CWS,2026,2026-08-29,,77.7,8.0,-0.7649,66.0,open,3312
2026_2026-08-28_MIN_CWS,2026,2026-08-28,,78.0,5.33,-0.6782,50.0,open,3312
2026_2026-09-14_MIN_NYY,2026,2026-09-14,,59.47,10.8,-0.8453,88.0,open,3312
2026_2026-09-11_MIN_CLE,2026,2026-09-11,,79.3,12.8,-0.6561,47.3,open,3312
2026_2026-09-12_MIN_CLE,2026,2026-09-12,,73.53,10.0,0.9826,35.0,open,3312
2026_2026-09-15_MIN_NYY,2026,2026-09-15,,65.37,5.27,0.9998,62.3,open,3312
2026_2026-09-13_MIN_CLE,2026,2026-09-13,,68.3,4.8,0.9826,37.0,open,3312
2026_2026-06-04_MIN_KC,2026,2026-06-04,,75.0,5.73,-0.3665,70.3,open,3312
2026_2026-06-26_MIN_COL,2026,2026-06-26,,73.6,6.33,-0.9845,56.3,open,3312
2026_2026-07-28_MIN_KC,2026,2026-07-28,,86.6,4.43,-0.4679,47.7,open,3312
2026_2026-07-24_MIN_OAK,2026,2026-07-24,,77.47,9.77,-0.3355,59.7,open,3312
2026_2026-09-02_MIN_DET,2026,2026-09-02,,82.77,2.87,-0.9983,62.3,open,3312
2026_2026-07-25_MIN_OAK,2026,2026-07-25,,86.73,4.0,-0.0628,60.0,open,3312
2026_2026-07-26_MIN_OAK,2026,2026-07-26,,97.2,5.37,-0.2419,38.7,open,3312
2026_2026-09-25_MIN_TEX,2026,2026-09-25,,65.4,4.43,-0.9907,72.7,open,3312
2026_2026-06-13_MIN_STL,2026,2026-06-13,,73.07,11.7,0.9553,39.3,open,3312
2026_2026-09-27_MIN_TEX,2026,2026-09-27,,67.47,2.83,0.2045,77.0,open,3312
2026_2026-09-24_NYY_TB,2026,2026-09-24,,61.73,8.73,-0.7615,53.3,open,3313
2026_2026-09-23_NYY_TB,2026,2026-09-23,,61.1,11.07,-0.8957,57.7,open,3313
2026_2026-04-13_NYY_LAA,2026,2026-04-13,,76.1,10.97,0.9686,46.0,open,3313
2026_2026-04-14_NYY_LAA,2026,2026-04-14,,83.13,10.83,0.95,37.7,open,3313
2026_2026-04-15_NYY_LAA,2026,2026-04-15,,84.47,5.3,0.8039,39.0,open,3313
2026_2026-04-16_NYY_LAA,2026,2026-04-16,,89.83,8.6,0.512,31.7,open,3313
2026_2026-04-17_NYY_KC,2026,2026-04-17,,70.8,8.3,-0.9278,57.0,open,3313
2026_2026-04-18_NYY_KC,2026,2026-04-18,,67.2,5.97,-0.565,50.0,open,3313
2026_2026-04-19_NYY_KC,2026,2026-04-19,,46.4,11.17,0.4321,77.3,open,3313
2026_2026-04-03_NYY_MIA,2026,2026-04-03,,60.07,9.97,0.9311,67.3,open,3313
2026_2026-04-04_NYY_MIA,2026,2026-04-04,,48.43,8.9,-0.8625,69.7,open,3313
2026_2026-04-05_NYY_MIA,2026,2026-04-05,,58.97,5.2,0.8231,87.3,open,3313
2026_2026-05-02_NYY_BAL,2026,2026-05-02,,58.6,5.03,0.7455,50.7,open,3313
2026_2026-05-05_NYY_TEX,2026,2026-05-05,,72.67,11.47,0.2521,49.7,open,3313
2026_2026-05-06_NYY_TEX,2026,2026-05-06,,66.9,6.3,0.9265,74.3,open,3313
2026_2026-05-07_NYY_TEX,2026,2026-05-07,,60.73,6.47,0.2351,34.7,open,3313
2026_2026-05-03_NYY_BAL,2026,2026-05-03,,54.83,14.33,0.6858,31.0,open,3313
2026_2026-05-04_NYY_BAL,2026,2026-05-04,,62.83,9.17,0.1219,52.7,open,3313
2026_2026-06-18_NYY_CWS,2026,2026-06-18,,84.47,12.3,0.9888,44.0,open,3313
2026_2026-06-21_NYY_CIN,2026,2026-06-21,,83.37,5.13,0.5606,28.7,open,3313
2026_2026-07-19_NYY_LAD_2,2026,2026-07-19,,75.77,3.87,0.4195,45.3,open,3313
2026_2026-07-22_NYY_PIT_2,2026,2026-07-22,,80.33,7.03,0.8918,51.0,open,3313
2026_2026-08-13_NYY_SEA,2026,2026-08-13,,82.87,4.4,0.5075,56.0,open,3313
2026_2026-04-07_NYY_OAK,2026,2026-04-07,,39.67,11.37,0.373,37.3,open,3313
2026_2026-04-08_NYY_OAK,2026,2026-04-08,,39.47,6.17,0.0506,56.3,open,3313
2026_2026-04-09_NYY_OAK,2026,2026-04-09,,49.33,7.8,-0.0349,43.0,open,3313
2026_2026-08-09_NYY_ATL,2026,2026-08-09,,91.87,7.03,0.7513,38.0,open,3313
2026_2026-08-29_NYY_BOS_2,2026,2026-08-29,,73.13,1.83,0.9593,54.0,open,3313
2026_2026-09-22_NYY_TB_2,2026,2026-09-22,,63.07,9.4,-0.9272,59.7,open,3313
2026_2026-09-22_NYY_TB,2026,2026-09-22,,64.73,10.77,-0.9668,66.0,open,3313
2026_2026-08-11_NYY_SEA,2026,2026-08-11,,76.93,5.43,0.9842,80.0,open,3313
2026_2026-08-12_NYY_SEA,2026,2026-08-12,,83.9,5.63,0.6129,42.7,open,3313
2026_2026-07-01_NYY_DET,2026,2026-07-01,,90.8,5.67,0.0854,58.3,open,3313
2026_2026-07-03_NYY_MIN,2026,2026-07-03,,91.4,8.33,0.8231,46.7,open,3313
2026_2026-07-05_NYY_MIN,2026,2026-07-05,,81.47,3.67,-0.0976,71.7,open,3313
2026_2026-07-04_NYY_MIN,2026,2026-07-04,,96.0,6.53,0.8878,40.0,open,3313
2026_2026-06-16_NYY_CWS,2026,2026-06-16,,68.77,7.53,0.153,54.3,open,3313
2026_2026-06-17_NYY_CWS,2026,2026-06-17,,71.43,8.7,-0.0401,67.7,open,3313
2026_2026-06-05_NYY_BOS,2026,2026-06-05,,78.8,6.4,-0.1219,41.3,open,3313
2026_2026-06-06_NYY_BOS,2026,2026-06-06,,73.47,11.23,0.986,75.7,open,3313
2026_2026-06-07_NYY_BOS,2026,2026-06-07,,82.97,11.13,0.6004,31.7,open,3313
2026_2026-05-18_NYY_TOR,2026,2026-05-18,,76.43,7.3,-0.1925,55.7,open,3313
2026_2026-05-23_NYY_TB,2026,2026-05-23,,53.37,8.0,-0.9728,75.3,open,3313
2026_2026-05-24_NYY_TB,2026,2026-05-24,,56.8,9.27,-0.9985,89.0,open,3313
2026_2026-05-20_NYY_TOR,2026,2026-05-20,,76.47,6.43,0.6508,77.3,open,3313
2026_2026-08-28_NYY_BOS,2026,2026-08-28,,76.53,2.87,0.6481,75.7,open,3313
2026_2026-08-30_NYY_BOS,2026,2026-08-30,,81.3,7.97,0.9285,53.3,open,3313
2026_2026-06-02_NYY_CLE,2026,2026-06-02,,73.6,4.43,-0.3955,25.0,open,3313
2026_2026-06-03_NYY_CLE,2026,2026-06-03,,74.53,7.5,0.1045,31.3,open,3313
2026_2026-05-21_NYY_TOR,2026,2026-05-21,,60.43,0.93,0.8211,75.3,open,3313
2026_2026-05-22_NYY_TB,2026,2026-05-22,,59.33,7.0,-0.5906,43.7,open,3313
2026_2026-06-04_NYY_CLE,2026,2026-06-04,,87.8,2.27,0.6833,17.3,open,3313
2026_2026-07-21_NYY_PIT,2026,2026-07-21,,75.33,8.17,0.4163,91.3,open,3313
2026_2026-07-18_NYY_LAD,2026,2026-07-18,,73.4,5.6,0.6388,95.3,open,3313
2026_2026-07-22_NYY_PIT,2026,2026-07-22,,84.97,9.6,0.9278,48.0,open,3313
2026_2026-07-20_NYY_PIT,2026,2026-07-20,,75.87,7.87,0.1288,46.0,open,3313
2026_2026-07-17_NYY_LAD,2026,2026-07-17,,83.6,3.7,0.3518,31.0,open,3313
2026_2026-07-19_NYY_LAD,2026,2026-07-19,,77.1,8.87,0.5045,50.3,open,3313
2026_2026-08-07_NYY_ATL,2026,2026-08-07,,78.87,2.47,0.7373,77.3,open,3313
2026_2026-08-08_NYY_ATL,2026,2026-08-08,,83.77,7.8,0.9877,67.0,open,3313
2026_2026-08-04_NYY_STL,2026,2026-08-04,,75.4,3.97,0.1908,65.0,open,3313
2026_2026-08-03_NYY_STL,2026,2026-08-03,,77.87,6.83,0.5505,64.7,open,3313
2026_2026-08-22_NYY_TOR,2026,2026-08-22,,75.0,3.2,-0.9426,69.0,open,3313
2026_2026-08-21_NYY_TOR,2026,2026-08-21,,72.67,3.5,-0.9969,78.7,open,3313
2026_2026-08-25_NYY_HOU,2026,2026-08-25,,73.2,3.9,0.9998,66.3,open,3313
2026_2026-08-27_NYY_HOU,2026,2026-08-27,,73.77,4.7,0.153,84.3,open,3313
2026_2026-08-29_NYY_BOS,2026,2026-08-29,,76.0,2.03,0.0523,39.3,open,3313
2026_2026-08-23_NYY_TOR,2026,2026-08-23,,78.53,5.97,0.9219,70.0,open,3313
2026_2026-08-26_NYY_HOU,2026,2026-08-26,,72.63,6.2,-0.1685,77.0,open,3313
2026_2026-09-13_NYY_NYM,2026,2026-09-13,,74.6,3.83,0.4633,85.7,open,3313
2026_2026-09-11_NYY_NYM,2026,2026-09-11,,74.73,3.9,0.8453,44.0,open,3313
2026_2026-09-08_NYY_COL,2026,2026-09-08,,75.73,3.0,0.0244,55.0,open,3313
2026_2026-09-12_NYY_NYM,2026,2026-09-12,,77.37,7.83,0.0227,53.7,open,3313
2026_2026-09-09_NYY_COL,2026,2026-09-09,,80.17,8.87,0.5417,59.7,open,3313
2026_2026-06-19_NYY_CIN,2026,2026-06-19,,80.33,10.2,0.7986,28.0,open,3313
2026_2026-06-20_NYY_CIN,2026,2026-06-20,,83.27,11.07,0.7547,27.3,open,3313
2026_2026-09-10_NYY_COL,2026,2026-09-10,,82.2,4.87,0.7593,52.7,open,3313
2026_2026-09-25_NYY_BAL_2,2026,2026-09-25,,69.43,13.5,-0.5299,41.7,open,3313
2026_2026-09-25_NYY_BAL,2026,2026-09-25,,69.43,13.5,-0.5299,41.7,open,3313
2026_2026-05-01_NYY_BAL,2026,2026-05-01,,52.5,7.33,0.134,69.3,open,3313
2026_2026-08-05_NYY_STL,2026,2026-08-05,,77.17,5.27,-0.1028,90.3,open,3313
2026_2026-06-29_NYY_DET,2026,2026-06-29,,80.67,5.43,0.0663,50.3,open,3313
2026_2026-06-30_NYY_DET,2026,2026-06-30,,86.2,5.6,0.3955,42.3,open,3313
2026_2026-05-19_NYY_TOR,2026,2026-05-19,,91.6,6.87,0.9903,33.3,open,3313
2026_2026-08-11_MIA_PIT,2026,2026-08-11,,72.0,0.0,0.0,50.0,closed,4169
2026_2026-09-25_MIA_ATL,2026,2026-09-25,,72.0,0.0,0.0,50.0,closed,4169
2026_2026-03-30_MIA_CWS,2026,2026-03-30,,72.0,0.0,0.0,50.0,closed,4169
2026_2026-03-31_MIA_CWS,2026,2026-03-31,,75.03,9.97,-0.5934,65.0,retractable_open,4169
2026_2026-04-01_MIA_CWS,2026,2026-04-01,,72.0,0.0,0.0,50.0,closed,4169
2026_2026-04-06_MIA_CIN,2026,2026-04-06,,72.0,0.0,0.0,50.0,closed,4169
2026_2026-04-07_MIA_CIN,2026,2026-04-07,,72.0,0.0,0.0,50.0,closed,4169
2026_2026-04-08_MIA_CIN,2026,2026-04-08,,72.0,0.0,0.0,50.0,closed,4169
2026_2026-04-09_MIA_CIN,2026,2026-04-09,,72.0,0.0,0.0,50.0,closed,4169
2026_2026-04-20_MIA_STL,2026,2026-04-20,,72.0,0.0,0.0,50.0,closed,4169
2026_2026-04-21_MIA_STL,2026,2026-04-21,,72.0,0.0,0.0,50.0,closed,4169
2026_2026-04-22_MIA_STL,2026,2026-04-22,,72.0,0.0,0.0,50.0,closed,4169
2026_2026-04-17_MIA_MIL,2026,2026-04-17,,76.83,7.8,-0.5329,78.7,retractable_open,4169
2026_2026-04-18_MIA_MIL,2026,2026-04-18,,80.23,6.73,-0.8854,69.7,retractable_open,4169
2026_2026-04-19_MIA_MIL,2026,2026-04-19,,72.0,0.0,0.0,50.0,closed,4169
2026_2026-03-27_MIA_COL,2026,2026-03-27,,75.97,5.83,-0.81,68.7,retractable_open,4169
2026_2026-03-28_MIA_COL,2026,2026-03-28,,72.0,0.0,0.0,50.0,closed,4169
2026_2026-03-29_MIA_COL,2026,2026-03-29,,72.0,0.0,0.0,50.0,closed,4169
2026_2026-05-01_MIA_PHI,2026,2026-05-01,,72.0,0.0,0.0,50.0,closed,4169
2026_2026-05-02_MIA_PHI,2026,2026-05-02,,72.0,0.0,0.0,50.0,closed,4169
2026_2026-05-05_MIA_BAL,2026,2026-05-05,,72.0,0.0,0.0,50.0,closed,4169
2026_2026-05-06_MIA_BAL,2026,2026-05-06,,72.0,0.0,0.0,50.0,closed,4169
2026_2026-05-08_MIA_WSH,2026,2026-05-08,,72.0,0.0,0.0,50.0,closed,4169
2026_2026-05-09_MIA_WSH,2026,2026-05-09,,72.0,0.0,0.0,50.0,closed,4169
2026_2026-05-10_MIA_WSH,2026,2026-05-10,,72.0,0.0,0.0,50.0,closed,4169
2026_2026-06-20_MIA_SF,2026,2026-06-20,,72.0,0.0,0.0,50.0,closed,4169
2026_2026-06-19_MIA_SF,2026,2026-06-19,,72.0,0.0,0.0,50.0,closed,4169
2026_2026-06-24_MIA_TEX,2026,2026-06-24,,72.0,0.0,0.0,50.0,closed,4169
2026_2026-06-21_MIA_SF,2026,2026-06-21,,72.0,0.0,0.0,50.0,closed,4169
2026_2026-09-04_MIA_CHC,2026,2026-09-04,,72.0,0.0,0.0,50.0,closed,4169
2026_2026-07-11_MIA_CLE,2026,2026-07-11,,72.0,0.0,0.0,50.0,closed,4169
2026_2026-07-26_MIA_SD,2026,2026-07-26,,72.0,0.0,0.0,50.0,closed,4169
2026_2026-07-29_MIA_PHI,2026,2026-07-29,,72.0,0.0,0.0,50.0,closed,4169
2026_2026-08-09_MIA_LAA,2026,2026-08-09,,72.0,0.0,0.0,50.0,closed,4169
2026_2026-09-09_MIA_NYM,2026,2026-09-09,,72.0,0.0,0.0,50.0,closed,4169
2026_2026-05-07_MIA_BAL,2026,2026-05-07,,72.0,0.0,0.0,50.0,closed,4169
2026_2026-08-23_MIA_WSH,2026,2026-08-23,,72.0,0.0,0.0,50.0,closed,4169
2026_2026-09-07_MIA_NYM,2026,2026-09-07,,72.0,0.0,0.0,50.0,closed,4169
2026_2026-09-05_MIA_CHC,2026,2026-09-05,,72.0,0.0,0.0,50.0,closed,4169
2026_2026-09-08_MIA_NYM,2026,2026-09-08,,72.0,0.0,0.0,50.0,closed,4169
2026_2026-08-08_MIA_LAA,2026,2026-08-08,,72.0,0.0,0.0,50.0,closed,4169
2026_2026-07-07_MIA_SEA,2026,2026-07-07,,72.0,0.0,0.0,50.0,closed,4169
2026_2026-07-08_MIA_SEA,2026,2026-07-08,,72.0,0.0,0.0,50.0,closed,4169
2026_2026-07-09_MIA_SEA,2026,2026-07-09,,72.0,0.0,0.0,50.0,closed,4169
2026_2026-06-22_MIA_TEX,2026,2026-06-22,,72.0,0.0,0.0,50.0,closed,4169
2026_2026-06-23_MIA_TEX,2026,2026-06-23,,72.0,0.0,0.0,50.0,closed,4169
2026_2026-08-26_MIA_BOS,2026,2026-08-26,,72.0,0.0,0.0,50.0,closed,4169
2026_2026-08-25_MIA_BOS,2026,2026-08-25,,72.0,0.0,0.0,50.0,closed,4169
2026_2026-08-24_MIA_BOS,2026,2026-08-24,,72.0,0.0,0.0,50.0,closed,4169
2026_2026-06-05_MIA_TB,2026,2026-06-05,,72.0,0.0,0.0,50.0,closed,4169
2026_2026-06-06_MIA_TB,2026,2026-06-06,,72.0,0.0,0.0,50.0,closed,4169
2026_2026-06-07_MIA_TB,2026,2026-06-07,,72.0,0.0,0.0,50.0,closed,4169
2026_2026-06-11_MIA_ARI,2026,2026-06-11,,72.0,0.0,0.0,50.0,closed,4169
2026_2026-06-10_MIA_ARI,2026,2026-06-10,,72.0,0.0,0.0,50.0,closed,4169
2026_2026-05-18_MIA_ATL,2026,2026-05-18,,72.0,0.0,0.0,50.0,closed,4169
2026_2026-05-20_MIA_ATL,2026,2026-05-20,,72.0,0.0,0.0,50.0,closed,4169
2026_2026-08-13_MIA_PIT,2026,2026-08-13,,72.0,0.0,0.0,50.0,closed,4169
2026_2026-08-12_MIA_PIT,2026,2026-08-12,,72.0,0.0,0.0,50.0,closed,4169
2026_2026-05-22_MIA_NYM,2026,2026-05-22,,72.0,0.0,0.0,50.0,closed,4169
2026_2026-07-10_MIA_CLE,2026,2026-07-10,,72.0,0.0,0.0,50.0,closed,4169
2026_2026-07-12_MIA_CLE,2026,2026-07-12,,72.0,0.0,0.0,50.0,closed,4169
2026_2026-05-24_MIA_NYM,2026,2026-05-24,,72.0,0.0,0.0,50.0,closed,4169
2026_2026-06-09_MIA_ARI,2026,2026-06-09,,72.0,0.0,0.0,50.0,closed,4169
2026_2026-07-27_MIA_PHI,2026,2026-07-27,,72.0,0.0,0.0,50.0,closed,4169
2026_2026-07-28_MIA_PHI,2026,2026-07-28,,72.0,0.0,0.0,50.0,closed,4169
2026_2026-09-13_MIA_LAD,2026,2026-09-13,,72.0,0.0,0.0,50.0,closed,4169
2026_2026-07-25_MIA_SD,2026,2026-07-25,,72.0,0.0,0.0,50.0,closed,4169
2026_2026-07-24_MIA_SD,2026,2026-07-24,,72.0,0.0,0.0,50.0,closed,4169
2026_2026-05-19_MIA_ATL,2026,2026-05-19,,72.0,0.0,0.0,50.0,closed,4169
2026_2026-09-11_MIA_LAD,2026,2026-09-11,,72.0,0.0,0.0,50.0,closed,4169
2026_2026-09-12_MIA_LAD,2026,2026-09-12,,72.0,0.0,0.0,50.0,closed,4169
2026_2026-08-22_MIA_WSH,2026,2026-08-22,,72.0,0.0,0.0,50.0,closed,4169
2026_2026-08-21_MIA_WSH,2026,2026-08-21,,72.0,0.0,0.0,50.0,closed,4169
2026_2026-09-06_MIA_CHC,2026,2026-09-06,,72.0,0.0,0.0,50.0,closed,4169
2026_2026-05-03_MIA_PHI,2026,2026-05-03,,72.0,0.0,0.0,50.0,closed,4169
2026_2026-05-04_MIA_PHI,2026,2026-05-04,,72.0,0.0,0.0,50.0,closed,4169
2026_2026-08-07_MIA_LAA,2026,2026-08-07,,72.0,0.0,0.0,50.0,closed,4169
2026_2026-05-21_MIA_ATL,2026,2026-05-21,,72.0,0.0,0.0,50.0,closed,4169
2026_2026-05-23_MIA_NYM,2026,2026-05-23,,72.0,0.0,0.0,50.0,closed,4169
2026_2026-09-23_ATL_CIN,2026,2026-09-23,,72.7,9.97,-0.5621,73.0,open,4705
2026_2026-04-28_ATL_DET,2026,2026-04-28,,66.03,6.5,-0.0889,82.3,open,4705
2026_2026-04-29_ATL_DET,2026,2026-04-29,,71.47,7.37,0.7349,79.0,open,4705
2026_2026-04-30_ATL_DET,2026,2026-04-30,,68.03,8.73,0.9951,62.3,open,4705
2026_2026-03-27_ATL_KC,2026,2026-03-27,,72.1,12.93,0.9989,65.0,open,4705
2026_2026-03-28_ATL_KC,2026,2026-03-28,,62.2,7.33,-0.6884,18.0,open,4705
2026_2026-03-29_ATL_KC,2026,2026-03-29,,61.2,9.17,-0.9478,44.0,open,4705
2026_2026-04-10_ATL_CLE,2026,2026-04-10,,71.2,1.37,0.9938,34.7,open,4705
2026_2026-04-11_ATL_CLE,2026,2026-04-11,,77.4,4.33,0.8616,23.7,open,4705
2026_2026-04-12_ATL_CLE,2026,2026-04-12,,77.2,8.33,-0.9219,26.3,open,4705
2026_2026-04-13_ATL_MIA,2026,2026-04-13,,75.43,6.07,-0.4818,38.7,open,4705
2026_2026-04-14_ATL_MIA,2026,2026-04-14,,77.97,6.47,-0.4879,32.3,open,4705
2026_2026-04-15_ATL_MIA,2026,2026-04-15,,78.97,7.5,-0.4289,36.0,open,4705
2026_2026-04-24_ATL_PHI,2026,2026-04-24,,76.93,5.93,-0.4695,38.3,open,4705
2026_2026-04-25_ATL_PHI,2026,2026-04-25,,69.3,4.2,0.1219,77.3,open,4705
2026_2026-04-26_ATL_PHI,2026,2026-04-26,,77.1,2.5,0.9078,51.0,open,4705
2026_2026-06-19_ATL_MIL,2026,2026-06-19,,79.83,5.57,0.965,74.7,open,4705
2026_2026-06-20_ATL_MIL,2026,2026-06-20,,84.03,4.17,-0.0802,51.0,open,4705
2026_2026-06-21_ATL_MIL,2026,2026-06-21,,81.8,3.13,0.5807,65.0,open,4705
2026_2026-08-31_ATL_SF,2026,2026-08-31,,89.73,4.97,-0.3551,41.0,open,4705
2026_2026-08-04_ATL_MIA,2026,2026-08-04,,78.17,5.67,-0.9799,74.7,open,4705
2026_2026-06-30_ATL_STL,2026,2026-06-30,,87.6,5.57,-0.8805,59.0,open,4705
2026_2026-07-06_ATL_NYM,2026,2026-07-06,,77.4,3.63,0.4337,88.7,open,4705
2026_2026-06-17_ATL_SF,2026,2026-06-17,,78.7,8.97,-0.3843,78.0,open,4705
2026_2026-08-02_ATL_WSH,2026,2026-08-02,,85.9,8.63,-0.1942,60.7,open,4705
2026_2026-08-05_ATL_MIA,2026,2026-08-05,,73.83,4.9,-1.0,95.3,open,4705
2026_2026-08-11_ATL_NYM,2026,2026-08-11,,76.93,3.9,-0.2113,88.3,open,4705
2026_2026-08-12_ATL_NYM,2026,2026-08-12,,83.23,5.63,-0.0558,74.3,open,4705
2026_2026-09-09_ATL_TB,2026,2026-09-09,,86.07,5.77,-0.8763,41.7,open,4705
2026_2026-07-31_ATL_WSH,2026,2026-07-31,,87.33,4.33,-0.849,41.3,open,4705
2026_2026-08-10_ATL_NYM,2026,2026-08-10,,82.7,3.37,-0.7218,74.3,open,4705
2026_2026-03-30_ATL_OAK,2026,2026-03-30,,68.77,6.6,-0.9732,60.3,open,4705
2026_2026-03-31_ATL_OAK,2026,2026-03-31,,74.97,4.13,-0.4019,56.3,open,4705
2026_2026-04-01_ATL_OAK,2026,2026-04-01,,78.27,6.97,-0.2773,51.0,open,4705
2026_2026-09-24_ATL_CIN,2026,2026-09-24,,67.03,5.73,-0.4633,75.7,open,4705
2026_2026-07-19_ATL_TEX,2026,2026-07-19,,86.43,5.83,-0.4384,65.0,open,4705
2026_2026-07-17_ATL_TEX,2026,2026-07-17,,78.77,4.73,0.999,80.7,open,4705
2026_2026-07-18_ATL_TEX,2026,2026-07-18,,89.27,6.6,0.9917,51.3,open,4705
2026_2026-05-16_ATL_BOS,2026,2026-05-16,,76.8,4.57,-0.6401,45.7,open,4705
2026_2026-06-02_ATL_TOR,2026,2026-06-02,,69.03,10.63,-0.3843,70.7,open,4705
2026_2026-06-03_ATL_TOR,2026,2026-06-03,,70.87,5.43,-0.9011,55.3,open,4705
2026_2026-06-04_ATL_TOR,2026,2026-06-04,,74.77,3.43,-0.7976,56.7,open,4705
2026_2026-08-14_ATL_ARI,2026,2026-08-14,,84.83,4.13,-0.0454,70.3,open,4705
2026_2026-08-15_ATL_ARI,2026,2026-08-15,,86.5,3.03,0.6997,61.7,open,4705
2026_2026-08-16_ATL_ARI,2026,2026-08-16,,94.77,5.7,0.9789,41.0,open,4705
2026_2026-08-25_ATL_LAD,2026,2026-08-25,,85.33,2.9,0.9573,39.0,open,4705
2026_2026-08-26_ATL_LAD,2026,2026-08-26,,80.93,3.67,-0.9632,66.7,open,4705
2026_2026-08-27_ATL_LAD,2026,2026-08-27,,80.03,3.3,-0.95,73.3,open,4705
2026_2026-06-05_ATL_PIT,2026,2026-06-05,,77.47,2.43,-0.7145,59.7,open,4705
2026_2026-07-02_ATL_STL,2026,2026-07-02,,90.7,3.63,-0.007,47.0,open,4705
2026_2026-05-12_ATL_CHC,2026,2026-05-12,,66.5,6.5,-0.95,55.0,open,4705
2026_2026-05-13_ATL_CHC,2026,2026-05-13,,72.3,6.3,0.7034,54.0,open,4705
2026_2026-05-14_ATL_CHC,2026,2026-05-14,,68.0,7.77,0.9521,30.7,open,4705
2026_2026-07-30_ATL_WSH,2026,2026-07-30,,83.4,7.63,0.9954,43.3,open,4705
2026_2026-07-03_ATL_NYM,2026,2026-07-03,,82.3,3.13,0.9816,65.7,open,4705
2026_2026-07-04_ATL_NYM,2026,2026-07-04,,85.07,4.1,0.1271,64.3,open,4705
2026_2026-07-05_ATL_NYM,2026,2026-07-05,,87.77,5.17,0.9342,57.7,open,4705
2026_2026-05-24_ATL_WSH,2026,2026-05-24,,73.03,4.9,-0.8261,86.7,open,4705
2026_2026-08-01_ATL_WSH,2026,2026-08-01,,83.3,9.37,-0.6807,70.7,open,4705
2026_2026-08-28_ATL_COL,2026,2026-08-28,,78.73,3.97,-0.986,74.3,open,4705
2026_2026-08-06_ATL_MIA,2026,2026-08-06,,76.67,5.07,-0.8181,81.0,open,4705
2026_2026-09-22_ATL_CIN,2026,2026-09-22,,79.3,2.9,-0.0471,69.7,open,4705
2026_2026-06-06_ATL_PIT,2026,2026-06-06,,83.57,5.83,-0.8241,41.3,open,4705
2026_2026-06-07_ATL_PIT,2026,2026-06-07,,77.1,4.47,-0.5821,79.7,open,4705
2026_2026-08-29_ATL_COL,2026,2026-08-29,,86.83,4.77,-0.972,54.0,open,4705
2026_2026-08-30_ATL_COL,2026,2026-08-30,,87.73,5.03,-0.7912,48.0,open,4705
2026_2026-09-13_ATL_PHI,2026,2026-09-13,,87.7,5.87,0.986,46.0,open,4705
2026_2026-09-11_ATL_PHI,2026,2026-09-11,,75.37,4.77,-0.7771,89.0,open,4705
2026_2026-09-12_ATL_PHI,2026,2026-09-12,,78.73,4.07,-0.6455,80.0,open,4705
2026_2026-05-22_ATL_WSH,2026,2026-05-22,,72.2,6.67,-0.9854,92.7,open,4705
2026_2026-09-08_ATL_TB,2026,2026-09-08,,82.8,7.43,-0.6428,47.3,open,4705
2026_2026-09-10_ATL_TB,2026,2026-09-10,,88.1,2.63,-0.776,48.0,open,4705
2026_2026-07-01_ATL_STL,2026,2026-07-01,,84.13,4.5,-0.6547,76.0,open,4705
2026_2026-07-20_ATL_SD,2026,2026-07-20,,85.7,8.47,-0.8171,59.3,open,4705
2026_2026-07-21_ATL_SD,2026,2026-07-21,,85.4,8.43,-0.712,63.0,open,4705
2026_2026-07-23_ATL_SD,2026,2026-07-23,,85.93,6.53,0.0401,62.7,open,4705
2026_2026-07-22_ATL_SD,2026,2026-07-22,,83.77,8.7,-0.5225,69.3,open,4705
2026_2026-06-18_ATL_SF,2026,2026-06-18,,70.97,8.33,-0.9936,96.7,open,4705
2026_2026-05-17_ATL_BOS,2026,2026-05-17,,86.73,7.2,-0.9627,41.0,open,4705
2026_2026-05-15_ATL_BOS,2026,2026-05-15,,72.5,4.57,-0.2317,36.3,open,4705
2026_2026-06-16_ATL_SF,2026,2026-06-16,,68.53,3.53,-0.9968,97.0,open,4705
2026_2026-05-23_ATL_WSH,2026,2026-05-23,,79.57,6.57,-0.9593,67.7,open,4705
2026_2026-09-23_TEX_NYM,2026,2026-09-23,,72.0,0.0,0.0,50.0,closed,5325
2026_2026-09-03_TEX_TB,2026,2026-09-03,,72.0,0.0,0.0,50.0,closed,5325
2026_2026-04-06_TEX_SEA,2026,2026-04-06,,64.0,3.83,-0.7466,51.3,retractable_open,5325
2026_2026-04-07_TEX_SEA,2026,2026-04-07,,65.47,3.77,-0.0732,50.0,retractable_open,5325
2026_2026-04-08_TEX_SEA,2026,2026-04-08,,72.0,0.0,0.0,50.0,closed,5325
2026_2026-04-03_TEX_CIN,2026,2026-04-03,,72.0,0.0,0.0,50.0,closed,5325
2026_2026-04-04_TEX_CIN,2026,2026-04-04,,72.0,0.0,0.0,50.0,closed,5325
2026_2026-04-05_TEX_CIN,2026,2026-04-05,,65.87,8.13,-0.9942,40.7,retractable_open,5325
2026_2026-04-21_TEX_PIT,2026,2026-04-21,,72.0,0.0,0.0,50.0,closed,5325
2026_2026-04-22_TEX_PIT,2026,2026-04-22,,72.0,0.0,0.0,50.0,closed,5325
2026_2026-04-23_TEX_PIT,2026,2026-04-23,,72.0,0.0,0.0,50.0,closed,5325
2026_2026-04-27_TEX_NYY,2026,2026-04-27,,72.0,0.0,0.0,50.0,closed,5325
2026_2026-04-28_TEX_NYY,2026,2026-04-28,,72.0,0.0,0.0,50.0,closed,5325
2026_2026-04-29_TEX_NYY,2026,2026-04-29,,72.0,0.0,0.0,50.0,closed,5325
2026_2026-06-20_TEX_SD,2026,2026-06-20,,72.0,0.0,0.0,50.0,closed,5325
2026_2026-06-21_TEX_SD,2026,2026-06-21,,72.0,0.0,0.0,50.0,closed,5325
2026_2026-06-19_TEX_SD,2026,2026-06-19,,72.0,0.0,0.0,50.0,closed,5325
2026_2026-07-09_TEX_LAA,2026,2026-07-09,,72.0,0.0,0.0,50.0,closed,5325
2026_2026-08-04_TEX_SF,2026,2026-08-04,,72.0,0.0,0.0,50.0,closed,5325
2026_2026-09-06_TEX_TB,2026,2026-09-06,,72.0,0.0,0.0,50.0,closed,5325
2026_2026-05-09_TEX_CHC,2026,2026-05-09,,72.0,0.0,0.0,50.0,closed,5325
2026_2026-05-10_TEX_CHC,2026,2026-05-10,,72.0,0.0,0.0,50.0,closed,5325
2026_2026-04-24_TEX_OAK,2026,2026-04-24,,72.0,0.0,0.0,50.0,closed,5325
2026_2026-08-09_TEX_BAL,2026,2026-08-09,,72.0,0.0,0.0,50.0,closed,5325
2026_2026-09-02_TEX_OAK,2026,2026-09-02,,72.0,0.0,0.0,50.0,closed,5325
2026_2026-08-31_TEX_OAK,2026,2026-08-31,,72.0,0.0,0.0,50.0,closed,5325
2026_2026-09-01_TEX_OAK,2026,2026-09-01,,72.0,0.0,0.0,50.0,closed,5325
2026_2026-04-25_TEX_OAK,2026,2026-04-25,,72.0,0.0,0.0,50.0,closed,5325
2026_2026-04-26_TEX_OAK,2026,2026-04-26,,72.0,0.0,0.0,50.0,closed,5325
2026_2026-09-05_TEX_TB,2026,2026-09-05,,72.0,0.0,0.0,50.0,closed,5325
2026_2026-05-28_TEX_HOU,2026,2026-05-28,,72.0,0.0,0.0,50.0,closed,5325
2026_2026-06-07_TEX_CLE,2026,2026-06-07,,72.0,0.0,0.0,50.0,closed,5325
2026_2026-07-07_TEX_LAA,2026,2026-07-07,,72.0,0.0,0.0,50.0,closed,5325
2026_2026-07-08_TEX_LAA,2026,2026-07-08,,72.0,0.0,0.0,50.0,closed,5325
2026_2026-08-23_TEX_LAA,2026,2026-08-23,,72.0,0.0,0.0,50.0,closed,5325
2026_2026-08-22_TEX_LAA,2026,2026-08-22,,72.0,0.0,0.0,50.0,closed,5325
2026_2026-08-21_TEX_LAA,2026,2026-08-21,,72.0,0.0,0.0,50.0,closed,5325
2026_2026-07-24_TEX_SEA,2026,2026-07-24,,72.0,0.0,0.0,50.0,closed,5325
2026_2026-07-26_TEX_SEA,2026,2026-07-26,,72.0,0.0,0.0,50.0,closed,5325
2026_2026-07-25_TEX_SEA,2026,2026-07-25,,72.0,0.0,0.0,50.0,closed,5325
2026_2026-07-27_TEX_SEA,2026,2026-07-27,,72.0,0.0,0.0,50.0,closed,5325
2026_2026-05-11_TEX_ARI,2026,2026-05-11,,72.0,0.0,0.0,50.0,closed,5325
2026_2026-05-12_TEX_ARI,2026,2026-05-12,,80.3,3.3,-0.4802,47.0,retractable_open,5325
2026_2026-05-13_TEX_ARI,2026,2026-05-13,,85.73,5.53,-0.3223,42.0,retractable_open,5325
2026_2026-05-25_TEX_HOU,2026,2026-05-25,,72.0,0.0,0.0,50.0,closed,5325
2026_2026-08-03_TEX_SF,2026,2026-08-03,,72.0,0.0,0.0,50.0,closed,5325
2026_2026-08-08_TEX_BAL,2026,2026-08-08,,72.0,0.0,0.0,50.0,closed,5325
2026_2026-08-07_TEX_BAL,2026,2026-08-07,,72.0,0.0,0.0,50.0,closed,5325
2026_2026-08-05_TEX_SF,2026,2026-08-05,,72.0,0.0,0.0,50.0,closed,5325
2026_2026-08-18_TEX_WSH,2026,2026-08-18,,72.0,0.0,0.0,50.0,closed,5325
2026_2026-08-19_TEX_WSH,2026,2026-08-19,,72.0,0.0,0.0,50.0,closed,5325
2026_2026-05-30_TEX_KC,2026,2026-05-30,,72.0,0.0,0.0,50.0,closed,5325
2026_2026-05-29_TEX_KC,2026,2026-05-29,,72.0,0.0,0.0,50.0,closed,5325
2026_2026-05-27_TEX_HOU,2026,2026-05-27,,72.0,0.0,0.0,50.0,closed,5325
2026_2026-06-05_TEX_CLE,2026,2026-06-05,,72.0,0.0,0.0,50.0,closed,5325
2026_2026-06-06_TEX_CLE,2026,2026-06-06,,72.0,0.0,0.0,50.0,closed,5325
2026_2026-06-15_TEX_MIN,2026,2026-06-15,,72.0,0.0,0.0,50.0,closed,5325
2026_2026-06-16_TEX_MIN,2026,2026-06-16,,72.0,0.0,0.0,50.0,closed,5325
2026_2026-06-18_TEX_MIN,2026,2026-06-18,,72.0,0.0,0.0,50.0,closed,5325
2026_2026-07-04_TEX_DET,2026,2026-07-04,,72.0,0.0,0.0,50.0,closed,5325
2026_2026-07-05_TEX_DET,2026,2026-07-05,,72.0,0.0,0.0,50.0,closed,5325
2026_2026-07-11_TEX_HOU,2026,2026-07-11,,72.0,0.0,0.0,50.0,closed,5325
2026_2026-07-02_TEX_DET,2026,2026-07-02,,72.0,0.0,0.0,50.0,closed,5325
2026_2026-07-10_TEX_HOU,2026,2026-07-10,,72.0,0.0,0.0,50.0,closed,5325
2026_2026-07-12_TEX_HOU,2026,2026-07-12,,72.0,0.0,0.0,50.0,closed,5325
2026_2026-07-22_TEX_CWS,2026,2026-07-22,,72.0,0.0,0.0,50.0,closed,5325
2026_2026-07-21_TEX_CWS,2026,2026-07-21,,72.0,0.0,0.0,50.0,closed,5325
2026_2026-07-20_TEX_CWS,2026,2026-07-20,,72.0,0.0,0.0,50.0,closed,5325
2026_2026-08-20_TEX_WSH,2026,2026-08-20,,72.0,0.0,0.0,50.0,closed,5325
2026_2026-09-18_TEX_TOR,2026,2026-09-18,,72.0,0.0,0.0,50.0,closed,5325
2026_2026-09-04_TEX_TB,2026,2026-09-04,,72.0,0.0,0.0,50.0,closed,5325
2026_2026-09-17_TEX_BOS,2026,2026-09-17,,72.0,0.0,0.0,50.0,closed,5325
2026_2026-09-15_TEX_BOS,2026,2026-09-15,,72.0,0.0,0.0,50.0,closed,5325
2026_2026-09-16_TEX_BOS,2026,2026-09-16,,72.0,0.0,0.0,50.0,closed,5325
2026_2026-09-19_TEX_TOR,2026,2026-09-19,,72.0,0.0,0.0,50.0,closed,5325
2026_2026-09-20_TEX_TOR,2026,2026-09-20,,72.0,0.0,0.0,50.0,closed,5325
2026_2026-09-22_TEX_NYM,2026,2026-09-22,,72.0,0.0,0.0,50.0,closed,5325
2026_2026-09-24_TEX_NYM,2026,2026-09-24,,72.0,0.0,0.0,50.0,closed,5325
2026_2026-05-08_TEX_CHC,2026,2026-05-08,,72.0,0.0,0.0,50.0,closed,5325
2026_2026-05-26_TEX_HOU,2026,2026-05-26,,72.0,0.0,0.0,50.0,closed,5325
2026_2026-05-31_TEX_KC,2026,2026-05-31,,72.0,0.0,0.0,50.0,closed,5325
2026_2026-04-25_ARI_SD,2026,2026-04-25,38.0,82.23,6.6,0.9373,18.3,open,5340
2026_2026-04-26_ARI_SD,2026,2026-04-26,38.0,81.93,5.67,0.518,21.7,open,5340
2026_2026-06-08_OAK_MIL,2026,2026-06-08,39.0,85.53,7.33,0.9578,12.3,open,5355
2026_2026-06-09_OAK_MIL,2026,2026-06-09,39.0,88.47,8.7,0.527,13.3,open,5355
2026_2026-06-10_OAK_MIL,2026,2026-06-10,39.0,96.93,4.63,-0.0436,10.3,open,5355
2026_2026-06-12_OAK_COL,2026,2026-06-12,39.0,97.27,7.7,0.549,8.0,open,5355
2026_2026-06-13_OAK_COL,2026,2026-06-13,39.0,96.3,6.6,0.9893,10.7,open,5355
2026_2026-06-14_OAK_COL,2026,2026-06-14,39.0,100.57,11.3,0.9677,7.7,open,5355
2026_2026-08-13_MIN_PHI,2026,2026-08-13,42.0,72.7,9.9,0.3795,89.7,open,5445
2026_2026-09-26_KC_CLE,2026,2026-09-26,,71.07,5.43,-0.4337,88.3,open,7
2026_2026-09-26_TOR_CIN,2026,2026-09-26,,74.37,3.63,-0.7408,34.7,retractable_open,14
2026_2026-09-26_CWS_COL,2026,2026-09-26,,59.37,6.03,-0.2756,74.0,open,4
2026_2026-09-26_DET_PIT,2026,2026-09-26,,67.6,5.67,0.592,47.7,open,2394
2026_2026-09-26_SF_LAD,2026,2026-09-26,,66.4,6.3,0.969,63.0,open,2395
2026_2026-09-26_OAK_HOU,2026,2026-09-26,,76.57,3.93,0.9988,24.3,open,2529
2026_2026-09-26_SD_ARI,2026,2026-09-26,,76.93,2.5,0.0732,77.7,open,2680
2026_2026-09-26_PHI_TB,2026,2026-09-26,,59.93,11.27,-0.95,80.0,open,2681
2026_2026-09-26_WSH_NYM,2026,2026-09-26,,64.63,11.57,-0.7193,65.7,open,3309
2026_2026-09-26_MIN_TEX,2026,2026-09-26,,61.47,9.23,-0.9999,78.0,open,3312
2026_2026-09-27_BOS_CHC,2026,2026-09-27,44.0,72.0,0.0,0.0,50.0,dome,12
2026_2026-09-27_SEA_LAA,2026,2026-09-27,,59.73,10.3,-0.4695,66.0,retractable_open,680
2026_2026-09-27_SF_LAD,2026,2026-09-27,,62.83,9.67,0.8755,69.7,open,2395
2026_2026-09-26_MIA_ATL,2026,2026-09-26,,72.0,0.0,0.0,50.0,closed,4169
2026_2026-09-27_SD_ARI,2026,2026-09-27,,79.07,5.43,0.1426,70.7,open,2680
2026_2026-09-27_PHI_TB,2026,2026-09-27,,65.27,13.03,-0.8339,82.3,open,2681
2026_2026-09-27_WSH_NYM,2026,2026-09-27,,63.03,12.67,-0.3633,83.7,open,3309
2026_2026-09-27_NYY_BAL,2026,2026-09-27,,64.63,11.3,-0.9505,91.3,open,3313
2026_2026-09-27_MIA_ATL,2026,2026-09-27,,72.0,0.0,0.0,50.0,closed,4169
2026_2026-09-29_SD_CHC,2026,2026-09-29,,72.3,1.1,0.7096,81.3,open,2680
2026_2026-09-29_NYY_BOS,2026,2026-09-29,,63.53,5.2,0.7385,78.7,open,3313
2026_2026-09-29_ATL_PHI,2026,2026-09-29,,82.0,1.43,-0.9997,33.3,open,4705
2026_2026-09-26_MIL_STL,2026,2026-09-26,,72.0,0.0,0.0,50.0,closed,32
2026_2026-09-26_SEA_LAA,2026,2026-09-26,,54.3,5.87,-0.7902,66.7,retractable_open,680
2026_2026-09-27_CWS_COL,2026,2026-09-27,,67.57,5.3,0.1547,59.7,open,4
2026_2026-09-27_KC_CLE,2026,2026-09-27,,75.2,3.8,-0.6845,72.0,open,7
2026_2026-09-30_HOU_CWS,2026,2026-09-30,,72.0,0.0,0.0,50.0,closed,2392
2026_2026-09-29_HOU_CWS,2026,2026-09-29,,72.0,0.0,0.0,50.0,closed,2392
2026_2026-09-30_SD_CHC,2026,2026-09-30,,68.63,1.9,0.9336,85.0,open,2680
2026_2026-09-30_NYY_BOS,2026,2026-09-30,,63.2,3.27,-0.4179,92.7,open,3313
2026_2026-09-30_ATL_PHI,2026,2026-09-30,,84.0,3.63,-0.9668,42.0,open,4705
